sequence,frames,fps,total_time_sec
Deer,71,225.60373625218816,0.31471109999984037
