367.000000,101.000000,41.000000,16.000000
368.092234,103.316237,43.119396,15.594164
364.931570,105.811058,43.482540,14.868470
362.621250,108.512623,45.737602,15.972298
363.885828,110.952882,45.610531,16.781309
363.902895,113.214608,45.476727,16.043257
365.382851,115.564997,44.670868,16.499569
366.160660,117.036408,45.362320,16.747007
363.799427,119.827374,45.468010,15.794228
358.801765,118.203037,46.719551,16.191139
359.313992,119.235196,45.082901,16.339819
361.055761,121.007875,45.478054,16.328014
362.084074,123.760184,46.102489,15.933871
362.078794,123.645956,45.432629,16.139286
360.661526,125.251445,45.584824,16.411127
357.357224,126.111297,45.197716,16.494677
355.344355,126.689044,46.360447,16.156900
352.935848,126.987877,45.393890,16.435501
352.061226,125.352004,45.656776,16.557039
349.641941,124.748127,45.667130,17.387154
347.791958,125.109490,45.528534,17.145399
345.999784,123.739603,46.005322,16.876980
345.768221,123.441088,46.992512,16.744839
345.448872,123.379107,46.132446,16.900263
344.100060,123.546209,47.466743,16.472340
344.650097,123.700509,47.125671,17.219465
344.103266,124.625691,47.186665,17.502386
341.886816,125.251774,48.301128,17.358849
339.793613,126.566897,46.876709,17.902048
337.386560,127.439905,48.042194,17.330441
340.578495,127.083840,46.647354,17.042067
342.346355,126.714124,46.774475,17.494436
341.795776,127.645000,46.748192,16.589012
341.763140,126.880160,47.909550,17.363230
341.145641,125.985179,46.736938,17.056742
343.587975,126.208518,47.755272,17.307528
348.169615,127.638503,47.216366,17.372698
349.565462,130.971536,47.139942,16.874601
351.613560,134.477469,46.803741,15.992571
351.024845,135.913594,46.373856,16.111212
350.356489,137.102497,46.876324,16.587822
350.566906,138.359662,47.119644,15.908911
350.221699,139.531629,46.651184,16.021749
350.636734,139.980864,46.875954,15.726810
351.389027,141.239267,47.494095,15.818540
358.606779,144.927358,47.991314,14.925283
362.321627,145.964874,48.632710,15.850922
365.532248,148.026100,48.421185,15.711625
367.639000,150.068848,47.297569,15.431015
367.939623,152.823383,48.714771,15.422203
367.348690,154.278176,47.439026,15.537108
367.955437,155.561580,47.467812,15.976603
366.319679,156.362964,47.602364,16.351297
364.813393,158.666664,48.072243,15.925888
364.248043,159.811146,48.050690,16.145042
362.739609,159.257899,48.978050,16.399805
363.179195,160.749578,48.255432,16.362354
363.082439,161.744246,47.475220,16.174381
362.666025,162.764913,47.868290,16.148794
360.756323,161.138452,48.083614,16.238523
359.899040,160.470827,48.442650,16.495129
360.521820,159.966029,49.588081,16.455500
361.278116,161.233871,48.696033,16.325516
360.280251,161.477447,49.110039,16.352037
354.814711,161.327298,48.837337,16.034872
353.439644,161.770051,48.699059,16.418852
356.365175,162.002716,48.932056,15.614152
356.763033,162.658352,49.640202,15.520362
354.235100,162.440255,49.226067,15.236358
352.292128,160.164434,48.232800,15.781437
352.005121,159.319868,48.657948,16.264820
349.665976,158.229629,49.479015,16.927919
349.493919,159.563080,48.855949,16.881821
349.766674,159.557283,48.962341,16.407482
348.437750,160.891267,48.465405,16.137068
346.646418,162.109959,47.869785,15.994697
344.711113,161.942113,49.494972,16.163427
343.127386,162.158894,48.610302,15.784157
341.133385,162.634965,49.308342,16.460035
342.311695,166.221075,51.027344,15.549520
340.736637,166.659349,51.402328,16.832500
338.677252,165.508763,50.346020,16.282110
337.590012,165.373411,48.930138,16.324604
340.670042,166.134030,49.278484,16.196600
339.925461,167.461612,49.697105,16.374262
337.213926,168.208655,48.581982,16.351412
335.906153,168.332127,50.657612,16.549767
337.884584,169.319588,50.139347,16.172012
338.074457,169.503178,50.081745,17.664116
336.645914,169.957044,51.010639,18.846975
335.268570,169.908994,50.982048,16.433371
334.823299,166.877014,51.278076,16.515274
333.803545,166.432097,51.839970,17.019457
335.039078,164.647943,50.258018,16.762783
333.183233,162.659582,51.070644,16.712223
331.304876,163.562182,50.062389,16.908976
329.592659,165.604534,51.399101,16.953819
329.902626,165.958682,51.157936,16.344690
329.962189,165.596777,51.140404,16.161945
328.396399,166.110073,50.214764,16.463707
326.436209,169.773942,51.400555,15.819165
325.663103,169.013371,50.795750,16.850136
325.104570,167.737977,52.441257,16.358564
325.581608,168.131392,52.423309,16.845217
326.279009,167.536239,52.526997,17.229113
325.481098,167.668702,51.751022,17.193769
324.804630,167.790479,53.061325,16.879004
328.795897,168.236357,50.643444,16.815830
329.992369,168.688942,51.599453,16.585434
327.433905,170.086968,50.566799,16.747953
324.580469,169.829287,52.690845,16.699154
327.522469,167.563123,51.859978,16.523581
329.632484,168.573934,52.414330,16.906820
331.129498,169.720024,52.907593,16.867767
329.941996,170.583081,52.152424,16.620367
329.805492,168.022839,53.280609,17.030663
330.109541,167.394660,53.068127,17.068697
330.992073,168.556478,53.075905,17.411383
330.643852,169.657948,53.154366,17.605291
332.362007,167.819202,52.768822,17.503044
330.760864,167.085443,53.411766,17.774929
331.129705,168.242841,52.104717,17.580282
327.655647,164.708447,53.623726,18.017248
324.343113,163.226993,53.090744,17.789133
326.661114,163.574007,52.038391,18.009594
328.131222,162.406289,52.077026,17.761122
324.994467,160.592312,53.429760,17.831978
321.602678,160.164486,53.281879,17.522957
320.146761,160.130962,53.953815,17.857094
321.873802,159.856544,54.136223,17.975647
322.170383,158.918985,53.746613,17.474468
323.362722,159.953995,53.625240,17.502731
321.245691,160.855510,54.187687,18.090433
320.565565,161.681976,54.720089,17.895981
321.489801,163.076249,54.394291,18.253462
322.928625,164.049541,54.390499,18.410378
321.823124,164.306617,54.246643,17.830370
318.660740,164.641338,54.154388,17.876961
319.655682,162.569549,53.144348,17.787386
324.557499,161.529358,52.594772,17.710175
325.454725,160.998384,53.906109,17.427504
327.767082,164.038036,53.055443,17.006401
324.493492,166.473257,52.902534,17.028843
322.671892,168.558331,53.517796,17.248589
323.364944,169.951989,54.309227,17.949965
321.631039,171.177220,54.133911,17.954077
319.965405,170.826423,53.682907,17.986650
317.643160,169.712531,55.134373,18.785723
314.590435,170.495512,55.214569,18.268177
312.949812,171.532219,54.937481,19.076569
313.528521,172.640365,56.029316,19.098528
313.108625,172.563599,54.379803,19.359467
312.548979,170.933054,55.529446,19.019772
309.682154,168.710482,55.392475,19.511410
307.910257,168.882052,54.714909,19.488626
308.468525,167.695996,54.491440,19.021673
307.572392,166.228975,54.445633,18.426693
307.214922,166.613605,55.572254,18.216988
305.437550,165.983313,55.495895,18.257908
305.864281,165.594869,56.993279,18.497931
305.792175,165.970428,58.550163,18.415161
303.729126,164.996194,57.381874,18.207960
305.323833,163.212608,56.746811,18.061218
304.977793,162.594200,56.855350,18.441315
304.473349,161.307925,58.040096,18.207788
303.141069,160.867535,57.016178,18.444756
304.866617,161.047320,57.067768,18.637522
304.803867,161.300369,58.623138,18.821213
303.297783,159.557555,58.407875,18.690706
305.108278,159.253691,57.047001,17.801365
305.841854,159.401243,57.093689,18.111820
305.059734,159.677861,57.177277,18.324209
304.128223,159.436249,57.739609,18.108414
305.435040,159.581441,57.281219,17.660101
304.041338,159.741305,58.205845,17.884684
303.967873,159.240057,57.212090,18.260990
304.601019,159.851152,58.098461,18.442120
301.921640,159.441535,58.535343,18.228029
300.843390,157.985637,57.975445,18.836466
300.216602,158.578020,57.191208,18.676449
301.107000,159.185693,58.316692,18.583158
303.316195,159.105725,57.980549,18.826147
301.658598,158.455064,57.878994,18.658384
296.883768,158.696112,57.840275,19.169895
300.436636,158.509192,56.855328,19.002659
301.778553,158.658566,58.477509,19.457924
302.381548,159.809728,58.394794,19.443457
301.227943,160.994480,59.315453,19.203926
301.145685,161.255678,56.710346,19.376812
301.841198,162.599335,57.489761,19.117386
302.905880,162.426477,58.245316,19.408550
302.991621,161.352669,58.347210,19.025604
301.265434,160.368187,58.685844,19.246689
301.175432,160.637649,59.498661,18.646959
300.395502,159.866478,59.667530,18.216766
300.863600,160.372094,59.592358,17.992445
300.551630,160.458961,59.179005,18.860001
302.333118,160.010077,58.605148,18.420567
306.790524,160.470816,58.564957,19.077290
309.069624,162.649183,58.828884,18.834522
310.226175,163.891465,58.010029,19.432783
311.323927,165.632531,57.239849,18.853971
309.818903,167.159318,59.010914,19.093229
309.188681,168.749989,58.583935,19.481956
308.399010,169.405474,58.525902,19.510799
307.532522,168.667883,57.584637,19.364643
305.813261,170.303817,59.549801,20.160570
306.116604,172.641587,59.098022,19.835585
305.590847,172.722861,59.364456,19.759768
307.715334,175.159670,59.404911,19.546825
308.899134,176.797629,58.480961,19.397081
307.514475,176.155348,58.116306,19.409992
306.349501,176.335631,59.801571,19.501787
307.137173,176.230352,60.350464,19.427769
307.756510,176.294657,58.835850,19.516994
306.834093,175.564010,60.393864,19.386431
307.192705,175.000401,59.780033,18.388342
306.617544,173.082692,60.682034,19.747595
309.296537,173.992377,59.977947,19.117006
311.957323,173.444141,59.933247,19.259773
309.125027,172.965797,60.249100,19.750488
305.714802,172.731250,60.374634,20.159723
302.991032,172.177377,60.799255,21.382002
302.203314,173.127628,60.579754,20.432426
302.531694,174.092619,61.008991,20.536121
303.596081,174.427226,59.505585,19.585215
303.961485,171.843996,61.423214,20.477947
300.397482,170.694066,61.372082,19.191397
300.170843,169.227222,60.313351,19.550133
299.863276,167.771680,60.022022,19.777365
297.007641,164.884642,62.039001,19.696384
293.109545,162.350626,62.099110,19.743282
292.067419,160.430561,61.584866,20.473625
290.481033,156.322940,62.947960,20.209864
290.551403,149.099409,60.808441,20.149265
290.383461,146.554946,62.837303,19.887651
289.665592,143.043212,62.781128,19.763933
286.516960,140.233189,62.430656,20.547462
287.902044,138.534504,60.731701,20.375587
290.605696,137.302075,62.170940,20.778891
289.601250,135.523161,63.145775,19.837452
289.228392,135.781093,61.010357,19.856211
291.811024,136.684725,60.536087,20.583141
292.371941,136.639821,61.776527,20.021246
289.430647,133.580674,62.989742,20.263258
287.226263,133.013361,61.529171,19.846889
288.430201,133.763968,60.488300,20.066637
288.095242,133.511389,62.127045,20.513752
287.140266,134.493826,60.927910,20.377583
285.748661,136.146902,61.420441,20.347950
287.019466,138.119267,61.395004,20.466164
285.057096,139.628478,60.818493,19.933245
285.990423,140.212358,62.114025,20.328869
286.337606,140.673631,62.191067,19.940825
288.823746,141.144354,63.656197,19.768299
289.229313,142.080962,62.489227,19.870180
287.467621,141.355477,62.531319,19.301420
289.140678,140.703161,63.586418,19.767918
291.403152,140.000559,63.259117,20.955151
289.422668,141.934455,63.622902,20.971590
289.007359,143.174026,64.189728,20.552965
290.877228,143.871755,65.058662,21.059851
291.506718,144.724554,64.029877,20.736607
289.439049,141.657413,63.228096,20.365885
288.641462,142.439037,63.532238,20.226723
288.664490,143.342324,64.270058,20.294203
287.490818,143.837984,64.433456,19.931087
288.017086,143.379544,64.208832,20.132421
287.205372,144.498312,63.524124,20.511768
286.300699,143.959752,63.806477,20.547812
284.155632,144.770629,64.373817,20.563112
283.426872,144.107799,63.390984,19.980143
283.633610,142.840580,64.646027,19.884697
284.678391,143.681508,63.314247,19.709677
284.866606,143.958829,63.758312,20.277761
283.329224,142.911421,65.054039,19.856602
282.740601,142.747865,64.171471,19.877363
283.390747,144.275356,64.889153,20.456947
283.674149,144.413073,64.240288,19.994030
283.143826,144.425018,63.233215,19.976929
282.538612,145.389202,64.040337,20.306007
282.655609,144.025184,65.057655,21.228884
284.165863,144.100037,65.266014,22.049332
284.018890,145.103810,65.025063,21.366766
283.779667,145.468246,65.901001,21.253649
281.427422,145.401477,64.515602,20.928186
281.239986,145.547832,66.099274,20.752954
283.934139,144.125547,66.632080,21.722980
282.747654,144.544149,65.149429,22.060658
281.266838,144.648264,65.469048,21.094631
281.248638,143.939671,66.163208,22.024406
279.502552,144.705171,66.763275,21.507780
281.221375,144.739145,67.460579,23.404232
282.068104,145.376262,67.737061,21.667368
282.354427,145.474755,66.541473,21.885847
282.467838,146.005519,66.865250,22.011042
282.583687,147.476774,67.421059,21.080891
286.036060,146.039521,67.245850,21.677061
288.199772,146.563589,68.706879,21.891834
287.351490,146.489098,67.117447,21.230347
287.406067,147.207065,67.812706,21.277185
286.504539,146.884595,67.718575,21.565451
285.084095,148.269226,68.299210,21.782043
282.848885,149.651882,68.577003,21.062782
284.186901,148.832294,67.650574,20.928995
283.972446,145.660454,68.816498,21.480713
286.618362,146.687508,69.599144,21.335129
290.432617,150.013454,70.003654,21.700722
287.705070,151.728641,69.403679,23.352762
283.637783,152.899840,67.306000,23.054659
283.162132,153.146615,69.070396,23.376127
286.828888,154.230783,67.378716,24.550488
283.596924,155.218019,68.722282,23.605665
284.247215,156.118224,68.263329,23.434786
284.976524,157.485204,68.964989,23.197821
284.342937,156.968933,69.730713,22.185562
282.696644,155.663208,70.910706,22.649567
285.122757,157.637964,70.244408,23.527584
289.003227,160.118292,71.326912,23.003239
289.830757,160.641996,70.729027,23.175724
289.740387,157.739729,70.897148,23.399586
292.942890,160.984278,71.478409,23.570843
288.532959,162.336049,72.181084,23.546377
287.694878,162.693458,70.690025,21.595797
292.504189,164.165368,70.583458,22.349073
297.496647,165.615157,71.152679,23.040850
295.735619,167.714883,72.113045,23.540251
296.709229,169.285711,70.765388,23.955433
295.855507,170.257977,70.033180,22.932213
296.472324,168.873441,70.643372,23.514929
297.364292,167.989778,71.913834,23.422819
299.184750,167.157580,73.195435,23.005350
302.039734,167.409830,71.426979,22.792385
303.410587,166.245836,70.808105,22.866024
304.549549,164.127790,71.844467,23.637196
300.778206,161.798335,73.549278,23.284845
298.735252,159.755040,72.827980,24.534475
299.381920,158.880281,73.324898,23.552380
298.264740,156.373280,73.727699,23.809013
297.731594,153.800825,73.185043,23.250538
299.274448,151.412965,73.659927,25.079649
300.025520,151.954410,73.878609,23.760294
301.718510,151.712674,73.005478,23.955008
302.237156,151.536716,72.560791,24.023600
301.018501,153.691833,73.759697,24.190094
299.447147,155.219310,72.752274,24.043482
296.052513,155.354515,73.375862,24.838562
302.093597,155.461447,73.044182,25.166721
309.992561,157.919501,73.223839,25.184313
311.490814,157.715656,73.490288,24.624702
311.003258,157.708981,72.274605,24.821419
310.829906,159.779330,73.073105,25.197336
310.335274,158.979488,74.558205,26.152199
310.225983,158.934474,74.326866,24.374170
308.156128,156.149728,73.550957,24.928694
309.784428,155.868024,74.551346,24.463446
316.795475,156.717536,74.082321,25.294786
327.000191,158.735520,72.882881,24.000212
328.240505,160.794709,74.798157,24.272322
323.436684,162.005156,74.131172,24.535328
320.566578,164.514430,74.775558,23.387949
322.279812,166.614807,73.797668,23.401642
318.470455,167.060610,73.570465,23.030758
313.958466,164.068114,75.547600,23.119539
316.141994,165.418835,75.806808,22.355019
316.243526,165.292438,74.949219,22.351038
310.834034,165.411218,75.338608,22.467787
304.080975,163.682845,76.281631,23.860430
302.361778,163.206573,75.840736,23.336365
302.735836,164.953374,77.167358,23.008108
304.040157,164.505424,76.632095,24.330645
301.827866,163.586714,76.098518,22.798222
301.322575,164.693453,76.483704,24.189693
300.448574,163.135632,76.913788,23.147438
305.074558,165.457237,77.369873,24.799057
306.012302,165.040092,76.661697,22.128128
304.909046,164.004910,77.975647,21.951180
303.497856,160.986133,77.303795,22.501001
303.458286,158.624655,77.329514,23.282642
302.462368,155.480165,79.065308,25.331709
301.764740,156.263545,80.436790,23.065622
301.137142,156.806338,79.770508,25.375055
297.574558,156.913494,78.446426,24.142113
294.494156,158.508610,80.736183,23.064705
295.199917,158.275200,80.012222,25.131165
294.316521,155.970611,81.266212,26.362215
294.097000,156.285844,80.825172,27.103666
295.874973,157.307992,81.664429,26.706724
295.143753,157.459600,80.594719,27.050724
292.128506,157.762913,80.535782,27.363808
286.859322,158.419543,82.924416,26.010324
287.108860,158.614172,81.977844,26.454258
288.020561,159.604172,83.187172,29.032288
287.967304,160.703863,83.734344,27.704395
287.133335,162.457845,82.035934,26.891256
282.640598,161.380001,83.062866,26.422005
285.491238,157.998703,80.930878,27.050323
286.522995,153.657036,81.229561,27.782440
282.705528,154.044121,82.873589,25.129898
280.200356,152.278001,83.016167,25.475355
279.645092,149.097799,84.291245,26.781605
281.382011,147.462023,83.046867,26.859722
284.726322,145.327530,82.290222,26.375305
283.686638,145.277687,84.480965,26.609589
284.757877,143.065887,82.119049,26.536530
285.651398,143.136016,81.986137,27.371706
286.148338,145.987088,82.157585,27.417150
287.282063,145.008533,82.675308,28.293344
288.175873,146.661129,82.325844,26.693443
288.587399,145.109549,81.740280,26.863010
286.148346,147.159634,83.844994,26.603203
285.778721,147.196096,82.389664,27.090351
286.437645,148.802933,83.263374,26.705551
286.748142,148.805080,82.918961,26.691368
286.608562,148.862351,82.230316,26.802412
283.773090,150.674638,84.005554,28.046034
284.038486,154.502045,83.434967,28.043655
283.705437,156.365520,83.502663,27.543772
283.467079,158.275689,83.610802,26.811445
281.041698,158.375669,83.760101,25.658117
279.579872,156.307965,86.806313,26.726980
279.962173,155.019470,85.882713,27.225037
279.063400,153.370596,87.218132,27.307697
283.058865,152.715723,84.887650,26.391613
280.642162,152.321432,86.890060,27.363758
277.339291,151.583925,86.034897,26.962139
276.552460,148.738282,87.144417,27.682951
279.669971,148.867657,86.344818,26.288216
282.451752,148.429930,85.032799,26.115864
278.668949,147.353175,85.852646,28.163309
277.730694,148.228742,85.348480,27.943670
278.542080,145.755352,85.505264,28.267708
280.599285,146.333338,85.991394,27.842648
278.857914,145.833053,86.945435,28.366640
279.115643,141.716058,87.522400,28.475111
279.884930,141.744391,86.361786,28.745043
277.785866,140.855444,84.512825,28.267658
276.158657,139.924240,84.907471,29.083267
278.019966,138.518249,86.980904,27.952227
278.696270,136.440668,87.451797,28.320644
280.051373,135.528812,85.182922,27.493767
280.021229,133.875962,84.856018,28.446775
278.016731,131.754495,87.302361,28.889982
275.704529,132.315377,88.964851,28.783171
274.771545,132.105494,89.329674,29.230907
278.420319,132.124357,87.170494,27.749012
277.560696,132.482239,88.774048,30.943710
281.579998,135.508742,87.500397,28.317400
281.643120,134.872745,90.234505,27.493692
278.902081,133.749838,92.959274,28.999775
280.883072,134.213584,90.914284,28.004869
281.493202,133.804401,89.277626,27.838783
283.295250,134.562568,90.927681,28.096254
278.153450,136.797000,95.401375,29.380411
275.462578,136.970000,96.575722,30.610826
278.507313,137.650560,92.101578,29.289867
277.712963,136.974823,96.277496,29.589066
278.054642,135.438893,95.832726,29.932226
276.277020,132.442397,97.643219,29.377825
274.954998,129.631509,100.321075,29.758757
271.701138,129.105068,101.947510,29.796349
271.624271,129.546275,99.086380,29.466822
268.694069,127.871401,98.996651,30.551098
269.714382,127.793016,99.909485,30.401226
272.436146,130.442839,99.683487,30.580341
272.042809,127.861001,101.613014,31.108519
274.614761,126.699100,102.824425,30.249672
278.594494,127.710756,99.332947,30.373913
271.571514,126.029553,103.540588,30.386679
269.850159,123.819887,105.192680,31.102734
269.296703,123.098904,106.186310,32.069115
269.367569,124.724472,105.130638,31.827927
265.939850,126.969631,104.837059,30.947990
261.227184,126.503902,101.608704,32.196281
258.647472,125.780922,105.936005,32.548737
264.365883,128.518875,103.113503,32.460281
266.027531,129.774328,104.788925,32.123997
261.058331,130.365427,104.319977,32.480404
263.640377,130.429790,103.995544,32.119774
263.880497,131.393085,101.582504,32.115364
263.304626,132.932995,101.150566,32.118736
268.601738,133.079805,97.542183,33.283611
270.076981,132.434467,101.473656,33.067665
264.968773,135.335209,102.453041,31.746498
264.035168,142.973751,106.870239,31.596184
269.279800,145.742018,100.011070,33.609974
269.412376,146.409449,100.148720,32.337399
270.666004,150.259180,97.193985,32.383053
266.969879,149.852122,107.833427,31.991358
270.583408,148.939655,107.251663,32.011818
286.607361,153.286739,97.739922,32.912743
279.997097,152.744478,108.238434,32.516705
274.661892,156.189160,98.112213,31.845572
272.883125,156.252079,101.932014,32.394691
270.143566,158.757511,102.438354,31.546822
263.369972,158.587358,110.086159,31.644054
259.898556,159.629010,113.203003,31.514578
267.014896,159.322485,103.545914,33.489597
269.244202,159.999508,103.349602,33.116936
275.411739,161.051929,94.601410,35.015999
264.405434,163.490044,108.127876,32.919312
267.425598,164.868395,103.355186,33.428570
266.502056,163.557428,106.117218,32.949459
264.334480,164.044975,107.832100,33.189850
268.359974,165.153025,100.071274,33.292263
273.016483,166.953510,93.909561,32.451180
269.516869,166.183277,101.860878,33.419167
268.399853,166.530575,105.766113,33.707512
266.482475,166.338354,103.737312,33.280521
268.750927,164.041609,106.581635,34.637012
267.164757,163.396355,108.081734,34.385956
265.223011,163.150414,105.624344,33.182404
268.766445,160.388599,94.714935,33.702370
266.082981,157.125235,106.253586,34.550846
268.539215,156.635387,103.548027,34.348595
270.670773,153.826542,105.959747,34.549232
270.406780,150.190929,96.772614,33.257713
267.140228,146.030813,96.357201,33.133427
265.971786,142.965567,100.530479,35.068851
264.613049,141.920452,89.284149,32.518791
265.165382,142.597782,104.735359,31.840187
266.768188,143.607370,102.769402,34.986629
267.344616,146.140139,100.335846,33.799206
277.677174,145.905437,77.657028,34.269096
261.251198,148.123396,105.509636,33.579945
264.214596,148.813496,99.926224,35.914375
263.632099,148.502829,104.442047,33.428471
263.068512,149.130480,100.111244,35.386822
259.230663,147.958574,101.898239,34.045330
272.376724,148.148144,82.842537,35.121330
255.119946,146.285954,103.018082,34.198799
253.315662,144.757923,100.415405,34.706734
253.434349,144.313440,100.160301,33.765774
257.554668,141.567709,96.920059,34.820255
258.847061,142.706436,96.243721,35.633163
253.245411,141.880053,101.363617,34.176586
251.980160,143.627790,101.169449,36.933613
251.508228,144.584888,102.407410,35.082802
250.158302,144.699972,103.503288,35.324619
250.626183,143.566650,109.841026,35.775070
252.468151,144.384674,103.334946,36.099686
250.992229,143.632051,103.414474,33.903210
251.372253,141.608105,110.194405,35.857231
255.251896,140.599821,102.261505,35.918690
253.512009,140.351057,104.820747,35.353535
254.330666,140.020632,105.773247,35.757580
253.198074,140.279940,103.361885,34.517834
252.629143,141.306389,110.052544,34.701050
257.700558,143.077688,103.747910,35.581150
262.267242,143.255650,93.034889,34.126503
249.327557,142.660563,105.793777,35.611355
249.567333,142.340101,112.217850,35.768085
250.913574,142.796625,107.149818,35.952633
250.950699,142.949427,109.219582,36.339809
250.974987,143.286840,106.254837,35.380589
248.591293,145.094007,109.400520,36.568958
248.683674,146.156000,106.496521,35.759274
247.473541,145.886942,108.715431,36.321621
247.079220,144.992367,108.190781,35.952110
264.032265,147.908245,77.182091,35.216179
251.332478,149.096619,100.904510,36.339127
252.021431,150.887512,99.773735,35.972641
238.862034,149.844242,112.417511,36.108223
243.961998,149.844843,107.872612,35.753506
255.808052,150.510431,96.422905,35.499905
239.554245,150.619574,113.715553,36.243076
241.742180,149.994429,109.273033,36.110249
240.223663,148.550148,110.145393,35.297241
236.098507,148.816360,113.784073,37.514511
240.615955,148.499903,110.930054,38.282711
241.890133,148.956841,112.716599,37.501678
243.735153,149.304085,111.348885,37.751465
244.492790,149.570061,109.648949,37.234100
241.775764,149.716059,113.372063,38.133053
242.303307,149.464584,111.701469,37.307266
242.148151,148.543571,114.291260,38.122711
247.113380,150.821028,109.043205,37.669636
257.242798,151.606613,97.502113,36.492386
241.205006,149.882977,114.721863,37.694664
241.773006,148.654160,114.142227,39.287064
244.851494,149.727076,114.459160,38.191372
258.237503,151.514055,96.860970,37.537243
240.697491,149.583227,113.513229,37.480930
241.395859,148.514330,112.222145,37.884899
245.247780,147.737698,106.386955,37.150719
252.024048,148.450994,93.589058,38.392399
266.225685,150.301283,74.399895,38.293903
237.382904,149.270863,119.118416,38.542152
243.779762,149.429647,104.790947,37.792057
246.724537,148.303650,104.466034,37.124008
236.140827,147.722803,110.966309,37.754513
235.544788,145.708961,116.188904,37.917572
236.436790,144.318733,117.086205,37.473541
234.577591,144.401789,118.205574,38.523586
233.544205,142.679195,116.011848,38.176811
232.938766,142.595394,116.305214,37.969963
235.222416,139.360258,116.066650,38.076374
236.498825,137.069242,116.801460,38.342945
234.855106,137.053606,119.571411,40.192822
234.040966,138.414465,117.293350,38.917912
232.420750,139.223827,117.004059,39.059868
236.360035,138.490871,116.207428,39.878807
238.163902,138.967983,117.900322,39.943047
238.548950,141.318232,115.626442,39.712154
236.324833,141.599569,115.306335,39.439732
234.004341,141.877874,120.503990,39.398045
236.309971,141.419516,118.708405,39.214115
235.760750,140.483242,119.841820,40.336723
237.938068,138.437050,117.317078,39.944397
237.459446,139.620876,118.209991,39.516136
235.218189,140.935255,117.884186,39.777393
235.379784,139.418808,118.519859,41.368484
238.020790,137.387814,118.827019,40.752953
242.413288,139.029026,114.723877,40.441353
237.982510,136.897198,119.294968,40.905785
236.124714,136.343534,117.998840,40.632587
235.321529,135.743397,117.574600,41.156898
233.607750,135.911882,119.374199,42.175976
231.972122,136.466026,120.481483,42.563324
230.194038,135.205500,121.216057,41.854733
229.732811,134.022226,119.615715,42.787807
228.975407,135.318420,121.194458,41.815140
227.975803,136.065170,120.604034,42.147873
226.532444,136.173973,120.674500,42.142365
228.658737,136.053757,122.736885,41.272110
229.985516,135.670609,120.338943,42.285660
230.528442,136.874086,117.117744,42.336193
227.630260,136.381109,113.186508,42.367161
227.339233,136.717028,121.224037,43.229473
232.437057,137.174782,120.180367,42.379272
236.426636,138.168045,119.377052,42.074783
241.030472,145.125393,103.532997,36.236107
231.087440,140.457058,124.020500,40.231133
231.919456,137.891062,120.082390,40.534634
231.492058,134.748810,123.779320,42.597397
232.090347,134.681957,119.691322,40.061668
231.151211,132.356531,122.783829,41.116116
230.062038,131.772839,120.787918,39.560875
229.462791,131.567019,121.954979,42.297832
229.553631,132.870306,121.520584,41.492558
231.150620,131.176153,120.836372,41.365665
228.621445,129.512552,121.857338,41.530972
224.610649,132.205952,121.809105,40.650307
222.979141,129.314613,123.137550,41.736542
224.702629,131.251245,119.759544,41.636288
224.621708,131.095453,123.575134,42.483974
224.825935,130.701729,123.097984,41.790710
223.691265,130.845387,123.302536,42.165291
224.484646,132.312859,121.023697,42.058075
223.537827,131.707991,123.492073,41.302357
223.508358,131.821936,123.379898,40.804142
222.978413,129.671301,123.995239,42.537510
222.600777,130.370186,127.608299,42.315125
222.953308,127.973700,124.652992,42.274418
222.986847,127.305737,124.154366,41.091606
223.947533,127.767565,126.654808,41.013439
223.487629,127.846653,125.953766,39.463112
224.420475,126.197290,125.562073,41.196133
225.347267,126.553120,126.152336,41.022194
223.592819,124.551863,125.875801,40.776722
220.845924,124.381483,125.192162,40.186970
219.399418,121.611559,128.336792,41.520824
220.252636,119.862995,129.406326,42.776436
221.085400,120.866381,128.580429,42.376812
222.787502,120.907606,127.542221,42.219959
217.955235,117.775137,128.820679,42.191685
216.245625,118.816607,128.352051,41.327770
215.023624,115.545233,129.347900,40.701572
215.585247,112.996033,130.323318,42.735123
215.252407,111.898230,129.373062,42.702824
215.786381,109.423063,129.579010,44.069782
214.553806,110.601048,132.413757,43.240730
215.753819,107.874689,129.692810,44.423977
214.927052,109.443836,132.584717,43.710182
216.294453,110.019255,132.181763,44.639271
216.964756,107.281076,130.349976,44.282040
212.927181,105.987293,130.682236,42.323250
210.584133,102.905396,130.330704,43.599838
212.379704,102.724247,121.970825,43.334663
208.821491,99.437166,133.294189,44.670788
210.307865,96.542633,129.609802,42.993271
208.928936,95.388914,134.059860,44.031116
209.756962,94.695738,129.352783,44.110828
207.599758,94.336077,133.604691,45.404797
207.072735,96.553286,133.284866,45.094433
208.076466,100.342104,130.604950,43.678570
202.850620,99.725056,139.268127,46.723915
206.557087,102.186720,133.247528,45.052692
201.824429,101.119230,137.110977,44.969135
203.556377,103.549202,135.924881,44.808868
203.507397,101.243809,135.640244,45.181190
200.467976,99.053177,136.343658,45.319870
200.869228,96.691883,135.594742,45.350868
202.770588,95.439371,135.518341,45.410488
200.913044,95.209246,134.851013,45.370251
196.956814,96.962887,137.013138,44.399590
199.928860,96.209118,136.941574,45.270134
201.513912,95.949648,137.070572,45.242168
199.042873,97.879902,137.402237,44.939369
194.362125,98.894140,138.112305,45.367863
193.742016,97.611433,137.245712,45.334888
192.900463,98.884863,141.011185,45.939915
195.248234,100.277496,139.257202,46.139450
195.139172,98.865314,139.807968,46.119423
194.670589,98.472254,139.044662,47.468716
191.964687,97.477510,139.619492,46.548931
191.664570,96.560274,139.206055,46.339153
192.845516,97.664227,140.907578,45.672874
194.477032,96.069233,138.175125,44.864143
192.582401,93.914064,140.112976,44.756634
194.949429,93.746115,137.610001,45.213108
193.342113,92.007044,137.984695,45.261196
193.297596,92.263586,140.370544,45.096195
198.185719,89.898252,137.095032,46.922321
192.538372,93.154266,145.895340,45.471176
195.814144,93.479189,141.434097,45.651379
192.239292,93.254433,142.763519,46.444000
191.891605,95.058975,142.353333,45.545578
195.295109,95.848366,138.966278,44.970856
195.905048,97.710793,141.666260,44.838318
196.231327,99.463842,145.028625,45.190220
196.008839,100.318115,141.062469,44.249954
193.007107,101.352552,141.222366,43.940022
191.140347,100.539946,141.875229,44.582752
188.648067,100.790382,144.324661,44.085938
186.603176,102.276094,146.613724,45.967724
188.294559,103.687725,145.699249,46.847404
186.991932,106.623531,143.686279,44.962090
190.644009,108.335197,137.997787,45.331055
189.013058,109.717010,142.022354,45.185349
188.636692,108.898645,144.294098,46.389645
202.052097,110.230036,127.500061,45.028683
199.754925,110.970783,131.932449,45.801033
194.958767,111.137098,134.761856,45.016468
187.211987,111.560839,145.381851,45.702770
215.354660,115.221987,115.026863,45.754803
188.564877,113.917160,146.418045,47.576126
194.190502,115.248535,137.083023,45.681137
184.575138,114.473019,143.192566,47.220360
181.278088,117.645195,144.346054,46.679626
209.904892,118.489544,113.336220,48.936974
207.650490,119.609034,119.842400,49.088558
191.407520,120.627279,140.048798,49.660343
211.478260,121.284895,121.990021,50.088062
196.196560,123.125383,139.766068,48.812511
189.631191,124.582697,150.430557,48.967587
215.634502,128.698608,123.443405,48.677353
216.932896,130.930218,124.149536,47.606773
208.168339,133.081264,141.593140,47.540916
205.786266,134.699722,145.105453,49.241776
197.743702,136.688576,151.582611,48.052917
224.969868,137.246983,121.156097,50.384407
209.353893,137.440960,138.462753,49.934959
198.815014,140.078638,148.533249,48.389553
211.209805,137.423042,137.507095,48.672333
198.068508,134.656641,149.573959,48.569668
196.429111,130.363256,150.427826,51.050968
197.773937,127.925508,150.922623,50.332958
203.957821,125.516357,144.145798,51.012466
194.634754,123.168625,149.983276,49.619583
207.633533,120.475277,134.180847,52.216270
189.569096,119.135260,152.312927,50.858829
201.495770,116.644009,137.130051,52.017845
193.759945,118.037567,143.942032,49.632523
197.720798,116.892822,141.378998,51.500534
190.504322,113.664690,150.751404,52.749767
183.353840,111.170139,155.494354,51.429573
183.313358,108.002445,153.443878,52.703529
188.722912,108.210278,147.059219,51.967674
182.681835,107.297653,154.599380,51.280930
196.452869,106.892225,141.501190,52.776814
188.409397,107.097721,155.252808,52.034737
211.432888,108.162762,128.658920,52.346886
199.209187,108.547384,140.424316,52.405766
193.654385,110.014971,147.276016,51.247295
211.610355,110.839855,131.768921,52.304558
188.149136,107.584967,156.219254,54.540867
202.235920,113.326157,135.082611,49.960983
178.446598,111.522039,157.330505,52.671696
202.953068,112.978018,129.328674,52.237217
178.771877,112.638977,159.708115,51.216080
184.669086,108.094875,158.599243,55.786156
202.382069,110.943159,133.686798,52.840809
177.636829,108.419325,158.901215,53.973866
170.298969,104.625603,164.026642,52.313873
169.719326,95.947733,160.891830,53.104336
168.014431,92.386919,161.553024,55.774548
167.930798,89.282534,162.270554,56.945660
199.898640,92.655188,126.747284,53.598606
169.279003,88.147396,161.594467,57.266624
197.481335,90.764683,128.008774,53.794991
167.824375,93.713608,165.786011,53.161057
201.318874,96.361574,128.288803,52.536449
170.474499,93.730297,162.516037,55.596519
179.428402,93.834805,153.155777,54.854271
165.335316,91.653389,168.366455,56.297577
199.230076,97.408245,132.420624,51.873680
166.851093,94.730129,168.117004,55.635490
192.041981,94.766304,136.262177,54.494537
180.913403,96.589901,148.376541,54.928429
164.765858,99.987417,169.788300,56.054050
200.817608,98.994450,122.648361,56.184425
162.234867,96.775581,170.915100,55.921234
189.649906,94.623642,142.338501,55.731369
198.695827,96.466274,131.236374,54.573418
158.159618,95.713873,175.018631,55.213017
158.842175,94.294088,162.899460,55.573612
159.543674,95.238567,169.057983,54.226158
153.921574,93.574030,168.186890,52.231655
145.168858,87.763477,173.430420,55.188271
146.657246,84.045340,174.016785,57.049137
163.273968,82.891781,159.708633,56.703484
152.136623,84.952450,171.322433,54.461449
158.919155,83.825695,177.706680,56.047173
165.145519,87.350267,171.567520,54.472637
175.095585,84.780931,167.584900,56.912548
175.916897,88.292603,168.024521,55.014755
176.669514,92.861723,167.657593,55.410236
188.533283,95.797733,164.025635,55.559853
187.036427,96.973438,170.530334,56.054329
186.438335,95.748785,172.213608,57.202518
185.916134,97.420467,177.328384,57.205681
188.269848,95.338078,173.795181,56.717018
191.220806,97.631868,170.216843,55.288616
185.898411,93.207989,178.368958,57.211357
185.181576,88.678902,178.944260,57.848969
187.544308,92.352119,178.643356,55.414398
192.357708,93.372026,176.809921,56.159222
201.694012,95.063938,173.009872,56.337013
212.277683,99.139126,161.857147,55.009697
198.363102,100.482563,178.466827,57.074989
199.281330,100.496923,174.985901,56.831577
200.856487,99.904209,175.310410,57.989265
199.497097,101.840734,174.199844,57.545078
195.047955,105.176044,184.052750,56.439522
207.286945,106.741457,173.610229,56.435467
199.165531,105.940176,181.870148,56.446293
208.338039,105.097965,175.014633,57.045662
200.591877,104.356718,182.367493,56.716022
196.288189,104.113916,182.714401,57.495358
191.274502,104.168699,184.578720,57.528553
187.792370,100.949505,186.364548,58.834099
189.282459,102.640839,187.199677,57.982010
193.307339,101.131687,183.388443,59.759895
194.287113,101.060616,182.874817,59.183228
188.020817,97.043125,187.507202,60.546883
192.807796,97.780884,181.875870,59.848953
183.959248,92.297625,191.498444,62.752239
189.131443,94.478495,181.926941,59.660702
183.903805,90.418444,186.497940,62.814129
184.711834,88.254955,185.567062,63.284172
188.525822,88.620306,183.545288,61.960209
187.576496,91.121962,181.723663,60.314747
185.566669,89.194736,187.014740,62.641609
184.865490,92.851395,182.463242,58.756821
186.824360,91.485460,187.512970,59.767620
192.628902,88.756456,182.293594,61.599712
185.725254,87.276981,182.756348,61.405342
186.626102,86.651134,182.121216,60.496025
182.973621,85.944126,191.640167,60.612129
181.008236,82.485630,193.899063,61.249397
178.133396,82.204512,191.356628,60.940418
179.449795,81.711945,191.834976,62.422134
177.750950,84.935207,189.715332,59.262596
174.322453,83.875139,190.993652,60.205791
174.421627,82.532743,191.740189,61.554585
172.918041,79.672691,192.606003,63.078278
176.863941,81.060173,185.497162,61.002167
174.108433,77.759214,190.217468,61.548237
173.549450,78.663132,187.430527,59.500168
173.991978,79.706352,188.030579,59.898651
175.536983,79.436205,187.461319,61.665569
180.531925,79.803123,184.469360,61.914642
182.390247,81.749615,176.521759,59.269524
173.031887,79.948114,187.174118,60.497036
174.356762,79.235029,188.207657,61.693958
174.650990,78.926311,187.500366,62.990044
172.031269,80.758463,191.332092,62.665218
171.605434,81.538679,192.364609,62.896168
173.732510,83.458797,189.976486,61.234825
171.704044,84.505884,188.210846,59.582485
168.983837,84.024199,190.387283,60.077168
165.617947,84.007757,194.234238,59.751713
168.717159,84.019730,191.935104,60.880478
164.489552,84.927490,195.784424,59.681595
166.309101,84.445908,196.340210,61.795090
166.214390,85.338438,192.950348,61.106342
162.539150,87.631098,194.732773,61.459194
163.198772,88.887564,191.691422,62.952976
163.278217,92.020584,189.280762,61.638474
158.935627,93.608051,195.021973,62.279030
158.754147,94.611265,193.929977,62.947102
153.536968,95.337124,192.117264,60.711510
150.191677,95.511633,196.536423,62.344852
152.586132,93.758511,197.822342,65.341881
153.712322,93.127766,194.878922,65.859169
158.202213,94.231024,185.573456,63.378300
153.218563,94.693619,188.153549,62.448044
152.023670,90.628883,199.895203,66.659607
157.099606,92.509777,190.335068,65.022881
148.412594,93.413321,199.379074,62.776096
153.685131,90.896896,198.794266,65.754807
151.966244,90.056492,200.966476,64.186836
152.916203,88.953941,194.765533,63.410980
145.723217,85.509113,205.379410,66.104164
166.322109,83.407223,187.704453,68.456871
161.058933,82.865826,201.870758,66.792046
159.667637,81.962093,204.971649,67.658897
159.075954,81.267578,209.245468,68.007217
160.623066,80.958691,206.856201,68.654533
158.534809,81.052902,208.801331,68.818649
163.755466,77.098011,205.411713,69.561256
168.709156,76.182457,200.510620,67.197357
164.646435,77.001698,204.619095,66.880226
162.401447,76.037865,207.393372,67.212433
157.502583,76.847095,208.465759,67.187111
178.013309,77.527824,186.608490,64.930695
164.769810,78.011620,203.551483,64.703339
168.269474,76.877518,198.776703,65.141708
166.402767,74.795601,197.494675,65.179504
169.610363,75.799438,191.681717,63.041153
157.518894,73.665533,202.706390,61.910038
159.884609,72.799810,196.307785,63.024418
156.254452,69.456650,192.907272,64.088547
155.137516,69.488323,206.074310,65.779655
150.436016,69.270836,206.626907,64.041290
150.418736,68.946342,215.634552,66.429657
153.094265,68.701225,207.161606,65.959991
163.070370,69.784279,190.122055,66.162476
153.235859,71.220619,201.175964,65.305298
157.515430,71.815979,188.682556,65.994888
148.014973,71.107414,212.925781,68.065887
149.770123,73.126545,207.419449,65.691261
155.433620,71.000767,181.036301,65.100166
145.870266,69.561226,216.107590,67.776855
173.969044,73.413334,178.543518,66.693550
143.804546,72.285557,214.761307,67.135567
156.717808,74.489632,194.537994,66.333191
142.892262,69.960468,209.559082,67.555885
143.049198,71.725624,214.561249,69.417786
145.665363,72.212795,190.718445,65.624290
136.982517,69.598141,215.350067,69.128380
137.591419,69.991966,216.284119,68.072540
136.742710,70.244324,217.868011,68.328445
138.817394,69.741776,215.810074,67.741013
143.025723,70.392967,207.213974,67.057343
129.642574,70.624969,221.160934,69.238052
162.849720,72.349007,186.198792,69.479675
133.638187,72.675358,221.246918,69.122444
158.484417,73.579018,190.334122,68.859131
154.770306,75.943691,188.201675,67.417931
141.521473,75.575760,219.048157,67.788681
180.190014,77.596371,173.243912,68.048058
172.214954,78.601284,192.985718,68.939476
154.416325,79.078739,208.787445,68.812386
187.146908,81.278393,174.826401,69.045464
158.422138,83.347149,214.949585,69.512627
154.281239,80.997032,223.628418,70.580048
164.346279,82.430737,205.433945,70.874992
186.670444,85.722740,184.127655,70.883392
173.053593,87.839058,199.829376,69.125549
156.043789,89.679543,220.648788,68.248474
154.749332,88.591396,224.366241,70.087608
151.693859,80.809261,226.617325,75.984764
157.980480,89.269512,214.048965,69.404167
148.674473,84.865704,224.331696,72.092827
160.014370,89.972572,211.288254,68.726746
148.240696,89.828522,222.952240,69.443680
140.433392,88.152603,225.100906,72.221786
139.953022,91.003109,220.058655,70.365074
139.046406,87.380142,225.727051,71.826950
136.405689,88.819862,228.249634,69.161011
132.215748,87.583500,223.804077,69.866402
129.488064,87.725071,230.017441,71.869331
139.050518,90.150375,214.283707,72.136703
131.308994,89.452023,229.881561,72.924950
131.388241,89.901657,231.122971,72.068771
125.652851,90.037319,226.982239,69.567833
122.911533,89.153130,229.103973,69.506622
124.759731,89.320824,236.239731,71.691315
126.245525,89.715240,232.976028,69.809402
121.466724,90.323284,232.592102,69.989433
120.998089,90.702003,238.046890,71.311218
124.247082,90.866295,231.299332,70.247589
123.033863,90.277012,230.142761,69.635933
119.916096,91.394688,230.639221,68.022652
119.125271,90.703468,231.295578,69.773315
122.582310,89.430244,230.903107,70.893921
121.505863,90.182285,232.571075,70.432014
119.120739,90.364265,238.426590,71.593384
114.957287,91.058327,235.143814,70.726807
113.884220,90.559406,229.288849,71.132118
120.221485,90.380627,225.510132,70.702751
116.184002,92.056690,235.876236,70.648293
115.436245,93.020817,235.009140,70.763435
111.682171,94.317631,232.350174,68.394112
110.012432,93.062607,231.170486,70.341537
106.278500,93.830395,242.218246,72.694267
111.597202,92.098236,230.750458,75.060379
109.734180,90.086567,232.319092,75.356300
101.619091,87.247562,237.091385,77.578377
100.632473,88.001431,236.090988,77.202721
97.270748,86.490780,237.292648,77.466820
97.492794,89.675606,241.185898,75.382751
105.036198,90.562393,239.112396,72.542709
103.819447,89.543282,237.214600,72.850403
95.191242,88.142807,237.428894,74.544174
95.562328,91.946819,247.647110,73.465752
100.421146,92.082699,234.989532,73.161034
96.878712,89.325130,240.960999,74.813560
98.666538,91.069931,236.038544,73.696884
93.340321,92.426929,240.227722,73.982582
93.717091,91.112473,237.309082,74.128952
92.818356,91.848316,243.072678,75.113136
94.114597,93.515892,235.258392,70.241852
91.281513,90.733616,241.658386,77.810555
93.220089,92.561798,236.550827,72.590591
87.397366,93.436489,248.228745,76.484215
90.228901,94.490986,237.251404,73.961037
90.904217,91.910213,238.049576,76.235863
88.699665,92.576107,242.479980,77.914818
90.260761,94.206440,236.963501,73.825722
86.151539,95.804321,241.732605,73.176163
87.083454,92.974422,240.633362,76.085228
84.838589,93.440346,240.616074,72.871155
82.669796,92.235855,243.755966,78.754684
85.358318,92.148281,244.682755,77.561913
84.358852,92.729916,243.818283,75.625694
82.461231,94.086231,244.588745,77.623634
86.704479,94.820412,245.013077,77.258057
85.738338,92.140350,242.602524,76.907364
83.332409,91.956413,243.667435,78.691071
87.241940,88.908340,241.726181,79.439133
85.837070,91.229160,245.731903,78.115547
83.954601,86.995476,246.718094,81.383820
88.378445,88.669254,243.073044,80.132332
89.192814,89.471157,243.288300,77.711388
78.092724,85.590443,244.533463,80.529213
79.172077,86.054848,249.539490,82.063232
83.558125,88.442589,248.451111,80.823639
83.495243,90.732975,246.350739,79.904060
84.024540,91.826626,245.507111,78.310875
82.126820,89.979847,248.643799,78.500343
73.767803,87.479965,254.759537,79.266769
76.563419,89.182655,250.052032,75.639343
74.690899,90.825020,254.397415,78.453308
74.390247,89.891850,250.274902,77.810555
73.066486,90.783554,252.454834,79.202133
76.313190,90.536808,252.507996,80.634163
74.830074,92.410915,250.502304,77.728294
68.530910,91.437485,255.072189,81.895615
67.402042,91.413986,256.782257,81.171616
67.718662,88.428581,260.188263,83.221100
72.916340,90.637951,249.602539,80.987602
64.707813,93.156998,260.729309,80.280930
64.618015,89.916195,258.663483,86.117027
64.185459,95.236786,259.985992,82.244461
63.786732,93.792828,260.517151,83.931816
60.674564,93.289722,265.800873,83.950844
64.155964,96.446815,261.550110,82.310730
64.633549,97.984940,259.741913,81.036057
69.441242,94.732979,260.007507,82.118286
82.561253,97.556499,236.852142,79.836113
66.557621,94.791512,256.086090,79.736694
68.391964,99.263084,250.150253,79.151215
66.187092,90.716080,262.715088,87.470261
96.730190,98.743462,220.983139,78.953522
68.781673,95.604031,253.900253,79.507042
63.581318,95.962360,267.658630,82.256996
64.599796,95.227570,260.749725,82.626907
67.102055,96.594925,251.962738,82.278366
58.377522,93.744770,264.698975,86.941139
59.464024,98.979931,261.717010,82.000359
64.968494,99.947952,253.873718,83.055710
58.526966,98.511227,265.589417,86.003868
54.333897,101.420391,260.222260,83.252007
54.983021,101.679604,267.203064,83.835388
68.087437,105.386829,246.114716,81.933205
51.993427,92.621948,271.636292,96.359146
87.693951,104.401680,222.048294,81.270752
50.793842,98.019081,263.584045,89.394653
65.678761,105.744091,243.547607,82.773369
52.222050,104.925529,262.187042,85.107452
77.457592,108.236103,238.318436,81.082314
43.140232,102.366398,272.390839,86.127876
78.534489,107.770199,234.143463,81.424095
41.495518,97.832977,276.595428,93.598404
60.464489,107.986469,254.833267,81.538368
61.919842,108.704456,254.719559,84.235756
50.744968,106.723579,265.335480,86.044800
64.421093,102.905735,235.436783,90.586739
69.514118,106.856106,238.408264,86.549095
62.388859,106.082619,242.416046,87.992859
72.331684,107.061016,228.314697,86.260918
63.899586,107.384384,236.624817,84.192734
63.768726,103.622829,241.949036,85.543724
66.345371,105.183056,240.364044,86.083183
57.023373,105.377998,242.987839,86.737427
47.120487,99.998188,264.422211,90.332497
47.593266,99.687607,262.038116,88.068161
65.145985,103.355576,232.424805,83.941086
45.879200,101.797661,268.308167,83.154022
62.445072,104.300579,235.283417,81.985649
57.813084,103.929344,250.150726,80.833038
52.877125,102.667099,241.226379,82.554367
43.116215,96.528625,266.814789,84.989761
46.001102,99.155571,264.087799,82.197418
41.425373,99.254166,261.267456,82.547226
37.372791,98.261734,271.809326,83.202194
46.056118,98.637699,254.662949,81.259163
39.953220,96.359962,273.658844,84.406433
65.802952,98.381660,239.317474,83.608337
53.259327,102.802700,258.572998,80.518761
61.102985,102.070461,231.654175,83.765831
63.129803,102.259819,245.820145,83.826630
64.455097,104.122524,235.757507,82.049278
39.118458,96.629662,277.415833,88.580963
77.864277,101.648540,225.353577,84.727898
39.450077,101.667774,266.712555,81.592873
33.125477,94.522099,278.476501,90.054695
44.250706,96.584000,266.304352,86.441757
33.390095,96.980888,277.274109,85.121552
30.298313,96.433701,287.315155,86.860397
39.135487,96.922867,267.457336,86.594650
32.495502,96.713993,267.854004,85.745796
30.022129,94.446747,286.083832,88.178421
31.099247,95.618996,287.078094,87.085083
34.890583,96.519447,270.544800,85.667175
28.772648,96.728115,284.436615,86.435997
27.382328,97.138287,280.544586,87.146172
23.846149,93.259666,283.994690,88.837738
24.680927,91.681011,286.205994,90.910271
23.627216,91.345066,292.026184,90.008919
27.461689,90.816990,283.167480,92.812263
29.909321,91.672462,281.695435,91.765442
26.656147,94.935497,281.216797,88.579338
22.821491,93.831741,281.420898,90.601181
19.116962,90.693214,287.313171,92.016663
21.334476,90.460590,288.545868,93.419655
18.828983,88.990574,292.273712,96.162849
16.542454,93.407238,287.050507,90.892693
17.090824,90.516460,284.896332,95.702080
12.780323,89.197342,292.217041,94.409836
13.988789,87.874859,288.495667,96.705437
15.296818,88.670761,287.919220,95.439682
20.584431,92.706726,289.814270,92.194351
27.006306,96.172131,286.905701,90.330681
28.496067,96.174908,285.562592,90.923027
29.740391,103.805275,281.730438,88.336975
19.422520,102.229294,288.938934,92.930466
23.520939,99.796215,285.738678,96.841606
23.231525,101.053192,287.145142,93.264297
18.226871,102.517609,291.079010,92.334732
16.178318,100.526936,294.499847,93.569801
19.011890,98.183289,290.298828,95.718033
21.198627,99.118179,285.564941,95.584152
24.637653,103.792297,285.808838,92.410599
16.955875,103.972397,295.749786,91.509628
17.100620,99.528431,293.448883,93.383461
23.322300,100.915081,286.219757,92.743217
22.856739,101.871399,289.875854,93.473404
19.278019,103.312439,286.445831,92.235245
17.803165,102.931545,292.765900,94.344566
17.677204,102.995205,291.213989,95.340111
22.252354,106.108330,287.866486,93.259125
18.343754,105.570591,301.033478,93.362312
18.700016,104.020599,293.931854,93.494583
16.295155,103.648331,296.097595,96.717453
17.554752,103.353428,299.921967,95.910286
24.838230,106.372807,287.619232,95.891975
20.753803,107.305481,293.582397,93.834183
17.829319,106.976780,299.042999,95.331245
19.039783,106.391415,301.209900,95.441368
16.364246,107.406929,298.327515,95.165894
16.407215,109.307144,299.587585,92.087936
12.419346,104.787071,305.606476,93.865997
11.525852,102.231762,303.391815,96.083244
22.915516,104.552670,293.787415,93.637535
23.030018,105.474445,292.344849,95.652565
23.101536,108.751816,264.185089,91.193771
11.383595,105.215618,306.485596,95.622917
10.308445,106.816151,309.884796,95.433998
12.812855,109.142826,306.801697,94.908760
15.951298,112.375214,305.342194,92.383377
13.475880,113.769894,302.638611,92.932335
12.844273,111.674213,303.370270,95.447548
13.374241,112.359249,299.498016,94.622704
11.604740,111.786476,304.034698,92.497253
34.898655,113.371040,289.533356,89.932617
25.657124,115.301266,273.542236,86.990868
22.728382,114.416233,282.505005,89.620735
16.335056,111.010376,302.810455,94.485245
12.194569,112.705166,312.386902,92.286095
30.980274,115.420567,272.751526,89.843391
10.760105,97.709278,313.746185,104.504372
20.172291,106.344368,295.706482,93.134521
13.700611,109.593616,301.427429,90.740761
12.881992,109.211964,307.678802,91.743690
15.453999,106.168781,297.045959,91.341774
11.193333,106.112900,312.756378,91.039597
22.482838,109.493015,290.486755,88.268501
6.384235,111.962788,309.260559,88.329506
3.732029,103.429905,315.574554,95.709419
7.884556,103.432022,309.122955,94.870468
7.057789,106.418167,308.710022,91.056198
22.746616,108.090736,283.942047,92.943298
8.511951,107.829723,301.450623,92.570305
9.752262,107.411892,310.219879,93.270287
7.536427,108.580826,302.624390,93.296371
11.330585,110.868950,303.981140,92.021515
17.329578,111.527939,291.717224,92.231186
6.034733,108.847763,287.465363,93.105087
2.692783,108.121693,314.039764,91.661781
5.063023,106.913857,306.540253,94.964050
4.782413,103.657558,309.675262,92.779625
5.253345,105.249451,306.483276,93.525589
3.498737,104.031975,310.073181,95.311127
7.456593,105.525589,307.426331,93.813461
0.329273,106.887363,309.468384,92.276009
2.600712,98.924477,317.812286,95.538147
5.923389,101.831871,303.735046,93.127289
6.752110,100.808666,314.999603,97.043205
9.655506,105.750404,305.490173,91.971436
0.343525,105.748001,318.265686,90.932968
1.312748,97.874161,321.792877,97.065536
19.546253,101.994434,292.388672,93.536537
6.744495,101.749180,308.305176,92.692879
60.809772,107.246143,235.835022,90.533913
1.651035,97.539703,307.104889,96.713516
34.817417,104.420013,267.673065,93.807205
3.594517,105.176411,314.048126,91.225258
1.725483,102.689381,314.226379,94.825661
3.882694,101.223663,310.812347,96.461380
17.887501,104.288437,296.936646,94.530380
0.000000,109.528187,306.817722,88.822182
4.041567,100.414856,313.858124,98.086746
8.346483,106.081928,301.544678,92.803078
0.000000,105.781853,320.139482,92.753326
4.675881,107.429581,304.186829,92.316208
0.000000,105.179871,317.959710,92.821671
2.946087,107.055126,304.428864,92.646477
0.221264,107.929184,318.046967,93.150803
6.081570,109.409779,303.348022,92.157265
0.163876,109.689632,317.366089,93.542625
0.000000,108.325924,306.925763,93.718285
1.405859,107.699589,312.254059,95.226143
1.114142,111.139824,301.779694,92.847931
1.936514,112.001404,314.654663,94.225052
5.410300,115.004837,299.105408,92.646835
0.615240,115.899010,305.951874,94.282990
0.511877,118.638714,312.217438,93.287163
2.344168,119.458347,305.940918,94.752632
1.644614,120.847897,312.464783,94.020164
1.049017,124.317657,297.394989,91.361954
1.919943,119.213970,307.096680,96.786430
2.311713,122.334442,304.995880,95.483292
1.515723,125.082386,312.351837,94.855446
0.000000,127.723324,295.719336,90.911766
0.000000,123.681816,299.519107,94.447968
0.000000,124.111916,312.134264,95.116821
0.000000,124.505260,303.252724,94.604912
0.000000,124.445343,310.960362,95.388565
1.549563,123.044903,305.208405,96.973381
0.000000,124.617077,304.578600,97.762871
21.601037,130.514233,250.658936,89.574699
5.927880,120.315376,300.065186,101.227295
10.862405,120.247524,309.198944,101.195702
8.428063,120.706879,306.479614,108.124954
25.785226,121.421810,278.207489,105.743309
4.485940,125.154846,331.925446,102.941483
29.119439,124.150513,278.447144,105.142227
19.314782,130.217968,265.180542,96.221916
16.627465,133.760746,295.912292,93.014717
38.766816,137.767223,252.008530,91.073051
25.220346,137.108425,294.603973,94.384483
16.415673,134.953365,313.710205,96.452049
17.457574,131.879051,312.196533,97.497772
27.457330,129.059929,272.652588,101.960663
28.863839,132.346218,303.205109,100.695702
36.061090,135.333221,272.716919,98.627274
34.000115,140.175976,294.597717,97.973442
46.835481,142.430866,250.764084,94.798500
34.075143,145.348736,294.981354,93.995659
22.091287,143.040512,296.230804,94.202682
44.082742,145.112034,276.374786,93.807320
26.524057,143.647507,272.018646,93.670334
23.522058,133.791241,313.644348,99.622307
28.402627,132.141083,290.652313,102.159927
33.409738,135.409172,274.228485,98.709198
43.495851,138.495720,254.251694,94.128754
19.680276,131.077785,296.610748,98.996727
33.849420,129.798939,281.031921,96.982399
61.176942,130.663380,229.019150,97.533241
49.447091,137.840149,254.759125,88.969986
28.683633,121.146240,271.390533,106.320267
35.371362,127.271946,272.349976,100.452156
25.758157,133.210041,299.343109,97.564491
42.122293,127.163940,282.897919,102.919510
40.793946,128.516468,250.992844,99.866493
37.882592,131.850208,282.397156,100.476418
39.784402,131.624100,273.696320,97.692062
38.976297,130.846104,266.971466,97.537361
45.508508,131.216999,282.546753,98.475624
78.420533,129.239723,214.337082,99.759460
94.363381,139.587605,219.243927,90.703346
47.246858,135.992065,251.021835,94.412552
36.148797,125.991764,298.865662,103.348824
48.945626,125.223953,271.613800,103.925461
46.500390,132.200199,266.076416,99.826546
50.484841,130.104332,270.202789,101.723175
86.687402,135.248856,185.545410,93.371323
36.306527,124.022781,288.540192,104.320297
50.797288,129.746044,243.218094,99.471489
42.128488,128.259094,268.334503,99.584244
44.366830,121.799660,291.325592,104.013733
52.317865,126.421459,237.968933,101.416008
43.098031,130.175510,279.195221,96.820686
59.908349,129.410393,226.146362,99.178864
49.677392,130.631226,258.886414,98.324905
40.022897,124.624195,272.249969,106.081337
42.791757,127.381420,242.883514,103.602837
41.918939,129.722256,257.040466,102.300621
34.482812,131.106167,284.533203,100.605797
42.794770,126.711857,248.099960,107.545052
40.089013,132.086578,267.281860,101.165543
41.304574,130.462044,248.580048,105.598633
35.141809,133.563469,266.600647,102.105377
23.842904,134.575615,299.874786,99.051300
42.704194,135.753120,233.950180,99.394348
35.721582,141.910007,287.337341,96.743477
63.301271,130.452438,213.984238,107.670395
32.412728,136.995945,291.100739,102.138924
52.421754,142.949829,214.083359,94.582718
21.401040,138.801327,307.278107,101.304222
45.715852,136.094646,242.756882,105.146843
27.299539,140.814354,294.607758,99.843353
38.120172,136.995598,266.158997,101.721344
35.229882,139.131416,284.698669,102.234314
50.845857,137.577953,239.587997,103.905632
45.355844,138.472832,264.793976,101.637604
47.326943,132.622105,295.004181,104.293221
63.359025,137.370209,228.776688,99.595291
60.102868,132.230736,244.304932,101.443268
51.965798,131.876831,281.817352,98.412979
60.134500,123.036339,282.543182,105.121918
72.792291,129.817116,241.544373,100.045654
61.950891,128.173210,267.092529,103.513702
67.296075,128.849216,287.117920,100.540474
81.460916,129.379295,232.185638,100.291351
100.905168,135.941315,211.379166,93.354935
74.093911,127.737782,253.114471,102.379494
55.864358,129.629215,293.257233,101.244270
68.784509,126.767506,271.680847,102.770668
64.677590,130.967319,258.653229,102.586678
51.883432,126.058212,289.362640,102.649399
62.532128,128.581448,266.167053,100.606590
74.668855,124.237865,253.872910,104.417839
60.862069,128.401104,265.930389,103.160149
63.485849,127.046219,265.164459,104.638474
66.804574,128.962116,251.358551,101.265724
61.181115,127.387051,274.918213,103.350609
69.808724,124.239895,269.024994,104.303856
56.904229,126.063431,271.639160,102.835129
58.333764,123.966778,257.753418,104.676079
46.061898,124.527843,290.847565,107.309502
42.219171,124.826466,309.889282,105.712624
86.615274,125.047623,207.781952,104.000107
58.395249,124.166798,249.188248,103.147072
64.875184,128.555157,245.321701,99.038811
63.922319,134.436649,247.894852,95.393135
78.386331,135.006935,235.739777,95.142883
64.536340,128.510262,267.624023,104.811523
72.668191,125.627125,249.068817,106.990883
71.698480,123.708797,238.090576,107.377708
52.023187,125.057312,275.859009,106.331619
76.756944,127.302174,236.302139,101.909523
66.082223,127.848282,281.619049,104.565475
73.735887,131.728413,243.064468,100.449684
70.946008,127.332047,269.898987,103.634872
66.983331,124.939335,256.083435,105.160957
58.144403,126.869801,258.562439,103.353615
40.918008,128.385029,299.446381,104.967506
70.516412,126.752487,274.665161,105.190475
63.894479,126.791630,252.199432,103.215523
74.946542,122.761143,233.804657,106.249641
51.876718,124.757931,274.131622,105.640770
60.795343,126.553883,251.416382,103.236916
72.197579,124.064999,228.704315,105.561119
43.191568,123.392548,269.522247,106.630936
78.640245,127.824726,230.011368,100.284889
49.296624,122.890484,270.266663,107.004021
52.503701,124.152840,256.097260,107.811279
60.756417,125.278114,252.891327,106.362915
51.925546,125.687782,263.786591,107.143372
54.080072,126.261032,271.313354,107.526718
58.005975,127.461861,287.222656,106.062988
71.186761,126.441650,268.574524,102.905777
48.203790,124.954800,284.342224,105.102135
61.821862,125.638302,249.750916,105.102684
55.554666,125.922607,259.751984,105.355667
72.709344,123.867393,234.901184,103.262787
57.547181,122.458328,251.516159,106.628403
57.376809,122.625553,255.629242,107.603035
58.242166,124.615334,265.150177,106.795410
77.944612,123.924770,238.702072,106.264000
72.170404,121.036591,247.921448,108.214737
47.350045,120.565208,283.229156,108.541107
66.955880,122.914215,272.831635,105.153091
87.959542,120.254658,262.937347,99.333778
38.874826,118.385475,314.679413,108.913818
76.893647,118.549850,253.512497,107.265610
46.539163,115.590885,308.297699,106.959969
48.271020,117.225258,273.503235,110.144348
55.340798,119.443359,262.291718,106.848221
43.447305,119.296112,302.788116,108.729141
84.266152,117.892544,226.845856,108.399254
44.779245,119.010372,287.164642,108.162437
44.613946,120.629215,304.949341,105.790291
48.334573,116.158970,299.755157,108.656563
30.611825,117.491821,310.013641,112.880325
35.635644,119.533375,305.582031,105.360023
63.942613,118.448807,235.888260,104.778549
62.085786,119.395077,248.022079,104.349388
39.352655,117.233406,309.483948,107.017395
56.783319,114.961338,282.868591,107.437996
23.410058,116.300003,305.323975,110.400131
71.220368,120.348530,242.367477,104.745216
15.739541,117.298546,328.810089,115.223419
74.679635,120.778416,257.846466,106.778755
42.867639,125.241211,296.097412,104.298538
67.340806,118.613682,233.194962,110.299812
29.463586,119.818787,316.527344,111.139297
53.848298,121.667522,251.282578,107.944389
40.590005,120.260620,303.324982,109.801956
75.148950,119.820354,211.094055,107.598320
41.393563,120.473076,286.670074,107.156830
63.903009,120.721622,250.212463,106.515205
46.077966,121.581142,275.104065,107.975121
81.755418,119.980629,240.382339,106.758789
40.269784,116.846279,276.854401,110.553551
43.184106,122.821236,292.837585,105.309814
86.335298,120.495396,238.772385,107.527351
29.395516,117.461552,303.330292,112.526131
35.281762,121.014412,328.703857,107.640991
72.076821,120.345917,261.383698,108.679703
38.981927,117.218796,270.204590,103.241440
54.338189,119.764465,286.241760,107.225418
85.465386,118.122906,208.726135,108.210442
30.530725,117.446102,315.808044,109.646019
48.074716,115.230843,316.740265,108.053589
44.348550,115.351242,308.749908,108.854538
67.531961,115.578739,270.531525,106.754097
31.122964,114.389248,292.073029,111.395958
36.809289,117.337997,314.997070,108.522079
20.955026,112.411827,331.534515,108.923248
74.414437,117.840282,210.609772,103.263786
32.570535,115.388275,317.617828,108.305069
44.289285,112.621780,281.939484,109.852524
60.257913,113.582077,293.294403,108.693771
53.562326,114.543789,299.631439,110.146446
57.876077,113.110481,271.944611,111.838623
49.008599,115.784184,311.037048,110.916389
37.820947,112.979378,335.900757,109.296021
53.301828,112.028866,332.350494,107.801781
47.281640,108.044601,317.082581,109.846481
43.113839,104.372917,353.462250,111.178925
83.844705,104.538921,315.439606,106.429802
110.098344,99.491039,244.931839,102.988335
64.855828,100.185253,336.166687,111.578789
69.612802,95.489658,311.527740,110.410652
76.956613,91.651573,314.902679,108.533295
104.133561,87.759319,246.777786,112.953545
75.540795,87.849987,306.140869,113.036430
100.247392,88.722809,251.409927,110.463394
59.056939,86.721722,317.912292,112.314629
75.401986,89.208893,323.271637,107.347244
99.774018,86.749687,241.468430,113.453705
69.765084,90.644203,304.806732,112.951233
38.212655,87.515877,357.151337,111.419739
108.367303,89.849010,263.114990,108.415337
57.978067,87.660564,333.092987,113.022820
54.130395,88.511169,352.138489,109.113419
113.970376,86.984184,236.468109,108.387177
66.740258,87.420597,325.859558,110.328682
98.962411,87.810665,250.117401,108.465599
60.573449,87.308407,329.950073,113.823570
83.193185,88.264385,309.334015,109.545830
78.130029,87.143414,301.044434,114.279839
91.156533,88.550499,309.339447,110.760834
87.277398,87.569321,284.725037,110.516281
48.530236,88.415028,352.268188,113.070656
58.170282,88.679485,345.995483,106.783867
96.344644,88.035622,283.699554,108.455994
57.497872,85.035042,344.257965,114.587158
122.710443,88.542347,243.126465,107.503517
60.983819,87.375500,339.557129,106.636284
65.317422,81.969788,317.413239,108.950516
94.991418,79.121273,268.813110,112.645103
34.589120,75.479855,347.321442,114.821129
39.217141,77.376469,357.286041,108.988777
56.150918,69.828449,335.595551,112.049355
95.500146,68.758041,275.907898,109.763535
86.763681,68.730854,258.391937,114.073891
55.573617,69.636028,327.189972,113.467216
68.422082,72.529167,314.051453,112.263458
64.251702,73.255302,292.565063,113.928864
84.835076,74.532738,271.349792,110.193512
53.361718,72.150967,313.783997,114.282555
41.535256,68.945179,350.733368,114.783974
84.681115,67.213120,291.911987,114.126694
62.648980,65.357327,293.557861,115.556114
70.950143,66.736286,282.368927,111.803505
61.411553,64.805992,294.402893,115.939789
52.326913,65.907013,318.166901,115.640823
55.134896,66.347397,334.487640,112.668991
70.700128,64.768551,291.251953,114.508324
47.290490,67.068153,335.625916,117.541565
61.771813,71.823463,291.251892,114.425720
65.461175,74.108833,288.115906,112.380066
51.451730,75.315315,330.300568,114.134460
46.745385,77.524925,313.619141,115.503082
62.632653,79.463165,316.908325,110.879105
18.438272,76.744961,367.058075,106.476952
82.986901,77.531334,282.257324,110.369293
68.570611,74.451778,318.858704,108.178551
56.899026,70.648949,301.751129,114.907196
76.517892,72.053841,284.556183,115.397156
54.767694,74.185349,297.983032,114.214828
66.181604,73.198929,294.546326,115.179306
28.354623,70.919437,348.650482,116.627388
63.152536,74.181244,335.680145,110.866226
98.998857,76.100143,238.114761,110.659164
61.085702,74.110432,316.548492,112.271217
42.897470,73.636810,340.670990,109.963272
25.454827,74.059868,375.329529,116.545441
73.155954,78.398663,313.502350,110.657768
86.418450,75.151463,256.694336,111.885628
44.288201,73.991909,331.875366,113.180809
47.241113,75.862289,296.717834,116.426376
40.527230,77.708256,322.102325,114.293404
34.099557,77.836998,348.859528,115.487457
72.344766,80.343372,318.784760,111.507973
91.383599,77.776623,259.333435,112.788506
53.169229,77.685375,325.934357,108.917168
54.352395,78.198990,296.448029,109.969772
50.388696,76.117451,313.006897,115.996193
24.416284,75.491009,358.419067,116.466850
47.769876,76.619476,342.347260,114.843765
74.773614,73.942608,282.860046,115.928703
32.403436,71.887291,329.935791,97.202057
30.320962,71.667057,347.794586,118.488228
21.375634,75.124790,366.150513,116.450325
66.377862,74.384075,313.008118,116.756706
45.584588,70.805244,324.336060,122.153564
17.910104,74.173119,369.802582,116.044952
25.082650,72.129631,358.916718,119.800262
71.808877,77.322472,263.330841,115.487579
63.056237,73.811882,294.417847,123.006622
46.839501,83.462921,315.646851,117.543900
16.687615,83.109451,372.572327,120.044174
3.429162,84.823727,408.684204,116.624046
78.863504,85.477310,298.006439,113.541000
44.211389,86.849072,308.606995,119.990837
48.804025,88.626556,319.635284,119.524429
40.486047,92.290947,345.720642,119.291840
19.803720,92.534561,392.780426,117.364120
72.536080,93.334690,315.359772,117.386543
28.545129,91.369938,363.604065,116.876839
45.750589,92.846901,335.391754,116.017883
82.068170,92.787716,295.387573,113.631981
20.455514,92.382507,368.160797,121.584122
37.810907,94.633862,369.526184,118.016350
72.705850,94.817326,301.617767,120.500618
0.000000,94.214111,417.080621,114.094986
70.852276,94.890686,310.293060,118.075333
10.260983,95.058071,385.082764,123.648766
24.606747,98.451778,402.588135,119.983299
67.260022,101.869358,270.170746,121.452339
50.076092,100.218506,342.477692,122.147049
64.999508,103.574432,299.554443,115.768387
17.363217,105.101288,368.809692,123.521133
0.000000,105.134315,416.323224,120.143555
21.397696,102.929245,386.115234,120.579208
85.272162,104.137115,306.082001,119.023453
35.368155,102.896229,357.375610,121.589760
28.394217,106.439644,362.218872,117.735352
68.414938,106.532696,312.125305,117.486259
8.826422,108.017544,390.324432,116.094627
15.236182,103.540924,383.165192,120.309341
4.781653,102.365196,403.621490,121.144684
1.448172,102.242104,420.718506,121.458862
25.632712,101.591633,376.365051,119.787392
51.433890,100.743347,349.262329,119.280228
69.712744,98.365738,287.588165,123.867172
111.117445,102.302654,193.922806,115.012932
1.717322,99.828403,400.463165,120.261604
8.903326,98.302361,401.599945,122.822235
64.651007,100.249859,328.211517,121.436394
22.640402,97.824306,379.698608,124.239098
49.361990,98.603008,358.573669,122.338676
54.506216,99.736061,315.183838,121.714417
44.558646,100.495472,331.861023,120.588783
16.335226,102.646072,382.099670,120.621811
63.711325,104.509361,332.195496,118.805756
46.285330,102.640919,331.512756,123.283241
13.050909,102.116608,386.035614,122.521317
17.253104,105.853588,368.574341,123.543449
24.516135,107.285030,377.341248,122.998192
32.714255,108.715515,361.921326,119.006607
33.398978,109.899712,322.342041,121.915070
1.324744,106.033421,386.566071,126.335518
3.223196,106.029339,419.094238,127.031425
72.016989,116.416977,281.971375,117.365646
0.000000,112.262810,383.744238,124.079132
0.000000,108.599857,420.819827,127.628548
62.427949,112.489513,327.438416,117.163078
53.527788,107.978134,329.613373,123.699326
29.019472,107.223118,356.876587,121.741219
38.218996,114.155491,295.673096,115.417366
28.915285,106.995708,364.614807,125.258110
1.303423,111.981503,379.392487,123.706932
15.991014,107.435547,383.879730,128.472427
55.716997,109.113811,369.190460,124.666191
29.464586,104.689465,366.663849,127.589714
4.279344,107.565449,388.333649,117.459450
6.244157,96.159149,393.695038,125.728226
5.141450,93.817860,390.703674,123.155556
1.873506,90.649700,396.645081,122.802299
10.150896,88.973927,396.833099,124.600014
58.552263,91.065250,342.971283,122.145393
53.697420,90.906929,325.478333,122.216187
25.922060,93.914658,345.032166,122.877914
4.371599,87.091118,392.048615,129.595184
11.447496,86.883053,403.376190,127.928795
73.657030,90.933159,300.182343,122.660370
8.882417,87.471306,383.861694,132.092621
83.787843,94.974804,291.879822,124.355766
3.477281,91.664696,393.588409,133.371979
4.897569,95.074989,387.803253,128.442993
0.000000,90.777626,411.998262,133.933350
69.528245,97.468010,320.077515,128.540253
18.770295,101.142994,379.000458,124.997292
30.422745,109.896755,353.118164,119.450951
0.000000,101.907131,391.620774,123.552086
0.000000,95.722034,397.108010,126.543129
9.587437,98.902905,374.353180,122.779167
0.000000,92.415672,390.228062,129.408417
5.044588,92.054699,387.958954,124.717033
0.000000,89.718796,390.655733,128.817917
2.314576,89.925278,385.609833,129.893112
5.064759,87.675823,379.383881,127.531670
0.000000,90.398594,375.129899,126.555855
0.000000,88.608078,383.615716,130.540207
75.126416,91.640961,285.775848,128.013382
0.000000,88.249954,391.479595,128.748398
0.000000,92.162853,379.999136,124.401237
0.000000,86.431389,385.350108,128.380524
2.286062,83.614922,389.353302,128.002838
0.000000,82.233364,400.607702,127.981529
19.594165,81.913574,382.716614,128.182755
0.000000,84.373428,398.056811,125.687485
0.000000,82.963074,391.615137,128.957413
0.735577,85.139969,397.694397,129.297836
0.000000,83.610947,393.896191,129.792770
5.908987,88.041458,407.787689,131.071396
0.000000,92.257698,399.016898,127.505981
25.068538,93.267452,379.337219,126.970970
16.700359,92.012280,366.997406,127.914055
0.000000,89.853180,393.826335,129.955521
0.000000,88.956093,401.868993,131.121643
11.414233,88.654060,390.028931,132.086670
0.000000,90.890694,411.717013,136.453003
0.000000,96.383667,411.800752,132.966812
0.000000,97.045609,413.139664,138.991074
4.382988,103.446304,404.849518,133.998886
0.000000,104.108971,409.329415,140.212372
19.058445,107.495842,387.401367,134.624542
0.000000,106.890572,405.570027,133.649536
0.340662,99.869804,408.777252,139.199738
10.335383,100.488815,401.482269,137.257126
0.000000,107.839828,413.598398,133.013107
1.359075,103.926651,415.571167,138.852524
5.663838,113.021706,402.300629,128.184753
0.000000,109.010086,401.200933,129.899155
0.000000,102.963890,400.866259,137.668671
0.051263,105.141380,419.882874,134.734222
1.913339,105.028282,422.387604,135.383392
9.847192,102.073143,413.121338,135.490814
18.559915,104.281052,402.552826,131.714401
0.000000,101.123825,418.773645,128.139694
10.752438,90.155655,402.320282,139.982040
0.000000,93.595009,419.531140,134.600525
8.529654,91.040298,411.388947,135.842636
14.974264,92.860123,409.342987,134.110336
0.000000,91.482262,424.071249,135.030243
32.093684,89.617882,400.518768,138.312469
22.210338,92.923882,400.017517,129.902496
0.000000,91.928818,437.060115,133.775192
1.242643,88.779518,425.591553,139.008484
9.512662,97.314255,420.577637,130.359055
0.000000,90.861458,427.509260,134.642700
1.619147,88.442406,418.187225,136.583344
0.000000,88.550430,418.047049,135.888779
9.978420,89.103195,405.749268,133.168991
5.535457,87.880417,408.835510,131.365402
7.256511,79.803444,410.214813,137.373718
28.899837,81.164345,400.418762,130.954407
4.105342,78.489372,427.413635,134.324127
0.000000,75.217384,437.293620,135.431702
0.000000,66.896881,433.211172,141.249588
0.000000,64.584366,415.692180,138.684555
2.936040,65.054413,413.056671,138.322830
16.482122,65.720360,402.331329,137.071136
23.204259,66.939529,384.871063,129.982285
40.100927,65.919540,366.077972,132.236252
0.000000,56.157761,414.682897,136.488693
6.993090,59.581680,411.948792,137.102280
3.361575,51.307930,399.053375,144.481934
57.142001,55.169548,344.678192,138.956818
0.682513,53.427872,404.040039,137.676743
1.359408,45.562607,415.160858,142.350510
45.883624,44.517563,355.286621,138.200851
0.000000,43.593124,392.349902,142.892502
0.000000,45.525864,404.829233,138.017990
14.927922,47.849953,394.279175,134.769592
0.000000,52.578377,414.913518,130.276611
22.639239,52.511391,391.188141,131.935364
0.000000,47.147018,400.818545,139.387985
0.000000,53.987213,417.274171,135.913406
44.606766,58.003418,356.801971,135.267715
0.000000,56.362015,404.226838,140.922592
0.000000,63.317284,419.952042,134.260956
39.977272,63.816238,378.874207,136.130600
0.000000,60.415703,421.767159,138.578522
0.397389,64.084015,427.457611,135.956863
45.330692,63.200012,370.892517,137.707291
0.000000,62.000038,412.385532,140.387878
45.545809,67.609200,375.846771,135.739258
6.255816,64.702385,416.354248,138.534698
32.710619,78.437462,394.493591,121.594696
4.748812,64.124580,401.586639,133.833374
71.672060,62.995903,337.547150,136.332184
34.311815,62.956001,389.520813,138.665649
0.000000,59.485977,418.665880,139.815781
19.828378,77.843639,401.539642,121.104729
4.576058,62.672729,381.452118,133.742325
71.686761,63.692223,343.343506,132.960541
0.000000,59.989281,417.423394,137.003387
0.000000,55.354446,434.273938,143.493759
41.805380,60.974670,370.111786,137.352798
0.000000,59.352959,426.148901,140.478912
45.290362,61.981941,375.415100,136.291992
61.364017,66.476860,351.500824,133.631134
39.699344,65.010017,377.192963,137.783203
22.701297,74.553429,397.269012,130.383270
0.000000,67.635094,425.073398,139.915375
33.927797,70.435188,390.738922,138.460083
36.820833,72.069504,381.856659,139.268967
26.873079,72.917206,393.214447,139.974319
1.869768,72.591164,424.052612,143.810852
58.952837,69.620865,366.300171,149.009018
73.170732,75.256844,349.436768,140.047119
0.000000,69.341553,418.606721,146.155045
34.841431,68.900162,387.445831,144.056381
6.363282,71.802025,419.273346,144.653290
5.978715,64.662811,421.345093,149.585403
60.600678,71.709877,353.406342,141.396423
38.369462,79.443565,380.003662,136.372772
37.703019,76.313675,388.594238,138.291733
0.000000,73.951706,418.341248,144.751511
29.531830,78.471207,396.857056,138.912582
23.111100,73.852699,401.883331,142.585266
74.527283,74.162308,340.462585,147.237289
47.997528,73.345184,366.891479,149.612381
4.783799,78.448311,415.718353,145.734253
44.170456,77.415779,376.841644,145.102661
25.539444,75.554741,400.254059,137.918121
63.877732,77.054085,358.288422,146.970215
2.740891,76.180862,418.483734,145.590683
27.991242,76.560440,399.544922,148.478500
77.353363,72.386772,343.866333,148.559113
68.637375,76.190796,350.957977,147.161636
18.040833,73.693443,404.779724,150.477875
48.336716,79.373825,374.066620,139.188644
36.216263,78.237999,382.783844,144.579437
84.018845,76.130112,334.669525,146.382248
79.549042,80.297050,339.577515,143.985504
4.773270,75.105553,424.499908,150.333344
56.352311,76.262558,367.714264,151.002243
0.000000,75.673439,423.962830,152.821716
6.466171,76.601044,415.404510,154.840164
61.897415,79.624611,359.167145,152.591125
32.956101,77.975769,394.371674,153.252090
43.389160,83.890671,381.849548,135.528976
66.365982,82.508202,345.082794,145.158661
90.530472,86.075584,319.559601,149.274139
0.000000,81.436028,423.721558,155.810822
27.823151,84.547745,392.678406,155.384140
47.665314,86.518333,377.330994,149.936249
1.451737,83.725586,423.491058,154.429459
12.026779,85.322144,409.508575,153.987076
84.553543,82.730370,330.291718,154.050873
52.944397,84.232857,372.940308,150.675537
3.551392,78.723648,418.383789,155.449570
33.820358,83.571716,386.699249,155.652603
7.509110,83.367645,415.431488,150.491287
86.781632,84.928612,331.137543,153.281097
2.276260,77.863548,425.013519,161.870453
45.173203,85.775543,373.929108,151.947098
4.249252,87.655037,403.820709,153.713135
11.869965,84.355698,396.001770,155.960495
33.711365,84.546326,380.541992,152.230118
0.000000,85.297432,411.741638,143.391479
33.547897,84.832954,373.654388,156.000488
0.000000,87.855896,405.812866,152.913345
58.108048,85.718010,337.562103,155.093903
6.896194,82.310005,392.451752,160.772827
5.145767,89.570389,396.133636,153.217758
24.394623,86.363716,377.602722,154.015259
7.383698,92.718590,387.408752,142.151459
11.080109,95.529236,372.757141,144.286514
0.000000,94.605072,384.272812,146.556595
0.000000,88.239075,386.724693,155.856583
0.000000,92.014252,381.051586,153.583572
0.000000,98.660820,379.472052,148.570953
4.542407,99.586914,366.276886,148.583878
5.230533,106.911217,367.510254,142.727997
19.849673,93.098763,342.554810,158.946411
14.116626,98.373009,354.102570,150.165619
26.458591,96.992516,341.412415,156.036224
15.689303,89.616440,355.421448,158.015305
22.926318,94.882637,345.936432,153.697876
28.908465,90.164986,341.440887,156.715332
2.684360,90.520042,364.029480,155.312592
2.938251,89.193954,369.737885,162.124924
3.971042,88.996201,369.010559,162.711105
3.010653,88.851204,372.644592,163.864502
2.162921,98.931877,372.370331,154.532013
0.949588,92.391754,369.964966,164.071976
0.000000,93.066101,376.311954,161.723282
0.000000,91.204887,379.268297,161.941803
0.185891,99.262856,381.239044,155.042175
6.948846,91.570869,367.906494,164.109863
1.553155,90.232895,380.127197,166.083908
3.412469,90.518822,376.890625,168.202240
4.766579,93.122330,374.859283,167.634750
0.845513,101.072884,380.218628,160.837280
0.769814,101.819580,387.674103,162.850235
1.556054,100.368439,385.465149,164.890457
2.231438,101.368332,384.245117,165.233932
1.931268,105.863632,384.675049,164.648361
2.257561,112.232101,388.665039,160.032394
1.986001,107.382767,383.080231,162.045273
0.843835,109.756447,387.671692,161.048279
0.624154,106.475899,382.681488,163.185181
1.724694,105.063812,387.291687,165.450394
4.894814,104.792809,390.436066,164.889862
0.000000,99.894745,391.272637,162.781570
0.000000,101.602066,382.806271,164.085434
4.651289,95.875366,374.610870,163.115494
1.301237,94.045158,381.423889,163.920685
1.881300,93.605011,382.958099,164.820389
0.000000,84.360390,392.472807,171.953308
2.107513,88.927902,379.175873,168.200607
0.000000,86.724197,375.435958,169.968246
0.714042,87.342560,380.577576,169.357620
0.000000,81.742752,389.659935,171.781601
0.000000,84.085152,390.739345,163.855347
3.892683,85.154762,381.658569,166.998840
5.307951,81.352402,386.779327,168.348312
0.000000,85.595436,381.192732,162.401672
8.341407,83.563995,373.920685,165.281815
0.603034,85.145447,378.836639,165.375015
10.673743,82.195183,372.874298,167.206207
4.547294,87.418724,380.851807,160.805511
2.995322,84.653244,363.703186,159.778122
3.131217,81.657845,357.799438,159.482178
4.052604,80.537643,358.151611,159.125290
10.125312,82.715599,351.958710,158.998138
11.344748,78.035522,344.736633,161.817276
7.304694,77.764687,342.354340,157.943054
9.209784,75.636948,342.797211,161.823166
8.291373,80.587746,349.455078,157.578918
12.042472,79.374222,342.188477,158.325790
9.536216,75.521278,342.225525,162.856506
1.466620,75.999428,366.978973,165.882629
3.591865,85.928490,362.535004,157.200409
14.728141,82.509399,343.425293,160.082169
5.525077,84.127151,356.492798,164.361801
7.694587,87.521805,350.592133,156.791977
3.041739,86.488556,359.871582,164.203934
2.732230,87.774254,356.383911,161.655731
0.000000,85.669220,364.880073,170.102737
3.272312,86.283493,361.908813,168.547043
1.886951,91.178352,383.359467,165.980225
0.000000,98.316414,388.454486,155.756104
0.000000,98.189957,374.716821,161.787949
2.527493,99.081612,369.016693,162.872681
0.221631,97.973030,374.997803,165.346313
4.314237,99.092781,363.334320,159.539307
8.395718,98.721748,354.075287,155.715332
2.866605,94.716721,360.207123,164.334763
0.810696,93.264763,369.220428,168.714142
3.167310,97.401115,361.394165,159.352814
1.966351,94.815857,365.382019,157.311172
2.555066,92.621025,364.096802,158.306427
4.271664,91.796471,361.625885,159.370453
3.579419,91.458977,363.932373,163.920441
9.041364,93.722260,353.332458,156.166458
4.704221,90.549454,365.578278,162.823837
13.005673,91.122147,351.463165,155.322128
3.653821,89.724564,364.157227,161.564682
9.184293,90.911530,358.490082,157.378006
7.120572,87.405701,364.407074,162.820328
7.661618,91.338966,361.452179,161.933655
8.266446,90.720123,360.990570,159.251663
8.226529,92.978134,369.382538,158.338669
14.447171,92.168121,355.063446,160.195267
14.043439,88.179001,356.281921,158.063156
12.968137,88.443977,369.445343,161.076172
17.068494,87.253799,352.246460,165.068466
24.493924,85.357468,353.702118,161.482834
17.316968,87.536850,357.402954,156.961349
21.119016,87.881538,358.660431,154.574219
17.201291,86.526917,358.478058,156.383316
28.981397,82.945763,356.699829,158.971161
21.867658,84.672218,357.560120,161.258606
30.437085,80.399536,359.461304,164.612442
23.103299,85.659042,359.328949,162.588913
40.256650,84.944763,339.073761,158.883438
38.731259,87.185059,355.503571,159.672623
45.100873,87.009811,337.520447,161.604172
47.532025,88.393036,335.196228,158.405350
36.812528,90.672028,350.386200,158.184402
51.619367,88.198509,333.928772,157.817352
43.895947,89.023224,351.759521,159.051224
48.848233,89.861877,338.491302,159.791641
41.625821,91.887611,342.360199,160.153381
51.587720,90.155861,339.264771,158.854553
56.812772,91.454483,331.813568,155.627792
53.251340,90.009186,329.086456,156.438797
48.186856,87.197586,333.063934,160.899155
50.915982,88.351936,332.828217,159.331177
56.325269,90.043655,329.641846,154.637192
55.619733,84.275116,328.456360,159.792435
56.533887,85.449524,335.974121,162.666153
51.075879,87.220268,336.149780,163.515778
53.748959,87.391289,333.785675,157.934235
60.117352,85.628555,330.937683,156.498032
55.384152,82.994843,337.821564,157.877274
57.579663,83.166306,333.126221,155.538620
56.584882,82.062874,333.367371,158.351929
60.875943,81.349091,332.640472,162.010452
64.682217,81.636772,330.950653,160.827423
65.275281,83.749184,331.021240,160.174500
57.056073,80.563377,339.689514,162.443451
65.837079,82.696907,330.369568,163.985596
60.248837,81.217598,344.503571,165.431641
69.049512,84.139641,338.696411,162.092072
74.570416,83.108597,336.104187,163.563705
74.539410,81.980148,335.022522,161.686935
69.794339,82.770958,339.883026,159.141083
72.245953,82.437744,333.905823,164.675186
68.776379,83.634460,337.860840,161.811050
69.451550,80.733284,340.582642,165.850708
46.250790,81.941711,366.784210,165.536758
31.803784,79.280045,381.915039,167.686020
67.495023,83.208481,341.647919,166.015671
48.028149,82.573807,366.374756,167.431503
71.009045,80.153038,342.719727,168.874115
59.495343,84.835236,355.051697,163.421585
48.136105,82.038231,367.531158,170.024139
64.197446,79.466797,353.761017,169.756607
62.057690,83.666252,358.142456,164.118561
67.155316,82.587669,352.377502,165.597992
68.613065,82.197929,352.426483,165.924469
58.808926,79.159958,366.101532,167.469528
70.652646,79.232826,356.134186,166.743347
75.722455,82.978836,352.982849,165.409286
57.142148,80.236328,372.327423,169.133560
70.448026,82.422661,357.862274,164.877472
73.457669,82.026497,357.528412,169.228882
42.933270,80.209404,389.537170,169.868195
82.615460,78.857124,343.737610,165.995850
78.760632,84.492973,355.509155,165.093170
82.290692,83.468605,350.315491,165.144348
83.383664,82.666702,351.638214,164.878403
71.281308,80.950974,364.638458,168.827805
78.576657,78.785355,356.744171,167.819809
75.436383,78.853149,361.472961,170.222061
73.500577,78.986526,367.778412,169.882065
79.132077,79.148460,362.534454,163.852020
79.406476,77.446091,363.221741,165.812790
79.646909,76.708313,362.186554,166.967422
73.192883,77.283035,371.591919,166.007797
68.882214,75.390991,374.609741,168.611221
77.980161,71.940659,365.299835,173.801926
51.509747,76.327354,396.863831,168.134369
87.900571,75.554504,357.579987,165.807022
82.859296,80.235466,363.168396,164.554108
91.584622,81.040787,351.213715,162.536362
72.469052,78.339333,375.226959,164.771912
86.539319,74.505905,361.239868,171.683151
68.101514,79.814980,383.976929,163.747131
32.654736,73.258659,419.900024,167.210236
81.425092,73.137718,364.752136,171.010345
90.398282,79.307480,366.468231,163.151169
94.907132,80.124870,366.057343,166.324005
91.429120,80.925301,369.844910,167.462891
93.620190,78.612854,369.229370,165.011124
89.785825,79.738281,376.046783,166.168228
83.871961,81.174911,383.040894,165.901779
63.823697,81.970543,402.087006,166.645355
84.953290,81.339050,381.661560,162.122086
83.116589,83.062126,390.100952,161.576080
93.675259,80.482124,377.174652,165.321411
91.646359,80.528183,381.360138,165.869919
90.537244,82.186890,383.707642,164.811172
85.186963,82.169128,391.246094,163.624161
96.389462,82.946869,379.999664,162.916580
100.030240,80.579758,377.715546,166.663376
95.403790,85.940117,381.667786,162.030670
82.670575,83.482536,397.300110,164.739410
91.964017,83.429443,384.535004,162.908340
82.316312,81.926201,400.218842,167.534332
101.583264,85.231438,374.214111,163.531036
98.478986,86.370293,379.553772,162.903229
96.639310,88.831551,378.618744,161.284790
97.100919,88.503998,380.294403,161.779739
101.271085,90.128120,372.613007,159.796631
101.260510,87.814598,373.366821,164.054413
101.344556,90.764847,372.995972,161.319199
101.190259,89.062904,377.377075,163.893494
102.158810,89.722832,375.112457,163.408112
103.606915,91.000420,369.930969,162.896393
100.452191,93.332527,376.944275,159.658569
108.321652,91.137894,378.058990,162.642685
106.427762,91.008430,374.492767,163.303345
103.940625,87.940674,380.998169,165.238419
103.341596,88.212868,381.080994,163.254578
111.279065,87.173874,373.705078,164.860397
110.130109,87.907150,374.971497,164.405563
105.821652,89.019676,378.439850,165.438934
114.712720,89.679787,373.342163,164.139099
99.538648,88.075371,386.195679,164.512970
111.728680,87.044464,374.067810,165.644485
105.325589,89.684326,380.224213,164.252945
114.835965,87.039772,378.941498,166.614197
109.524121,87.427643,384.937256,166.618729
110.644193,85.804359,385.706390,166.252258
109.843793,85.991669,385.297058,167.864090
112.177136,85.157318,386.377930,166.303543
112.160001,84.759506,378.852142,168.688889
110.575055,84.333206,387.647888,168.895370
110.805325,84.424171,390.203339,166.529358
112.235822,84.766525,380.726746,167.796310
111.819638,85.684517,385.150421,167.283691
117.160230,86.710197,386.567871,165.174591
112.279324,87.860336,390.668182,161.635300
113.142835,85.934364,390.530396,166.304749
113.135678,86.622993,391.559845,163.417358
116.909497,86.257004,386.616089,164.672653
117.397992,85.620911,392.604675,165.334366
113.408124,85.005554,394.928528,166.720352
114.458554,84.659256,394.130280,165.209702
117.469144,82.097626,389.777435,169.273270
118.070340,81.862595,391.483368,170.217331
121.845853,81.460709,392.406708,169.968246
120.260404,82.790634,388.191742,164.554245
126.433514,80.136070,396.450623,166.413055
126.156628,76.640884,398.129150,172.320786
124.281918,76.085785,403.946808,173.967972
126.007062,79.966957,401.180847,172.256531
124.583325,76.364548,402.732056,175.345261
127.774335,82.955627,402.514587,166.915298
130.331906,77.446960,400.204987,176.468887
127.868390,84.357277,403.451233,168.568665
129.298840,81.818840,404.165039,172.103058
131.445050,84.098274,406.029358,169.271606
137.334927,82.301903,401.495819,170.806122
137.418256,80.529320,403.807434,171.219696
135.036145,81.594421,404.178223,171.571060
136.716092,85.937637,405.654144,168.781723
140.143674,84.976784,403.208649,168.882751
139.696530,81.813614,405.327911,173.452988
138.931668,86.133469,405.460419,167.703781
144.502499,83.848198,404.677399,169.217804
146.916165,85.422424,406.432953,166.761856
145.386945,80.557983,406.559998,172.213028
141.203244,77.860489,412.004547,170.246933
145.194638,77.729210,403.027863,172.349091
139.863187,73.718002,410.838226,172.064499
147.015836,73.631691,408.796112,169.870911
146.282163,73.499954,409.973541,169.941147
151.710172,72.307602,407.265472,170.902145
156.226392,73.073700,406.624512,169.147049
152.257398,66.087425,408.697876,174.624237
155.523663,71.860748,396.925720,165.763382
153.603391,72.257248,403.055939,171.800583
155.608777,72.193024,400.120972,169.242508
156.366803,74.266502,401.326843,168.186127
153.257779,74.597267,404.967621,168.930847
155.985959,77.123352,401.657135,163.349258
158.667279,72.521523,401.267639,165.870544
157.580777,71.411369,401.382294,169.070099
161.364163,73.782265,401.647919,167.205017
158.290250,72.636620,404.500214,168.957977
160.568005,74.618294,396.042236,166.747314
155.798993,74.086975,406.987732,167.588394
162.103513,73.903091,401.371857,166.463730
161.989316,72.493004,402.218903,168.854828
167.672055,72.361923,397.364166,168.670822
157.812344,68.165573,410.384613,176.781906
163.878232,75.822083,402.105988,165.441299
162.850278,67.024879,403.249298,176.591125
164.120465,74.475525,401.550720,170.367325
167.252591,72.185951,401.915009,172.489807
171.090894,73.149261,396.496582,168.771927
171.380750,71.188995,400.002808,175.543411
168.051770,68.457253,405.438232,176.150452
170.532483,73.008957,403.386353,169.858932
172.614743,69.062668,405.694977,175.675705
177.072232,73.996941,401.296844,169.087067
167.833325,70.582092,409.211914,170.020523
173.922498,71.981384,401.319214,170.801651
178.099423,69.992249,403.567291,176.735123
175.207532,69.946487,406.383301,173.239975
181.853909,70.131294,401.587738,170.421509
181.018277,70.150108,403.047211,172.415985
179.860104,69.615593,405.751862,170.541656
181.359143,65.152588,401.744263,176.862442
181.199307,65.653564,404.691010,178.807266
185.503262,70.377052,404.515106,171.212708
184.597012,66.599472,406.442108,177.862350
188.263791,68.348343,402.640778,179.100082
188.720090,68.437920,403.719147,177.320831
187.519864,65.428841,405.501556,178.023926
190.662808,70.184998,404.497284,172.461563
186.364743,63.305809,407.789948,179.629486
191.672238,68.081886,405.745758,168.607727
192.405637,67.627838,403.229523,179.827591
191.933759,71.676140,408.693176,178.488434
179.126691,74.951584,423.404358,174.995895
184.441678,75.636772,415.650482,168.854279
189.612668,73.291718,410.444855,170.439285
199.999783,71.600533,404.206390,171.098877
176.388791,62.550072,429.165680,182.340790
199.401502,84.759773,416.120972,165.226318
188.618146,79.519249,426.296448,171.472992
189.405286,77.274529,425.966064,173.211823
180.361722,81.558846,437.616669,163.956665
188.877423,77.651672,423.285950,167.486465
192.527371,86.637985,419.270233,163.888229
195.317975,76.513313,417.704041,174.103271
213.913800,96.552063,407.508850,155.515884
196.116361,84.695908,416.216156,160.412521
203.469113,77.567947,408.080475,167.915512
124.087369,85.895142,492.799774,166.917130
207.853955,86.882004,383.666382,161.025070
203.853665,86.376190,419.700653,164.637527
182.406339,83.884041,439.448334,166.220825
182.181714,82.727631,437.753540,165.334671
216.848019,88.639381,406.137726,161.841858
208.195447,88.330986,411.888550,160.683014
193.804074,89.285835,428.011749,163.533081
206.427487,78.448685,411.324982,172.251083
216.782498,89.704437,404.917938,159.576859
193.422299,89.353516,429.239166,162.190567
217.446378,93.114807,402.570404,157.163345
210.203717,90.368774,416.051208,160.236343
214.847272,92.416855,410.518860,151.728806
210.928159,90.752037,415.901276,157.457489
212.968305,90.908272,409.958069,154.136475
214.566647,89.523315,410.805939,156.198257
212.263883,90.708031,410.128876,156.031952
207.923886,88.386612,418.194489,160.260483
208.879773,90.845161,414.453735,153.097168
206.161633,89.871231,420.145874,153.518295
217.026502,77.213089,409.170410,163.171860
220.983777,87.388756,403.210083,151.185272
204.315549,86.804047,423.157990,150.219681
195.692258,84.377724,430.203644,149.290344
212.558362,85.715416,421.994019,150.492157
230.608762,86.080193,398.105743,151.992584
222.300565,86.670502,404.467743,154.398514
214.011395,88.083206,413.614441,149.755966
221.600751,91.210663,404.033386,149.011185
233.884793,93.922279,394.394989,146.382141
232.150357,91.705124,399.627533,155.267990
228.854352,94.524773,400.772156,149.522491
231.675900,94.912476,399.067657,153.865860
229.795804,98.331642,398.253632,154.595154
227.442777,94.998802,399.838715,151.714325
233.385129,94.128677,399.458038,153.067734
230.934262,96.142677,399.780914,154.847961
235.055341,98.083176,396.580750,149.605515
236.103772,97.809570,397.003296,152.431534
239.858334,97.933319,393.799469,151.859573
241.477704,100.071754,389.537170,150.757874
237.331433,95.944588,394.600586,151.396729
238.902707,96.903198,393.312164,155.631363
238.069043,97.499771,395.191772,148.313217
247.884213,96.050156,388.334259,153.640060
239.669370,97.221878,394.967194,149.911118
244.046964,94.720116,388.742157,151.036346
246.473325,93.765976,388.747467,155.205490
249.506329,96.762299,385.332336,157.765213
250.092236,96.184998,384.407715,157.646622
250.294400,98.315514,384.012421,155.286224
254.924039,98.633667,380.660858,155.917740
254.900800,98.878700,379.648743,151.214417
259.401929,99.296875,371.772217,149.606339
259.025830,100.380363,374.595215,153.282745
258.547467,100.996803,377.220032,154.186707
259.183804,100.181938,373.547821,154.108185
257.520551,104.700035,375.822815,151.863495
264.008817,103.429314,368.264618,153.378082
264.044339,101.637756,370.276093,155.813004
262.167889,100.996544,372.783020,153.454315
265.542279,101.564896,367.007263,149.807358
267.785260,102.272293,366.036438,154.680161
268.429135,103.027786,367.298859,152.328354
266.780286,103.991318,368.573853,153.264816
267.171307,102.879555,370.350525,150.197083
264.372739,105.614128,371.707184,154.835968
268.960111,106.796059,365.278778,154.692810
267.170667,108.940521,369.358643,153.136673
268.020825,109.560509,368.093750,155.205902
270.254804,112.460770,367.236145,152.890854
270.846356,113.576706,364.727844,155.156174
270.252713,118.676445,365.552704,155.750031
272.546536,118.056351,364.886078,152.285629
270.382535,120.835701,364.810028,151.676270
271.824628,119.827950,365.296936,153.374023
268.906339,121.802353,368.447113,156.974777
269.438443,121.188911,367.718231,152.822632
270.124371,118.341255,365.812683,156.510498
270.645306,119.668793,366.144104,152.742264
270.908536,117.394569,365.635101,156.151550
270.478803,116.312500,367.356873,154.784683
270.985242,118.550423,366.006958,148.858521
276.385587,115.680618,360.196259,157.945419
273.906369,114.339821,364.951813,151.346985
274.208341,114.096657,364.223236,146.859070
275.497723,111.938187,362.242981,151.138779
276.332394,113.564240,360.856720,150.878128
278.270093,113.112633,359.990112,159.391937
281.370572,116.989143,355.741669,151.474854
275.017514,119.343460,362.465118,153.830063
279.399442,121.866760,357.247284,156.125504
282.992093,127.655243,354.236664,157.150955
283.531613,126.349022,354.600739,152.656830
277.559613,135.917458,361.769958,148.104675
288.248212,134.066154,349.864319,151.935944
286.167661,132.892639,352.796906,153.441544
283.820905,132.096054,354.669495,152.015549
284.846845,132.237404,355.153155,154.460510
286.939108,131.758545,353.060892,155.104263
285.886806,130.219231,353.176239,156.457672
288.181300,135.788139,350.972382,155.482208
293.526408,136.856148,346.473592,149.752686
293.061941,135.593246,346.807190,155.826950
289.565435,136.916969,348.432892,155.016785
292.107153,136.189026,347.073456,156.751846
296.471960,137.121880,342.592865,150.952667
298.090429,141.399208,341.435028,151.756287
295.858785,140.201515,344.141215,150.021667
292.937358,139.744095,347.062642,156.251816
301.228216,138.165298,338.771784,152.595322
304.681079,138.729965,333.040253,157.400070
304.743411,139.836357,334.559875,156.628448
307.440310,143.951813,330.915710,154.328323
312.381472,146.854988,325.599670,149.891602
302.203280,151.004875,335.933960,148.017609
313.622149,146.860954,325.322540,149.496002
301.331652,148.048912,336.850677,155.004852
291.347201,148.611450,346.849609,151.758194
272.584384,151.297821,363.796509,152.184891
312.284548,148.772858,327.144226,149.426590
315.029864,150.140213,324.970136,153.339218
305.450433,154.749504,333.244476,147.825470
316.967294,152.624573,323.010071,150.747818
317.852578,154.156296,319.567261,148.062912
313.259485,153.350868,325.359283,149.190613
308.426126,147.627113,330.373779,154.593567
315.604318,151.342827,322.326965,151.071564
314.378274,147.571022,322.986694,150.992737
312.749032,149.051041,326.861633,152.147446
319.226709,147.272255,320.303497,145.118347
287.880517,146.021790,349.320343,154.354385
297.982965,141.060997,337.932831,149.723724
288.297250,139.665314,351.702750,154.912796
305.464619,140.270699,333.179413,152.649048
318.691899,141.009628,321.181641,150.361374
309.006886,142.831871,330.319000,154.348480
319.660634,144.705963,319.944244,144.934280
325.056233,145.128036,314.050629,151.549240
319.561543,146.598228,317.631073,148.385468
325.786870,145.526718,314.213130,147.978561
304.808199,146.086281,332.795349,151.261780
318.124682,149.666206,320.515900,146.579346
327.787997,148.230789,311.063538,145.280502
319.026049,148.315178,316.746246,152.778595
310.927142,151.034584,329.054047,153.092468
323.889605,155.601891,314.318085,141.878143
326.099413,151.211311,313.056305,151.415405
331.422320,154.477547,307.629730,148.627563
333.059817,152.637093,305.786743,153.136597
328.868365,157.587097,309.261810,148.434341
324.530505,154.007690,315.296906,149.156754
328.933581,155.140930,308.660309,148.391861
330.179736,154.142448,309.820264,144.215973
335.289270,153.189636,304.710730,149.861710
337.525021,152.262932,302.474979,147.997223
335.933165,150.995697,303.388916,143.508499
324.613371,145.407738,313.511536,141.116547
295.465941,142.785233,341.762085,149.196030
325.296416,142.447334,314.703584,140.506470
328.237945,138.110527,310.909515,146.899078
328.332137,136.967415,310.673401,146.848999
310.709350,138.694733,326.258087,148.530228
311.472839,143.867416,326.309235,138.114914
329.499252,143.950035,308.860291,147.509247
322.792678,139.460060,317.089111,145.139099
316.780700,144.807976,321.683746,149.241364
283.113296,149.263626,355.166626,149.638657
327.090789,147.738724,310.542694,143.823837
283.386565,149.969955,355.165497,147.676926
287.318954,150.519531,352.097473,146.464005
281.021072,154.126945,354.934204,147.634796
307.228454,155.236526,326.865997,144.575668
226.002975,156.545685,413.997025,154.008987
307.671577,161.144318,328.265900,143.814041
316.806648,160.693733,316.985016,142.452393
320.217414,159.757545,317.710602,144.891785
327.003440,159.869438,312.996560,143.806671
318.327480,159.175804,318.559052,146.687347
281.456280,158.114006,355.795349,147.485870
302.090984,159.287102,331.764465,141.941315
290.696392,157.708908,344.784363,149.107712
275.925762,158.464584,358.285706,141.616623
247.692409,153.351051,389.308807,141.793518
319.010341,152.506027,317.747406,143.012863
309.581219,149.920761,328.325256,150.643600
321.092449,154.944756,317.357605,146.811432
306.409115,151.357796,329.217926,154.563965
295.797756,161.756065,339.951385,148.759247
300.431301,166.675186,335.394012,150.682236
273.675289,173.467896,362.541656,148.684341
295.811230,174.095863,334.541260,147.203308
291.586040,179.940010,339.752747,148.359009
301.952968,176.647163,336.790619,144.492188
280.296398,178.278572,358.171997,140.545288
299.522854,176.971085,338.488739,136.645859
271.252209,175.172318,364.711426,144.735092
289.789226,171.799423,346.657776,141.083054
227.388515,169.856087,409.112885,146.276245
284.225261,171.156075,339.910828,136.382690
132.631420,163.467178,488.045227,153.127548
167.399914,161.532578,457.875183,148.323288
222.328182,167.782875,412.130463,147.112000
249.338222,167.523399,357.761627,141.369720
263.054821,167.052788,358.642395,139.541168
230.386135,163.576187,401.636383,144.692612
148.966320,163.056618,474.802551,151.244080
148.779552,156.922646,470.265564,143.551819
248.262234,157.607521,376.668488,136.062805
240.699901,154.940102,382.173645,135.771790
247.230694,150.793877,372.223511,138.040436
250.819286,149.506889,362.470276,139.530670
195.313732,146.308090,438.329773,148.852097
272.966839,148.327950,336.263916,139.886353
254.871258,147.786781,364.415894,143.801941
267.381908,148.349411,326.536804,142.688766
265.653820,149.006989,343.083679,135.797318
229.192211,147.743347,403.210388,141.874039
259.227077,142.341026,361.315338,139.552460
255.476436,143.183838,380.839813,146.002701
271.444591,144.102936,354.453918,138.242752
264.177990,141.342705,373.157410,132.866119
274.300197,145.695084,356.829376,140.446518
263.866070,141.958717,363.482056,141.705750
266.636471,144.412704,366.435883,142.922409
267.133175,144.559341,359.339569,138.712753
265.734722,144.840195,369.249390,145.956955
257.186870,148.084373,364.924316,136.144135
258.138378,143.620590,372.199402,141.884689
261.204464,138.883423,373.426727,137.054581
269.818447,148.323112,351.729156,141.078888
261.338222,149.484711,361.248566,134.791946
259.285366,145.372795,361.596954,140.989166
235.596752,139.470306,340.930237,111.253494
265.844723,144.286957,348.313202,136.138870
253.477001,137.559326,368.467468,139.333389
267.547268,141.898773,358.984894,140.219559
264.232937,139.278053,374.244537,141.828064
271.592907,142.760963,345.097229,143.255554
256.970562,140.114254,379.922363,123.621361
273.579037,138.112656,364.062103,135.681686
275.481380,140.615913,351.603607,143.819580
269.189709,136.526047,364.252625,124.906784
252.035961,143.003410,376.134583,136.933502
272.203686,140.945057,341.512756,124.794228
277.415569,137.742752,355.869751,139.438217
273.467342,137.528290,357.970306,146.355423
269.950191,131.529572,353.542084,147.671341
268.931499,130.304688,364.900635,106.081436
272.077740,135.891571,356.165588,143.522659
268.088085,132.930588,357.349976,108.623947
273.136471,135.621544,362.550140,138.177826
268.770168,131.341919,359.363800,129.874649
274.965053,131.105469,364.485992,142.539810
273.297008,133.329628,355.726135,131.075989
269.860317,131.302147,367.803131,145.684052
263.741909,130.305794,363.127838,126.118408
269.286358,128.404846,359.169800,142.651993
264.714077,121.786728,366.322906,146.160568
268.157268,121.614258,366.411499,139.334366
266.514766,127.415504,356.669037,143.471619
265.220455,129.375656,369.331879,143.067795
262.057918,127.750580,361.733612,133.969070
267.109798,131.400024,364.696014,146.329239
258.135402,135.860367,367.101105,140.923203
257.081234,132.975937,373.525604,146.957321
264.203594,136.582451,362.851685,145.241364
261.647671,130.763199,372.777008,150.219955
265.270687,139.864357,359.908051,140.650330
256.714611,137.260490,373.433899,147.509186
258.998211,138.861176,369.819946,148.341995
261.629116,137.217224,366.363068,149.657242
263.210567,138.503876,369.558441,148.961502
266.312557,143.470863,361.806854,145.018738
261.055645,140.481415,368.508301,144.076614
263.833370,132.281311,362.513641,147.665298
257.599697,129.177132,373.654694,151.161743
261.077663,135.034004,364.658844,146.431274
268.046337,134.229218,368.935120,146.542313
264.746013,132.172676,364.353271,146.035400
261.971630,127.561203,369.451843,150.020309
266.409679,128.506409,361.368103,146.718033
268.862041,128.945320,361.505859,146.376587
267.829601,126.499046,364.782043,147.726654
270.179806,127.830002,358.010834,146.216476
272.754696,128.776703,355.003143,145.702469
270.202129,127.481087,361.522217,147.588013
265.360073,127.560715,368.967316,145.104538
268.404781,126.611969,361.991180,147.075150
271.456371,127.808784,357.604675,145.130249
265.935467,128.191078,365.752808,145.215149
267.914058,128.969864,363.125946,143.835190
264.576961,122.268936,366.204315,147.313461
263.043117,125.006569,357.489166,140.400452
264.318645,121.507988,369.437134,142.881256
263.385296,121.944344,366.481567,146.441162
264.522686,120.453606,361.199097,147.611847
267.330456,121.851982,359.201355,145.868439
263.315655,122.106110,370.637695,144.730545
267.913631,123.456863,356.746063,144.478745
265.028652,125.375359,362.796417,142.280426
265.055965,126.015244,365.206024,141.191940
264.251568,125.375839,364.984741,142.469894
268.446941,127.447769,366.003418,140.919174
268.825023,125.730522,362.121277,141.523590
266.953670,129.555939,363.365326,139.932693
276.555614,126.102730,357.978333,140.635620
269.893444,128.163216,361.929871,141.586060
272.466717,129.133591,359.263916,139.725266
269.584011,130.061760,360.899689,141.006744
273.211651,130.313675,355.550415,138.250229
273.154186,127.467133,362.197937,141.545853
269.152904,130.368973,363.863586,140.925888
266.599743,132.311203,364.735046,140.090378
266.086559,130.444550,368.280823,140.227982
264.055874,130.107834,366.513336,143.127243
267.613064,129.715195,362.748322,140.655930
270.348247,130.152336,363.348145,137.962311
267.284847,126.305313,365.253387,139.810654
262.615108,127.071869,369.044769,140.721268
265.717830,127.747925,368.926239,137.272598
263.560467,124.602409,372.253540,139.332062
265.295650,123.205750,366.300751,138.683487
266.845989,125.371300,370.582031,138.680267
265.241787,127.514084,366.060333,136.936447
262.598461,128.251541,376.101868,139.826645
266.369304,131.925331,364.458496,136.429016
266.762859,131.144699,371.870239,136.784103
267.913418,134.483414,358.597809,133.802353
265.049251,130.091660,370.396698,139.363083
262.554043,131.947372,371.489166,141.095383
267.069896,134.280777,366.173645,139.614365
268.690288,132.530777,365.443359,140.934189
266.600048,137.974312,369.723450,141.103760
265.965572,141.846451,364.076385,135.617783
264.117245,136.626732,374.829071,137.234100
261.992702,139.149330,371.252594,140.667297
264.697201,138.267441,369.022919,139.083786
264.193981,138.015213,369.109070,139.094833
262.255382,135.715179,375.728088,140.821121
260.540722,139.045525,371.038269,140.610382
252.318233,136.016205,385.411346,145.995316
263.971370,145.151405,372.085175,136.685730
259.717388,141.833313,373.333618,133.977310
258.971096,140.323540,380.145416,138.217560
259.216183,140.844154,372.144257,140.592712
262.328106,136.571770,375.270508,141.859650
257.748455,139.532074,373.145508,140.816971
256.101452,144.065910,379.505676,138.687286
264.990444,148.521843,372.263458,134.013580
264.730419,136.144623,371.108215,144.100174
260.478740,146.686844,373.249023,136.105820
259.103954,139.509132,376.635925,141.766907
255.795101,137.837173,378.427460,143.492050
265.622005,139.967583,368.966034,139.458649
264.069637,134.144943,372.274872,142.963913
263.012050,143.092567,370.963287,135.917542
254.735912,137.049713,381.562439,144.056107
266.396496,140.621017,367.976379,138.053268
270.237087,143.883858,364.477936,131.618042
274.154201,143.499763,363.847809,131.842163
248.036022,134.085716,387.760071,148.382782
272.307995,147.204292,360.556458,131.340088
262.890453,146.738266,375.695984,135.853317
263.202968,143.454376,371.713898,139.581497
264.305919,146.271767,370.669006,136.302551
261.726375,144.820229,374.701630,130.839172
262.095073,146.200706,377.340454,135.714691
257.542873,142.350967,375.979279,142.358383
260.365627,140.893005,372.902863,139.598648
255.683666,140.981934,380.783020,138.048843
250.295467,136.768387,382.935028,143.679184
254.994442,145.212227,381.839813,135.266724
252.394924,131.321136,384.760773,144.454056
260.293682,137.562881,374.270386,137.166000
260.264019,133.471123,375.325317,141.967072
262.010738,127.829262,373.213959,141.520081
257.623028,142.078754,375.328003,125.677956
244.823162,146.018776,393.226807,135.916077
257.141704,142.915787,381.692749,140.034775
261.440746,152.119820,372.039612,140.372437
272.910000,156.088902,358.674835,125.895332
269.535793,154.935101,370.464207,125.606987
266.236906,152.087883,371.595673,133.547272
260.530897,146.895500,376.898926,135.314606
260.291044,152.682510,376.991669,135.614975
279.720274,154.876808,360.279726,125.656433
266.181380,150.733826,373.818620,129.757584
269.394615,152.058590,368.696960,127.312523
271.491142,153.560791,368.508858,132.651505
264.418880,155.830551,370.872864,132.598679
274.443493,154.682602,365.556507,126.886154
270.742651,153.404480,368.643250,132.775528
261.875341,157.085236,372.039490,134.011307
269.367132,155.462021,370.058105,127.085739
268.067922,153.683056,369.207428,127.618767
266.723364,152.513008,372.632141,131.070801
263.737631,150.959030,374.354340,138.058884
261.758795,152.687912,371.918091,135.990280
264.778311,153.474022,370.962067,132.737885
266.854437,145.643364,368.124023,139.998444
270.047109,153.673012,368.137726,134.095886
264.594915,154.134285,370.219360,133.963745
264.134558,152.955391,372.096619,135.200073
265.285437,152.032257,373.578308,134.706619
266.332525,143.322853,366.910645,141.131897
263.328695,152.626007,371.049896,133.408157
269.383825,153.436020,370.616175,125.097580
269.063418,151.666229,369.836823,134.667068
268.081729,149.342308,368.368317,129.581635
267.921283,148.207840,369.539062,133.250717
265.687396,148.647148,366.575073,129.076935
266.038943,148.906227,370.191315,126.529846
267.420840,148.308437,369.607086,127.884483
268.005465,147.416302,371.588104,116.839775
257.748019,150.213627,381.645966,108.456551
263.531497,147.466892,376.306671,106.573921
257.875323,148.341763,382.124677,126.784752
276.554712,145.595444,362.750397,125.791794
272.873285,146.264397,364.775482,129.760040
271.445276,145.859871,366.098419,132.283813
262.455972,146.250679,372.687378,136.045410
269.820428,148.071686,369.872894,130.090530
266.573480,144.975868,371.567108,131.963196
273.626993,144.597664,365.798706,129.206665
269.070032,141.255577,364.344025,135.614838
270.229227,142.254250,369.621582,130.059753
265.824060,141.031799,367.851837,131.419937
271.438165,142.930080,364.985077,118.171715
265.592767,139.611923,374.407233,128.553513
269.404172,137.920204,368.259888,133.232361
269.336209,139.632072,364.976746,123.135895
267.828030,139.179047,369.420105,133.156815
274.703320,139.020214,365.296680,121.537834
272.151099,135.743217,364.606689,128.836090
270.579886,136.304291,367.644379,126.446243
270.292395,135.307194,365.761719,122.196297
259.671347,134.259071,378.806305,135.006287
268.086600,133.499367,365.845428,132.346375
266.518347,133.452419,368.716309,124.291588
267.141684,135.023079,372.385284,132.630981
267.729788,134.745686,366.175751,125.021095
264.437689,135.679092,374.779480,137.234482
268.646719,137.371513,368.039642,131.052155
266.467490,137.285553,368.241852,132.404739
266.025488,138.498253,370.542969,123.853119
267.097525,138.334084,369.226044,135.390198
261.921866,130.939896,370.498627,135.240585
262.759100,141.770164,377.240900,132.210785
268.109775,136.251015,369.107056,125.742249
261.828143,142.245773,378.171857,130.845016
262.139368,135.771049,373.357025,134.353790
264.821603,138.763374,374.702759,136.686646
260.129922,142.059250,372.573059,134.998947
269.845666,142.256134,369.205414,128.525711
267.209650,139.647598,371.723785,125.510971
268.819101,136.370598,368.116455,126.630646
267.054483,133.109497,371.233337,132.629288
258.631128,129.464233,375.657928,131.969864
272.408807,126.658436,367.591193,126.867226
270.932767,133.748726,367.318298,133.903687
256.939755,125.975113,378.887085,130.845444
249.940060,108.420280,388.682983,139.514435
254.673169,117.899124,378.788910,131.522568
252.923016,113.639549,387.076984,134.012543
253.373190,110.744522,385.391113,141.964218
247.463553,116.528728,387.857727,127.618828
279.283514,113.059418,359.129913,141.364334
248.270743,119.039825,391.729257,142.561844
259.469585,118.143784,378.060089,125.812790
238.117717,113.412628,401.407379,140.758255
238.826884,112.292355,401.173116,124.368187
243.576849,122.525536,396.423151,131.236420
240.210254,121.064034,399.789746,126.958984
218.946039,116.794945,421.053961,144.687103
239.514859,124.611603,396.972107,123.227859
226.349866,125.536568,413.650134,131.489380
233.140799,123.090878,403.199371,123.666893
235.888007,114.817146,404.111993,128.303467
234.585406,117.793144,405.414594,127.354401
248.519891,120.372646,391.480109,122.052574
230.607373,120.586258,409.392627,132.998520
247.042258,121.751633,391.265656,125.034103
246.945288,117.020340,393.054712,143.607162
252.996204,123.054699,384.243896,122.542473
247.366153,118.949951,392.633847,139.312515
254.275224,125.338959,378.455353,133.701614
250.187212,121.763245,389.812788,134.318497
233.137460,130.468819,404.840759,125.078003
257.265923,119.434036,382.734077,137.579819
250.298077,130.255875,379.952728,134.558823
251.359005,120.019585,385.903748,135.730499
256.577984,124.638992,382.546356,141.038193
256.218106,130.893364,379.349976,128.967926
262.062069,132.511803,377.937931,132.067474
254.843870,122.476738,383.742615,136.275909
285.942991,125.871071,354.057009,140.541321
263.543670,124.334465,375.274109,129.058868
304.632842,124.439056,335.367158,128.735062
242.142486,133.427422,390.600494,132.475739
274.458923,131.522789,365.541077,124.269379
250.586914,116.589149,388.812561,140.516174
264.895721,117.951080,372.667358,139.493851
297.917923,131.697281,342.082077,119.967514
271.598839,119.318275,368.401161,137.379395
268.946651,124.796585,369.316254,129.968063
265.575756,120.417091,372.328186,137.745483
262.416607,129.850044,372.492432,129.164368
299.707226,121.821411,340.292774,136.060501
264.108694,124.734657,375.891306,134.919922
258.375194,131.634682,378.082794,126.399536
259.249492,124.471329,379.482391,134.509079
261.055964,125.407837,377.346130,136.037918
262.727580,119.096680,371.423431,141.682449
332.167949,113.804825,307.435028,151.868698
320.252086,137.720982,317.946808,113.221077
254.061778,130.236496,382.254730,135.115585
286.900386,118.396820,353.099614,148.936539
309.440732,133.225368,330.256958,126.208397
282.133817,136.241875,356.283264,130.719330
316.975339,128.145523,323.024661,127.382248
300.289214,136.901260,336.074036,128.874924
262.720107,132.330139,377.279893,134.767044
269.951881,125.410736,365.346741,133.846329
332.029472,119.222900,307.970528,133.755569
285.546566,139.834476,354.453434,125.845528
254.578260,122.126945,384.497223,133.942719
317.967512,125.219978,322.032488,112.070251
294.317817,134.189686,344.022369,122.298500
297.838950,126.843529,342.161050,136.981659
264.374690,132.722168,375.625310,136.610489
309.541288,137.352432,330.234619,120.703720
300.648817,140.159325,335.355377,127.823334
247.246885,137.220787,392.753115,128.488495
288.756606,117.897995,351.243394,141.694260
266.857307,140.599140,373.142693,120.214088
284.123401,131.630173,355.876599,135.517868
302.217340,148.935772,337.782660,111.405327
220.256253,134.643913,416.745972,139.401825
275.871213,119.808945,364.128787,143.458603
253.296706,133.295662,382.527802,106.953796
269.913283,139.976357,370.086717,103.111694
259.128150,141.189945,380.871850,99.765266
255.661579,141.516090,384.338421,124.826111
282.524271,128.804245,357.475729,140.919479
303.977574,137.627884,336.022426,114.202255
251.906435,137.739525,378.302643,131.316742
278.513140,134.463417,361.486860,120.346252
292.997827,118.923119,347.002173,146.249725
251.663006,130.461563,388.336994,131.057968
277.810705,115.237259,362.189295,143.701157
259.775882,126.520859,380.224118,129.279343
266.812959,110.612740,373.187041,130.788574
258.355836,117.494064,381.644164,122.537277
252.165924,119.545521,387.834076,125.614662
251.410980,115.427376,388.589020,125.254028
244.058395,120.996696,395.538086,108.286041
244.649765,115.257198,395.350235,123.020042
252.460503,119.060661,387.539497,107.190338
234.447552,125.603970,405.552448,109.468224
234.420172,127.776016,403.845123,121.762558
238.798559,131.187447,401.201441,127.520874
226.311587,130.647549,410.639374,124.767662
234.495837,130.144588,404.137573,115.992088
235.442325,135.372833,402.066742,102.478958
228.974795,133.878094,403.611176,108.429924
228.140674,134.592800,405.098389,112.281639
232.904147,137.240635,401.054596,100.369026
225.191424,128.789928,411.792480,104.894402
225.111209,133.724995,414.327057,98.793190
224.826709,131.361977,413.176941,98.829773
232.786151,137.782269,407.213849,103.732719
233.000741,122.124096,406.999259,118.101189
235.905858,132.643066,401.915344,116.486588
236.730366,131.993225,400.804291,109.164078
225.248204,130.995361,409.253235,126.441910
216.733021,132.185375,402.568756,104.922112
177.216313,130.065170,427.105835,105.894211
180.208256,130.616894,433.149902,112.257805
176.892567,139.378567,432.447418,110.858727
178.440053,146.589417,411.979767,90.894913
150.854985,132.793045,431.202820,108.454208
171.411687,142.038212,449.131897,94.611092
170.489934,144.561161,435.715698,97.874397
177.020238,141.227249,428.750427,106.885117
175.683919,144.038441,441.380707,105.038124
164.500676,138.149654,437.159790,100.818993
190.809743,131.222321,432.819366,107.220047
172.364842,147.502228,445.974670,92.558792
175.977040,143.547646,423.246124,110.372375
177.141209,141.560814,440.327698,99.200287
180.811543,144.685108,436.331879,104.032753
177.697209,144.271286,424.716553,103.411545
166.598469,149.387066,441.531952,100.341118
183.680363,144.429470,418.402222,103.924034
171.903691,138.764271,433.881836,109.568275
159.340916,149.535416,459.826721,98.063828
165.038518,144.649738,442.469604,105.045265
169.425221,154.060905,436.017853,94.946320
180.550191,141.800854,417.759735,104.991997
181.582402,144.906002,442.226929,97.513878
184.829594,145.780441,432.524780,100.926010
177.752324,146.848255,437.816895,105.596291
193.683125,139.766430,431.470795,108.565239
184.090916,146.217136,427.034851,109.950447
197.243260,141.653885,425.857849,104.179855
198.917821,144.021713,427.253845,107.179916
191.443898,146.770134,424.424835,102.916351
174.994786,153.647694,428.259644,100.953346
206.121846,139.468052,419.947418,107.413582
191.579121,151.881142,436.292633,101.185791
174.967625,151.231834,435.614746,98.940094
189.547322,141.232582,417.834015,105.651367
179.696904,143.516293,441.398132,103.089317
187.604268,148.643284,434.449005,96.986336
184.997731,142.632870,435.581024,102.522240
177.359441,146.128613,431.596252,96.955681
177.988637,144.757885,440.753143,101.680656
169.969640,145.173943,433.546631,109.366119
172.983525,150.670181,441.398254,101.709702
177.971242,148.041061,431.955658,106.870041
175.922536,150.359459,413.322235,107.179047
170.081212,148.375954,431.579712,102.886658
184.179646,143.989780,407.347687,99.345528
173.523762,140.062904,428.000031,107.796631
172.887273,139.467739,425.057922,94.181786
177.721898,142.941841,424.024658,93.027405
187.499943,141.073929,417.073853,97.574020
188.673375,123.425892,420.826111,112.370338
176.829335,139.377842,437.205841,94.300301
