540.000000,366.000000,151.000000,53.000000
536.740181,362.966579,149.926132,57.506172
530.558395,356.188192,149.878540,58.960468
519.057159,363.163084,149.864960,57.000797
519.531181,368.924978,147.431381,57.618244
516.417038,368.318018,151.061066,58.616070
517.827560,368.660360,149.626526,57.940815
514.200378,368.203671,152.006104,58.380226
513.272766,366.734865,149.610138,59.308804
511.409653,366.236893,151.197510,59.507202
513.073067,366.335402,150.391739,58.381290
511.940689,363.239956,151.858856,59.601387
511.792625,363.860596,151.950607,58.631348
508.686104,359.796358,152.754715,58.451046
505.386772,352.208569,152.650131,58.647530
501.043533,344.080587,151.282593,58.265125
496.062225,336.337866,151.770966,57.875965
490.798386,328.633966,153.762390,58.402599
490.141487,328.691128,153.059280,58.453651
485.353981,326.192884,154.116776,59.018925
481.278969,324.724781,154.652267,59.259239
478.875359,324.528181,152.312149,58.593754
477.130943,324.198036,153.654648,58.640457
478.080498,322.652819,152.086563,57.776302
476.456482,322.506332,153.213074,58.063110
478.757118,317.464245,150.732651,59.040749
480.509979,316.448389,149.738495,57.575573
482.125824,312.935951,151.987518,58.853287
486.772392,311.776928,149.313705,58.442513
489.584587,312.519650,154.619125,58.463173
488.996948,312.801044,154.157654,58.282402
493.308662,313.461670,153.510941,57.690582
496.848587,313.490801,154.586426,58.506344
502.468330,315.703423,152.390182,58.502213
507.281013,318.095066,152.409164,58.047691
508.954010,318.740276,154.227936,57.892433
509.617935,318.937473,153.536987,58.427238
509.581078,320.095436,156.257797,58.744614
510.225327,320.578241,154.436615,58.911175
510.808533,320.593187,153.489349,59.696804
510.019783,321.326788,155.587784,59.908405
509.834427,323.022577,158.825348,59.146069
510.705994,323.049421,156.671814,59.425663
508.465851,324.293928,158.420776,60.431339
509.714584,326.195030,157.604950,59.342575
509.343864,327.650093,158.607010,60.082291
509.791306,329.508539,160.250336,60.061321
509.475441,331.456575,162.008224,60.012569
511.185501,331.961439,159.298401,59.860600
510.511620,334.044277,160.944962,59.720589
512.213501,335.117186,159.377075,59.625736
510.712814,333.455866,162.996155,60.773937
511.730247,333.038008,163.130692,60.893711
512.048698,334.009489,163.670853,59.552677
511.524414,332.820478,164.396057,60.635166
513.342010,331.963694,162.402222,60.891949
510.965866,331.168131,164.605255,61.115582
511.677948,328.359505,165.496643,61.971817
510.332222,328.335804,164.447281,62.242729
508.646217,328.892710,164.785843,61.779797
508.516167,328.305788,166.015274,62.581753
508.143158,328.445869,164.770691,62.514786
505.657295,332.213552,166.773697,61.266224
506.293022,334.204121,167.033554,62.400230
506.240196,336.907951,168.142380,62.234879
505.450745,341.227045,166.370148,62.102306
505.765045,339.779636,165.898315,65.298180
504.114677,347.176174,168.369278,60.799232
503.538208,354.061266,168.220459,62.410641
508.603973,362.368589,165.572754,62.196629
512.625153,370.805916,168.282776,63.177444
512.714058,370.181190,165.433456,65.609268
516.433418,378.874975,168.973312,62.262287
521.338959,384.468369,169.466614,63.301086
525.664482,390.981663,169.677811,64.426842
529.938835,394.894173,170.625443,64.015274
528.430252,396.337093,173.144928,67.050514
527.924644,395.821182,174.114761,67.581421
530.211479,396.063263,173.031265,66.873993
526.274864,393.579231,177.234634,68.553238
527.854393,391.403824,177.329544,68.221069
527.814049,387.547573,180.776505,68.664467
529.046623,383.936863,185.256973,68.619835
529.113083,384.954639,185.580231,67.396599
531.149368,381.334728,187.785492,68.091133
535.408463,379.828835,190.222321,69.399246
539.227432,379.925560,192.605743,70.233383
539.251839,383.147541,197.769455,71.247307
546.780472,388.994781,198.509003,71.125519
544.722488,388.882355,199.860565,71.948700
549.660675,396.905666,203.829102,71.746254
554.146805,407.244942,207.348724,72.867996
559.685875,419.545570,207.593887,73.120804
561.703537,428.579330,213.039520,73.630249
561.353165,436.926151,216.604523,74.043663
560.279625,437.970455,215.840897,73.469826
548.300858,441.639824,218.457672,72.798813
542.673752,443.857685,218.856537,74.706352
533.518272,447.575226,221.779373,75.071686
527.229012,450.584244,222.727768,76.463989
515.898918,453.807583,226.205887,75.950050
515.497025,452.609135,227.203156,77.501732
507.976250,453.211567,227.739090,77.552177
499.810951,450.057476,229.793259,80.309395
494.072952,452.038319,231.264679,78.840691
489.280281,452.332439,232.360764,80.203072
485.567551,451.330978,237.891083,81.178345
485.523102,452.205235,237.848511,80.445641
481.208885,449.890942,241.001541,80.839668
480.607986,444.468590,242.133942,81.492966
479.073555,439.629314,246.554184,82.103645
479.765366,436.703850,252.233734,81.873337
486.673706,434.247234,255.567810,82.199654
483.744690,434.235146,257.562012,83.180618
494.312653,430.180885,258.137878,84.920670
501.896347,429.548004,262.553436,85.356903
512.008682,422.428543,262.939362,85.952148
515.560455,421.080311,270.157593,85.482841
523.059998,418.680767,271.323059,86.079475
522.782486,418.709465,273.016510,86.454453
526.607773,412.974968,278.479706,88.847702
529.687714,408.788879,281.689880,89.543488
535.142517,406.147446,283.944031,89.106262
534.637421,400.034870,287.859497,91.328911
530.801971,394.055225,293.250549,94.281670
531.522873,395.966328,294.199066,92.105705
530.456894,389.424309,296.005402,94.732224
527.054855,385.399887,295.834076,94.607605
519.994019,385.072159,292.435425,91.303650
513.701141,381.964928,295.415466,91.084824
509.871002,380.613029,297.940491,88.652695
508.297577,381.832092,300.815796,88.171661
507.646301,377.298672,297.296082,88.896828
501.866379,375.979805,289.530792,84.909805
499.949280,370.903542,283.835266,85.491776
494.592148,368.070633,284.795013,81.465454
493.979950,365.786503,279.370056,77.761070
493.799301,365.692871,281.116791,78.072906
493.278015,363.587563,273.796448,73.488297
495.486221,358.051281,267.097626,72.648628
495.959045,353.380032,263.403137,73.796242
494.535538,351.396397,262.357147,73.169212
497.694550,349.918140,242.707275,74.165642
494.866745,348.312809,244.849579,74.082481
495.728745,349.967098,212.277130,72.301247
494.726624,350.584126,174.252014,67.443840
497.290947,349.428596,244.261307,70.265579
493.888832,350.780910,247.872360,67.233620
489.903252,353.345127,249.590347,64.922203
490.452621,353.447842,249.636261,67.679176
499.427757,364.714897,241.357010,57.795578
571.158684,367.866125,167.019974,51.110249
542.049255,370.870422,198.400848,48.922638
523.853043,364.585970,219.009552,54.826748
525.284615,363.815680,219.678146,53.574604
523.350677,362.913727,222.217346,54.667694
529.082603,363.295830,219.639236,53.258163
535.957550,365.348705,218.282898,51.059151
543.805000,366.325964,211.901840,49.868000
549.487091,368.539549,210.972229,48.850559
556.160034,369.173964,207.687744,48.498447
556.309845,370.151186,208.818848,48.192135
560.296623,369.931492,212.366592,49.565300
564.820404,370.221737,217.747681,50.796455
569.930138,370.375807,188.973770,52.858372
571.553665,371.196867,159.771851,52.466373
573.853119,370.574039,228.593109,55.793968
571.966759,372.019114,218.164352,53.381847
576.858948,371.179762,232.486237,52.783695
578.431030,375.845568,238.057343,56.290218
571.949905,394.194471,248.225098,39.136906
602.421043,389.677460,217.392868,43.479797
560.478043,375.051798,267.668304,58.143719
567.932312,375.575232,259.257141,57.338795
559.205978,372.719984,243.148285,60.207432
556.993164,374.447124,289.421753,62.381386
549.050247,371.342216,281.238739,63.743423
542.214600,369.650030,284.527344,62.414295
521.095856,366.017765,303.581482,68.213493
536.889175,368.560783,290.620392,76.090225
480.379089,368.570053,347.103699,67.256805
530.500015,372.992491,295.906036,63.654911
508.305038,375.364868,317.371063,56.810120
496.786331,371.107153,331.738556,59.096607
485.147354,368.096296,335.916351,62.103428
482.890060,367.179644,335.533417,63.174953
475.056686,365.764950,345.068085,64.195869
469.401611,368.252666,349.959473,65.223000
463.859818,375.434875,359.185699,65.243103
464.424133,379.579731,359.864563,66.358238
460.434006,382.074856,367.528168,67.388618
456.223541,381.649498,368.685303,67.994034
457.266708,382.177200,372.084930,70.498016
448.689758,382.699081,381.666870,72.991791
435.565399,380.549473,393.138184,75.122246
426.601028,378.072681,397.111725,76.759361
420.012527,374.894440,399.910492,78.751282
421.959976,374.305267,397.714630,79.842163
418.177795,372.078915,403.036011,80.295784
418.721268,369.976768,405.660187,82.464859
414.313400,364.752941,413.500336,79.942909
416.643204,359.928032,411.209991,81.244034
422.628159,357.300396,411.757477,81.940224
423.862488,358.042011,409.402588,80.207542
430.321136,355.709400,400.550598,82.408592
427.710129,356.921829,407.653778,84.014984
438.383652,360.016640,397.029083,83.144272
451.570023,361.397125,393.861420,83.871094
458.657822,366.232044,383.689545,85.161339
460.894760,367.975357,392.827301,81.406464
468.304565,372.482559,385.096802,81.938690
478.737488,378.441807,381.498230,80.384758
488.287170,383.516083,380.445190,79.074768
493.594833,388.270279,373.740509,79.006500
505.754807,394.052372,359.651398,76.159355
497.508057,393.430546,373.494568,80.535515
509.266129,396.111485,361.963043,78.527275
512.904343,399.667362,359.881927,76.412346
511.748672,400.317501,357.376434,75.110970
526.875366,397.998444,347.677490,73.044250
531.756516,394.800522,344.182281,71.304352
528.505112,393.025623,344.678741,74.352135
542.742035,389.505501,328.097717,69.466110
549.785034,386.224976,311.991394,65.991943
552.750305,383.123093,307.309204,65.813934
556.071426,380.839703,296.043182,64.821266
554.111542,378.871799,286.638733,64.850517
555.002792,379.538303,284.329010,66.121696
550.343246,379.692247,276.792938,63.682949
547.342819,380.337231,265.402740,61.807472
544.694641,381.321753,254.606628,60.841175
536.670364,379.372656,246.129242,59.190784
523.776001,378.698343,246.109497,55.000774
525.246704,378.389133,237.360535,57.240654
509.584328,377.532808,237.206039,52.111813
495.435043,374.812313,231.784088,53.587349
481.813957,374.421709,204.319473,51.501247
474.220581,372.115561,198.852264,53.813374
463.680153,371.831961,196.529221,50.944477
465.218857,372.195761,194.646210,51.331074
459.366791,369.679735,185.303375,52.868465
464.143318,367.914621,176.655869,51.952007
466.440514,365.805700,171.864304,51.322071
469.713623,361.127296,169.007233,52.474838
469.336624,354.988176,174.692932,53.063931
469.429260,354.830847,174.378815,53.665913
470.310196,349.940208,165.407043,51.589218
461.281860,342.268497,163.432159,54.250999
454.046951,335.004622,156.761932,53.428562
448.519363,329.029718,150.667023,52.902325
438.081032,323.977365,145.007980,52.710888
427.673126,323.911245,155.297821,52.128834
431.744240,322.739994,138.942337,50.823601
431.353691,323.165033,133.701035,50.752300
431.217331,328.407785,132.819427,51.246868
434.712605,332.551085,126.412498,50.640293
440.585091,335.066597,127.227554,48.790909
440.039650,335.257080,127.296066,48.489807
452.779331,336.125378,122.958549,48.971107
464.565018,336.196901,117.371460,46.369289
470.953815,336.466768,116.920921,45.185146
480.661907,335.805531,111.826393,43.855614
490.113232,335.889664,107.985939,42.079407
488.611820,335.657156,110.572838,41.475422
493.727425,334.735506,109.316910,40.400631
498.444088,334.532236,106.100471,38.431316
502.726871,333.544321,103.414024,37.737469
506.680794,335.507002,100.484055,37.337040
511.352257,341.569763,97.439804,36.242615
511.309902,341.552492,97.651070,35.641903
514.198826,349.622286,97.116508,34.320827
522.355038,356.845606,90.345558,34.889385
525.691460,363.035944,89.886887,35.441326
529.513748,371.141211,88.525299,33.292164
529.722706,370.326323,88.420555,33.020329
533.951588,378.460026,87.137779,32.564629
538.042515,384.059925,86.162865,32.304710
543.668911,389.141054,80.915718,33.465694
543.711296,395.014454,81.665421,32.562126
542.522663,400.565378,83.221306,32.055462
543.209553,399.673227,82.871361,32.216961
544.354778,406.917259,84.191017,32.146072
545.152699,414.242256,85.150780,31.769821
546.883293,419.151030,86.870438,33.414005
551.414566,425.864159,87.232056,33.803970
555.294594,431.982235,88.848434,35.681679
555.871475,432.158266,88.715424,34.863857
561.790035,436.732944,87.871864,37.354820
565.962093,441.295795,89.620796,38.775810
570.278584,446.121023,89.956322,40.945240
576.889687,449.422062,88.651016,40.973808
578.466057,452.385666,91.990799,42.666168
579.342953,452.593300,91.182014,42.572800
580.842529,453.385752,91.846069,43.018993
583.837833,453.181141,94.428764,44.521904
582.678715,454.462337,95.924461,46.454109
583.077286,454.632713,97.587128,48.029373
583.702446,455.163694,99.137955,48.711338
584.384571,454.484560,98.539421,49.165279
582.854328,454.301699,100.964622,51.472408
580.994434,454.344120,104.485680,51.978416
581.716137,454.155848,106.619759,54.014629
580.657444,455.243382,110.937553,55.766441
583.834820,455.347513,110.187294,57.665661
585.402008,455.181932,109.386932,57.322506
583.550716,455.642815,113.986519,60.780869
583.797241,455.447008,113.658600,61.699398
583.553165,455.978868,116.689964,63.492306
581.844677,455.533932,119.062782,65.442787
580.572128,454.566483,121.461060,67.824493
580.473488,454.896526,121.744278,68.010780
578.650787,453.250320,122.785919,69.305115
576.869232,449.420097,122.691956,71.229263
578.792442,444.758228,121.456497,70.647240
570.904938,439.660564,127.887421,74.418800
577.675816,437.455894,118.966911,70.145126
577.091721,437.736362,120.093323,70.767357
576.373669,431.314819,117.310158,70.244995
577.273010,425.623508,113.913940,70.989525
578.326900,419.742416,112.032539,72.063995
576.907192,415.608246,109.529488,72.781342
576.353401,412.465797,106.924545,72.605240
575.642181,412.363453,107.681702,72.507225
575.108753,409.507233,105.621452,73.548248
573.707310,409.401661,102.049614,74.334099
568.603291,409.758713,101.542625,73.885376
561.488491,407.410175,99.936745,73.697136
551.849152,404.603836,100.039398,73.102570
552.467533,404.836464,99.686241,72.775101
545.483234,399.422863,96.025139,71.752724
536.381676,397.261238,94.089645,71.345200
528.878326,395.521107,93.602539,71.927513
521.854069,396.349720,91.636803,71.521324
515.336021,396.841179,91.754257,71.765427
515.644630,396.539906,90.652908,72.499809
512.222393,395.650074,89.026741,71.330803
509.617294,396.073681,90.348511,73.145485
509.131348,397.647446,90.163269,73.017426
510.970867,403.608376,86.993660,69.611496
511.758156,406.839569,85.681656,69.746887
511.596119,406.446098,85.422935,70.199875
512.317085,409.026978,83.720352,69.644287
513.059410,413.500507,82.647659,68.227379
513.460045,414.787239,82.688339,68.581039
515.325466,413.154320,82.997475,67.422501
515.329945,410.674454,82.731010,67.654999
515.169254,410.528465,82.710258,66.880844
513.557175,406.163826,83.917816,66.485580
514.150986,400.904480,83.325317,68.104248
516.818615,394.857857,81.829720,66.514023
520.028103,389.198013,82.801186,66.329865
524.617760,385.929100,80.937790,64.319138
524.232349,385.647717,80.829063,64.915749
529.290298,382.445210,79.389435,63.077293
533.720951,378.736916,80.425804,63.217026
539.203674,376.412935,79.041779,62.763302
543.492432,374.625389,77.586609,62.184891
545.031643,373.234182,76.539528,62.574574
544.445271,373.359657,75.948448,62.468979
546.191517,373.954826,75.327568,61.648972
548.756783,374.538574,74.126205,59.949677
551.511211,373.361387,72.969612,60.975895
555.159172,373.421343,73.426102,61.671871
559.915318,373.700893,72.092705,62.874611
559.728069,374.015743,72.618874,62.798897
560.002312,375.352127,73.375229,64.964355
562.392059,374.406525,73.988251,64.938721
564.615223,376.058079,75.992210,65.599754
567.491924,374.822453,77.403481,66.968285
569.479256,376.763935,78.384232,66.265038
568.965736,376.910782,79.561966,67.030640
570.706490,374.296783,81.992142,69.582611
577.880962,371.768517,82.930489,70.961319
587.149639,367.797600,84.698555,73.372971
592.745499,370.908154,85.732025,71.985207
599.273441,374.201168,86.510216,72.262459
599.037075,374.619957,87.098946,72.424393
606.010780,377.053883,87.116623,72.187859
609.214096,383.457390,89.329651,71.868576
610.108021,387.267452,88.516136,70.016365
605.890530,389.431454,87.999641,68.810738
600.690823,389.631710,87.595772,67.205482
601.278053,389.799458,87.858261,67.642601
594.744198,388.558105,89.693275,66.083984
591.414303,385.453575,87.682899,64.211014
587.318672,383.672380,88.511032,63.680752
581.042377,382.185583,89.608513,62.307362
581.276249,381.167934,88.533257,62.098549
581.353371,380.539621,88.721268,61.484234
580.477173,378.609634,88.832153,60.545715
585.227097,377.901516,87.543030,60.955635
586.074318,379.845657,88.272018,60.295807
584.720364,384.591686,89.750374,59.357277
584.845203,387.819754,88.925926,58.656055
585.387856,387.440571,88.751633,59.490105
582.724018,393.820621,88.064842,59.037865
582.229664,399.914974,89.067558,58.033669
579.721210,406.823196,88.146507,57.537964
578.237148,413.059380,88.650764,57.416214
576.784412,420.225784,88.508965,57.931335
576.621895,419.632418,88.707901,56.582729
577.366669,421.537249,87.331146,56.986813
574.260090,420.013456,87.245049,56.729252
575.262096,417.183783,87.511482,54.819263
572.892017,411.600796,86.771690,54.786842
574.617889,403.040602,87.308075,55.163120
574.669266,402.619961,87.440155,55.992653
578.207584,393.305233,86.787468,54.535011
583.507809,381.655802,86.257668,54.434307
590.458759,370.732653,85.427361,54.745785
599.115028,359.813765,85.511795,55.031284
606.500767,352.993919,85.505913,54.036331
606.502476,353.168379,85.534996,53.743259
615.417240,346.492144,86.395622,54.023129
625.312431,344.819096,85.260086,54.214806
634.898697,347.663746,84.753387,54.818047
643.344284,353.908470,86.295685,54.055801
650.797298,360.777100,85.561226,53.365936
649.954834,360.656248,84.992401,53.846073
651.076550,366.673164,84.748726,53.467270
643.626400,371.200396,85.299812,53.749203
631.205830,374.395571,85.382072,52.527554
622.191978,375.461023,82.554123,51.782177
608.489838,371.440365,85.651764,51.153969
608.411636,370.733770,84.970764,51.844990
596.745663,368.745275,85.049263,49.620136
587.484493,363.865892,84.523476,50.246914
580.273335,360.841179,82.826805,49.325272
572.417282,360.094713,82.348419,49.803371
568.570198,362.256613,83.075180,49.632526
567.845516,362.155891,83.907906,48.582626
563.492138,365.993738,83.772224,48.824474
567.746002,373.702244,83.848419,47.941917
573.815731,384.145309,82.226509,47.783630
581.020256,397.257072,83.164902,47.561142
591.577789,407.291742,83.945312,46.698467
591.618732,407.662645,83.457207,46.364803
601.825848,416.956026,84.892342,46.180721
611.706276,425.880018,84.349289,46.559544
618.741421,434.571009,82.292976,45.351116
624.135284,442.042850,82.217834,45.651360
626.946129,446.569338,84.806137,46.206478
626.514629,446.870825,84.675270,45.012897
633.748936,452.938608,83.983940,45.469677
634.976589,460.133610,84.339394,45.796715
636.792702,465.473146,83.744003,45.408169
638.115074,466.872849,82.635391,44.884613
637.583866,466.468584,82.271202,44.146694
637.171940,466.178061,82.216942,44.012379
635.983932,465.106899,82.417603,44.425209
632.773651,457.329395,83.798431,45.073845
631.510193,451.586998,84.248322,43.740616
632.727909,446.456209,83.293083,43.541225
641.921360,437.133121,83.269768,44.766075
640.653912,436.933430,83.609718,43.884331
650.641285,431.931385,82.205986,43.990807
658.267948,426.836750,82.679161,45.294456
667.272392,426.673473,81.287766,45.261299
672.683971,428.939478,80.889015,46.294170
675.626537,432.472715,80.850288,46.947849
674.648434,433.024382,81.589638,46.076420
674.700485,434.940002,81.207733,47.165833
672.939537,437.370140,79.823563,46.886002
663.675224,435.662146,79.525558,46.713581
653.499290,431.879574,80.062912,46.454353
640.983303,425.292940,79.878792,47.347012
640.826015,425.299141,80.055550,47.549576
632.212513,421.225388,79.695335,47.451111
619.079342,418.825815,81.068153,47.226147
609.678375,416.518826,78.802368,46.808113
603.593651,411.582739,79.042740,47.607716
601.191105,411.296915,81.040672,47.352459
599.556644,410.677950,80.174553,46.483883
598.490025,409.489439,80.574852,47.259007
601.363697,410.281595,80.303215,48.298534
602.458263,414.656837,80.551552,48.463181
607.573719,419.574610,79.805992,49.181164
607.487839,419.462910,80.230194,48.579491
609.036724,427.274931,80.140205,48.073185
609.268650,431.635315,80.115257,48.424225
609.965454,436.170368,80.688049,48.895134
608.082661,440.417490,81.024925,47.501080
606.906002,441.235306,79.054359,45.515686
606.747066,441.414356,79.748512,45.533775
602.332466,438.787182,81.441727,47.060768
599.117882,435.231728,80.562912,45.690598
597.430122,431.494474,81.050613,46.360416
596.606777,429.796276,80.719063,46.076637
599.483479,430.036459,81.900841,45.818775
599.231709,430.157701,81.225151,46.003963
606.851345,426.682783,80.020882,47.202610
612.478554,426.210537,78.878403,45.934731
619.373272,425.443668,79.974037,45.307793
624.209934,426.616497,79.263298,45.720863
629.984894,433.401018,80.030853,46.771145
629.452297,433.949780,79.286507,45.339455
633.655144,438.796612,80.393936,47.938698
638.177086,447.638088,79.275711,46.072670
635.803368,455.388981,80.151535,45.783012
633.221222,458.821186,80.941498,46.953819
631.991570,460.389482,80.177811,44.311459
631.372910,460.797728,80.102875,44.172672
629.939716,454.789074,80.804131,45.354195
627.516014,448.700914,81.850266,44.993008
629.649830,444.271172,81.787651,44.343857
632.256809,440.109163,82.429924,44.320858
639.582657,438.766342,81.933441,43.024048
638.875492,438.909428,81.260674,42.690514
645.234032,437.522118,82.466293,42.662033
651.116528,441.880726,83.694008,43.092552
658.436359,447.549200,84.726646,43.223194
663.193905,452.144644,84.341011,42.774525
659.629845,459.916555,83.929672,41.408009
658.305107,459.394028,85.804794,41.871826
651.298542,463.144829,84.574791,41.940262
634.292221,464.583960,84.920135,41.540699
617.854931,461.329210,84.087502,40.713314
601.641132,455.951126,85.222191,40.745026
585.862125,449.796644,85.470360,40.880589
584.554394,449.863247,86.355202,40.647377
575.291542,446.733953,85.694412,39.862385
566.841057,441.628172,85.867508,40.181583
562.154152,435.311230,85.207993,40.202980
560.703587,429.487368,85.768974,39.664944
563.624809,422.776447,86.582504,39.073174
562.843853,421.891766,87.763100,39.722847
568.810692,416.090841,86.962509,39.987476
576.235287,411.611334,85.073738,39.811909
583.713551,410.003815,84.950066,38.205872
587.995148,405.550600,85.138702,39.067318
590.988270,400.538105,86.210625,38.896111
590.749634,400.943977,86.622070,39.109756
591.793568,394.697350,86.857872,39.030167
590.403320,389.018139,86.601837,38.458687
586.975460,383.526096,86.306038,38.040306
582.185188,378.136129,87.581497,37.965992
577.033649,373.144064,87.510551,38.788349
576.001457,372.902771,88.620255,39.102173
570.631172,372.321672,86.808456,38.721157
564.829887,368.729847,88.174301,38.583122
560.960434,366.484230,87.724548,38.367172
557.750366,360.959797,89.894531,39.195610
560.657219,360.576231,88.653610,39.464695
559.358631,360.839611,90.719353,39.842690
568.296185,363.162998,88.937386,39.313347
576.548218,367.656448,90.036713,39.647552
585.630760,372.312265,90.111130,39.828594
593.440414,380.678331,88.629608,39.374783
594.271980,389.778889,91.426559,39.286064
594.295261,389.494007,90.755486,39.672447
589.521114,400.473972,89.710823,39.416435
586.403736,414.025890,86.735588,39.050667
575.401249,424.319416,90.055992,38.855583
565.034355,433.261890,90.941422,38.817589
556.557350,436.979315,90.549423,38.358967
557.887753,437.598448,91.428871,37.886967
554.282005,438.488832,88.733871,39.053097
552.442390,438.032595,89.153702,39.099667
551.400551,437.335611,90.275864,38.681988
555.067863,434.661083,91.520676,38.810799
561.050213,430.894745,90.607033,38.251495
560.031708,430.137466,92.974487,38.377991
567.267986,426.290363,89.395668,37.348473
574.304314,421.374435,91.605545,37.814270
579.317642,417.846815,91.593384,37.769260
586.327282,413.045845,90.901924,37.872025
587.391914,407.666985,92.978592,36.845261
587.451817,407.485035,94.712578,36.990837
586.899788,400.082973,93.735947,36.422401
581.714794,389.754387,93.078712,36.909500
575.526955,378.448982,90.939346,37.692459
565.826668,367.870735,91.254501,37.244339
554.021317,361.012516,92.860504,36.994926
553.738186,359.775080,93.834908,37.351177
543.606838,352.592936,92.801399,37.848186
531.369682,345.808475,93.456924,37.506340
520.693222,341.035921,92.878601,37.640835
512.243816,334.838573,89.689735,36.877937
505.213150,333.592510,93.442413,36.933632
504.898754,332.916126,93.244911,37.566002
497.748711,331.381243,93.117935,36.950588
490.723217,330.540411,93.000130,37.404133
481.889954,327.473833,93.571930,37.237606
474.062191,326.533323,94.337746,37.387852
471.889881,323.208616,89.254692,37.427158
471.256439,323.573084,90.768311,37.809490
471.776226,324.086836,93.150459,37.757816
471.821156,330.261497,94.257866,37.321945
472.574635,335.701645,94.784874,35.819153
474.814018,342.291504,95.574722,37.375427
482.414360,347.823145,92.738632,36.993481
482.242004,347.141930,93.467834,37.300308
489.858276,351.879343,93.716156,36.409496
498.069031,352.198145,93.134552,37.922771
507.252888,353.588926,92.729820,37.802067
513.218933,352.318810,93.120148,37.562088
520.188000,348.262003,96.389870,36.739025
521.104439,348.175697,93.929001,36.383163
528.575912,343.952564,96.092194,35.866783
536.483719,336.987499,94.163544,34.878334
543.818378,329.165333,93.927422,35.308830
544.714745,321.728413,91.643539,34.972404
550.466114,315.604748,93.360222,34.909065
550.679073,315.844254,91.287361,35.296326
555.036869,308.858522,93.736320,34.958065
561.351700,305.710123,93.515106,35.006298
566.561005,302.836021,93.738037,32.694534
575.728966,302.997009,91.825882,32.771912
582.509712,309.484221,91.243942,32.519932
581.715107,309.931322,91.363792,32.998440
586.911781,317.510395,94.617691,32.044273
595.245262,327.069809,93.648239,32.692505
602.762852,338.493969,92.871513,32.698219
610.706528,347.176825,93.799408,32.069843
623.784351,356.239197,91.726891,32.440338
624.918446,355.929798,91.098351,32.924278
635.613110,364.773952,92.672798,31.423622
648.660366,372.278197,92.883430,31.767977
659.794785,380.936243,91.499084,31.428753
672.116653,389.652321,90.407928,30.653976
684.896389,396.010291,91.005043,30.185839
684.155834,395.911528,91.837837,30.376926
694.216175,403.467257,91.293419,30.057825
702.920509,410.730193,91.103836,29.766909
706.499653,415.837253,93.414635,29.759363
707.290588,416.153342,93.031311,30.214586
707.406395,416.916219,91.896622,30.295950
707.068275,416.681717,93.158981,30.625000
706.614960,417.754738,91.561340,29.756058
705.295479,419.464737,91.948166,29.198669
699.638397,422.925186,93.540283,28.841522
697.653305,422.656218,92.603058,29.565342
696.624241,420.149202,91.909813,28.539257
696.713619,419.433354,92.224556,29.073950
696.549686,417.591962,90.177422,29.330557
694.784012,414.461323,89.317627,28.093971
693.851795,413.115887,90.113457,28.336662
691.558109,414.247343,91.420921,27.618488
687.184868,415.445683,92.814728,27.556999
687.547016,415.103529,90.963127,28.178394
682.280746,416.629079,93.475372,27.112082
677.227787,418.747144,92.033974,26.853292
671.538036,419.822951,92.073433,27.160662
666.067719,425.778989,92.446838,25.838339
659.183609,428.985147,91.247269,26.185560
660.585842,428.824573,90.226479,25.972055
652.114685,433.550141,91.482910,25.247709
644.773457,436.463535,91.517708,25.725548
636.832577,438.661271,93.562340,24.997953
628.463860,440.103862,91.982452,24.214151
619.747608,439.220986,92.561302,24.194990
618.746864,438.790010,93.178238,24.188457
612.259464,438.107588,91.409996,23.579243
608.758236,439.162698,93.676537,23.966993
609.368607,438.300072,92.222931,23.837662
609.413361,439.335082,94.737122,23.662416
609.618179,438.283505,94.003769,23.512854
607.332714,438.615701,96.106834,23.722242
609.124836,435.226472,94.038933,23.353209
608.569141,432.064644,92.790581,23.273209
607.890327,430.891988,92.217163,23.406210
607.562599,430.626547,93.079590,23.460712
606.287392,432.196549,95.587753,23.304533
607.009018,431.365169,93.792038,23.487864
607.356667,432.281146,94.516006,23.537424
605.599564,432.706226,94.962677,23.458473
607.517441,431.006989,90.830078,23.139723
605.134258,428.166927,92.157036,22.429802
602.240257,424.949684,91.967377,22.458496
600.289318,424.215633,94.010277,23.412834
595.267437,421.497389,91.349434,23.090504
589.257236,415.635026,92.538750,22.888121
586.023739,411.915614,92.254723,21.907404
584.957077,409.743014,92.703613,22.099665
585.187489,409.266597,93.774239,22.838282
583.125370,409.157200,95.398674,22.973244
585.397236,408.403285,90.422447,23.588144
587.878536,406.717314,90.641991,24.266132
588.931705,408.865004,91.366722,24.034458
593.150425,411.049345,95.566261,24.811695
594.371765,411.408701,94.393112,25.290234
602.449680,415.186473,93.249641,24.131525
615.994759,420.658455,87.862610,25.385117
624.225521,425.963905,88.843056,25.529129
632.976971,432.760509,93.652596,26.950401
639.575481,437.455588,90.077339,26.243990
639.939598,436.549641,90.759109,26.675102
642.653450,442.016909,91.828415,27.143948
648.500221,444.564887,89.847580,26.749498
651.143673,447.454178,90.732170,26.503754
652.448925,445.972154,90.479790,26.593763
651.456516,440.651682,91.507515,26.390194
651.691357,439.833619,92.287682,27.753355
649.758991,431.884561,90.715828,26.628950
651.696873,421.478445,89.919014,27.003132
653.529163,407.001464,90.128593,25.875612
656.013710,393.297680,89.361359,27.118645
660.091179,375.629025,90.931396,26.529732
660.836304,374.539351,89.381775,27.319750
662.460384,360.393552,89.162041,27.140615
663.759094,348.550255,88.396957,28.689499
662.215618,341.101457,90.888664,26.655333
665.050716,337.655377,87.442711,27.571737
663.849548,336.970315,88.124893,27.733854
663.787186,336.516418,88.504303,27.827713
663.224556,336.852183,88.143066,28.186243
661.505241,337.507655,88.621582,27.136133
658.822845,336.526635,92.091675,26.846601
655.497257,336.923873,91.156120,26.997942
649.210274,337.335863,90.604050,27.282986
649.887409,337.876995,89.202675,26.903099
645.215408,341.162149,90.869446,26.203945
639.272919,351.433564,90.097565,25.485670
636.211224,358.036819,90.224648,25.920914
633.531296,363.693822,91.345642,26.909643
629.457458,368.722618,91.402817,25.574493
628.216129,368.191365,91.724892,25.833120
622.428085,370.778091,91.681595,27.404999
615.578579,375.279803,89.462044,24.961878
608.949482,380.265095,89.040749,25.789330
598.765236,383.612699,90.032486,26.143286
589.391521,384.852233,91.974663,26.624392
589.348907,384.888478,90.686844,26.888235
580.934330,383.394730,91.965355,25.746552
573.451298,381.841570,92.445061,25.879070
570.531616,379.273857,89.111481,25.752182
562.215126,378.154638,93.713516,26.528400
559.724785,375.677429,92.381439,25.721085
558.942417,374.020707,92.461296,26.732634
558.247063,371.849059,90.857529,26.560335
557.285275,371.437294,92.818825,26.569122
558.491409,370.702666,94.633606,26.796953
558.024857,370.211206,91.958923,26.542477
556.391998,370.000329,92.781174,26.358503
555.989319,369.707786,93.318558,26.615145
553.823257,369.401089,92.796188,25.439430
548.869370,370.974040,93.419006,24.993677
543.464073,375.143892,90.327469,24.235912
535.121212,379.671463,90.742653,22.772278
524.334011,381.430084,92.081902,23.900101
523.534603,380.893607,92.513268,24.507189
515.516998,383.932372,92.454468,23.632631
505.799023,387.778929,94.548042,22.896809
498.177097,390.985564,93.467216,22.684740
493.035793,393.129753,92.279503,22.570587
487.550423,394.134105,89.753769,22.286524
487.675133,394.864393,91.305603,21.937168
489.096451,391.542554,91.310944,22.543539
489.171265,385.747534,92.392883,21.274784
494.148163,378.010348,91.372437,22.281076
500.204559,370.004762,93.526688,21.535780
509.716190,365.792713,94.285103,21.378029
508.896538,365.168896,93.325165,21.672585
520.047920,360.191161,93.706055,21.128847
529.205273,354.754067,94.482002,21.313139
536.022972,346.629231,93.636124,21.140265
543.788204,339.288195,92.502693,21.040936
548.267567,335.639815,89.887260,20.731478
548.167381,335.193402,90.059311,20.949316
555.494080,331.653719,91.716370,20.392315
560.360054,331.243151,92.576645,20.643871
566.459808,329.475627,92.217285,21.404779
572.401981,331.071897,88.449760,21.321829
573.966320,334.337379,90.156181,20.943436
573.954655,334.586381,90.146996,20.668745
574.411041,337.199794,92.381042,21.048960
574.003735,344.143085,91.474831,21.074196
573.934769,346.565485,91.048706,20.862713
577.774319,348.561082,88.252831,20.752760
573.562565,348.904415,91.786797,20.472298
574.319530,348.223254,90.938591,21.150217
571.793262,350.129670,93.942284,20.712324
571.743176,348.235751,94.572731,22.545343
573.449951,347.227736,89.592789,19.667879
574.702015,345.220463,90.855324,20.819405
575.654274,345.160261,89.887650,20.714176
574.238861,345.192288,90.773285,20.468710
578.382778,346.940992,92.092125,20.938892
582.729733,350.760805,89.079460,20.029659
587.314232,351.808956,87.438522,20.973946
590.778404,357.255358,88.076797,20.058437
593.623112,362.086614,89.855309,19.428488
592.956818,362.312426,89.648849,19.840206
595.531197,370.500854,89.831772,19.891344
596.088829,377.925122,92.420212,20.009771
596.925869,387.532166,91.304008,18.802824
594.441463,394.707693,92.486229,19.441608
594.203899,398.087847,92.541557,17.616314
594.670399,397.880728,92.804253,18.036945
591.745304,399.317946,90.560310,17.090273
590.413509,398.870954,91.921440,16.445120
589.127041,395.344677,90.191734,16.469475
584.791996,394.710162,92.499184,16.472467
583.047855,393.319910,91.769127,16.602993
581.501827,393.099601,93.344826,16.274126
581.054703,390.439924,90.732925,16.258244
578.108170,392.322620,90.398178,16.272377
576.547638,394.870678,91.434814,16.284477
576.245125,396.672138,91.541443,16.276558
575.507111,400.056332,89.781937,15.869408
576.246414,401.349404,90.364822,15.690917
574.288101,403.514497,90.107132,16.336683
576.027630,405.249261,90.677238,16.725309
574.993813,406.013125,90.276108,16.552301
575.872982,403.166553,89.260124,16.609077
576.401833,400.113124,90.611115,16.722330
575.647945,400.065557,92.896294,17.760321
578.388939,396.102374,89.072098,17.370523
576.840515,397.291639,91.193481,17.509647
577.079365,398.632281,90.064568,17.431192
576.564735,402.724122,87.512711,17.844236
575.810680,406.952714,88.499947,17.886305
574.088406,408.069327,90.115181,17.836489
571.433460,414.925315,89.188728,17.648043
570.419277,424.121772,92.946846,18.216204
570.770008,431.671360,90.899284,17.789009
570.597767,437.855761,88.532173,17.519833
569.843830,442.965672,90.997414,18.147728
568.904552,442.949022,92.700676,18.781399
569.325859,443.194201,90.795425,19.015696
570.041088,442.431144,88.854073,18.121111
571.118389,440.979686,88.405952,17.513712
574.250179,435.092978,89.770958,18.677629
577.143108,430.751007,88.013741,18.393921
574.881248,431.192662,92.514801,18.166021
576.930275,423.511519,90.689728,18.372179
582.707958,417.123633,86.315056,18.743258
586.450974,412.430774,85.426544,18.524042
588.924828,408.614612,86.627579,18.654718
590.635891,407.138609,86.256660,17.585514
590.861584,406.642246,87.212013,18.753136
593.540001,403.019318,84.504730,18.483109
590.594666,399.657376,85.964127,18.384207
587.336430,395.731570,85.691399,17.964136
583.812836,393.204436,84.373398,17.535234
579.118221,392.722569,85.980690,18.677374
577.404995,391.752479,86.622765,18.000093
572.242477,393.337825,83.939468,18.942682
562.636299,394.882647,85.863708,18.938335
547.287117,398.614154,85.153778,18.333963
536.519260,400.177627,82.362709,18.682634
521.237301,404.786972,82.310143,18.273544
519.834530,404.796127,84.821846,19.313629
505.911686,408.752144,86.269569,19.181290
495.628674,412.007236,84.285774,19.150536
489.377243,416.914839,83.360794,19.038410
489.392277,420.001911,84.448204,19.301537
490.529587,426.427587,82.906403,18.699499
489.869164,426.425991,85.658920,20.109291
497.629768,433.349107,84.155563,18.958647
507.095779,438.473632,83.557953,18.927187
515.466061,442.112940,83.711372,19.151028
522.195759,441.008625,85.100548,19.286293
530.400219,437.924578,82.741783,18.620144
529.352146,437.426728,84.335243,19.104216
532.595985,432.313917,82.848755,18.620808
529.021305,426.932890,85.577873,18.280811
529.491608,420.825164,83.851028,17.886156
522.912907,413.911706,83.000526,17.918104
511.249367,408.401290,80.975494,18.213579
510.473297,408.431176,83.255280,18.621733
500.446556,405.452180,80.287415,17.663954
495.342525,402.088622,79.971199,17.946840
489.970840,401.067357,82.574402,18.453909
488.824707,399.402605,82.658310,17.362316
494.024384,398.786965,81.597198,16.829847
493.507030,399.073197,82.582466,16.856474
503.137459,399.281413,83.914978,16.679605
518.511326,398.708564,82.172371,16.674288
532.064274,397.721898,82.443214,16.894506
545.592983,394.267588,79.907539,16.943066
543.935852,395.078032,84.560059,16.543306
558.990475,389.206708,79.867348,16.934149
568.393745,383.730522,79.316696,16.471329
576.312302,379.646329,78.333801,16.580999
582.196384,376.562232,76.488884,16.405031
583.159813,374.340292,79.400711,15.959263
582.657269,375.270643,80.194771,15.752538
582.053368,371.543168,75.083176,16.131941
575.020153,371.396399,78.184776,16.886660
568.901363,370.016652,75.693169,15.546576
561.591099,366.777057,75.995674,15.657572
554.623749,364.592341,77.294891,16.438532
555.078217,364.700652,76.733047,16.861147
552.416122,362.105087,76.542999,15.798386
549.088604,361.031201,77.943855,16.236227
552.513031,357.530469,73.586716,15.921620
553.219585,357.442902,77.299690,16.469406
557.390350,356.293714,76.573105,16.184774
556.332668,355.959044,77.816109,16.064579
565.449909,356.455409,74.600517,16.214716
572.406292,355.828266,75.802528,16.967201
583.655617,360.529399,72.505371,15.196390
591.188095,362.099146,73.763443,15.524181
595.116947,360.675893,76.778618,14.884130
594.788227,360.957563,77.324394,15.088139
602.331200,361.315849,77.228333,14.525024
608.664837,358.715731,72.982567,14.123959
607.423531,357.366778,75.487366,15.061915
606.643009,355.363763,73.946327,14.302075
603.830173,354.092518,75.212456,13.793861
603.581615,353.675820,76.062263,14.418334
602.443367,353.805857,75.041458,13.532420
604.747234,356.189960,73.212746,13.613764
608.553513,360.057056,70.906448,12.677682
608.332779,363.836597,75.013794,13.969673
612.797832,367.550229,73.427696,13.145422
611.616051,367.656864,75.151657,13.603127
615.016861,370.933899,72.952057,13.642684
616.299892,370.405632,72.893349,13.669906
616.344418,369.326354,76.391731,15.041965
620.920788,368.039143,74.275963,14.329750
627.107517,368.610160,76.236778,14.282426
626.844944,368.732055,76.008659,14.408510
635.308086,367.279833,75.098640,14.868602
642.899441,366.972948,76.035896,15.205532
648.581322,365.895743,75.175232,14.656191
653.990208,366.991518,73.751534,14.588253
656.713440,366.572021,74.724411,15.266649
654.641293,366.581835,75.599449,14.976925
657.507816,367.738593,73.395592,14.873828
658.614300,366.512777,74.985680,15.228444
656.793797,364.223983,69.971596,15.843263
651.191898,357.330992,73.998543,15.197926
644.532249,353.564019,69.281876,15.535917
642.250206,354.239205,71.172760,15.208709
633.392838,354.667674,71.772568,15.026515
627.808834,355.163666,71.649467,15.433776
620.136253,359.815272,71.026901,15.529338
616.028545,363.869576,69.550941,15.911573
612.597599,372.252276,71.690468,15.521525
611.177055,371.643394,72.886902,15.410112
615.253117,377.388482,70.155083,14.670378
619.916008,382.260305,68.740234,14.859669
617.118706,384.296762,70.803192,15.040403
614.035316,386.137614,69.411148,14.998973
611.005493,387.328069,71.887039,15.412297
611.130413,387.316542,71.908501,15.467990
609.161011,387.677714,70.313354,15.366481
606.306438,387.438524,70.264565,14.997753
604.022888,384.987936,67.981873,15.253833
599.375607,380.847381,67.766380,15.709779
593.830627,376.963892,68.558426,15.457897
591.910904,377.902175,70.940018,14.747422
586.163795,374.675798,68.823227,15.676038
576.309387,374.549847,70.858597,15.492103
567.555984,375.299944,71.980804,16.588619
562.623119,379.480007,64.068977,16.970055
554.349804,383.073379,64.174263,16.391588
552.857826,382.511010,65.855133,16.504332
548.205585,386.161809,64.643837,17.298635
540.156105,387.636562,68.311401,16.801277
540.767061,391.972821,63.042095,16.689154
536.953930,393.198930,65.659447,16.291624
532.587494,397.660299,66.048737,17.141895
532.992630,396.953825,67.471558,17.103809
531.193623,399.098243,68.308372,15.975144
531.667740,401.906744,66.681870,16.676060
529.156094,405.689968,68.112755,16.218773
527.263054,407.964661,65.206329,16.221649
527.189468,409.197314,68.261200,15.470988
526.174240,409.985637,69.602707,15.477015
527.152401,411.669919,68.533455,15.153798
529.442787,414.009964,68.029373,16.230743
533.010101,417.371067,70.435471,14.485680
537.229538,418.431477,71.702332,13.830086
544.844746,421.582867,67.254051,15.218894
543.702595,421.923179,68.265999,14.421144
550.001499,422.387275,68.726372,13.446795
556.710976,423.793576,67.524170,14.270164
561.126331,425.767228,68.712013,13.704787
564.281708,425.539219,71.718185,13.464912
569.173248,425.782730,70.142517,13.429932
569.117348,425.892383,70.963196,13.753641
573.731155,423.762130,67.098221,14.098040
577.914391,421.921388,69.735779,14.605176
583.859543,419.697786,69.251068,14.016262
592.532394,417.037791,70.656479,13.566538
601.010910,416.265032,69.936951,13.491467
600.748978,415.839223,68.749832,14.142004
604.979507,412.187976,67.208923,13.425317
607.656998,413.832363,65.618195,13.585931
611.046993,413.585602,68.005959,13.556656
615.447418,414.321354,67.451904,13.136589
615.418289,417.114411,68.211517,13.305922
615.553337,417.093931,68.831253,13.023136
618.196518,417.649387,68.139343,12.702934
617.568356,418.213834,68.600609,12.771612
619.601383,420.041162,67.488029,12.500500
618.743649,425.413707,68.459908,12.696038
619.258667,429.678705,67.791840,13.619335
620.236267,430.710792,67.585358,13.396074
617.483429,433.104667,69.047211,12.633378
619.361580,433.996439,67.398880,12.720790
616.620956,432.958075,67.316147,12.507328
615.625572,431.140826,65.329330,12.033350
611.703423,427.318439,65.513046,12.602608
612.297737,427.807225,67.792130,11.769660
611.437237,427.859105,65.401054,12.294744
610.946026,423.024511,66.956627,12.774662
614.506767,421.024971,65.571442,12.621201
614.644821,417.469984,66.739594,13.451847
617.045238,412.550098,67.428780,13.352898
617.038414,411.600650,67.952011,13.839060
612.489311,407.742301,68.868240,14.126725
607.112274,403.456876,72.218674,14.829717
603.625523,400.270145,70.033821,14.955238
594.771049,397.242623,75.901779,15.950850
591.590916,396.010703,75.761360,16.136614
592.014606,395.576068,77.815880,15.411096
587.164249,395.781434,75.957253,15.951552
583.954605,394.929607,75.465332,16.320946
576.737328,394.680535,76.373856,16.848249
570.372814,390.518067,76.210533,17.374754
562.403095,385.771329,75.988396,17.484198
561.041145,385.647168,77.316208,18.291830
556.550472,382.924945,77.732002,16.944345
557.010448,379.269116,74.112770,17.783316
555.665615,375.965851,74.204475,18.058121
552.542698,373.582193,70.739662,17.165218
553.465488,370.931603,71.407890,17.776167
552.886951,372.041761,72.447884,17.637623
550.557568,370.170434,71.899406,17.796736
550.621559,369.402604,73.195496,18.911131
550.357437,369.513750,71.973007,19.134594
549.555180,369.531623,70.995384,18.668734
550.528473,372.364386,71.258270,17.825367
550.035240,371.434813,71.154388,18.465900
552.883732,374.549952,70.822533,17.017559
552.788403,379.174542,70.809532,18.257681
558.750389,383.473649,70.647522,17.154921
564.471828,384.577045,71.697044,17.901848
568.981403,384.417293,69.624031,17.402597
568.556221,385.128808,71.540848,16.770506
575.805763,383.229489,69.940262,16.326132
583.506321,384.070212,70.852913,15.785631
590.102730,380.470233,69.676819,16.401636
594.736927,377.152926,69.734108,16.984247
596.096046,376.078039,68.726440,15.640691
596.626251,376.365700,69.398529,15.247939
596.179970,374.507997,68.619919,15.244154
596.469936,371.206306,68.576500,14.941392
592.470127,369.706610,68.325325,14.469668
589.944618,373.564699,66.059204,13.880124
585.151340,376.869169,67.088570,13.728382
584.877766,377.226845,68.105141,13.758742
580.551331,379.593174,67.402863,13.721794
576.136520,383.823954,66.781708,13.583873
573.300533,386.138668,65.481316,13.108498
567.605797,385.570509,66.512512,13.085850
561.716587,384.309455,66.494514,12.928743
562.340183,384.172067,67.712944,13.308072
559.437561,378.808652,64.837830,12.636633
557.434361,373.672105,65.898354,12.584332
559.006325,370.767288,65.654053,13.489778
561.960846,372.669350,67.880844,14.079483
566.561249,373.318845,66.447388,15.145758
566.103355,373.658065,66.460327,14.760469
569.403011,374.616247,69.396782,14.948552
573.052135,372.648384,65.928200,17.632690
573.593426,370.957409,65.673164,17.152275
573.385094,370.221272,67.492676,16.443016
572.197998,370.567748,67.430634,16.447680
574.985035,366.418605,66.235222,16.249491
573.788891,362.412136,65.224159,18.717079
570.678616,357.710017,66.185371,17.236506
571.295368,357.378756,66.232170,17.796078
569.307358,351.052330,67.308502,16.550232
569.931236,342.324974,65.974380,17.416245
568.104378,337.206426,66.026794,20.219656
562.178688,329.225594,69.372986,20.829712
563.498466,330.737164,68.908417,19.682257
564.440659,327.716080,68.778397,18.409790
562.628464,325.048344,68.713211,19.968819
561.697651,325.976192,69.696861,19.629219
560.607647,328.717147,69.718498,21.042376
560.717964,333.164999,68.218445,20.143848
560.313259,333.704199,67.746880,19.991703
557.150955,336.652209,69.481079,21.355753
552.738697,342.754879,68.759712,22.146278
547.259842,349.696179,68.943512,21.869879
544.549324,358.383340,69.828293,21.941633
542.761257,368.687881,66.376549,22.845078
541.938477,368.617056,67.405197,22.512363
538.226910,378.633628,69.463753,23.788958
537.544930,391.612036,68.595505,20.968815
534.139286,399.696461,69.002983,21.849236
532.406479,404.079925,66.406235,21.668688
525.195091,408.360958,66.312576,21.815285
525.577450,407.838390,66.006752,22.818016
521.929932,408.298475,68.446075,22.479496
518.938816,412.669434,66.321602,21.639236
516.522362,416.239650,67.332382,21.295343
514.186199,416.881872,67.867867,21.747181
512.413574,419.948629,66.520905,21.540607
512.089909,419.220202,66.245430,22.012918
506.613510,423.149855,67.355438,21.628880
504.364975,428.357656,66.466995,22.683064
501.533249,435.717833,66.187119,21.207371
499.540462,444.604491,66.678368,20.820391
499.495544,454.519409,66.699585,20.503098
499.892517,454.857521,66.093613,20.947952
498.895576,463.564021,66.146362,20.801554
497.279930,472.061694,67.085144,20.688898
497.835587,479.129697,66.280396,20.249517
492.611053,480.871592,68.061691,20.434841
488.117970,479.532898,68.889107,21.016022
489.126812,479.341692,67.108833,21.164806
486.040920,478.067011,67.182304,20.227627
482.187473,471.776864,67.785423,19.940092
475.096394,467.539032,68.668755,19.851852
470.667637,463.004210,69.119408,18.570147
467.488564,456.645306,68.786240,18.977791
468.773647,455.573126,67.807350,19.525455
463.732735,451.188287,68.896988,19.607634
459.014172,448.132543,69.384010,19.735632
450.532307,448.362227,68.680107,20.323397
443.814777,447.842143,68.122246,20.178568
433.290939,446.613741,68.950409,20.509731
434.246483,447.120580,68.659286,20.717855
428.003052,448.898769,70.860001,19.930656
421.484982,449.796428,69.993065,21.942987
418.661995,453.818391,71.866089,21.654234
416.745731,454.965828,70.749626,22.251968
414.618855,455.600830,70.077904,21.908264
414.844543,455.523711,69.645447,21.914400
414.638897,455.025868,69.863441,22.540976
414.703308,456.755714,70.255676,22.302750
416.754402,458.922683,70.944641,22.120699
421.613766,462.628751,70.507195,22.068838
425.254791,468.305191,70.357941,22.400818
425.922329,468.914688,69.174248,22.331833
432.908413,475.162333,69.324898,22.206524
434.479458,483.398687,69.749321,21.867496
437.611904,490.262305,71.647575,22.244982
440.879494,495.838708,71.083939,21.775633
442.692211,501.272954,69.183723,22.551901
442.975632,500.637453,68.556549,22.653027
443.790131,508.408986,70.219223,23.230017
443.480732,515.363501,69.544624,22.669132
442.757805,524.113465,70.447830,22.247282
443.042210,530.394499,70.410942,22.490971
441.352898,536.516440,70.190216,21.871080
442.576382,536.967065,69.517403,21.841490
441.359810,542.963532,69.588669,21.852034
442.460346,544.591159,69.926643,21.407633
447.006638,546.657758,69.869202,21.941748
452.722095,546.899772,68.383705,21.262423
457.863758,549.818200,69.950813,21.644560
458.243073,549.901834,68.970230,21.925795
464.765282,553.215407,68.166733,21.534853
469.968845,554.746717,69.695976,21.438038
475.119602,559.078026,68.969383,20.531891
480.864128,561.445724,68.873123,21.343569
486.722645,565.461453,69.155357,21.686117
486.845367,565.364240,69.175156,22.186972
487.960587,568.424476,70.346954,20.247072
488.881042,569.028698,70.158371,21.189201
486.296509,568.732154,69.454697,20.308931
478.304050,567.704875,70.083031,21.238214
470.957588,567.656572,70.650406,20.904583
470.546303,567.464392,69.882477,21.021641
463.008873,569.676882,69.721222,21.521328
452.803242,572.266443,69.581749,20.196850
440.287296,569.386985,70.288902,19.919374
426.498734,560.734636,70.580658,21.026684
409.956047,552.732313,69.212860,20.768177
409.488781,553.029655,69.175255,20.805298
394.142078,545.505674,70.444160,20.988346
380.685616,535.895460,71.013260,20.953495
369.866402,530.048339,70.215652,20.861269
361.092800,526.624809,69.862740,18.485153
357.622536,520.498816,69.937561,19.127138
357.154236,519.861794,71.271973,19.786528
354.580559,514.245143,70.109756,20.252970
356.453220,508.823072,70.700859,19.415302
358.619282,505.748826,69.381599,19.181929
361.640553,503.759124,69.845390,20.312700
367.043217,502.198176,68.528511,20.018854
366.795147,501.477571,68.676582,20.610012
371.192135,498.628523,69.290337,20.080235
378.389450,495.337886,69.867142,19.488123
380.925415,488.316216,69.558365,18.940247
386.260525,481.484594,69.083702,19.043324
391.120834,472.171820,68.249832,19.476643
390.284473,472.778968,68.989174,19.362200
393.411510,465.197230,70.042580,18.945444
396.707016,460.868452,69.283447,18.917545
400.921307,460.126664,68.546989,19.942442
400.425701,462.511143,65.876366,18.349342
400.327930,467.302261,68.462975,19.281601
399.569618,467.672016,68.305786,19.149788
399.131676,472.900949,70.524872,20.909466
398.828270,481.122909,68.053970,19.820650
400.791962,486.142262,67.471832,18.462090
402.258766,488.662415,67.177307,19.007950
404.158737,490.472469,68.337296,19.255165
403.655407,490.788313,67.868477,19.580311
400.121529,494.575064,68.457535,19.181141
399.484085,497.694372,66.376099,18.963657
395.421200,503.496324,67.567955,19.085325
395.462463,510.390932,68.222076,18.597027
397.411541,519.016987,67.382317,17.935844
396.767467,518.462756,68.138283,18.456324
398.251221,523.519758,66.502228,19.292454
399.524921,529.205673,66.343025,19.761688
400.865360,535.131566,67.121498,19.501211
403.100899,538.369768,68.233658,19.224789
407.561138,541.457497,66.204109,18.332779
407.400181,541.745822,65.987419,18.100138
413.037773,542.825491,67.461044,17.168873
423.709122,540.114904,65.889832,18.137852
432.501118,535.161938,66.149269,17.545372
440.004150,528.965487,67.523560,18.810665
446.025784,523.951100,65.894783,19.054998
445.781513,524.932570,65.942894,18.666414
447.269688,522.140716,68.036995,18.392794
447.194405,519.768748,68.377792,17.886866
447.286766,520.388614,64.565125,19.307413
447.082355,524.233128,66.097221,18.401039
443.977146,528.419284,65.195473,18.650370
444.287960,529.263428,67.982521,17.783493
443.228390,534.966520,67.680473,17.785511
443.845921,536.810544,67.462257,19.396444
440.212189,538.718338,66.652710,17.815994
439.618446,542.525013,67.430725,17.359642
439.057640,545.995689,67.217422,17.957764
436.795364,545.768668,67.810349,17.906069
436.220020,549.465465,67.631798,17.994013
437.761059,550.581414,66.913826,17.654142
439.642139,551.173318,66.702766,17.382383
439.771500,548.742985,67.440567,17.509560
437.843452,543.429152,66.639587,17.336018
436.901878,543.175756,68.066025,16.792744
433.365021,537.676061,67.713608,17.139380
429.741444,530.283161,67.206184,17.982048
427.595463,522.560693,68.261726,18.256880
423.465527,515.351062,67.288506,17.791452
422.938141,508.253883,66.730621,18.001083
423.005753,508.289768,67.526672,17.816307
418.946098,503.824638,67.065125,17.712601
414.496052,505.685623,66.652916,19.331635
412.853767,511.637350,66.804947,17.481861
413.230038,517.768199,67.192406,17.632166
415.268589,521.883356,65.569145,18.290493
414.877964,522.027603,66.032158,18.064102
413.117126,526.132786,66.775558,17.606331
410.883331,531.445786,65.384811,18.109755
408.362061,538.662724,65.093781,18.443151
408.725113,543.438603,65.337891,17.863028
409.783024,546.599601,64.515724,18.386950
408.816902,547.090955,64.458786,18.271582
412.053337,546.940025,66.258041,18.448120
415.629269,544.364823,64.588997,18.554518
421.177586,543.092850,63.954628,18.367630
429.642065,536.843060,63.670292,18.679602
436.310972,531.245854,62.564762,18.609838
436.458933,531.844380,63.434689,18.372747
445.064529,526.286417,64.427246,16.492458
457.630360,523.071663,60.429741,16.953369
470.088959,519.299643,57.113953,16.815128
480.772594,517.749981,56.313881,16.537025
488.893711,517.306292,56.134315,16.626308
489.449184,517.767694,55.195473,16.575649
496.018950,513.784934,53.708042,16.617937
503.159567,511.145570,52.622532,15.717832
508.843018,507.171889,50.391098,14.579684
513.362602,504.369712,50.048889,14.628115
517.216808,501.031003,50.242638,15.692617
516.583523,502.273474,49.993904,14.751591
519.210691,497.609390,48.275440,14.267884
519.746401,493.452784,47.771725,12.671215
517.598503,488.930940,48.391571,14.751753
522.871458,488.474740,47.025150,14.326216
523.625027,487.926119,47.812202,14.209499
528.476059,487.850579,45.826721,13.964598
530.051563,485.462457,47.250435,13.607237
534.531536,478.905387,46.192543,14.493424
534.067686,473.544147,46.532398,13.749634
537.759466,466.381032,46.009693,15.519994
536.952024,466.849154,46.746830,15.006175
537.930872,462.805515,46.992748,14.423051
540.207586,457.658156,47.704884,14.888515
544.329504,454.110016,46.522343,14.801163
545.261530,449.212131,47.236980,13.864191
552.904587,449.003981,46.500519,13.778132
552.967333,449.376755,45.916523,14.088965
561.068701,447.150309,46.501629,13.058490
572.045918,443.413850,44.412918,13.545721
580.382366,440.275946,46.420532,13.896748
589.220997,435.912895,45.590012,15.029557
599.563284,432.825784,46.400890,14.410085
599.568472,433.005783,48.112774,14.376076
607.984035,432.564036,47.355743,14.221271
615.694641,433.861685,47.910942,13.966854
620.930267,442.454886,46.505333,13.711725
620.923689,448.450181,44.582699,14.523488
618.090405,456.646782,46.024200,13.980720
617.303122,457.104856,45.288036,14.229565
611.852711,464.669161,45.420418,14.827991
605.113661,471.674586,45.544346,16.596025
597.233856,478.640817,44.734276,17.618093
587.396658,485.251674,45.938236,18.755251
577.463633,487.978434,46.714527,19.601917
576.451221,488.783033,47.118820,18.559078
568.767397,490.736239,45.758579,18.107485
558.361082,490.648211,47.068096,17.016773
549.356510,487.257530,48.078659,17.607796
540.467121,484.774048,46.041122,16.822609
531.813803,480.258282,44.673794,18.465149
531.033791,481.057920,45.391228,17.717358
524.408598,478.979518,44.405987,16.689638
518.479376,477.679101,44.025990,15.675802
513.737936,478.354773,44.334530,16.275829
510.881330,479.670910,44.155972,17.532822
511.101202,481.614358,42.541515,20.461401
511.421419,481.937243,42.363789,19.177097
511.219982,486.270824,43.186264,16.703186
511.030369,484.492014,42.997849,16.807896
511.626833,484.097075,43.033100,17.935953
511.568214,484.819268,43.043770,16.996481
512.110470,487.725955,42.467575,16.858828
511.940420,487.504926,42.993694,16.829557
512.401096,489.030461,43.219345,17.559858
514.355198,490.951282,43.235550,17.695024
514.670790,493.643333,42.924725,16.508629
517.593388,492.753480,42.352188,16.474142
518.050064,491.718245,42.369972,16.940762
517.981945,490.867499,42.308121,17.347422
518.454412,489.340209,42.450222,16.671518
518.080227,487.859269,42.394470,16.840582
516.799486,487.147142,42.462238,17.207584
514.109047,486.589776,42.266563,17.254782
511.968815,486.261626,40.125885,17.086756
510.856974,486.072477,40.708195,17.353146
503.836933,483.328402,41.055901,17.745266
498.011261,480.492368,41.465080,16.361708
490.218555,478.908894,41.916885,16.616684
481.913414,476.775457,40.494286,18.221172
473.483406,473.656701,40.523285,21.169912
473.658237,474.132141,40.760567,19.967888
463.781797,474.083920,39.958698,19.523544
455.611872,476.090374,40.579380,18.811661
448.360048,475.864924,40.620975,19.877352
442.070793,475.398530,40.854393,20.331488
439.323307,472.593692,39.437607,23.293764
438.972687,473.911126,39.533745,22.099676
433.208260,472.765648,40.032555,22.270653
432.414984,471.564672,40.118237,21.220594
432.048447,468.635677,39.486336,20.983749
431.708279,465.459503,39.960022,21.708260
431.580288,463.960517,40.132202,21.111475
431.675484,463.144184,39.969078,21.000458
432.986656,463.298360,40.433479,20.341520
433.422680,463.840324,39.860046,21.383415
433.486359,465.081599,39.638435,22.044344
435.252979,471.674407,39.872543,22.077723
437.590225,474.545362,39.031868,21.879210
437.492115,474.511584,39.239471,21.650545
440.022346,477.802832,39.072762,22.415707
442.118423,475.535781,40.378868,24.794901
444.339916,475.323403,38.919128,23.601263
446.211039,473.503834,38.416676,24.384109
449.347977,471.293085,38.369972,23.762074
448.650269,471.874537,39.345604,23.051027
453.408880,469.332925,38.274364,23.448614
458.094753,465.926495,37.925385,24.270660
463.915941,461.263547,37.679508,24.389494
466.395102,455.414740,36.819744,24.121868
472.002016,447.212442,37.941288,24.484470
473.096418,447.055231,37.404613,24.163105
479.651564,435.609249,35.747890,26.847809
485.318668,425.330503,35.474762,27.502666
488.449457,417.139019,36.341831,26.818359
494.855957,407.657365,33.925667,27.170721
496.341255,400.164547,34.094658,27.266968
495.834908,400.345994,34.438240,26.675360
498.791992,392.470962,35.707130,28.009989
501.206692,389.628904,34.505615,27.197979
504.914410,387.474730,32.905380,27.532421
506.618805,387.070972,36.436806,26.135056
513.177477,389.837397,32.192112,25.816883
512.672623,389.960752,31.760033,26.111340
517.355068,391.657000,32.272980,25.543461
522.453728,394.912405,32.550179,25.359158
527.259207,391.813257,32.126644,27.403370
531.439491,396.939861,33.079933,25.184708
538.221785,399.479884,30.347897,26.091631
536.370790,399.643920,32.403263,24.973810
542.477797,403.539247,31.515820,24.344305
544.961208,406.590844,29.599976,24.424704
547.296025,408.922322,29.344847,24.010283
544.922284,410.142512,29.528074,25.790056
543.467115,412.915705,29.515667,23.154194
543.319805,413.516749,30.093628,22.459673
540.449764,414.827913,29.229218,21.845463
539.692138,415.525352,29.233034,22.654655
540.044191,415.452250,27.823940,22.441380
538.870229,415.380254,26.742216,21.796789
536.672801,415.845676,26.643679,20.710434
536.562737,416.224594,27.371878,20.713127
536.509116,420.656419,24.718683,20.776083
539.524932,425.073825,24.891993,22.858629
543.819809,429.891607,24.233070,20.926617
546.613367,431.659070,24.721058,24.442472
547.400174,436.770051,25.948759,22.427740
547.639846,435.788013,25.134966,22.924967
548.068408,437.120720,23.798655,26.367355
553.633186,439.637914,22.793625,27.598059
560.165750,447.784027,23.985777,24.919418
567.257538,448.788270,23.653015,25.593954
575.030284,453.504843,20.826502,23.231884
575.708965,452.087005,19.891724,25.303614
576.722310,454.050202,23.795973,24.947966
580.869693,450.946825,21.786852,26.383503
584.527962,447.986929,22.412590,26.628819
591.353887,447.104465,19.129377,24.834604
592.976015,448.495607,19.187939,24.932911
591.941366,448.515413,19.888653,24.651279
592.441800,450.096939,18.508253,25.157127
591.068427,451.875996,18.938005,26.124146
586.331356,450.920584,21.347008,28.093418
582.203061,456.883841,18.993078,29.819645
572.630363,459.228754,19.139940,27.599987
572.126898,458.484460,19.139362,27.700903
560.381619,463.278559,22.653990,25.673611
550.809056,462.829739,24.769781,25.441879
544.919646,462.905170,21.370417,25.946922
535.455828,462.983458,22.872707,25.235531
530.551280,456.424505,22.391504,26.584507
530.333518,456.734558,22.218775,25.913101
528.096738,451.152812,22.659369,26.752680
522.554296,439.333127,22.957767,31.568914
520.752192,438.532604,22.817865,25.506126
519.078694,433.040709,24.701040,28.513308
520.162532,431.556258,23.294184,25.427210
520.302787,432.418492,22.939844,25.031218
519.799933,430.837394,23.616762,23.642664
518.508266,426.830272,23.756340,22.608652
517.144527,423.365231,24.409050,23.746170
513.167665,416.672691,28.028982,27.488213
511.782224,412.227416,26.156584,27.338816
512.864111,411.988912,26.120266,27.997999
511.820223,407.944422,24.947895,24.912457
511.813141,404.257479,25.167160,26.983341
511.088120,402.284369,24.940506,28.196360
510.811808,400.958661,24.477139,29.012739
507.436365,399.558720,24.593113,23.730064
507.740088,399.156565,24.573116,23.523785
502.768682,394.501133,24.765272,24.267479
499.190516,391.830760,26.742184,23.408846
495.846937,388.723203,25.713337,21.729704
495.174369,384.114573,26.170115,23.742868
496.137853,381.505901,25.580740,21.862793
496.615293,380.908237,25.756063,21.845474
494.530584,375.875378,24.466801,24.317787
490.199573,371.623612,25.102259,23.357359
488.683794,371.261364,25.822392,23.340378
489.069447,368.889656,25.865807,23.580025
489.917563,368.517808,26.699045,23.258749
489.367944,368.687865,27.454664,23.067713
488.070284,367.907290,28.755291,24.185101
484.668240,366.753404,27.336411,20.879217
480.720495,361.595609,27.609180,23.109953
473.587324,358.271252,30.645199,22.238266
472.833779,352.059196,29.932547,24.422396
472.428214,352.576690,29.871881,24.356951
470.567763,351.030195,26.673380,21.960957
464.715180,347.282407,31.429060,24.510176
463.745892,347.527590,32.910561,27.863071
464.440798,351.349208,32.415539,24.532869
464.809572,350.642093,31.058804,21.743715
468.918518,357.018624,33.069687,24.229635
473.850188,361.012297,31.244173,26.871365
475.741594,377.254062,33.609173,23.255251
482.426657,391.062609,33.948261,22.195789
489.513719,407.130015,31.582792,20.575869
489.433004,407.097399,31.926258,20.847797
496.733145,418.344125,31.749500,21.861059
504.394265,431.222325,31.638212,21.653273
511.655336,441.473938,32.370678,21.588524
520.061920,447.023068,33.044617,23.184538
527.557339,455.127829,32.976173,17.411022
527.746773,454.896334,32.784668,17.318760
535.313070,451.797435,32.815754,20.149767
543.906824,455.354507,32.969067,20.160622
551.552954,457.704467,33.492313,21.648462
555.030466,463.269497,37.425442,21.819519
560.368141,466.535838,39.064804,20.940416
559.641376,467.214077,39.522072,20.234329
567.760157,471.593099,33.388515,21.333403
576.233858,474.056887,32.999386,20.023090
583.137093,472.449226,33.129440,19.845802
584.356691,471.065651,39.462475,17.117432
592.001648,465.881858,32.263062,18.411554
592.349333,466.812735,32.050488,18.648968
592.698364,458.846723,35.760605,19.188276
595.490616,451.527992,33.495514,17.490753
592.231339,440.616614,33.914856,16.701120
590.810243,431.359484,31.703009,15.695332
583.146797,416.139886,32.882141,16.747183
583.137293,414.955855,32.305538,17.127893
575.357073,403.648959,32.914631,17.869127
567.692528,392.521126,32.226692,17.848053
553.807335,384.269135,35.268150,16.775543
545.907394,375.129760,31.010223,17.263170
536.975176,366.775846,31.772533,17.303562
535.942709,367.609207,32.280048,17.299896
521.554636,360.400493,34.797161,20.454554
511.286291,350.753078,37.395992,22.724762
510.285437,344.065909,33.715466,19.172052
504.628326,335.490042,34.743279,23.994732
504.067139,331.963314,32.396996,17.076523
504.134365,332.006326,32.144463,15.815198
501.704609,328.077042,34.073669,16.325981
497.286955,323.789298,36.650631,18.330492
497.869537,321.178789,35.560066,17.211971
496.141003,319.240960,37.799797,16.598112
500.993347,318.991946,33.251389,15.028757
500.835173,318.919015,33.836613,15.183408
503.467106,318.177530,33.221581,15.377378
503.500092,318.882449,41.247627,16.125635
512.287363,324.200873,39.606266,18.387789
527.741789,335.045485,32.212139,15.975834
536.626200,354.075505,32.531223,17.768744
537.783510,354.789849,32.353497,17.667868
555.153598,362.967817,29.676371,17.807583
567.942755,370.319721,32.269688,19.005646
577.851322,374.967220,36.179619,18.045273
586.613995,381.086964,32.721642,16.774445
593.811956,383.756208,38.313129,16.651272
593.342262,382.863735,39.343491,16.424911
603.525609,384.199665,31.263601,16.754242
609.979420,389.002931,37.585411,16.163366
619.372191,393.171424,29.100832,16.623072
628.406370,399.872332,34.466312,16.392139
636.284659,406.637117,28.447435,15.906879
636.072317,407.398245,28.483204,15.538357
641.189325,411.717797,28.750057,16.887877
637.973594,414.230418,31.560160,16.339441
635.013643,413.733412,29.874958,16.803471
632.372663,407.637487,31.320021,16.325657
626.233292,400.762164,34.430054,18.758478
626.982800,401.194104,34.693947,18.538092
625.595855,399.257920,31.163713,15.806129
622.648314,393.948219,31.193865,17.338303
618.848570,391.628557,34.731426,17.096111
619.024870,391.640731,32.678349,17.396387
619.773348,393.462046,34.240841,18.086529
619.298386,392.502407,35.365891,18.865189
622.773882,394.738109,32.204983,19.084627
623.309737,399.018878,31.514421,16.848650
622.531979,401.437765,32.018776,18.019512
624.301182,407.067742,35.659966,15.641105
631.044903,407.713023,33.404732,18.033152
631.798309,407.511400,34.081635,18.275928
634.580196,411.875971,36.737465,17.695942
639.342262,411.907743,37.924606,18.626705
639.384222,412.221251,37.742496,17.477381
641.674109,410.301143,35.651432,18.612978
639.868690,406.944841,33.939484,18.125584
640.696793,406.351987,33.794418,17.585348
633.590141,400.784189,37.878479,19.009518
631.905224,395.701909,34.135223,18.646276
629.701942,390.616185,33.754333,19.088560
624.654631,390.676593,38.155666,16.993319
621.042774,389.828060,37.860695,17.698647
620.783537,389.569780,40.664646,17.675045
622.010178,384.904176,37.247345,18.885359
621.027212,380.941446,34.782703,17.468197
617.089911,376.841770,35.106503,18.785889
612.241505,375.050925,35.807678,18.548716
600.787329,373.556178,46.778378,19.922495
600.357288,374.586586,47.874466,18.675323
603.386253,374.605701,44.526970,17.464104
600.518867,374.936584,37.846085,17.788897
592.779844,374.990335,43.837963,19.111509
592.727839,376.536617,40.188267,21.857140
594.480423,381.616041,37.666115,18.346653
594.581015,381.503690,37.549313,18.617514
594.378651,386.907321,40.235580,20.154047
597.843147,391.826283,37.704597,20.630028
596.586313,396.128257,40.863499,20.307604
596.600187,401.741196,38.774639,19.660522
594.281811,407.566520,45.481232,20.623323
592.581713,407.721823,46.199406,19.902256
593.537418,414.486690,46.337082,18.803568
599.527264,418.540515,48.461472,19.957315
607.111450,421.470854,40.456367,20.456715
605.569145,422.471827,49.775963,19.465725
615.780096,423.167963,47.834438,18.508892
614.753794,422.679862,48.028889,18.913897
619.275455,419.506448,44.419876,20.852476
625.687943,419.913291,42.673042,20.663347
628.638453,417.925758,43.733738,21.729630
632.142181,417.433100,46.086754,21.291973
632.086674,415.996206,46.610977,21.110874
633.154217,416.575232,45.847946,21.444019
632.176590,410.911572,46.300377,21.444738
632.644796,406.452888,47.349300,22.088776
632.226238,400.195572,46.585251,21.264343
624.838865,391.861072,53.854671,21.787058
625.777819,391.212634,50.816730,21.532465
628.394209,390.796062,47.273006,22.391977
620.026209,391.719488,55.508488,23.036884
627.129332,398.879355,48.277004,22.950151
620.386829,411.487818,59.066406,21.839550
624.611015,423.093875,54.723869,23.470636
628.747414,432.858496,54.123848,23.883488
629.607176,433.523695,54.824657,22.630756
625.912489,445.691035,59.995388,22.939615
626.280994,454.172075,60.909439,22.983685
627.358706,459.754709,60.498707,23.910458
628.674431,465.045288,63.220360,23.857834
628.125481,471.539494,61.744331,22.269112
628.369041,470.687526,61.799477,22.392237
631.206760,471.220294,58.292496,23.522043
627.982676,471.066813,62.966282,23.364941
628.639183,470.541799,63.605492,23.680166
626.921604,466.658109,66.754517,25.657629
631.953972,464.943875,64.274391,24.925711
630.911747,464.992347,65.079865,24.446810
637.246124,465.884851,64.615532,24.541988
637.264603,466.353199,67.188194,25.680382
643.145000,468.799541,66.493164,26.018822
646.976967,470.574100,68.460945,25.751200
649.882149,471.244466,69.939110,26.298620
649.365635,471.132365,70.122528,25.882715
653.823551,471.985851,71.208023,25.701027
656.635406,476.054805,69.681252,26.334192
656.515503,480.265507,74.060814,29.648293
656.402943,485.903390,72.209351,28.315489
653.451439,486.059312,74.014626,26.181791
653.119663,485.550645,73.915787,26.722883
649.644188,484.292563,73.977211,26.870272
650.312756,481.198569,71.864456,26.894686
653.961952,478.596942,73.332024,25.222635
655.861736,474.784791,72.819336,26.637144
661.308838,471.568149,72.537209,25.844721
659.855824,471.685850,74.640869,25.893147
667.882088,470.214258,71.156990,24.643215
675.093163,465.507643,68.321556,25.679920
680.484791,466.424417,69.546158,24.691616
688.381210,464.431894,65.907555,23.438702
693.768364,462.943295,64.802895,22.681450
693.000927,463.772305,66.039307,22.439384
694.867062,463.769160,63.891937,21.874735
695.933439,461.405938,62.512936,21.406401
691.165434,461.566281,62.532238,21.022329
690.736643,459.768358,59.891941,20.295254
690.109854,459.008061,56.336483,20.862249
689.507036,459.247998,56.702137,20.616400
689.158451,456.326421,54.676682,21.081152
682.305235,454.088409,56.385052,20.175949
681.233398,449.566922,52.506279,20.714895
676.537464,446.597399,50.872147,18.849438
677.320944,440.124322,51.501385,20.388105
676.884644,440.147251,51.245781,20.800468
676.370615,436.189202,51.918995,19.947966
676.931549,432.279235,51.742424,20.803957
682.001230,425.926054,49.227726,20.287937
680.931561,419.470247,53.223099,21.265514
685.146776,414.616975,51.122730,21.556791
687.156744,415.508965,48.775585,21.241346
686.610456,408.142395,52.863552,20.914017
687.788389,402.962015,55.770107,20.712246
696.115141,395.770414,53.686977,21.562122
701.652620,391.085372,52.431339,22.836748
706.466562,387.899049,53.174793,23.306639
706.418159,388.906269,53.167534,22.810814
712.281525,388.755633,54.447456,22.754740
717.188980,391.148898,57.454460,22.668863
726.064478,394.741743,54.805546,23.262363
725.389452,400.223701,55.911762,22.848557
724.955799,400.360108,56.286606,23.469755
720.025593,407.064112,58.906158,23.374233
712.453754,415.850204,60.037216,24.098343
703.968760,431.045303,61.749516,24.059509
696.668816,440.856361,64.327187,25.547119
689.404778,453.612771,63.457542,25.283262
689.943720,452.664555,62.610676,25.946129
682.228298,462.833911,61.746155,24.703241
664.278206,471.008907,66.831749,24.853310
647.463326,476.315758,65.178810,25.419830
630.821327,480.243726,68.222176,26.228354
616.408302,482.507185,67.972801,27.457935
616.570656,482.470007,67.678047,26.088688
602.339809,483.222506,70.589920,26.409649
593.162472,484.964260,72.529709,26.987556
591.245441,486.470163,71.955994,27.333035
591.511593,485.853694,71.584122,26.728739
590.259468,484.461712,73.947121,26.794289
589.915268,484.974174,74.549004,27.084261
593.756702,483.432049,73.892929,26.996666
596.638279,482.266483,73.890427,26.847282
601.105644,479.342916,71.523308,26.672430
595.743164,475.616102,74.196083,26.577351
593.082993,471.672750,72.071983,25.347141
592.165680,471.604849,72.588310,25.342213
589.184982,467.034258,70.504982,25.326641
584.690575,463.118518,67.898933,24.574793
573.755970,460.407735,66.828934,24.729437
564.554386,459.529904,64.827026,23.701803
555.323238,459.788943,63.795731,23.992167
554.628628,459.596112,65.426270,23.452703
546.529240,459.177768,63.301834,22.949183
537.259464,457.533641,64.591858,22.519526
530.256218,455.311558,64.690697,22.088478
524.634430,453.654893,63.653786,22.112867
526.158861,453.469748,59.260120,21.356297
524.069382,454.193233,60.794792,21.072718
524.474346,455.552696,59.631683,21.140564
521.945091,459.132425,62.368553,21.272167
521.386312,463.845247,63.678661,20.758602
530.957342,466.344255,58.279827,20.146191
536.456795,468.436824,56.275810,19.760447
536.204165,467.941487,56.542667,19.521246
538.376186,469.250151,60.417145,19.269062
546.473398,470.658919,55.941425,18.855974
552.205664,470.428821,54.421322,18.509958
551.827486,470.851178,57.221592,18.203970
553.342802,469.410065,57.871456,17.925751
554.367495,469.451222,56.449406,18.241064
550.658783,467.463927,58.405373,18.515902
550.706099,465.631804,57.396221,17.456989
545.889738,462.304992,56.093578,17.338045
539.129406,458.807062,57.459122,17.537334
538.205196,455.477406,54.691132,16.729256
537.622963,454.867796,54.178535,16.987446
535.243040,451.977921,54.025936,17.352127
531.222055,448.116316,54.373066,16.449329
524.794912,445.461462,59.508877,16.872791
520.355974,443.883083,60.022419,17.080055
516.440435,441.535564,60.531597,17.007500
516.835846,440.669946,59.922768,17.634062
514.291342,439.968019,60.667156,17.685726
506.868568,439.029557,63.750725,17.843275
502.975178,440.100506,66.200272,18.426079
498.766762,440.887908,69.427803,19.173159
494.266018,444.316339,76.193893,19.605452
495.383766,444.086140,75.058907,19.738121
494.616333,446.963358,78.612495,19.863461
495.796101,447.503335,78.987228,19.917173
495.680485,448.869527,84.458252,20.887030
494.985260,448.578659,89.338829,20.816330
492.078308,447.280235,95.021111,21.536850
493.151302,446.907678,94.357651,21.555906
492.204060,446.578659,97.565216,22.038879
490.306690,447.968662,101.799759,22.120720
489.662605,449.581585,107.416344,23.241096
485.853733,452.259002,115.566605,24.888918
485.463604,455.188241,119.591614,24.679548
484.832611,454.385834,120.038963,25.074432
483.520370,457.859055,126.442039,25.970764
477.589336,460.186311,134.496033,26.662321
470.165264,461.775448,144.638550,27.702400
470.749989,463.961563,149.043411,29.103210
466.660442,465.533648,156.389191,29.633633
466.318455,465.801898,156.799545,29.285852
454.873989,466.825038,167.434357,31.217875
451.164997,469.360046,174.460068,32.316162
448.028683,471.319635,181.512878,32.468334
442.395847,471.431545,192.572067,34.024178
439.154316,472.645775,202.975967,34.312820
438.884014,472.968538,199.308929,33.260281
432.486385,468.551996,212.468292,35.967327
428.014988,465.793720,215.715347,36.305962
426.398983,460.881098,219.874756,37.333782
418.636440,455.993145,226.893219,38.690681
418.000164,454.140598,229.444275,39.828789
417.357327,454.231464,232.246033,40.082268
421.642803,450.621826,233.026062,41.472687
432.578457,443.396717,228.848907,43.618767
439.692135,432.249563,234.857452,46.107014
452.968418,426.288134,232.832474,44.752895
467.247585,417.552759,229.397247,47.376476
466.804165,417.446726,226.606049,47.379803
487.766010,407.799408,222.439316,50.014893
512.728031,400.490261,216.370193,50.157600
533.594669,396.615601,209.034988,46.880951
555.669765,393.152483,200.016022,47.693295
577.827969,399.507919,193.554840,48.196838
579.460514,399.125715,189.820206,47.819675
589.960567,403.631458,186.594818,47.428703
602.699490,408.424543,176.670532,46.236454
618.348736,413.427235,170.092407,43.783592
630.087215,417.535748,160.381989,44.548927
639.669979,421.650013,151.697205,43.609184
640.087849,422.791353,150.582321,40.556576
648.160427,425.442343,142.691620,42.857471
653.169392,429.812077,136.957077,40.864433
656.982365,432.051060,128.748978,38.342613
658.924046,434.942085,120.915817,37.788559
659.309376,436.049938,114.339005,35.964424
657.081512,435.729582,116.748466,36.081791
662.235100,436.999474,108.084389,35.251572
664.909954,437.621719,100.911163,33.744812
662.759705,435.959909,98.643272,32.593517
663.402042,432.715311,93.345016,30.244213
664.046482,429.649509,90.307022,30.062492
664.157200,430.172468,90.402603,30.042149
665.670025,427.989716,86.377747,29.630829
666.878277,428.431574,81.956070,27.783855
668.874954,427.292953,78.256676,27.799225
672.959755,429.931855,76.180077,27.030699
673.262085,429.169975,74.410713,27.165924
687.537231,433.595370,68.476265,26.563898
691.949814,438.025676,66.626884,25.427118
699.558832,439.593457,63.400761,25.015127
699.907972,440.161491,62.893230,25.298187
704.286369,442.018386,60.609383,25.139757
704.942896,442.588252,57.906742,24.924921
705.176840,441.415593,56.077053,22.534353
706.515062,439.831885,54.998249,22.040224
706.871414,439.489888,53.339485,22.742620
708.050068,439.552794,52.534714,22.621492
705.768923,438.750103,53.294315,21.653206
704.923809,438.108013,48.977051,21.329384
704.247181,438.230318,47.524002,21.130856
701.479156,437.463452,47.763496,20.077475
700.914690,435.467962,46.396198,19.679829
701.280920,435.363252,46.268154,20.339720
699.778702,433.612779,47.360283,19.120253
699.379963,432.813359,43.658905,18.775961
699.145752,432.661209,44.480049,18.382126
701.428602,432.464743,42.632046,16.914219
700.017817,431.498199,44.651875,16.681368
699.476786,431.450319,45.116001,16.669460
701.906124,425.121585,43.356720,21.622614
702.274710,427.504929,44.004284,18.315140
702.569399,427.634207,45.533680,17.234531
705.114487,428.562957,45.552589,17.105455
709.582413,430.873526,44.708412,16.275135
711.386005,430.417908,43.112244,16.154587
714.650404,432.218106,44.617199,17.752981
719.726440,432.669610,44.132332,18.711683
720.373573,434.717357,46.791069,19.258570
725.515451,436.778482,45.365818,18.435467
728.871801,439.182836,47.126522,19.237463
729.405624,439.114213,47.040260,18.892958
733.822384,439.948938,49.247665,19.608044
739.664854,441.931355,51.384838,20.759024
746.967436,447.389607,53.034328,20.046652
754.641218,452.978200,51.883556,20.578085
760.013477,460.490480,52.816406,21.613125
760.281242,459.851766,52.849480,21.575140
762.059320,467.788618,55.517506,21.170597
768.981583,474.867393,56.099953,21.150515
776.630697,480.451143,56.210232,22.032543
778.247095,484.437500,58.255589,23.398514
776.318386,486.678349,56.364532,23.865623
776.426935,486.725849,56.481266,23.644402
776.327009,488.927829,55.244884,22.038355
774.183374,490.311012,54.180012,21.587296
768.049101,488.946169,55.704113,21.737286
762.566141,488.456338,53.767384,22.134855
755.195549,486.832783,53.334099,19.576927
756.369841,486.590426,51.600048,19.460581
747.340994,486.816992,52.225338,21.077610
743.179054,487.753550,49.218712,22.517117
737.540167,488.226398,48.508297,18.917994
729.035759,488.826508,49.460915,21.051422
725.468933,491.130788,49.608391,20.844778
725.523668,491.203127,49.406284,20.851528
721.068499,492.904905,48.353153,19.629520
719.253525,495.050802,47.955559,18.063160
716.615353,496.560849,50.076782,21.146231
716.285315,497.936033,48.682552,21.010090
713.563877,499.792039,51.986572,20.984846
713.827044,499.773852,51.930668,20.851587
715.490295,496.561420,52.128792,22.025810
719.588335,495.427578,47.601627,20.455498
720.552313,492.531503,47.488110,19.975691
720.999571,490.858582,46.843731,20.441481
720.816702,490.738019,46.836285,20.579382
723.602543,489.370560,45.100800,21.174255
726.622097,486.509566,44.830170,19.582155
729.793335,479.637552,44.524544,21.171597
732.610441,474.253131,42.647640,21.477243
734.862106,469.045503,40.688957,22.647337
735.328775,469.794995,40.736378,21.975195
735.592297,464.050684,40.294128,23.353756
736.748367,463.476405,41.011101,22.256418
738.880730,463.464681,40.804832,22.948751
741.926886,463.995571,41.189785,24.561668
744.160650,466.006673,39.535519,22.875204
745.225061,466.089279,39.561680,22.801682
745.936241,466.672132,39.112358,22.612125
746.517689,465.870290,41.367661,23.464849
750.916868,462.608310,37.747097,23.988535
751.619715,458.762883,36.609943,22.285681
747.909615,455.710564,37.667992,23.911957
747.524136,455.671277,38.127914,23.588736
746.094900,452.006656,38.413067,22.865046
745.235390,449.457495,37.368782,22.643360
744.339001,447.262061,36.078888,23.312151
743.255955,445.941345,35.150574,22.116150
741.020344,444.267165,34.946396,20.848528
740.676558,444.707392,35.203823,20.395702
737.230339,441.445010,36.333870,22.765360
736.368076,438.391018,33.814346,22.063591
735.544443,435.339692,32.704990,21.536451
735.735516,432.009109,32.441727,22.337786
733.696255,430.994919,34.929459,21.819427
733.143326,431.862095,34.680443,22.562477
735.398300,428.329182,32.472054,20.107201
735.525360,425.779581,32.653481,21.147465
738.466990,421.425666,32.323917,20.945047
740.650263,417.502829,34.380054,20.393353
743.511780,411.654711,32.105324,20.724239
743.499914,412.123376,32.401058,19.788847
745.449254,409.672761,31.662153,21.646025
747.625994,408.096606,33.875782,22.668451
751.432161,407.375459,30.228703,21.561827
752.933908,407.093415,30.629919,20.610891
757.381524,407.428622,27.350058,21.117456
756.907057,407.229854,27.311413,21.074358
759.634167,406.772009,27.789749,20.689075
761.836163,405.328746,28.056061,21.589182
766.604055,406.589726,26.837490,21.499601
769.253752,406.294881,28.232906,21.994879
775.184306,406.184065,25.541857,24.040447
775.231173,406.402296,25.593616,24.297565
780.230352,406.306535,26.907146,24.476591
789.495708,402.380033,26.650711,23.788456
795.033304,399.194714,29.681950,24.413925
805.320587,392.960795,30.436806,25.451868
811.299744,388.099945,30.764473,26.728333
811.679185,388.663994,30.581915,26.719849
817.853286,383.950093,31.487314,26.867117
822.830355,379.563773,32.330967,28.540819
826.508026,376.204439,34.889412,30.296841
831.840044,374.333423,32.584873,29.361353
833.777670,374.020469,35.305828,28.752703
834.070993,375.143257,35.235279,28.921600
831.160997,373.142954,35.047443,31.353237
825.840334,375.579237,37.152332,32.608280
824.997440,377.315071,37.567764,32.278915
824.819513,378.698660,39.341663,35.835545
827.496992,379.761393,40.309719,36.842648
827.453218,378.844069,40.179844,37.387486
831.515686,384.082394,38.615425,37.718376
831.703520,387.339994,38.806530,39.091770
831.283741,388.311110,37.856110,40.309879
832.288944,386.713661,37.038544,39.951187
833.705564,384.072577,37.075130,39.346653
833.241650,383.934755,36.735168,39.804684
833.994999,377.382315,37.338303,40.589405
837.701090,373.649508,36.441730,39.867168
839.209013,369.387125,36.063656,40.479198
839.864613,363.864765,35.535187,40.889030
840.763103,356.438869,36.272736,42.128868
840.523746,355.947437,36.295471,42.188576
838.603148,346.132380,37.225613,43.468365
836.726192,336.256346,36.277939,43.605656
836.860590,335.976105,36.352512,43.114929
833.428200,327.353958,37.920540,40.526154
832.520727,321.398159,37.274715,41.554237
831.686390,320.774162,38.218445,41.355209
832.198814,320.945396,37.694695,41.154922
830.929089,320.485561,37.353928,41.458656
831.449060,320.327026,37.000080,40.880890
831.652861,319.765448,37.613659,41.246723
829.560293,318.477036,38.489819,41.366104
831.164436,317.602034,38.551643,41.674397
831.616121,318.695984,38.443684,39.381409
833.820267,319.711302,38.823891,40.846531
833.158438,320.659933,39.105007,39.773396
834.756527,323.738619,38.850540,40.993099
839.625357,330.716082,37.995464,40.647976
840.954891,335.455879,39.567566,39.816956
843.784565,338.908516,39.025299,40.461212
846.309017,338.580196,39.199982,40.543144
846.120686,339.150242,39.412811,40.215553
847.119740,337.362656,39.393539,39.665207
847.938139,333.577679,39.348995,38.397026
848.855898,328.245872,40.052753,39.747681
847.993965,322.467836,40.979713,39.717937
846.391867,319.734346,41.019283,39.747356
845.815676,319.142300,40.948277,39.629265
842.091711,312.702698,42.838757,39.538010
839.815733,309.018366,41.061398,38.591167
836.099026,303.161739,42.270096,38.336708
832.670094,295.940769,42.427048,38.597298
829.338337,287.944777,43.058441,38.917240
828.969105,288.145861,43.961365,38.475201
825.739876,282.196779,44.088921,38.111980
823.962248,274.505987,43.500225,37.986500
823.060795,266.765522,43.669891,37.211128
822.934698,261.920229,42.618221,36.898876
824.828009,257.514561,45.064709,37.726830
825.006493,257.361231,45.579750,37.728329
830.943741,256.463820,44.731041,36.539600
835.257032,256.560190,45.795437,37.801235
841.179005,257.034004,47.221771,36.060989
849.576744,256.711079,47.243797,35.858269
857.819439,259.025978,47.110321,36.214188
857.316805,258.654032,47.118061,36.216839
863.952150,263.576921,46.396275,35.879101
868.617233,267.884474,47.741249,35.793385
875.549265,271.281939,48.117603,33.555233
880.639439,271.281954,48.802963,33.973904
883.208565,272.599581,50.237923,34.230968
883.314167,271.642773,51.131851,33.881248
883.620819,270.964708,49.949577,33.505169
880.139812,267.474651,49.062805,33.983696
871.544937,263.758718,51.320259,34.964680
862.983114,262.076050,51.149548,34.276016
854.283966,259.522226,51.462166,35.122173
855.067387,258.905031,50.654938,34.858517
845.148466,259.122652,51.386974,35.047176
833.513384,259.508474,53.284901,34.735218
823.206242,258.724514,52.854919,35.081337
812.329620,260.181414,53.006584,34.836178
802.239759,261.369625,53.289257,35.161308
802.302103,261.709574,53.392536,34.709270
792.901241,263.047333,54.311813,34.178665
786.713085,265.602024,53.596283,34.390678
782.000101,266.713350,51.811420,34.368923
778.157635,266.512543,53.269012,35.302277
775.652481,263.741159,53.947227,35.179211
775.157190,264.752207,53.571171,34.874126
774.843924,261.883934,52.875149,34.559692
772.279915,256.954556,53.733009,34.552391
774.138012,255.241333,53.699936,32.510818
772.817114,250.730835,57.510174,33.036850
775.229118,246.846809,54.925713,33.063278
776.315451,247.107693,53.772213,32.483360
776.111969,241.261608,55.554756,33.440498
776.366049,237.721548,55.949123,32.534046
771.720072,233.921516,58.016407,32.934036
766.720251,231.583401,56.446514,33.085808
757.308563,232.248150,58.032372,32.971230
756.489830,233.006090,58.273888,33.232952
747.284868,234.719838,58.816593,31.866842
739.345612,235.746956,58.531960,32.053024
731.939753,237.047582,57.547337,31.337530
726.581066,237.087978,57.083511,31.562859
721.045832,234.485736,56.594044,31.813395
721.654743,233.621634,56.400620,31.803423
716.300064,230.083732,58.362297,31.543215
712.024714,226.207771,57.658512,30.855988
711.724943,224.214664,56.629086,30.911201
711.945341,222.362163,62.847775,30.876383
713.086403,223.484728,60.727348,30.390743
713.831743,223.565831,59.519199,30.296545
715.784702,225.005431,62.000946,30.269335
722.408161,226.619629,59.629150,29.664413
727.894539,231.312601,60.541710,30.716000
731.668343,234.786049,62.060570,29.810699
736.456087,238.968390,59.795048,30.285372
736.957582,238.829851,59.677662,29.808727
739.304298,242.264722,61.030952,30.116751
741.943085,244.906356,61.699165,29.978899
743.894705,247.581911,63.969296,30.014370
746.430702,250.397994,63.433311,29.504366
747.519871,254.500775,62.477478,28.578741
749.651543,254.469032,59.655083,29.225479
751.276411,255.340034,60.525097,29.008776
747.154003,254.982327,63.452881,29.479713
748.302258,255.370366,62.166443,30.358450
748.456781,255.312443,63.782246,30.095695
747.603882,255.451719,62.609200,29.925022
748.145084,255.132765,62.005157,29.919987
744.082882,254.989724,64.653976,29.410276
744.812479,250.912423,63.855396,30.373640
743.745255,249.723790,64.049232,29.969946
741.848267,249.026065,64.390694,29.702143
737.341339,248.646349,65.726585,30.059978
738.815590,248.149461,64.416206,30.576353
736.090656,250.636249,64.671448,29.368402
731.935440,252.943860,66.676369,30.086981
729.670002,256.225131,65.974976,30.103418
726.314102,259.470954,66.462410,28.744402
725.551884,259.655399,66.214752,29.512779
727.108723,263.154590,64.782593,29.666208
729.358967,268.080153,64.832642,28.815660
735.790157,274.168320,64.345886,29.244431
741.116133,280.018857,63.440884,28.676092
746.118450,284.296859,67.371201,28.513186
746.539375,283.289739,67.022835,29.107794
751.940275,287.093274,63.478085,28.253790
758.566280,288.662265,64.512024,28.712412
767.686768,287.136489,64.295631,28.583452
774.747301,283.928567,63.293491,28.186598
781.319099,281.327770,66.343056,28.690865
781.180874,280.865407,65.568344,29.288839
786.929184,277.591461,66.427711,26.573898
792.498142,275.816639,65.259308,28.076454
798.770885,275.980680,63.618622,27.671545
801.547424,275.445245,67.087578,28.741041
805.153278,276.873837,65.070206,27.346703
804.900589,277.138085,65.419319,27.437941
803.727371,275.831665,65.337517,27.663177
800.691063,274.504428,64.694557,27.275019
797.337059,272.395178,66.942253,27.233692
795.224922,270.363409,66.965553,26.437717
787.668858,265.980887,66.875961,27.786577
787.630997,266.077255,66.756660,27.862671
775.057648,263.209957,65.566414,26.849785
764.788872,257.187818,66.416054,28.152624
756.164913,253.439567,66.780106,27.902925
745.146973,251.044962,67.732521,28.307644
737.816265,250.653098,67.260406,28.152819
738.825726,250.577671,66.957443,28.132118
732.120182,250.599397,66.359100,28.286207
726.057209,249.563898,66.343292,28.650494
723.051788,247.712630,67.200035,27.901491
721.450699,244.562881,67.534538,26.522095
721.582863,243.853118,66.564323,27.404253
719.716713,239.828827,67.471855,26.777634
720.541401,233.370561,66.884705,27.160978
723.374992,229.957708,66.109077,27.539738
724.575726,229.561495,65.836243,27.424282
723.900272,227.812366,66.029465,27.127359
726.605125,226.481499,64.020973,27.341354
721.370533,225.750927,68.083832,27.010628
719.977100,226.124521,64.250565,27.087749
712.820892,229.367406,65.178322,26.250998
713.467361,228.927854,65.420494,26.887762
706.906368,234.499898,64.661591,26.165579
699.323025,238.067117,67.173370,25.521284
693.292526,242.018058,65.316032,26.407701
686.616646,244.676279,64.164925,27.137615
679.564384,245.236201,63.502007,26.437479
678.726585,245.626121,64.187340,26.255739
669.697025,245.135837,65.306198,26.890574
662.769199,243.414187,63.394852,28.065729
651.897133,243.401892,64.804268,26.082050
643.784941,241.126074,63.875271,27.115971
638.853552,239.591793,63.480709,25.717003
639.303465,239.009050,62.529308,25.818737
632.895689,237.850527,63.549389,26.123379
629.193060,234.233069,63.662106,26.697863
627.598858,231.667152,64.394592,26.127060
626.819344,227.394876,64.404015,27.623060
629.515928,224.046757,62.408398,26.979805
630.029604,223.548489,62.182850,27.030968
629.218102,219.572804,65.243355,27.826132
631.817911,217.374586,62.867817,28.016743
635.154915,215.721611,63.749657,26.556686
639.807755,215.205217,62.322670,26.605465
641.785465,215.140677,62.194275,27.968676
642.294756,215.299460,62.317478,28.096972
642.542337,219.677217,63.012775,27.302822
643.265574,223.035084,63.102573,26.662071
642.879797,227.774061,63.887234,28.122272
644.355474,235.240283,63.421658,27.263651
647.388435,243.050828,62.677071,27.985945
647.504622,243.372809,61.129986,27.574404
649.927715,251.698360,61.926285,28.476814
649.901556,261.912562,62.260937,27.724024
649.420771,273.361238,62.521961,26.869810
647.832348,287.962209,60.487228,27.184179
641.902418,301.417824,61.742153,26.704834
642.114620,301.055121,61.560638,26.851091
635.753941,315.426813,62.361160,27.412151
632.478195,328.193103,59.320610,26.010874
623.802431,340.198964,60.537083,25.401831
615.602825,351.460205,61.886612,24.297684
607.164112,359.891752,62.717896,23.468250
607.047878,359.909830,62.196777,23.269985
599.937351,367.426810,61.512924,24.896410
592.031540,373.945313,61.238335,24.326765
584.959997,378.753262,61.523052,22.834938
576.846178,382.806066,61.186527,22.290884
570.082235,384.920781,62.447308,22.110281
570.154066,384.728233,62.470074,21.919266
567.267784,386.325409,62.108772,22.263321
560.574078,388.223603,64.339218,22.325850
557.232716,386.471567,64.655167,21.865292
553.055275,384.889813,65.628166,22.313025
549.144768,382.291118,66.585320,20.864923
549.346939,382.698572,66.650230,20.732662
545.279850,377.909926,69.732773,21.498690
541.231106,373.556654,71.671204,22.546223
537.621521,371.544153,76.533379,22.718273
532.731758,369.961102,78.417885,23.339714
529.256416,368.478552,79.494057,23.848438
530.084728,368.719803,78.795639,24.404648
527.083961,371.844294,81.130394,25.860577
523.341728,376.874874,83.924522,26.012337
521.866997,384.989223,86.989128,27.811441
521.107571,391.340137,86.781219,26.795404
521.244392,401.132128,89.739891,28.199734
520.262798,401.356944,89.642685,28.144175
529.916580,411.167506,94.125832,28.970896
540.172859,420.188696,100.770714,28.515095
557.929089,429.533905,101.676895,28.232391
571.431065,437.090364,104.089508,28.332853
587.251709,438.649116,102.307686,29.616014
586.455334,438.968781,104.328354,29.645506
596.704842,438.076914,103.783714,29.995617
603.235138,437.392328,105.079414,28.849926
610.812656,437.368525,105.279053,28.392254
615.348732,436.524257,105.016472,26.822092
618.285625,435.771918,103.933304,27.384386
617.402050,435.644432,105.889084,27.477829
615.796047,434.922213,105.824753,27.093227
609.640110,435.828989,104.739624,27.356609
603.092876,439.135549,105.965225,26.977041
596.615028,445.813485,111.212547,26.235426
591.119724,449.639100,110.809113,27.512510
592.818859,448.939599,107.821548,27.193007
586.957161,453.613790,113.099907,26.863241
583.770115,454.108952,109.912689,26.239403
585.065002,453.844701,110.171577,26.570669
588.616768,452.259146,108.552727,27.367512
594.958145,450.638004,109.227333,26.867821
593.885582,449.526704,110.897453,27.337187
602.669941,447.635796,109.273560,26.365829
608.948463,440.767018,110.455040,27.840414
620.716160,437.143066,110.169189,27.662750
631.411121,435.591587,112.285217,27.741051
644.864265,434.105723,112.427788,28.065683
644.609623,433.557210,113.044586,27.667410
658.601788,431.409698,114.268723,28.977692
673.001671,427.700401,113.604332,27.844864
679.087070,424.949798,116.102112,27.428621
682.804401,423.362435,115.566742,28.953169
679.775688,423.839423,116.171104,28.968950
681.522579,423.831748,115.661026,28.598131
675.030262,424.800804,117.854767,29.226364
670.406162,427.262568,118.510193,29.253826
665.384918,430.861835,115.726997,28.738091
659.408592,431.253450,118.879143,28.770412
657.763084,430.590531,117.477928,28.536528
656.248257,430.239091,118.760849,28.489317
655.241673,428.948120,119.450867,28.303680
656.201519,425.686569,119.111435,28.152496
654.885033,420.006353,118.034813,28.789509
649.511585,411.663565,122.352234,28.444447
644.366463,403.193767,123.090263,28.808237
644.007656,402.658534,123.058609,28.729929
642.752617,396.067424,120.242516,28.485147
634.211578,394.095182,120.914955,27.369724
623.801884,393.199872,121.701233,28.963079
615.246780,394.965140,121.298134,28.741686
604.301449,397.737361,122.831070,28.439707
601.528141,397.742830,126.203064,28.538631
590.801163,398.779281,123.324501,28.960299
579.631687,403.663263,125.219574,29.206860
570.446445,408.973186,124.680206,28.961100
565.623207,418.077780,126.739403,28.407276
569.864471,422.586882,125.092537,29.370701
568.054085,423.456905,126.477379,29.443672
571.132645,427.105632,125.643074,28.812510
578.027164,426.061647,126.370728,29.496609
585.219799,423.977960,127.235458,28.382307
594.766613,421.742496,129.600113,29.584711
603.959286,424.287615,130.041458,29.476589
604.925304,424.750834,130.125626,29.908091
618.803936,425.670461,130.833176,30.171316
632.360989,430.469817,129.281845,28.451448
647.195415,433.187897,130.342545,28.493317
661.283543,437.768491,130.173340,28.123693
661.150547,439.192118,131.907196,28.872234
659.787907,438.992566,134.677429,29.070410
656.121380,436.126672,128.789627,27.073530
642.473839,429.348437,127.665733,28.044825
628.405987,423.627982,129.701462,27.433794
614.177586,416.734265,130.305389,28.275885
599.406162,416.661894,136.065460,28.507542
599.265667,416.382159,136.064590,28.690943
587.512806,416.089318,136.205017,28.216627
577.602848,415.393778,136.618744,27.745312
563.180340,413.312334,136.810196,27.062740
554.300571,409.048829,133.963562,27.840422
546.136448,404.379663,134.951660,27.638470
544.633274,404.046669,137.870544,28.283646
544.157566,400.929317,135.472290,27.144722
545.025517,398.992459,137.293884,26.530737
544.941982,397.647635,140.114456,27.138353
545.253002,396.682914,140.216446,27.514269
547.883747,397.167677,139.135376,28.547733
553.223263,404.924487,133.377060,27.092920
556.120617,413.600890,137.500992,26.905123
554.136448,412.555542,141.113861,27.548218
559.750256,420.017926,135.521317,27.673071
562.962482,427.583914,135.336700,27.221973
563.838146,431.240187,142.659775,27.396336
565.230770,431.270054,141.348434,28.116508
568.843204,428.250017,137.756104,26.783382
566.116596,427.387059,143.050079,27.043020
567.270565,421.935387,135.645493,26.586868
558.110996,411.573655,141.460815,27.639769
553.722500,401.082844,138.223984,27.160362
547.057278,392.696837,137.929123,27.213930
539.112041,387.341266,136.761612,27.286524
536.649899,387.286852,141.122757,28.027798
528.245663,385.732704,140.113663,26.737595
522.584644,384.089016,142.094879,28.172279
519.295696,383.589388,142.011856,28.219845
520.595745,387.799644,138.913773,28.067368
523.496899,397.270012,140.915817,27.100967
523.271992,396.717845,142.178070,27.868662
530.620335,405.489333,139.659027,26.941561
539.347919,414.311941,139.903259,27.436573
546.758266,418.086699,141.772720,28.349062
556.587467,421.437637,142.167389,27.964233
565.797947,424.074740,142.993103,28.229761
564.140324,423.771465,144.781433,28.145515
575.009167,425.706619,143.360672,28.837982
585.242985,428.000561,144.249359,28.785866
588.559071,429.593876,144.974579,27.581688
587.781460,429.039626,145.085129,27.559511
585.737431,428.158360,145.925842,28.081778
585.009472,427.485574,146.514816,27.752577
582.572788,426.618881,146.039062,27.405212
576.342167,424.688064,145.093445,26.114992
570.926945,422.349638,142.998322,27.213444
567.087482,419.705465,141.920776,26.845570
561.169910,415.711416,140.573212,26.801991
559.556667,415.161871,145.072342,27.858845
556.549488,414.164535,141.382111,26.468630
548.844097,410.023273,142.107193,26.662773
544.410076,403.504018,138.475418,27.514120
533.859455,400.508233,143.650146,26.703627
528.948956,399.501645,143.642410,28.970160
527.250591,400.558541,146.149216,28.618818
525.842411,400.862942,143.878937,29.389656
524.125736,402.709077,143.569366,28.965391
521.824177,403.850199,144.951477,28.837566
520.962864,405.730082,145.067505,28.724865
520.703144,407.620950,145.251190,28.730909
519.695301,407.746149,147.286438,28.946636
522.320408,405.996607,144.927826,28.195629
525.444324,403.934664,145.783966,27.228085
536.761929,398.955229,138.216751,27.242161
541.839298,390.851642,141.405609,28.365747
550.232700,382.985511,140.438690,28.528032
546.124104,383.986441,145.693054,28.545246
555.612705,377.077493,140.541565,28.276869
553.316631,375.742485,144.985123,26.923569
553.526905,374.217356,145.699921,27.433636
552.408253,375.228049,145.253174,27.647417
550.734066,375.860400,142.515274,28.087152
548.334293,377.049779,146.346252,27.571096
545.933811,376.033089,141.661835,28.407669
544.310680,379.013046,141.654160,27.626282
538.746357,377.383927,143.335693,27.345396
538.040615,377.016334,143.393692,27.126421
539.037868,375.061730,140.824936,26.342146
538.722622,374.593122,142.734970,28.203161
541.140141,374.195045,142.609283,26.671618
544.632618,372.535189,139.788757,25.669613
546.846821,370.350508,141.016083,26.082951
550.039928,369.256664,141.142075,27.677437
557.353466,367.573005,138.493576,26.341356
555.640041,367.893167,141.003647,27.457867
564.967289,370.612913,138.500641,28.219700
571.850597,375.175283,138.379501,27.424152
573.726887,379.394198,139.312042,27.304804
579.493534,382.491461,140.888184,27.508411
581.244289,385.535897,138.348068,27.628401
580.306927,385.484886,138.507217,27.466385
582.768360,390.040747,136.177216,27.491444
584.592121,393.617784,136.408783,27.432798
582.303684,395.526823,140.000153,27.554203
585.796093,397.128646,136.619400,27.061800
583.686405,395.636764,136.827698,27.430727
583.852741,396.066801,137.422516,27.215611
581.037800,398.104353,138.223694,27.277836
578.867855,396.114728,133.439224,27.551641
572.373310,397.675666,133.621033,27.655382
563.642864,399.243761,133.101089,27.142452
552.625233,399.932318,135.762360,27.327900
552.251011,399.527313,135.896301,26.857025
546.113766,400.216985,133.402420,26.293356
539.657017,399.693509,132.898865,27.638830
537.072048,401.056004,130.095413,27.743523
527.276615,402.821190,133.682526,27.184097
527.288853,402.164281,133.701172,27.976278
527.288616,401.695931,134.072922,28.112196
525.539196,399.663440,133.757858,27.208673
531.475422,399.506516,130.177917,27.087524
527.996616,394.433223,130.877869,27.700388
530.119518,395.890336,132.881973,27.968718
531.405071,399.737635,132.778244,28.622478
529.794155,398.664706,133.263596,28.725763
534.939739,404.962750,130.097122,28.317022
535.491314,409.826629,130.861130,28.716738
538.027592,414.348364,129.880096,28.630238
539.124744,418.495092,129.789215,28.708241
538.488194,421.653584,130.082855,28.868217
538.386494,421.278618,129.923767,28.730881
546.777931,424.324101,124.701744,27.705557
550.425518,425.328242,127.268661,28.459757
553.450169,423.395728,127.734436,27.144487
562.527061,418.411606,124.007591,28.368164
570.435802,410.270292,124.779343,27.979343
568.609295,410.856674,126.620438,28.345123
577.933804,403.855223,122.291855,28.004185
582.032589,395.911506,122.888382,27.178270
587.154007,387.086402,123.717445,27.577196
586.695187,379.464602,124.910507,27.862606
584.988758,373.288810,123.803680,28.791796
586.397705,374.648323,123.932320,28.367142
581.792286,372.648221,122.604889,28.159460
578.167515,373.684082,123.176208,29.052826
575.866207,377.039955,122.361099,28.795914
575.802784,378.490023,120.775696,28.787045
573.451931,377.599681,122.229935,28.454599
574.678543,377.677904,121.004494,28.461208
574.655674,375.567570,119.109009,26.893852
573.273945,369.917072,120.167206,27.251671
575.856621,366.520675,118.909172,26.149996
577.360096,361.886705,117.598633,26.543179
582.627892,356.110541,117.850243,26.196154
580.157986,355.922608,118.402084,26.954130
586.371304,350.081177,116.242203,25.045715
587.539074,343.643898,116.444748,25.477798
587.476162,340.827948,116.373947,25.040424
584.694775,338.372813,114.689774,25.900400
576.153126,336.538239,114.142548,24.215332
576.679222,337.279496,115.147972,24.256407
567.861916,335.689169,113.567863,24.945118
563.309830,333.963181,111.523827,24.358887
547.927425,333.844257,113.682709,24.275169
541.434361,333.565320,113.219666,23.379004
531.149261,332.147966,112.515373,24.005260
532.236736,332.403030,111.592438,23.602707
524.345661,336.475518,112.403091,22.634062
522.439960,341.624303,109.828720,23.398413
521.680031,349.771207,110.544365,22.191244
522.389889,354.549320,109.343262,22.264870
529.089306,360.874209,107.661224,22.453959
527.261909,361.771399,109.689003,20.739460
534.044315,364.550797,106.827057,21.525955
541.624344,367.225521,107.740974,21.765343
551.139587,369.583214,109.307564,20.763977
560.158794,369.273679,105.757172,20.692038
568.806473,366.145559,104.314720,21.026432
567.782814,366.779120,106.149422,20.753862
576.750607,361.928000,103.046967,21.351885
576.961651,361.214167,107.821457,21.616619
584.009182,363.293006,104.051376,21.482241
586.003826,363.211390,103.163055,21.424541
587.786327,363.657495,100.682663,21.119396
587.750614,362.925137,102.275467,21.673058
589.798012,361.914022,100.880989,21.195362
588.569668,361.286248,99.456726,21.235319
587.669258,361.961545,100.442970,20.920645
587.993858,362.700204,100.027412,20.722212
587.990913,360.640815,99.775795,21.520433
586.594326,361.569269,101.565430,21.022884
587.753834,359.582206,99.317917,21.067080
586.739704,355.753025,99.584717,21.345634
588.629715,353.760924,98.723915,21.308367
590.797771,352.157565,96.527390,20.837763
595.824635,350.945304,95.411072,20.909075
593.688911,352.388893,99.010674,19.728149
596.044415,347.722030,97.270401,21.140139
599.012974,345.233747,95.911697,20.966373
599.303589,344.837156,96.847466,20.650349
599.872566,345.018801,96.612694,20.401516
598.918518,342.215712,96.030754,20.974262
599.585197,342.825115,96.575203,20.506737
600.778599,341.768616,95.327621,20.701080
602.548161,342.721245,94.918427,20.265167
604.616360,345.806767,94.388687,20.405905
606.062454,346.670549,94.328255,19.975277
609.953636,345.817597,92.335152,20.680891
608.200863,345.848658,94.293961,20.692333
612.821457,346.129630,92.023338,20.478563
618.370823,346.270366,92.329834,20.682840
624.760147,342.217834,92.075615,21.350939
629.794411,338.589278,89.709831,20.911684
633.996273,336.301877,90.807739,21.564718
633.714062,337.373216,91.414185,20.834471
632.674953,334.535314,91.757187,20.924749
631.381050,332.337575,92.225136,21.260855
627.118088,329.993685,89.959389,20.962399
621.650475,333.150652,90.424477,20.264416
621.399109,331.993800,89.187569,21.220774
613.673355,335.768401,90.215279,21.048769
607.483654,342.466765,88.678955,21.158556
601.872314,346.753899,88.284615,20.592285
593.068806,350.890268,88.994965,20.759747
587.788857,352.723597,88.158012,20.166973
587.536152,352.666567,88.131073,20.903423
581.972462,355.104746,87.684235,20.762249
577.659698,357.123547,88.541298,21.396431
573.755322,359.224792,86.374313,20.709900
571.348755,360.939916,88.105721,21.024176
570.396473,364.158821,87.164215,20.999390
570.932255,363.869424,85.533508,21.060606
569.370770,365.859003,86.652267,20.805630
570.810944,369.368048,85.840111,21.583164
569.594105,373.970235,85.831619,21.325781
574.074650,377.100000,86.578140,20.934505
580.783226,381.746918,85.806252,22.017670
581.113941,381.430824,84.558517,21.829163
589.343441,383.271125,83.704697,21.532595
602.473366,385.378118,83.712090,21.017355
612.053722,384.779646,83.330215,21.734104
621.380829,382.408722,82.668266,22.141342
628.816971,379.447595,83.285866,22.397444
629.695759,378.780364,83.396103,22.295290
635.041836,377.559403,83.524078,23.313475
639.163685,376.977144,82.691925,21.873180
642.309669,376.969390,83.862679,22.611177
642.607018,375.076071,83.578011,23.141911
640.595295,378.153764,81.772842,22.026899
641.321648,377.880527,80.144081,22.727503
636.318405,380.282975,82.121132,22.507170
629.810390,380.006806,81.334229,22.736769
625.953011,380.415800,80.286598,22.652805
620.200699,379.945911,81.101433,22.323616
617.261425,382.738478,80.381409,21.601475
617.913265,382.848272,79.594406,22.205128
617.417828,384.169708,79.801071,22.678787
613.606163,383.947108,80.853050,23.143488
613.113338,383.167850,80.423965,23.155632
613.912846,378.915243,79.282928,22.483311
611.144501,377.158930,79.925850,22.549313
612.395943,376.611839,79.909462,22.884384
610.040710,373.005526,78.350029,22.356976
604.366520,369.369627,78.887329,22.415592
598.394028,366.961596,77.108894,21.727093
590.357716,364.732950,78.523895,22.118023
577.778790,366.692325,78.389420,21.689020
579.279934,366.279724,77.492050,22.033401
571.314053,370.362126,77.642105,22.057547
565.052521,372.260545,75.926567,21.821898
559.054558,372.053343,75.996025,21.588917
551.996307,371.555510,76.025795,21.049152
548.010262,373.229023,75.659950,20.372063
549.096046,373.413809,75.089363,20.846485
553.168407,374.588688,75.738846,19.363960
557.371792,372.047380,75.631653,19.329372
564.466507,363.402899,75.798180,19.660847
574.882626,358.580481,75.249908,18.458317
588.220577,355.085067,76.750427,19.472399
588.771469,354.841528,76.097099,19.485874
604.941357,353.211792,75.925476,19.943588
620.700043,354.874567,79.774147,20.295177
639.929527,360.499355,78.085579,20.210152
658.515354,361.490840,80.093948,20.222864
675.073742,364.578588,82.593842,21.001514
675.738110,364.679418,82.554016,20.998816
688.268597,371.012801,79.466248,21.747438
697.046108,378.253179,81.777908,21.652472
706.493519,384.798892,83.761398,21.965937
715.060947,391.319587,84.556732,22.113436
713.672283,398.384167,86.144409,22.263237
713.698868,398.994977,86.699455,21.882986
711.894093,400.102565,86.764771,21.698740
710.454258,403.640623,86.412949,22.644169
710.223217,401.631401,85.916916,22.882904
710.004303,401.930186,87.188484,22.212549
714.024723,397.867525,85.820999,21.554531
713.161011,397.564274,85.694923,22.595985
714.181881,394.714025,84.839615,22.149815
716.980209,390.519686,84.465019,21.511456
720.380924,386.786654,85.219742,20.845484
722.843960,379.448708,86.096970,21.515182
725.612095,373.240593,85.970871,21.558655
724.110783,373.155436,86.701736,21.521420
728.427795,361.964745,85.961754,20.458588
729.459648,351.405272,85.027779,21.574696
725.628704,342.969896,87.014313,22.093349
725.337555,339.940675,86.551247,22.013258
718.794617,340.465224,86.964485,21.559603
718.047264,339.042619,87.240639,21.623121
715.529114,343.090297,85.590843,22.475611
710.550262,345.373739,88.691917,22.480213
702.701687,349.147068,86.517105,23.052284
696.917549,351.575823,86.733162,22.101467
689.482708,350.549636,86.210388,21.590700
689.001049,351.044271,86.099945,22.325214
682.295395,345.203193,85.973412,22.259615
669.746555,334.260474,88.345612,22.207933
661.810337,326.274528,87.209686,22.653414
657.204308,320.301867,85.516243,23.278513
650.297489,318.481364,85.868057,24.117929
650.462055,318.291854,85.408661,24.059603
642.521053,317.974942,87.040436,24.235052
633.516121,319.480988,87.113976,24.210815
625.771542,316.122310,88.355637,24.762903
619.136612,314.505261,87.213554,26.297384
612.270420,310.197611,89.000412,23.984951
611.775139,311.017681,89.989220,23.916298
604.395962,307.671231,90.903641,24.669363
598.792362,302.313249,89.743637,24.481550
590.612492,299.473166,90.260056,25.687916
583.180988,293.099275,89.042953,25.164030
575.039909,290.845574,90.203270,25.438704
575.155376,290.422390,89.175903,25.812019
564.613434,291.171002,90.287285,25.532675
559.981846,290.607755,89.851334,26.075735
553.113796,290.752909,89.981506,26.756283
547.897869,290.876787,89.038391,26.374783
541.992374,293.724484,89.061371,25.659826
542.220242,293.159601,87.663879,25.788097
537.651928,297.692174,87.830536,25.761343
535.851509,302.475365,86.888039,26.136566
532.833118,308.164843,89.105225,26.815517
529.366814,314.292325,90.544167,26.662695
527.784134,319.968482,88.643944,26.630541
527.012890,320.012871,88.970291,26.811691
523.241070,328.561829,90.583923,27.385468
520.494766,335.217018,87.622215,26.516769
518.350796,343.745728,89.612915,27.245270
520.248970,350.747278,87.693687,26.358166
518.322941,357.419784,89.506195,26.668413
518.204300,356.888775,89.567177,27.242134
522.402924,363.295574,90.518562,26.738258
525.567139,366.774808,89.271828,27.130407
530.741871,370.038378,91.040710,27.557339
537.158657,370.423262,92.156876,27.111912
545.642097,372.841932,91.942253,26.403385
546.091995,371.470438,91.874550,27.293514
553.357159,369.660822,91.572128,26.941174
562.362129,366.835061,91.492210,26.193113
568.960312,361.933529,92.220314,26.367958
576.332222,357.017344,90.157707,26.341913
579.390461,354.871809,92.318634,27.231449
578.720135,354.567723,91.851578,27.164740
582.168385,351.453897,90.925568,26.936506
584.239338,348.778410,91.808777,26.450748
585.987301,345.673035,91.576996,27.024628
588.526810,340.741725,91.334129,26.536386
584.795269,337.508056,93.797211,26.756594
586.150871,338.203771,93.538124,26.811956
589.748844,333.651606,91.885971,27.007198
589.326187,329.153670,92.480949,27.230974
592.574890,326.528605,92.171623,27.254711
595.054417,324.777014,92.903214,28.176289
594.597500,328.248253,92.021317,28.371567
595.197105,328.879324,92.244347,27.908497
596.964237,334.674081,91.542114,27.948347
596.146637,339.693771,93.609871,28.175720
599.080261,345.858131,94.545174,28.573196
603.227631,351.441266,94.546394,28.947088
603.783619,352.822385,93.144928,29.597265
604.085648,352.997304,93.584541,29.395285
605.449448,353.133378,93.097237,30.136168
605.893173,353.308601,94.016182,29.977646
605.514359,355.172947,93.801949,31.704002
606.580784,356.797987,94.577423,32.247135
607.132420,366.090569,95.128479,31.594160
607.200306,366.060975,95.028534,31.458250
606.230091,371.168688,94.783966,32.494320
604.261787,381.982962,96.014153,32.345387
604.020828,388.559963,96.893623,33.352364
604.198624,399.035830,96.387520,32.928982
603.478481,410.148890,96.238785,33.939739
602.372875,410.682705,96.753708,33.904945
601.783543,422.302095,96.690674,34.013638
599.513622,432.747547,96.098892,34.200890
593.642937,442.445547,96.073082,34.653187
585.938095,450.611444,98.266273,34.590679
582.414757,455.874571,97.075645,34.781498
581.540539,455.276011,97.688736,35.108257
579.100773,462.186689,96.329681,34.184299
578.694679,459.620380,96.909874,35.145470
577.882214,456.495773,97.230087,35.958344
576.638126,456.353071,97.982056,36.093723
576.721786,456.713404,97.117043,36.030682
577.533039,456.366621,96.668640,35.980473
580.251324,457.239164,99.199844,35.928257
589.270779,460.388273,98.003891,35.113590
592.157196,459.519875,96.104317,35.518936
594.425331,458.857021,97.561638,35.530190
596.921741,459.823492,96.760284,35.544453
597.285118,459.380325,96.860802,35.789429
599.302567,461.161243,96.815498,35.824669
596.505070,462.836334,97.746582,34.567963
588.114914,463.056440,98.082039,35.311314
577.341969,462.201391,96.466431,34.790852
577.057487,461.593805,96.689201,34.818218
564.514400,459.506319,97.913406,34.789181
553.583836,458.804487,97.140656,35.355106
542.453690,461.381351,97.387276,35.173729
530.054558,462.081518,97.434074,34.658680
519.027763,460.711607,96.909782,34.538090
519.012360,460.569384,97.344276,35.015163
504.207779,460.939180,97.561378,34.588680
493.769440,462.734467,97.930183,35.847137
485.321903,466.243507,95.944122,35.294388
476.869499,470.244051,95.385551,35.291836
469.672089,471.984800,94.658943,35.446659
469.264320,471.270403,95.890923,35.550503
466.044624,473.836979,95.924736,34.381340
462.559887,474.732611,96.564163,34.770679
463.183994,474.545067,95.764130,35.130234
465.241081,476.596916,94.497398,34.546860
467.733856,478.086172,94.867134,34.191273
466.985008,478.439209,95.655785,34.075867
471.614388,478.704254,94.109306,34.953278
473.255947,480.509357,94.739944,35.047020
473.719589,479.627756,95.465431,33.827496
473.535389,479.288696,95.693481,33.870911
471.718258,475.203566,95.685410,34.283909
472.087967,475.592499,94.314644,33.594269
468.408184,469.576818,95.867569,33.898579
465.533623,463.152496,93.318321,34.147675
464.110744,458.902960,93.081314,33.749104
462.226658,456.707882,94.423492,33.560860
462.636059,453.191174,94.161453,34.085945
461.958580,453.064625,94.648369,33.483788
460.689831,447.012905,92.090775,33.355659
458.766403,440.807941,91.909889,33.194023
457.420544,434.548849,89.451553,32.980213
457.254059,430.640974,92.143532,32.168583
457.083214,429.563496,90.266594,32.916008
456.940784,429.095707,89.930511,32.732933
457.667755,433.016361,90.734444,33.081688
453.510899,435.761131,89.918274,32.640793
448.274776,440.500263,92.425949,33.414726
442.343678,443.517160,90.207550,32.406567
433.633831,442.364130,91.975952,32.093060
433.607288,442.822905,91.234695,31.583134
426.586681,443.221048,88.463577,31.014843
418.665043,446.847534,88.819824,30.460114
412.138237,452.365446,91.441200,31.050266
412.399834,459.345538,90.091560,30.587702
411.949024,464.606693,88.675156,30.592522
411.975815,464.901531,89.472588,30.049446
412.660889,467.517084,88.111198,30.206707
412.037201,469.166624,86.538231,30.937046
415.496044,470.063599,86.703003,30.876038
417.676815,471.300561,85.869324,29.358503
423.748974,465.943989,86.275543,33.224846
424.083462,467.076059,86.682068,30.907299
433.537697,456.630728,87.022102,37.208424
447.113773,455.253074,82.867172,31.581804
453.728714,442.149525,88.030907,32.879814
467.526985,429.552994,85.376564,33.299728
477.753510,416.760960,85.850456,33.232521
477.735275,417.337456,84.524315,33.305115
485.262508,408.466232,86.139313,32.102417
489.346107,399.875305,86.330574,32.321976
491.925346,398.904865,84.168312,31.521980
495.182568,397.629245,85.132324,31.965540
497.452435,398.823461,84.590820,30.609701
496.613316,398.006639,87.133499,31.137495
496.844311,398.892554,86.459930,30.617342
498.408894,397.354362,85.168686,30.965853
502.044151,390.931218,83.116005,31.021002
504.036148,388.957460,82.872398,29.844265
509.971855,384.878169,81.893379,29.651209
510.175846,384.085793,79.895538,30.679443
516.793339,382.210068,80.386261,29.371613
527.890728,380.518278,79.763718,29.977100
538.900230,380.002213,80.585136,29.392441
550.627739,378.981136,79.297112,29.303230
559.230213,381.350229,80.443359,28.537579
559.628403,381.536835,80.014107,28.208893
565.239582,382.565297,79.717850,28.718893
572.226398,389.215399,79.457062,27.911228
576.117691,394.898881,78.316231,29.116804
578.885151,399.940533,76.485519,27.688499
583.736042,406.294669,77.844788,27.577715
583.570206,405.637090,77.874367,28.204199
586.890537,413.027426,79.630737,27.485081
587.120869,419.875251,78.009537,27.155291
589.469662,430.295060,76.552795,27.036604
591.682552,438.636597,77.879578,27.549698
596.227299,448.738513,76.067398,27.564722
596.144566,447.990340,76.434448,28.302523
602.491333,456.217292,77.002678,26.843233
606.141441,460.278730,75.771584,26.326054
614.355366,462.718276,74.821716,25.724276
616.946117,462.392793,77.035751,26.358915
623.228573,463.482419,74.354691,26.110968
622.532063,464.238265,74.508728,25.762606
630.576382,465.354854,76.463791,26.153772
637.115234,466.954271,75.191261,26.456921
642.748257,466.991483,76.325806,26.782919
641.759560,464.898347,76.910851,25.567503
633.696857,461.366273,75.673721,25.644545
633.510567,461.510882,75.358818,25.811670
623.983967,458.140542,73.095581,25.339949
612.699181,454.389055,75.072517,25.417110
599.956787,453.223920,72.989372,26.011053
584.857121,448.706650,72.615433,26.166382
570.191910,443.108572,75.196510,26.370884
569.328121,443.088269,74.725250,26.509146
555.090225,437.722592,74.576607,26.038397
546.049187,431.608233,73.729118,25.807062
544.903965,422.765669,73.731659,26.866352
543.728165,416.152444,74.030540,26.574003
544.528091,405.329892,74.025124,27.192663
545.230541,405.328690,73.999313,27.228058
547.524658,397.528686,75.929008,26.443239
553.631462,390.485668,72.214088,27.850670
560.524803,384.608212,73.173683,28.554968
566.817928,381.570580,72.355621,28.165739
573.495674,377.670326,73.874535,28.638809
573.367939,377.628720,74.163223,28.456533
579.009327,374.558371,72.413284,28.985050
585.414337,372.010087,70.991600,29.026625
589.544903,369.831768,69.129898,30.908119
592.895927,369.395627,69.021767,30.571112
594.047775,367.463411,69.793358,29.950069
593.505444,367.775737,70.665649,30.149424
597.281727,365.206232,69.844055,31.526440
602.269257,361.388521,68.257576,31.920254
607.663956,355.761808,66.506538,32.758091
611.540001,354.092735,66.001183,33.662415
615.581841,351.584883,65.260109,33.127232
616.014473,351.770927,65.231270,32.506470
619.797867,347.573069,67.728996,34.921505
623.807068,344.195539,65.481865,34.892704
626.740784,339.768625,66.796150,35.240856
625.569359,336.226456,64.087318,36.115570
623.596359,330.572948,62.085106,37.184563
623.257004,331.364017,62.002769,36.377266
615.576384,328.168045,61.840374,36.906662
603.663355,328.581450,61.309055,37.325962
592.140667,335.391426,60.844589,36.623352
583.890244,342.400587,58.390358,37.946980
575.397835,352.661301,58.739082,38.371170
575.212770,352.041708,58.543186,38.420551
569.303122,362.584551,58.214520,39.435177
566.477497,368.638447,56.506851,40.113823
566.481251,374.297285,54.985748,39.843418
569.209249,375.688732,55.077633,40.058449
572.886759,377.360043,53.001240,40.930702
571.546188,376.931381,53.914040,41.397415
575.765863,375.753712,52.783588,42.048073
580.256599,375.260340,51.871971,41.335873
585.440599,375.495735,53.006641,42.389938
591.385624,376.379936,50.178619,42.459427
599.033249,377.638069,51.098015,42.890762
599.069479,376.844410,51.121105,42.702080
600.342676,374.689220,50.670399,42.863869
594.871811,374.047985,48.749016,42.946663
587.473085,369.475040,49.487934,43.703377
580.098692,367.267921,49.880230,44.359909
573.358238,367.407925,48.820335,44.651512
574.072243,367.197063,47.405998,44.002693
565.940416,366.972193,49.153431,46.163540
559.939901,370.353813,47.309566,45.216507
552.016600,372.736019,46.608715,45.649483
546.479164,377.885477,47.188057,44.956524
544.330832,379.651173,44.592724,44.822105
544.567759,380.233788,44.323185,45.486496
543.439480,383.249109,44.837967,46.891094
542.622967,385.165609,44.458527,44.787113
544.830105,385.408298,45.071609,44.602715
548.768240,384.852448,44.718136,45.505920
552.137590,382.195017,41.368305,45.052822
551.900934,382.384628,41.355915,44.921448
557.479073,382.607443,42.015648,44.729603
559.883993,383.472954,42.159985,44.591400
561.537470,384.874836,43.601398,44.410530
562.605898,385.101887,42.322392,45.256325
566.240252,386.593842,41.352695,46.414383
566.350649,387.239256,41.162266,44.844395
568.816065,387.790405,39.958134,44.915634
575.383039,390.928852,39.767437,41.910698
576.500141,395.020046,40.449463,42.204994
578.510031,398.605171,39.200512,40.762711
582.163876,406.776302,39.385574,38.258278
582.916847,407.534721,38.808876,38.122940
578.985512,413.197178,41.295830,37.837593
574.179932,416.934927,40.795982,37.977268
568.157366,420.812082,41.530598,35.717861
563.380793,419.462948,43.419773,37.495506
554.404514,423.426363,41.430267,35.073956
554.647335,423.580616,41.232651,36.149101
546.991611,422.696980,42.060898,33.487587
540.298721,423.242994,42.206993,33.507908
535.292492,423.521910,39.900513,31.999073
526.303232,423.811592,40.988743,32.822281
519.236258,429.269150,40.176403,31.759750
518.737457,428.485255,40.251091,31.647364
520.708218,431.093731,42.734879,32.639732
522.615149,436.412164,42.850689,30.239500
527.589819,437.684970,44.428829,31.992411
531.446905,441.431325,42.670971,30.714132
530.275053,440.579716,46.243664,32.144875
537.526957,444.095185,39.552204,28.911268
543.986454,446.075157,39.693024,25.590942
554.847250,447.078264,37.373516,25.765743
562.500881,447.445264,34.941467,22.829214
564.302719,441.608554,40.572243,26.767618
564.085346,441.888091,41.206299,27.280428
560.528727,436.813138,39.553425,25.164511
564.958303,438.212361,37.115414,24.110540
559.137014,432.755125,39.768291,25.025623
552.221855,429.383415,41.856056,23.807037
544.571091,425.210452,47.283852,23.572107
543.734625,425.067583,47.646587,23.627468
535.713984,419.625679,40.169971,21.286163
520.495478,408.416449,49.264599,23.996403
515.009951,406.951525,41.029095,20.611462
511.739353,405.519054,41.251976,19.820518
503.972204,402.020289,47.636402,22.154551
504.817133,402.746407,48.012493,21.301361
504.090464,405.310750,45.426418,20.235968
504.931870,409.561056,41.477219,18.614735
508.655510,414.602351,37.842865,16.448862
508.955877,412.815557,38.612148,19.776379
511.652168,413.624132,39.941948,19.855625
512.349434,413.547629,39.048576,19.743662
516.914383,411.237440,38.727394,22.875378
519.611866,419.912568,39.548065,15.680045
521.349277,419.105177,42.948822,14.543635
530.866758,417.838875,43.613720,13.722054
534.851610,407.613597,49.989338,18.167513
535.463261,408.345105,47.172546,17.403456
535.752232,400.349087,48.839005,18.340881
540.193987,391.928259,44.142429,18.453152
539.537899,384.395236,49.370316,15.109363
539.896162,375.765784,50.391552,16.598490
535.175381,366.969639,52.077850,20.831070
535.533161,367.504696,52.002060,20.970154
527.899698,359.814559,48.473850,21.456614
528.264044,358.570510,51.394527,19.832804
528.148916,358.923676,52.720684,19.205391
528.889669,353.248576,54.385952,21.711763
529.810947,352.220905,55.007477,21.793991
530.126711,352.418982,54.970051,21.786968
527.049660,352.343085,55.696892,21.745584
530.476446,350.770858,55.083950,19.735270
533.313915,346.073377,51.788910,21.906691
536.670736,343.117067,54.714611,21.801975
544.381865,343.434046,54.221905,20.605579
545.335863,343.724892,54.200962,20.464043
551.701710,344.823192,54.062759,22.595842
561.766703,346.786064,57.803104,24.148613
577.781811,355.403111,54.425644,25.436478
603.268990,365.266583,53.485756,21.800489
620.516823,370.436171,57.948524,22.796261
621.459902,370.095236,58.889942,24.230190
632.873922,375.318878,60.598660,22.171883
644.330767,376.673067,59.868595,23.624973
649.784449,375.885387,60.523655,22.695145
646.715094,369.063109,62.197842,21.528925
639.955477,360.745608,58.417072,19.210222
639.615784,360.429114,58.194023,19.352915
630.279819,346.876935,56.939270,20.782728
621.088802,335.885033,58.606506,19.998756
605.820850,326.763763,58.350952,16.667290
593.966751,320.690729,57.857582,16.313648
578.098970,311.502969,60.260296,18.321692
577.607117,311.457101,61.413452,18.710043
566.424601,308.769608,62.078014,17.730185
557.204756,305.177390,61.025608,18.517847
549.829670,305.107751,64.412682,18.856619
550.772564,309.656178,65.601692,18.540266
557.686592,313.689314,66.098495,20.170071
557.046539,313.089425,67.296265,20.906973
562.836277,312.341423,67.062935,22.955330
568.095791,320.681573,64.776588,20.785696
571.854115,320.852561,66.223381,21.178293
574.252842,322.587443,67.194405,23.100100
578.910004,325.779487,68.769897,21.598581
578.702705,325.598044,68.086594,23.121088
583.104229,328.885429,69.864449,22.278023
585.487007,330.481037,71.127930,22.334503
591.267052,334.544114,68.933990,21.019857
592.966782,336.588611,69.890762,22.873018
596.026535,341.014238,71.818466,21.631870
597.225719,341.092764,69.712257,21.959225
598.414677,340.300199,71.173744,22.543745
591.913593,336.782181,72.899055,22.835121
586.952248,330.785409,73.705780,22.800726
585.284012,320.121099,70.011566,23.453459
580.359257,305.572059,72.473808,23.141321
580.813740,304.961333,71.350868,23.545816
574.830532,291.656832,73.977562,23.000492
568.184193,281.671260,72.390648,25.471361
556.998169,278.690611,74.442642,23.103909
546.696236,278.730637,74.496628,23.952415
540.375019,279.520700,75.319145,24.399466
540.705070,279.879048,74.067215,24.461042
