234.000000,267.000000,303.000000,90.000000
259.644958,273.077850,293.860840,92.116272
260.344360,275.520828,291.454102,89.338409
273.692078,279.238640,285.620239,89.783524
284.699982,279.578938,283.556824,87.944237
293.533325,278.621635,285.433044,86.442825
294.248123,277.065735,284.746490,86.175598
302.570908,277.484341,282.749908,88.106453
303.363892,277.894939,284.626465,86.382179
311.683609,273.234570,286.167328,86.136635
316.412186,272.669197,285.578339,86.157822
328.574860,269.138271,286.404968,85.494331
338.158051,267.388424,283.422791,88.144600
343.170197,269.820530,285.451782,88.797539
344.205887,270.119492,285.097992,87.878937
349.153397,272.140064,286.138336,90.516441
354.832382,275.514076,285.017120,90.790024
359.067566,278.297421,285.337402,89.850105
360.878281,279.515282,286.040985,88.122391
362.101059,279.282543,286.621429,88.724525
363.173904,279.013264,285.898651,88.695457
363.573380,278.700211,284.603485,89.074127
363.154068,278.286167,286.496674,87.893852
362.814484,276.693081,286.906372,88.193367
363.471069,274.992771,286.301208,88.328423
363.009064,274.430096,286.209778,88.085243
364.134033,274.790245,284.835510,88.017838
362.817337,273.746410,287.096039,88.016457
363.651443,273.775990,286.362640,88.122398
364.706848,274.376213,287.239990,87.920303
365.517593,274.022953,287.423981,86.819633
368.133850,274.103519,286.795410,88.562737
367.753098,273.920170,286.938934,87.076897
369.238632,274.074741,285.815887,87.471062
369.255447,273.769455,286.852631,87.943573
370.754227,273.047688,286.901031,87.711327
372.660141,270.506115,286.640717,88.580727
374.552933,269.217880,286.784332,88.123871
373.495209,268.301575,287.237610,88.750732
375.591232,265.188850,287.041473,90.098129
377.628571,264.600483,286.848572,87.909142
380.594696,261.099613,287.430420,90.398430
384.607513,259.376072,287.142273,90.434868
386.642044,254.955456,287.747589,90.608376
387.046143,255.961693,285.102539,90.636978
388.138794,251.873421,287.187805,90.907761
390.803513,247.602463,288.822968,90.417267
393.939560,242.820202,286.394806,91.690346
396.607971,239.951153,285.864746,91.195961
396.607193,237.449554,286.955353,90.249084
396.841125,238.814808,287.230774,89.242516
398.082748,234.565628,287.879242,90.432465
397.587708,233.834244,287.838196,89.651154
396.728729,231.341499,289.648804,90.172165
397.521561,228.625698,290.169525,91.262093
397.498337,227.633373,288.525238,89.484108
396.686447,228.127781,291.934052,90.488457
396.962494,223.699299,290.208984,91.320152
397.372040,223.211033,290.330017,89.311516
395.345352,220.931351,292.802338,89.797211
396.549622,220.863022,292.333740,90.685028
396.330521,222.587765,293.930634,94.247932
397.096054,225.081699,293.311615,91.600090
397.392670,228.162708,294.760742,94.005333
399.300873,231.688904,293.872864,95.255615
401.726456,239.343941,292.590179,94.607773
403.599625,243.635384,295.415436,94.844833
406.859955,246.266922,294.400024,95.681610
407.987640,248.610905,294.368347,93.254509
409.651581,250.658741,294.724060,93.337181
413.203262,251.226025,295.586639,92.501137
416.124954,247.105633,298.840729,93.393898
418.540741,245.458275,295.718689,91.387283
419.685013,242.792866,300.368011,93.110313
420.992325,243.567173,297.220306,91.390495
421.776016,242.336170,300.674164,93.084312
424.595383,241.955780,300.809784,94.522644
428.353409,242.158417,301.924103,94.562134
432.070694,242.735813,301.827362,94.719414
435.097504,243.499123,301.616638,94.344284
435.399582,243.507946,302.406891,93.680458
437.053360,243.463062,303.077728,94.379051
439.165863,237.593792,308.345825,95.376686
443.767944,237.241142,304.216064,93.326248
445.598526,234.316463,304.772430,94.001534
447.234985,230.957645,307.117798,94.310966
447.815552,230.494949,304.856384,94.845978
447.368820,229.450176,308.023651,94.925087
448.988266,227.712894,308.569122,95.522270
449.649521,227.773636,308.707916,96.373199
449.078384,227.893120,310.206207,100.038956
449.625061,230.589275,310.805481,98.662819
449.162125,231.872353,312.287506,95.669296
449.364746,232.311272,313.181763,97.979019
449.138977,232.503407,315.005066,100.347008
448.794296,234.134857,314.561188,99.212280
447.824295,235.233692,316.789703,99.057701
448.537094,236.047176,318.610992,99.348518
448.309036,236.387417,318.400360,98.424629
449.355103,236.903114,320.206787,99.758041
451.407410,238.205677,321.833679,97.494164
453.312256,237.984024,323.316956,99.352264
456.163315,238.567566,324.721649,97.715271
461.024796,238.272346,324.974030,98.050949
460.949326,237.221912,325.250275,99.508385
463.443436,237.024063,328.233124,99.190521
468.987808,237.275276,329.390167,101.568039
471.013977,239.001553,332.539917,103.491219
475.310760,241.910347,333.954712,105.232224
478.250793,244.151295,335.618103,105.865440
477.321457,245.707462,335.400970,103.959648
479.461258,246.086460,339.504730,107.644218
480.851547,247.878815,341.546783,107.766968
483.760803,249.033264,341.563354,106.642090
484.533020,249.977348,345.671875,106.680008
486.863785,250.765953,345.112762,105.778030
486.735733,250.626293,345.685944,105.904762
489.654694,250.256020,345.815735,107.120590
488.964264,250.085373,355.963501,105.969025
489.375061,248.307739,363.853271,106.392761
491.663315,244.901836,366.783844,104.151649
491.861252,242.020836,371.160553,103.905167
490.520584,240.521976,370.981720,105.399651
490.523712,238.625172,376.243652,104.773277
489.715591,237.561596,387.249542,104.686012
487.448181,237.518578,397.573792,105.683731
498.515091,235.547413,394.392365,105.234764
497.556183,234.431469,393.092285,102.772926
492.371445,233.044624,394.857208,106.987289
515.810104,230.857841,364.693390,106.724442
515.410202,229.924004,354.716705,110.976822
522.513046,236.769981,333.283295,110.387772
527.178528,241.446774,322.636169,109.994270
531.541489,247.208359,321.216156,110.663361
527.261658,248.725979,311.881042,109.547432
524.310059,251.161697,302.157166,108.836395
521.960678,249.132202,281.945526,109.686462
517.531410,250.070297,251.038559,108.938019
502.620529,250.063934,345.664154,108.680786
499.180984,248.433453,411.959259,113.849281
494.753357,249.171661,421.033508,111.529724
497.040237,246.813347,419.874908,115.583267
497.524475,247.333702,419.165466,118.700882
492.183472,247.019623,426.096252,120.066223
498.896469,251.855659,422.390961,115.492172
486.622284,260.743477,438.593506,113.289413
493.170547,260.879887,436.494293,111.402702
499.448456,270.185032,431.677612,102.868217
511.755600,286.136894,421.644501,92.671402
542.580429,288.434235,394.556671,88.576843
620.440216,292.735935,316.575317,80.230217
610.574173,290.757160,331.254120,84.058250
625.977768,289.989796,316.319061,87.008873
605.544571,267.937286,344.657684,104.681824
570.391800,248.672501,389.259125,114.796906
547.330368,250.019371,417.492096,106.868423
538.478439,242.754337,426.631134,113.918877
509.637329,242.624874,452.916016,111.955269
513.874405,239.097614,448.729095,114.113792
509.501999,237.113789,454.820709,116.815697
502.373108,235.266846,457.800781,119.295959
491.179535,235.136730,460.845276,122.176552
478.303009,245.542648,456.812805,124.457489
460.252899,255.498932,462.697449,125.775391
461.429184,255.623165,457.702179,118.317574
450.752640,256.520451,461.875580,127.591362
447.900635,261.099831,455.862305,123.683578
433.677414,260.740021,465.168732,127.472168
432.488281,266.794968,459.397339,125.097015
432.543152,266.065670,456.101318,127.624947
434.499268,266.682121,454.915771,129.657913
435.988235,270.780884,455.797455,128.457336
436.834167,273.748581,454.750488,130.816010
442.135529,278.101158,453.941956,128.882339
440.276169,282.863586,455.009674,128.804260
439.554428,286.790054,455.206207,129.917023
439.755402,289.285728,453.549866,128.255997
441.047729,290.710068,450.365845,129.924408
441.427307,294.836945,454.826294,129.276367
437.034286,295.781811,451.958282,127.439247
436.539185,296.268471,446.752075,123.890244
446.866058,298.063129,435.604553,124.085594
440.747833,300.453499,439.702698,122.964157
446.025909,302.863453,434.269958,122.776207
450.141708,305.021275,430.634674,122.885246
465.861053,309.716404,421.762024,122.875481
480.717392,311.161774,422.262726,124.117310
495.072418,315.058651,401.823547,122.799751
488.144241,318.656601,406.187103,116.614960
509.000702,318.666027,395.787659,118.048256
529.615280,316.371078,393.197540,118.382416
543.172989,310.215382,388.146576,121.934410
555.497635,312.271091,382.795868,121.216911
566.427292,312.939350,382.714264,121.509911
566.653229,314.533089,383.981384,121.121017
574.526382,310.608253,382.339691,122.849716
581.672287,313.282730,384.625641,120.935333
600.699890,309.895786,381.053955,122.792717
608.494858,306.213432,385.748444,127.251541
618.912094,304.923775,384.385406,121.610153
617.777512,304.865299,387.627838,123.499565
623.392181,299.441730,386.699524,127.694969
635.978745,290.184032,385.183380,121.475746
640.377167,281.374172,390.430847,119.617683
642.573303,272.876797,392.962036,124.547249
643.079941,265.424648,392.688995,121.510384
643.596024,262.741386,391.702240,131.263016
644.586609,255.312054,392.206543,126.845070
643.150024,245.833801,392.931030,135.538391
639.074509,237.368935,390.868195,133.140488
642.649460,232.719971,376.659576,135.345520
636.883774,231.716984,367.899323,125.447685
636.729980,230.218864,372.877441,128.087723
628.560593,228.571140,357.232574,124.744499
628.064407,231.436451,343.078949,126.686119
615.014145,234.930370,340.782745,119.549355
621.798233,233.974228,329.432587,117.323395
625.866974,235.542366,317.681885,111.932846
626.128860,234.473309,318.227203,111.709999
638.913956,237.994053,309.779755,109.552605
652.064560,243.370686,303.904205,108.154991
667.478714,251.559998,293.184601,107.267639
682.630402,257.765099,286.460205,103.989273
697.514694,266.509033,282.846283,103.397400
700.334061,268.722759,277.143524,99.356728
710.059769,272.103558,273.124542,102.631142
719.449219,277.533749,263.557800,103.870125
729.628723,285.385395,255.163635,100.780785
732.709206,288.675648,250.562363,95.282799
742.196228,295.486855,241.432190,98.482468
735.712151,297.704185,247.012772,88.180130
744.794563,300.781891,237.580551,91.497620
749.371605,302.635273,229.503494,87.564537
754.644135,307.900402,224.018433,89.641090
753.133057,309.522053,224.986633,80.635826
757.508820,310.274784,217.151550,86.112663
757.945564,310.629673,219.441635,79.649590
761.281693,312.460419,214.823212,86.743469
763.157326,314.992409,210.745468,81.147690
765.739388,316.477554,208.697739,77.076263
769.510109,318.602444,206.541000,77.634224
771.495377,322.858387,201.087372,74.836143
771.719124,323.986256,202.621445,74.511009
767.039215,328.932377,201.104919,73.724602
767.984146,333.881401,197.148102,72.037613
774.479195,337.281891,191.924667,70.908020
776.361488,339.602192,189.899704,70.790550
777.013481,337.491768,185.075699,71.122665
777.128548,337.346466,185.390060,67.414917
784.658310,336.941738,164.270416,66.881966
796.683640,340.216412,176.280304,65.413734
808.227066,341.336117,174.049286,67.499825
819.711227,349.983597,169.099152,57.970306
829.024879,351.563879,169.323532,59.641376
831.337524,352.539164,168.402313,57.312145
835.907684,358.430857,168.255890,57.116772
842.490158,365.669064,165.177490,52.431221
849.253387,366.242596,161.182648,53.375435
854.900452,366.139000,156.781830,54.568283
857.507378,366.888783,157.523911,54.473717
859.424362,367.118271,155.371490,55.349518
862.340858,368.573957,154.959366,54.850803
867.064804,376.536739,148.747284,51.195503
865.991158,382.042242,149.878830,52.653034
868.784424,388.664022,144.495850,52.717762
866.215096,396.085396,141.876999,52.034348
867.292740,397.725023,113.848511,51.608150
863.873337,401.870350,139.694885,51.950645
860.388443,407.134447,136.781921,52.249630
859.850174,411.899656,133.100769,52.065403
859.158623,416.148161,131.139938,56.751621
858.845261,421.478275,129.283386,57.697807
860.400051,422.451727,127.642952,56.951984
859.996284,429.148045,126.880508,54.623466
864.657913,433.207142,125.458588,54.669304
874.887009,435.905306,124.003845,55.276180
881.121830,436.327011,120.754448,56.595306
888.855518,437.642532,118.720390,55.769379
888.618023,438.175804,117.994942,56.154526
896.936142,426.529877,115.008728,66.665710
905.034782,431.798277,112.804428,58.177891
912.341076,431.724543,111.587196,55.496655
919.307346,428.856806,111.834007,54.605816
928.925659,422.128696,109.318848,55.089226
929.792587,423.343155,109.607666,54.872009
941.117451,416.601917,108.750267,54.088310
954.159668,410.921818,108.968109,53.277397
964.371220,409.161144,108.565636,57.933022
973.674957,407.371349,108.043396,55.164162
979.485828,406.206835,110.438896,55.570705
979.022675,406.007927,110.188629,56.295761
990.373997,404.631710,111.175835,55.943794
993.121616,405.159792,115.667534,55.945797
997.974640,406.075897,117.837097,56.564331
1001.608589,406.185017,119.811752,57.967522
999.497242,407.336149,122.588249,60.582798
993.829735,407.809048,128.952133,60.705696
991.361927,410.074352,122.319572,62.538124
981.848450,413.752094,125.637604,62.223412
975.173267,415.127533,126.137932,64.175934
967.586754,416.152382,136.956345,64.913162
899.365662,417.109608,227.026367,67.565819
950.588509,415.801342,157.018967,67.648842
891.756760,416.752342,220.940918,70.141861
898.370514,416.812923,192.202301,71.446236
930.913055,414.270054,138.100067,67.667839
914.720375,411.029976,136.159805,68.078873
899.173737,408.336155,135.067841,67.815880
898.914352,407.739689,136.720306,68.265526
885.583405,406.496471,133.852264,66.362190
868.080254,403.260696,132.910049,65.431061
851.797371,401.417887,131.397232,63.945110
832.783142,398.732052,128.045044,62.820015
816.446793,395.086756,127.887970,62.295513
816.533020,394.839130,126.953796,62.383720
797.569855,393.564621,125.337738,60.989960
780.509186,393.463230,123.297852,61.034569
759.795963,395.360533,121.222404,60.766056
738.670521,398.245667,120.214134,60.790924
718.467289,401.639898,118.442070,60.347828
719.119839,402.676926,118.659492,59.605011
700.966579,408.730894,116.326546,60.169559
683.242397,418.990513,116.218788,59.560387
671.612335,431.573635,114.302002,58.682869
661.237923,442.513159,112.960098,58.288013
657.335224,451.935507,111.977165,58.643665
658.305805,453.188541,111.425438,57.302849
659.256870,460.014429,110.277061,58.483135
663.428104,464.523735,109.161736,56.673538
667.204533,466.150856,107.905693,55.543503
668.453056,464.793442,107.182175,55.154297
670.391476,464.164343,105.910255,54.849903
671.121475,463.569588,105.986786,54.784164
677.465565,464.250298,104.331352,54.314316
688.419350,459.160622,104.112656,55.203140
696.084743,452.197411,101.917671,54.965469
702.388153,444.667755,101.396851,54.784027
715.438374,433.389292,100.273857,54.790386
716.025608,434.813864,100.344719,53.151020
732.116417,417.458233,99.350113,52.849342
744.805271,402.762756,98.463097,52.755035
754.872707,389.327883,96.360237,52.520748
761.396885,379.429770,96.347069,54.665333
767.181171,373.041210,95.781212,54.322701
766.551025,372.815088,95.185699,53.443249
771.123955,365.651266,95.409744,53.685902
778.845898,356.121265,93.811165,55.187218
784.758186,343.026068,92.075790,53.925220
792.256046,331.346939,92.365074,55.709991
800.495346,320.508299,91.565216,56.421909
800.631599,320.440308,91.270645,55.219482
809.211964,310.572575,90.719048,56.322411
817.083584,301.351746,89.841438,57.744110
824.058899,294.453493,88.204193,58.218929
827.954983,287.119638,87.794746,58.936962
831.911572,279.925829,86.261757,60.506710
832.169189,281.414652,86.200073,59.631847
833.450172,272.878679,85.732315,61.089870
833.722855,267.618103,84.204193,61.714081
827.700535,262.458649,84.336601,62.598969
821.424904,257.966446,83.351456,63.797150
816.729736,255.178530,83.484497,63.669155
817.789814,254.655500,82.193077,63.703434
814.891186,250.256443,82.921669,65.753960
814.448956,249.542877,81.050423,65.881897
812.656105,252.356956,80.848923,67.469803
812.852402,250.505394,80.538086,67.074356
816.458458,245.942894,79.405106,67.538528
815.937855,246.036053,80.069267,67.949654
819.784981,241.199093,78.905441,68.403481
823.875267,238.150085,78.514145,69.852386
827.740910,233.743080,77.169914,68.569748
831.973980,229.078346,76.495827,70.542099
833.003098,224.461014,76.850281,71.030457
832.753853,222.792950,77.580307,72.809151
829.721569,220.414066,76.401344,71.754204
826.717377,216.277893,74.971405,72.986359
816.023666,214.457661,74.202484,74.063988
800.481113,214.421959,74.011589,75.220779
786.748569,215.266945,72.711815,75.420914
785.207325,215.887356,73.435814,75.220192
774.851162,217.214985,72.279518,76.134148
768.299561,227.021118,70.419525,76.215759
762.340374,234.995720,69.939095,77.317001
758.137566,240.438992,70.591476,77.767555
754.176563,250.920090,70.339073,77.629852
755.006615,250.515331,69.060287,78.418404
750.340572,264.222275,69.524117,79.218475
748.367168,278.914993,68.527718,79.096527
746.209934,291.598206,68.492485,80.315674
744.058235,305.238873,67.939285,80.428963
746.135334,316.374619,66.819267,81.166443
746.162186,317.686806,66.957489,79.326309
748.041973,323.934425,66.810585,81.181961
751.603802,329.763000,66.582619,81.035583
758.018589,332.138859,67.102806,81.194725
762.657043,333.550495,66.934540,80.150444
767.345615,333.496960,66.126335,80.209724
768.079140,333.926105,65.212418,79.748863
771.156380,329.208302,65.785385,79.778740
771.573833,323.843826,65.185921,81.016907
770.498173,317.419216,65.495415,80.748116
768.681633,309.999325,65.605728,80.814156
763.557411,303.294350,65.340317,79.875504
764.012093,304.174866,64.734146,79.680176
757.256874,295.877487,65.153732,81.984497
751.387798,291.406639,64.940132,82.140976
749.401878,290.903385,64.630753,80.018730
749.058701,289.639900,64.397400,80.310196
746.538689,293.278164,64.328903,80.548042
746.254492,293.235405,63.898884,79.889694
743.446714,300.519466,63.393711,81.656837
740.712530,307.858105,63.636585,81.386391
738.024151,319.459698,62.573280,81.009499
738.684149,332.597565,61.273212,80.686951
735.827450,343.405346,60.699684,79.930000
735.451807,343.043419,60.836468,79.833389
727.541330,354.333031,60.570538,80.185898
719.889946,365.887779,60.243576,80.266281
715.162350,376.835331,58.848000,80.421043
715.588800,386.504936,56.272106,80.496750
720.116327,393.991589,56.117840,79.808052
719.869080,395.619469,55.992065,78.826859
724.295326,399.969410,54.243851,78.725426
730.214636,405.116707,53.814259,77.749588
740.238628,408.629059,52.388130,76.975769
749.352299,397.427723,50.533379,75.995140
758.863098,388.721111,48.372894,76.584511
758.285896,387.125317,49.478500,77.204445
766.712925,383.057373,46.670311,77.046173
775.660610,376.488026,43.988075,76.545891
785.638010,372.173195,41.255077,76.128189
794.353783,370.670074,38.834213,76.268585
799.972761,372.629635,35.975590,76.570778
799.948065,373.179241,36.617329,75.340431
795.874559,375.483707,33.211483,75.693840
795.101030,376.190575,30.594830,74.907379
796.003630,376.503494,30.330616,73.531021
795.619574,374.798698,26.722492,73.182373
797.485644,373.772701,24.705179,71.668159
797.907017,373.820560,24.913139,71.752480
799.897885,368.190098,23.356970,71.631996
802.099934,365.362717,22.986412,71.387482
806.567207,362.592930,23.771103,68.174965
808.159134,360.421146,24.050537,67.408852
807.870152,362.886105,22.275045,66.970634
807.225155,363.101566,24.804070,67.647697
804.704182,366.710964,23.237206,64.769020
800.593509,370.820461,29.527246,68.811653
794.397055,374.833538,30.277958,65.453682
787.208858,375.572689,34.655891,64.401009
782.800928,381.434387,39.609158,62.344635
782.838297,382.022314,40.289028,61.590580
778.014809,386.873713,44.239304,62.339748
773.935844,395.008417,47.673843,61.377773
771.476234,404.339895,50.282791,60.412998
768.498800,412.950626,51.166828,59.760078
767.302643,420.457418,51.920105,57.487156
767.830957,420.244196,51.933392,57.799526
766.939299,422.975346,53.764957,57.141029
768.192646,417.428553,54.376030,55.622372
769.940113,408.460117,55.838219,55.140633
771.579893,399.440393,54.600620,54.483761
772.978218,392.634495,54.899490,52.101845
773.259899,392.437315,54.065529,52.165333
773.488609,381.002752,53.557938,49.986530
773.708769,370.614151,53.132572,50.668716
776.904551,361.547361,50.658825,51.822239
777.695066,356.935818,49.529789,51.766472
777.157692,356.070753,47.479523,52.771229
777.002113,356.524773,47.861923,52.301300
778.353464,355.863417,44.059521,53.427067
779.573393,357.235504,41.632801,54.052582
782.244368,360.627710,37.822102,54.434933
784.335386,365.549788,35.327259,55.294559
789.499426,368.868931,32.094944,54.822044
788.805420,369.110668,32.277725,54.967171
794.194916,370.432457,29.059677,56.845398
799.401638,370.568403,26.641441,57.253803
804.388748,372.045176,25.344162,55.697903
808.111228,371.828989,23.473406,56.203213
811.952258,370.395756,21.780787,55.416512
811.083809,370.160099,22.498734,56.041405
816.220877,371.860641,21.414707,55.899261
821.207861,376.237047,20.999561,55.442257
825.400068,381.934650,21.333118,50.177864
827.979583,386.318817,22.205294,53.492371
829.367661,390.074310,23.832520,56.891525
830.506393,390.178804,23.129196,56.432384
831.231124,387.438763,25.351656,58.662361
832.834194,383.688915,28.381020,56.817528
833.387425,375.674412,31.326803,54.812187
841.627487,369.177189,26.311401,53.573784
835.053185,361.413969,42.152557,55.580082
834.811089,361.280619,41.927536,55.813717
835.740358,353.665937,43.539898,55.441822
838.538385,344.423170,46.938244,54.104603
842.509401,335.285107,48.992855,53.856453
847.143110,326.880566,51.034885,53.392342
852.424114,322.594854,52.601326,52.266285
853.288887,323.072653,52.092026,52.360737
859.233540,319.712166,53.024437,51.974442
865.112158,315.076248,53.541065,51.453232
869.395878,311.161991,53.943565,52.129662
873.251200,309.421991,53.861309,51.589397
873.843243,310.183565,52.121162,51.804379
873.433527,310.257463,52.338848,51.732143
874.280081,310.626236,50.721088,53.056824
872.644581,312.029484,49.464348,53.513634
870.395542,314.825462,48.128487,53.897751
867.241016,321.780437,44.467781,53.881325
861.533293,329.050524,41.294147,54.763393
861.748146,329.157511,41.636276,54.704510
857.467581,334.393690,38.656879,54.041950
855.172678,338.748730,35.852383,56.928322
853.757959,343.807209,32.325405,56.699638
851.800946,345.758968,28.974142,57.152443
851.408415,346.503321,26.377766,56.312801
850.614969,345.997217,27.082973,57.063778
848.796543,342.102621,24.836815,56.529850
849.414744,336.845341,22.260172,56.163551
847.136306,330.891367,21.251268,55.501156
846.486712,324.324835,20.681452,55.726673
843.877131,319.832335,20.204556,54.709599
844.173843,319.366516,20.542145,54.743851
841.863940,314.001331,20.842356,54.673958
837.028553,313.415741,21.035118,53.752762
830.152439,314.342442,21.944298,47.977684
823.820386,315.208874,21.864386,49.419472
819.837934,317.970377,22.541311,47.796749
818.884417,317.526167,22.600307,47.869358
813.241899,317.404362,23.952971,49.046364
804.520696,318.888880,25.654150,47.176556
796.979066,321.146652,24.700270,47.384766
788.485306,325.658499,34.114532,47.873158
778.682547,332.245338,37.808689,47.112106
778.089090,332.245358,37.721752,46.340981
770.570553,339.716457,41.235664,44.660774
763.224882,347.431396,43.630711,44.420181
757.854679,355.844204,44.780388,43.335640
751.456743,361.522633,46.357113,42.616783
747.326145,366.512871,46.556602,41.612396
747.211435,366.523966,45.936520,41.183987
743.609829,369.137869,46.884605,42.795124
740.971663,371.229305,47.494694,41.584328
736.587891,375.158052,47.697830,39.401104
734.901735,372.990326,46.905575,40.339035
732.345331,371.768156,46.107113,36.798801
732.284632,371.789631,46.156857,38.785774
730.446020,369.963341,44.787937,37.096054
727.896530,367.918818,43.872986,37.258068
728.150026,366.440737,42.113110,37.699963
729.348211,364.041237,39.855198,39.205307
731.912727,361.757318,37.944641,40.414547
730.531120,361.678440,38.811966,41.115135
735.027060,362.240782,35.202778,41.678501
737.957184,367.321930,33.499023,42.540863
744.346169,371.025984,30.776520,43.295780
748.846034,375.954510,29.505548,43.285469
752.963596,381.722853,29.077217,43.914219
753.036153,382.082392,29.505423,43.050106
756.727920,385.067684,26.786348,46.148537
760.418777,388.980358,24.332689,46.012871
763.146865,393.140049,24.349718,45.990120
765.335522,394.430061,24.029167,46.463898
768.805717,394.237646,22.551897,45.596241
767.968538,393.844948,22.392376,45.812195
769.330326,396.326885,23.028358,45.487770
770.681651,394.535223,23.171595,44.829304
773.401340,390.636089,22.308556,45.018471
775.008810,384.449373,22.264866,45.852795
776.968111,379.752714,22.431728,45.831577
776.231662,379.507471,22.381098,44.530941
778.509882,376.029581,22.283718,45.082836
780.626315,373.219294,21.610666,43.452648
782.893168,371.498388,21.792078,42.756565
785.829866,369.844353,21.918621,45.275543
787.342622,369.437286,23.018293,43.030014
787.326799,368.938101,23.053677,42.492573
791.280936,368.988125,22.504580,42.835152
794.405245,370.284168,23.107922,42.475121
796.920439,371.882994,23.891743,41.870060
797.689425,372.681988,24.900219,41.545265
798.973390,371.119677,24.039381,41.086102
799.476548,370.935080,24.189131,40.787907
800.045339,370.596279,24.175940,39.482613
800.681131,368.472925,24.364330,39.154186
800.710156,366.919518,24.506460,38.839111
797.255896,366.371658,25.833042,38.057846
794.125791,363.397160,25.973135,37.059502
795.075009,363.483068,25.301748,36.990528
793.467153,360.460373,25.342733,37.957901
790.981992,359.643602,25.420263,36.536327
789.846096,358.765516,25.252357,35.705830
785.759404,355.552063,26.488058,36.911377
783.694993,351.813965,25.209105,38.208160
784.559160,352.015341,25.383160,37.295033
783.818357,350.567394,24.952688,33.709694
784.148110,347.890430,25.098509,35.383842
783.996573,344.397560,25.095690,34.044113
784.496675,340.726877,25.586788,34.106091
785.598467,335.319221,26.324810,32.694168
785.803301,335.603806,26.272366,33.071045
786.514861,329.660686,28.281984,31.300547
788.788702,327.049632,28.004124,31.510660
790.627169,330.416162,29.167965,31.560726
791.905814,335.352351,29.470858,30.261820
790.666157,346.573347,27.845940,29.191135
790.796843,345.988839,28.226490,29.129087
787.377527,353.331787,29.002926,29.768356
784.928144,363.911684,29.893085,27.776470
783.742618,378.849711,28.926157,27.379709
783.163343,389.132436,28.997639,27.050497
783.429259,399.277070,28.751329,25.758268
783.359584,399.070385,29.083612,25.216667
783.086079,407.717619,28.461784,24.788410
781.407443,415.688087,29.614054,24.817080
783.654684,420.919375,26.847385,24.973597
783.158899,423.447980,27.297100,24.450277
783.070138,418.518258,26.989515,23.219252
782.636833,418.828127,27.148643,23.796375
783.120236,414.706971,25.652044,24.362715
783.557078,410.494837,25.773203,22.316822
783.486303,406.881447,25.791981,21.089668
783.441947,402.396523,23.881151,21.062752
781.533132,399.936144,25.556845,19.263721
781.270712,399.468652,25.463863,19.809729
779.385067,397.137732,19.953369,18.243412
775.552206,399.196914,17.634838,16.997301
768.404827,398.365562,19.866402,17.544083
761.242904,393.380519,23.866449,15.215341
760.471852,383.899185,20.908964,19.150536
760.702189,384.010433,22.125116,21.472107
759.137362,375.968293,22.296167,20.155531
757.178061,369.330122,19.900179,16.611027
756.028486,359.478082,21.792774,17.236509
761.000004,347.108839,22.292137,13.496166
760.309556,335.825685,23.924490,17.087782
761.464609,335.889247,23.815014,16.880808
768.003538,327.440472,22.447132,16.718224
772.006746,322.624269,22.170162,17.714544
777.869609,319.576829,22.885080,16.704763
784.423828,315.667790,21.956764,17.107367
785.473856,313.426109,28.334110,17.352928
786.936003,313.469461,26.496021,17.798809
791.621325,312.114375,24.797335,17.492311
792.899234,311.109699,25.161707,18.067749
798.993164,311.204608,25.035469,17.613085
800.454650,317.597497,25.150820,17.691252
803.615993,320.609863,26.693932,19.363556
803.630892,319.966150,26.264866,19.985012
803.909525,326.105733,28.205662,19.341749
805.207250,330.292432,27.308683,22.167875
806.481977,336.594057,30.920942,22.219028
808.043615,337.735630,30.955639,22.006195
809.204184,338.877357,29.954769,22.915321
808.913991,337.981053,29.841734,23.322966
811.574944,339.532410,29.473320,22.692421
815.477814,338.524425,31.419167,22.378138
818.737461,331.527065,29.746445,22.818054
823.814107,322.291705,31.130445,22.817125
829.948102,313.676455,30.454145,22.655270
829.750655,313.847520,30.647852,22.609556
834.284732,306.612020,31.134966,23.529682
839.773487,301.786324,32.205490,22.072746
846.741229,295.407716,31.397860,23.178648
850.285073,294.895113,31.005529,23.562695
851.500794,300.795634,29.905157,23.988016
851.778206,301.142138,30.140221,23.663782
853.183908,312.208817,30.629154,23.276762
856.131109,321.617936,30.007366,23.614607
858.834236,330.342062,29.659264,24.212528
860.919391,338.851455,30.664614,25.539080
863.883036,346.443319,31.633274,25.583973
863.566708,346.530069,31.581146,24.908978
866.261443,355.631725,30.526117,25.364357
868.823709,361.860357,32.052692,24.727283
871.436989,367.667333,31.379494,25.327673
873.211167,374.819523,30.666265,24.215370
874.295816,378.438980,29.895191,25.552353
873.729831,377.863445,30.253603,25.454781
874.856076,381.481619,29.987989,25.775578
872.370179,384.051918,30.691214,25.323547
868.423788,384.315345,32.190212,26.300829
865.075464,384.590555,30.720676,25.142452
859.663691,381.035418,30.151684,25.425076
859.910798,381.471061,30.608885,25.382860
856.024476,373.071426,30.936583,26.315102
850.539288,363.975677,32.680031,25.578096
846.895565,356.225678,32.041328,26.321638
841.529947,349.684115,31.946743,25.983881
837.305174,346.348223,32.616978,28.025936
836.781855,347.033279,32.985821,27.128433
834.400454,347.971377,33.029247,26.632425
832.609406,351.318272,32.198669,26.256508
830.837708,356.260125,32.091736,26.158506
830.571199,360.438644,32.837154,26.183151
829.569538,365.199814,33.663506,26.015427
829.287928,365.259799,33.319347,26.255671
828.207541,370.557856,33.503345,26.747753
828.715500,374.586244,33.742554,25.818617
827.635670,377.006394,34.889473,26.294859
828.204901,376.178369,33.948200,26.110212
826.809982,374.941490,34.506516,25.625107
826.538380,375.480324,34.575569,25.347137
824.785742,372.180129,33.674046,25.870668
822.295013,367.914555,33.653305,24.970009
819.074755,360.262182,33.490856,25.822453
815.811869,354.436078,32.915173,26.233435
811.244547,348.426536,34.366375,26.105562
811.985670,349.013610,34.901646,26.001680
806.170338,339.618061,33.993614,25.839622
799.291351,332.964348,33.346191,26.134964
789.978291,327.887090,33.304146,26.668661
778.524328,322.509430,34.480045,27.239365
769.204037,314.049520,33.946999,28.208210
768.431749,314.039862,34.993679,27.430973
759.632441,304.931866,32.936245,27.930016
749.442406,295.255349,33.655518,26.753004
740.166756,287.796895,34.147964,27.807928
735.269775,287.619168,33.256454,27.411825
733.417965,287.477612,34.121376,27.720175
733.386290,287.961574,34.334507,27.878458
735.345268,287.335294,32.921387,27.142279
735.983175,287.782196,33.022694,27.353073
740.018854,288.080383,33.378490,28.927963
744.901285,292.214976,33.387310,27.637079
749.586449,300.362101,33.450882,28.023724
750.046915,301.107942,34.148525,27.425001
755.392765,306.236893,33.488609,27.879135
761.047873,310.578049,32.903996,28.158096
765.802219,315.084616,33.506767,29.111240
768.910675,320.854211,32.251923,29.387739
771.182432,326.034680,33.037815,29.977545
770.779184,326.660140,33.965389,30.864901
774.020876,330.871454,32.874386,29.850628
775.363333,336.126229,32.509586,29.531889
775.456448,342.333785,32.843056,30.373857
771.975996,347.560237,32.668156,31.371210
769.334411,355.493411,31.236696,30.508783
770.340504,355.900286,31.333382,31.204205
766.815281,361.620012,31.516136,31.749416
765.071777,368.019881,31.169632,31.327272
763.821791,369.425260,30.850269,31.042334
761.563889,368.239529,30.221756,31.693535
760.261267,364.712183,30.366993,31.844662
760.150076,364.836403,31.055729,32.077820
757.786715,362.438477,30.456295,33.217255
755.197347,361.988865,30.196157,33.356499
752.866955,362.615068,30.775551,33.460796
753.619889,365.056543,29.643965,33.422939
754.688319,368.958830,29.465128,33.674244
754.425656,369.279942,29.706945,33.662666
756.635306,373.848501,29.589235,32.976536
760.139831,376.419037,29.247103,34.161942
762.530468,377.233721,28.771431,34.651455
763.075920,377.113163,28.207504,34.992332
762.160097,376.238253,28.263592,35.319836
762.543269,376.626253,28.019892,35.430187
760.447316,374.818909,27.884817,34.037521
760.288907,363.236069,27.291174,35.392822
761.407802,357.761353,27.189493,34.911560
762.214651,355.994602,26.998707,35.845528
762.067291,355.181868,26.893936,36.165745
761.962652,355.517290,26.784550,35.788494
758.780263,351.651894,25.351736,36.472183
753.209517,346.797955,26.694826,36.316551
751.073436,343.445904,25.443277,36.881248
753.706154,345.842518,25.578842,37.365608
758.032372,359.896204,24.930176,37.344982
758.695511,360.307760,24.332474,36.601643
765.141720,377.690918,25.180016,37.154190
773.672878,387.619122,24.417152,38.573387
783.164144,394.297318,23.631994,37.563324
797.539601,399.940462,23.255606,38.293896
807.279334,409.412086,23.458941,38.580261
806.688299,410.118792,23.613148,37.480465
815.104552,423.090998,22.538866,37.404598
823.287580,434.139711,23.104206,37.830318
828.443993,444.574699,23.016907,38.632248
834.323315,454.156301,22.347984,38.135532
838.325204,460.967278,22.965284,38.205368
838.186010,460.324942,23.008808,38.388035
840.908483,466.330505,22.199591,37.992294
840.042281,474.290096,22.104479,37.717659
835.823871,480.099657,22.883081,38.932262
834.284827,484.475681,22.303591,39.176018
829.953929,486.635960,21.712519,39.243523
829.383427,486.756302,21.669563,39.804916
824.662460,488.577803,22.034912,38.098835
821.281828,488.230558,22.505222,38.674244
815.682631,487.477489,22.916035,39.034889
810.833942,487.615980,22.131187,39.622974
807.109247,485.541529,22.808483,39.420177
806.803301,486.037525,21.903790,39.609032
801.420937,482.105894,22.262299,38.624027
797.730532,476.924652,22.041256,38.347366
793.981888,471.807116,21.759308,38.839703
793.051751,463.468225,22.488447,39.391415
795.446956,453.727011,22.408503,38.929157
795.385316,454.161833,22.185163,38.536182
801.087630,444.396646,22.451189,39.695400
805.858438,437.141777,22.454845,38.745956
810.605700,431.007975,22.007746,39.277630
812.513282,426.072462,22.499285,37.880909
815.887630,421.611589,22.577187,39.506847
816.071756,421.968542,22.848156,38.495930
817.689067,420.281061,23.549112,39.656139
820.082614,420.533504,22.898462,39.737236
823.476518,423.547607,22.876860,39.267731
823.871650,425.307117,22.897692,38.476692
824.113829,427.047657,23.165348,38.869865
824.564686,426.905954,22.819954,38.923824
823.543155,428.415915,22.921259,38.447758
820.235427,428.444407,24.065783,38.940304
817.360185,424.931202,23.546965,39.288460
811.750028,419.165710,24.198034,38.286087
807.972710,409.577726,24.134842,39.998783
808.109606,410.055630,23.466991,38.971809
804.621327,400.248230,24.317175,40.017044
803.788072,393.326122,24.570127,39.030571
805.433249,384.470129,24.799580,39.442081
807.488593,374.955509,25.095919,38.641609
808.914744,367.274158,25.956964,38.106575
809.905386,367.299871,24.388020,38.131779
812.331963,362.377293,25.241730,37.825157
816.166160,362.681755,24.816240,39.509811
820.818454,364.370138,25.120447,38.869038
824.695446,369.019939,24.351784,39.050285
828.958159,375.693041,25.598391,38.319744
828.562225,375.603739,25.713684,38.883587
833.390075,382.329590,25.480074,38.320267
838.382280,387.891062,25.404583,38.859875
844.697564,390.978327,26.345442,39.856991
850.930840,391.684561,25.792219,38.790668
854.766308,391.670120,25.528664,37.922531
854.078912,391.558788,25.437422,37.988121
854.791711,392.388205,25.532942,38.047932
852.512031,393.161688,26.844118,38.472385
850.897433,391.863415,27.184824,38.599098
849.289005,391.859392,26.622704,37.995602
845.175081,391.308104,27.395489,39.081593
845.694311,391.331282,27.397968,37.923862
842.723070,389.603596,27.676159,37.651527
841.163366,384.755074,27.655369,37.498062
841.478160,376.893360,28.742655,38.228600
844.940256,370.648743,28.194378,38.170074
847.542139,368.218805,28.357372,37.496014
847.532941,367.926193,28.444555,37.379562
851.451607,367.315617,28.510437,37.689903
857.178183,367.500059,28.681095,36.923634
861.028492,367.645853,28.588097,36.965435
864.338343,365.086014,29.281918,35.884155
869.112242,361.597139,29.058796,36.383465
868.512294,362.219719,29.391703,36.427902
870.746028,360.200758,29.183908,35.318195
872.122797,355.788425,30.295025,35.939262
872.268341,352.811899,29.755188,37.120770
870.983559,355.001938,29.900772,36.546982
869.293584,360.434782,29.928411,36.590870
869.303997,360.269823,30.367821,36.021145
868.142450,366.902487,30.088253,33.144367
865.648440,371.401520,30.461252,35.095276
864.332121,375.731777,30.672535,34.562798
864.096821,377.085220,30.014885,36.214386
863.583029,377.483791,30.406940,36.465858
863.868920,378.459019,30.783033,36.154305
862.793014,378.936102,30.553972,36.510990
859.764484,382.738571,31.522972,33.351730
858.349489,384.406273,31.261074,33.630981
857.993340,386.636894,31.076553,34.624100
856.364036,392.757612,31.093096,32.194187
856.905548,392.627123,30.996750,32.697750
856.092155,399.170698,30.934830,32.762531
853.609802,409.258743,32.125992,32.407867
851.861474,418.709345,30.580671,33.492825
847.729275,430.856400,31.602928,31.885771
843.972366,440.671268,32.182388,32.411476
843.352695,439.980110,32.731819,33.227127
841.888871,448.877205,31.357313,31.672897
839.413980,455.746955,31.227200,31.920443
837.381975,462.490769,33.703747,30.181578
838.917856,463.133877,32.082211,31.929985
840.184517,463.367774,32.327805,30.814806
839.810530,463.309340,32.802204,31.323183
840.570580,457.354374,32.672928,31.806297
845.083103,442.346369,33.444344,31.993374
852.900415,426.918245,32.748653,29.473827
859.774633,406.843633,34.074131,28.554487
866.814522,390.893927,35.287216,25.981342
867.593449,390.794697,35.043236,25.730400
874.332476,375.349342,34.268642,25.107933
880.111368,359.725368,33.581371,24.839113
884.774048,343.423018,34.484467,26.168833
888.459501,335.841230,34.153019,26.231701
892.563593,336.411798,34.681179,25.408819
893.229645,335.968295,34.771149,25.482134
897.834860,337.579613,35.221684,25.507759
903.756868,331.783770,34.130077,25.472599
906.291182,327.447701,34.841343,23.031914
906.478472,325.631745,36.045071,23.205435
905.874832,323.011928,35.437241,22.921144
905.981207,323.103646,35.824131,22.623007
903.954021,319.379133,34.944557,22.492519
897.772209,318.134662,35.938034,21.325716
889.277533,315.749256,36.506908,20.319489
880.155317,311.635159,37.123478,20.761396
874.900368,312.445982,36.302071,22.388485
874.484724,312.772836,36.123425,22.516867
869.074799,319.315276,36.092857,21.481073
864.701399,320.879833,36.146618,21.266907
856.957155,319.431236,38.623119,20.362740
850.442032,314.890868,37.622879,20.802393
846.995783,311.077117,38.760326,18.771082
847.044437,311.134553,37.870110,18.583960
841.225132,307.426467,39.283974,18.601763
831.989216,303.970147,40.944115,20.949202
824.835762,306.102987,39.973007,20.244205
821.611599,305.754518,40.119499,16.933867
820.475071,303.539985,38.095596,18.131845
821.061050,303.462918,36.495872,18.021742
821.286446,303.765194,37.763206,16.633514
823.209595,303.520339,40.210625,16.910944
823.491489,303.456854,40.443008,17.363079
828.279737,305.337043,40.423397,16.655558
832.392452,313.251687,37.079926,15.787848
831.642887,313.135409,37.688972,16.209841
835.064732,321.854002,37.513695,16.064922
838.989510,331.139863,33.758537,17.231863
838.668421,336.685209,33.775639,17.973186
837.876119,341.470143,28.415037,17.124998
836.864515,343.338877,33.885662,16.726208
838.318450,343.859692,27.319948,16.501701
838.919567,346.836901,31.333282,15.327960
838.687533,350.869697,28.760988,14.177210
836.765530,354.150092,33.171585,14.683887
835.776224,354.327980,36.174503,15.227455
839.167307,353.861753,34.425770,15.687780
840.217736,354.469838,30.633879,15.267066
840.561506,350.603436,40.199909,15.591125
841.582031,345.316100,39.807198,16.623537
847.386934,338.721652,44.245899,17.963213
855.250591,335.158413,41.102310,16.589081
859.748505,327.742109,46.176353,16.782772
858.891153,328.045842,46.366047,16.440229
864.720642,321.575531,47.159386,17.169144
871.429495,318.288142,45.494579,16.648172
875.885534,315.814633,45.812832,17.740850
874.888601,314.342133,44.941723,18.418564
867.706146,312.105512,45.607750,17.797064
865.685713,311.766071,47.616360,18.465477
863.241951,311.400607,44.511467,18.517252
851.709581,309.470598,44.853703,17.801510
840.109587,306.243438,44.522106,19.477663
829.991457,303.368558,42.439678,19.439749
817.161652,300.292524,40.760040,17.881733
816.333006,300.397526,41.722736,18.115318
802.636189,295.588387,40.115532,17.692131
787.145226,288.012065,43.945290,19.054735
777.196861,279.558427,39.106842,20.025244
768.081024,272.737641,38.447647,20.023260
763.693380,267.220597,36.172634,20.211203
764.087177,267.897982,35.637665,19.647770
760.938278,263.405760,37.991188,19.871243
761.992605,261.972110,35.893200,20.994570
767.297609,263.320834,32.748844,23.283449
771.313370,264.837216,32.166435,22.051817
776.401686,268.810476,34.940685,27.047955
775.818195,268.560962,33.972824,27.974077
780.258841,276.040606,33.379559,22.825397
785.621466,286.186462,33.990368,33.355202
790.545996,296.429014,33.296413,29.239544
792.300102,302.303940,34.040733,37.946159
793.000967,310.946360,37.353100,41.806126
793.134296,310.219858,35.870178,41.913380
793.253922,326.051956,34.469292,38.004250
793.148161,332.983604,33.403393,43.922371
789.733528,345.264748,34.357109,45.512398
786.049075,355.239695,31.032015,44.345417
780.262709,364.065065,34.294369,43.395771
781.192894,363.916445,33.813484,43.644581
777.106001,370.853342,35.368572,42.100773
771.911903,376.362562,40.873543,39.746716
768.779713,382.452414,41.725204,35.317043
764.580036,384.946922,43.979935,32.116722
760.541716,388.499573,46.271938,27.807243
760.245092,388.816791,46.383572,27.804995
754.669613,390.642796,51.227966,22.964203
751.770359,387.958639,49.491196,25.849468
746.189169,385.479318,51.640774,27.801794
741.754963,384.374184,50.795044,24.295403
736.800728,379.141769,50.183525,25.176689
736.829744,379.439093,50.059940,25.305340
734.995035,376.911711,51.385639,25.649746
732.701931,375.481332,51.154404,26.452703
733.725380,374.181952,50.517601,30.419230
734.233746,374.448542,50.002853,35.057545
735.591770,376.223866,49.278107,38.524887
735.520687,376.529247,49.044617,40.081177
736.718975,377.808475,48.266434,45.558105
740.513487,376.844929,47.195583,52.775436
743.384394,386.329994,48.074375,51.123207
744.517239,391.747620,49.369080,54.048241
745.249390,397.894156,51.510826,55.395916
746.052279,396.739798,50.962269,56.024639
744.961063,401.971018,52.420181,56.066013
742.001429,408.058201,55.527500,54.598404
734.264252,410.339573,57.620750,52.931808
725.388582,408.227671,60.457325,50.612034
716.750750,406.162340,63.079334,46.370747
716.615122,406.368456,63.041294,45.626270
705.592075,400.787033,66.207245,41.726036
697.592602,398.326019,68.421356,36.251671
688.339859,393.181211,70.537880,32.050365
679.820045,387.373427,71.727730,28.559366
672.682629,379.298280,73.273727,27.481741
672.142006,378.270600,73.378365,27.834753
667.087101,372.752782,74.681168,24.292921
663.092178,366.369450,75.198418,23.531708
661.220409,358.647575,75.472382,23.098625
660.725914,351.021860,75.318443,24.809315
660.744003,342.410435,74.650719,25.166641
660.520065,342.963764,74.595253,25.016464
661.949337,334.537599,75.510269,26.586264
661.975613,326.691233,75.525162,29.917057
661.269073,318.274206,76.791939,34.628170
662.230438,309.454823,77.474068,40.231339
661.659264,300.780672,76.710564,45.575947
661.340321,300.942690,76.961639,45.850574
658.343967,294.296944,78.219025,50.319771
653.379959,287.635361,78.680946,54.956566
647.521118,282.183752,79.407936,59.192455
649.385239,278.645145,69.826485,64.949753
630.647072,274.944973,79.261742,66.327209
629.579426,275.383736,79.989288,66.232674
631.131168,273.274509,71.562439,69.863174
613.995155,275.817898,80.532707,69.844025
606.097260,275.497608,80.815834,73.080521
600.346573,277.002468,82.203835,73.424469
597.377312,281.248276,84.895409,71.269890
598.051746,280.788197,84.134216,71.577286
596.035091,282.941143,86.451401,68.795837
594.054569,284.963928,90.549957,66.801201
594.713451,286.234615,92.007004,63.458069
597.867470,287.943398,94.023186,58.439278
599.703518,287.332390,96.949356,54.486855
599.430450,287.575453,97.342873,53.348934
599.665997,289.909647,100.008194,47.244236
600.756569,293.956919,101.272301,43.122196
600.557018,301.677635,102.979935,38.360390
600.971279,309.258774,104.209579,33.907677
604.549252,317.225567,105.646500,30.026062
605.118732,317.712546,105.453735,29.990152
606.516430,323.130552,107.514938,28.008236
604.885529,329.773309,109.006569,31.491858
604.341904,336.895464,110.533363,37.080647
602.814960,342.152870,110.809937,42.154366
601.902477,344.158752,113.404251,52.202293
603.346298,343.840961,111.381142,51.213150
600.952408,344.941763,113.550301,61.720104
597.286934,345.167412,114.504784,68.975014
592.978252,343.373653,115.571365,76.521271
588.177135,341.859856,118.222610,81.505165
580.718048,340.772709,120.159279,84.683762
581.842388,340.490318,118.464554,84.576210
569.266129,342.033764,119.038948,84.783203
556.678055,343.273956,119.952370,83.018883
547.614571,344.689507,121.024406,81.651283
538.497528,349.344971,122.891945,74.707054
531.083767,355.968395,121.432816,68.871765
531.142986,358.344284,122.388718,67.951836
531.082127,366.784517,123.720581,61.993336
534.913883,373.660496,123.575500,54.004318
542.222290,378.791561,121.624275,48.149658
550.535099,379.991165,124.190643,45.837303
560.168365,379.870657,126.062263,43.929119
561.105515,380.135340,124.720894,44.211338
571.251686,379.089615,125.751915,43.859428
582.698662,376.266460,123.995964,39.650970
594.693779,368.397964,122.104881,39.501762
606.211170,365.299002,123.930023,39.579906
619.407761,361.388700,122.114479,39.377895
619.175327,361.382055,123.122101,39.007641
633.369205,358.558275,123.722290,39.255390
648.010159,354.006433,122.152298,38.748844
660.543537,352.086824,121.890198,38.557667
671.905830,352.046387,121.877983,39.035454
684.472740,355.036097,121.972191,38.096195
683.478951,354.601501,123.458183,38.930840
696.331234,356.302393,121.553238,38.353611
710.458836,357.039108,120.277710,39.265862
721.608810,355.768734,117.383553,38.780090
732.289268,353.852219,116.281914,38.356255
741.306629,351.369371,115.692505,35.453663
740.256134,351.026737,116.710335,36.402267
742.950417,344.660131,116.224358,35.738842
746.589157,336.043091,115.176521,34.849083
749.993008,327.237906,114.003891,33.809093
755.314190,319.687778,111.730606,31.940445
760.945774,314.785378,108.981506,33.095192
762.506912,314.530436,109.212257,33.290775
768.638554,311.413315,107.762787,33.248528
771.145187,307.754810,105.017891,34.884262
773.462067,303.237453,104.981117,36.109314
777.365696,295.488495,100.368286,37.640343
781.982372,284.851147,97.406113,38.427032
782.364933,284.690149,97.436951,38.389103
787.991890,271.700214,96.370476,40.535812
791.783386,264.122625,93.695717,41.584301
792.127380,253.414812,92.855110,42.889301
786.230991,244.738344,92.297882,44.996326
788.821968,244.320704,90.017662,46.328892
789.291149,244.326843,89.916306,47.043144
789.805698,242.196871,88.717590,48.656300
778.836704,242.701073,85.775177,49.790901
771.360260,246.393208,85.813057,51.232773
763.824745,243.941916,82.674706,53.022839
752.433994,245.928669,80.853546,52.938919
752.733219,245.351164,80.109894,53.282833
744.111156,253.456514,79.088730,53.029957
732.933449,254.003229,79.099602,56.425968
718.092129,255.788740,78.182114,56.961575
706.677063,256.495321,75.059792,57.614941
698.501831,258.711454,73.981941,57.925503
698.626457,259.004681,75.314720,57.815918
693.049076,266.758175,73.081207,58.018433
685.791245,276.369925,70.969551,58.856792
680.742546,288.757896,70.469231,59.986702
677.574493,299.861137,68.020119,59.567940
675.357677,314.064968,68.680435,59.823883
675.877193,314.547544,68.298599,58.979336
675.816780,329.294071,67.715294,60.228378
679.035110,343.254547,66.526436,58.988945
680.087830,350.859762,64.380104,61.819103
681.258913,359.498348,63.287174,60.135803
681.591066,367.758823,63.044865,61.584549
681.295719,367.607719,63.224091,60.946327
682.956625,374.143023,61.369534,58.849232
684.338409,383.433903,60.143562,59.773087
687.403620,386.067623,60.384846,60.331482
691.136595,388.184305,60.362499,59.442295
698.793516,390.116987,60.034924,59.005093
697.979719,389.674417,58.869091,59.071568
704.146889,392.735371,59.555504,58.675613
711.199833,394.880079,57.270081,59.671719
715.231808,394.818935,57.909561,60.068298
712.180645,393.596977,56.715958,60.369911
714.856464,393.018948,54.745300,59.665619
714.652889,392.303425,55.319778,59.629715
717.487778,392.827232,54.271400,61.477303
717.989079,396.079319,53.854797,59.600845
713.786509,400.184685,53.196003,61.003181
705.066156,405.274250,53.750935,59.010910
697.063126,403.440235,52.937050,60.892715
696.462976,402.966063,52.722401,61.085201
692.007164,398.395639,51.732048,61.255985
687.883520,392.934072,52.270596,62.909191
683.238026,386.736677,51.515564,62.989742
679.021427,379.088367,53.241791,65.877365
673.075426,369.889751,51.580662,66.776978
673.075752,371.887119,51.652641,64.250931
666.979774,360.504333,48.844505,67.167686
658.508524,353.674740,49.610554,66.929565
653.864912,347.074451,48.404888,66.999100
650.136745,345.011055,47.197067,66.745491
647.227961,341.729656,46.541370,65.834564
647.365295,343.038658,46.333992,64.309883
644.029453,339.007034,46.665222,65.706841
641.478249,337.936420,44.551903,65.916397
640.409681,339.690506,42.793133,64.355614
636.540562,342.670307,42.332535,62.715256
634.442223,344.628136,41.562859,63.111275
635.422153,343.996056,40.405579,64.007637
634.268564,349.082386,39.388996,61.881119
636.659595,350.364935,40.672638,62.385021
639.785400,351.575764,39.580513,62.709412
644.035776,351.389507,40.273243,62.152252
650.494091,351.231737,38.680161,60.977009
651.612259,351.472673,37.378502,61.221500
658.927322,351.536938,40.085411,60.867111
671.265169,350.735703,38.936420,58.903419
678.811861,349.448622,39.493061,59.519253
687.360840,350.031132,38.601372,57.943161
694.039198,352.473785,38.646160,58.303078
694.583590,352.745453,37.893162,58.805199
701.145885,355.945978,39.399078,59.810230
706.734274,358.700699,39.270123,58.618935
712.730288,360.000240,38.528431,58.723740
715.226999,362.896441,37.084721,58.511066
719.025312,360.902269,37.802120,58.678791
719.047279,361.532259,37.083565,58.877262
722.767399,361.708694,37.024231,57.993797
725.198393,362.347315,37.717800,60.530598
724.354118,366.954275,36.654381,58.445156
724.023693,367.410049,36.514816,58.922325
721.978502,370.622864,36.752369,58.847588
721.937035,369.091917,35.942772,61.141857
716.549868,375.217226,34.942982,57.714924
709.404156,376.163223,33.371933,61.099480
703.119810,382.602825,32.424358,59.176987
698.662407,386.021511,31.851250,59.453171
692.564423,384.731958,32.451897,60.730335
693.604383,384.928795,32.052258,61.226875
691.670813,383.059315,29.626507,60.634750
691.266665,382.666189,29.385715,58.497280
691.220841,376.477736,28.896200,61.681667
690.935885,374.362572,28.796053,60.830894
692.995563,372.029028,28.278582,62.241848
693.384042,372.585592,27.524420,61.403835
694.811324,374.429028,29.109278,62.413055
698.417380,375.033314,28.838816,63.671555
702.903302,376.369898,27.788984,63.787128
707.996323,376.522320,28.451866,64.636017
713.030668,375.929752,29.911327,65.760925
713.620983,375.437363,29.380035,66.010979
719.597155,374.386547,27.963123,65.817810
723.475457,369.704628,28.431311,66.272179
726.727783,358.624783,29.022255,64.768234
730.051173,345.826706,30.448244,66.927467
734.946835,335.888847,32.256378,68.005638
734.122616,335.832703,32.008148,68.118462
737.234978,328.284794,34.845100,68.632446
741.170691,322.324783,37.303875,68.828346
743.024179,317.448860,41.110416,66.766045
742.767103,307.632439,47.837948,70.160027
744.309200,302.665024,50.223877,65.810616
744.668808,301.120327,52.077171,67.510056
748.534908,293.476444,55.445465,65.888702
752.022903,284.214573,61.093925,65.900726
758.648800,279.081013,65.892273,64.416870
762.678566,274.437588,72.177254,62.418411
766.023552,277.392563,75.837502,57.636482
766.614468,277.489550,76.585419,57.511173
766.325035,283.238789,79.989662,54.082092
767.695747,291.779432,80.348549,49.782970
769.158783,306.762459,81.288658,42.907463
769.135620,320.592068,81.611656,37.875015
766.936127,333.151482,81.670341,33.596703
766.561352,333.524237,82.197113,34.188320
764.976040,344.067255,80.230652,33.984516
764.353893,358.199677,76.130188,33.215858
764.381580,373.567633,73.222321,32.504055
762.445473,389.759861,69.923256,32.416962
761.458687,402.609446,69.517143,34.693562
762.046692,401.506876,69.441429,34.626438
761.579617,413.732136,66.229614,38.771835
760.915176,423.348854,62.739906,44.345589
760.295347,422.673483,56.492840,48.962109
760.559250,423.808571,52.367226,53.667976
758.871784,422.909832,47.642975,58.859711
758.319712,423.114754,48.359638,58.575294
756.950647,421.837759,43.920826,62.974224
757.800713,412.559895,38.966881,67.869064
758.843948,402.225574,37.943092,74.071411
759.862324,391.402790,37.110474,76.624985
759.775341,385.338848,37.302048,78.571381
759.556408,384.885025,37.544846,79.291130
759.919691,380.674603,38.770367,81.417328
767.733955,373.204876,35.935661,83.804688
774.511505,367.164589,36.161629,84.548622
776.525200,364.163113,39.606255,84.148773
776.887754,361.509171,41.504070,85.056053
776.888338,361.862968,40.923496,85.147133
778.188139,363.786434,47.113689,85.242493
778.509447,367.597248,51.083775,81.306290
778.229532,367.997681,54.077198,80.531853
777.259035,368.586952,57.330143,79.582039
772.646017,368.759480,61.151089,80.081070
773.829473,367.601120,61.352688,80.164818
768.844707,372.118053,65.358353,77.231903
765.017540,374.001102,68.944695,76.078781
761.584202,374.654682,73.000183,72.319687
759.795925,371.015659,74.235001,70.159927
758.544186,366.884209,78.389755,67.585670
757.940575,367.282024,78.016258,66.315033
757.485023,362.207771,80.631523,64.527565
760.942852,358.811459,81.655075,62.347229
759.432964,363.624584,84.558060,57.490753
759.625965,367.264650,85.475159,54.779835
761.472031,369.048771,86.857094,51.442795
761.752815,369.049126,87.047112,52.200233
763.925484,360.180145,87.411980,47.630852
761.781528,353.752459,87.880066,45.126667
758.565010,358.154737,87.885674,40.823788
755.538624,362.139753,87.920807,39.086819
755.321198,366.948509,88.592903,37.747261
753.861217,367.316647,89.260147,37.253052
753.746655,370.339701,88.034470,38.502842
750.767189,371.686676,87.471825,39.627251
748.425724,373.882414,85.119293,39.597012
747.517937,376.156488,84.555840,39.261478
745.103165,377.516163,83.314949,39.363998
745.885803,377.807503,83.515755,38.686348
745.624233,378.145887,80.380661,39.602840
743.946613,379.418550,78.416901,40.109180
742.954441,379.572969,76.510101,39.876942
743.297802,376.833380,73.455765,40.883709
741.753136,373.257202,71.639671,42.418785
741.264042,373.918411,70.812408,41.835869
741.099941,370.693810,68.798813,45.790169
740.833870,366.663797,64.004906,47.183842
739.062714,357.984709,60.844612,50.114895
737.550846,349.513075,56.673309,52.972622
735.222340,340.746475,52.745544,58.002129
736.021130,341.428751,53.265457,56.967472
730.710829,335.153618,49.549114,60.433083
727.734066,334.058033,46.931778,65.177109
723.176769,334.306335,43.279160,66.973259
720.933773,336.410076,39.948135,68.988037
718.371044,343.264572,35.135300,72.512077
718.530401,342.719322,34.768734,72.362892
713.227314,351.278385,35.909958,73.713577
705.113213,357.289646,35.448830,75.410751
699.526762,361.202236,34.888836,80.604614
692.764088,364.459248,34.170319,81.503128
685.818005,367.145638,34.004333,82.465584
686.449139,366.939781,33.265808,81.194191
679.168013,366.884735,36.759243,82.390160
671.093422,366.900505,40.162910,81.864601
665.347359,362.986263,45.464851,83.632507
659.433323,359.153130,51.265427,82.032722
655.516050,354.411510,56.057217,79.835327
656.379154,354.705128,55.821457,78.963760
654.311047,352.209026,59.909180,75.021606
653.889236,345.087559,66.915489,73.453903
656.111603,343.056580,72.910942,69.629326
661.551636,342.993279,77.985558,65.380898
667.503399,345.247536,82.042389,58.608253
667.839413,345.556669,82.385315,58.974880
676.179127,345.118843,85.105850,53.446632
686.960331,347.361876,87.339401,44.274776
696.823822,349.141106,89.723869,36.607277
707.721245,344.613764,91.286537,33.498936
719.885487,337.767476,88.309891,31.099012
720.466393,337.846122,87.328438,30.661997
734.011494,330.622329,82.917160,29.611917
746.997368,324.336176,78.797188,35.710041
756.904747,315.777445,71.934883,45.456959
764.452244,309.017872,65.016342,58.244019
771.751705,305.690674,55.526672,69.588295
772.055927,306.631771,55.505264,68.875137
782.017797,305.897568,43.833630,78.444435
788.721151,309.818985,39.489849,84.917305
798.004333,316.266304,37.197563,90.319969
802.202881,325.283413,40.143120,91.057358
805.416634,332.999928,42.485573,91.825775
806.231518,332.371696,41.761688,92.400749
801.247602,341.961159,53.434505,88.778221
799.276896,350.526554,60.909428,83.822815
790.308338,356.528851,71.340225,79.306656
785.374115,360.456028,77.933250,73.360657
778.921139,365.361820,82.511719,66.262238
779.334663,365.490639,82.812447,66.113457
771.255856,369.677666,86.691345,59.614037
765.484169,374.657339,88.934822,52.060543
760.566944,380.358847,88.846237,45.601040
755.050964,384.612709,90.091301,45.366234
752.427860,387.630157,87.851425,43.678474
752.930138,388.182436,87.546272,43.059910
749.093914,387.515942,84.469543,41.971115
746.344154,385.429356,82.752754,39.714539
743.663761,382.412504,79.360794,37.978374
741.723122,378.107685,73.964943,40.445801
740.108131,376.680782,69.848671,45.069107
739.742798,375.894480,68.796806,45.422596
738.959152,374.400513,65.393211,49.411263
738.140482,373.728428,62.402561,55.230469
737.828341,374.371965,59.624958,59.292057
736.174965,374.350723,56.216682,66.163368
737.265810,377.727318,52.490070,71.515190
737.890951,379.319328,51.991589,68.979881
737.475260,381.570522,46.549809,74.079575
735.726675,383.013924,45.847698,79.245445
734.121998,384.213497,44.621933,83.167618
733.344740,384.186611,43.534084,86.142532
731.622110,382.979153,43.929173,89.077621
732.984341,383.233677,43.439789,89.576080
732.163334,383.721252,42.957291,92.357796
732.733009,384.633965,42.603859,93.549095
733.235558,385.071011,44.258278,91.739792
733.875687,386.374195,49.314323,87.778534
735.281303,383.684677,53.823158,86.410164
734.734512,384.123543,54.942009,86.372856
736.151575,383.491138,60.588657,83.658936
736.419693,384.636848,67.295921,81.091179
735.648903,387.841320,73.730690,74.386642
735.613388,390.782135,77.749809,67.802986
735.139786,394.135813,81.887871,58.957691
734.427956,394.096571,82.812111,59.718365
732.908749,397.987347,85.942108,49.739395
734.448116,401.244154,85.194031,38.715954
733.632526,395.601963,85.851364,35.736847
735.238300,385.932390,80.794785,37.077641
738.422935,376.606485,73.315926,39.113605
738.566772,376.016502,72.990532,39.211296
740.854130,367.787573,65.330338,49.921047
742.609974,360.645679,57.879257,63.146973
745.414991,353.570328,50.625393,73.883553
749.401865,347.862019,38.280033,79.955017
751.456920,344.220814,31.446718,85.357574
751.347158,344.373802,32.389690,84.654778
755.529642,343.893932,27.296085,87.327469
762.418712,348.649109,25.769075,89.576942
763.553825,351.864841,32.508583,93.630997
760.953070,362.582932,41.053265,87.852623
759.797422,370.336327,48.815365,86.739235
760.684536,369.748474,49.226074,87.169151
757.694054,377.758301,57.409981,83.961693
753.808098,383.214302,65.371315,80.696053
751.526569,388.480335,73.114365,78.462814
747.567223,394.557972,77.346382,76.745895
742.992107,398.961624,80.863800,75.226860
742.212421,398.533802,82.523331,75.950821
737.582333,398.348297,84.099457,74.575523
731.734890,395.950607,86.434265,74.589165
725.248703,391.670273,88.038536,73.769646
719.004192,387.085251,89.064270,74.340263
712.700745,382.683025,89.377739,74.418030
712.283882,382.967789,90.850807,74.038719
707.516163,380.589790,90.839401,74.636696
703.035355,378.832088,90.487053,74.582764
698.042801,376.864857,90.523308,74.895126
692.936295,376.472427,89.760063,75.052757
685.432590,376.248177,89.972427,74.752693
684.300396,376.608913,90.896088,74.136566
677.891247,376.496223,90.458160,73.731056
668.974236,375.766056,91.290016,72.603775
661.625439,374.561588,92.184814,73.119553
656.781261,376.025074,90.194305,71.621872
649.232883,378.066936,90.934311,70.961334
647.675194,378.448372,92.359261,71.164009
641.905628,376.711575,92.322678,69.383392
637.009750,375.250603,92.366783,67.522743
633.292362,371.865574,91.844193,66.122604
628.654713,371.050571,93.735397,64.886459
626.812214,370.233841,93.012222,63.568871
627.165768,369.597454,93.140717,63.161774
623.055923,368.245852,92.839500,59.501209
623.349789,359.965551,91.884277,58.114758
626.008781,351.244600,93.302711,56.703297
629.182606,342.075060,92.885818,56.178303
631.058819,335.161371,91.712769,55.222996
630.718136,335.461832,92.828735,55.457340
631.745857,328.642179,91.357979,54.782955
631.916317,326.211483,91.925537,54.788116
630.692966,326.929581,92.283615,54.920036
628.970509,328.308159,92.204666,54.719734
629.364357,331.110554,91.452339,54.798843
629.223305,332.017128,91.588387,53.995583
630.976089,334.308210,90.553764,54.190243
630.497749,338.659735,90.320839,56.086620
630.520653,347.423378,89.828346,54.888405
629.127918,355.193258,89.788254,55.120922
624.965687,361.547503,89.231552,55.413441
624.334068,362.837290,89.958931,55.560795
620.830048,367.135399,90.125481,55.331215
614.117916,370.106632,88.823578,56.027847
607.776485,369.807753,87.122833,56.504635
599.259060,367.444553,86.200348,56.956650
593.970264,364.182920,86.572861,57.926022
594.028385,362.576624,86.339676,59.250370
588.730057,358.899334,85.133476,57.915710
582.435505,352.835651,83.909897,59.491562
576.134441,348.827503,82.211853,60.318710
569.909798,345.802145,80.930489,62.005871
565.462955,344.090296,79.857742,62.567204
565.750233,344.034786,80.108017,62.844482
561.450645,341.384539,77.803841,62.635456
558.303288,339.690487,77.152145,63.539917
557.415611,339.655413,73.909157,63.936176
556.679211,340.109531,72.322174,63.995224
557.140213,343.239052,70.299309,63.961098
556.825241,344.118649,71.095360,63.953217
560.087688,347.208872,67.806610,63.768436
563.306049,351.271786,66.512222,65.506561
569.181316,358.049515,63.613770,64.820335
576.788961,365.073669,61.031017,64.480614
584.263639,369.758904,58.297482,64.179085
583.973776,369.939800,59.008099,62.881744
587.673214,372.600126,57.053650,63.485622
593.791603,372.135042,54.584145,61.314137
600.547218,369.036682,52.711342,61.838524
605.304552,364.220739,49.231922,60.679760
611.196444,357.449524,44.750751,59.547661
610.621731,357.879522,45.660767,59.328960
616.026926,351.286678,42.244999,58.260361
622.267824,343.621620,39.812763,56.866142
628.892122,338.905783,37.540012,54.613445
635.090103,333.892773,38.576012,54.040619
640.007528,329.570660,39.456051,51.273300
639.991991,328.694778,39.992634,51.091331
645.674601,323.261360,40.911655,46.831154
653.111044,320.282476,42.497662,46.288998
665.937960,329.402225,36.076572,31.028093
677.687241,334.930077,32.510674,27.729698
687.431454,335.778934,33.920700,30.592575
687.644329,335.543145,33.684937,30.106390
696.042118,333.420310,43.069977,28.989450
703.656313,330.631633,47.732639,31.589418
709.235188,334.701232,51.367462,29.165430
714.661230,338.966887,58.701580,30.242884
720.100830,341.645840,60.015373,32.811523
720.579334,342.136261,59.675827,32.885612
724.774052,337.342619,59.898727,37.691357
729.065592,331.788101,61.153339,44.344627
732.701351,326.124859,60.617325,48.863617
736.823708,315.415123,60.306419,53.952644
734.223631,305.543926,59.765636,60.265808
733.988876,304.897400,59.653542,60.529259
728.077663,288.491497,58.300766,66.203339
726.925356,274.718540,57.277531,67.534286
725.294695,256.604580,57.420475,72.398346
723.156504,241.897045,57.610310,74.136627
721.528522,227.556561,54.996887,78.422638
719.907911,227.911953,56.078594,77.725586
718.064186,225.893181,55.836235,79.495796
716.736206,231.254627,54.783302,79.586899
716.751938,232.105968,54.954201,73.972565
717.313406,222.785057,53.275448,77.288734
716.665657,216.329746,51.895134,78.375168
716.247456,218.565239,52.253876,76.912697
715.091902,213.162685,52.857708,78.812256
714.892759,214.378391,53.308208,75.831680
717.273699,209.081387,53.953342,76.837006
719.573624,203.390068,53.010750,76.883156
719.122108,199.251350,54.509697,74.422249
719.582113,199.177418,53.532192,73.893936
718.761400,202.081474,52.982914,70.244911
719.551065,204.423492,52.702625,68.214867
717.736572,203.944443,53.386604,66.572350
716.075872,200.508511,52.580410,63.775757
714.794739,195.067671,53.524483,60.246853
714.252398,193.788836,52.425755,62.545979
711.592794,187.142212,54.766354,58.011925
706.355604,184.602800,57.252514,54.219929
700.671150,185.196125,59.277184,51.597244
693.332207,187.245825,60.494987,48.288891
687.821068,187.952242,60.261742,43.074177
687.538963,188.665056,62.044853,42.107731
679.272308,187.660877,62.506432,37.476608
672.252796,186.060368,64.150803,32.719971
664.103771,186.429688,63.718689,28.316427
655.710503,190.609524,64.883598,23.257828
646.934418,191.483940,65.828651,23.654488
647.081642,192.315043,65.858284,23.328005
640.207050,191.826924,68.583420,24.507002
633.680916,185.995297,71.947624,27.676497
627.275879,182.403975,73.329399,30.608959
624.559238,179.140549,73.387756,35.567955
620.047379,175.612295,74.544945,42.632336
618.836403,176.329861,75.981880,42.165924
616.031029,175.797766,75.184944,46.722729
615.276806,174.018478,74.942963,52.353294
614.688782,176.351614,75.087059,57.397991
619.770927,178.456240,74.063728,61.069813
623.288498,183.731653,73.124443,63.839695
622.958088,183.577412,73.272720,62.804459
626.045105,188.196278,70.778374,65.718613
630.008934,192.890705,69.784065,66.957748
633.188477,197.946949,69.592644,67.488358
636.594170,200.083500,67.290413,69.382370
639.501743,204.800541,64.192978,69.059219
639.609615,205.145870,64.408325,67.104980
641.725914,208.269974,62.426582,68.606499
642.633171,209.629471,60.331856,67.478905
644.998083,213.026493,57.896862,67.015488
647.542183,216.535172,54.934151,64.966698
649.104223,221.911070,52.958447,63.137783
649.258240,222.710630,52.504448,63.475918
651.209311,227.309065,51.083508,61.943966
653.433546,232.853903,49.860714,61.115276
656.526150,236.165966,48.160767,59.130798
660.089705,239.742060,48.358364,57.574772
664.329248,242.386391,46.385929,57.020760
664.278217,242.705391,45.913620,56.691933
668.673513,248.507896,44.511822,55.105782
675.539381,255.079519,42.529140,52.859997
678.882738,261.187529,42.857685,51.899273
684.058716,270.435604,40.907326,48.532898
687.594818,277.536179,39.608253,46.680580
688.415100,278.043230,38.274315,46.555622
691.957514,283.699089,37.340565,44.238335
693.813099,287.444454,41.007690,42.303650
697.062996,291.660688,40.342690,40.194103
695.748123,295.908607,45.168037,38.884499
692.480734,303.077442,49.164318,38.831863
692.073242,302.535599,48.052238,38.808479
687.576374,309.231766,52.016418,39.177208
684.738613,317.260517,55.085251,35.440781
680.409300,324.084578,58.948437,35.261349
678.250755,327.096266,60.735344,34.221798
674.677017,330.618420,68.100685,32.927704
674.779320,329.816154,68.380211,32.181587
677.010731,334.226953,68.927872,31.328299
680.171295,339.636348,69.752556,28.622179
682.967525,346.171926,71.056213,28.169796
688.572285,352.181993,72.208252,27.938498
695.027027,354.514565,70.665909,29.669180
693.959980,354.107414,71.628418,30.430840
700.575424,353.705843,70.689796,33.391544
705.919666,351.066065,70.010086,36.497105
708.987831,347.033972,72.569801,41.332653
712.203117,345.128475,71.057869,44.866150
716.178482,343.286104,72.026329,48.692677
716.557602,343.614294,70.545952,48.854900
719.845894,345.511074,74.032265,54.618103
722.234337,350.190268,73.107033,57.770489
723.761230,355.503683,72.839958,62.051525
725.733494,363.154270,71.949631,65.260971
728.227516,371.843937,70.506569,68.239853
727.585968,370.990982,70.103050,69.005028
729.794182,379.824131,67.471809,71.007248
729.732613,386.844986,67.663490,74.398552
732.543726,394.222652,62.347904,76.768311
734.145290,400.039570,59.930786,79.095230
737.167700,403.479492,55.533123,81.714256
737.923096,402.603058,56.220116,82.192619
738.807730,404.104729,54.923656,82.201607
738.828348,403.886513,54.180210,84.008461
739.037302,401.058868,52.296055,86.595573
741.490593,396.003937,48.163857,85.765892
743.961452,389.454830,45.617523,87.837799
745.025679,388.815266,46.080105,89.201797
748.174730,383.073021,42.562031,88.665749
754.338076,376.817184,39.286610,88.513206
757.694534,368.509167,37.570976,89.452606
762.635139,363.491638,34.798561,88.930046
767.690201,359.590424,31.341301,87.846886
768.484596,358.433037,30.676643,87.534401
774.481923,357.860439,29.718153,86.323700
782.594781,359.607628,24.950262,85.805702
791.725282,361.783691,23.604254,83.861931
798.992208,364.000725,23.771345,83.546349
806.210944,367.374786,25.587427,81.497581
804.996793,367.136089,25.869200,80.661392
812.711706,372.731735,27.245373,81.319664
816.652404,378.498898,31.412683,82.424484
818.338531,387.449142,36.740715,77.994881
821.339855,395.345943,42.236908,77.355972
823.447733,402.990318,47.967167,76.969658
822.492701,403.138462,48.728550,76.511597
824.695326,407.689327,54.555386,71.940872
827.047325,408.949772,60.417000,69.167389
828.541508,409.314667,66.687881,66.949043
831.480534,411.902956,70.530746,62.226780
831.871922,413.035448,75.906631,60.025669
832.511818,412.386278,75.067787,60.125584
835.730045,413.340397,77.908157,56.757538
837.374630,409.897388,82.801025,52.575684
837.193272,406.926012,85.815262,48.080570
837.474594,404.281811,88.009148,42.326462
836.110439,404.145504,90.260803,35.302933
834.970043,403.577623,90.370422,35.947056
833.532429,403.220820,89.938431,29.001543
830.863373,403.333920,93.164330,23.338547
831.548096,402.225169,92.516304,24.844835
827.391926,405.636822,93.220612,24.012619
821.690258,409.837536,96.579529,23.462250
822.941074,409.149428,96.712433,23.757547
817.554241,414.306993,97.228012,22.923283
809.874866,418.429654,98.784180,24.137342
803.861141,422.493052,99.416779,23.992327
799.199665,428.036132,97.586594,23.833399
794.422234,432.946655,95.922859,23.788994
794.132465,433.356609,98.117722,23.922440
787.234406,440.245034,97.302223,23.732565
784.562706,445.899939,93.833031,24.670467
777.163483,451.651467,91.369789,27.183584
770.884274,456.369502,91.324936,29.191210
768.247349,459.231770,87.672958,32.641815
767.575993,459.003122,88.041428,32.372456
762.792511,460.829433,85.016350,37.078568
759.509117,459.087994,80.147896,44.138535
755.793648,458.064135,75.909340,50.609959
752.798817,455.743002,71.089035,57.427853
751.418079,455.265186,65.379532,62.320770
751.691532,455.496342,65.454514,61.838135
751.179272,455.189316,60.348877,64.984230
752.474382,455.709385,55.330891,67.211273
750.508039,457.189301,50.062496,67.917274
749.186049,460.447273,47.743038,68.711540
748.505640,465.009521,42.900303,69.302010
750.371145,465.228630,41.223797,68.849419
750.127951,469.678486,35.248394,68.207947
749.086153,472.228184,32.325855,67.286438
751.249153,476.848774,26.487984,66.561874
751.840570,484.592274,21.513172,50.919510
746.083496,482.037643,20.990685,69.121330
746.829058,482.267937,21.093479,68.812889
743.889002,486.200527,21.733173,65.838242
737.756273,485.851273,26.270206,71.939323
730.186951,488.431633,32.396614,69.316124
724.087351,486.234821,37.492878,68.071548
719.316395,483.523155,42.448532,69.671165
718.193428,484.927429,42.622993,67.343025
712.325521,482.839508,50.422924,68.606361
707.720160,482.502445,58.410076,68.671722
701.701805,483.209747,65.507271,67.484688
697.258667,481.666725,70.023399,66.970573
689.930073,480.213980,75.868698,63.958767
690.496540,480.146465,76.773422,64.242325
685.255596,480.790819,81.455627,61.412693
682.033310,480.944273,86.908775,55.594341
679.580250,480.326691,92.002853,47.643867
677.709629,476.495972,95.416824,43.962563
680.645752,472.625223,99.283043,37.151539
680.795738,472.372051,98.388466,37.030167
681.164013,469.641829,99.627045,32.740856
685.836834,467.512521,101.196136,31.361258
690.590614,467.898640,101.758003,27.263611
700.045628,464.394608,99.094193,31.424963
706.019169,457.558027,100.199387,41.056438
704.137421,457.533064,101.768669,40.475872
713.549889,452.313171,100.900154,47.720711
721.570732,452.336687,98.889626,52.319736
726.899708,455.098909,101.175949,57.678532
733.109894,457.124065,100.788994,60.031509
736.749538,456.453182,101.740540,61.181625
738.829300,456.977270,100.025352,60.888119
742.984943,454.007036,102.063248,63.021641
747.153000,450.194992,101.171074,61.731575
751.607643,448.576410,98.247292,61.018848
754.111416,449.119907,98.477356,59.399902
755.811478,449.379303,95.122368,57.591499
755.111198,448.478584,96.258125,57.714348
757.621777,444.613691,93.744629,57.898571
759.713085,440.007992,91.894745,57.951797
761.499706,435.395735,90.973633,58.543926
764.368710,429.774946,90.353973,58.745892
766.554634,423.639069,87.233925,59.301338
768.303802,424.089577,85.383446,58.426811
767.615181,418.346773,83.484108,59.937962
767.562386,415.761414,82.824593,61.030983
767.358929,415.645554,82.581635,63.065498
768.226505,413.971649,81.044785,65.302620
769.789413,410.514866,80.142113,69.676056
768.759758,410.569611,81.180336,70.147774
773.047073,408.856575,78.228050,72.947899
777.567345,407.919952,76.475044,76.669350
781.734543,406.832565,76.063927,81.082191
789.041805,404.960297,73.259796,82.963326
796.138691,403.077118,69.958176,85.469490
796.951149,402.504463,69.248451,85.736290
803.529049,400.423744,67.347504,87.824974
814.648937,398.345062,62.466217,89.991432
822.626801,396.151962,59.946465,90.979042
832.066536,392.469559,53.954628,94.726204
841.906878,389.733692,48.844776,95.016479
840.799406,388.784958,51.121975,96.019691
848.153492,385.238773,46.173538,97.755096
854.449389,379.728436,43.462086,97.575394
856.168480,373.516418,42.084999,99.698769
858.615448,371.314175,39.599174,101.943710
858.908855,369.659023,39.591003,101.502365
859.247353,369.087387,38.911354,100.520119
860.528856,367.276115,40.896809,100.562798
858.763075,362.958462,43.912441,102.400406
850.992247,359.524719,51.090145,104.212807
844.596731,355.136044,54.356152,104.179459
835.976591,350.531475,59.960934,98.616959
836.503193,351.262764,59.169815,100.227104
827.806591,344.934505,61.848938,100.210159
815.760506,340.670586,66.041176,98.935051
805.039482,335.319515,69.095833,97.458817
792.748661,329.257687,67.599045,98.873795
780.477253,327.745594,68.617386,99.175385
780.002018,326.998947,68.888168,100.041817
767.787655,324.696911,68.797363,99.407700
753.979874,323.152939,69.310875,100.301765
740.592930,322.899158,70.266251,99.914795
733.063538,323.597496,72.127464,99.439995
729.694038,322.851601,70.249062,101.625847
729.052361,322.670250,71.151466,102.131096
728.129356,324.472328,70.348610,101.845238
725.749489,322.813774,71.155037,102.326775
726.849407,324.163715,71.749115,103.189362
738.308537,325.164047,71.747696,100.936043
745.552792,323.472988,70.322632,101.107712
744.849602,322.920181,70.428291,102.747200
750.439381,324.110123,71.363968,101.616646
755.019222,323.832420,70.534271,102.631126
760.080074,323.468380,69.375793,101.903549
764.891006,321.873806,67.315178,101.243607
768.207256,319.995152,68.241302,101.923706
767.867710,320.269882,68.016006,102.810768
771.048023,315.382301,65.432724,103.860619
770.433487,312.821320,66.650993,102.645454
772.937809,307.652458,65.268906,102.397911
774.015125,302.978676,64.663834,101.667931
776.309566,296.543045,65.293030,101.352852
775.203674,296.667656,65.931480,103.906761
776.889530,292.125526,63.791489,100.885277
776.254625,286.973072,63.876331,102.443512
778.406607,282.268726,62.190014,106.535156
780.528036,281.859699,62.788891,105.221985
784.070414,282.446590,62.353275,105.512802
783.507126,282.675842,62.690483,105.798470
784.767107,286.801582,62.515339,107.473503
785.495113,290.883591,64.341980,106.542732
783.927574,295.383133,64.092842,109.042824
779.734234,298.197788,66.470764,109.958984
778.169811,297.355343,67.352936,114.858261
778.395824,296.934448,67.069519,113.523384
773.386238,293.187130,70.186836,118.744644
768.850601,288.036480,72.574059,123.047043
762.901546,287.130890,76.097534,124.623543
754.695065,284.305790,80.149109,128.093079
748.802319,277.402355,82.431549,132.338882
749.038776,279.199467,81.937698,131.706451
740.831532,271.158337,84.475021,132.980392
733.657196,270.299870,83.882103,134.306824
725.315685,273.350185,84.370667,136.806656
720.042721,279.537098,84.604828,136.251312
717.423882,288.338589,85.551369,136.344742
717.476086,288.286259,86.288330,135.710449
716.570805,293.940334,87.681839,136.813797
717.743511,298.605335,89.389160,135.094574
719.386898,302.527836,90.252411,134.750671
718.053322,304.081470,89.715523,133.432587
716.550259,305.519291,91.121124,135.301086
716.925964,305.897076,91.466881,135.963974
713.341881,305.855465,92.244789,134.252884
711.229061,306.650417,92.973724,134.324234
708.123970,303.726017,94.984261,132.482910
703.238361,295.755672,92.399216,134.214859
698.713554,288.161823,92.604836,135.485992
698.088032,288.512798,94.102280,134.269516
695.713467,283.697178,94.157257,132.426636
693.221802,279.741444,93.710777,133.084747
689.961002,280.516773,92.815445,133.090546
689.788933,280.771885,92.266518,132.585999
688.419662,282.126629,91.820671,132.421738
688.899456,282.402622,92.780334,132.542114
686.064693,284.969410,92.107391,130.708832
685.774532,289.194462,92.422333,131.779602
685.307400,294.961582,91.553070,132.625122
686.141575,301.488102,90.476700,131.163391
687.200661,305.581966,88.454170,131.509842
687.133686,306.039448,90.023483,130.688019
687.028709,307.817287,88.602028,130.638504
686.599823,311.965115,87.536583,130.899002
684.010708,315.725491,87.812714,131.106033
682.296021,319.188168,86.461632,128.765579
679.887875,321.496464,86.567963,128.282532
679.432930,321.363918,87.015083,129.421463
678.600666,320.539898,88.227036,129.622055
675.253845,321.331524,89.431664,129.924484
674.572689,320.043224,88.167389,128.634933
674.090725,319.242527,87.733429,129.246582
674.934338,320.305046,87.055969,127.160362
675.052498,320.504410,86.537056,126.702675
676.555618,325.254681,86.624321,123.535751
678.321213,323.203529,87.121269,126.238884
683.845009,322.337688,84.321480,125.096359
687.440056,319.852936,84.898109,126.014320
693.029789,318.463337,86.648697,125.962219
694.004684,318.351013,86.092400,125.306129
698.696720,318.677048,84.815872,123.880013
703.051884,320.567577,85.877396,123.018082
706.624550,325.590866,86.605904,122.802986
710.379742,331.479237,86.331055,122.814087
713.974663,336.995163,83.413551,123.567696
710.054642,336.394573,88.114311,124.239090
708.107548,344.003960,86.062881,123.002129
701.731701,350.458927,87.657623,122.408234
695.605770,356.516743,86.989777,120.520447
690.283161,360.706490,86.576157,119.586143
683.232735,363.000092,86.268990,118.880226
683.633976,364.552418,84.332260,118.231079
673.087238,363.726891,86.395859,118.118736
662.816326,364.677128,87.627808,118.321869
655.206230,365.342457,84.755043,116.739868
649.857220,362.284683,81.393799,116.684334
651.421543,359.351460,77.604813,116.477386
652.304409,358.926731,78.036804,116.480804
656.935635,358.980057,74.771454,115.858376
656.490627,359.968071,76.480164,116.361809
661.752853,360.923862,72.911552,118.507324
664.426277,363.223499,74.365242,119.735443
668.557140,366.434425,74.254456,121.295525
672.126450,367.293995,71.207054,118.290833
677.534943,371.841923,72.185448,118.983429
684.189434,373.472572,71.815704,119.468040
691.238827,374.470028,72.170990,118.260391
699.973312,376.263161,69.206596,119.726677
702.902214,380.590630,70.563881,118.904381
702.257256,380.890873,72.357002,122.479187
710.152180,384.962704,68.718399,118.616898
711.851593,386.344887,70.880547,119.963036
716.716293,385.133362,70.298729,119.698372
719.388016,379.819927,69.278221,118.433609
719.318859,371.488708,69.916748,118.577492
721.521999,371.172012,69.582001,122.030067
722.733349,366.726971,68.065125,120.669785
720.484432,365.347248,69.621857,121.618439
721.299671,366.453896,68.407883,121.546440
722.154884,367.778961,69.324165,122.374123
723.056767,371.825409,69.650589,120.416176
721.686623,371.259010,70.481392,122.514061
725.656815,375.611210,69.997978,120.390961
724.308910,382.088730,71.923706,120.517250
722.081432,387.334621,73.642517,119.101456
719.327953,391.250328,75.231079,120.484428
717.282249,396.128796,77.382393,121.511795
719.681263,397.033417,74.743362,120.310341
712.972530,398.298153,78.550354,118.917404
708.766903,401.267048,79.265320,120.379944
705.016014,403.328873,82.698158,120.084450
700.082878,404.792526,83.564430,119.174934
693.838245,407.331985,85.128464,119.322914
693.140099,407.889717,85.783516,119.374718
684.071648,410.224976,87.485390,119.511482
675.863495,408.537785,88.395805,119.714203
664.332241,403.563797,91.239563,118.596352
660.928303,397.633564,89.445572,116.976562
655.057224,389.905037,89.534286,117.459007
654.511116,391.188824,92.284523,116.531082
649.624687,385.378998,90.205879,117.654182
642.805149,382.911705,92.138168,116.274925
637.404148,378.217686,95.341385,117.866028
635.299999,380.310875,95.431885,116.722008
634.288105,387.078911,97.260605,116.229271
633.863560,387.309292,98.249100,117.267166
633.936317,394.834507,98.539925,115.776672
631.731205,399.765491,101.877945,116.230194
639.607204,405.655388,99.954742,115.056725
643.264294,406.601006,100.633789,114.714378
646.483425,407.121193,104.014374,114.346489
646.787289,407.155350,104.010040,114.085182
657.199196,404.659618,102.377571,113.438400
663.956177,401.768734,103.934715,111.144485
671.087234,398.440620,106.325188,109.493279
676.387196,393.877361,106.986191,108.558212
679.035812,389.709354,106.555840,108.846680
676.135384,389.456612,108.299141,109.898064
679.308830,387.686283,109.048927,108.026917
674.530437,385.614773,111.909729,107.800858
670.901039,385.877453,113.629707,105.943344
665.964451,385.993656,113.795609,106.423767
660.875061,385.535381,114.680321,104.595627
658.967216,386.634285,117.324135,102.946648
652.820984,388.302364,115.086815,102.883682
647.477757,393.296352,116.363297,101.834183
641.735218,393.859875,116.696701,100.507248
635.193989,394.214664,117.560593,100.098267
633.002686,392.385326,118.472191,100.083115
632.111286,392.425167,119.035019,98.690628
626.481972,388.952065,118.929451,101.143364
624.077793,385.059093,118.984268,100.483932
620.136940,380.563011,116.876595,100.988792
620.104481,375.751442,117.251755,100.403618
619.149292,373.815624,119.072411,99.001266
618.757446,374.023220,119.867149,97.935989
621.969368,368.099640,118.100899,100.463081
621.918171,364.533932,118.148972,100.387039
620.946865,363.623165,118.758026,99.531631
620.764111,362.437416,119.489990,100.852348
620.466076,359.456638,118.099304,101.437134
618.875782,359.392914,118.891708,101.644112
622.880764,355.844124,117.509369,102.680473
626.050938,357.576210,117.463943,103.413933
630.789097,361.683285,118.214188,104.890274
635.421211,367.823215,116.811836,105.916077
641.260895,375.584240,115.936424,107.246445
639.212917,375.549194,116.590546,107.258675
641.291191,380.474068,116.152504,107.260735
642.320915,381.868504,115.135231,109.559631
643.655006,383.782093,113.551399,110.131744
643.674522,384.278301,112.629921,110.170029
640.523052,381.024574,112.673462,111.210503
641.094467,380.922398,110.612541,111.674805
637.202045,371.481422,113.385361,112.217339
632.108200,359.584137,109.010002,113.071907
626.434948,346.946404,110.483215,112.790245
629.625717,331.931797,110.119621,112.317444
632.248524,318.502293,109.893723,116.280151
633.403145,318.482445,107.532906,116.488976
636.974976,313.172173,106.629784,115.810814
642.612904,307.703014,107.000412,117.510544
647.700729,303.815285,105.769768,118.034355
656.531155,296.945396,104.964874,121.062523
664.653580,292.392323,104.373161,121.033600
665.452648,291.259224,104.643921,120.831779
674.000149,287.601299,103.747162,120.632736
681.879398,285.533012,102.267044,122.033470
688.649918,287.827965,101.244987,123.860680
696.351826,288.531002,101.793869,124.632889
702.333435,287.396713,100.916588,123.979591
702.657112,287.819546,101.265816,123.581680
706.373180,289.079762,101.529602,125.667877
711.425747,292.762932,100.259308,126.674217
716.816147,295.509659,99.604301,126.667091
720.605309,299.209370,99.663734,125.379730
720.998863,302.255840,100.385170,125.804062
720.947392,302.782486,100.459183,125.482216
714.850494,304.965519,100.545799,125.140015
709.366680,309.760895,100.834167,126.384956
704.854763,307.550457,99.610016,125.053879
698.999241,303.736416,100.110245,125.548904
691.086143,302.962921,100.987709,125.271065
691.964359,303.527363,99.995926,126.486725
683.566105,303.787971,100.515884,125.349174
675.831558,307.766430,100.119011,127.402573
669.963886,312.748425,99.411667,128.752304
662.236252,316.945129,100.444145,127.219612
657.381092,318.453072,100.574753,127.163200
657.428520,318.471279,99.226662,128.490189
655.167164,321.157394,99.672531,127.733681
655.742752,324.975590,99.234123,130.315552
655.099655,331.915310,100.812126,131.592239
652.849636,342.523060,99.921051,130.221771
651.310196,350.750645,100.556877,131.055481
650.461491,351.160870,100.152908,129.663254
649.059219,355.479328,101.022881,131.871674
648.281597,358.415264,101.344055,130.768845
648.714363,358.444462,101.730537,130.498779
649.606724,361.361050,100.989822,130.695572
648.286140,364.471874,101.794319,130.278610
649.375385,363.615200,101.633041,131.881668
646.115437,368.297016,101.319992,131.249786
647.374722,370.249119,100.550629,132.357483
647.020859,368.249722,100.780022,133.050186
647.989922,367.487774,100.397499,132.689438
648.381027,362.934368,98.928337,135.243698
647.824219,362.981373,100.155540,134.645905
648.404518,356.798649,98.994453,134.644043
648.137032,352.270771,98.483833,134.900421
650.706650,346.528873,99.514091,135.309998
653.110046,341.969051,97.762657,135.452774
654.868687,337.606190,98.787674,136.070404
655.464001,336.727428,98.635559,136.092392
657.183289,328.605350,98.105614,137.627197
660.017792,321.038883,98.889061,138.343933
665.534683,311.471943,100.390434,137.732574
669.106529,308.493183,100.047829,137.417084
670.820713,314.837788,98.062149,140.247955
671.765293,315.489315,98.607376,139.070145
673.580338,326.737217,97.792473,141.154907
675.211884,338.713970,99.461449,140.914352
677.027519,347.662251,99.572792,141.324310
680.041168,351.535709,98.573753,141.827087
677.792236,351.285572,100.790977,140.214874
677.145782,350.612095,100.866417,140.303040
677.828518,347.453365,101.034027,140.509293
676.887077,344.887745,101.546791,140.657013
675.284817,346.573238,102.710968,140.923965
674.420586,346.711323,102.821083,140.597443
671.619324,344.466488,104.333763,141.647293
671.896240,345.243366,103.957787,141.074738
664.298820,341.812664,105.527931,141.684128
656.139462,338.549984,105.759186,142.270645
648.873947,335.101292,105.325005,139.006409
641.745255,329.392147,105.421013,139.736404
637.603519,319.618473,107.605789,140.189636
638.205513,319.163097,105.951729,140.432053
636.078533,310.796146,107.380615,140.798584
633.747452,303.335423,108.584404,140.072937
633.470421,301.216732,107.879799,142.350540
635.498074,302.748600,108.607452,141.560608
637.283844,301.719700,109.517418,140.083923
637.276443,300.615116,108.986931,141.758545
639.972282,299.462162,110.167702,140.673462
640.731174,295.738750,108.950089,141.054977
642.456287,292.613895,111.085312,142.271362
641.429855,291.439816,111.145622,143.987808
641.021732,292.701550,109.815079,143.524155
641.629032,294.153179,109.679398,142.461899
645.566158,295.320278,110.297577,141.762589
650.912586,296.558887,109.864792,141.936981
652.395958,297.710255,111.307899,145.830902
652.299915,299.915188,111.095627,145.191605
650.296551,303.892422,111.931702,144.134842
650.710407,303.509693,111.842880,145.782928
645.936707,309.312374,112.054405,144.318680
639.871891,315.170017,111.706314,145.246521
631.204723,320.328411,112.113464,144.577255
622.764664,323.282108,112.062981,143.932922
611.663658,324.841526,113.781227,144.322144
611.922890,323.842381,112.805305,145.287170
601.812855,326.222546,113.608505,144.582748
593.107033,326.491055,111.902596,142.730423
583.578690,326.319958,114.040703,144.499374
577.538425,329.188236,111.554642,144.945251
575.703152,332.525005,113.135529,145.394272
575.472961,332.783009,113.341698,145.640656
574.309628,335.861691,113.889557,145.724319
576.705715,338.557789,114.521027,146.092926
581.931381,341.446262,113.569939,146.280518
588.067375,345.064068,113.451820,146.692673
592.612545,347.580364,114.290070,146.565781
592.239223,347.313076,115.938812,145.900650
595.719578,346.154942,118.116714,145.927063
597.964951,343.994900,118.000237,144.486893
601.080490,338.472195,118.632988,144.985733
601.465851,333.839581,118.153282,145.369980
601.345387,331.361370,118.851974,145.584274
601.641052,332.067348,118.893333,145.863358
601.464195,332.599232,118.929115,146.794037
602.414997,333.296917,119.612045,147.568283
600.691444,336.912495,119.755989,147.260406
600.313805,339.386845,120.335426,149.625793
599.563019,342.258038,118.928185,147.367966
599.577980,342.211826,120.443916,148.137939
597.325794,339.190693,120.498947,147.402679
596.063599,335.933270,119.402184,147.847092
594.031384,333.309658,121.308716,146.220718
593.578857,328.702023,120.794151,145.750443
591.302567,321.786076,121.425835,144.878479
592.271812,320.950382,121.598610,147.394348
590.703442,314.531467,121.245667,145.405273
592.274364,307.153843,123.442139,147.317505
594.779823,303.990177,121.923286,147.650208
593.626087,306.330921,121.895676,148.735199
595.389999,312.087269,120.758293,149.631195
595.728119,312.811230,121.630577,149.269089
594.882877,319.370960,121.515579,151.677643
596.251675,329.834965,120.673492,149.444397
598.388210,337.883625,119.357513,148.952911
600.972694,342.788944,119.903999,149.305542
603.351746,344.092754,122.368248,150.090012
602.679108,342.973026,120.989037,149.961853
605.839832,345.504536,121.688461,150.089569
608.242584,344.420017,121.936790,150.496338
611.035667,344.471325,121.818764,149.905991
613.225178,343.430355,121.884689,149.861221
615.498440,342.839367,121.964081,149.088181
614.890419,342.508533,121.381050,148.862579
616.624104,342.278263,122.437363,149.979736
616.967739,342.649441,122.762543,149.608658
618.076145,344.054295,122.389969,151.088562
619.013836,345.834026,122.712158,151.003952
619.052414,349.165699,122.836723,151.236542
619.118328,350.119335,123.579773,149.985275
622.331432,352.836330,121.696960,151.151627
622.842403,355.449749,121.773346,151.366013
624.797073,357.062634,122.878471,151.366928
624.864620,357.401279,122.300262,149.789307
625.302841,354.038624,122.108513,148.471039
626.433834,354.403233,121.671173,148.871582
628.063828,348.766506,122.811211,148.190445
629.151539,342.501972,121.862717,146.953156
629.574142,337.231739,120.958000,148.127106
626.761032,333.996792,121.891899,151.376907
622.889946,336.217999,121.917641,152.303879
623.657173,337.163197,122.860542,150.814911
617.619518,339.674770,123.787170,152.274979
612.727425,346.601109,122.241280,154.446106
606.313663,356.915798,121.228409,155.771317
601.428360,369.132046,120.634392,155.446243
596.647503,378.329288,120.658569,155.782654
597.000202,377.315578,119.014206,155.254837
592.931320,381.321659,120.071159,154.290405
595.822723,381.049656,118.005394,153.757690
599.544510,378.456112,118.712334,154.438431
603.966736,376.539532,117.591942,156.175949
610.295410,379.866734,115.603783,154.263672
610.977840,379.300671,114.589935,155.220078
617.937626,383.104366,114.262527,156.674271
626.036995,381.359661,113.705452,156.146042
631.714092,379.945232,114.106812,157.537399
634.402012,376.455997,111.464615,158.291504
635.047703,374.476917,110.656326,157.812347
635.444279,373.658871,110.489761,157.508682
634.908844,371.181568,109.836937,158.612091
632.156609,364.400288,108.605080,159.085785
628.278378,355.311085,108.102264,159.366302
624.121872,345.631512,106.028252,159.566513
615.670616,333.258350,107.639565,160.056854
617.720093,333.384640,106.256798,158.802567
612.141457,321.879391,105.729622,161.027176
605.962467,312.825581,104.334671,161.551971
600.399403,307.250530,103.636276,162.043198
597.545124,307.286839,101.939377,161.553894
595.038345,307.206303,102.404778,162.679260
595.767998,306.555470,103.637306,163.971588
594.580769,308.613224,102.585739,164.166138
595.894215,313.263912,103.184006,162.523453
596.987782,313.894619,104.100571,163.210526
597.529610,314.907047,104.569649,163.742493
602.530586,314.047306,104.400215,161.556091
601.552456,313.464283,103.890289,162.305511
610.353966,308.873531,107.170204,163.377579
617.035130,305.381725,108.226761,161.983749
624.390854,306.629551,107.716118,163.452698
628.115616,310.361584,109.325859,162.728683
631.982655,310.268337,110.417587,163.294693
631.562202,310.482273,109.861763,162.896729
632.679523,310.825199,111.482224,163.185364
633.565289,308.933147,111.924377,163.515182
634.029129,304.679607,112.693840,162.924667
631.810822,293.988514,113.929405,163.695770
629.155766,282.854588,114.713577,164.078064
627.706017,283.239712,116.119972,162.489700
626.565041,272.727428,115.827888,165.630478
621.968658,264.638485,117.767479,165.142654
618.760777,258.749950,116.870071,164.803146
613.871357,255.124416,119.112900,165.458633
611.060272,256.809780,120.946617,163.878067
610.235363,256.906437,120.411926,163.621216
607.632599,262.267879,121.518333,162.941788
602.604931,269.146320,123.778992,163.858185
599.238533,273.833599,125.231819,163.428452
593.391911,279.321514,125.060318,163.849533
587.469784,285.084324,125.597504,165.589600
588.695030,284.357830,125.751930,166.951584
581.901463,292.730556,125.334732,165.980911
574.903584,298.557575,128.125534,164.666107
570.661930,303.574009,127.888077,164.705261
566.870739,305.357845,128.273621,164.870987
568.811687,302.058941,129.691467,165.827927
568.839161,304.196148,128.370224,164.205612
573.765720,300.017101,128.820633,165.216354
582.144604,296.384235,129.069214,164.452179
590.857555,298.666332,130.293335,163.582748
602.337032,302.387691,130.722076,162.671280
610.301029,305.286190,132.287430,164.637650
610.314259,305.693493,132.405136,164.510910
623.170063,310.400120,131.556259,163.335266
634.631786,313.199505,131.985962,161.370529
644.179081,312.720440,132.588272,161.671616
653.663731,308.879490,133.973038,161.974976
660.553905,304.623898,135.627014,161.990555
659.082409,305.508663,136.731018,160.403091
665.728718,301.041424,137.329941,160.933029
671.702732,297.102543,137.959610,159.868652
672.233440,297.432819,140.325378,158.682770
676.635502,295.780094,140.698380,157.715942
680.395733,291.308552,140.741638,156.670319
681.362476,292.462132,140.305344,156.791626
681.728809,289.324764,142.893234,157.713760
685.834705,291.512959,143.370285,157.777496
686.586048,291.632481,144.906174,157.031250
684.101101,292.306858,147.069916,156.880554
679.201733,294.584347,149.219421,155.332230
678.687328,293.850391,150.129944,155.413788
675.164028,293.313038,153.257904,154.878876
675.804684,293.646954,156.096771,154.834946
674.744488,297.098438,158.237610,153.286835
672.455563,303.062603,163.713593,153.655502
670.632435,309.187595,166.045822,152.356995
671.475330,310.865078,166.310287,153.326981
666.361591,317.689754,169.083969,151.606155
662.193089,323.077663,175.273697,151.939651
659.046360,329.709240,176.118362,151.357834
653.034336,332.292179,179.062698,151.685913
648.489399,332.647358,182.174789,151.620087
648.751324,332.949177,182.130981,151.540680
643.429333,331.821453,185.626465,149.082077
637.023510,329.110683,187.174072,149.311905
625.578098,325.205273,191.736343,149.886520
616.877605,324.255764,193.572205,148.505936
610.146946,319.427349,193.910660,148.890427
609.303684,321.671673,197.315140,145.936325
606.315495,315.708179,197.039505,147.037933
598.841167,309.407124,197.398499,145.875092
592.958637,303.696079,201.153366,146.558044
584.772465,299.337261,202.959305,145.904099
577.818241,294.052898,205.555008,145.893173
576.585812,295.536068,206.855194,144.706985
573.246937,290.782238,206.181686,144.865402
569.574848,287.200520,206.854721,143.682159
566.581211,285.154911,207.560562,144.069885
563.959743,284.301563,208.716583,143.948273
561.510838,283.996212,209.827652,144.319473
560.441128,283.912449,211.199921,144.517151
559.161030,285.876102,212.127914,145.853149
555.658497,288.470173,210.434921,145.198700
551.056538,292.042965,211.675278,145.205399
545.611469,296.143085,211.731613,145.355682
537.767193,301.715191,210.424255,144.881271
535.889950,302.007427,211.566376,144.257492
526.144505,306.430943,211.261307,145.594788
515.499622,308.985134,208.802963,144.606400
504.571278,310.783810,209.560471,143.666641
495.023853,311.293056,209.231613,143.753494
483.859882,312.995808,210.324081,143.931915
482.127460,312.506580,210.554367,143.151154
475.482319,315.646725,211.377121,143.391922
466.716328,320.889515,210.448532,143.571075
459.998837,324.369419,210.768097,143.335144
456.209026,326.652157,209.564758,143.372208
451.089924,325.589588,209.053879,140.514984
449.658199,325.621197,208.880219,143.042953
447.896206,319.191227,208.284332,141.742554
447.293186,313.069653,209.076431,143.001572
446.694263,308.722485,208.797714,141.973129
444.813450,309.091648,208.860062,142.919312
442.313396,308.351284,209.661926,142.790665
442.221920,308.922260,209.916290,141.962738
440.113239,308.961842,208.410629,142.975983
436.320232,312.559811,208.865967,142.221695
429.984776,316.331440,207.083450,141.436249
425.792751,323.166149,208.061798,142.144516
424.554478,330.189915,207.922318,143.714844
425.167767,332.336117,206.665405,139.119034
423.331448,340.232807,206.482208,142.848541
422.535992,349.852520,207.791138,141.803696
425.461246,360.049381,206.427872,138.373535
427.064754,365.370480,204.700958,137.759171
429.017544,370.154858,203.444855,135.717148
427.406506,369.072971,204.639587,135.188354
427.810612,372.941288,203.440445,136.377197
426.505489,375.414837,203.018097,134.452499
425.162365,376.577084,202.950500,132.021622
424.116131,374.219578,201.145874,130.591003
424.521847,369.444981,200.118439,128.791992
425.706867,367.904964,198.632492,130.167313
425.569546,363.179440,200.494904,128.903152
425.540234,355.255199,201.919312,129.879257
428.562893,348.204067,202.089752,128.565445
431.185802,339.313366,199.674988,128.900620
432.979542,328.168011,198.561752,129.532150
434.397198,326.712975,197.773438,127.997276
432.294666,321.175800,198.674484,126.511383
433.437153,313.913631,199.265244,127.371048
433.988316,310.630077,197.903641,126.751877
434.571476,306.116013,196.083939,126.310829
425.781773,296.765659,198.612564,128.576233
427.197666,296.644299,195.488358,128.701096
418.292698,291.975441,197.426224,126.908806
410.139950,287.114792,195.779266,127.187477
400.168995,280.540241,194.672287,129.489777
390.043514,273.006733,194.915985,132.695099
384.525654,265.313480,192.304733,135.232666
383.657368,265.861401,194.160995,135.601791
377.355503,258.198406,191.227615,137.085861
372.412128,252.455975,190.420151,139.437119
367.676243,246.400700,189.824173,142.254272
362.278210,241.994106,189.318970,142.648941
360.550465,238.082355,188.509933,143.972198
360.207394,239.154972,190.030060,144.370056
358.046040,237.612995,189.110641,144.619171
362.882030,242.668217,189.015564,148.532471
369.813099,248.491505,188.843613,151.280975
379.225178,260.953655,184.828964,152.166672
389.701954,270.985790,185.363937,154.664719
388.411518,271.858440,187.521835,151.762985
402.915699,282.086269,184.138229,154.362747
418.652950,290.642719,184.323578,154.044159
435.084408,296.933872,182.582916,154.931030
447.849262,301.828083,182.429306,158.127594
459.390011,303.444828,181.021759,157.183533
459.185551,302.767239,180.133560,157.577896
466.519131,302.588169,180.958649,160.708740
475.943905,294.678448,174.931976,161.990280
479.851322,283.028637,173.412186,162.912643
483.062550,269.316196,171.570236,165.807983
485.749462,254.937542,170.817383,169.417953
487.018665,257.757877,168.432297,165.380371
486.689236,240.272831,165.638214,173.406860
485.642139,229.333752,161.201340,179.407089
482.890011,219.161777,157.459076,184.646057
482.894711,212.577526,153.580353,193.050217
484.853283,207.708126,147.261230,195.815689
484.860279,206.839100,148.571823,194.470306
485.595791,203.273899,143.001251,202.721802
489.501385,200.814327,135.468994,204.343033
497.855247,199.672199,124.601295,209.055145
505.465126,199.356548,117.116829,215.048752
515.516441,202.026310,109.318214,224.268982
515.790356,202.516483,108.469727,222.635132
525.849461,210.266285,100.653885,226.411041
542.866013,218.664837,86.214897,231.469711
556.766518,229.334278,76.952278,233.973907
565.748844,242.574070,69.218155,232.423706
573.372147,253.827778,68.554619,229.518890
574.996109,250.640850,64.304192,235.905502
579.318905,257.515575,63.638153,228.854477
577.009581,253.883251,59.994289,234.755112
573.079037,252.134731,67.228363,228.858902
567.277809,244.032627,77.439522,225.673828
559.861698,234.796490,86.758011,218.502304
557.673176,233.372456,87.679855,217.807587
541.250530,227.818508,96.870239,212.247879
530.079910,215.753788,110.201042,208.735779
522.290405,207.609127,121.198082,199.723282
513.275730,207.536335,133.865067,191.877655
504.481724,211.293400,147.199173,183.922363
504.482952,211.033161,146.834656,183.272736
498.349606,221.406300,161.013885,174.617279
493.475903,235.098759,174.138245,167.873108
493.704517,255.360859,181.487350,158.207794
494.903622,280.934910,189.641388,150.244507
500.258190,306.212955,193.529053,138.673828
499.456829,306.812855,197.151855,138.293060
504.916088,330.046181,202.197876,125.408989
500.624149,355.133667,218.590286,109.460335
503.624653,374.912849,227.298630,94.206108
514.230152,386.688992,225.153549,79.437393
520.401882,388.864853,225.443695,66.755592
516.898098,390.193352,228.603668,66.864586
522.572849,383.283916,230.012711,61.397568
529.232494,375.279493,225.976013,61.378887
529.913769,364.164745,225.861328,70.252365
532.157078,347.801361,217.799088,85.563850
533.018047,331.941387,207.254150,105.185898
529.170864,332.144287,212.126923,103.450386
526.630108,318.233158,200.490784,120.919556
525.651684,301.788235,192.018738,145.314529
523.895061,287.759495,177.824341,160.807251
524.661732,273.707363,165.471909,179.081619
525.063625,265.612629,154.524200,189.779816
524.785763,266.931240,155.304718,189.744644
531.445011,257.471439,139.432266,204.457397
541.334221,260.951069,124.622597,211.029999
555.083122,261.538197,111.328468,223.223907
575.302986,265.026821,92.629768,228.314957
596.033089,276.023685,84.856270,232.809692
592.806408,276.634693,88.935303,232.514679
616.006523,290.279690,85.339333,235.693680
637.232334,307.640110,81.027359,234.870911
658.954819,331.260464,79.442558,230.250198
674.386177,354.324886,81.186104,221.594925
678.742599,373.456242,91.186333,216.302795
680.344627,374.165760,91.097328,213.439178
677.776291,388.830471,103.562737,212.181656
678.347298,400.373707,117.799568,199.203156
681.334988,406.407566,127.808258,190.132629
677.810581,402.667362,145.183975,186.249023
674.315556,404.348248,158.967117,175.755478
675.156277,405.340061,156.745636,174.062012
671.720997,396.540234,169.016159,168.800400
669.134571,381.486622,177.625168,160.778107
663.931293,357.400440,179.820419,154.572174
650.584003,337.057659,190.475937,148.668381
637.194820,322.962818,193.742096,142.694672
638.587467,319.283581,193.200089,144.800644
620.557072,310.579838,197.483231,142.742432
602.684887,308.235355,198.590759,140.779907
583.330273,328.233639,204.640747,136.793106
568.358501,351.238194,204.689270,138.695068
555.613590,379.205265,208.644547,135.782288
557.979137,379.492565,202.584656,134.274338
540.606709,401.578579,208.585068,134.647903
528.264469,423.446972,210.357071,132.193039
514.058895,445.557980,211.138824,128.700150
497.443058,468.306293,214.009659,127.568817
483.576725,487.835701,215.401077,123.049309
485.433720,487.701408,209.148697,124.314110
468.944698,502.024971,215.283905,123.466789
453.931026,510.745186,217.145660,119.159355
436.160152,519.325619,220.452362,115.493301
422.293713,525.716831,218.571411,111.541504
411.728130,534.346889,218.961853,104.816910
410.511532,536.278183,223.184540,102.379250
410.330837,539.275425,224.780426,98.544617
420.407742,541.534729,222.783661,92.923286
424.351543,542.298744,225.913574,84.936211
422.143627,539.430164,225.720093,78.653778
419.456203,534.288288,226.596527,71.568268
418.639614,532.880760,226.834564,72.850243
417.257221,526.894424,224.542648,66.601784
414.943623,518.112513,222.390671,61.457661
405.755581,506.060951,225.808319,58.921745
398.682598,491.822111,227.790527,54.921520
390.465214,476.227091,227.837112,52.186573
391.636806,474.777098,227.640656,53.076916
376.735600,460.592098,228.649246,50.172256
361.179089,442.001026,229.284271,50.694763
348.364483,427.012936,226.095581,51.016769
340.805027,416.834917,221.927933,54.309818
340.302227,431.160427,219.863098,54.467209
337.614124,430.891014,223.768661,53.776848
340.991978,441.318468,219.793777,55.029972
350.295116,452.311596,219.835144,55.794937
359.756901,467.072823,218.085464,56.366051
379.902676,478.693851,216.401215,57.448273
410.559963,485.765158,215.459198,59.600521
412.543194,485.279322,213.993347,59.116810
444.480824,487.415459,211.715134,60.936516
471.702862,479.020180,209.573792,64.626244
491.192905,463.327187,204.365738,69.594505
506.135532,438.854061,202.258072,75.087448
524.730885,412.311737,195.678635,81.503456
523.913982,413.389874,197.743286,80.773453
539.181271,385.563847,189.009308,87.650848
546.095837,357.896240,186.221619,95.581886
552.638744,331.994183,179.570007,102.942337
559.801983,308.054600,171.582275,111.404938
560.505589,282.689571,166.564407,120.888901
561.069363,283.601456,167.949738,118.854195
565.149136,258.810947,160.671051,129.028107
577.770245,237.558643,151.778687,133.742126
594.704220,213.650784,144.374664,138.669235
612.692280,187.636379,138.072311,143.113693
629.171696,160.645832,129.188553,143.742065
629.529522,161.455639,127.514832,141.125015
644.178741,136.050884,122.392845,149.549820
659.701252,127.634785,113.137924,157.011719
675.686283,136.484188,105.820755,162.344345
684.395855,152.959232,96.379211,165.654938
690.220108,167.816448,90.698479,166.292557
691.110073,167.587345,88.742401,167.057648
691.515171,183.919071,82.170670,170.530914
683.074966,198.694294,78.323540,175.340088
668.024151,208.648083,76.541260,174.443192
652.861996,210.439060,77.907990,177.151703
630.075520,207.745785,79.215256,175.087265
630.751499,206.280003,79.146561,174.973236
614.245770,192.676159,80.032715,175.732803
598.421711,172.917614,85.257126,174.605301
582.747189,147.244007,87.984528,174.330627
573.428768,125.477383,92.910126,177.760300
567.841763,109.324833,95.751556,176.249054
568.551777,108.003864,94.102280,178.196838
564.750557,92.427845,99.695686,179.218262
569.057236,81.047657,99.566643,177.870667
569.291893,70.484745,105.662697,179.496307
576.545227,59.298557,107.847374,179.082855
588.351082,46.507114,113.459480,177.783478
588.544571,44.272320,112.004692,181.415909
603.220390,32.985256,116.070595,178.107040
615.255898,19.522587,119.261482,176.943695
622.039829,4.316868,120.274185,179.763519
629.405563,2.351162,123.412346,167.319626
636.163280,0.393749,128.455383,157.178116
638.028141,0.338146,123.483597,157.429825
641.992786,0.014980,128.289291,154.480698
645.659695,0.327259,131.216034,156.486938
644.425152,1.060078,129.970215,161.356934
648.384830,3.457966,132.747635,174.405640
655.508526,8.195293,130.265137,188.224197
655.688923,8.179348,129.054550,188.459213
657.297123,29.349834,127.897537,189.823807
661.397499,49.125118,120.904305,188.618942
659.623356,67.232738,116.156021,188.117630
662.698338,89.665936,105.260696,180.923538
667.791809,111.699253,87.850182,180.984344
666.856926,111.764896,88.668495,178.879730
670.237598,143.661777,75.590622,173.590668
675.157726,169.760098,61.616028,169.375961
675.473454,192.258701,51.133438,160.842194
667.353308,206.633968,44.899059,164.181442
653.300444,221.858837,45.869839,161.804825
653.598433,224.494427,44.576626,158.554214
641.866968,239.134701,48.673405,156.906784
628.686695,251.513935,51.557358,146.511353
613.707188,254.414562,57.031387,149.521255
597.846706,253.059544,68.601929,146.557129
581.927357,253.470150,80.550827,144.057114
580.335674,253.159908,80.165955,143.577988
564.482155,252.888638,91.845650,139.659531
551.622856,248.384007,102.956947,136.617096
547.746193,244.702847,107.408516,134.215622
545.282715,241.327320,110.633202,136.005859
542.999863,240.858936,111.918999,131.442932
543.665192,241.074169,111.516685,129.189102
545.998386,244.142635,111.693253,129.609055
553.105160,249.864231,108.503754,130.138580
559.289215,259.152920,102.555443,129.773117
567.728596,270.725056,95.747910,127.913025
576.953114,285.024132,87.063156,127.728386
577.422867,285.096870,88.854118,127.723289
591.033791,297.274521,77.678413,123.674507
606.012690,301.960880,63.323338,121.968689
618.684200,295.408566,53.101013,120.882797
629.109968,284.456200,51.693905,121.061852
639.856329,275.260880,54.336285,124.997993
638.658075,274.282795,54.131168,126.535858
640.980137,272.366928,59.728317,126.618111
646.565903,271.445599,62.985832,127.214706
648.795444,271.177708,68.725632,127.407288
650.726322,272.021564,76.477890,129.865326
653.409924,279.547764,84.071991,131.202209
651.910145,277.876499,86.069901,133.019836
653.558937,288.998638,90.528664,132.638290
658.887695,298.901752,94.512199,133.492035
662.498474,306.373623,101.728203,135.240799
667.067173,319.102093,104.008591,134.410446
672.658188,325.483143,104.032066,136.906769
672.980232,324.950100,103.886452,137.250992
678.360523,332.736179,104.300430,137.948853
687.149307,336.103374,103.272606,138.914780
697.749508,336.844326,100.907593,139.419510
708.082726,335.262333,96.946602,138.473633
713.894791,328.838398,95.030540,143.662262
714.065121,328.534168,95.282654,141.778534
723.907467,323.532810,90.193115,142.987061
732.789288,317.210613,81.392181,142.628403
739.898647,309.656818,74.531677,140.029144
746.711266,300.177357,66.246712,142.356873
750.952719,292.158009,58.769115,144.324310
751.082918,290.674969,58.290668,142.582199
752.300739,279.951099,50.093460,147.181519
753.023149,269.269176,44.837879,144.192276
752.153603,264.940563,38.880928,147.129196
750.809813,259.439365,35.412472,146.389526
746.242479,254.946949,35.883472,146.003113
745.305723,251.122066,36.986996,149.551254
738.877684,251.523479,39.297909,145.551590
732.526716,247.717724,43.594601,149.233444
725.472105,251.665714,53.237545,142.931671
713.698065,253.846867,62.858929,143.403137
702.884624,261.159924,73.349884,139.923965
703.908718,261.212452,72.996582,140.006134
692.223434,269.556728,82.667473,138.144791
681.546398,278.081738,90.274414,135.414108
671.659561,285.244358,95.624260,130.740356
660.490440,292.354691,101.359779,126.351295
651.058777,297.780918,103.633202,123.461670
650.411274,299.204727,103.664597,123.967262
641.456203,302.160519,108.577362,120.259903
635.328854,311.213348,105.745575,112.797554
629.475704,317.035252,104.624054,110.960266
625.229733,321.275810,102.392548,111.281700
620.615036,331.007946,98.781059,108.833298
619.950638,330.188808,98.350639,111.589249
617.297462,337.188370,94.359505,109.811073
616.972054,351.438160,88.955879,105.836823
618.504189,366.801994,82.998146,101.036186
622.661385,376.582424,72.715919,99.648575
629.775761,384.765324,65.595078,95.674011
628.841488,386.128689,67.150177,94.332596
637.313526,385.882359,64.637802,92.809937
632.211906,379.753418,76.104591,94.546669
635.407127,376.879154,79.681709,95.341370
640.639915,374.345749,80.700478,94.697090
647.901901,373.379612,82.789848,94.900330
647.268867,371.821636,85.795448,97.957077
651.344707,370.398384,89.962219,101.102715
654.403328,372.659130,93.850929,103.519638
658.195995,373.961330,98.384705,105.968399
659.178963,379.066628,104.403206,106.907951
657.673550,383.688225,108.345856,108.130333
657.278961,382.287472,108.675621,109.235489
655.543247,387.654110,111.032608,109.577225
655.033737,386.079220,111.706718,114.645706
653.919243,385.239246,112.813820,116.358307
654.385700,384.675594,114.056808,118.131607
658.555779,384.545471,113.321571,119.037178
658.533154,382.601021,112.878723,120.534294
662.597488,381.109032,111.280815,121.404198
669.171692,377.897388,109.459190,121.668732
675.263695,373.207375,106.186256,123.617973
684.273632,369.791111,100.532532,125.422302
697.397011,368.600277,90.625862,124.498550
697.928318,368.493504,88.727493,126.279236
710.151180,363.573566,84.048492,124.313690
719.553967,350.211132,79.890808,127.649033
727.602577,338.125057,73.931221,126.981033
736.216244,322.175793,69.492462,129.391068
743.635843,309.579914,63.720524,134.643066
744.062368,308.875805,63.138409,130.862289
749.893244,295.288563,56.662144,134.889740
752.854490,287.001759,51.936031,134.686462
753.407887,280.004314,50.630112,135.443832
753.273115,273.156826,47.350033,138.315903
753.017109,271.730999,47.613358,137.586716
752.946754,271.757420,47.857704,138.737061
750.172073,272.639957,53.203239,135.660400
744.833000,274.128010,58.897346,137.195709
736.987810,275.678310,62.391254,134.796646
725.265717,276.819439,67.458031,135.774796
715.550827,279.535183,72.244316,133.479080
715.652763,278.209949,70.504189,135.089172
703.140953,285.017559,73.054054,128.231308
690.496078,285.622700,74.972527,125.119385
677.124447,285.680836,76.553101,120.194946
660.713043,284.872917,79.847130,116.720512
640.183979,285.187084,85.840561,111.846451
639.557953,284.566750,85.896690,112.430046
619.901958,285.980709,89.996002,107.618271
600.733353,287.455627,94.533379,103.334450
582.983932,291.302582,100.626579,96.912849
571.381802,299.992847,102.470703,90.085724
559.404163,308.253922,108.898666,83.714516
559.137852,308.635784,111.005814,83.648361
554.950394,319.643364,116.602440,76.856895
564.143581,330.931892,117.457825,67.962242
564.005379,337.714016,120.071693,60.260147
565.956181,342.710791,117.846481,50.865231
576.216183,336.665648,120.647888,43.603161
576.710255,336.753523,121.191299,44.207470
587.374939,316.827555,123.127464,41.423847
594.670670,298.912289,126.700249,41.907181
604.771935,284.801525,125.799904,42.868057
614.150063,270.392708,125.020454,48.751366
624.741524,262.979614,124.539070,58.123055
624.146347,262.955584,125.720665,57.585789
632.545361,263.166080,124.489044,68.222198
642.783699,268.813129,121.075172,79.197632
651.530624,276.185116,116.860924,89.188156
662.969566,281.243217,111.254402,100.711052
671.047604,281.929409,106.433777,109.727585
670.863331,282.868919,105.689102,109.285576
680.720387,281.012268,97.855850,117.660927
683.135948,280.670113,90.950996,125.109093
688.252525,280.145115,81.677437,129.474152
693.183380,285.995319,73.106194,132.326233
696.515503,292.521976,64.371544,135.267639
697.471272,291.167988,64.303055,135.367432
698.514257,301.620457,58.508251,136.552734
694.069450,312.531193,57.813179,136.109711
691.138971,325.363972,55.181583,132.746490
686.415386,341.849026,52.285980,130.147293
682.286299,360.317333,54.481625,123.950180
681.977261,360.218220,54.091064,125.733582
679.297632,377.050426,57.929539,118.276657
674.792221,392.763901,65.245720,112.212959
666.285660,403.794334,73.733971,105.193748
656.373116,411.622017,81.978737,96.883110
645.133320,411.313347,90.712387,88.105980
644.000950,410.119629,91.126877,88.888069
632.033367,404.988007,97.981262,78.879555
620.211002,395.177189,107.532547,69.733856
611.058208,386.844170,113.794037,60.638420
602.587860,377.480869,122.519951,58.800934
598.744884,369.949076,126.821930,58.831623
596.881107,370.224001,126.967636,57.894627
591.559635,370.381592,131.496262,58.763344
588.483646,377.947565,133.731216,59.701160
587.641171,396.573530,135.094971,59.612347
589.905933,415.294647,136.527786,58.919167
595.820782,428.833841,136.030914,61.077320
594.735546,429.662121,137.567291,60.918320
601.137562,437.099674,136.159897,65.346130
609.670826,440.069038,133.474808,71.991600
617.288563,441.734051,130.746170,75.595627
625.895782,433.822674,126.895073,80.214615
634.478161,418.674332,125.503632,86.758736
636.599091,417.746754,123.652397,87.187378
645.868256,399.316292,118.251823,92.267723
657.106453,379.906395,113.655617,96.749290
667.119026,358.570744,109.788124,102.484344
674.461040,342.022144,106.615631,106.518005
684.066116,329.149738,100.848473,111.218750
682.131275,329.590286,103.226028,111.771309
693.824135,321.593887,98.015175,114.811531
706.815372,312.900906,92.153549,119.610031
715.389721,310.821175,87.816864,124.124962
724.857437,319.765598,84.171165,127.729828
736.310207,325.307247,79.149414,130.334579
738.413692,326.455456,76.765228,129.092026
747.738728,329.369267,73.465012,130.772186
759.124630,328.354954,68.502686,133.287415
766.010021,327.920338,63.582794,134.129364
770.015411,326.820950,59.041161,133.966324
774.934708,326.013607,51.835655,134.708176
775.289652,326.903194,51.399113,134.692886
780.447412,326.399616,47.595890,132.529022
782.222448,325.247692,47.207256,131.485001
783.347115,326.153431,47.370522,128.646362
780.769878,326.227444,49.812653,126.196365
778.409637,326.438824,52.012718,128.012680
778.541466,326.613735,52.039253,128.131332
771.654728,332.229912,57.339890,121.089012
762.648537,335.351898,64.672005,118.744453
751.395790,336.204258,71.286812,114.272888
736.705288,332.880741,77.839630,108.066956
722.788662,327.256275,85.764038,102.608704
720.692841,325.359928,87.083092,103.661255
705.008114,319.383884,95.173676,98.636658
693.324600,318.654518,100.557854,90.684807
676.826931,320.798832,108.951813,82.311829
664.784153,322.928612,117.902267,72.932854
654.270439,327.783775,123.930092,61.796532
654.377518,327.045881,122.456535,62.617321
644.504108,330.871372,125.704636,52.322968
641.435860,336.761320,126.890968,40.559795
639.314854,336.479599,126.028152,36.880806
637.782795,337.251831,124.582138,38.325966
635.553883,338.452242,122.486618,48.233799
634.954010,337.819914,123.486107,49.047161
634.640842,338.196663,121.707199,61.445854
633.369572,337.652550,116.999985,76.281700
633.062286,337.231663,111.447716,90.742126
631.767765,340.643883,105.932693,101.808495
629.062580,346.145241,99.707626,113.234062
628.874439,346.818386,99.735580,112.251968
628.945042,353.036079,91.499954,123.267143
627.895535,360.984692,82.842926,128.957504
628.961391,368.219624,74.338654,131.053619
632.223705,366.928371,65.087738,142.915543
635.550365,371.699581,54.492157,148.472733
633.858505,374.570919,55.003838,144.259201
636.276400,379.385921,49.206013,150.496689
637.804615,393.027233,43.798813,148.428421
636.985504,396.481297,42.115379,151.072144
634.415297,397.728558,44.094387,151.206711
633.619476,398.644947,47.206718,151.509338
633.421679,399.399136,47.427540,152.128098
636.207819,404.617321,47.544834,149.696091
639.157103,412.516941,48.868649,149.482300
643.143263,419.412457,53.634914,146.950211
648.474415,425.581173,57.116714,145.382126
653.468224,429.386066,60.571754,145.335907
651.603022,430.516315,61.661320,142.586609
654.573395,434.575764,64.828606,142.486053
656.976387,436.459713,69.376686,140.398880
659.469475,438.971760,73.342690,139.056061
661.654919,440.886532,75.884033,138.810043
661.338161,443.736019,79.372711,139.623032
661.298435,444.674961,79.784073,137.977814
658.180878,449.085827,83.193443,138.051468
656.827244,453.769993,84.233536,136.653168
655.150784,460.251499,85.110199,133.547394
651.531963,465.230686,85.977844,132.559662
648.146957,463.720379,87.183830,133.228348
649.366344,463.216732,87.289246,134.185349
645.549812,464.919750,88.351814,130.310379
643.332554,459.518780,90.501907,128.722488
640.912632,451.258442,91.998672,128.056274
641.187965,445.287766,92.123726,126.842049
640.565392,433.600079,92.713722,126.568008
640.167843,431.850143,93.572845,127.370552
643.842823,421.715759,93.491013,125.027565
650.344349,410.179573,94.648483,125.241417
656.877705,396.083607,96.126572,122.863281
666.617443,379.688961,97.188904,121.392471
674.009193,363.072910,98.710091,121.120544
674.784779,363.949657,96.510483,119.820480
682.889076,346.222370,100.181648,119.838226
689.762413,335.410431,99.697121,118.129158
692.095692,326.699711,102.568222,119.742065
694.602932,325.234245,102.247223,117.863670
696.752281,328.253780,103.148964,118.328629
696.434166,329.175644,102.748756,117.097633
690.503235,342.218433,103.529320,120.534943
687.804455,367.869213,105.260681,117.560165
688.319263,395.558086,107.259018,116.529892
690.948589,424.091518,108.455811,115.054642
694.428276,446.276382,109.729347,113.207008
693.617416,445.405369,111.327446,113.813538
700.652805,464.405323,110.197342,111.539703
708.826527,474.231056,113.689316,110.232719
718.616501,472.240593,114.456474,104.087425
735.070644,443.591671,116.582489,100.488815
753.472244,404.006996,118.237724,100.550957
752.940720,401.340340,118.044304,102.731499
772.413815,373.044613,119.826447,99.551651
788.406033,346.764599,120.122406,99.089462
803.371758,323.731899,120.762306,98.149490
812.825371,311.212868,121.054604,93.266350
820.527000,289.088024,122.019753,99.699356
819.417084,290.935711,122.863304,99.293106
833.487240,281.657780,123.700653,94.002533
846.981735,273.202427,123.016716,91.422272
852.045963,260.350689,123.074905,92.056992
853.192799,250.973324,122.628159,86.442764
851.056164,237.542976,124.618958,84.251640
852.006966,232.596874,122.021126,88.472885
844.237183,222.094357,121.574638,86.255905
834.319489,212.188160,121.508751,87.627716
824.080082,216.739525,121.029861,80.850243
809.187153,221.071259,120.198410,81.694405
795.609974,226.858559,118.231522,80.826378
794.421917,225.728729,119.158569,82.082405
784.226631,233.402527,117.309822,79.971474
772.362888,245.405312,117.348038,81.590263
760.997116,257.018391,114.677513,78.045990
749.540485,265.332832,113.006149,77.090752
735.746517,284.350025,111.914825,78.361023
736.428192,284.211449,111.850243,78.319695
723.310284,298.085941,110.019562,76.034912
709.430832,307.288391,109.404747,76.371498
695.133789,315.312260,107.364403,75.775513
677.354679,319.770660,105.787125,74.222450
656.540394,318.807907,104.536392,73.830574
656.629169,319.406612,104.691513,73.465408
635.621666,313.672115,101.289375,74.455154
615.269424,306.602314,98.725731,73.470825
593.572422,295.406040,94.763687,73.635376
574.783573,284.183014,91.193253,72.874489
557.146721,271.384468,90.127632,73.400078
555.660641,270.963928,90.480896,73.796852
543.296307,260.755665,88.076294,73.466034
533.788868,254.335964,84.812393,75.458145
540.165028,255.813877,82.103378,76.632904
554.555000,262.753849,78.103676,78.032928
562.737034,274.641380,77.023087,76.998619
563.791973,274.445301,75.457764,77.625824
574.941113,282.514496,72.269501,77.578957
597.905800,288.166042,70.982918,77.059921
617.582104,293.407341,67.231812,75.854698
634.714796,296.038242,63.829678,77.478973
658.339376,298.328091,60.397533,78.485825
659.640459,299.453259,59.561298,77.352615
674.690920,300.510540,58.020161,78.932938
687.500938,301.652298,54.624825,77.700203
694.355295,300.004158,51.276707,77.397575
700.770409,294.014557,48.957253,76.505623
705.668467,285.067814,47.253666,76.209656
705.561100,284.210400,48.643173,76.536636
712.756283,275.109249,45.639404,76.480606
716.363968,268.232555,45.754906,76.074844
720.783037,265.397560,44.690205,73.712517
725.262989,260.660305,44.758255,73.425613
727.414160,258.709820,44.602337,72.563217
726.763018,259.352802,45.797169,72.290009
728.172235,260.795982,45.879398,70.378227
728.417734,264.555576,46.371189,70.037384
728.775312,274.829929,45.584286,68.905243
727.519028,279.743607,45.237846,69.209816
723.640158,282.621372,43.923260,68.702118
723.226208,283.725170,44.561432,67.958969
715.423538,285.776287,41.555656,65.849197
708.595329,287.525364,40.866615,66.885345
697.445501,297.905478,34.857815,59.445705
685.326536,294.726799,37.927563,65.584145
674.975471,304.821037,34.653923,60.100746
672.950777,302.799959,38.714069,63.550144
672.014668,305.053177,35.595901,66.186073
667.618126,309.230923,37.670128,66.700150
663.931704,315.890820,35.513004,66.242661
665.416969,323.287060,36.392876,66.218338
671.221590,332.192966,35.628666,66.764709
671.893274,331.802464,36.728764,65.874985
685.626389,341.079121,36.630882,65.490952
703.198574,349.771088,37.742706,65.059135
709.846121,352.118801,37.650707,64.210938
705.751736,351.683655,39.638840,64.639427
695.620445,354.315870,40.244469,63.059933
695.841597,353.759346,40.309200,63.277260
685.945787,357.584436,41.611012,62.095921
678.314913,360.855459,41.507221,61.818096
668.147453,362.505808,43.668541,60.516361
654.591066,361.179264,43.603016,61.228073
641.249537,362.031372,45.605228,60.101555
640.887030,361.834202,46.524181,60.060257
631.570032,365.426315,45.664433,59.846947
620.101446,371.281284,46.099453,58.949966
603.888453,376.007713,47.238682,58.941536
587.977718,382.574617,47.575867,57.525684
573.886730,385.140120,49.109390,58.782070
574.344795,384.952785,48.586845,58.031097
562.037928,382.437860,50.065434,56.087162
553.585072,369.783167,50.484512,57.372913
546.121019,357.948938,50.979069,57.727863
537.343596,345.519720,51.280300,55.561092
531.885727,333.104973,52.440697,56.125267
532.040438,333.322445,50.747578,56.271957
528.157627,324.500410,51.952957,57.649471
537.948626,324.241076,52.260456,57.936420
555.222486,327.206322,52.591244,56.898689
570.293917,329.180410,52.739460,57.840099
581.946417,330.923140,53.012615,57.595089
581.812765,331.476410,52.712261,57.492760
587.352968,332.644281,53.680561,57.766788
593.870007,337.237354,53.623840,58.068161
601.610928,346.841864,54.119720,57.183270
609.911236,354.202440,55.010620,56.973011
615.751556,357.719255,55.900291,57.065754
616.238022,357.001347,54.959404,57.765244
617.988838,358.013248,55.113899,57.234299
618.082039,356.261480,56.238045,56.534313
613.074881,351.909496,57.111797,56.676086
604.893574,349.414658,56.921249,56.431145
592.953379,350.268297,57.475803,57.365498
592.181202,350.496532,58.086441,57.285950
578.966120,353.751106,58.827854,56.199409
565.965427,359.277042,58.541702,55.167801
550.297771,366.329159,59.236725,53.139221
534.889952,371.142714,59.710262,53.514584
517.391056,375.187319,60.272858,53.452656
516.986742,373.768501,59.186497,54.513924
500.566521,377.646469,60.832191,54.472252
487.526207,386.013367,60.040016,54.547874
478.918415,397.495075,59.973953,52.673416
478.367985,406.926458,61.972672,55.110180
480.995050,416.799421,62.252445,54.231747
480.258766,416.887379,62.334450,54.214584
484.802660,424.908766,61.243458,53.293484
486.219538,430.450871,63.723637,50.880844
487.712566,429.295010,63.277435,51.223083
490.407505,415.570681,64.617508,51.452778
494.201328,393.624199,64.367203,51.023643
494.431194,393.042833,64.019531,52.209263
497.525740,364.747801,63.800167,50.577847
498.812988,334.356968,65.059746,50.279190
500.489639,307.797474,65.814018,52.690842
501.721710,286.704138,65.848473,50.455364
500.682785,270.480328,67.394188,51.617523
499.920120,270.767113,67.345695,50.725960
499.496246,258.358080,67.143547,51.721088
502.091629,252.032280,66.945213,50.998024
504.964977,248.402878,69.336914,51.095970
504.325329,245.792343,69.469360,53.619530
500.869503,249.068897,70.209961,50.584763
500.606102,249.582794,69.312996,51.282463
496.215611,257.141985,71.160507,51.759052
492.357067,265.931509,71.707489,51.657452
487.992413,272.267418,70.764374,50.200203
482.165264,276.529169,73.372406,51.102085
474.291061,281.528214,72.394371,52.356133
475.189148,282.253822,71.636559,52.526405
466.470974,287.877348,71.575256,50.216915
457.786060,293.137428,74.089340,50.492073
447.603111,299.306854,72.660957,50.278374
441.651859,304.219845,72.613724,48.785522
433.654758,304.696255,73.668930,47.635895
434.525730,305.043306,72.232559,47.630573
432.059891,304.162678,73.587791,48.663345
436.887730,304.784700,72.975388,47.489185
442.492805,300.714441,74.355934,47.901279
448.535515,296.201550,74.818703,47.488342
453.527557,289.747793,72.783073,48.189129
453.458977,291.231094,73.318550,46.135979
457.682407,285.121592,74.765671,47.483494
463.440998,281.126944,74.367111,47.608837
466.803169,281.811028,75.261482,47.931221
465.966885,285.593426,73.443390,48.481628
463.979622,296.106709,74.253426,50.998093
463.487602,295.623747,75.552864,50.605953
459.947117,314.129726,75.790146,50.620789
454.517124,331.091085,76.191574,51.489483
447.858479,339.896564,76.099564,49.798264
440.214405,345.223413,73.018082,50.089085
431.635971,349.539137,67.370049,49.257565
429.081451,349.380390,68.441185,49.508469
409.387604,351.778622,73.045403,48.767731
396.980305,345.734810,73.348984,50.119423
384.369541,337.086962,71.682114,49.450245
374.810551,317.945305,71.600967,50.331886
365.189606,301.821104,70.895622,49.772518
363.832058,302.150242,72.347870,49.581741
355.020306,283.455706,70.843475,50.279713
348.372169,267.334139,71.337990,50.819813
344.004192,259.121695,72.230103,48.965771
339.935978,255.680635,70.790390,49.522907
343.174900,261.366642,69.795425,50.408432
342.558765,261.947077,71.303085,49.184757
348.115307,284.361788,68.523529,50.618183
355.660011,317.452267,68.251625,50.788147
370.400120,344.345749,65.167648,48.688927
388.478558,366.600391,64.204224,49.018997
400.438908,383.554174,66.022354,49.013714
399.419624,383.948454,67.324928,48.751644
414.358997,399.114189,66.985153,48.714455
428.869488,411.724764,63.204590,48.895649
442.806074,419.486023,62.440090,49.300041
455.298071,425.605881,61.141369,49.892387
461.380091,430.391115,59.689457,49.869648
460.511726,430.202515,63.096291,50.026360
465.615068,430.992298,61.374073,49.500839
470.221933,426.685989,61.068394,51.164024
473.294302,417.667809,61.067516,51.101082
471.097448,412.531706,63.561687,51.494534
469.551271,408.338446,58.198048,52.199261
468.441000,408.114161,58.322277,53.565128
465.707911,404.459379,57.722813,52.238552
465.416410,402.241459,59.755398,52.760422
470.128029,400.767855,58.872536,52.859852
474.224373,399.742863,58.981331,51.366592
479.437023,396.509407,56.811798,52.579323
479.743254,395.667587,57.330715,52.897697
480.866636,392.338873,58.050320,52.819530
482.667213,388.132141,55.020546,45.142601
484.625746,383.624868,57.869259,52.007626
486.967758,379.395609,57.097374,52.454700
489.643642,370.199970,54.009979,55.089783
489.667278,371.353798,54.301697,55.199944
490.404427,363.548218,53.341743,53.219856
490.141525,352.758787,53.862114,53.775906
489.733372,342.938133,52.439713,54.332024
486.929771,332.119713,53.814278,52.756569
485.988811,320.552799,50.716553,53.134109
485.979588,320.584599,51.239578,52.919785
485.450996,313.667961,49.950966,53.360863
485.435369,308.810926,49.145916,51.675365
488.738199,305.569754,49.648472,51.562008
490.904652,307.764622,48.169907,52.541962
495.652046,312.425215,47.376808,50.087261
496.439991,312.858467,46.886841,51.112160
504.927298,315.933067,46.133785,52.025093
513.599272,320.466133,45.436504,52.309563
522.633795,323.870886,44.011715,52.664227
531.765671,327.615019,42.873543,52.313046
538.607203,332.080725,43.706211,52.203289
538.168993,331.570202,44.133915,51.689194
546.240250,335.392796,43.346046,50.952438
555.280254,335.751223,43.352844,53.355549
564.224358,340.919106,40.451698,43.790077
570.810560,332.611954,40.332012,49.105980
575.862213,326.293541,40.928001,48.730278
574.704918,325.943708,42.206367,48.454113
583.500994,318.876472,40.824482,46.531013
584.714195,309.168631,44.201805,47.842678
592.267015,300.251423,41.497120,46.334610
594.700993,288.404360,46.497086,48.002323
602.663708,275.176920,46.405060,49.863178
602.554806,274.974527,46.843170,49.393177
610.605101,264.329531,48.673733,48.027531
618.415468,252.927675,51.278980,49.319065
628.295242,243.222631,50.630455,49.791195
637.616360,237.526518,49.984619,49.184109
648.651964,234.062416,51.722767,50.823112
649.051764,233.768105,51.826061,50.855064
660.669943,232.709827,52.833660,50.935242
672.091547,231.291508,53.661442,51.073303
681.628778,229.746799,54.019108,51.861847
686.296350,236.841805,55.136692,54.105614
690.295238,247.725878,56.251831,55.473392
690.968540,248.501184,56.585159,55.440296
693.216921,258.867861,57.415668,57.977390
687.292082,266.138573,58.230465,59.120140
673.463800,267.440886,59.809483,61.308208
660.737158,267.598017,60.885601,63.041218
645.628189,269.169262,61.921654,65.204941
645.273874,269.275066,62.144505,65.157700
630.106194,269.507454,64.142708,66.489464
612.423450,271.150692,65.208817,68.169785
594.949371,279.159843,68.849144,70.683922
579.009125,289.925716,69.542473,72.868393
565.282387,311.446133,70.678627,74.762039
565.378246,310.942341,71.409485,75.378479
558.103416,335.530712,72.389412,77.232986
553.933517,350.631954,75.465324,78.484360
545.505554,361.257732,76.185722,81.062393
535.558075,370.720474,78.347801,82.112770
528.601177,373.799297,78.427734,84.666977
528.909435,374.140934,78.103302,84.617462
524.536583,374.634151,80.073311,86.398422
518.351368,373.104347,80.580704,87.942497
517.886719,368.603386,80.594444,89.298607
518.026829,362.698669,80.681961,92.191719
520.286880,358.126083,80.658592,95.251930
520.004627,358.881771,80.433395,94.298630
522.922413,355.387768,79.199692,96.505508
528.156315,353.107704,79.652054,98.160332
538.811958,352.347153,77.762550,99.958229
546.594097,354.041035,74.815460,104.260376
553.888149,357.824329,72.225098,106.450500
553.865299,356.487862,72.860794,105.973412
561.733986,359.052124,71.423866,108.471657
568.960175,356.843182,68.323723,109.658798
573.637035,352.160275,65.544220,109.427292
576.151670,340.772686,61.993130,112.910995
575.332338,324.882298,59.941914,115.634247
575.672050,325.497772,59.558662,114.814491
572.811352,307.889915,57.885742,117.574059
567.567017,288.107166,55.706871,118.663239
558.560541,270.580593,53.571262,119.789474
545.680861,255.884533,53.507290,120.923843
532.977991,248.839626,52.090641,123.069687
532.564356,248.966034,51.846195,121.189217
526.506208,251.427837,47.466061,122.979263
515.537088,262.860802,48.970493,123.761009
505.981974,275.406803,47.474857,124.993073
505.786875,289.598869,46.056553,125.260277
517.773542,303.249115,45.304409,127.149910
517.415186,304.201656,46.574802,126.945297
521.486303,319.932941,45.777813,125.454346
523.711018,329.876865,44.250687,124.653107
527.630630,329.406784,44.154778,123.381416
532.469439,306.732716,44.778339,123.937836
539.532429,283.527271,45.909286,122.899963
539.341530,283.769943,46.896645,119.671425
539.120073,254.454224,48.850208,121.591835
535.805563,235.275700,50.003063,119.934692
531.348898,222.085205,51.020367,117.981667
527.895081,214.695274,54.556175,118.906456
522.443783,210.216763,56.192169,119.099533
521.604603,210.094776,55.512680,119.212402
516.440529,219.356880,58.641121,115.644371
518.874798,234.971115,61.988800,113.964058
519.778757,238.601574,63.645267,114.824295
514.221478,242.155590,66.703918,109.902847
505.642975,236.565132,68.747887,108.794487
505.922390,237.059711,67.296478,107.997467
496.288971,221.893387,71.818993,107.393990
487.398396,211.815163,72.743484,106.466545
478.988243,203.316063,75.072365,103.522209
473.972412,193.368710,79.095085,101.274460
467.103291,182.136539,82.443771,100.278564
468.862453,181.280003,79.261230,102.047852
465.260948,177.060593,80.344582,99.082100
462.663513,176.569878,81.867088,96.751152
457.888149,180.667374,84.515778,94.528297
453.081047,191.532372,86.103859,92.152611
450.802052,206.148895,88.264511,89.941444
449.754189,206.508461,89.149178,90.724632
447.756805,222.959114,90.936241,86.853416
448.985630,241.735611,92.819077,84.844246
451.304829,260.302898,94.482956,81.841629
453.826031,279.484150,95.236664,77.956848
463.213711,298.286190,96.230408,75.129105
464.067810,297.728180,95.937523,75.504829
473.173542,317.168877,99.747604,72.495934
481.471180,333.154552,98.269363,69.238663
485.135975,344.371632,100.150864,66.956848
488.795887,348.080330,99.884628,64.389030
489.651535,349.549299,103.163902,61.572430
489.512825,350.141718,101.079384,61.179432
493.546463,350.910824,100.854362,58.479202
497.239605,357.740906,103.110229,56.038765
501.437817,366.801893,101.427887,51.669415
506.583900,374.726431,101.593941,49.353695
510.618511,384.483723,99.801239,46.786865
509.722488,383.192629,100.525688,46.985661
515.850933,389.524509,102.324280,43.195862
520.403122,398.883093,102.175163,41.034908
528.407150,410.197990,100.730217,38.278313
532.079895,422.453335,101.975639,36.221634
537.516277,435.599531,101.898895,34.106243
536.889675,436.168171,102.210449,34.024597
540.579655,445.542006,101.629013,30.788708
544.137154,448.240644,103.848213,30.983837
545.117275,447.460244,102.346466,31.202841
544.085571,446.890424,102.704979,31.365858
542.928753,439.201991,101.361267,30.715532
542.350594,439.834659,103.061897,30.345949
541.583229,428.359029,104.008339,30.433683
537.564091,425.914578,104.137436,31.138105
535.142860,425.712985,104.027534,31.117037
532.074574,425.554283,104.255295,32.178734
530.949242,423.375700,102.693733,34.097668
530.130089,424.552034,103.797646,33.722660
529.965755,425.254988,102.304688,35.892010
533.862522,428.078957,100.690842,38.475243
538.299702,434.250570,101.412552,40.991970
542.973347,438.464920,100.117447,42.565010
548.134159,437.139299,98.811783,45.789860
549.068165,436.098711,98.644424,46.270390
555.194035,434.739548,97.959549,49.543892
559.500816,433.124914,96.574562,51.962673
565.570393,431.750141,96.036636,53.891083
569.807617,432.654526,94.991447,57.211708
572.203506,431.206911,93.511131,58.712864
572.789371,431.129335,93.803146,58.549564
570.840549,427.346630,93.768631,62.645920
569.980671,423.124546,92.863998,63.895966
571.868286,416.885326,91.328850,66.296585
572.204575,410.239555,89.745323,68.898827
575.425804,402.660709,88.981087,70.341522
575.680584,403.460270,88.662628,69.682770
578.410698,392.083832,88.284523,72.265633
583.855827,379.426464,86.633247,74.852707
591.715233,368.362183,84.123573,75.848030
601.471760,356.887470,82.694443,77.499207
614.026657,347.127911,80.719627,79.306168
613.299908,347.042248,81.157806,79.640488
627.101566,339.853428,79.538437,81.388519
641.372223,337.201984,78.399712,84.356689
650.956627,340.474251,77.626503,86.390099
661.000092,346.365570,75.770958,87.123299
670.109554,355.938335,74.186035,89.579544
668.562984,355.014462,75.058838,90.210983
674.816166,365.844360,72.397202,90.691017
677.120495,376.526714,71.649689,93.284866
673.575897,389.389523,70.454002,94.472549
666.057339,401.574802,69.791107,95.218323
662.377090,412.271145,67.597740,97.573624
660.795074,411.329769,68.230949,98.882523
653.342346,420.926414,65.196465,98.826012
645.365582,428.314068,63.292999,99.086288
639.250343,434.553871,61.369392,100.266228
634.780981,435.888042,60.687817,101.675369
627.167824,434.453724,60.745338,103.245331
627.113577,434.796883,61.132610,102.271141
624.736418,430.396507,60.733120,103.463188
624.592974,425.621170,59.466663,104.607948
623.762903,420.947037,58.780613,104.355507
620.055315,409.603241,60.122272,102.512337
618.642378,397.964001,60.954494,102.108017
619.066401,397.186878,60.594669,102.340363
619.334156,387.394913,61.975052,102.024971
621.000946,381.925991,61.909904,103.065506
620.845142,377.080055,61.117050,102.266685
621.364601,371.482357,64.096474,100.679306
622.116579,366.616653,62.460072,98.491463
621.468880,367.566254,62.681282,99.211250
620.941847,363.233185,62.487301,96.487801
615.098320,360.253223,63.687233,98.961395
614.233709,357.268768,63.477154,95.192146
614.076876,350.386913,63.845875,93.580948
609.610973,342.750469,63.731262,93.585220
609.925261,343.489220,63.338070,93.822258
598.601912,334.632721,63.914211,91.660500
591.314579,324.340477,65.903458,91.406090
585.961891,314.762455,68.195869,89.536255
584.608669,306.276592,69.673950,87.726181
582.929192,298.049965,70.147041,86.166344
583.153164,299.112152,68.955536,85.301399
582.848896,294.026371,70.215286,82.810364
585.043427,290.856476,70.275475,81.200478
588.222389,290.650429,71.488564,83.193474
595.158760,296.753792,72.822792,83.905968
607.133957,306.126163,73.699059,79.563019
607.984829,306.636143,73.279938,79.667206
620.563393,315.232277,73.973824,78.150139
632.878654,323.986469,73.092018,77.227875
640.956783,331.637360,76.416534,75.640144
644.540489,337.094616,76.773018,73.323685
643.206776,338.228004,78.679977,73.077995
643.163986,338.205235,77.987572,73.161407
635.461044,335.919483,75.756310,72.289948
607.618217,326.050003,77.936653,70.146553
592.022034,314.679794,78.161430,68.892738
577.232624,301.628609,80.357040,67.070946
566.018734,286.961353,80.167328,66.942780
564.894592,286.643250,80.692528,67.471382
551.058220,272.891727,80.644569,66.589722
534.809391,260.696548,82.183914,64.302803
520.136742,251.944189,84.066933,63.191525
510.552292,247.946873,85.197166,64.204987
506.465088,256.206057,86.877831,62.408176
507.737904,255.397999,84.701614,64.088715
507.501236,264.001062,89.471611,61.479572
510.592449,268.698822,89.346069,61.452034
515.492435,276.719603,89.628189,60.211315
524.534294,282.333319,91.870308,59.661373
534.886894,286.304476,91.830544,58.476902
535.034695,286.509010,91.670410,59.362755
546.775257,288.024174,93.634842,58.880615
558.753944,292.745768,93.333504,56.951862
568.067013,295.322475,92.683075,55.776352
576.115730,300.358818,94.875374,54.684563
584.943748,310.082899,91.475655,53.983349
583.080570,310.340986,94.042923,54.108410
593.127552,319.649817,91.553146,52.746426
598.979939,326.584549,93.511490,51.624519
608.434536,332.807899,90.316467,50.268883
612.283546,338.007727,92.638924,49.171810
614.528919,340.992678,90.454300,47.363743
614.478237,341.324348,91.106598,46.758476
616.251343,344.849026,90.498192,46.154953
617.093197,350.139557,91.872162,45.556831
615.576317,352.568007,90.838051,43.220440
607.034821,352.812115,94.235893,42.769882
592.151276,348.851059,97.016045,41.049416
592.039146,348.910625,97.350014,41.363235
577.548450,339.036787,100.530350,41.010998
568.372219,327.777454,103.001984,41.918457
560.735077,321.401106,104.999779,40.701672
554.787041,312.210526,109.351570,41.346504
552.237484,302.905807,111.558777,41.233559
553.021862,302.225096,111.336884,41.325451
551.877460,288.873568,114.221634,43.319492
555.852879,272.457901,116.406021,43.684334
564.374619,254.508841,118.441704,44.046566
576.417522,232.637686,123.168701,45.965511
591.410976,208.750263,125.898834,48.565582
590.803715,208.080862,126.721115,49.183132
607.202557,183.794538,129.268005,51.080547
624.972233,157.711964,132.046188,56.444427
640.523685,143.765842,136.446609,60.734741
661.815380,141.737381,138.488617,64.879066
683.025272,144.493244,140.097397,70.205414
683.266636,144.160358,140.760452,70.187408
703.336163,161.025616,143.033264,76.712814
717.361523,178.532356,146.050537,84.002922
723.297581,212.791229,150.016678,90.359993
716.600552,243.433315,153.198517,96.492691
700.790211,271.754974,151.235641,101.420540
699.005314,271.999466,153.788406,102.931984
679.749111,297.461342,155.957672,109.387932
645.549694,312.350811,158.038025,119.525436
599.991467,325.802078,161.352722,124.850685
566.506634,331.828297,160.444153,132.744171
536.083424,331.918171,160.663437,140.456879
538.661335,331.962635,159.026962,139.648163
506.104183,327.284176,161.102264,147.499222
481.998959,322.241505,160.134552,156.998077
468.948856,319.867725,159.647110,163.106964
476.202724,312.724697,157.165863,166.143692
478.544971,297.323483,159.616867,173.337479
481.204647,297.845387,156.472687,174.336273
486.173260,278.489048,159.340515,178.386780
500.765903,258.028988,158.597305,183.469986
510.842518,241.090862,158.660019,190.187546
523.606617,225.510548,159.922592,194.418549
533.771648,210.905682,160.062683,198.434616
535.231480,211.262028,157.778275,197.340210
549.053715,197.976376,157.396011,201.109329
559.555141,188.524464,158.509979,206.509125
568.567478,187.862438,156.805801,209.273483
578.327435,196.491909,150.601196,212.803726
583.236431,199.609531,153.816101,214.991150
583.380962,198.939816,152.000122,216.354202
588.759357,202.708271,151.906723,217.754974
589.538662,207.964993,151.746002,219.356094
589.665134,215.642948,150.119705,218.799377
590.054768,219.748142,147.917953,217.759521
591.653828,220.652470,144.131821,217.858337
592.245792,222.137768,143.366592,216.510605
592.243168,216.028637,144.246353,218.004074
597.471783,206.239902,145.289673,217.911499
610.769962,198.394680,140.653946,216.104080
621.445087,187.203037,139.173996,214.142944
639.977665,175.409863,135.255264,212.386703
638.431866,171.238049,137.522705,215.589584
652.650364,165.228077,134.479752,211.501678
660.135944,156.520046,134.338120,213.062637
666.105854,150.758022,132.783554,211.076920
671.721119,147.243359,128.788193,210.563156
674.553738,148.241749,125.769562,208.393097
673.302422,149.155094,127.356544,207.911072
671.952358,157.548046,126.357941,202.365707
663.023010,156.926334,125.727745,195.096069
650.013588,144.863644,124.185066,192.033340
634.091015,138.313030,119.789062,195.123886
613.041405,132.314457,116.191994,190.343811
611.801460,130.810711,117.481880,190.790146
588.156853,123.753643,114.600319,187.131332
561.497910,121.507938,111.633476,183.460632
534.409187,126.969296,108.969124,178.449661
506.115845,132.865879,106.836998,177.487976
482.806694,145.575573,102.952736,173.583237
481.867393,144.588223,103.912575,174.949661
465.014080,158.515354,100.679504,169.731079
449.057171,163.226757,97.725403,166.861984
441.500816,170.769230,98.515968,162.086121
436.172939,169.418179,93.670807,160.564468
430.787106,165.847424,89.685760,159.778549
430.031242,166.017254,90.899940,159.764572
437.573315,176.165607,85.354797,154.846954
435.354080,175.999866,85.530876,154.518463
430.410599,181.941532,80.939201,151.827759
427.428490,191.865925,81.122597,151.099884
432.614033,196.054920,77.016891,148.855682
432.466694,196.554386,77.482895,147.872253
437.736916,203.244152,74.493721,147.455368
439.109638,211.146275,74.251999,146.208801
436.736309,221.184788,73.460938,143.915283
444.599636,224.643330,69.918793,141.583771
450.833576,223.909557,71.038651,139.486465
451.354042,223.326656,72.545723,139.170578
468.659069,226.252575,71.341736,140.434067
483.690269,229.212025,70.163002,138.742310
496.981026,238.714939,66.713387,133.400208
516.281120,242.764301,65.707100,136.078644
528.047249,248.912006,65.621925,135.366455
527.395039,248.834972,67.332016,133.783829
539.651649,261.128094,65.513405,132.547134
551.368988,274.379139,65.568779,130.685455
561.170921,288.588646,62.760963,126.239708
569.748123,300.945644,62.410576,126.733963
574.254446,313.613937,62.259289,127.990273
573.788918,312.733097,63.011574,128.712555
574.508562,327.579281,61.413715,126.748642
570.602390,342.054012,62.402695,126.856094
565.766863,355.420269,60.453510,123.442795
559.713968,355.965340,61.007053,123.493553
553.869217,355.853840,61.065788,122.550690
553.738621,356.451332,60.346848,122.214134
548.985960,351.159954,59.697414,117.255966
546.056223,345.873104,59.491276,116.854752
543.982012,340.291237,58.155567,116.209831
543.393991,337.890751,58.262486,116.493073
544.505140,336.708134,58.072231,116.543121
544.324354,336.933086,58.390560,116.089523
548.512537,339.863998,56.695103,115.453926
555.982506,342.653301,56.005043,114.852676
561.881195,348.110046,55.535606,113.286201
570.263693,353.837944,54.912090,112.572075
575.379204,363.342144,55.748756,110.357193
574.585348,361.468044,57.222790,111.746719
580.921396,369.644295,55.338017,108.316338
583.493408,371.916985,55.552696,109.294670
588.879194,372.712727,56.372616,106.839111
595.209974,372.001366,56.251247,106.542931
600.575310,371.221794,55.293861,104.929527
599.750643,370.580261,56.292530,105.905891
604.818228,365.670200,54.397137,103.551117
607.078362,349.751568,55.333473,103.331436
611.662476,334.613472,55.305016,101.528038
615.929338,318.147480,55.340473,101.917877
618.301270,301.174717,54.609795,100.944489
617.966993,300.883648,55.629208,100.352097
619.954037,286.586269,55.155609,101.681351
623.106306,271.478729,54.236080,101.907234
624.274578,258.764576,54.818848,100.585388
626.724792,248.213421,54.943871,100.130692
629.609854,242.061829,52.804119,99.397865
629.138664,242.347092,53.319496,100.077003
633.388330,239.629745,51.959110,98.556252
637.750427,236.985851,52.655449,98.738144
641.411144,236.606163,52.007568,99.570641
647.902124,243.096756,50.200108,99.865730
652.668247,251.012367,49.356461,97.563072
651.950460,250.849480,51.003979,99.038383
656.216192,262.850483,49.415081,97.798584
657.715643,275.556934,50.463940,99.591003
656.941757,289.059963,50.390190,99.152359
654.501089,300.850140,50.718029,96.886948
651.537424,311.815414,49.302738,96.950539
652.658646,311.979416,47.932182,97.816383
647.460613,322.349827,48.135071,97.047455
642.855717,324.370903,46.142105,96.513756
640.947302,323.922413,46.363445,95.423065
638.970789,320.722157,47.158909,95.626648
638.901957,317.911594,46.450840,93.660919
640.796104,317.594612,45.217934,93.875206
640.715935,310.702755,45.301613,95.152786
642.235403,302.240742,43.863140,94.139587
647.401415,296.247643,42.876301,93.113884
649.603434,289.717293,42.967594,94.298393
651.927652,285.722511,42.512608,94.230186
653.773182,286.501881,40.642319,93.637482
653.869129,286.174110,41.543777,93.741051
653.212742,288.381828,41.971695,95.132744
652.933525,296.944847,40.831123,95.095604
652.179579,306.009789,40.150692,95.121605
653.277464,314.409817,40.166378,95.931961
654.310940,313.302010,39.241974,96.637291
653.558367,325.604095,39.995930,96.387856
655.676731,336.796947,40.052689,94.180923
659.306635,341.660179,39.176914,94.461266
665.876150,343.339050,39.157940,94.818031
673.151398,346.064598,39.516228,95.211174
673.130312,347.382580,39.122547,93.215378
680.554586,348.839279,40.406414,95.310982
688.825924,345.222668,39.773071,93.705521
693.927078,342.328590,41.053673,92.656364
699.688177,338.142239,41.817120,93.088638
702.531340,335.647591,42.864773,92.918053
702.711592,335.204308,43.115231,93.961388
704.901707,334.469513,43.423447,90.264320
707.090107,329.946384,44.936356,92.801849
710.809635,328.608471,46.691849,93.484940
713.940401,327.832546,48.547993,93.076797
718.064566,328.641247,49.892529,93.027390
721.056089,328.517006,46.136684,92.200157
724.099421,330.026054,50.715580,92.774834
729.117222,329.483524,51.687363,91.943115
732.600046,328.494217,54.411137,90.219917
734.412188,326.625549,57.360676,88.757668
734.356583,324.177963,64.497795,90.931465
734.287888,324.924438,64.985313,89.079842
738.667162,325.414429,63.470325,89.941444
740.131756,328.252552,70.205231,88.547363
741.581226,330.337322,72.843155,89.149002
742.208134,333.021996,75.093155,86.702965
740.887302,334.845509,79.647781,85.514465
742.666767,335.204899,78.468124,84.293396
739.713974,337.298492,83.370232,87.814857
736.942829,346.725883,88.176987,85.083855
737.900467,351.293552,87.329369,86.747253
733.650215,354.589127,90.738716,86.025063
727.342655,355.007965,96.321335,85.848946
727.594376,355.611111,96.416710,86.287308
723.433964,358.212811,99.250443,84.396988
717.443184,359.974491,103.095039,83.664581
709.445210,359.116173,108.247025,83.386314
703.079693,356.672462,111.729156,81.671135
695.056923,352.631531,116.183540,81.499550
695.616230,353.714588,114.174759,81.270599
688.998577,351.463322,118.921021,79.638824
682.345581,352.049019,121.124413,78.523155
676.199558,352.201412,122.460587,78.015823
670.967873,349.219143,127.640327,77.225174
667.880939,345.414467,128.971909,76.069145
669.133251,346.702248,127.760559,75.297478
663.995274,338.409531,131.180466,75.635841
663.528172,328.757267,132.802353,74.599548
663.194462,318.594135,133.148331,73.541687
663.715054,306.317146,134.526733,72.980675
666.901699,295.699642,132.333008,71.788773
667.822620,296.585705,131.541214,70.360062
672.024517,285.975529,132.184113,70.869446
676.224834,277.464657,132.704742,69.758408
682.903156,267.921921,128.283096,67.802528
687.754124,261.764008,127.705063,65.619789
692.734982,259.330616,124.892517,62.890717
692.188011,259.789726,125.773018,63.127922
697.938992,263.249237,121.830841,62.332191
704.223339,265.942295,117.768829,61.709290
705.456898,267.215307,113.696915,61.825375
705.686409,260.682507,111.292030,65.329117
703.271847,248.999535,108.399719,69.552971
703.962250,248.631382,106.796410,69.761658
701.473854,236.260696,105.092354,72.626381
696.701942,226.845146,99.737648,75.333763
691.192814,220.135620,96.476608,78.100136
681.669510,217.192898,91.558220,81.573502
676.330612,217.489414,88.140160,84.666870
676.277637,217.314949,87.579178,84.988060
670.285824,214.974369,82.369202,87.273163
668.638889,212.086441,74.665207,89.437965
661.303829,209.987377,72.226105,91.925003
651.688850,207.854969,69.786171,92.572083
643.973061,201.279434,64.910713,95.288979
644.132523,201.611835,65.446190,94.365265
635.311672,192.845352,62.861633,95.982216
624.763275,182.412014,63.790916,97.188889
615.214487,169.627972,63.260380,99.373642
608.590149,159.042656,64.139519,101.707024
603.929583,151.370773,63.743946,105.094734
602.337906,151.996029,66.197044,103.821671
598.415581,148.390965,64.241219,106.486084
594.864597,146.329983,64.337601,107.251999
594.945332,146.207703,66.393936,110.028511
595.043438,145.850922,64.623077,111.968788
597.720818,141.837921,66.574715,113.748360
597.038525,142.613670,64.466156,113.175652
599.599144,140.752636,66.824562,114.691025
600.485855,143.615246,66.136772,116.478928
605.051079,154.301334,67.334877,117.530426
606.071785,165.775265,71.395393,118.121689
606.157494,178.361237,75.910774,120.330025
606.718681,178.461079,76.460457,119.595215
607.304668,192.737000,79.598816,121.449715
608.672428,209.785450,84.007797,120.970245
606.352886,225.197681,88.770630,120.997406
604.743011,243.141785,92.020958,118.799446
603.285099,260.754837,96.184525,117.664589
603.206917,260.761070,96.884224,117.707726
600.266994,275.371090,99.693329,114.545609
595.958012,288.585690,103.589432,114.269180
593.148102,298.273514,106.930809,112.244606
590.539001,297.145317,109.246361,106.013878
588.095764,274.354404,111.165977,104.689484
588.020168,274.325783,111.161896,105.361717
587.558567,254.934826,113.593033,102.268661
588.130501,230.717491,113.308113,100.255211
588.700321,211.017704,115.306168,98.286835
590.585236,192.905281,116.746666,98.993095
595.845814,178.998791,117.892624,97.189163
596.735477,178.580635,117.386734,96.974693
600.077431,166.280586,118.305489,96.204338
602.732841,157.716770,117.878395,94.232178
602.311764,150.080433,118.694244,93.682220
599.277386,144.713184,120.291138,93.793732
597.974232,140.286770,120.463058,93.913589
596.515835,142.089703,121.369659,93.643417
592.487286,140.914536,121.490479,93.111488
591.263275,149.613960,121.493309,94.199516
587.949337,158.588825,122.579620,95.071442
588.486298,171.141392,121.199120,94.208557
589.290462,175.980236,121.461090,95.634995
588.609623,176.945423,121.811172,94.963348
587.853573,179.414948,120.868317,96.359322
587.705452,183.444302,120.823921,96.732986
587.525322,187.049469,120.373756,96.916939
586.705486,189.826973,121.024292,96.999687
585.795773,192.396461,121.280365,97.051750
584.565907,192.760494,121.926315,97.011124
585.440876,195.362980,121.614731,97.815125
586.863895,198.373062,121.682632,98.061256
590.132736,201.625992,122.026787,99.040260
592.390144,207.009815,122.408638,99.135895
596.158482,212.389645,122.951675,99.323868
596.984043,212.592083,121.872879,98.133286
597.942410,219.358425,123.019867,99.309708
600.166939,223.820564,123.663033,98.272758
602.077862,228.119972,121.424438,98.341423
601.763256,232.295181,121.741699,97.758400
599.766937,234.923203,121.750755,97.039650
599.265476,235.942665,123.320328,96.556816
598.508652,236.910267,121.848686,96.010223
594.753593,235.252247,123.239479,95.779510
592.508564,228.783577,121.499008,95.159050
587.138912,215.892250,122.628082,93.936760
585.375141,196.694546,121.452621,93.568497
584.775543,197.845402,122.618309,93.326721
580.680397,177.280132,120.854805,92.297470
576.398430,158.011852,119.987099,90.525772
566.147324,136.936775,120.612633,90.111198
554.863682,115.426983,120.747910,88.884964
545.381798,100.913582,119.352425,88.227684
544.102451,100.724522,120.842880,88.569977
531.680332,98.154015,118.927353,89.543266
520.458588,104.054905,118.223991,88.080780
509.068974,107.265751,117.933365,86.859833
495.817375,112.607117,117.071632,87.881874
483.063934,119.019459,116.452995,86.651794
482.865604,119.810688,116.793808,86.795105
472.028263,133.283272,115.604721,86.322533
462.308365,149.097221,114.366844,88.264580
456.729771,168.500542,113.332626,86.227104
453.735550,189.213863,113.162346,84.799911
452.414921,205.057682,112.610184,85.193085
451.880119,205.781578,111.937691,84.721825
451.233009,221.884212,110.411812,84.591263
452.257515,235.823689,110.830269,84.303040
451.327641,241.601341,108.181534,83.228447
453.075474,245.232693,109.766037,83.629379
456.453094,245.594902,107.571495,82.937584
456.693558,245.058186,106.817711,83.108704
459.325066,240.064205,107.760384,83.844589
463.451473,234.397041,105.923004,83.564995
465.360966,225.017097,106.352676,83.755882
467.203354,214.820656,105.200401,82.750206
469.940418,202.315376,105.185440,83.195000
469.667370,202.316490,104.254120,83.321373
470.366436,191.963135,102.963470,81.562141
469.633865,178.768501,102.456291,80.980339
467.774521,167.247044,101.711052,80.800537
465.054287,155.689217,101.526398,80.440636
464.965710,150.113720,100.630859,81.619888
465.296024,149.820629,100.199356,81.893234
463.153206,154.286549,98.223366,80.633698
463.283665,161.505085,98.322220,80.021454
464.733208,169.616814,98.314857,80.384666
468.213169,179.995960,96.717728,79.684784
471.998489,188.257313,95.851646,78.866669
471.705727,188.207531,96.477303,78.660049
475.358868,197.486668,95.753571,78.758484
480.484474,207.043343,94.524788,78.442131
487.920761,214.380905,93.980247,75.820076
495.018394,219.737072,93.199715,75.985641
501.689743,225.239357,92.810295,74.930443
501.887852,225.612309,92.149307,74.397797
509.862358,228.371693,92.045174,74.105377
520.333698,232.799435,90.489548,73.069565
528.981239,237.053814,90.100044,72.588913
538.479969,240.616657,89.032272,71.707458
548.279850,243.485317,88.826096,70.734604
548.589100,243.972599,88.772171,69.893280
555.115070,245.111660,88.047928,68.999069
562.533688,244.164185,88.010376,68.353645
568.398140,242.531963,85.773720,67.506607
572.000931,239.895340,84.388145,66.016182
573.349483,238.861797,83.783752,64.140915
572.272850,240.078186,84.476845,63.556648
568.524349,234.509090,83.843292,64.274704
568.214546,227.533382,82.439888,61.304428
570.744148,228.058470,81.593025,60.594524
576.127163,231.129843,80.764557,59.490566
585.496078,239.730127,80.366814,58.931629
587.007069,239.654085,78.645889,58.634678
597.111221,249.887878,78.328636,58.709480
608.642502,261.468821,77.587456,56.726948
622.838322,271.465763,75.062241,56.574341
635.002686,281.984644,73.520866,56.087299
646.480255,291.575491,72.512718,56.390926
646.539730,292.174488,73.265411,55.970062
656.386108,298.576061,72.013420,56.628616
663.701866,303.944017,70.894325,55.776493
669.252838,305.273806,68.780510,55.944279
673.546703,302.340010,67.371094,56.528759
672.642025,298.019371,65.224396,56.743553
672.852924,298.050962,65.028244,56.346111
674.383568,292.681833,63.453346,56.328205
676.778378,287.821388,61.044312,56.107841
678.954300,285.328320,58.487846,55.169113
675.476654,281.731407,57.866508,56.036766
674.504396,282.360357,57.695850,54.566494
674.438478,282.223011,57.316883,54.506775
676.156485,284.295795,56.336529,53.383911
676.755922,288.491882,55.681232,53.361794
680.237747,292.199322,55.247032,54.327408
680.951414,298.791870,54.804501,54.757607
685.464277,306.557127,54.090816,54.285351
684.772949,306.290936,54.460838,55.370377
692.140194,317.550859,53.501038,53.341557
697.883957,331.547998,52.923882,56.788807
704.006832,343.780666,51.517578,60.559708
708.102823,354.678795,50.799503,64.043938
710.554897,369.426994,50.323334,65.685692
711.404781,371.135696,49.777924,64.859200
714.353182,383.733696,49.622761,66.256004
716.162794,396.104244,48.765469,65.323227
715.053154,397.210686,47.778816,64.899193
709.533159,391.896038,46.540943,64.477676
702.230808,375.504253,44.991409,64.713974
701.990225,375.596928,45.966930,64.908936
696.293520,358.321121,44.383533,65.330864
691.557100,343.145622,44.530903,66.933296
687.698776,325.276299,42.435265,65.802925
687.227228,307.823555,41.715244,66.360786
686.067913,292.614288,41.978271,66.976036
685.892475,292.562626,42.493301,67.064194
684.455990,280.821705,40.907349,66.275238
683.346853,273.724087,39.787823,65.769348
680.451660,270.005985,39.619896,66.040863
679.149067,272.938091,40.270981,65.085770
683.794304,284.793186,38.745033,65.060699
683.598684,284.558308,38.560070,65.479309
692.049786,299.227432,38.182648,64.586830
701.026264,315.634859,37.833908,63.734165
707.289352,327.733044,36.270683,63.236313
711.186481,337.241451,37.011154,63.127823
705.465612,346.084526,37.474545,63.297905
706.549465,346.599529,36.951294,62.547821
697.997604,353.054527,37.099022,61.259087
691.552330,353.688082,37.535545,60.632099
682.853645,356.460737,37.876793,59.035595
671.306839,360.692934,39.462196,56.802601
654.667526,360.232393,39.285713,57.314060
655.290127,360.748096,39.555542,57.208542
636.665339,361.404648,40.549992,56.219734
623.141035,359.886795,41.760601,55.552574
611.357288,357.160913,43.196854,55.292286
604.408350,355.613306,43.565617,55.111439
593.854822,358.589451,44.829197,53.503342
594.059017,358.815779,44.841019,52.728786
589.074942,368.669561,45.738811,53.082836
590.996613,379.734037,46.515755,52.055752
594.371122,393.270514,48.122768,51.924267
603.972837,405.780451,49.364162,50.465031
610.563225,415.310823,50.570412,48.541340
610.427023,415.108112,50.331112,48.342178
619.105022,422.818302,51.422379,48.091812
626.267561,429.948458,52.110546,47.782490
629.921745,438.147837,51.551353,46.524448
632.266479,448.183931,51.964134,44.068317
635.755112,455.614006,52.375450,43.939461
635.673378,455.774748,52.599342,42.381588
640.285213,462.221525,53.890381,39.710354
646.379427,461.873909,53.766102,39.917412
652.730762,462.174110,53.954239,37.082527
657.626842,460.938808,53.916580,34.471115
659.671663,459.038284,54.028645,34.921867
659.714994,458.693365,54.432980,35.022961
663.272121,454.750978,54.443024,34.191578
668.238768,451.215519,53.378582,34.312515
673.750511,445.032166,53.117485,38.103355
677.421648,441.983664,51.924809,37.779827
677.341770,443.034491,51.296738,37.730495
676.805895,442.700329,51.441959,38.353088
673.747850,443.882524,50.817890,39.885334
670.452337,448.074337,49.180782,37.418671
664.401178,451.648443,48.899433,38.295666
660.793369,455.824732,46.373260,37.455250
657.698906,460.174496,45.651817,36.740982
657.245331,459.574369,45.409462,37.494457
654.635860,464.900339,43.678787,37.106876
650.497494,472.217751,43.197693,37.665977
649.028645,476.319090,40.458679,36.091671
649.170496,478.450996,38.842030,35.839516
652.162161,476.827091,37.168530,36.618668
651.943064,476.357346,37.608662,36.510887
655.148289,474.491352,34.663010,36.846024
657.332918,472.633322,33.875996,38.795513
658.711672,470.088999,32.259388,38.690281
660.565183,468.428661,30.071959,39.396393
663.500088,468.212807,26.555298,41.068718
663.353329,468.427826,26.642059,40.539024
669.169055,471.130178,23.179399,39.728756
672.228274,473.710041,21.453600,38.905945
676.218479,479.429741,20.006470,37.115776
678.399912,483.630316,19.794956,36.794079
679.916912,479.222828,19.738373,42.120285
680.120787,479.291859,21.074917,42.430191
678.193645,479.515287,19.907351,44.035946
673.629115,481.224203,21.025316,45.248058
668.651763,483.678410,20.405512,43.721146
663.743317,484.044537,21.725517,43.182205
659.426724,482.737032,21.661085,43.556110
660.153162,482.583632,21.199299,43.613735
656.389532,481.610086,22.097454,43.260578
652.193820,480.004126,22.982042,42.938854
649.504176,480.359055,22.576281,43.501274
647.202404,482.338512,23.656265,44.035812
643.729995,486.599360,24.811869,41.791691
644.253122,487.495691,24.313725,40.486301
642.748214,488.753941,24.744608,42.148270
641.810358,489.676844,25.663807,40.720966
637.880725,484.938616,26.296831,39.350040
633.370402,479.227402,28.336428,39.635765
631.283428,472.899143,28.357956,39.775894
631.796737,472.816931,28.594263,39.119640
631.865977,470.341387,29.382189,39.079502
631.720307,468.076832,31.033957,39.482239
634.097260,466.839045,32.113472,38.879948
633.307554,466.109562,33.236996,39.286484
634.791861,465.329937,34.323620,40.047928
634.502949,464.679792,34.326874,41.104748
636.135752,466.145954,35.141117,39.977478
635.489620,468.126040,36.580734,38.702305
636.765835,467.395702,36.139496,38.447495
634.359865,467.843107,38.002064,39.293407
629.253914,472.169601,39.267021,37.045341
628.784483,470.938009,39.509701,38.724316
621.008081,475.555300,40.351521,36.988636
612.780605,482.555603,40.195862,36.534203
599.920502,490.740540,42.156166,37.818993
587.690886,499.037645,42.589184,38.848820
575.631329,508.498245,42.438705,36.742729
575.473343,507.514177,41.423805,37.559483
560.873201,517.366663,45.012043,36.084156
546.454748,523.886810,44.442989,38.414345
531.884951,530.700788,45.411182,36.690121
517.388788,535.747011,44.860966,38.958134
501.011723,544.894739,44.731873,38.259190
500.546129,544.014004,45.319798,38.417435
485.730286,551.577810,46.185219,36.834423
473.299318,558.564415,47.426029,36.077553
461.563499,560.091291,49.123253,36.694408
450.914469,561.020473,47.099186,37.036835
440.484705,560.200245,48.509251,37.786484
440.533857,559.474701,48.389065,37.997658
430.957991,559.615314,49.058529,37.823792
423.774189,555.719631,47.823227,36.314789
421.022619,551.388599,49.919781,35.077393
424.024694,542.837589,48.558865,34.572876
424.395103,530.696962,49.953041,36.373280
425.201303,532.954512,49.652134,34.581615
427.450235,521.406389,51.375385,36.175343
432.666311,508.426680,51.184307,35.604595
437.410822,495.525309,51.594868,33.979908
442.361984,479.647448,51.274681,36.024174
447.954887,465.735970,49.148705,35.942268
447.367851,465.651608,49.853615,35.926819
450.910011,452.035658,52.380608,34.994320
455.702135,440.668743,51.231495,35.828232
459.544157,431.813356,52.597286,32.873981
464.970789,419.857727,52.844028,34.678535
463.793779,410.385979,53.387791,34.705742
464.422840,411.388638,52.850906,34.144745
462.928429,402.251852,51.209450,35.844906
458.479130,394.581781,52.803940,36.292850
456.177036,390.490255,55.722931,34.373013
451.863085,385.073641,52.321064,34.117054
448.415136,379.933331,53.066067,35.503479
448.185984,380.362005,53.673252,34.357220
441.609118,378.423946,53.316944,35.161530
439.394518,376.162191,52.660374,34.937191
435.595991,376.776577,53.524349,35.216690
431.821033,377.731155,51.251877,36.920006
427.906065,380.652470,53.743633,35.682739
427.342562,379.611725,53.615665,36.674690
428.573019,384.903971,53.248241,35.790913
429.336617,391.738249,52.942284,36.472164
434.454554,396.434891,52.053944,36.166206
437.475731,399.603630,52.977440,34.757500
441.309967,398.158627,52.849571,35.433746
440.764254,397.788237,53.911976,35.903500
443.273203,393.615993,52.365604,35.939240
446.407820,387.626114,52.065365,36.873741
448.819601,381.661757,53.221920,34.540218
451.542334,370.838472,52.383144,36.894871
454.465584,363.300419,52.112556,34.362091
453.923468,362.884045,52.203304,35.041061
456.754482,354.042027,52.048965,35.517059
458.085567,347.757299,52.309174,36.090221
460.399351,342.354816,52.066189,33.904541
464.215166,338.369524,49.464130,34.985966
467.889854,338.686041,51.649391,34.912777
468.290836,338.562595,51.755188,34.537415
473.457188,339.235683,52.186584,34.946045
479.752928,342.162859,48.801891,35.328739
486.657637,345.272194,49.197186,36.442513
492.074001,350.121378,48.774948,35.563084
495.826841,354.176064,48.405590,35.696602
495.325144,355.221441,49.177784,34.691051
497.512394,356.536985,49.425995,35.466030
499.456497,356.979263,48.868034,35.582527
499.106613,358.535683,49.909569,35.691704
499.929411,360.747999,48.988750,36.245693
500.312078,366.469477,48.990643,35.092838
500.164764,366.603346,48.706123,34.363110
501.099586,372.029943,48.071678,35.774197
499.753939,381.191168,47.370487,34.614880
499.336340,389.055452,47.654675,34.588764
500.624538,399.312010,47.411362,34.224483
502.491514,409.622383,47.160549,33.868965
502.456789,407.753178,47.523106,34.836044
504.438578,416.002363,46.847187,33.714779
502.527784,418.808887,46.934521,34.642807
501.608353,413.784225,48.741478,34.069786
503.300478,399.119299,45.700123,32.931530
504.439402,381.683895,45.963413,33.861633
504.547451,382.327116,45.991806,33.125240
505.947443,365.341726,45.908649,34.449139
512.518377,348.845566,44.209270,33.642815
518.049810,334.150139,43.748074,34.234367
527.561163,320.567755,43.961849,35.192806
538.556461,313.624048,44.782669,35.844303
539.103449,313.779087,44.289921,36.444214
551.301081,311.854202,43.960285,35.812340
567.313053,313.568254,42.662598,35.264240
581.786053,315.456562,43.898926,35.923019
598.434772,315.809517,42.784561,36.445503
613.113461,315.788414,43.478943,36.952354
614.137711,315.527328,42.916084,36.419701
625.556990,314.091276,44.230114,37.082928
637.093554,311.279116,44.231281,35.376545
647.674810,303.973358,41.634609,35.802940
647.966238,298.146645,41.450451,36.192360
636.038614,294.739260,42.572895,34.354115
636.814478,294.512756,42.725559,34.502571
625.395084,292.354153,42.521149,35.988358
613.029663,296.876707,43.194496,36.680355
602.801090,302.429983,42.559525,37.082424
591.489220,311.710171,42.873405,38.323517
579.159389,319.292604,44.287750,37.051136
578.785400,319.499880,44.035027,36.542713
568.333393,319.996504,43.085724,37.997387
557.629345,319.452997,42.379105,37.884418
546.237284,318.636770,42.627796,37.136059
536.014776,316.886065,41.031002,37.038593
524.956503,315.731007,41.121105,36.292007
524.221218,315.508875,41.272018,36.862904
514.443600,314.786301,41.969955,36.934807
505.826996,313.505899,41.988564,38.206333
498.632671,314.359810,43.222733,37.822533
491.696987,316.565010,40.534058,38.176567
488.531796,320.526337,40.781433,38.721718
488.563765,319.949207,40.169521,39.877411
486.560028,324.899206,40.181145,37.680080
489.184933,330.637100,39.926636,37.906792
493.947571,335.578640,40.984764,38.670242
501.821054,339.802746,40.393894,39.711960
508.178684,345.152241,39.654190,38.741348
508.629948,344.054676,40.885742,39.622864
516.230566,349.639223,41.110943,39.407413
524.996132,351.747507,40.264076,40.683277
531.557026,353.074615,40.050934,42.688271
540.811295,358.507647,39.122444,40.058323
548.902626,359.880009,41.218803,39.767410
548.693190,360.477266,40.286251,39.830448
557.289465,359.914152,39.607143,40.336376
563.872541,359.700653,38.963665,40.661507
571.627089,360.131861,37.211727,40.466328
579.165253,359.395975,36.867851,41.161808
587.634815,359.589787,36.945679,41.747772
587.094524,359.132389,36.947220,41.517761
596.210392,359.205963,38.548065,41.329338
605.243202,358.489780,39.077675,41.434433
612.310680,356.226521,36.415207,42.271225
618.351072,351.121086,36.757854,42.863686
623.860312,348.443970,36.735561,42.653755
624.075060,348.191769,36.009556,42.650772
627.000423,343.728519,36.918198,43.276871
629.664692,343.128565,36.709473,43.265858
632.701384,341.640282,35.606518,42.701912
636.746431,343.902964,35.154743,43.025959
641.643015,344.886137,35.345798,43.735348
641.552082,344.931625,35.068237,43.595070
646.748798,347.165125,33.927078,43.853001
649.738415,351.806116,35.830322,44.703663
652.061277,357.571299,34.418316,43.993732
653.465984,362.933405,34.189606,45.363346
654.639263,367.606091,33.143463,46.100281
654.501993,367.434620,33.938908,46.108917
654.252832,373.169485,33.480381,45.610775
649.983196,376.043764,33.473160,46.328632
645.572868,378.338514,31.988823,46.685635
638.758614,379.463530,32.629662,46.692379
630.080046,381.113989,33.167675,46.729870
630.249687,380.518341,33.017647,46.957741
619.182644,383.098516,29.938583,46.569363
603.749759,381.843390,31.403322,46.430538
591.444334,382.596470,30.583416,45.909683
579.098043,381.485018,33.273067,47.574665
567.394670,382.826218,32.393055,47.294975
566.742207,383.634739,29.905334,47.236145
553.805716,383.452793,30.911755,47.383392
544.389105,383.103699,30.018780,48.335121
535.350464,385.729868,31.297997,46.944675
528.746510,387.698593,31.907547,48.939613
526.493641,391.010481,29.832611,46.212536
526.729210,390.850067,31.009361,46.490837
523.071772,390.779118,31.989506,48.236649
520.426363,392.706665,33.045887,48.535927
520.941530,393.475243,32.119541,47.953865
516.802299,393.305841,31.882441,47.516178
513.608789,390.346554,33.811756,50.295135
514.012007,391.705614,32.977139,49.060307
511.193862,393.228666,31.564783,47.553616
508.533558,392.530365,33.452911,50.020103
508.816343,393.098671,32.042370,47.406990
509.397917,390.225456,34.195721,49.129326
510.227827,384.340160,33.323681,45.024170
512.478946,389.777750,30.974367,40.429585
512.489769,379.038164,35.432213,48.362385
516.430376,376.264252,34.571705,44.627007
520.444202,366.146433,34.990921,45.156452
522.667873,359.197395,37.677811,47.750725
523.667351,352.091415,38.862099,48.457771
525.632467,355.417625,33.525097,44.343529
526.011705,352.975811,38.007664,45.792694
527.540089,352.511101,39.929749,47.580711
527.325064,355.849136,40.472195,47.963646
527.131947,366.309830,38.641983,45.159462
522.753180,371.583916,42.317196,48.821953
525.632408,373.929802,36.708717,43.292778
525.274826,385.439716,29.146324,30.567398
521.080812,390.947662,35.054386,35.060356
517.480228,393.882978,42.753525,46.536022
517.019444,394.045532,47.734711,51.010201
522.121796,392.276880,46.325981,51.187366
524.234100,394.113260,42.659477,48.273640
525.604914,387.664366,45.750904,49.570827
530.372442,379.358480,45.432796,50.414639
536.034269,373.488430,46.882397,49.221619
542.083229,363.845272,48.560783,50.360016
549.493555,355.503397,50.794209,52.505192
553.990355,357.992615,45.918133,49.648949
557.955605,347.803970,50.317131,51.531990
564.560555,339.051790,53.103752,52.874668
572.957399,332.748899,52.271641,50.689831
579.960028,324.534273,53.347866,50.612339
583.750319,314.598421,55.206188,54.379627
584.975567,314.452686,55.418686,55.375717
591.355503,312.523371,55.994568,55.067936
599.013527,311.839102,55.865654,55.154858
602.295080,308.853085,58.477291,55.949951
608.236757,303.046776,59.318180,56.440834
613.071478,298.465612,58.249142,55.023174
613.162222,298.089291,58.882290,55.605530
616.458162,293.604082,60.428745,56.049427
617.209234,287.921394,59.972836,55.590767
615.648748,282.087713,60.711758,55.890972
613.164782,279.238008,61.335484,56.010670
609.785509,282.835571,62.649845,56.419731
609.853832,282.583563,63.140884,57.753094
608.151003,288.791956,63.968327,56.253513
602.774529,298.305969,65.231224,55.843224
599.654453,310.874321,64.766296,54.348793
587.677910,319.158876,68.259361,55.480793
578.769352,327.883453,68.853149,53.718254
577.857082,328.493298,71.481888,54.379822
570.859959,334.433697,70.979614,50.338745
563.142155,332.418346,73.372040,49.417999
557.955650,325.831158,74.399162,47.740051
552.681477,318.196796,80.322479,46.734085
554.097610,313.780378,79.269417,45.154232
553.589741,313.939533,79.388702,44.995224
555.427311,314.072010,79.503418,43.582321
557.749691,319.182980,87.421432,40.804962
565.346096,328.520445,91.623581,40.052151
586.758820,337.454140,88.062080,38.298378
592.001198,343.893969,97.499260,38.311634
591.350609,343.599525,97.516106,38.252480
601.658146,350.795794,98.798981,36.373951
611.358181,358.327234,98.324905,34.689915
617.178223,359.950130,95.243172,36.671204
621.833534,359.425179,94.331749,37.211372
626.896484,358.487585,94.146828,33.750103
624.914692,359.185444,94.435944,34.259537
633.198654,354.235987,93.596413,34.488621
639.357918,352.347849,89.290245,33.987644
632.897800,359.555390,85.482483,31.315145
623.875526,365.947403,85.375298,30.229790
621.501949,373.911678,76.069534,27.024475
615.720787,374.361176,73.395699,27.723305
605.092552,381.031906,77.317024,26.886421
589.277584,383.731176,77.021393,26.800747
582.586964,384.396207,75.168167,25.625669
583.161766,383.452283,65.832344,23.673887
575.497004,377.878112,59.761265,23.774958
568.791416,377.505591,69.614182,24.603373
575.334995,372.515782,57.083130,22.334898
566.742443,366.196351,65.964218,21.858145
554.523384,353.211602,69.204185,28.738272
550.160065,347.050691,72.269890,29.841940
553.077351,354.728041,67.294357,24.922146
554.102558,353.799906,67.865784,25.204258
542.495125,358.526434,81.670616,25.828518
546.098125,364.466215,75.662933,28.179913
546.068405,372.963038,76.592720,26.441332
554.203384,380.587120,69.253914,24.085350
552.399334,383.796528,72.363251,24.856506
549.864788,383.236260,78.182053,25.924673
553.911961,386.096441,75.591568,27.671261
552.859337,389.893701,81.886620,28.068060
558.973629,391.116086,80.581131,30.208311
560.351273,393.544147,81.517403,29.318911
562.647243,393.403728,82.788269,30.128527
563.429977,394.040448,82.810555,30.223310
568.418842,388.864126,80.691467,34.647457
570.769245,387.280285,82.969482,32.641037
570.124073,384.474300,86.541901,34.944809
570.541527,383.438669,86.069786,37.597828
568.341679,380.047159,92.287109,40.627399
568.855305,380.466778,90.358826,40.136215
569.398720,378.937468,91.191002,43.604595
570.190464,376.275671,90.597076,48.614040
569.462914,370.499697,91.006950,57.844120
567.584530,365.804138,93.130508,64.582008
566.398819,360.880772,94.188118,71.907928
566.554573,360.453823,94.041924,72.264969
566.187309,356.982922,93.823631,80.555588
565.399689,354.537350,95.043098,89.031448
565.815853,354.076962,93.901871,95.958237
562.184891,354.171326,95.496651,101.874977
561.700893,355.075661,95.894241,109.141838
561.333324,355.433857,95.199387,108.159027
559.997246,355.441914,97.504051,113.947052
558.010605,356.751923,97.389015,117.762886
556.927753,356.640881,97.891083,120.936142
556.055309,351.854439,100.847946,124.840508
555.401222,347.308270,105.106133,124.958786
554.932625,346.238010,105.286674,118.843750
554.823109,337.528046,108.597321,122.385078
553.728321,322.574543,116.734894,108.645172
558.374966,310.465397,119.756912,115.772278
562.203362,299.333881,126.068748,114.661224
568.795216,292.537285,132.873444,105.133934
567.161922,291.888035,134.625259,104.526245
573.175976,297.248535,143.570786,87.202400
573.051022,291.383846,154.694717,87.709427
574.295338,303.454113,164.028900,79.871445
576.183102,314.137810,173.374100,76.038414
576.860050,319.043594,181.178528,74.729591
576.238255,320.219112,182.927612,74.360977
575.760754,323.998947,189.331345,74.164772
579.213551,327.457340,196.554474,75.791504
586.240513,332.731861,202.996826,78.726593
593.334591,335.008484,207.542801,82.351753
601.411678,331.210850,214.837296,92.355164
600.468746,330.725220,217.315323,92.260872
608.506855,318.491734,219.400116,105.913391
616.708492,306.710667,225.761734,125.876465
618.698231,293.519955,231.878448,146.341995
623.870670,284.249378,239.191040,165.155487
628.266529,277.385426,247.270538,181.750336
628.619976,279.876041,246.941696,179.110535
623.893856,276.220959,252.121964,195.832443
620.683811,276.932552,259.938904,205.900833
617.924046,282.555676,267.297058,207.207809
606.061466,288.971760,276.248535,204.504547
578.275074,299.929745,294.663727,199.528763
592.231754,302.226543,279.924927,197.975815
563.910328,315.163761,306.063263,186.257751
546.606174,334.386257,312.508606,159.806290
543.056141,349.098042,324.106232,133.595490
556.134113,349.755695,326.987274,106.313812
569.335163,331.785450,327.834198,92.864349
569.055332,331.044853,326.407959,93.516869
592.901218,306.303627,327.966003,86.336906
612.631916,272.665379,334.112823,89.722534
638.000431,237.306744,331.798584,93.172714
659.869511,190.922085,330.585022,110.810806
664.244022,143.379757,338.851318,131.213089
665.219639,141.926029,336.702820,134.379333
670.794651,90.918720,333.569031,162.316864
672.874470,50.704929,327.829071,179.830261
683.123569,17.058529,320.722961,199.887955
693.540943,22.766872,315.204865,211.058914
706.768848,27.133663,303.984039,218.245499
705.757511,28.540836,301.603394,216.560181
707.139500,43.946804,289.532898,221.952591
704.665379,65.467617,280.315857,220.130692
707.890736,83.238964,264.988068,215.901840
703.131092,104.027981,254.835724,210.596146
696.687336,123.014645,239.951019,204.575943
695.791294,121.225582,238.878601,206.122818
681.959782,129.766354,223.592773,197.584488
667.213017,144.793987,214.184509,193.977097
664.088360,148.827663,203.664841,189.786819
670.776188,163.132053,186.832947,187.152161
661.067097,184.260494,178.962311,184.695633
662.070171,184.016804,175.356491,183.100800
640.074879,211.106464,165.412933,177.722992
620.666462,242.903355,154.780304,168.866394
598.597340,270.013927,141.336700,167.966537
584.591755,308.393574,132.795807,164.159637
577.164082,342.605297,119.448090,160.652084
578.248764,343.889515,118.858498,158.449005
563.017632,374.137592,108.732689,155.472565
551.045708,405.561977,100.775352,150.976761
551.741219,428.894833,92.320244,144.726883
556.044014,446.396389,81.350639,140.596329
553.985363,459.167934,71.561386,134.545242
554.545864,459.097214,73.135513,106.458870
549.026472,469.477184,63.704296,105.411697
550.272961,466.033356,58.271866,118.758736
545.925589,471.847752,50.331478,106.468781
539.243067,459.122765,44.975330,114.829094
531.758215,448.091125,42.201809,117.341591
531.426435,452.334217,43.019604,106.816864
531.334898,449.793140,39.293346,117.140228
542.043173,450.736546,37.431026,115.216675
539.990156,451.080986,36.264660,111.710686
529.702374,453.286270,37.110580,109.644844
526.890856,456.195122,35.750370,106.867851
526.540091,455.920017,36.138363,107.700439
524.097471,458.338531,35.986462,105.484474
515.290001,461.813282,38.184868,101.346680
502.382973,463.843990,39.832085,100.793015
486.899515,467.825050,41.637867,97.829674
485.294504,471.890568,43.075184,96.704865
485.446413,472.742359,43.679630,95.600983
480.925447,476.587280,45.589146,95.388466
472.502390,483.873371,47.455036,91.373535
469.041216,487.929840,49.992588,89.932228
466.324518,490.858192,51.744923,86.623833
459.731623,490.694405,54.259418,85.081108
459.821661,491.318443,54.051174,85.205467
458.687590,491.618404,55.463757,82.596054
456.847090,489.371735,58.371868,81.799538
450.544828,487.806503,59.686443,77.606270
445.458292,487.325893,60.855396,77.067551
450.131899,488.292530,62.304050,74.783844
450.775967,486.421440,61.417587,75.858696
453.423063,485.824013,63.295238,74.355980
454.972866,483.013023,64.351974,73.374596
454.044865,478.980209,65.114288,72.424355
451.192123,472.454391,65.839180,71.194679
449.407085,464.063358,67.129715,71.269867
449.922108,463.513626,66.945801,71.438728
449.821995,457.578644,67.943665,69.047340
448.880924,448.989418,68.719574,68.963249
448.871525,442.727135,69.353424,67.510246
450.361862,436.122810,71.143745,66.445763
452.513962,428.644859,70.955025,65.143028
452.328926,427.967663,70.815117,66.050583
453.692047,419.697039,70.823616,63.625126
451.190891,409.436764,72.608490,64.302536
449.141106,401.509953,72.603661,63.239288
446.469181,393.658674,72.893829,62.874493
444.159111,386.868258,72.801567,62.431583
443.872471,388.574837,73.010010,61.373039
438.450294,380.608860,74.029961,61.348907
433.952560,372.739189,73.862007,60.074303
427.950966,365.237654,75.128807,59.690228
423.614422,357.996927,74.941177,58.979939
419.560871,358.039043,76.682404,57.860947
419.891853,358.876097,75.860802,57.201977
417.146519,356.855787,76.867462,58.067974
416.729702,357.790766,76.454971,56.406178
415.360603,358.066113,77.008995,56.133469
412.994507,357.269222,77.271309,56.649368
410.047188,359.510519,78.181755,56.778439
410.415359,359.372513,77.726295,56.242043
412.733376,360.545715,77.782341,55.375587
418.644333,358.676376,77.356972,56.547401
421.999302,354.911959,81.323334,56.468174
431.715290,349.321527,77.439697,54.666828
433.404427,341.694633,79.833794,53.590752
433.710724,342.514139,78.482521,54.084034
434.780350,333.578083,80.777046,51.524414
439.242210,323.873196,81.419487,53.153641
444.047623,317.195810,80.955360,52.039356
447.735233,311.364330,80.210022,51.867844
449.174976,308.196754,79.458984,50.761955
448.324581,308.911848,79.943436,50.863110
451.192047,305.003851,79.233284,49.919338
456.064930,304.337929,80.151001,48.128624
458.008682,304.029778,80.626381,47.852409
462.271027,306.928135,80.072426,47.525360
467.688068,310.105963,82.171234,46.526150
466.990742,309.401031,81.953979,47.864021
472.075844,315.174004,81.173820,45.510033
472.331852,318.795311,82.103241,46.050499
472.440735,320.414114,80.867958,43.511257
464.605045,318.692602,80.250793,43.463100
457.714767,318.045214,80.416481,42.360600
458.096596,318.232178,79.411095,42.037514
456.341915,315.596336,79.279221,42.007866
449.554096,311.907059,79.955505,42.413094
447.134258,308.349394,78.282028,43.370525
446.623558,303.899023,77.852257,44.152157
445.361252,301.879009,77.627846,44.368973
445.397820,301.978333,78.256859,43.702187
444.910088,301.468132,76.989555,44.079582
446.895824,305.352905,76.635788,45.893471
449.551193,314.448687,76.588509,46.852787
457.361706,328.816820,75.682724,47.067173
467.156704,338.570868,75.770981,49.138302
466.243816,339.507240,75.243820,49.577904
476.494652,349.758675,74.140953,46.246666
487.686104,353.054111,73.867027,48.326324
498.969070,351.642834,74.870796,48.149063
509.462723,338.618263,73.818977,49.278099
513.348953,319.022598,75.697090,50.644447
513.082886,319.909752,73.910622,50.134239
506.955505,295.573219,75.329872,50.639763
502.224899,271.140003,75.957558,53.729370
497.272160,247.390722,77.667114,55.759212
488.402184,226.028584,78.739525,59.320618
476.065762,206.374348,82.190384,62.394989
475.565010,207.304649,83.773674,61.558800
473.083187,195.437191,85.354080,66.357437
471.192112,183.688740,86.988068,69.093079
473.039211,176.687313,86.287552,71.103256
478.572262,177.737080,88.101334,73.542633
487.717224,175.081741,87.542946,74.700386
487.763073,174.926105,87.046982,74.834473
498.186726,171.731419,87.399109,76.381989
509.220940,175.139362,86.598045,78.028290
521.111038,182.808773,84.263374,78.224991
535.711075,201.207821,82.462044,80.390305
547.885860,221.738155,82.085739,81.841049
549.790188,221.182312,79.411942,81.967873
556.736229,237.225582,79.671562,85.030319
568.182076,250.964203,78.372124,85.286385
585.614788,265.721046,76.896652,89.819359
607.606834,279.039726,76.043175,91.232201
626.413597,288.235607,75.360924,94.588608
626.460510,288.653130,74.144936,94.257927
646.949997,291.669350,72.807411,95.433403
663.392044,295.167767,70.202553,96.267715
675.007431,296.140465,69.285622,98.549004
686.377666,297.093212,68.807785,100.816666
692.600010,298.097687,65.233612,103.689369
692.599415,296.854046,65.525360,104.517136
701.302971,302.537827,63.929955,107.376076
714.227692,308.304020,64.811531,108.107056
729.717609,316.191021,61.989502,110.190933
741.016344,323.542686,58.714390,112.336296
751.410601,329.343739,58.090733,112.883728
751.172941,328.630508,59.527843,112.973488
756.228458,329.563530,57.396912,114.899071
758.893131,327.579060,55.525482,116.236786
756.749714,319.295830,56.960266,118.500542
753.634674,310.123375,58.933754,115.829613
745.927502,301.000187,62.813400,121.893463
747.930040,301.510017,60.799412,120.242790
738.601879,296.624699,64.923141,123.184082
734.479576,300.586578,68.889427,123.438362
733.620087,306.254112,70.591103,124.882011
720.327518,322.991634,72.599274,125.319382
707.018562,350.284306,76.824364,124.329193
706.255569,348.505119,77.029335,125.900993
698.628391,373.779953,79.773926,127.529610
689.914272,396.180019,81.803146,125.828232
674.813534,417.249386,82.193314,122.353195
654.991669,431.649666,84.488808,121.305565
641.268921,424.181007,87.108253,118.637047
642.144112,425.311588,87.209160,116.868561
632.533020,402.888401,86.429176,117.480408
623.360218,387.783215,87.304840,112.986740
617.293510,368.861584,85.089287,111.768692
610.847435,347.889805,84.349937,111.311493
606.649754,335.204460,85.102448,109.710655
607.604927,336.218739,83.468193,108.693787
605.882988,325.552872,82.337425,107.311165
602.957817,319.491661,83.567802,106.614708
600.913738,317.121841,79.017685,106.988594
592.446976,317.191399,80.042610,103.651146
584.802834,318.128647,80.427452,101.121254
584.279942,318.245163,79.121460,99.806984
575.055584,317.553875,78.460159,99.058029
568.181885,317.306641,73.574409,97.759041
563.680141,317.158783,70.700363,95.608253
560.810608,311.729992,64.502754,93.240982
557.452192,297.566257,62.543407,92.400238
557.316191,297.331768,63.096111,92.037216
555.428551,293.673313,58.357262,90.842834
559.821882,291.941689,52.620342,90.281364
559.241308,293.097336,48.952908,86.973763
558.398298,294.476765,45.226269,86.321960
555.720465,299.971355,48.260250,86.497543
557.451180,301.161110,47.187279,85.610313
553.992451,310.488201,48.109924,84.371841
551.447311,321.384819,49.247414,86.970543
548.352650,335.092850,48.318665,85.087013
544.812519,343.523701,47.637512,86.121246
538.691925,348.288837,48.076759,84.777100
538.511576,347.983746,48.835011,84.546890
532.470482,340.655621,50.411156,86.730392
526.494862,336.048645,51.127991,85.584816
521.473444,337.128876,53.378345,85.143715
517.772095,337.133747,55.402809,85.655273
514.572607,332.420155,58.277431,84.601532
513.761772,332.161617,58.326530,84.536453
514.626554,331.238338,60.481640,85.183334
530.932907,336.493408,61.130684,82.797218
545.233829,342.787830,62.950043,82.713074
554.214931,350.868393,65.948502,80.849922
560.546028,353.761490,66.791832,80.765572
561.650326,353.748997,65.308701,81.058594
571.082977,357.425903,66.725838,78.358437
582.909775,359.315891,67.955635,77.773438
594.365028,363.247921,67.592461,76.452957
608.235958,367.292736,66.068192,74.555893
617.801685,370.635944,65.703979,74.194275
617.406879,370.127998,64.899506,74.080040
628.828764,376.697086,63.724377,72.618774
639.661657,378.898014,61.207882,71.990662
650.885393,376.335400,55.648289,72.228622
658.360453,363.087997,51.041859,73.426613
651.923573,346.001572,49.919128,72.857796
651.511715,346.174618,50.632339,72.878189
647.005291,323.724815,47.396439,74.306694
635.473667,311.608593,47.526215,71.576614
623.598610,297.850510,46.104088,71.410347
615.650227,281.010139,44.008514,75.578453
610.810970,263.197392,42.162399,76.007767
609.676439,263.669247,42.085087,75.913605
607.885477,246.416618,40.102528,75.922493
605.256569,234.378532,40.870049,74.530403
603.338911,224.008663,40.591015,74.003845
603.020803,217.923695,43.388790,73.488052
602.096128,217.625927,45.604656,71.167542
602.449476,216.990227,45.479229,71.353493
601.077116,219.233612,48.703106,68.338066
600.137560,220.729790,52.224583,65.606300
599.207157,223.093390,54.576538,61.804821
598.690105,227.575535,56.118088,60.464249
602.406246,236.058767,52.851395,54.061535
602.913666,236.226200,50.376472,53.361160
606.431656,249.048098,54.320747,55.106007
606.499260,266.466162,59.124413,57.169598
612.039293,286.724934,60.776035,53.363541
618.699701,305.274174,60.430714,52.515091
623.112146,319.760538,59.213947,52.088810
622.703793,319.910074,60.100449,51.870274
627.769699,333.127537,57.840950,50.072556
630.795269,344.294342,56.507004,49.028465
632.630667,357.562950,55.771603,47.338509
635.597719,371.442589,53.658573,49.199501
637.017128,384.078074,53.637993,46.005894
637.487663,383.946680,53.320274,46.047764
637.328371,396.204350,51.768772,45.340347
633.844475,408.187389,51.192482,44.755432
631.250380,419.807850,51.085644,43.875076
625.340622,432.132141,45.985069,43.067192
618.005699,435.281878,46.222618,43.070118
618.190741,435.350243,46.242702,42.906288
610.772720,433.902328,50.445702,42.794121
602.421005,430.868626,51.337898,41.343094
594.158154,425.677536,52.477371,41.177620
587.954880,426.522484,52.209694,40.246605
581.786877,429.545422,51.207901,39.904510
580.594122,430.453960,51.945614,38.907471
575.257957,432.257866,49.934685,40.270866
570.012493,434.760859,50.567780,40.073811
565.536974,443.388243,50.293430,40.203259
560.791780,450.014032,48.828068,40.158024
555.888859,455.088266,50.251297,39.625095
554.852261,455.269110,51.316544,39.709118
551.729826,451.699142,49.906155,40.925148
549.025024,440.954796,51.560295,42.249367
544.248926,431.788908,50.703129,42.667919
541.025217,414.809050,51.266468,43.160976
538.957886,407.440424,51.166710,43.944492
539.211647,407.056698,50.864662,44.830429
536.507217,397.991697,51.851372,45.107555
536.885101,387.810585,51.072502,44.852394
539.206757,378.435429,51.620567,46.069611
541.991060,370.792824,50.423573,45.581276
544.073439,359.990520,51.900921,46.864822
543.168318,360.331350,51.452679,46.663036
547.311447,350.412842,51.904457,47.086906
549.538736,340.796482,51.811039,46.628113
551.869328,331.702326,51.475723,46.829563
553.317247,323.916691,51.641529,46.459152
555.034853,312.669525,52.129063,48.125816
554.639481,313.507526,51.996574,47.633179
555.262987,303.997747,52.020466,47.448116
553.382294,299.913698,52.684395,47.103809
551.685537,297.435324,51.844036,48.057751
549.805298,297.964600,52.517799,48.169426
549.859058,302.224085,52.638351,46.573399
549.927973,301.071291,52.952824,47.586323
550.461536,304.827595,52.826599,46.703903
552.533026,307.160646,52.614895,47.429737
553.325315,310.759226,53.291363,47.050358
557.046360,312.831579,54.365601,47.659573
560.685431,313.050598,53.948544,47.360924
561.472313,312.898472,53.626060,47.371887
563.303101,311.163855,54.097145,46.978176
566.223005,305.853683,54.213665,46.398369
569.160288,295.918266,54.391529,47.177208
574.416317,288.006105,55.390335,46.772923
577.837185,280.701965,55.659134,46.822426
577.984962,280.338369,55.727654,47.227154
584.302401,276.855822,54.654087,47.453434
589.307117,274.591248,55.638947,47.129707
594.490126,272.906099,56.528118,46.954670
599.569153,273.142408,55.425423,47.265865
605.533409,275.795834,56.733238,47.117706
605.601963,275.963724,55.723755,46.890934
609.450085,280.395737,55.729141,46.701317
615.966452,284.201485,55.761196,46.311745
621.576332,287.521469,55.998009,46.043602
625.057224,288.962780,55.761047,45.768585
628.747471,290.058313,56.673767,45.346714
628.266535,289.187372,57.057728,45.481922
631.081507,290.055855,56.837208,44.797905
633.328512,289.432129,56.499905,44.376518
635.269400,291.035614,56.624142,43.502739
635.633244,294.977682,57.415344,42.631481
636.361237,301.409060,56.886681,41.072651
636.286427,301.164791,56.545227,41.042633
635.741856,306.851988,56.435196,40.336697
634.473490,313.138830,56.813969,38.786572
631.622864,321.319275,57.038719,37.967812
628.210567,327.904419,57.852112,36.513145
625.330078,334.055714,58.247322,34.698639
624.902939,333.670053,57.714226,35.201054
621.356642,338.984821,57.453320,34.248734
618.968075,342.367098,58.662125,33.335896
618.955200,342.601406,57.167961,32.489502
618.745941,341.499920,57.844383,32.041779
620.477991,340.437386,57.044147,31.820503
620.519741,341.549684,57.802460,31.634802
623.214411,339.171032,56.287403,31.247101
625.287708,334.825417,56.911575,31.095512
629.052122,330.147662,56.834072,31.550982
633.071169,324.353912,56.741169,32.023018
637.284416,320.610841,57.468300,31.768164
636.740154,320.579763,57.369186,32.016888
640.014614,314.080564,56.668243,33.458492
643.685450,309.941467,57.426533,33.576988
647.472607,306.001202,56.895340,35.244293
648.611317,305.551306,57.200226,36.098934
649.935041,310.024231,56.706310,36.675957
649.285009,310.217216,57.057781,36.774010
649.286280,316.551153,57.097202,37.698437
648.242401,327.187210,56.012459,39.259834
645.747026,339.961147,55.295109,39.771774
642.251183,351.347301,56.257072,39.996719
637.195898,361.234573,56.312618,40.733986
636.744377,360.406578,56.923607,41.835609
629.210360,371.745062,56.836414,41.108715
620.639332,379.717392,56.696198,42.278923
614.315657,387.157782,55.299175,42.397655
607.828943,389.086409,54.975346,42.292950
600.174704,388.274799,55.505657,43.024963
600.329432,388.271868,55.293049,43.338032
594.725704,386.343550,54.985550,43.723888
588.707306,380.608103,54.255119,43.885746
583.753538,372.891197,53.707500,43.899910
581.974916,366.257442,55.027149,44.410858
582.923023,358.273912,54.136719,45.044300
582.880453,358.257423,54.141933,44.932671
584.447220,352.942448,53.579262,46.253967
584.472637,351.297037,53.301041,46.221500
586.129107,350.323696,53.555058,46.170090
592.427536,347.534700,52.122200,46.450413
596.481581,346.258718,52.540035,46.991879
595.996002,345.714218,53.037514,47.232780
601.307102,346.246048,52.064514,47.211662
608.194984,350.603916,51.454033,47.568619
615.596542,354.315559,51.662727,48.867226
621.735426,358.929306,51.510479,49.114433
625.007483,362.518887,52.944332,49.824005
624.382072,361.913452,52.387764,49.338997
627.389177,360.431404,51.966175,48.786949
628.236769,354.784719,52.963604,49.672024
628.544189,349.422134,52.160255,49.269310
626.951698,344.270159,51.866310,48.697498
625.314842,338.883638,52.282143,49.318256
625.813681,338.601959,52.314373,49.938469
621.732008,330.758322,51.198223,49.356762
619.980366,320.784290,51.528000,49.466156
616.048218,311.553030,50.146568,50.017132
608.542641,304.421673,51.297661,50.934036
602.509260,297.425688,50.504910,50.621075
602.698662,297.500311,50.375664,50.356014
592.825457,293.942123,50.064869,49.725548
583.713892,293.648365,49.393528,50.773819
576.132734,296.099369,48.590542,51.852402
570.327412,301.621193,49.007828,51.630165
566.241852,310.967560,47.394234,50.172203
565.860573,310.402714,47.183022,51.751678
562.907204,320.715416,46.011803,52.963890
562.182953,331.545275,45.568092,52.555058
563.975887,341.760490,45.227036,53.345970
566.889942,347.250645,44.710129,52.707184
571.027311,344.621111,43.794765,53.069065
570.697771,345.381424,44.305637,53.352165
577.215044,335.827579,44.040226,53.194016
584.125072,321.657675,42.923691,54.426128
592.775181,306.850393,42.459839,53.630108
607.682585,291.288658,41.773479,54.720558
624.040054,275.927824,40.633003,55.211025
623.594112,276.023163,41.327377,56.819649
636.975346,265.499130,41.244141,56.452782
648.772814,259.123579,39.300419,56.140682
655.898384,256.701500,39.401176,57.934135
659.683361,260.673752,39.980621,57.397789
660.929905,266.523998,39.597031,58.198288
661.887642,266.238699,39.703270,58.283123
665.197197,271.809219,38.275398,58.731087
666.438913,278.556217,37.887913,58.839279
669.724628,284.583935,37.493484,59.676926
670.842237,290.197554,37.182888,58.863369
671.596886,294.212378,35.899147,59.104214
670.602377,295.331507,36.799999,58.734638
670.277302,296.200302,35.968765,59.778679
674.232836,296.908951,36.208454,60.362373
677.861223,297.853401,36.274372,59.979744
682.300066,293.027361,35.323322,60.474171
686.608919,288.095512,33.814167,60.952141
685.895105,287.903055,35.084583,60.515369
688.180361,280.322948,35.417103,60.657303
689.791430,263.942789,35.921940,60.784733
689.670591,252.579296,34.654461,60.490540
689.256277,239.457872,33.647015,59.193577
687.522005,222.774019,33.774662,60.109089
687.178978,222.781542,34.186562,60.081059
678.313629,208.151567,35.177223,61.032459
670.276545,191.393658,36.474964,59.438080
667.429504,174.977367,36.153175,60.412628
666.993645,164.949596,35.371239,60.416290
665.707920,160.844227,36.584656,60.919754
665.399134,161.134701,36.417652,60.715195
663.618990,165.971844,38.357502,61.430252
664.515285,174.859327,39.127289,62.192699
666.981026,183.786873,39.950462,61.083855
672.039900,190.067217,39.580151,60.730778
670.878622,198.812771,39.017941,59.407089
671.132669,198.476269,39.009632,59.311493
666.809725,207.959602,41.409168,61.982918
664.522593,228.233141,40.794498,59.677387
664.729208,247.359766,39.715298,59.626499
661.191935,273.067043,41.460712,61.663666
659.986216,291.506388,41.906132,60.495304
659.476618,291.335400,42.977116,60.261215
656.226713,310.215017,43.543514,60.199398
648.422613,326.857374,41.733593,59.095776
640.014254,334.914223,41.964619,59.052818
632.197926,336.339254,42.109512,59.987652
624.291077,339.611919,42.525108,60.312714
624.506382,338.531046,42.507370,60.213367
616.913229,341.286182,42.265789,60.663483
615.277843,341.065447,41.158112,59.561634
613.077309,340.970558,41.462944,61.122719
608.585960,339.776800,43.439354,61.406658
607.052635,341.205076,41.469109,59.693844
608.117811,339.921825,40.538311,61.738159
609.312729,341.727407,40.837090,60.141338
608.860256,342.428347,41.554062,60.537678
607.781158,345.447212,43.651909,60.324409
611.934948,348.982359,44.153107,59.331448
618.929611,351.098480,43.334618,59.943626
619.410059,351.095583,43.553501,60.188923
624.943161,354.028175,43.583305,61.420113
632.561447,357.527475,42.550255,59.147953
639.682730,353.968868,43.911938,59.969650
647.799438,350.479389,43.091301,58.257950
653.363386,341.341650,47.597988,58.592388
653.575861,341.499056,46.014866,57.907429
663.455305,328.562386,46.855801,57.862221
673.524233,317.423500,47.334156,58.144691
683.195019,304.473679,50.422485,59.403008
693.705967,289.619541,50.102829,57.923187
698.801666,274.565775,51.766563,59.488087
699.309752,276.789923,50.429684,57.537258
701.119820,264.669128,49.543159,58.392296
699.776695,256.557436,51.180550,58.304386
698.734045,247.292152,52.223583,60.198448
696.903004,248.258265,52.100266,56.883472
690.270634,251.963785,55.638290,58.828480
690.998362,252.247099,52.956333,57.522198
690.680870,255.883846,54.161079,57.368088
690.668528,275.323677,54.212559,57.265282
691.787601,291.561937,57.307144,56.222996
693.340826,304.672619,57.490307,56.604446
693.439764,323.860733,55.680950,55.710823
692.379124,324.768070,56.539780,55.716553
689.144814,336.957567,57.612343,55.882267
687.579956,350.716522,56.651787,53.644508
685.749994,362.067085,58.298466,53.699150
687.732445,372.430126,58.045174,53.389420
687.703176,376.992920,59.328136,53.569893
687.658800,377.162472,58.972797,53.550888
687.645880,383.824841,59.599773,53.245590
688.995935,389.262419,60.301701,51.389263
689.250788,395.131269,60.749638,51.254375
689.908575,403.585079,63.150951,52.108688
697.254541,414.393984,62.792423,51.468266
698.703325,414.263437,62.392780,50.475574
703.346348,423.476614,63.576706,51.916866
706.536617,433.340725,62.870148,52.165695
709.769855,439.895506,64.585861,50.554821
711.728077,444.796759,64.311600,50.806667
712.869038,448.469095,68.020340,50.492207
714.642303,447.926506,66.296593,51.035606
716.140156,450.874126,67.354507,51.586533
716.281006,452.263893,68.805626,51.604668
718.166710,450.114641,67.493782,51.787510
716.554836,447.209641,71.386200,51.086067
716.278568,444.577312,71.298813,50.779434
716.121231,444.857512,72.476830,51.755871
716.412479,442.741142,71.125931,51.317680
718.705837,439.989681,69.840118,50.671371
719.955116,434.632423,71.153114,50.548302
722.688202,426.248684,73.494743,50.465561
729.142227,415.838816,73.906517,50.939320
730.384960,415.851799,72.106903,51.240288
737.291321,411.382269,74.217064,50.954678
744.711830,408.905371,71.666328,52.215328
751.675140,410.778406,72.485893,51.171192
759.141567,410.936052,73.330292,51.587864
762.722542,411.460606,73.006386,51.150757
761.361340,410.976351,75.117249,51.971958
765.337566,406.553007,74.820343,50.340923
769.679451,399.024263,78.824928,49.715366
776.310299,391.130890,78.645325,50.369850
776.138889,384.859648,80.655380,50.236065
768.861561,379.679878,83.201187,49.490959
772.250359,378.700224,78.657112,50.243298
762.643356,376.067398,84.826012,49.933968
756.210464,391.896673,85.303642,49.867214
743.799618,399.718967,89.456665,49.558167
738.210079,410.002029,88.552032,49.532295
722.897289,421.663738,95.803223,48.417465
723.666904,422.429384,93.911514,48.581364
710.939178,434.665113,95.768730,48.481365
704.206238,447.096783,97.819481,48.109390
701.131847,457.439558,101.440918,47.524731
700.079201,464.528522,104.363808,47.361816
703.822224,470.154192,106.439377,45.948612
703.154171,470.781218,107.296112,45.390423
708.552742,472.978456,109.774391,46.417789
716.495995,474.841278,115.094643,46.054909
723.834610,475.366310,119.228264,45.749260
733.252804,469.275423,121.208710,48.155033
741.474693,462.335464,123.390755,47.890083
741.227287,462.160919,124.941872,48.050728
751.043072,453.729118,128.241699,49.696892
761.109249,443.005695,133.071625,49.820251
770.547825,433.508665,137.195023,50.420483
779.607960,423.435143,142.344772,50.850456
782.358128,412.023767,144.229111,52.233173
782.845821,413.175953,143.822937,52.158051
777.883327,399.646616,146.968140,52.445210
770.785908,384.652174,152.674637,53.534374
758.660191,368.788513,158.562302,53.746529
744.199711,349.832474,161.711288,53.821602
734.633411,325.949120,163.331680,55.123589
733.355343,326.347551,165.110840,54.629673
724.530354,298.802071,166.883316,55.400719
710.670971,267.565550,173.366058,57.238567
697.874775,231.264380,177.879929,61.574490
689.209187,195.292183,180.454178,65.033134
681.651890,155.188591,183.602341,69.025536
681.094997,155.226456,183.942505,69.764931
672.747181,119.562695,186.575211,72.637466
665.981220,94.027149,189.997147,80.165588
665.054501,89.327003,192.862366,86.545738
666.814968,90.548710,195.796387,91.491058
670.466022,102.280846,195.837723,94.948357
671.633236,99.685062,196.298401,98.317657
679.029675,113.783287,199.524323,104.072319
683.475430,126.123802,199.434998,111.340385
683.703892,145.345539,199.074326,117.413452
684.548077,170.879852,197.080231,121.692177
680.795712,180.677181,198.584534,126.223923
682.922306,178.631344,196.459579,127.904160
667.670666,180.626728,198.998260,134.393860
642.783993,181.821606,193.095703,138.999771
615.396999,184.318928,189.763000,144.036316
575.468250,190.420765,187.564346,148.432007
537.994839,204.253628,181.785034,152.108566
535.860668,204.474239,183.657318,151.226364
499.688549,233.092403,176.277191,156.418381
476.034817,282.911076,169.669617,157.079865
456.819241,340.955502,166.618591,160.181442
462.549801,398.894253,161.048645,160.118149
480.752705,439.734058,154.924698,160.731445
480.181461,439.750927,152.400742,161.332840
480.266659,471.545155,147.685303,160.889771
475.879353,483.035267,141.273514,157.845154
479.906887,469.109310,137.249817,150.744980
479.894070,437.618305,131.373108,152.306091
470.532425,402.150669,120.488060,147.673920
469.861897,403.742054,122.940201,147.498474
458.250938,367.928249,115.769234,146.942123
447.135147,330.132526,108.559288,141.515015
437.464558,289.365139,103.885635,142.083115
419.291634,258.771351,99.167030,136.188416
407.233822,229.841846,89.844360,138.009338
405.919838,230.826687,90.385475,137.953964
405.054966,209.515278,84.350693,128.311646
409.863770,191.031918,78.425407,133.295547
415.917255,180.666325,72.257889,121.591156
413.981503,176.661751,66.862946,125.276115
408.427399,173.042557,60.602684,118.189857
407.298256,171.923374,61.876320,111.545532
404.406893,170.491879,57.465992,119.374985
404.348761,168.714447,50.645763,115.621162
406.278265,170.653915,50.218243,112.591560
403.276962,169.987270,44.332695,84.543503
403.874752,162.421688,45.277985,104.269302
403.385408,162.826607,44.478901,79.430626
410.650469,150.516510,42.387440,75.137825
415.921131,144.561253,41.619644,78.560364
417.238022,144.571968,42.567009,73.488731
413.350424,147.768658,41.704266,66.717697
414.396587,147.394913,43.063965,93.285805
414.314014,148.583015,42.937302,80.822960
410.387787,148.851357,45.055901,89.060173
403.042761,150.033092,44.964153,97.624313
391.949741,161.068283,47.842941,98.452614
386.766237,179.406555,49.871021,95.146523
384.418606,197.550388,51.431000,95.861938
385.055424,197.610790,50.338608,96.366745
376.187693,220.959560,52.155338,93.163620
364.684830,250.631290,53.725090,93.421234
357.093596,282.508327,56.837978,92.352676
359.262341,316.126228,58.430298,90.113670
364.678026,342.562019,61.459278,87.268791
365.116432,343.301003,61.113838,86.771873
378.210096,344.729023,63.424831,85.340668
389.042179,342.895760,65.669388,83.688560
403.647755,337.491459,66.609421,81.301819
413.706100,328.771767,68.932518,81.088646
418.805462,333.934036,71.002930,80.288490
419.728149,334.617596,69.391075,78.781723
425.193230,343.900185,72.102150,78.318687
436.205761,355.256630,72.714630,77.723839
446.331074,370.470127,74.456528,78.374481
457.805851,388.415188,73.515457,78.031967
468.016483,407.289936,74.410507,78.786041
467.390518,408.170948,74.289146,77.673279
478.062222,424.211071,74.867523,77.916885
489.722080,432.177902,75.697952,76.637337
500.311668,429.404476,76.253822,76.682144
508.915066,427.592484,77.308197,77.400429
515.668713,428.354004,77.808838,77.909950
515.880318,428.771923,77.022957,77.444107
523.927078,425.315430,77.356560,77.160439
531.556797,419.434875,76.637497,77.593361
535.474373,413.000267,76.912483,77.995537
539.107689,412.015507,77.887886,77.431458
542.170677,411.117882,78.184456,77.581535
543.160740,410.520149,78.024399,77.385277
545.242020,408.626488,78.216179,77.216331
548.235050,398.587154,78.271927,74.653885
548.744808,383.575798,79.013611,74.580315
547.815788,375.199650,78.051338,74.290802
546.373436,368.529911,79.591469,75.176544
544.405006,368.457108,79.747169,74.810860
548.198193,364.232315,80.319672,74.547523
551.626560,358.664200,80.770981,71.269417
553.112610,352.600460,81.142906,70.122116
552.815102,347.952759,82.056557,71.021400
552.152412,348.983555,83.902901,68.800049
552.464367,348.906410,83.927094,68.895836
553.737392,347.858177,83.617554,67.059288
555.021255,346.022457,84.076042,65.880173
554.244434,340.005911,85.277634,63.010098
557.836487,331.256512,86.231773,60.391220
561.042007,322.694044,88.711845,59.120495
560.436756,323.068596,87.243668,58.282372
565.484894,314.979773,87.454247,56.660213
573.792332,305.550905,88.813492,55.327396
580.125057,289.615747,90.541992,52.166065
587.261784,274.861649,90.878372,50.546822
588.848587,261.154224,94.467216,48.911987
588.711647,261.240431,93.613716,48.706585
590.924828,249.523874,93.554665,46.655781
592.627228,239.229528,94.525902,44.389187
592.492722,233.877481,94.176689,42.454151
592.350941,234.652784,94.477310,40.005596
592.191330,234.855133,94.642387,38.632088
592.561344,234.414228,94.591110,39.497631
592.001999,237.902508,96.452446,37.126694
592.274574,241.161562,96.878120,36.660801
593.344048,247.728733,95.312080,35.002777
592.652580,248.239912,95.973366,33.401684
591.690723,249.414276,95.891891,31.690071
591.763069,249.563439,95.538429,31.909628
591.174534,248.253520,95.623337,30.229204
590.129578,246.731634,94.708092,28.562374
588.751377,242.555898,94.464615,27.714643
588.735363,239.172829,92.381943,26.206657
585.764698,233.544824,94.103317,27.058828
585.585609,233.877996,94.274223,26.605968
579.383698,231.248281,92.229210,25.435696
572.429504,230.362868,92.187492,25.325312
568.454048,225.267863,92.842537,26.371950
564.286606,224.205462,90.534248,25.741505
559.088673,223.180191,89.200211,26.858528
560.337513,222.948607,89.440842,27.173441
553.753212,222.847284,89.453499,29.274143
549.397423,224.043470,90.892174,30.185116
545.204407,224.690957,87.758629,31.406927
541.139591,226.268652,87.047272,33.468700
537.640923,224.304049,86.789513,35.649921
537.208744,223.951708,86.740936,35.367939
534.119007,222.825386,83.609711,37.012489
527.853321,221.750198,83.679779,38.879173
519.206032,217.372215,82.887566,42.061745
512.982773,212.330605,83.094093,43.091957
507.460930,204.559704,83.062523,45.277130
508.339561,204.696150,82.655846,45.102383
502.718483,196.556433,81.938072,48.584850
498.359985,190.822010,80.217628,51.057816
495.016167,185.286171,78.857140,53.886513
490.554310,180.103495,79.565308,56.661259
486.432156,176.054159,78.504410,58.253551
485.893295,175.275684,78.974403,58.414597
482.407753,175.605825,79.243858,60.308849
480.315094,175.119696,77.618172,61.524639
477.836296,177.245388,77.104454,62.880585
475.681450,182.175678,76.090080,63.118881
476.202229,189.056887,74.142029,63.302357
475.156403,189.216108,74.837013,63.263882
473.047283,195.715380,74.347488,63.055836
469.244789,204.537899,74.289513,62.258057
466.761215,212.625286,73.517677,61.802704
464.490570,221.286274,72.548012,59.779617
464.409382,227.395605,72.532623,59.385479
464.588516,225.324984,73.030190,59.997089
464.853756,233.052206,72.664963,56.912670
466.222450,234.717157,72.239983,56.896336
470.679363,238.392874,68.683731,52.366283
479.963730,231.807693,64.642128,54.732384
491.818359,224.379368,64.141151,50.873062
491.712111,223.121078,63.853283,52.873528
506.693611,208.968754,59.029228,55.286240
523.873833,197.387712,53.777519,55.838703
544.849285,187.396069,47.399033,54.161697
567.842718,182.012705,43.159237,55.077564
597.208555,179.160591,34.217113,57.304741
597.043354,179.429293,34.766800,56.712696
628.083149,187.372265,26.275711,45.522110
656.609996,183.791368,22.558702,56.615604
682.395749,193.242306,23.063841,57.017258
707.460680,204.774788,26.172443,55.156364
726.415058,218.163422,33.561478,55.053246
726.682491,218.080906,33.684372,55.361832
748.196501,230.457125,41.423016,54.677143
769.174606,244.619024,49.453865,55.392559
786.368048,258.296789,57.253902,54.565563
807.065212,270.080887,62.108139,52.819969
818.141769,279.178232,67.101204,53.251286
818.204765,279.431318,67.470757,52.429592
818.633377,284.068626,71.660072,52.034859
829.198574,288.869200,75.089401,51.019955
839.323269,291.138081,76.770218,50.572525
842.075191,291.221937,79.127121,51.119350
840.820389,293.808121,79.730721,49.783257
840.884228,292.948652,79.188065,51.360928
834.134987,296.025928,79.399254,49.054855
833.505978,299.735029,78.178848,48.196102
830.940170,307.145056,78.285866,47.860943
825.856838,317.465214,77.221634,45.786575
819.541916,328.170555,75.832283,46.104591
820.501980,328.195150,73.727188,45.139446
813.109776,334.955648,72.989471,45.866863
800.439980,339.620754,70.542870,45.355072
787.642998,343.493746,69.412346,43.299061
775.574383,341.637360,67.581604,42.866264
760.632996,340.966963,64.893349,43.595425
760.741604,340.912817,64.608261,42.782452
742.975727,338.258682,63.588715,44.423332
726.811157,336.137085,59.783913,43.205620
711.086298,331.916265,57.800694,41.772396
693.340544,327.303114,56.844784,41.289135
675.775602,323.035313,55.176723,39.901718
675.271593,323.246231,55.023670,38.829460
662.613297,320.761633,49.768517,41.068356
649.246279,320.864912,50.665485,42.304821
639.477213,321.076319,44.950703,45.519123
632.003220,322.613359,40.850822,44.695423
623.535246,323.740322,38.374966,46.031754
623.477285,323.860277,38.187878,46.330082
613.269960,326.104071,36.343342,47.500347
607.300550,332.208347,35.981075,51.009659
606.500807,336.225330,35.647732,53.492126
602.441710,344.194464,36.751827,54.632565
601.124273,348.378225,36.341152,57.181530
600.569809,348.828743,37.142570,56.719505
597.680416,351.580395,37.829849,57.935059
596.012693,350.364449,38.148602,59.479225
594.428242,346.336988,39.648239,61.588696
595.898554,342.697723,39.659061,64.034050
595.398804,339.107777,42.114754,64.649124
594.969881,339.230942,42.880039,64.359734
593.397945,337.400307,43.426559,65.778572
591.834593,337.329784,44.835217,66.807587
590.923357,335.878563,47.091801,67.936867
587.694654,336.553440,50.164165,67.467697
586.022224,333.638115,53.594292,68.892372
586.032602,334.584297,52.970142,68.396309
582.667063,330.321152,56.420429,70.667412
578.994217,327.974533,59.523476,70.980186
577.199350,326.811508,62.004963,70.314293
572.608219,324.358719,64.280243,68.619469
570.207935,320.978001,65.354462,67.264359
570.170284,320.929455,65.118210,67.893616
565.511959,318.090708,67.905228,63.100010
561.089405,312.383881,68.947784,65.603935
555.636467,307.245686,69.883995,65.311203
551.653149,301.198025,69.969009,64.286652
548.401058,294.919312,70.187210,65.033958
548.616653,294.718714,72.124336,63.017246
543.308041,288.236507,72.335190,64.545532
541.587345,283.166536,70.701965,63.028095
535.141773,277.782284,71.533875,64.057678
528.483341,275.315210,72.570251,60.859959
521.962646,275.741890,73.026741,66.047157
522.244335,275.923164,72.361221,64.988869
515.881504,279.244080,74.146729,65.032127
510.858971,283.453613,73.123528,65.907158
506.955723,289.201969,73.507294,65.774918
501.580002,297.661148,74.988350,66.070854
502.406841,304.865456,73.135483,63.982765
502.748436,305.036385,74.192192,64.355568
503.090126,310.756725,73.452110,64.816711
506.415543,316.923779,73.627602,64.064056
510.315765,322.309315,72.574501,63.383774
511.096378,325.514774,72.384888,63.840775
512.856503,328.536636,71.910446,64.227470
512.723198,327.624901,71.858727,63.928535
511.059097,328.872692,73.396492,63.851440
511.834953,329.407454,71.856651,62.991451
509.814697,327.737669,71.489052,62.381283
506.122421,322.941586,70.820198,62.002899
503.295216,317.239147,70.189026,61.435394
502.931355,317.338545,71.057770,61.628628
497.571396,309.631886,71.153877,61.429642
490.838970,303.878027,71.304611,61.451641
483.706089,301.716854,70.452759,59.466095
476.435703,298.168756,69.723053,59.215366
468.779316,294.296886,71.186371,57.547211
468.092991,294.738043,72.195251,56.606640
461.351761,289.887968,70.500099,56.786251
455.420254,285.966499,71.403275,54.379189
448.783619,281.319893,71.108002,53.212349
443.110386,278.473583,72.900330,50.508942
436.778255,274.939774,72.775406,49.560417
435.552711,274.522539,74.418266,49.742725
431.584949,271.930737,74.628845,47.203491
424.458969,270.428938,73.899940,44.724575
417.435093,268.396055,74.265411,43.285641
408.434128,267.063780,76.211189,41.705624
400.364857,265.225302,76.794739,40.431164
401.237114,265.385118,75.794029,39.950611
394.858864,264.614250,77.310204,38.635323
392.604404,264.009281,77.448242,37.021133
390.787331,257.889908,80.108360,36.317574
391.248146,255.151937,78.572472,32.296902
389.602482,254.912468,80.589035,32.378258
390.371082,254.633408,80.172897,32.334389
391.833923,263.905295,80.870049,31.270197
403.521374,273.017006,81.882751,29.445549
419.900669,281.249802,83.613510,28.124886
429.053246,289.570226,82.119606,26.767546
440.043434,299.496393,81.812813,25.740238
440.128197,299.462303,81.974205,25.589394
451.028435,306.113512,82.666847,24.096394
459.364937,308.306344,84.766548,24.204458
464.069057,309.444002,85.222443,24.112705
468.567966,313.601919,84.427780,22.611172
472.527054,317.947636,85.369164,23.363388
472.574459,316.628769,85.864044,23.076866
474.653370,320.061697,84.639313,23.579220
475.179588,321.940160,84.354042,25.250120
474.405701,326.227410,84.428520,25.285772
474.045452,328.728683,85.832779,26.270149
472.880569,327.393497,86.008659,30.522509
473.187038,327.679408,86.280457,30.342196
471.297485,324.211491,87.630119,33.928772
468.635387,325.186190,89.072510,33.078403
467.393723,326.507530,87.647118,32.764549
463.050426,325.200895,87.587860,36.191265
457.446728,325.224852,85.345795,39.045971
457.017086,325.152769,87.066742,39.300854
448.249649,327.125593,87.898094,42.188915
439.103359,329.167976,87.488068,45.616814
431.812458,334.420227,86.858047,49.002815
421.357246,339.586130,88.408760,51.900074
413.052498,343.760248,88.668770,52.977955
412.056835,343.329611,87.381409,53.056789
404.911903,348.452938,87.583046,55.438400
399.377365,350.681988,87.644341,57.133591
398.821102,352.564798,86.241974,57.630909
400.510376,349.542662,82.952965,58.611889
400.895218,345.171856,82.897789,60.308609
400.322971,345.071728,84.485397,59.734451
403.091930,339.277903,80.460510,60.900166
406.272499,332.964684,80.574623,60.556816
411.430431,326.553680,80.066254,61.248604
417.208340,320.632950,77.892578,62.030983
427.436008,320.572723,76.241806,60.946724
427.874367,319.880749,75.961555,61.679398
439.932652,322.117199,75.565170,61.214706
451.606850,321.850058,74.627571,63.538082
465.875584,323.107090,69.920486,62.921570
479.359329,323.950598,64.214836,63.007412
491.295055,325.186445,60.716187,62.942822
490.841787,325.317596,60.418255,62.951027
503.227337,327.088945,56.271393,62.099094
516.550692,327.971308,51.373280,62.165791
530.128698,329.545061,44.960064,61.446140
543.452589,330.815762,36.771725,60.636154
556.562603,332.107504,30.360168,59.491558
556.774929,332.537643,30.799545,59.658165
568.839578,331.889933,22.870443,59.985203
578.479038,332.343487,14.777467,56.889740
587.608759,343.393505,15.257832,37.807236
595.813147,334.485088,20.208645,49.698517
602.641420,332.538834,26.550678,53.393852
603.425592,332.863993,26.134052,52.876118
610.384967,335.309111,31.071825,55.770931
614.670183,332.972889,38.246952,56.607422
616.947981,333.325880,45.994381,56.226376
623.454321,331.573902,51.084606,57.180817
631.126404,330.325697,56.212456,56.210064
630.784376,330.920292,57.081051,56.235291
635.281096,326.923735,61.777828,55.256695
637.239712,320.065670,66.285522,54.459061
642.988472,313.449953,71.228188,53.627232
650.199017,308.322645,74.601166,55.067120
659.641502,305.159422,75.345985,54.171398
658.474403,305.442514,77.370552,54.074299
666.690151,306.973455,77.922363,52.625759
675.881176,308.474321,78.362366,52.428928
687.010311,310.719591,78.187317,52.506443
694.882523,311.907541,79.685905,53.335041
706.465290,312.579344,77.806747,53.118176
705.771759,313.596478,80.769829,52.581314
718.219570,318.137819,77.619232,51.060581
727.486221,323.581200,77.857964,50.607841
740.836681,328.942799,74.900787,51.711548
751.700584,334.729267,72.426186,49.644073
758.138821,338.459852,72.077911,49.973400
758.779766,338.271517,71.644531,50.786991
766.817856,340.084850,68.687187,48.888168
772.100861,338.958508,65.834801,49.656052
774.660137,338.373013,64.604675,50.334579
777.418015,335.017256,62.371788,48.708935
777.554394,332.775532,61.337006,48.617706
779.062460,331.814941,60.160809,49.166023
778.632641,329.647396,59.332520,47.975327
780.032690,327.057053,56.834911,47.429176
783.761415,323.064449,52.187458,48.574097
786.279409,322.354630,49.802212,49.686684
790.622799,319.791361,46.647659,48.763248
791.284067,319.266052,46.485844,48.968163
799.696356,319.698494,40.532513,48.128578
808.348154,318.492481,38.061970,48.312668
814.498280,315.931173,33.502441,51.133053
819.358761,312.556145,30.738678,53.714912
825.621536,314.329063,27.201561,51.829948
826.107317,314.027185,27.183064,52.130573
834.413283,311.824865,25.580027,50.987514
840.217832,312.484564,23.734602,52.987331
842.602004,311.958561,23.354410,51.145966
844.506462,310.692974,25.755943,53.440308
847.870452,308.425220,26.938196,53.928574
847.171096,307.413115,27.807276,53.953075
848.234212,305.024755,30.218229,53.629284
845.629599,298.441498,33.676403,53.263008
839.842617,289.524836,38.919769,55.639683
829.756540,286.300749,43.170444,54.054302
823.267183,286.658226,47.717762,53.693199
822.795357,285.631123,46.936501,53.612045
817.455498,284.607197,50.439995,52.757080
809.263943,280.073792,55.173019,54.857765
803.822325,278.127808,58.415997,54.380653
796.007805,278.813696,62.337669,54.589535
790.904209,281.948013,64.904968,54.142189
790.891819,281.791477,66.283600,53.795654
784.747200,288.738697,69.501549,54.892120
781.595272,293.756742,70.505264,54.740520
777.752090,299.499319,73.135231,53.368313
772.810326,303.160805,76.607628,54.415306
769.748768,306.725765,77.975067,56.035446
770.121895,306.800388,78.806053,57.119904
768.265121,309.639698,79.778145,56.224701
762.910606,309.107191,81.133629,57.858166
757.750633,305.611385,82.761497,57.931900
750.076591,303.742281,83.434471,58.461277
743.033566,296.360756,88.431015,59.892387
742.434971,296.347719,89.618744,60.443058
734.822933,289.642384,89.351242,61.977417
725.795723,286.402641,90.160210,61.679100
718.438229,275.781761,93.255692,67.391045
709.174767,270.535954,97.071831,68.682129
701.415493,263.158562,97.439896,73.130974
698.912731,263.660080,101.174698,72.252693
688.693348,259.879684,98.714050,72.751564
678.042023,260.564610,98.330360,72.712097
668.169880,263.580631,98.971619,72.397705
655.630501,270.044041,97.067619,70.977478
643.712093,274.683533,97.221420,71.718483
643.464607,274.357529,97.573540,72.325020
631.976681,283.219402,94.441360,70.664871
620.481853,289.732307,96.830246,69.991692
605.558468,296.427399,94.637558,69.526680
590.650642,301.746819,95.643364,68.644859
577.228466,304.345280,98.643539,68.230042
577.443394,303.824718,97.405060,69.047714
564.104630,307.470997,96.965553,67.841614
552.036819,313.495144,96.238503,67.073868
542.436535,315.359207,97.080978,67.089699
529.326412,319.343191,97.392471,63.484127
519.861935,320.054956,96.905930,62.909443
519.771179,319.878628,95.013161,63.315140
511.994072,320.442188,96.221397,62.749817
504.512039,321.790325,95.775093,61.187698
495.398521,320.789795,94.429283,59.781715
486.870121,320.141865,95.900330,58.311951
479.305866,318.562748,93.423492,57.490387
478.058048,318.313545,93.336792,56.853874
472.986881,313.606220,92.017242,57.112488
462.773109,305.663748,91.154320,56.412380
453.435970,297.602985,90.468918,54.929260
445.404385,289.877569,89.197067,54.829311
438.316002,286.365421,86.071312,53.293091
438.640846,285.274954,85.387474,53.596798
432.077770,281.180365,83.239243,54.080959
428.369808,279.293268,81.957169,54.153431
425.474739,278.420496,80.116936,54.003132
423.247742,279.707157,77.002541,54.949646
421.319695,283.177849,74.154198,56.714439
420.737995,282.457151,75.897858,57.181805
420.890259,288.727880,70.299599,57.779842
423.370117,298.007877,67.128181,57.447998
429.398567,306.178423,65.540886,58.172337
435.123829,313.159138,61.695984,60.087463
444.900682,319.472210,57.692692,59.848770
442.839977,320.302952,58.423172,59.487335
451.475090,322.520891,55.537926,61.069340
464.079403,324.577881,53.676163,61.339546
474.064987,321.805912,51.480507,62.500000
484.808119,319.150013,48.133312,64.156891
496.604811,318.652515,43.690899,64.660004
497.241035,318.646198,44.161797,64.444183
508.509153,318.992905,40.065868,63.716225
518.294472,319.475117,35.439445,64.777191
527.210663,322.850414,32.405724,65.172806
536.327008,329.971474,27.553297,65.232048
542.481296,345.877623,24.031054,44.761532
543.546804,338.727705,23.192547,56.807629
544.540978,344.782784,23.927801,50.639595
550.470565,339.819263,22.424677,63.718521
551.443445,343.989952,26.499653,64.855141
553.266406,349.843830,29.525621,65.260269
556.899700,351.610546,33.347778,65.283890
556.933336,351.504921,32.192768,64.970192
560.546036,354.500858,37.212471,67.063019
564.565891,356.493500,41.790955,67.099312
564.310930,360.456684,49.145298,67.180145
566.016909,362.640026,54.486454,67.895126
569.150179,363.389523,58.594608,67.335587
569.644455,362.604454,58.387642,67.623161
572.875687,362.974934,62.990547,67.443878
574.344166,361.884109,68.141479,67.394569
576.681751,362.347820,73.391724,67.679031
579.313572,363.795498,76.991058,66.685562
581.621479,368.167480,80.501129,66.568520
582.077534,368.555252,79.532806,65.868141
583.004189,371.882320,82.855705,66.158737
584.422211,372.000633,86.731789,66.101677
585.623619,369.525120,90.071739,66.484406
587.253078,369.415815,90.729965,62.987865
587.651703,368.296192,92.510292,63.114532
589.028744,369.965857,92.460220,62.058865
590.294994,371.842192,93.170212,61.097424
592.450722,373.525808,94.923851,59.756741
596.549858,370.540329,94.979912,61.684242
598.038906,371.543743,96.033188,63.776627
601.015697,377.071066,96.901749,58.477383
602.986313,376.605824,95.577522,58.983124
606.884174,381.021563,94.829742,57.543919
610.188099,386.657301,94.452789,55.551037
615.298038,390.669497,91.915344,54.437931
619.245659,393.201750,91.043297,52.718029
623.445534,393.678783,90.367241,49.846207
623.315483,392.686388,88.656120,50.070957
625.774944,391.384842,87.109207,48.660957
628.884399,388.161810,85.256325,48.727016
631.719296,390.662470,84.192429,45.866413
635.736298,394.085049,80.970497,45.022812
641.556839,396.125404,78.141640,44.380150
641.271687,396.257816,78.535614,44.117950
647.428204,394.487354,75.018448,44.101379
654.428013,391.019112,71.490509,43.084496
660.942734,387.768444,68.919777,43.169235
667.627460,387.372915,64.619110,41.683041
673.515198,388.330114,61.079964,41.486385
673.298065,387.818714,61.591789,42.560410
680.667336,392.055410,55.194557,39.568279
682.488295,395.024057,55.092953,44.533710
690.710953,406.053181,48.258690,41.731720
696.789530,411.048285,47.525135,44.132092
703.548697,422.205603,36.991024,38.953152
703.411585,420.455181,38.415913,40.774231
703.993893,426.618002,39.592377,40.943142
705.542938,426.980927,44.767662,44.583946
704.624834,430.417221,46.391666,49.892082
707.008249,433.328985,45.013386,52.579525
705.974062,438.978184,45.208454,51.912430
706.048105,439.242731,45.994450,52.398716
705.720230,442.890364,45.141502,53.815884
702.841244,447.922415,46.477280,54.227978
697.484390,452.173653,50.679756,55.850624
692.552349,457.981537,54.277969,56.097649
687.605604,464.182564,60.143810,56.806740
688.455177,464.665937,60.654015,55.793819
686.232979,468.302887,64.561394,56.694725
682.605999,471.901722,69.424423,56.935471
682.076141,473.683216,74.257240,57.302902
682.515537,478.543114,78.151215,56.315590
685.434124,484.849245,80.982162,56.376057
685.042858,484.498144,82.494949,57.645184
687.721107,491.147154,84.751122,55.953854
689.332794,495.946655,87.549873,55.759270
690.560760,500.638445,90.607613,55.662373
690.306309,504.491165,92.537323,54.714348
690.120533,505.360546,93.851715,53.344604
690.723560,505.579439,93.712555,53.263783
688.838837,506.328125,93.992653,52.613029
685.996433,506.412331,94.935547,51.971657
683.577530,507.453588,94.499886,51.461590
680.745014,508.463633,95.088013,51.145359
678.147163,510.840496,92.520073,50.877319
678.506733,511.476912,93.397278,50.826595
675.722382,513.135324,90.759163,50.699955
673.181274,514.286455,91.435219,50.270069
672.086365,512.552616,89.079353,50.123032
670.416855,510.355371,86.800270,50.002415
668.415825,507.610880,84.728264,50.395573
667.767570,508.227213,85.155632,49.354038
666.153778,506.322485,84.294197,49.987957
664.019318,509.008417,82.762978,50.007114
663.094662,513.473661,81.449539,50.972439
661.187515,517.681828,81.408730,50.813766
658.809544,520.547396,79.096802,49.611408
659.670635,520.661810,77.931534,49.819714
656.326275,520.397314,77.215530,49.873272
653.810638,521.218727,75.778664,49.006416
649.989922,521.661413,74.760246,49.994183
647.677059,519.907347,71.236923,50.020260
643.925610,518.539051,69.623398,51.085434
642.992153,518.248043,71.603897,50.679840
640.218433,518.342312,68.033081,51.788574
638.611977,519.602650,65.619469,50.822891
636.916409,519.631241,62.502213,50.357445
636.052090,520.315546,58.274124,50.314457
632.326443,521.133368,55.844864,50.802380
632.271999,521.446922,56.146835,50.587715
632.464897,522.515406,51.937370,48.795170
632.110903,523.510160,47.906254,46.814236
631.306376,525.867992,42.935810,41.762009
630.948851,522.489717,40.277905,40.550022
624.906862,520.130060,39.162479,39.937351
626.331375,519.793938,38.165535,39.238548
617.462006,518.064081,39.912193,40.475819
607.478067,512.346926,48.333775,47.654865
600.367134,512.302479,51.600731,47.426453
593.036463,515.956045,52.195698,46.586437
584.772945,523.285942,54.167953,46.239052
585.846939,523.765867,54.510780,46.478390
578.662781,530.366442,55.889687,45.619404
575.004091,534.860409,56.739414,44.493378
571.337437,540.240294,59.369537,42.915066
570.812124,543.930590,60.678402,41.911823
572.607817,547.900200,62.154430,41.973640
572.731350,546.806662,62.336563,43.204098
574.987076,549.882374,64.184456,42.022003
579.921955,551.058151,65.180450,41.538521
584.277988,552.337816,69.075439,41.829868
589.754787,551.183149,72.218552,43.069103
594.036880,550.908796,74.389107,43.260113
593.335258,549.813171,75.232292,42.995033
597.943729,549.239130,77.046967,43.557880
599.797577,545.476263,80.389137,45.804348
598.572933,543.188015,80.481125,46.388840
596.629677,535.809540,82.068565,47.762154
594.048729,527.054594,84.261772,48.726360
593.803669,527.158827,84.504761,48.918102
595.062405,518.559879,83.887466,50.329254
591.164238,512.199816,84.210075,52.605259
591.349968,504.386585,82.761070,53.897125
590.024567,497.671761,83.114388,54.384789
587.669590,492.309135,84.026855,53.403923
588.822590,491.258589,82.876434,53.584362
587.282875,490.401096,83.823235,55.739288
589.719994,492.489746,82.194206,55.351021
593.221619,495.707355,82.898628,57.264343
597.872761,500.169807,81.994873,58.482628
601.841785,505.918314,81.112885,58.726154
603.774597,505.626133,79.815712,59.154022
601.237713,507.065073,82.442520,60.894062
600.954292,507.067825,80.349571,61.007637
599.002239,505.106163,79.776810,63.086906
600.786949,501.265148,77.238029,64.188034
605.515774,495.585381,74.642593,65.440910
604.038902,496.560957,76.229912,63.837627
609.785351,489.549438,72.574234,65.383949
615.355553,481.328800,68.682274,68.123077
620.405590,472.473316,67.104416,68.787476
624.634155,464.001694,64.525978,69.325081
632.423796,456.173477,61.181957,69.262489
632.262512,455.480637,60.135475,69.915901
639.482096,449.303638,57.198414,70.521454
645.156227,444.334320,56.210869,71.588264
650.559330,440.271358,54.508698,71.031906
650.712029,433.278133,56.816490,74.075150
652.300117,429.123009,57.760490,72.752769
652.898241,429.300251,57.409306,72.317749
652.542122,424.554802,58.413322,73.503258
648.159483,417.949623,59.993206,73.618645
643.713833,413.144604,60.406174,73.473190
639.639418,406.312771,60.937054,73.062119
636.011976,400.686821,61.499004,73.472343
636.222681,400.849850,61.615253,73.676071
630.802029,395.405724,62.450668,74.625694
628.284874,391.439548,62.667168,74.499268
625.480583,388.090897,63.514244,75.111153
626.683445,386.115009,62.528656,74.937378
625.235832,384.286968,63.861504,75.502670
624.879662,384.582420,64.044090,75.012718
623.005329,380.119823,67.468506,75.777847
619.464359,379.343204,71.107880,74.700806
616.948895,379.031132,75.430038,73.912018
619.503090,378.549767,78.851524,74.175194
624.069122,378.987507,81.370918,72.670074
623.782082,378.276417,80.978966,72.793030
626.591503,376.551952,84.739700,70.793198
629.067646,372.916679,88.063202,71.019676
633.794628,367.560120,88.785782,69.993843
639.491554,360.064587,90.102654,68.722031
644.021912,352.847279,90.494759,67.481689
643.232258,352.620586,92.175232,66.833328
647.656193,342.192829,93.386780,66.902710
652.220890,335.547592,91.958771,64.395973
652.612751,326.761709,92.943573,63.679684
652.338036,320.532745,93.830864,62.834999
651.611526,317.727150,93.836525,61.807610
653.145954,317.810331,89.794495,62.044384
654.700226,315.175383,87.289467,62.336346
657.331089,312.557602,85.012390,61.388649
660.676826,311.723793,82.984398,62.015343
665.661266,312.351860,79.562881,61.499321
670.980267,317.997108,74.567947,59.971092
668.993633,317.804724,77.853561,60.656307
675.734573,321.370192,73.317543,58.895519
684.292767,321.737328,67.608902,57.662193
691.263432,318.598265,64.933624,55.274120
695.276144,314.981001,59.214748,53.136944
696.392941,308.411007,54.102921,51.961349
695.586792,309.080927,55.721626,51.553944
695.956150,304.598221,48.897797,51.170113
692.150017,305.195854,48.132912,46.554665
689.469482,306.129549,40.694710,38.783710
673.590179,304.097607,54.302254,39.821075
664.542116,303.580845,58.199329,41.656906
663.783350,304.234024,60.027424,41.987297
654.968454,304.112585,61.645054,40.136501
644.205467,301.232788,61.930550,38.006859
636.321785,296.948158,64.372932,37.890236
631.774246,296.791201,64.419518,38.102253
628.145329,294.607149,66.385117,38.114368
627.929211,294.524601,66.020828,37.726776
626.963570,294.468435,68.130394,37.054546
627.383743,295.317810,74.853035,37.179329
632.130230,296.415628,77.111160,37.751789
637.734135,298.759476,80.729156,38.004402
645.428356,302.121841,83.132339,37.517494
646.049042,302.063948,83.262550,36.484020
654.252453,306.127562,86.095749,37.760937
664.445385,308.100449,87.435349,40.136299
672.179790,312.003601,90.967575,40.013771
680.030025,318.024981,93.181931,39.590946
683.666519,321.822910,95.227028,42.476471
685.992371,321.837061,92.765999,42.530964
686.921745,325.896767,94.211937,43.022026
687.479877,328.431780,94.150116,46.099430
687.322731,335.625967,94.766258,45.656429
687.074005,339.207096,92.789131,50.170471
685.696957,344.146088,90.550552,53.247017
684.205479,344.014921,91.006836,51.947826
680.476250,346.546049,91.140984,53.980267
676.985455,344.390984,87.281479,56.554497
667.752575,339.274757,83.836563,57.395470
660.299313,329.989916,80.509872,60.802280
656.699570,319.765314,78.079964,61.262379
657.335800,319.821136,78.069313,60.495857
656.624710,312.951639,73.278877,63.331654
658.021049,310.847446,69.297722,66.511292
661.937786,308.801723,63.738419,67.698959
664.998438,307.274357,59.669086,69.347321
668.750048,308.938484,53.202946,68.864403
668.694717,308.922165,53.243019,68.366341
674.712849,314.930363,47.022614,69.826691
680.480455,321.566948,44.097446,72.548790
687.040995,329.200741,45.840900,74.628036
691.443157,335.090836,46.581161,75.876930
695.966909,341.697639,49.071682,77.844231
696.476978,342.176785,49.002411,76.034653
700.878843,346.590141,52.516064,81.053337
702.784121,350.978046,55.158207,79.867249
702.808533,348.514408,59.597328,83.675964
699.682053,346.022671,64.009254,86.631851
696.306297,343.877796,69.862297,88.928162
696.028740,343.516079,69.736687,88.858261
689.036270,342.653736,77.761299,90.566925
679.662346,342.784870,88.076714,91.319519
668.630013,340.779751,96.415337,93.742722
657.390652,339.091579,103.209122,94.971909
644.706150,338.742397,112.722351,97.407120
643.447357,339.674599,113.787544,97.643547
631.915310,342.871784,120.631180,98.732391
618.446949,345.355530,128.062958,98.880562
606.447155,353.893600,133.131210,98.837746
600.574299,363.127640,138.345306,98.499001
597.546749,366.066845,141.965530,99.504379
596.951672,366.418648,143.199814,99.346184
595.919262,357.946522,143.611679,98.068268
594.551472,347.852421,144.884430,94.808167
593.675816,334.107304,144.718201,93.928467
592.229458,318.557972,142.643326,93.578644
588.051647,304.818729,141.626755,92.328308
588.554401,304.321659,138.718658,91.584473
587.435764,290.122330,135.694580,91.297218
582.523785,278.557991,132.818283,91.064262
577.157108,272.389004,126.894775,91.044205
571.389317,274.171268,122.769775,93.511658
568.834438,281.457355,117.998550,92.845978
568.859329,280.518814,120.492958,93.761391
566.286026,291.623676,113.343544,93.659088
564.903423,300.044621,105.044205,93.786499
561.272137,304.740479,97.827133,97.093330
560.636414,311.495090,89.221016,97.219696
562.534431,318.479218,78.144463,95.633186
561.610394,318.741764,78.843887,96.074158
565.774567,321.378902,68.290871,97.316177
569.720284,322.828712,59.689629,96.174583
563.928009,320.659077,56.774178,94.486664
553.596710,318.377502,56.260170,87.021492
546.299423,315.829227,53.586342,90.967957
546.534737,315.868752,52.941154,93.199974
535.550196,320.500462,55.287708,95.545776
524.524616,327.192093,62.722717,95.766396
514.238434,334.080849,73.997414,95.697380
506.122303,344.277763,84.258484,95.414299
499.477856,354.293781,95.509872,95.229767
500.023521,354.696831,94.981407,93.748711
493.652905,365.446156,107.389236,93.721710
491.521816,379.431801,117.042648,91.397209
490.083569,393.214478,126.317337,87.395821
491.384335,405.573582,134.431320,83.851990
494.174702,417.505428,141.033386,80.028336
491.620731,418.798912,143.149139,77.520958
498.204456,426.856770,147.481323,75.089264
503.577770,435.356182,151.822281,70.347458
509.845127,441.134823,155.279633,65.042801
513.133327,445.414501,158.277023,60.236801
519.541058,451.406935,158.987595,55.064434
522.165974,451.661160,157.049591,54.980423
527.558628,459.223959,156.931763,53.020107
533.250744,467.781895,155.696793,50.817139
540.755627,469.879055,153.492630,53.059341
547.596447,470.943764,149.986343,52.077995
554.156277,472.442305,146.855392,52.543072
555.992069,473.279680,145.119507,51.915836
562.338818,471.189566,142.620529,53.657528
568.377903,470.334381,141.255493,55.041145
575.017788,468.732485,139.913193,56.921757
582.132725,464.064371,138.194672,59.833179
589.155750,461.334929,137.439331,61.321850
588.818813,461.556740,137.241867,60.753929
598.838757,455.970943,134.904831,64.295303
607.944485,450.118999,133.376694,66.594070
617.004711,446.527691,130.585983,68.451401
624.627659,441.258472,128.023529,70.959961
629.196312,438.585712,125.106926,72.712738
630.291477,438.638470,123.491821,72.338913
630.303329,434.980881,120.192360,75.073250
630.381615,433.926189,118.406883,79.008408
625.591053,441.328403,117.832581,81.451538
622.190041,448.645771,113.471123,84.285339
618.547516,454.182907,110.897224,86.374763
618.192513,455.446625,111.066612,84.388985
613.373039,460.785133,108.277733,87.500633
608.369854,465.178471,106.002792,88.543945
602.852016,465.443062,103.385147,90.700829
595.965027,459.106899,100.468300,90.691666
589.561787,452.707550,99.089050,93.164833
588.357433,452.863628,99.941299,91.120712
582.608013,446.338154,97.396194,92.793762
573.567898,437.334511,97.102066,93.658134
567.315254,431.039829,94.651451,93.461670
558.351288,421.527073,96.448708,93.300537
554.348366,412.193359,93.914085,94.029640
553.584087,413.371960,95.212479,93.560837
550.929565,405.731476,94.971840,92.541725
548.592167,403.247169,94.602386,91.747398
549.598263,404.456005,96.671951,92.013077
554.131172,408.786224,97.414146,90.813942
562.019012,410.083813,99.062508,90.757431
561.918541,410.694550,98.447746,90.532082
572.232273,410.865738,99.733215,90.396034
581.725811,410.515312,102.895096,90.951073
592.812496,407.136951,103.944870,89.101135
603.042633,402.528320,105.717628,87.805061
612.305485,396.708523,107.917511,85.372391
613.013218,396.489090,108.760071,84.489479
622.986301,385.056553,110.905029,86.535919
629.566559,374.151314,112.806648,83.889946
638.654228,360.665802,114.335258,84.331215
641.501541,349.887039,118.045418,84.914680
643.327442,342.316761,118.847351,85.167847
643.689007,343.000992,119.077469,84.612892
646.042576,339.300198,121.206238,85.796127
645.921543,338.902252,123.078979,86.791420
643.613258,343.018158,126.388603,87.451027
639.172085,349.535461,128.355057,87.446632
633.749828,355.959187,131.142807,88.523621
632.588917,354.941605,131.743744,88.801765
623.455067,362.076809,132.953522,89.819870
617.665394,366.559464,134.724518,90.462837
610.749393,368.935871,137.528198,92.219421
605.300854,369.435509,139.460434,93.251335
597.295109,368.004776,140.973022,94.140633
596.792988,368.289612,141.837250,93.785988
590.723858,367.865246,143.572006,95.880936
586.956249,374.070633,144.572250,95.317207
585.507435,376.496006,146.962555,95.973602
583.855938,372.896706,149.558578,95.983543
584.663288,367.399815,149.373932,94.958282
586.210033,366.690960,148.728012,95.616470
586.320400,364.219296,149.840836,94.161118
586.047390,360.165882,151.918045,94.956177
588.119450,358.107983,152.428406,95.320328
592.063984,354.618698,153.433502,96.996284
596.433575,349.950550,154.701340,97.885376
597.532909,350.766537,153.611740,96.528488
597.728542,342.986683,157.341141,98.745605
602.607853,339.507172,156.143921,99.464272
602.122158,334.953712,158.023819,100.097923
605.168713,331.671371,157.325851,101.361763
606.473911,333.799580,157.247681,101.500000
606.368801,331.416245,157.701431,102.254219
604.873890,335.736507,159.402863,101.559372
606.293278,337.779259,158.455322,101.057732
600.973904,341.644310,161.106705,100.471184
598.640545,347.695904,159.928513,99.194962
595.842693,353.107754,159.735947,98.470627
596.331638,353.414196,159.207825,98.075455
598.352375,358.921761,159.600494,99.438194
600.024960,362.237366,158.216507,98.533119
599.700375,366.511967,157.649307,97.495453
597.811611,368.133411,156.892410,96.475647
596.908848,365.516190,155.108154,97.084358
596.439724,365.087883,155.806412,97.509209
592.347095,362.053822,154.289886,96.263306
591.548512,359.036980,153.379547,96.841484
591.515896,359.591351,151.026321,98.216202
592.418224,360.515091,149.437729,98.273384
594.236866,361.313416,148.169830,97.363441
594.010715,362.682812,148.351135,97.393448
596.733440,361.588074,147.949448,96.182106
599.141956,355.842525,146.395294,96.102219
601.269718,350.001690,145.985779,95.550003
606.746960,347.175114,143.269882,96.501434
608.448399,345.115425,142.101379,95.991844
608.862080,344.346134,141.931793,96.555389
609.075352,342.158157,141.947083,96.503059
609.723537,342.708900,142.082169,99.789330
610.297520,344.490200,141.066528,100.614792
610.795170,346.615417,140.388428,101.798195
610.095409,348.453548,140.704941,102.127548
611.164822,348.603390,139.765335,102.302536
607.778019,348.444340,139.024231,101.984528
605.207928,348.114437,138.539474,104.083298
603.799259,350.728779,137.887085,106.133728
601.745701,354.799671,136.427490,109.925903
596.953739,360.534725,135.341919,111.820297
596.110035,360.953815,135.599030,109.684753
589.874790,368.152519,134.123962,113.855644
580.354427,375.654205,133.722061,114.159401
575.583134,382.344944,133.692017,114.430084
569.296253,388.007458,133.357086,115.574051
563.853703,389.516945,130.873535,117.990440
564.508175,389.593575,129.674820,116.020226
555.936314,389.368874,129.618591,119.559593
550.333679,386.165466,127.923164,118.266151
544.632851,382.834274,126.728264,117.963387
545.205894,377.143681,124.212730,118.878265
543.230152,369.193359,124.605072,120.054420
543.585407,370.368435,122.910919,119.817551
547.522018,359.782307,121.831276,120.300598
550.150822,349.326923,121.492004,121.608887
557.416512,336.257889,119.655693,122.601997
565.633602,323.109123,119.210037,123.483757
573.609993,312.718090,117.938347,124.563187
575.191437,314.104649,115.648994,122.234894
584.191727,301.257061,116.603615,125.940018
597.883785,294.703907,116.994827,124.067505
610.647190,290.642162,116.356262,127.730301
624.910969,286.161427,114.628082,125.062866
641.617287,284.141811,113.553093,127.421249
642.203663,283.881672,112.871307,127.607605
658.401268,282.299961,113.871483,129.007538
673.409512,282.266735,113.386368,130.140396
691.026627,286.200733,112.812965,129.546875
708.090359,288.245609,114.041763,129.959381
725.070522,284.732616,115.212723,131.213882
725.681046,285.322918,115.328835,130.168289
740.673286,280.885891,116.933464,130.428574
752.573441,277.263363,116.300148,129.093796
762.585140,277.955036,117.606705,130.584167
770.283794,281.106960,120.521591,129.590683
773.734547,288.134983,123.297943,128.417450
775.065083,287.923435,120.422760,130.399445
772.959038,294.600529,124.697105,127.758392
763.737297,304.552921,127.215355,129.480377
753.048611,314.473263,130.923172,129.893600
741.758305,326.987225,132.437561,130.611526
729.284054,346.468563,134.833633,129.884628
729.940228,347.501492,132.518295,129.298203
719.194408,361.357883,134.422531,130.161652
709.730564,376.492405,136.931580,130.033844
697.444012,384.896427,138.795456,132.349396
687.762196,393.230930,138.649139,132.113678
678.621029,399.695469,137.745926,132.878021
679.339336,400.482517,137.522324,132.350311
673.685680,403.569798,136.442123,133.040497
666.310810,405.166210,136.796478,134.128983
661.134075,406.317028,135.390060,132.879898
659.578449,404.784870,134.909088,133.837097
658.504215,400.812466,134.284607,135.149094
657.116375,401.473141,135.070480,134.971664
658.039364,399.612576,133.371780,134.550705
658.977650,397.714100,132.012665,135.774353
664.736713,394.275921,130.999847,136.948135
674.619717,391.337887,128.234940,137.528976
683.177814,388.739719,126.847687,138.167938
682.316772,389.059040,126.135506,136.830383
692.308228,387.059635,125.280220,137.778351
704.282345,386.484554,123.159561,139.672775
715.292557,387.158260,119.820717,139.875107
727.824554,390.086529,118.778694,141.318497
740.420609,394.427471,115.979591,140.105057
741.924007,395.815205,114.513992,139.843384
752.305313,397.617977,111.740089,140.904221
764.192513,400.331348,109.888054,140.254639
769.200817,401.519466,108.470627,141.062546
767.636402,393.365620,106.966522,142.834595
764.707703,384.489056,102.121590,144.354935
765.331520,384.323231,102.600578,143.768555
760.757706,373.724758,99.814064,147.960800
752.524868,363.234661,97.726761,148.010574
744.309784,353.732388,95.023262,148.307053
729.546082,343.083523,94.305428,149.354843
719.662510,332.723820,90.635559,149.186737
719.771019,332.634510,93.421654,149.471375
709.982944,321.122036,88.488037,149.664230
699.808002,308.479702,85.143097,151.189316
688.753109,298.378025,83.869522,152.145355
675.170334,295.507931,85.501869,152.387436
665.941788,303.990368,84.418068,155.402969
664.649311,303.781864,84.778229,153.562958
659.758495,315.373791,84.991745,154.119949
655.571209,329.146488,85.633713,155.157440
650.544086,343.207302,86.060272,153.371933
646.389961,351.255009,87.308220,153.518829
641.001789,355.010662,88.545685,152.892593
642.664734,357.024441,87.250008,150.539963
636.403522,358.392002,90.223846,152.507721
632.590836,357.364025,91.665443,150.925735
631.202820,355.548672,98.095711,151.037888
632.837341,353.647823,99.816963,150.453354
639.632275,353.062489,103.910812,150.013428
640.493092,351.760303,100.734955,150.760437
642.837543,350.048580,108.089569,150.344345
646.517704,350.237949,110.584839,149.792816
648.052513,353.505772,113.531700,149.911469
649.524796,357.218426,116.469643,150.253860
648.779282,362.501034,118.598427,151.803513
647.838902,363.651836,119.738037,148.727921
647.830700,369.114208,122.255173,149.894913
646.692665,372.124493,123.343864,150.060318
640.737228,374.622623,123.894325,149.589264
639.185528,374.832462,125.160385,150.345612
634.793056,376.677715,127.686234,151.398453
635.035473,377.662281,127.131210,150.567810
634.043110,381.799175,129.938385,154.310379
632.831028,392.219814,129.682373,153.102158
636.899845,400.215466,128.543274,154.874405
643.032513,402.843533,129.929306,155.050949
647.674847,404.804180,129.334763,153.053177
648.248928,404.705891,130.511002,152.349731
651.575741,404.939701,129.224014,152.572357
653.989368,406.228138,129.087616,153.948242
656.288471,410.195980,129.159821,154.333908
657.731373,415.040035,129.561859,152.920761
658.827534,417.013645,130.349274,152.838837
659.410084,418.030643,130.538300,152.501984
656.427662,415.895374,132.346527,153.135986
654.532772,410.472622,131.254654,153.157150
647.574505,401.317692,131.727707,153.428558
646.569477,392.311321,132.488373,153.127335
647.584644,382.854252,132.024139,153.105804
646.526592,380.797756,131.669174,153.816757
645.395161,371.912304,132.866364,154.255569
641.573536,369.324528,130.452667,153.114471
640.363903,367.746616,130.125534,154.752289
643.760342,365.374378,129.220230,154.995422
646.743671,362.892002,129.014862,154.250580
646.778049,362.655338,129.233093,153.535309
650.121235,357.371906,128.271515,155.003418
648.000767,345.902187,129.904968,153.607407
649.338505,328.708500,127.163513,155.356415
645.509533,319.095432,128.009262,154.777924
643.411758,307.134151,127.707497,155.639633
644.148525,306.360226,127.308609,154.549911
643.083988,297.291157,128.615601,155.746277
642.050755,294.236240,126.197510,156.542145
640.705891,298.763599,125.844330,156.869629
642.236538,306.053440,126.273453,159.251862
643.744453,320.597240,126.374687,161.695999
644.274403,321.918102,126.732391,159.865799
645.834332,334.727757,127.340195,159.894684
645.250423,344.476093,128.045792,160.058105
644.949356,354.469967,127.986671,160.660629
644.062916,362.453083,128.864594,160.915466
641.342075,368.221920,130.235046,160.888046
642.354092,367.923954,129.483170,160.714935
638.237408,371.816181,129.827011,160.710938
627.489422,371.748890,131.417099,161.406555
618.333942,373.159977,131.970001,159.429596
611.024929,373.183018,132.513199,161.222137
601.833347,378.878910,133.416626,160.392181
599.907421,379.803844,135.030197,160.937881
594.891613,384.589481,134.782822,161.994049
592.684025,393.759281,134.982056,160.573517
591.751926,398.254200,137.884583,160.719116
590.118908,403.075527,137.803635,160.714096
587.402111,410.536816,138.304245,159.875015
586.333477,411.126308,138.932480,160.264450
592.132442,418.103069,139.067398,161.643143
599.129391,422.323154,140.151016,162.418976
609.808002,427.620968,141.953522,160.131821
621.324322,433.021053,140.985092,161.131821
631.465939,439.879551,141.018814,160.636810
633.436779,440.272343,139.932724,161.907013
641.554638,450.564571,140.578476,160.319809
648.632954,459.174931,141.136261,159.826385
653.911633,462.959110,141.581528,160.061737
655.928356,466.750713,140.477097,159.478226
653.436634,466.443462,141.380219,159.955032
653.847164,467.495388,141.785294,159.442429
648.506138,467.058865,141.956787,158.181320
649.268612,461.838879,143.127823,158.987564
644.907276,454.030781,141.973541,158.826660
641.600376,447.088696,142.619751,158.239456
638.406116,440.299885,142.884003,157.653076
637.573055,440.521320,142.858902,157.022156
634.366634,434.319996,143.320999,157.515015
634.327251,431.857807,144.942307,154.332825
634.041279,426.120640,144.595612,156.051422
635.613552,421.956577,144.830154,155.486237
636.985912,418.353054,144.226974,155.415329
636.386593,416.800350,143.748611,156.912399
636.926876,413.896152,144.038651,154.660126
636.202320,411.125332,145.706268,154.864792
635.531437,402.423122,143.846985,156.198105
632.560383,394.956966,144.724335,156.632980
624.203457,387.946377,141.010757,157.410141
623.490154,388.461079,142.306320,157.144714
610.958363,377.898746,141.440887,157.270111
592.886379,366.805088,143.033157,157.975739
577.556065,355.783695,143.546509,160.731964
561.910252,349.102337,141.807434,161.099686
549.488605,347.839733,139.990387,162.155228
549.908054,348.088482,142.197693,161.683365
537.217098,347.419605,139.446609,162.856873
524.403088,341.622791,141.745102,165.258362
514.069263,338.922611,142.630463,166.895966
507.762005,335.453976,144.458725,167.418564
503.572430,332.735897,143.306808,167.485031
503.751827,333.839977,142.343460,166.924515
502.546345,330.439228,143.127838,168.253235
500.467228,326.468067,143.020874,169.723389
501.166065,324.575214,143.298981,169.528076
500.224552,318.906422,143.884460,172.229858
500.318043,314.259151,143.038605,173.641464
499.578213,314.674412,143.120865,172.559113
499.183552,312.182858,143.891693,174.686386
497.819805,311.088810,143.068832,175.911285
497.610058,310.633884,144.937973,176.360077
496.505604,308.946682,144.196442,177.211227
492.434345,306.512173,143.906647,179.625473
492.255703,308.011204,144.189285,178.226105
490.828312,307.048237,144.918945,180.142822
488.373974,308.834583,145.123520,181.029968
491.064320,312.243122,144.528290,182.013733
491.579350,317.402111,145.016357,183.310379
493.648144,321.544979,146.232895,183.937363
494.349812,321.538197,143.152130,184.855408
496.094746,326.332912,145.592194,185.667709
497.661083,331.161564,145.620834,185.376190
501.931072,336.749935,146.369736,187.500046
506.270527,339.791950,145.462677,185.573975
511.859142,336.114040,144.312180,185.909897
511.211758,335.964886,144.514481,185.951981
513.675396,329.269054,145.037338,186.194778
502.513493,319.509487,146.804749,185.584579
496.824825,308.175358,144.847549,186.364288
495.070675,304.275753,145.708572,184.788559
493.471355,300.103336,144.569443,185.402496
493.489826,301.228489,145.091766,184.776154
490.671574,301.101902,145.721863,184.641876
489.328632,299.911144,145.335541,182.860855
487.678280,294.328945,146.203506,183.977951
487.736866,288.870098,145.856476,182.568985
484.655445,282.133381,146.517670,181.777832
486.303745,282.276623,144.479980,181.320023
487.486881,272.334080,144.513916,180.308441
485.437794,262.553661,144.801788,181.005997
482.444920,254.044880,145.566162,180.703491
478.715267,247.434124,143.036819,180.495743
479.782696,243.471508,142.373886,181.288101
479.083317,243.936184,141.830566,179.065536
479.633320,240.658131,141.307404,179.539612
479.227070,238.131779,141.348297,179.214691
476.375881,237.246365,140.072891,179.224838
477.469936,235.982349,139.000687,181.513855
475.116184,239.656918,138.343750,181.357712
474.743313,238.933056,138.573135,182.479263
473.506557,248.055508,136.189468,184.834946
474.519024,259.263187,134.253647,183.982269
480.715534,273.501537,136.777924,181.219559
492.067738,287.596058,133.786285,179.018982
506.542866,300.505146,129.850433,175.521912
507.230656,298.290333,127.567810,174.903870
516.716030,307.806408,127.920242,174.206131
527.699482,310.586269,124.008453,166.759567
535.060783,309.678646,120.997032,166.617050
535.641273,312.102810,120.134636,169.584030
531.550037,313.548740,121.175629,167.076508
533.592686,312.324451,121.657593,169.039368
530.210743,315.732632,120.168060,167.600388
527.436752,323.711239,120.020668,169.410629
522.314751,333.202930,121.398643,171.227173
518.202602,344.688778,121.747330,171.568222
515.655933,354.476559,121.022003,172.068466
517.917362,353.338947,123.782471,171.152588
515.684662,365.736362,121.893623,172.786896
516.315605,375.797718,126.450584,172.085693
519.534992,380.294125,124.826813,170.137558
520.464542,378.531422,127.272095,171.619507
518.169594,374.845455,125.873711,170.445786
518.088909,374.617306,128.381088,170.692184
520.285427,369.698994,128.837967,171.510376
518.965099,364.309696,129.997238,169.959259
519.757160,357.556805,129.329620,170.039505
516.138065,344.519329,130.594421,171.322708
511.738499,335.274342,129.971680,171.512695
513.947186,333.745243,129.631210,171.822968
507.378712,327.760365,130.601105,172.542053
501.624195,323.300678,133.672211,174.076416
495.888432,325.103825,133.354431,173.179047
491.900356,331.050777,130.189835,178.707138
491.046215,338.632687,132.890305,179.460068
489.245113,339.548267,134.773453,176.342834
488.429211,343.662083,133.906174,174.800262
487.941792,344.924641,135.384979,174.907715
486.975307,343.981640,137.180374,175.012344
487.679867,339.431919,138.092422,175.791534
489.574535,340.993275,139.264938,175.457336
489.623165,340.286083,139.302139,176.164444
496.549526,340.138493,139.016861,176.407562
502.848095,341.206409,139.830795,176.758789
509.918041,341.790981,139.843735,177.122543
518.856220,344.192005,140.191132,177.483887
530.412075,348.656368,140.110245,177.075729
532.025852,350.246235,140.808594,176.424194
541.799015,352.934124,140.819824,177.598648
554.644688,357.666828,140.068848,179.291870
567.011852,359.809628,139.554428,177.212814
577.481449,360.360104,140.301208,178.046249
585.977917,360.434597,141.712082,178.238449
586.005512,360.746754,142.881195,176.262634
594.035580,357.629856,140.690201,176.486481
597.182545,352.495312,143.595551,177.610184
599.368595,347.406178,144.996460,176.976501
602.014721,339.672489,144.774399,177.908112
600.290600,331.089634,142.509872,176.945953
599.309185,331.373028,144.055283,175.638931
597.783115,321.162647,141.640930,176.293152
590.360104,310.674854,143.690018,176.299316
581.341671,299.843586,143.857132,177.388306
572.301266,289.332172,144.055191,177.577087
567.463955,284.554264,143.120010,180.853790
567.246220,285.814243,144.303040,179.284882
564.956615,285.774685,141.517990,182.434372
559.717373,292.296604,141.545181,181.074127
557.498806,297.615856,142.797440,181.146683
559.182362,307.018696,143.890228,182.146362
563.814831,314.442593,143.767929,181.704086
565.392368,314.298061,143.642578,181.662277
567.210171,319.847958,145.199600,182.781662
569.731884,325.651707,145.734543,182.726166
570.696972,328.985447,144.273605,180.141388
571.586857,329.650883,145.118225,179.834686
573.410206,331.765827,144.108185,179.304504
573.595608,332.800503,143.174393,179.069077
575.482601,337.473240,142.124283,178.550568
579.617741,343.138142,139.920654,176.500671
583.323330,346.683666,135.520950,170.455826
588.665699,346.490231,133.838776,166.445724
591.881901,347.332912,132.905579,163.700485
592.062733,346.771885,133.684967,165.352692
592.242268,344.793537,134.590485,164.923340
591.446377,339.384998,133.126480,163.207947
589.493504,332.120419,135.454163,164.278305
588.243168,325.323215,134.007507,163.540497
585.974468,316.717854,136.406174,162.128906
586.232563,317.037144,136.689301,162.001740
583.308903,306.012348,135.880554,161.945801
581.454113,296.098560,137.227646,161.740356
579.832142,284.578335,138.502716,161.163986
581.380215,276.840351,138.826920,160.828064
581.357121,275.713551,140.799072,159.945374
581.578884,275.708172,141.079056,159.759171
581.872028,274.382557,142.003937,159.608093
584.433514,272.407078,143.726547,159.658844
586.667454,273.630634,144.195801,158.218872
586.128910,274.133053,144.789062,158.665878
584.792385,279.982571,145.403336,160.312241
585.385685,281.115749,147.218750,158.653061
586.694973,289.687847,145.679398,158.808548
586.761822,302.222370,147.587936,157.739014
588.691975,313.685184,148.241547,157.215790
587.895611,323.579639,149.384628,156.680542
586.011143,331.623318,148.753662,156.163803
585.815418,330.389950,150.458038,157.251266
582.906910,336.884655,150.949554,157.495193
580.627201,345.329021,151.056946,156.544571
576.882168,352.682507,152.805801,157.825333
574.619747,359.137989,152.251541,157.558655
570.692669,366.017544,152.495834,157.717392
569.866222,365.472546,153.329941,157.366348
567.883007,369.941730,150.700424,157.451416
563.867138,372.765324,150.954514,158.460358
559.161404,374.947063,152.479935,159.088699
554.691952,375.635281,151.374039,162.433090
549.911480,380.213795,151.004562,162.845642
547.155010,381.794308,154.545456,160.795212
545.869808,383.202595,151.219803,164.798279
543.135059,386.919880,150.903961,190.354126
544.738491,393.735989,153.716751,170.329636
539.843311,395.725368,164.619476,168.278305
554.074604,397.703739,154.227020,164.910675
549.533306,395.927021,162.494492,165.435303
559.879253,394.102085,154.570358,164.644379
564.284496,384.985180,155.057419,166.016556
566.070065,377.427570,157.048843,166.076233
564.860752,368.790997,158.908081,167.754227
569.288097,363.242207,157.752121,167.241821
566.562649,364.051807,161.918228,166.479187
568.060986,358.297024,162.606735,167.952011
566.078083,357.092541,164.233368,168.818558
562.741810,356.006954,166.328156,168.190598
559.659275,354.798016,167.503540,169.109146
555.237339,356.028400,169.370911,169.491333
554.618610,354.526653,168.394623,170.426773
545.381535,353.971004,168.366333,168.444931
535.205502,351.504047,171.431839,168.845398
525.251713,348.560421,172.659119,168.077927
511.460590,343.080967,174.733307,169.807159
500.827465,340.185459,175.633102,169.064117
501.736439,338.783817,174.691803,169.991669
489.875614,332.543743,176.082458,169.295975
480.081249,320.001301,174.799240,171.431702
470.566196,306.517872,174.592468,172.298828
460.956417,293.109943,175.038773,173.327026
450.069935,282.878750,177.392181,172.453537
450.007877,282.649395,178.758606,170.410721
444.593739,272.668232,177.371857,171.124084
440.116764,264.576397,176.164307,171.687271
436.449116,259.818439,178.389313,171.588684
435.374233,260.066479,179.132339,173.914444
434.739140,263.474346,179.670715,176.495438
435.105427,265.282482,179.445831,174.535721
438.314037,270.428272,179.359604,177.471924
440.545757,276.683781,179.639694,178.568817
443.468937,286.890881,177.129883,176.881058
448.451679,294.959927,174.615448,176.720871
448.345219,296.907528,177.279358,178.366440
447.542072,296.909351,177.359039,178.371887
448.491016,299.274151,175.133636,179.187393
447.318012,300.693386,172.907257,178.149155
444.755634,301.728603,170.582489,177.791672
441.298580,304.531467,166.973526,178.109222
436.520580,304.063206,167.554489,177.822357
434.774754,302.946644,168.133911,179.506287
430.529301,304.151203,166.252197,179.030579
424.760509,303.273579,165.798630,178.306946
418.162991,298.674931,165.944046,180.974213
411.104527,292.451916,166.918335,183.887589
404.724384,287.617748,167.662994,184.163040
404.643192,287.993397,165.946533,181.774780
400.625813,282.451412,166.545624,183.960068
395.921894,277.838093,165.812286,185.032898
390.400097,274.138027,166.707870,185.442368
387.235859,270.982578,167.938446,186.874115
383.513836,270.324146,168.821701,186.794434
383.841938,270.349857,167.281219,185.492462
380.512386,269.000095,168.291763,187.396759
378.645824,270.119373,168.912949,188.609436
374.169163,275.655193,172.539734,189.506851
376.205608,282.041714,169.714584,189.916183
374.610279,291.184040,172.815155,189.815063
375.024281,288.444660,171.064484,190.652283
371.983723,299.631023,174.713348,188.976212
371.395206,312.027851,175.142883,189.787048
372.236744,325.871189,175.262177,190.729401
375.446064,342.556454,175.984100,191.093369
375.749241,356.366390,176.569458,191.284470
377.245739,357.634426,172.486008,192.070541
376.699223,372.853809,176.371582,190.850647
376.649082,385.210781,176.410583,191.195053
373.590771,391.308392,176.705551,191.725357
370.891628,393.588154,175.248245,187.974976
367.654659,393.386997,175.227127,187.016449
368.156391,392.634327,175.365753,187.901978
364.416523,388.942554,177.337067,188.778870
360.784115,385.381565,178.115555,189.529694
356.137089,378.004177,178.194641,189.278732
350.352604,375.166584,177.827820,186.129578
344.700771,365.892025,179.869888,187.885544
342.530270,366.919262,179.785965,186.726639
339.767620,355.953869,181.816635,187.806839
340.627476,350.827244,180.270752,186.505585
340.064411,355.380947,181.023712,184.991318
340.637974,361.993092,184.017151,186.146606
349.110821,368.361164,185.242905,186.964294
349.417980,368.810329,182.959274,185.410202
362.274075,373.334812,184.165604,184.913849
379.175373,374.834713,182.105194,183.983322
389.860851,366.973667,185.962387,189.703339
405.071316,366.184650,182.259415,187.177612
418.080952,366.097607,183.610504,185.955582
418.057316,368.957355,182.619934,183.876099
430.177181,368.585346,184.075272,189.058899
441.109196,371.264034,184.078003,188.634018
448.085636,373.227612,180.471252,184.702774
446.845257,371.863064,182.597580,187.363693
443.290462,371.778912,181.325516,186.396439
444.498508,371.048061,180.551208,188.127304
437.679188,370.485249,180.291290,186.860107
422.923801,368.751041,180.103088,189.319672
401.400471,359.975086,182.347198,191.994568
384.917255,348.224895,180.861481,190.183182
372.347157,335.800381,179.623932,193.577133
370.127972,336.135258,179.620224,190.822174
359.446186,324.135502,181.081879,196.217682
349.780170,315.985630,182.172943,196.824493
342.498730,313.543560,180.273300,193.551468
335.918888,314.895855,181.314514,193.780228
332.916035,319.186337,182.608185,197.746811
334.025181,317.503902,180.131592,197.126694
334.350620,327.904644,181.311829,196.612503
335.211773,337.822430,181.339096,198.076248
339.374088,349.316807,180.123108,199.829254
341.738461,358.584736,180.208633,199.926941
343.457150,363.828136,180.864273,199.484207
344.172848,362.748455,179.860916,200.417435
346.889767,365.366436,180.018814,199.512222
347.323826,361.495777,178.583374,202.368713
348.301281,356.678677,178.257553,203.413071
346.632969,352.406696,179.112976,201.997681
349.350292,354.530384,179.867477,205.453857
350.066944,355.104893,179.529327,203.277435
356.829914,356.524906,179.524384,207.273407
370.954479,360.244862,182.465134,208.449707
385.661129,364.413380,182.818314,207.752808
399.436550,366.687992,181.916214,208.550568
414.496349,368.534260,183.678268,205.706970
414.313778,368.581730,181.647964,204.481293
428.446362,365.498653,182.742722,207.136948
440.986080,360.723438,181.449417,208.075500
452.059055,354.441502,178.785461,207.514069
462.918667,346.020916,180.664871,204.957047
472.596302,337.743816,178.332611,207.823074
472.875416,340.223110,178.077728,204.206467
483.408253,330.876080,178.208954,208.591690
491.916996,324.192791,177.791870,208.745071
501.112835,319.770763,176.551682,211.415115
505.956676,315.181942,175.332565,213.923386
514.041737,314.191746,173.135468,209.794281
512.443165,313.087872,174.409821,212.598526
516.267467,308.753033,175.053818,209.820206
520.893818,304.035748,171.974884,215.820389
523.162327,302.210026,171.115967,214.713531
525.433659,299.167591,169.999634,216.131775
526.790432,295.819866,166.592850,214.192520
525.611164,295.292965,167.407074,217.819992
523.996723,290.359333,166.744476,219.799805
522.917141,286.762615,162.661087,220.344559
517.808544,282.089397,161.749191,220.807510
513.942112,276.474133,159.728699,221.228348
507.124172,266.085796,160.865067,219.282913
506.357944,265.042355,161.538879,221.347275
502.678455,259.235775,160.662689,219.052231
496.297504,247.053036,159.111298,221.866013
491.088657,237.764660,159.154663,222.933853
486.342869,231.272617,157.312744,223.701752
483.310101,225.691387,155.226425,224.783524
484.222248,222.553356,154.408478,229.103287
480.666630,221.792980,155.883240,224.957474
481.911121,220.568981,151.386993,227.255386
481.434200,221.315701,150.982742,227.634567
481.876301,222.450031,149.888824,235.405273
484.124241,231.714031,151.395630,233.417618
484.433430,231.463238,150.759308,232.622757
489.211445,240.918766,150.420929,236.823944
495.986691,252.768429,150.026260,235.617294
503.994099,261.984097,147.603546,236.820786
506.561329,267.379734,145.414948,238.173370
510.475155,272.906872,143.415970,233.515701
511.434963,272.334858,144.440933,231.852783
509.861942,273.416431,145.967712,232.879761
508.875622,275.959904,143.945908,235.835907
507.417286,279.700275,143.532440,233.511536
506.262272,281.384441,139.818115,233.279312
502.392735,282.161282,138.367126,232.729050
501.275608,281.384663,140.345032,234.468567
494.438503,282.107594,139.618607,236.289185
486.865444,280.150684,138.552933,235.673096
484.723812,277.734432,135.345840,234.443466
480.346378,275.990971,134.160767,233.613129
477.745564,269.975430,132.943756,235.145004
476.299770,270.460171,133.695145,232.817917
474.079639,265.577312,132.414825,234.502884
474.565533,261.234081,135.296432,234.066238
477.579433,259.015369,132.407364,233.213440
483.371212,259.725170,131.164017,233.896133
488.737202,266.009357,131.362518,237.497498
489.652477,265.343853,130.816940,234.261917
494.839245,272.960316,131.094406,240.257996
505.240116,281.152859,130.282410,236.032028
511.757824,289.185009,129.781967,236.998001
518.491398,295.174404,129.888062,234.370712
523.795383,295.117756,128.874329,232.485168
526.008942,297.160007,127.084236,233.625275
527.829666,294.826435,126.693275,232.600281
528.811954,287.842503,127.387268,233.953949
525.398319,279.932774,126.345947,235.752777
521.745468,273.135464,126.071144,236.644516
517.654839,267.164440,124.425804,237.327103
518.370068,267.142933,123.595810,236.683533
510.826015,265.329380,126.554276,236.640350
502.408047,266.390224,127.722488,235.918686
497.354755,270.477718,126.457977,235.835556
491.362907,275.665897,125.624474,234.931427
486.991535,279.303455,127.974152,236.769897
490.287354,278.850513,124.310432,237.425720
484.297066,284.899632,125.928337,236.556671
483.465076,290.639576,124.824677,239.130127
486.277508,295.400890,123.300461,239.813126
490.404045,298.193623,122.150536,241.859619
494.542412,299.465382,120.606712,239.568298
494.291893,300.803135,120.518211,238.925262
499.432209,299.988262,119.226532,243.771439
503.325989,301.402653,118.605659,242.670929
512.295174,300.023327,115.241753,239.949661
519.331764,296.641979,114.400322,241.054398
526.509266,289.904179,113.649567,240.458038
528.457649,290.082951,113.128044,240.460419
535.559193,286.395962,112.085724,241.487961
547.198429,282.733059,109.431030,240.806259
556.392494,279.844624,109.873039,239.242920
565.903492,275.647076,107.736053,243.744400
572.332340,273.536701,105.790588,239.178406
573.603680,273.343029,107.399704,239.352676
580.099174,272.724400,103.535118,239.892609
585.213348,274.365391,101.126534,233.814178
591.632408,277.608471,99.835350,227.775589
595.156021,281.163319,99.048683,224.150696
598.849491,282.208607,95.933350,216.464294
599.413467,281.831501,96.771400,214.209717
600.739521,282.032787,95.641022,211.701859
602.107475,282.413815,94.208885,206.796494
605.208656,281.952099,92.363823,202.815506
600.491100,280.094097,98.074081,206.178177
602.206032,279.972408,96.059013,208.928207
601.934643,280.145962,96.016159,208.927475
600.879498,283.403202,98.438644,206.224335
601.104103,289.855541,98.543022,203.555191
597.848274,295.675892,101.228081,203.132874
594.682732,302.341618,101.915672,201.257294
596.303452,308.665974,100.156532,202.642090
598.173397,306.699932,97.841812,206.574600
594.451782,307.801739,101.428596,205.314896
594.516907,306.410519,98.568001,206.077133
589.532318,301.138309,101.768867,205.509613
589.339943,291.545589,99.802788,201.791183
591.366749,280.090199,100.378876,205.594055
591.449577,279.554470,99.709007,205.383713
594.630299,271.390682,98.357208,205.597275
596.362556,265.973301,96.947929,206.310272
598.020851,260.593090,97.942253,207.110489
599.282932,254.292736,96.578552,204.533340
600.857174,245.509914,97.382095,205.727158
597.767612,244.503017,101.490051,202.153915
600.772449,239.115711,97.100006,205.422485
596.740246,236.609379,101.139450,202.030548
593.204929,239.666325,102.965576,203.247345
595.680161,246.502399,99.831154,199.342957
591.561890,252.646076,102.190315,201.940918
595.136211,252.114353,100.093552,201.931366
587.968815,256.385059,102.891174,201.958679
584.513737,261.604183,101.544434,200.961411
581.416103,265.528599,100.266922,200.423065
575.009480,270.511539,101.818939,202.418121
568.705368,278.791813,101.361122,201.117523
572.085945,277.617641,99.058769,202.799301
563.565895,287.277836,101.060661,201.452606
559.810886,299.276707,99.541748,199.490021
553.226566,303.936924,102.113281,201.034271
548.533939,309.770489,102.450134,201.030899
545.253963,312.152309,101.409622,203.459030
547.958000,312.226772,100.039940,201.905258
544.590233,311.470066,100.343895,203.552521
541.044621,310.990215,102.674927,204.953506
542.996056,307.351902,99.202843,202.312347
546.491795,300.491764,99.878601,201.356781
551.786774,292.139965,100.035896,203.287430
551.569847,290.244694,100.952660,203.980194
557.050304,283.951656,100.244980,204.200363
563.319359,277.068523,101.257530,206.060196
569.732452,272.462269,102.291939,205.735168
574.080574,273.081226,104.283989,202.946350
579.145473,271.891216,105.058121,203.153763
577.972660,270.929302,106.119751,205.633194
580.179028,272.470249,105.835312,201.930878
579.145252,268.711742,107.613068,204.191666
577.348038,266.996815,108.401344,203.392578
571.485481,270.604206,113.539299,202.360840
569.570114,274.384991,114.138588,202.420059
570.624973,271.843006,110.409973,206.243286
567.405708,279.741337,115.213615,199.740143
566.409359,281.605274,116.567825,200.383728
570.069309,281.032909,115.763855,202.815201
574.718674,276.084019,114.566689,200.352509
573.944138,272.258877,118.045082,199.574509
573.531242,273.975040,118.759300,200.259003
572.913425,269.225414,121.392822,200.982986
571.737419,270.517162,122.811729,198.964371
569.979958,268.713306,119.574211,199.716064
565.666832,271.494068,121.548912,197.308960
560.046368,272.643116,121.458420,200.287292
557.974564,271.805744,125.720436,199.597046
552.456337,274.249218,123.157158,201.955032
542.610958,274.692814,125.012100,202.609344
536.505753,277.140194,124.308754,197.531296
526.657906,274.089207,126.705498,197.964630
520.913532,272.142101,128.845490,197.572830
520.524326,272.237316,130.762024,198.178055
515.479443,268.429874,129.486435,195.440643
510.880878,265.550884,131.470184,191.561417
506.314739,253.368298,132.201401,198.779129
502.974934,246.562092,132.393280,195.655457
500.862926,237.269611,134.651840,194.642700
502.166439,234.944538,135.447403,196.799927
503.334293,229.510914,133.168579,194.066040
503.501400,221.973118,136.338699,196.767548
504.948483,222.891232,137.582962,200.631210
508.915890,227.028492,138.853714,198.128479
515.394001,231.302258,138.779694,199.601822
516.094212,235.000652,136.719299,190.785355
519.430714,234.343525,140.965912,200.536987
526.997257,239.071430,139.999451,193.500244
531.619343,245.007969,140.795441,195.972931
539.508717,245.299633,140.122894,194.898026
544.572384,259.118496,140.131973,187.650314
544.828472,268.225330,139.074081,176.071350
549.286465,266.163517,139.956436,181.487762
553.339046,263.238682,139.619644,189.004242
556.679073,261.750431,138.280777,189.847198
560.771717,257.766018,137.352509,194.936935
561.487667,256.360859,135.620132,196.183472
561.468266,260.046787,136.101562,193.823822
561.778034,255.978619,134.230865,195.928604
561.888973,254.408138,132.843033,198.348312
561.235233,255.852489,131.529297,196.775467
557.330898,258.947361,129.932144,195.845306
554.630150,259.732891,126.496788,196.658340
554.458988,259.279232,129.493591,195.235641
551.556911,259.135632,123.018082,201.004227
548.218933,260.636578,122.395760,199.719376
546.127880,262.026501,120.389328,202.875504
544.604332,262.457432,120.711998,201.968964
543.349972,261.702816,116.556107,198.489914
541.875828,261.541264,120.078491,203.527496
540.069187,254.571957,115.644470,196.425217
538.708481,251.331554,111.843910,201.162796
535.901993,244.151287,108.722755,200.781631
532.697674,238.173008,106.052719,205.038544
530.328117,235.698048,102.859459,202.896912
532.239643,236.661304,102.631012,199.090637
533.290230,237.608288,99.879814,196.279129
537.753166,238.588741,96.329430,194.812485
539.157341,239.066982,94.365562,194.264938
537.452900,237.830212,93.605988,195.327103
539.757275,240.680958,89.964401,193.913879
540.015270,240.292850,90.330917,194.386261
542.851269,241.052517,86.539108,194.418808
546.060364,241.951801,84.705757,195.792236
553.432884,241.631237,80.899010,192.982742
560.202854,235.660107,78.611694,193.728653
565.532185,228.101719,75.344757,194.304474
566.353168,226.136654,76.344330,197.940842
573.944550,214.071712,74.164314,196.819260
579.952152,199.975468,72.324768,196.119049
585.984760,185.490444,70.756317,198.090988
589.549191,178.244122,70.638260,195.977921
593.629288,172.381863,69.475807,200.096970
593.653038,173.946873,71.097740,197.464203
595.959969,170.551189,69.485771,201.400589
595.410915,173.586636,68.080704,201.478683
594.386696,176.456821,67.101067,200.242157
592.892429,181.575001,67.151489,201.283936
593.264877,188.918598,66.821327,201.139648
592.357021,190.764294,66.942215,199.712906
592.697113,195.483150,66.323616,200.585373
592.194862,201.963573,64.775139,199.920059
588.906258,205.324070,64.384941,199.422760
587.248333,206.381466,65.277145,199.232162
586.066189,207.290882,66.630753,198.870911
586.723766,207.054401,65.790207,198.312439
585.931446,206.338161,65.613373,197.175278
584.977936,205.056538,66.356026,198.495056
584.801540,208.444386,65.546646,199.057251
586.807791,218.479465,63.173794,197.868683
588.087162,230.958157,64.262207,200.377121
588.242611,231.146755,64.555191,198.847580
591.636826,241.473675,64.445229,199.319534
598.344234,251.268108,61.736771,198.201431
599.806793,260.593456,65.275520,199.125931
608.649799,267.742809,64.668854,196.775345
613.179722,273.574780,67.518311,195.541336
612.928421,270.972919,66.801491,197.555908
618.623398,276.693302,68.029579,197.153778
625.426567,278.433224,67.548729,196.921494
629.138062,275.765888,68.084908,197.505798
632.528526,272.774303,68.401329,196.768265
635.067005,268.349133,66.910797,194.833694
633.644527,268.252201,70.095169,198.012787
634.835018,262.287510,66.964981,197.164398
633.765186,257.260067,68.678009,198.254684
632.153816,256.042820,68.038994,200.131012
628.846004,254.982609,66.238968,197.961151
622.129917,255.014950,67.937805,200.303513
620.728237,255.811604,67.914505,199.442871
613.959354,254.651623,67.724915,201.374283
607.394688,255.804798,68.525452,200.932678
599.055000,256.366077,68.470024,202.799622
593.192055,255.628506,67.772209,202.356552
588.249203,259.263340,68.342545,199.894806
587.331863,259.273983,67.861610,200.728622
583.805607,257.506313,68.513245,200.180832
580.691666,257.691784,69.186623,199.025162
578.131222,253.831654,69.598221,201.326721
577.348801,251.761768,68.475807,202.874268
577.058662,247.823269,67.288017,205.546127
578.103443,249.638950,66.954498,202.491974
577.628078,253.610348,67.460037,203.487778
579.276848,261.595112,66.398094,204.078613
583.127716,273.789684,66.904610,205.797623
590.887917,289.620701,65.783134,202.364655
599.938707,299.915188,63.131504,200.713547
598.809486,299.605846,64.675346,202.823868
607.512814,309.715351,62.608231,197.940125
615.004807,318.059010,61.091286,198.997864
621.570967,320.976742,62.419659,194.302902
628.457371,315.653667,63.744568,200.762833
633.843296,311.640461,63.884583,198.658203
634.451855,312.476147,63.467209,197.311966
637.148888,305.076252,63.041954,199.324890
639.386852,298.443684,63.530869,197.628601
642.403301,292.639637,63.043869,196.792175
645.231441,287.790333,64.441238,193.614685
646.968983,280.162571,65.510834,195.371307
646.718536,280.739437,65.460457,195.250595
645.785690,275.846973,65.107582,193.171814
642.320633,268.272549,65.141640,191.500961
640.299885,260.432529,64.295197,192.324799
637.193779,254.560001,65.306847,190.176361
629.961147,248.144840,65.593582,189.494781
631.098690,247.760349,65.013504,190.524811
620.764523,241.842594,66.357803,187.574860
613.541451,238.232662,65.089531,188.392319
605.909513,238.860477,63.911266,188.866852
599.636494,237.210476,64.494049,187.387558
594.192327,235.775539,63.726742,187.502548
593.389992,236.620411,64.873711,186.153809
587.461863,235.393391,63.804493,186.932129
580.759020,236.048763,63.903233,185.475204
576.076765,239.009876,61.712078,184.705383
571.461403,239.214710,60.730644,185.116516
569.856043,240.462971,60.658466,182.501648
568.753273,239.732319,60.545403,184.278625
568.154188,241.832981,59.756512,182.295746
568.807760,241.245289,59.362514,181.110291
567.774174,239.194782,58.306213,178.951904
571.353775,236.161442,55.681313,175.079651
569.719561,233.527607,55.228855,174.389404
568.445168,231.731007,55.712151,177.333038
567.434422,230.701283,56.338898,171.603973
565.808054,226.606831,54.580189,173.483551
564.694641,225.232639,53.306496,174.084900
562.434565,226.781849,53.135334,170.643097
559.163063,230.692318,50.210625,170.487808
560.577168,232.030445,48.940491,171.760101
556.663633,239.102345,51.245007,171.951385
555.789436,247.611225,50.958763,170.426758
553.899994,255.186008,51.816963,170.317200
553.791742,262.294079,49.631519,164.208481
551.750765,266.313534,49.648594,162.008408
553.289843,265.789227,48.297916,165.198257
552.380634,269.003796,48.588806,162.257034
554.062452,269.723858,48.153088,164.560349
554.875696,268.417622,49.203693,161.220398
558.614962,266.537930,47.733646,161.511246
561.538368,266.202404,47.710442,164.326035
559.639315,265.715481,49.227726,159.204483
563.881155,266.679401,46.824856,167.457764
569.353445,278.621929,47.913265,163.921097
577.574415,285.517925,47.054089,164.517014
584.663700,296.502872,49.323029,166.810944
593.583288,303.530094,48.490292,161.607727
594.316595,304.274578,48.158749,162.175064
600.964359,310.976803,47.530945,163.278732
600.422575,313.429478,48.449291,160.487885
601.490376,311.513233,47.833221,156.260742
601.839087,298.357227,47.225521,158.424042
603.940338,287.445301,47.151588,158.982819
603.139690,288.536205,48.207779,153.846664
605.582403,275.849712,46.650631,158.863510
607.835629,266.777782,45.940811,157.032486
606.687532,260.069401,47.264133,155.133087
607.196953,255.034397,46.541710,155.778107
607.008362,251.971828,46.698982,153.214951
606.190599,251.490826,46.934483,156.773178
607.657089,254.849018,45.863228,157.607574
606.740898,259.524143,46.194328,156.679901
609.749533,270.941647,45.185390,156.084976
613.516306,282.377224,44.361347,154.453629
618.478273,289.278759,42.392673,155.944748
617.134033,290.177296,44.911018,152.745911
622.751709,301.346188,43.732277,149.853653
625.321737,300.683094,43.211330,148.833344
624.957458,296.378437,44.009438,145.992981
624.198574,291.936314,43.884598,145.773712
623.233469,284.806065,44.201283,146.333679
623.692945,285.866611,43.337536,145.431976
623.083443,274.625309,44.050987,148.988739
624.766979,270.101131,44.157852,144.089737
627.250196,255.684551,42.778545,146.381424
624.407347,244.145084,44.497448,146.723328
626.046198,239.590504,44.446461,146.040833
625.346184,238.712856,45.240318,143.099655
625.640051,226.683750,43.771694,146.906128
623.958948,220.917385,44.294941,143.614731
616.237764,220.205059,45.289768,144.350998
607.440208,226.345760,44.981071,144.000687
597.618860,237.250439,45.206104,141.563980
597.441936,236.898365,46.442978,141.532623
587.242647,244.612476,46.212681,145.391083
580.426588,254.933781,44.369274,142.934296
575.330538,262.177013,44.612003,141.373886
565.400393,274.385670,46.552158,140.580627
561.122189,279.452892,45.534012,136.655045
560.970470,281.652393,46.336960,134.649719
556.106464,283.031567,45.170654,136.296829
553.453125,278.136547,45.119453,134.454544
551.039742,273.522243,45.212364,134.764023
548.184410,270.205090,46.005058,132.154526
544.893808,267.115551,44.862293,136.853622
544.525183,266.309597,45.424862,132.443588
542.728830,267.264851,44.260944,133.836182
543.439384,270.696247,43.938103,131.325836
546.031958,276.825222,42.796902,131.726303
545.959909,283.203259,43.614613,130.387741
543.335470,294.715908,43.685818,133.609329
543.855433,293.325741,43.797565,132.255814
533.476429,307.892376,44.554321,129.192459
519.787420,326.204426,46.249203,129.172394
509.947119,343.735455,43.955257,125.663284
496.628593,356.194981,44.237663,125.374573
484.893850,369.904900,44.478481,123.513084
485.127100,369.523247,43.485767,125.964806
470.801064,379.526947,48.082329,122.022591
459.848360,389.405441,48.437626,120.024361
449.476366,396.661705,48.431248,120.831169
446.535892,399.732426,46.148987,123.568420
443.369160,408.736057,45.369995,120.199768
445.267448,408.870804,44.031334,120.742897
448.730778,415.404827,45.971191,115.458939
457.511522,414.608654,48.002384,120.499496
467.723665,413.612316,46.950779,111.632645
484.701414,396.135769,41.888165,114.167526
496.747375,383.011890,42.732185,115.544189
496.838129,382.522182,43.644520,114.356277
508.359501,364.128185,42.991791,114.171219
520.047840,345.390312,41.939789,118.361382
527.109537,333.170811,44.487202,118.151886
532.673424,322.515270,44.791008,115.342514
540.815392,315.466045,43.899010,109.370621
541.638849,315.245686,43.342915,109.405731
548.285761,312.766159,44.145832,117.706795
554.793110,311.811375,44.401367,112.207794
560.661318,314.716164,44.226231,116.310020
566.968647,319.970238,43.745422,116.231285
572.215334,325.575985,43.462315,112.629074
571.828358,325.544544,43.323608,115.167267
576.779303,335.702991,42.526699,108.967651
578.210855,342.272823,43.010487,104.266251
579.578455,352.175755,43.689686,111.473938
580.802803,357.459984,43.167686,110.267632
579.569603,358.578300,44.118401,108.175194
579.385744,358.453060,44.362370,106.153946
577.060396,359.648804,42.701176,107.440437
573.348463,359.445984,41.541180,106.970284
565.363258,360.621807,42.316307,108.567520
561.539078,363.957874,41.226082,108.052002
557.266542,367.501644,44.250309,107.729233
556.385151,368.578075,45.495697,106.686630
558.982275,374.722839,44.189785,108.485786
560.810808,386.491989,45.412205,104.453346
566.991320,393.060062,44.829960,104.476044
572.997425,399.061523,45.495850,104.029884
578.982489,402.569084,44.783779,101.497673
579.404329,402.020199,45.563480,102.893661
581.322611,400.910786,47.524311,102.554382
583.858751,396.851086,48.560490,99.228745
587.928011,380.010624,48.264042,98.565643
591.997650,365.531246,47.782509,97.376205
593.736597,352.212299,49.880756,97.178894
596.521997,352.179241,47.225361,96.823776
595.309095,339.282139,48.204418,98.409821
595.912655,326.388912,48.827896,99.222305
595.039553,320.626175,50.094212,95.291603
593.002192,319.053837,50.711323,93.756927
593.104643,319.030106,50.038677,95.063057
592.537184,318.799309,49.775738,95.010582
594.015921,321.747734,51.401211,94.440758
597.838444,327.386997,50.697632,90.908356
600.827333,327.933483,50.792606,92.167160
599.306425,331.706944,52.428844,89.694885
594.339264,331.485394,53.133644,91.576859
594.778696,331.579102,51.200001,90.689827
589.114836,330.418095,52.781384,89.762787
585.721437,328.615307,52.704441,90.537888
583.388994,325.777168,53.607944,88.641655
582.466154,323.983906,52.988110,87.478821
583.271959,323.709518,51.598515,86.783424
582.205635,322.565304,52.115562,87.336349
581.112482,321.826973,52.154408,87.396721
581.136202,320.171715,51.326328,86.095848
580.540123,319.573135,51.163231,85.597054
584.216202,320.460644,52.073708,83.603745
591.274668,321.771290,51.557819,81.976837
592.003643,319.575699,50.802109,83.428322
595.449629,326.149757,52.505291,81.332573
598.812450,332.718224,52.708694,78.934196
606.701773,338.641033,50.876125,77.409897
613.678049,344.879982,52.263874,79.523888
619.909027,351.967163,51.459023,79.164833
619.967045,352.580029,50.935547,77.666763
627.161654,361.029465,52.070683,78.719826
634.980881,368.598953,51.593452,75.591469
639.870714,372.712826,51.795048,75.010117
642.991232,376.675663,52.028957,74.708893
646.104679,380.658104,52.069305,75.067986
646.749308,379.425156,52.412769,76.312111
649.519743,386.106426,52.163952,76.562393
649.977844,393.620529,53.379890,76.936348
651.616024,401.618816,53.041092,75.289810
650.940388,407.442776,52.572418,73.735733
648.366709,409.626301,53.289204,74.659668
648.533962,409.703663,53.047745,73.964600
644.450085,403.177032,55.117966,73.762947
645.554827,393.017815,54.268314,72.972374
646.559471,385.991428,54.957329,74.309967
644.375940,378.271263,55.444660,73.537315
642.480570,369.482567,54.822437,73.230370
642.619911,369.571568,54.687706,71.856567
642.926161,361.881561,54.843395,71.382607
644.081059,355.676987,55.650238,72.078987
646.102966,353.189808,56.275978,71.653748
647.633841,351.996372,55.821621,72.177704
644.182804,352.875523,58.134033,71.987000
644.874229,353.065563,58.052483,71.478745
643.021801,353.086937,58.699997,71.852104
640.612148,353.827106,60.001846,72.139221
640.286501,354.258152,59.804813,71.128082
637.928593,351.132198,60.970612,71.143387
634.905130,346.312267,61.881123,69.205521
634.416233,345.950516,61.045868,69.719856
631.159393,343.437126,63.394997,69.105217
628.882036,339.206493,63.210423,68.484238
627.576828,330.083900,63.902199,70.335899
627.341194,326.306194,66.213463,68.674576
631.381310,322.029636,65.171501,67.469849
630.469913,321.182068,64.973267,69.256813
634.441769,325.948624,66.440201,68.317238
647.282070,341.005516,65.573654,68.992119
671.393314,357.462219,67.543579,68.049843
687.916737,370.544189,67.606812,68.349678
698.254799,392.994350,68.427574,69.144424
698.333088,392.877270,69.127167,69.475510
709.821365,420.245483,69.375252,68.379280
718.372578,433.485184,70.717346,68.714851
717.292118,435.010818,70.594940,66.820412
708.780239,420.375248,73.932968,66.558624
701.643250,413.832413,73.409645,66.000343
701.042965,414.092361,73.094559,65.324806
696.158401,404.168484,72.235634,67.090805
690.193802,395.346970,74.581245,65.916451
685.653400,386.093796,74.867126,66.216225
680.027554,382.171936,75.121353,65.536934
675.117970,381.800617,76.533020,65.893341
674.959499,380.983799,76.716141,66.000610
669.928185,381.033424,77.304253,65.696922
664.809433,381.451813,77.720070,65.806099
660.143467,381.539898,78.309143,66.212204
656.595760,382.582031,78.990341,66.069893
653.014652,383.585976,79.934204,66.764214
652.988823,384.336803,80.015678,66.104782
647.212727,383.405102,80.786774,66.852921
639.864895,379.911747,80.532700,67.113464
632.191654,374.810383,81.578766,67.576843
625.244232,368.744579,81.663857,67.869064
618.818558,362.911209,81.473305,67.583839
620.069344,362.585251,80.344261,67.703011
613.265804,354.285099,80.789780,67.791901
611.135098,349.936970,81.410263,67.845978
610.249855,350.600952,80.427879,66.211983
608.829868,350.786438,81.452484,66.470375
610.296955,349.341400,81.055969,67.224373
610.285076,349.061016,81.230667,67.343430
612.541946,349.432274,82.283394,66.854149
617.544605,345.226181,81.569885,70.038948
619.290180,340.087139,81.557526,69.702103
617.711632,334.993858,81.270317,69.429741
618.630375,328.226597,80.908142,68.905670
618.109333,328.099041,80.619385,69.932358
617.192276,320.485203,80.753700,69.680481
611.703819,314.287594,82.362022,69.787094
606.962437,307.273029,80.747986,72.052551
603.552990,305.361126,79.144485,73.492844
600.138550,304.335545,79.149605,74.246063
599.241222,304.498791,79.280869,73.750748
593.877872,307.620289,80.544861,77.278351
590.055363,309.890720,79.614410,75.248505
585.844032,309.238724,78.621391,75.508522
583.154461,310.761845,78.480026,75.534302
579.312157,309.021427,76.776176,76.806122
578.893311,309.431873,76.373878,76.550385
574.592308,308.449242,74.718559,76.981834
571.001839,307.852253,75.869225,76.690430
565.172737,307.874443,76.070732,79.235039
558.369724,313.852512,78.914124,79.078430
556.344055,320.394672,80.582039,79.351685
555.650852,319.592945,80.474152,80.401825
550.267872,327.082180,81.623138,79.373978
544.858089,333.311954,82.842697,78.435791
542.998329,338.467087,85.552299,78.812080
539.711826,344.031811,87.802124,79.473709
536.020824,346.551655,92.329971,80.442139
536.692028,347.101887,91.482559,80.375153
536.555843,349.020187,92.490952,79.057747
538.024590,347.490250,93.445000,80.383461
539.819294,347.589672,95.884613,79.165390
544.718567,348.597614,95.783089,77.164185
548.961445,350.383587,96.436554,75.457779
548.894455,349.206779,98.226936,75.756248
555.615158,353.239849,100.110329,75.194778
562.159798,358.704578,103.133995,73.330048
569.905014,364.263126,103.679329,73.374542
576.954655,368.231720,105.364502,73.206886
580.935253,367.843750,106.975479,73.777870
582.508564,368.947334,105.723389,72.512321
583.773029,367.475346,108.930969,73.077423
584.575562,363.952709,111.544563,74.631638
589.806503,361.303074,110.502571,75.189789
590.975224,357.701321,111.184174,74.734329
591.389843,354.067188,111.282028,75.059021
591.215023,353.874382,111.085892,75.788139
592.909698,350.542919,111.261543,75.070053
590.917068,343.166122,111.914803,76.320930
592.605949,336.543148,108.730583,76.368546
583.668873,327.272705,113.701447,78.849770
585.515606,319.471489,110.506027,78.402855
585.648209,319.609161,111.754250,77.523232
587.461678,313.549976,107.628838,78.080566
585.548771,308.545071,107.759399,77.805954
585.576015,306.589813,107.545029,78.021461
585.317814,306.099873,107.165558,78.201233
587.148010,306.816883,105.303047,77.057037
586.794743,306.655052,106.755310,77.003349
590.120392,306.281097,104.326088,76.842079
592.455753,303.188766,103.122437,77.672768
594.676331,299.279045,101.953896,75.895409
596.441696,295.893230,100.251167,75.795120
600.409962,291.267303,97.112885,76.121346
600.445332,292.078442,98.081573,75.084763
604.968460,288.254448,94.954903,76.739372
606.597137,284.548107,92.530281,79.973892
610.876949,280.555748,91.832382,82.410484
614.209946,278.098820,88.685402,84.244507
618.003777,275.887634,85.989830,85.864723
617.699333,275.735340,84.647392,86.047363
622.220364,275.767582,82.866440,88.787079
625.631748,275.479706,81.110352,89.854286
629.747501,278.507534,78.612457,93.053818
633.106388,286.246807,78.082275,94.744339
637.830589,293.138336,76.045982,96.432533
639.435074,293.460621,74.631325,94.683014
643.192017,300.210705,73.656593,96.830643
650.858505,303.918591,72.605263,99.000259
655.719620,311.164265,73.904488,99.267670
661.655354,319.663708,75.210022,99.800064
667.312431,330.215115,76.911217,99.326614
667.351711,329.885849,78.409286,101.572365
673.851181,340.684669,76.733894,99.794701
682.236050,348.007187,76.767441,100.784309
688.380913,351.264648,77.208336,103.307869
694.267216,353.443104,76.939117,104.673615
696.681416,355.055782,77.512909,103.538956
696.664131,354.182869,78.896568,103.281273
693.525513,354.510963,78.398415,104.948845
690.730366,349.961327,78.943604,104.018913
686.333569,343.596016,76.449234,103.258873
678.926445,333.314949,75.660240,104.078239
667.238678,317.028378,76.323891,103.031693
666.443752,316.454979,78.649521,101.319847
658.264877,289.345604,74.746101,103.804375
649.074013,268.242111,75.125267,102.196480
639.782558,247.836205,73.844559,104.529961
630.497822,232.602654,72.795013,104.584831
624.511158,223.805611,72.536591,104.016411
624.409382,223.957417,72.858276,103.646179
619.446541,214.945339,71.159782,104.792313
615.388618,212.713329,71.166435,105.085434
614.090645,211.692497,71.132957,103.940971
614.364506,218.303123,71.583496,101.350761
618.412327,225.490303,69.431793,99.655235
617.642799,226.984028,70.318169,98.487793
623.152721,231.019787,68.167740,96.149063
626.134655,236.030361,68.758072,93.057205
627.816845,239.130844,70.273727,88.345833
631.219841,241.611412,72.526360,83.513115
632.629559,241.577995,75.032333,77.035301
632.547993,240.968925,73.531067,77.225792
630.654243,237.381405,76.718925,67.444839
625.459595,227.125425,80.274178,60.905132
615.938347,213.885586,86.336174,51.061203
608.686420,202.174475,83.545776,38.651852
600.819832,183.437334,84.987114,33.106236
602.894733,183.556917,83.012878,33.451389
603.596405,161.590762,75.513710,28.216356
600.222538,139.835072,72.126648,26.018585
592.782352,114.863178,84.016617,32.656570
591.566910,95.904892,86.853355,42.783607
597.190414,77.298574,83.926781,52.163052
595.984631,77.176033,85.359894,52.445763
601.580593,60.591818,84.193542,62.755276
604.841255,43.535690,82.488380,72.181435
608.329742,36.730568,83.178886,80.632011
611.456875,37.495182,83.874664,88.741974
614.575565,31.717583,84.428574,94.691521
614.195126,32.140564,84.266876,94.671516
611.959377,23.268272,85.905457,101.621025
611.319466,30.550308,87.033455,105.104988
610.092003,35.240414,89.320137,109.774796
607.781265,32.605869,91.504723,113.253723
600.296654,30.009960,92.746925,115.305161
600.581253,29.765259,93.394951,115.567940
594.892372,30.210163,93.397957,117.958649
589.449444,35.941235,93.838989,121.884018
583.126766,44.570530,94.614777,124.517761
578.641823,58.141346,96.046455,128.076996
574.246445,72.964626,94.602592,129.657852
573.750069,72.969296,94.505440,129.358902
571.773235,90.834110,93.965088,131.084045
576.933880,111.465580,93.315369,133.537598
584.740597,136.562458,92.649200,133.726471
594.088261,158.873081,93.104324,133.403503
605.344654,179.491680,93.133835,135.773972
607.977322,179.505070,91.395416,137.326660
617.511086,198.964710,93.517708,136.231049
629.322277,208.250362,92.492188,136.060501
639.711193,210.825680,92.742737,136.374344
648.386894,212.428608,93.070534,136.427399
657.880562,212.143421,92.715034,134.363007
658.821438,211.292759,92.624786,136.885803
666.707817,209.611645,93.477028,134.479782
672.012192,206.852619,93.762688,137.382599
674.499149,201.300312,93.453934,135.646271
677.506912,199.251698,95.405327,133.968658
679.401722,198.840023,95.086533,134.489639
679.184155,198.418301,95.349609,135.647659
678.189896,198.952564,96.929802,133.359955
675.843311,201.444706,98.457382,130.999146
675.486744,204.639950,96.152878,130.880692
672.847359,211.034496,95.891792,128.156357
671.245983,219.236073,95.912292,127.222565
669.485699,220.530521,96.492188,125.662598
664.779190,226.528919,97.461784,123.937469
657.084599,231.899349,96.593826,120.503616
648.463810,232.117001,97.198929,118.502884
639.267216,229.135555,96.882034,117.408279
629.332466,230.434223,97.310371,115.940399
628.448189,230.672848,99.629158,116.584061
619.272488,232.753784,97.448334,113.831429
609.938957,233.231373,97.767555,110.426300
600.691101,234.453449,97.397331,106.200897
594.504684,236.539936,97.404289,100.519073
590.954227,239.620834,97.540543,97.530373
590.840714,239.653324,98.751457,97.664551
588.713894,242.313454,99.016083,94.985588
587.393784,241.070034,98.771111,92.768814
591.526611,239.040176,98.581749,88.638252
597.516384,236.100933,97.445770,84.155136
604.114208,231.015366,97.043640,81.955177
604.270641,231.337059,97.503845,82.520927
611.873413,229.662674,95.648094,79.596687
621.967720,229.462593,96.425179,81.586632
630.550777,229.538830,96.059875,84.711105
640.615276,227.362820,93.591736,88.020584
654.499462,223.819271,90.899780,91.131638
653.612026,224.291042,91.195221,90.201431
666.573109,221.000324,88.900101,93.191071
674.749146,218.277351,86.638634,96.428947
683.672054,217.341331,84.172180,99.463280
693.649372,215.255310,81.351364,102.522041
703.978958,215.422760,81.906273,103.675148
709.130013,214.152882,78.350014,104.393585
712.731339,214.304569,84.530632,105.585205
723.153919,216.806164,79.748917,103.429031
729.005184,220.683002,80.141113,98.645477
738.423714,221.335194,78.017372,96.504791
748.660755,218.592361,69.364883,97.550545
748.546692,219.442650,69.112633,97.034721
750.911247,217.831181,68.729286,94.369202
750.172279,217.876244,69.842873,93.746452
748.678947,222.707470,77.228401,94.367691
745.670223,226.756886,85.833313,93.771759
741.296680,231.272678,92.488632,94.990143
741.605976,232.101578,92.154160,93.629433
737.572662,239.218948,95.450676,95.055092
733.406361,250.989368,99.965836,93.969147
730.353111,262.100197,103.053261,97.355675
728.960026,272.477139,104.922287,97.669235
729.969803,278.749302,104.506310,103.939606
730.219254,281.173126,104.539268,100.664650
733.157124,286.557816,104.561417,104.771919
738.231232,292.149933,104.867180,108.159462
742.176983,300.098289,105.042816,106.795830
744.619949,307.130592,106.256493,107.083885
749.287647,310.936176,106.002884,108.480774
749.704205,311.342014,105.606720,107.469269
757.519020,315.511810,105.444008,108.339821
763.594193,323.952206,104.945091,107.233505
771.300686,327.506001,105.122803,109.967163
775.618111,332.987736,103.293129,111.362030
778.982338,336.831284,103.119606,110.503609
778.974850,338.047482,103.795349,109.361313
783.245285,339.578709,102.832237,110.338043
784.535419,343.436680,103.059525,111.655121
787.023197,346.042278,102.678879,110.199844
788.482758,348.729069,100.746696,110.590546
786.336693,350.694843,99.833382,108.834412
786.841778,351.264156,99.222076,108.036118
785.729736,352.800835,99.587334,108.049431
784.164501,354.684822,99.664764,107.312096
781.703529,350.210979,101.091530,106.923752
778.415585,343.424915,101.815247,106.154785
776.806892,334.519016,102.204994,106.704742
776.552773,335.691982,102.541664,106.693771
773.982609,326.390553,102.379135,106.659210
768.489933,321.352623,101.365341,105.723259
759.231441,315.495129,100.867920,106.071671
749.520710,309.740231,100.364731,104.996597
739.240215,306.328514,103.534668,105.391808
737.003819,304.660862,105.169205,105.737305
728.655796,304.153759,104.637772,105.667648
717.644520,304.832039,106.370468,105.710503
705.782589,308.607578,109.150970,107.047913
694.104046,316.692200,109.749634,105.667427
685.795639,327.076817,110.720024,106.160950
684.051529,327.084316,113.164970,105.353409
674.236046,340.577000,112.540810,105.733337
663.926640,352.631252,113.122574,105.509781
647.750095,360.038639,115.563858,104.853821
632.761890,369.052906,117.794174,104.250641
615.547703,378.753613,119.212967,103.535629
616.196423,378.616825,120.511047,102.524841
599.522278,389.334949,120.361351,101.848236
582.889771,399.648270,122.171959,101.172646
567.840588,407.961990,121.963989,100.082191
552.429947,414.469978,123.239433,99.181755
538.636147,422.116199,123.905769,97.862457
539.852573,422.460815,124.514481,96.905708
529.310677,428.540707,125.521187,95.775711
518.790287,432.047077,127.868362,92.528229
510.767132,433.846893,129.685303,89.975105
504.334812,428.817116,130.977371,88.897453
501.477474,423.868420,131.214874,85.268906
503.028332,423.429306,130.381042,84.072670
496.141254,417.748230,133.668259,81.564034
488.814358,409.952156,135.242340,76.969048
477.010113,401.373981,136.193481,74.515167
468.472164,390.331200,138.072113,73.773491
461.497784,378.748104,139.180603,72.083115
460.708790,380.011967,140.471756,70.357208
448.058323,370.118881,139.766617,67.902809
434.132854,360.808430,142.596558,64.571106
419.585590,346.512999,143.562271,62.378155
406.445171,333.197939,143.890808,56.803135
390.192181,312.015129,144.735321,62.000542
388.937267,312.194471,146.909882,61.166149
373.622448,289.656322,142.704651,68.172714
354.355358,269.297081,144.239502,74.622734
340.246677,250.064224,142.377182,82.019630
327.348736,233.776081,141.001373,88.670502
317.371151,228.479500,139.384766,91.994377
316.383984,228.444538,139.005402,93.961395
314.445118,246.534142,136.099136,96.902061
314.738827,266.104237,134.590637,100.124359
318.085209,285.528114,128.390671,101.313774
320.571484,307.545887,128.117767,103.057709
327.436993,324.919830,122.985321,102.060310
327.752586,324.777020,122.570015,103.447067
335.819080,338.769306,114.697281,102.305389
341.309822,352.548824,109.926430,101.282791
351.346100,366.078442,99.653008,100.049545
360.518005,373.357746,91.085808,101.005829
375.142349,380.820820,81.179802,99.931274
375.451454,381.953724,81.474342,98.674133
392.227589,383.045006,74.705978,99.332268
405.458561,383.500721,64.893692,98.569794
419.460297,376.563526,55.954979,96.708130
437.432941,370.719185,39.644669,97.906364
452.764065,376.485069,35.296722,82.071709
452.683619,375.433701,34.837803,85.439705
463.818274,353.698700,36.271893,93.170067
480.257936,345.833736,40.436054,92.956848
486.672005,338.919491,49.569344,91.944366
496.957714,328.852047,62.477264,90.837463
512.662262,319.714962,73.931297,90.683167
512.530052,320.522118,74.231911,88.671089
531.493618,313.658699,84.467072,90.196205
549.718548,317.750774,94.952759,87.339752
566.953949,318.972950,103.875267,86.973343
586.245388,321.885643,108.772308,85.704262
606.210213,324.788189,113.809517,85.457428
605.723141,324.063782,115.761200,85.650841
612.568073,326.766323,120.262253,85.572815
619.380459,331.041008,125.787811,82.072762
630.711803,332.736801,128.349243,81.744774
639.663502,337.134129,128.203842,82.364243
648.799824,339.607273,129.917831,83.950974
650.084538,339.562778,130.664078,84.060776
653.169697,349.117771,131.282944,83.316940
665.116421,357.405499,130.194427,80.994965
678.758400,363.621326,127.663948,79.480301
690.343792,368.764690,126.713196,80.038544
701.832722,375.230846,125.097214,78.983612
704.211201,373.763145,124.021194,80.637428
711.692257,380.955837,121.512085,79.527435
723.766731,385.820316,117.788002,78.269913
735.037266,392.476292,112.967331,77.992966
742.905136,397.259766,109.668266,77.499168
752.808487,395.391670,106.631035,79.153175
753.441444,396.940239,106.751472,78.215828
761.684864,397.471077,102.365952,78.157692
768.856472,397.640854,99.157257,78.197868
777.701958,394.094471,95.691322,80.761734
787.515923,388.773075,91.566658,81.679459
798.427158,382.818760,88.373795,83.612534
799.101715,382.187038,86.956657,82.620789
808.750416,378.258945,83.420181,86.307480
820.555149,374.672955,77.385910,86.622925
833.539413,370.431015,71.042503,88.162254
843.984154,365.483006,66.071053,89.112076
853.632557,360.653988,60.765610,91.242157
852.804737,360.514339,61.524185,92.069550
864.449003,353.112331,53.413509,93.376343
874.825306,342.519993,49.155838,93.600876
883.643597,331.249168,43.387665,93.889778
890.375956,319.859451,41.314152,96.103600
893.679346,309.235016,41.620365,97.658379
893.746012,308.440678,42.035313,98.128799
894.452559,300.500751,43.126553,99.532394
894.540337,299.771992,42.345192,100.563034
890.147398,300.495613,43.836422,101.752296
882.061815,303.440201,46.527393,102.752678
871.529911,306.096134,53.161850,102.886490
870.848169,306.057995,53.920139,102.272156
860.138386,311.930447,60.306992,103.002899
849.398495,319.742073,66.216736,102.176979
838.905502,330.367886,73.788536,100.696747
829.606758,341.122269,80.873268,100.413902
816.689140,347.061924,88.028267,99.381729
816.127380,346.365578,86.963005,99.507515
804.042946,348.398239,95.147316,99.119591
793.523010,347.383152,100.334007,97.308578
784.680664,344.813736,103.996910,96.645561
773.745846,338.488796,108.772949,92.985748
763.318951,329.836311,114.940521,92.995522
763.361031,329.541870,116.388222,93.588371
752.760361,319.681309,119.713860,91.144363
743.442047,309.000885,121.938103,89.178795
734.173050,300.771938,126.844688,88.336945
723.755497,296.375408,128.949020,90.084900
713.785305,297.937973,132.300781,92.334343
713.348148,297.856487,134.499863,91.967163
703.071529,304.134071,133.148010,92.318367
692.973568,311.215378,137.993286,91.700371
683.744961,318.799553,137.050781,93.321632
672.608768,326.752682,138.774277,95.216766
663.842754,330.553905,137.747345,97.419434
662.292210,330.009552,139.576035,98.323082
655.492146,330.638371,136.436539,98.813980
645.741703,329.460499,135.256882,98.861069
634.979885,330.022884,134.109985,98.913544
623.992176,327.548016,133.477615,99.526001
611.916065,322.332455,134.450272,100.464508
612.007778,323.491112,132.319336,99.165688
601.983326,318.352795,132.703201,101.944214
587.916973,319.054710,129.997894,98.129250
576.411655,318.029751,128.859787,99.076019
562.429836,320.796410,128.159424,99.470314
548.990475,323.886955,128.138000,99.888954
549.581005,323.163006,126.699921,100.668884
534.537708,327.668140,127.768143,100.289902
519.864716,327.313362,125.524223,98.778084
506.238029,324.356445,124.261360,99.213097
490.642033,321.986023,122.512924,98.673363
476.922115,317.498447,125.543579,98.466507
477.047939,317.521912,122.995422,98.257652
467.409405,311.910797,123.936676,97.993858
460.343182,306.797222,123.531036,97.235413
453.816822,303.338810,122.472610,95.988724
445.798683,300.887589,123.011513,94.471428
440.175957,302.343124,123.012703,91.916985
438.849983,302.507404,122.177773,91.582321
434.346775,305.351738,123.815903,90.595802
431.461411,312.514771,123.883812,87.855309
430.485714,322.323219,123.095581,86.306038
429.404869,330.463631,124.298775,83.669197
430.125042,339.113747,123.188934,82.156502
431.267750,337.897713,121.871078,83.445808
431.373966,346.724640,123.457657,80.457359
431.402893,356.823109,122.156456,78.824142
434.449409,364.313847,122.531075,76.644608
437.175774,366.889687,120.177711,75.540108
434.757820,366.972759,120.705544,74.890167
436.553200,367.572323,118.291542,74.188446
432.950878,364.869450,120.177979,74.493393
428.844490,362.046391,120.109718,74.368210
422.425034,358.027477,118.690727,72.977020
411.242367,351.679562,117.116302,72.584534
402.558605,345.398155,117.291626,72.105263
401.515415,346.230968,117.847519,71.221222
394.432316,336.986069,117.542465,71.817772
387.591175,328.846550,116.827225,72.620674
378.965015,322.492245,116.207657,73.387909
371.663525,318.223824,117.842987,73.474678
367.291695,312.869804,115.191536,75.042580
367.721188,312.829304,115.931671,75.355942
366.048901,311.037022,114.005280,77.573318
366.024685,314.217705,115.123352,78.845772
374.201332,320.368042,111.831551,78.461052
384.465244,327.247948,110.494980,79.601906
404.801064,332.721970,108.914009,80.130089
404.132858,333.138630,110.280846,79.902878
428.429565,334.989544,108.741325,82.186096
452.513794,334.736942,106.306755,79.848404
476.679565,332.858185,105.885857,79.847954
502.293488,328.187656,103.956474,78.904709
528.201199,323.378746,103.910522,78.758736
528.296043,323.203976,104.061562,80.243286
555.355797,318.921955,103.161720,78.308762
577.567669,314.980209,103.367584,78.770012
597.940697,310.725998,103.141335,78.492760
609.679688,308.592228,103.436241,78.187790
620.865616,306.865749,103.778618,76.857483
620.204556,307.069557,103.829620,76.789467
629.142616,304.820442,103.932899,76.788246
632.603363,302.502460,104.071220,75.703903
634.705410,300.494884,104.490997,73.149292
632.109123,297.974087,105.118690,72.662170
625.855465,296.927979,105.955505,72.039787
625.546127,297.282356,106.342979,72.641487
619.155064,299.699959,105.747116,69.626106
613.313286,306.897923,106.172005,68.709793
607.894344,316.822239,105.886383,66.949356
602.908810,325.587578,106.854614,67.008369
598.555889,333.589748,106.405060,67.096375
597.348984,334.657585,106.858727,66.141365
592.654003,341.555294,107.319489,65.925873
586.517616,342.383663,106.246895,68.158722
582.216824,341.791965,105.314758,67.102646
579.071198,337.455772,105.458641,65.532417
577.058899,326.368904,104.014458,65.822304
578.056725,325.565483,103.618874,66.726814
576.489285,316.309074,102.954559,66.654671
577.831272,308.901993,102.351944,67.515739
577.249744,304.744247,102.384201,67.630577
575.493080,305.491348,100.887184,68.198357
575.625164,312.283176,98.185486,67.604355
574.359493,311.922466,100.306793,67.998016
570.187328,321.561337,98.716309,67.846161
568.880131,328.259777,95.997971,68.114380
565.159172,335.698399,96.126198,68.764969
562.525265,344.116047,94.129547,67.911880
559.863419,351.366501,92.581047,68.276573
559.859470,350.404125,93.356644,69.382019
556.968410,352.728298,90.584961,70.115631
553.540352,353.720230,88.927742,69.071129
550.632931,352.486012,87.838684,70.556351
548.936459,354.103821,84.131317,71.233910
548.425713,355.466599,83.557442,73.275291
548.138203,356.835625,84.412491,72.092354
548.694035,357.971565,81.741013,73.751717
547.084679,360.998833,80.341286,75.443703
542.209866,362.351547,76.836273,75.987846
536.437553,360.894016,74.418190,75.583359
533.315842,358.622944,74.171989,76.809464
534.060860,358.100006,72.745827,77.314842
533.081886,355.118313,71.536324,77.788147
537.496670,350.228664,67.438812,79.875275
544.094296,349.187653,65.769836,77.860802
552.031544,342.389797,64.765488,80.648254
555.469099,334.021877,62.169827,79.086761
554.559914,334.734146,63.166115,79.419762
559.102438,319.808334,60.221508,79.184441
564.332136,309.071239,59.768917,79.367493
570.576658,300.965542,57.941128,78.293091
579.709877,292.017673,56.042885,78.255020
585.760437,285.304634,55.250084,78.321693
586.234339,285.298126,54.890568,79.251122
591.211296,277.821194,54.350563,78.666382
594.605083,271.067272,52.635132,79.403046
594.139666,268.485493,52.602314,79.444443
593.970087,267.645138,51.409855,79.601868
591.003956,269.076183,48.383102,78.364258
591.789465,269.207191,48.342113,77.846962
586.014948,274.864735,47.469761,77.811813
579.658392,285.729561,46.652294,78.632210
572.802244,301.297825,44.092983,77.303299
564.553093,314.305004,43.171700,77.136383
555.561773,331.992306,42.404034,77.179749
556.576912,331.507706,41.854134,76.765343
551.333103,350.782879,40.313187,77.755585
550.160181,373.664650,39.684635,77.045265
548.436710,397.186333,37.779495,76.627541
548.748079,419.909702,35.817982,76.236557
548.090321,439.013065,34.210617,76.528641
548.550602,439.548725,34.925644,76.440048
547.371174,456.784458,32.479034,76.198898
547.462219,470.953041,30.794701,75.206245
548.610826,480.488277,29.157642,74.419037
546.667705,485.992317,28.004946,73.121635
542.571601,486.158295,25.529444,69.655388
542.155215,485.494690,25.563799,70.534035
539.261183,471.966293,25.503399,67.914207
533.996882,460.746136,25.172747,67.119354
530.961877,450.377899,25.397039,65.721794
530.368843,439.839157,25.105446,63.085609
536.221033,430.004883,24.999439,63.237175
535.626507,430.758465,24.953049,62.439468
544.850734,422.080139,26.093798,60.984444
552.623086,417.116695,25.414480,63.276199
557.876099,413.503601,26.683647,67.760124
562.060933,414.165745,29.280760,65.556641
568.110246,415.811523,30.489279,64.290550
568.129388,415.479919,31.107153,64.104988
569.978146,422.328259,33.299210,62.606705
572.130730,427.983385,37.713982,62.199802
575.991365,430.624338,40.999287,60.023060
578.024855,429.578575,44.903378,58.761620
577.087650,426.699829,46.800797,56.591103
577.479376,426.936115,46.767010,55.986145
568.702904,415.534849,51.309135,54.768963
560.189259,397.990873,51.798309,53.902813
547.827726,380.044373,55.269238,51.865929
540.491781,358.702438,56.305737,50.181999
529.520796,337.037481,58.149883,48.181255
529.665800,336.659988,57.801403,48.452232
517.312874,316.162970,57.496605,47.575665
505.036957,295.722580,56.714409,46.322166
492.022230,281.150730,57.453213,44.755661
482.898310,270.891266,58.222538,43.916313
479.703123,267.746620,56.971600,42.428123
479.931889,267.351027,56.481323,42.908855
478.429518,264.707508,56.332699,41.460419
481.018492,263.682352,55.378017,38.658222
490.006447,255.810244,54.911156,38.958820
499.647305,247.503090,55.785629,37.961052
509.169518,239.329027,54.133430,36.489902
508.816225,239.080889,54.663227,36.538975
517.644966,232.806065,53.785683,38.156296
528.603281,240.678835,52.580891,36.121403
541.260399,252.585228,52.276649,34.274696
556.273300,263.030997,51.495064,30.883387
571.467073,266.021717,50.822666,33.320709
570.858046,265.176386,51.540997,34.016483
584.683638,271.498954,48.783169,31.122629
597.442122,277.064452,47.483227,31.014765
608.379391,288.024030,47.121475,29.850798
617.274338,306.416906,45.770973,29.864483
625.424583,318.523456,45.689919,30.561983
625.715965,318.974792,45.170891,30.441111
634.636555,328.663624,44.682205,30.788345
645.369850,339.647305,42.646553,33.329193
652.204731,351.266918,42.624802,33.655594
657.121334,361.557405,40.596054,34.681080
667.067028,369.310696,39.869370,35.588364
666.232611,368.867947,39.561993,35.479294
676.873285,374.475538,38.757771,36.218029
689.563610,378.128752,37.830917,36.980587
703.021376,382.026424,36.086834,37.242523
720.794378,384.257927,34.957256,37.271523
739.859177,386.236732,34.928368,38.070427
739.439899,385.005636,35.043518,38.780392
760.939774,386.156971,33.097282,37.511810
776.716726,386.172482,34.692425,37.744995
790.584057,385.171539,34.529388,38.156181
804.277950,385.538614,34.122757,39.112720
816.823448,386.529213,32.115074,39.454552
816.744377,387.234823,31.874672,39.587170
825.051958,394.082735,32.235661,37.771046
832.696981,399.818026,32.289150,37.850742
841.689686,405.545942,31.058258,35.834866
845.134573,407.847719,32.396038,38.104725
849.786843,410.870768,31.434286,36.832172
848.928363,410.546736,31.542620,37.077679
850.769405,409.167145,32.168610,37.093010
852.413824,407.857548,30.506374,32.938919
850.910823,401.680851,29.661531,35.487991
849.403209,399.149433,29.599367,32.113464
847.876996,392.535645,30.138624,34.765404
847.824317,392.572794,30.133127,35.299992
847.727491,394.124156,26.633068,29.865252
844.192492,393.982188,27.008274,30.390764
845.249353,398.904640,22.697620,25.585335
840.007593,407.395036,23.208965,23.018332
839.649934,413.770844,20.970793,17.827934
840.537120,414.029346,17.718241,17.507156
835.741198,418.689991,19.972065,22.776955
837.703405,420.344183,19.113422,19.020008
831.559461,415.599244,25.514402,31.509687
827.869161,414.522903,29.569685,33.506638
825.899512,410.582375,29.809198,35.617874
825.726195,411.024157,29.592203,34.603970
827.034599,409.497988,28.167366,33.590160
828.103720,408.039454,27.681820,32.448696
826.105962,400.996370,29.277754,34.742962
828.371158,394.232712,26.789782,33.925766
828.561272,387.715108,23.885536,31.450445
826.930819,385.696852,26.671741,34.700611
824.936765,376.979240,27.695723,33.173996
823.983069,368.168242,26.884989,31.874315
822.587424,358.913949,25.925608,31.648008
817.692286,348.222509,28.115238,33.412762
814.703481,337.363158,25.722960,30.943399
814.456180,337.656703,25.792879,30.836519
810.729336,326.194667,28.324905,31.501169
806.501957,315.776331,27.668015,32.946529
800.940326,307.276915,30.802996,34.879017
799.960927,302.863231,29.784941,29.777643
795.880564,299.070852,28.755070,30.748402
795.290891,299.144888,28.655119,30.499439
790.262869,303.450916,28.530865,30.544090
783.923990,311.075383,30.153111,29.293447
779.762949,320.499762,30.766331,30.312580
775.406179,328.831178,32.019299,31.277174
769.451934,341.736400,31.933512,29.024363
769.141703,341.234472,32.111027,29.381596
761.791443,354.223690,36.241432,30.056068
752.890724,367.855145,33.656380,31.939217
742.495781,381.081907,33.526863,30.461979
729.701078,391.037255,36.570446,30.848448
719.748981,396.020042,34.824661,32.016602
720.134392,394.577461,34.780510,32.377350
706.991028,396.715914,35.578163,31.267529
693.434603,394.690508,35.709476,31.798870
675.069643,391.116869,37.277668,32.253246
657.052959,385.911428,37.616776,32.742481
639.859747,379.234106,37.508816,33.356037
640.702332,379.838058,36.682930,32.927017
623.761591,370.856455,36.883457,33.098782
609.473003,361.212729,38.643219,33.365238
598.643639,350.565016,38.602165,33.091297
589.855558,341.967926,40.034298,32.449524
579.539360,333.359915,40.864403,33.622181
579.150526,334.159086,41.535412,33.308353
570.332960,329.582333,38.869320,33.720055
562.692614,327.618650,40.237690,33.154896
559.482546,325.753757,39.580845,33.099617
553.237953,322.197968,40.925316,36.133530
551.189173,321.673361,41.176350,35.451725
551.417511,322.533226,40.833992,34.715302
548.942446,320.815474,42.892704,34.945423
546.647797,324.514837,43.848091,33.696674
545.602926,329.486940,44.523571,33.555233
544.624537,334.855003,45.868107,33.235229
542.976608,342.337965,43.290367,34.306126
543.676830,341.988255,44.240402,34.100304
540.979866,349.221357,43.956078,34.146183
538.167482,359.040857,44.998692,33.531246
536.281492,367.690035,45.269970,35.147549
536.334759,375.481874,45.793411,34.073986
537.131943,379.706696,46.215691,35.414825
536.361582,380.640366,45.493137,34.419556
539.848837,381.873661,45.631710,34.117256
544.975849,379.903900,46.099457,35.236618
552.559841,375.789623,47.029297,34.701637
557.695198,370.318996,47.093178,34.664680
560.818073,361.171368,47.015579,35.591988
560.468550,361.330179,48.377285,37.257427
567.268469,352.353601,45.593746,35.659374
568.469217,342.615236,47.203022,33.727856
567.443279,335.949917,47.053864,34.305275
564.272280,329.578497,49.380878,35.688694
558.699512,327.259052,48.112885,32.879646
558.602682,327.008430,48.501629,33.526764
548.161926,321.154415,49.599510,34.874413
538.193581,318.063166,51.272774,33.150005
526.029308,314.534796,48.847015,35.103519
514.364489,313.846081,50.369953,35.430717
503.067789,311.660608,47.940800,35.086575
503.688595,312.808475,47.948059,35.360680
493.798943,311.668270,49.323128,34.256950
484.834942,310.131077,51.104477,33.892616
479.483589,311.197573,48.914162,33.530956
474.476803,312.559687,49.542038,34.608166
471.765850,314.275156,48.073471,35.145168
470.001169,314.404278,49.912312,35.672798
467.547066,317.112614,52.448769,34.038017
466.104311,320.803810,51.605793,35.239960
466.993513,326.764463,50.059551,34.995182
465.613298,334.500307,49.219227,33.794384
466.415169,343.485121,50.239510,34.042225
466.970652,343.061306,49.784565,34.179771
469.568991,350.609158,49.480450,34.696251
472.042789,359.155670,48.183655,34.758575
470.076242,367.063860,48.715824,34.292141
467.950834,370.788347,48.511425,36.046886
467.165565,374.221563,47.469246,35.884083
467.546345,373.555162,47.106125,36.040203
463.674557,377.829119,46.971634,35.781902
455.327677,382.553770,46.571171,34.144230
447.281094,384.892742,47.404495,35.409462
440.081068,386.945448,46.286816,35.835133
432.989162,385.508755,46.492783,35.870506
432.743450,385.658012,45.733810,35.644852
426.321867,385.062160,46.318569,36.932121
423.548162,384.745285,45.258343,36.815750
421.571917,385.384872,45.057346,36.677734
425.800850,389.033333,45.604530,35.586899
432.222841,391.279081,43.917042,36.145237
433.076708,391.612888,43.672581,36.524147
443.149271,389.378382,43.861362,36.540157
453.450548,385.510954,42.447819,36.997623
464.792580,379.992687,42.490944,35.726906
475.583838,375.982897,42.697155,36.667004
489.743980,371.039772,40.549934,37.243332
489.272999,370.419554,40.361115,37.747654
503.793573,367.419634,40.288273,37.741161
516.805174,363.619020,41.979412,36.735836
529.390722,361.507015,38.862026,37.993340
542.118095,360.996138,38.177818,37.904789
552.434401,363.437384,38.040936,37.481983
552.588154,361.984867,37.868774,38.017815
561.825394,365.662649,37.206444,37.046818
574.176382,366.559328,34.989910,37.725719
583.863464,366.899939,35.034401,37.667423
595.148518,366.006727,35.465958,37.487125
608.031710,364.952513,32.319004,37.695652
607.754208,364.317184,32.038834,38.222916
617.538467,359.910894,32.425423,38.097157
624.303714,355.526285,31.357592,38.034405
629.010168,351.406351,30.516232,37.640453
633.668066,345.715113,30.514843,38.389675
635.484629,341.025295,29.034412,37.991234
635.440983,340.030849,28.921448,39.259819
637.724663,335.800323,27.208183,38.678284
636.983659,330.003832,26.673269,38.104305
640.119261,326.101679,25.121075,38.583797
640.445329,327.400103,25.557943,37.648403
645.154476,328.677420,25.440491,37.669910
645.370345,328.666552,24.344385,38.091137
647.447541,330.364714,23.320608,37.696110
649.960090,330.873238,21.553034,37.283554
653.849463,331.482096,20.052454,38.132580
658.999048,331.537090,20.066608,39.202278
663.517568,326.659658,18.832579,39.465260
664.665366,326.857437,18.352320,39.816483
667.617251,321.185579,19.099047,38.632984
670.445742,318.032030,17.229191,38.554722
672.698420,313.159065,21.632801,39.601089
681.355235,312.972855,16.462297,39.711945
688.053960,313.086521,19.052198,43.539177
688.819242,314.236542,17.387249,40.905060
695.771682,318.952732,14.651392,38.146080
698.349692,322.712135,14.245364,41.197220
702.717719,330.369062,12.018497,38.288853
699.604017,338.289858,16.829609,37.478313
694.568377,343.189447,16.588322,39.783382
694.766500,343.022713,16.993330,39.811859
685.987503,347.169857,17.689209,34.009773
673.098004,347.715284,17.151358,35.982906
662.921014,350.423670,17.494024,27.161037
649.843453,345.762590,21.004545,34.837910
637.008550,348.607103,18.738676,31.722172
637.579590,351.932164,17.854530,27.180777
621.366681,350.598491,17.819082,28.178919
607.023710,346.209908,19.348110,30.755013
598.852623,344.487014,19.644135,25.425631
587.877982,335.801631,22.761889,30.181246
578.686853,327.510567,25.348240,30.478111
577.876365,327.780204,24.737558,30.299112
571.053208,320.620585,25.996191,28.833574
567.196831,312.220784,25.167747,27.931631
567.701575,309.067433,24.908518,23.399656
564.920568,303.705624,30.138050,24.920631
568.093431,305.737165,32.671474,23.898151
568.321445,305.665216,33.364845,23.977489
577.368168,310.482567,31.659096,21.307434
586.502312,314.242417,38.728210,22.490675
597.480898,316.630460,39.922436,22.228582
607.862518,320.641689,33.897079,22.148552
608.720921,322.200998,36.514061,23.513958
609.846420,323.192021,36.697540,23.032690
613.225763,326.203331,34.462353,22.062225
619.091267,329.192667,37.309593,22.477810
624.351360,330.343953,37.235588,22.311926
626.000156,335.928465,37.917671,21.424793
629.100956,339.731334,35.541542,21.508753
628.991644,339.974649,36.657139,21.397793
627.711870,342.567916,38.123577,20.072206
625.273209,342.629841,38.759399,21.506706
621.937969,341.441620,40.010506,21.191299
616.422070,340.190991,34.513161,21.014364
607.672617,336.850258,36.138088,23.289108
607.218147,337.796715,35.712051,22.497696
596.712360,336.494875,35.294411,22.059170
584.633034,334.191000,34.692764,20.650257
569.419836,332.461098,38.938725,20.835663
560.221043,332.605741,40.127914,20.406225
552.198448,332.310585,39.287735,19.998489
552.058800,331.812431,40.188751,20.793900
545.284153,335.235417,38.920586,20.382132
544.137276,339.358967,39.386108,20.853096
544.083567,345.403613,42.224056,20.799631
547.809889,354.622389,42.280598,20.125370
553.997375,360.630151,40.008514,20.642591
553.923309,360.801720,40.232346,20.327408
561.727022,369.605354,41.856670,20.692352
572.327805,376.182242,43.464264,20.739733
583.711725,383.019181,43.242794,19.228529
596.665323,386.699550,44.020611,20.171442
610.999372,390.074288,39.792683,19.491911
610.585537,389.982988,39.978004,19.438290
624.107752,390.542353,40.813747,18.393414
637.656038,390.555878,40.655758,17.404953
648.911444,384.364371,41.951694,19.151407
654.237165,382.793576,45.352467,16.638533
657.950012,378.383000,45.806137,18.371336
657.465771,377.796692,46.893990,18.259697
663.624983,376.599757,41.983311,19.244509
662.489189,375.717771,49.677979,18.828321
662.661533,376.421618,44.523247,18.674044
660.139673,377.640349,48.460339,19.983210
651.124777,379.469021,51.468845,19.119995
650.886864,379.675735,49.950272,18.640633
642.773333,383.510102,45.744061,18.099142
631.002300,383.521994,47.072090,18.806042
623.883547,385.262651,41.526287,19.606174
613.908390,387.658767,42.559715,19.444162
601.202971,390.893080,46.881718,17.835644
601.682117,390.935184,47.167595,18.025330
596.861176,392.027253,45.233978,19.401541
590.009523,396.026556,44.262661,18.632900
582.059938,396.546473,46.256039,18.847736
576.608110,396.316530,46.351620,19.001652
574.214180,396.103833,46.320343,18.571791
577.611187,395.803290,42.791252,18.785456
570.591448,392.526733,47.951992,20.225227
565.188143,388.353606,50.378551,19.364710
562.040638,383.054385,49.374275,19.860430
559.763893,378.499576,49.206161,20.200945
554.280724,375.111082,49.432693,18.828426
554.741869,375.478865,49.468319,19.178417
549.958282,374.675326,50.746109,19.368456
549.705498,374.700142,49.912766,20.350105
547.460083,376.596982,51.520813,21.104460
546.114319,382.595511,53.272659,19.926798
545.403904,388.426072,55.646538,20.495459
544.089045,388.011613,56.128399,21.138372
546.768215,394.107639,52.792793,21.313568
545.862612,400.555407,54.420300,21.663624
544.478937,406.980680,54.456600,21.505293
543.296347,410.349789,52.919209,22.125748
539.727322,416.004186,53.964561,22.257811
539.632914,415.784420,53.080975,21.862885
535.311552,416.533047,54.178501,23.513718
527.398060,416.318306,56.142540,21.809975
522.397453,409.602534,56.763672,22.488802
517.760389,404.886600,56.337208,22.316988
511.823959,399.251522,56.457443,22.516083
511.017477,399.510081,56.637806,22.075823
506.360912,392.929379,59.249123,22.394806
504.263489,386.989556,58.435486,23.763830
502.340841,386.881282,58.284245,22.280474
505.622759,388.736092,58.907314,22.416679
520.078142,393.626212,59.631756,22.379404
520.097622,394.223089,60.082863,21.974148
532.597330,398.129923,60.926525,21.379688
544.588171,400.257785,60.383579,22.635881
553.246458,400.952408,62.465412,22.790565
563.804386,398.852743,60.437706,22.193874
568.705278,392.226727,61.858028,23.587263
568.368660,392.066671,62.632507,23.464870
569.189598,385.762817,62.806076,24.162743
568.880014,377.858485,63.920589,25.656847
566.859283,373.151970,61.482040,25.733910
559.855530,366.432323,60.029175,26.471420
550.408230,361.301522,61.370735,28.262686
550.570583,362.047080,60.619118,27.755823
540.575333,363.465320,62.767563,28.564440
530.732960,366.840681,64.505318,29.503841
523.114040,375.305161,64.719704,29.433218
513.808851,388.684786,63.017643,29.938221
500.453690,401.675184,64.455673,29.973675
500.817635,402.046584,63.452209,29.536081
488.036518,413.823288,64.832756,30.805397
481.260363,421.313210,63.811703,31.547722
471.791130,424.736176,65.850586,33.504753
464.631573,430.558152,66.022270,31.509527
455.735123,426.235916,67.352722,32.502724
456.980759,427.037739,66.737610,31.953812
447.951874,418.265770,67.699463,31.583473
441.837955,409.658597,69.421700,31.598463
438.154709,397.534960,70.211090,32.890141
434.675529,385.028332,70.461136,35.212875
432.207905,371.437181,69.793953,38.632206
432.276230,371.523973,69.662003,38.444065
431.353771,362.148270,69.940483,42.466408
431.004791,355.553280,70.804367,48.081985
433.729527,349.922628,70.654396,54.449093
436.203712,346.840982,70.074738,59.937733
442.676426,344.474224,68.043526,64.568161
443.272667,344.168884,67.620850,64.247902
452.278461,341.854866,68.028328,67.537895
463.520039,338.224979,67.076912,69.496521
469.259438,335.439007,66.356384,70.406479
470.692558,328.915138,67.144196,68.862267
477.252533,323.297047,67.075272,66.205048
477.180897,322.123482,65.603401,67.576591
485.753654,312.104027,67.792664,63.738335
495.549454,305.459457,69.344254,57.005379
499.982037,302.684923,72.236748,49.110233
504.125877,303.412748,75.579407,44.115276
507.979633,308.688114,77.411659,40.685486
507.697784,308.577080,77.227310,39.994926
511.632713,315.177013,78.128326,38.718430
511.859528,327.020256,78.878677,37.861504
510.641628,340.858118,79.898125,37.970264
510.479973,359.662180,80.143951,38.227253
512.032784,375.382898,80.260223,40.487751
512.216965,374.694405,80.169815,40.109489
516.331299,388.228828,80.005203,47.911613
519.291759,401.419273,77.993004,57.863213
520.056293,412.442085,76.545235,67.473137
523.321236,423.352699,73.882812,72.691185
528.069595,430.004166,71.339523,77.655617
528.088867,430.737091,72.839310,76.313789
525.722916,437.262611,74.525955,79.059105
523.315235,446.030685,76.905190,75.400642
519.959778,453.153656,77.697220,74.864998
516.925571,461.466984,78.124641,68.850281
514.936066,467.887735,78.900406,61.399220
514.319683,467.454256,79.136650,61.827732
511.480354,472.893438,81.056549,52.843502
506.204472,470.414198,85.607094,40.638012
502.958618,455.353748,88.120682,36.072754
499.680099,430.574724,90.559952,33.480000
499.886936,406.413857,90.994545,34.062828
500.082047,406.017794,90.136246,33.878910
496.750099,382.626461,92.955902,36.236008
496.516258,360.211336,92.827301,39.788273
492.863983,338.753368,93.316544,45.430496
486.633347,318.715796,93.285568,52.481503
483.735569,296.801533,91.610390,63.152802
481.945515,296.641802,92.855415,63.450016
477.656219,286.094124,91.490189,69.293663
471.811302,280.468224,91.527069,78.925529
468.690598,277.389774,91.018845,84.000641
465.764557,273.657726,91.471115,86.794235
464.212669,275.048103,90.052490,90.731499
464.196095,276.465347,89.758339,90.307289
463.944530,279.347797,90.788322,91.516235
468.520588,279.909176,92.247810,91.497849
470.887589,280.673508,93.994919,88.509163
474.772762,282.926155,94.188164,85.353630
478.892170,283.056358,96.190559,79.801628
478.634247,283.852436,96.020798,79.140869
480.037022,283.190918,100.270363,73.043495
483.995083,283.680527,101.577110,62.596809
484.049538,282.722176,104.961914,57.583794
481.194534,281.331995,109.351089,53.755939
477.167564,278.243591,112.316040,52.946510
476.850410,278.308630,112.861969,52.379025
473.489986,277.267660,114.795311,50.458858
469.938835,277.406498,118.088379,50.610046
465.817909,280.239899,118.274017,51.624794
462.991905,284.742205,118.938049,53.123173
459.708954,286.940952,117.878372,61.521545
459.271606,285.525557,117.121628,61.312664
455.476555,291.757942,117.136139,75.795708
454.282227,298.013866,114.943802,90.745773
452.687801,310.131046,111.373070,99.235229
453.417362,322.690727,109.865120,104.620628
449.358826,338.420330,113.409866,105.831223
449.171616,338.933578,114.532028,106.429482
444.579361,356.724380,117.506454,105.315956
445.594933,374.109470,117.868011,100.233215
446.335842,390.351120,121.802635,92.157326
446.167404,404.820972,125.831161,77.639923
444.898132,415.369207,128.750504,62.822903
444.437805,415.745256,130.036789,62.524967
441.033127,416.692230,133.120529,50.524635
437.379707,409.769989,137.697235,47.389198
436.610954,394.666393,140.653961,46.780350
439.638184,370.477167,144.543808,47.381733
445.589233,345.926682,147.143295,53.634621
444.490097,345.181183,147.881516,54.259071
452.596130,316.855465,146.332169,64.905136
460.919525,281.551575,149.310745,80.416176
476.574661,248.878017,149.207321,96.832993
497.441055,228.203979,152.841904,105.418312
522.412819,208.210674,150.762329,116.479691
521.148911,207.223370,151.712692,117.967239
543.939896,198.226685,153.592392,120.238014
565.997826,194.455425,155.823212,124.015640
592.223557,194.284306,156.982407,124.694305
617.549225,199.383640,157.457291,119.931183
642.558067,207.693645,161.216827,113.644058
642.193710,207.499985,161.183212,113.434212
661.674461,214.248619,168.767975,105.106865
678.411903,222.642139,173.624451,93.820068
694.674950,230.978794,173.745636,80.880096
704.461365,239.567940,176.433548,71.795738
709.299751,240.297409,179.652344,65.969490
709.400948,239.695168,178.057251,64.776207
715.849876,234.103390,178.250275,61.020859
717.445389,225.035395,179.665085,58.747486
719.376434,213.572168,182.105484,58.154560
714.655617,205.100546,186.180420,59.523769
708.129486,195.067165,185.253799,68.286636
705.862442,195.680134,187.110397,66.376801
697.551117,186.905495,186.344742,79.807304
686.163437,188.625603,186.902023,96.382774
672.821587,200.485714,188.177887,114.361954
652.673874,238.292233,190.414963,127.509598
623.710312,270.715466,192.634811,135.640121
623.925293,270.489162,192.939529,134.996231
602.577202,298.459232,192.497345,139.988953
581.256668,323.046696,191.199997,137.817017
558.991753,343.522884,192.445953,131.680313
534.661736,353.332043,197.617340,113.167587
519.061302,354.656002,197.929657,91.568130
516.822540,356.022591,200.163406,92.144402
502.217323,345.637321,199.446411,70.625267
492.883560,325.501505,198.867905,53.885792
486.439049,302.043015,196.874725,48.536659
471.839104,275.743580,200.485016,50.927551
453.756851,251.683300,201.964859,61.373642
450.736061,251.278963,204.314484,60.537052
432.095039,224.520111,207.341644,73.401253
414.954887,193.267960,209.934204,92.624123
406.068069,168.121761,209.746658,110.574417
398.783653,152.566723,211.473145,126.539719
390.309753,160.114147,212.540146,134.920456
392.399254,157.577282,211.984192,139.288010
388.206017,166.788898,211.237732,144.255524
388.088470,177.927822,212.523727,147.026627
400.854630,186.304234,212.947159,147.320068
413.704033,195.372921,213.540649,142.678909
435.096672,208.081234,210.695251,134.845047
437.880188,207.876881,208.572739,136.288544
471.357254,220.978943,210.179886,123.063484
517.455597,231.422413,210.161911,109.844635
564.546295,245.429512,206.753708,95.489677
610.213013,264.413166,204.972702,81.389618
643.322670,287.992859,207.141998,66.412422
646.829269,285.537956,203.702164,68.213219
675.704330,311.061237,203.128494,53.747528
702.448997,331.065474,199.325928,49.668865
719.312645,349.123394,197.831787,49.958054
725.567062,365.617399,195.225479,55.801281
722.160645,374.296928,196.622910,65.674217
721.242668,373.055885,197.717834,68.430717
720.254265,382.697536,194.032349,81.133316
713.307899,391.445580,195.131317,98.285667
697.963058,398.023087,191.528824,115.145729
679.149506,408.238827,192.185532,124.818253
661.488403,408.746349,188.845322,131.902451
660.906799,407.721195,189.971970,132.508118
647.827721,403.067783,188.996643,136.975159
636.925529,400.579784,186.329407,134.833237
628.990791,400.658672,183.450592,129.019882
625.684334,402.764816,179.719452,119.090309
636.211739,405.375679,182.631683,100.747490
638.504807,407.204288,180.329544,98.655579
651.938042,407.458698,179.946594,78.824799
669.877281,403.872089,177.053955,62.746185
684.770111,396.566740,175.740219,54.664715
698.536842,394.001522,171.600372,50.293106
700.779572,388.572088,173.487106,51.410030
700.487617,387.058508,173.004761,54.019009
702.781487,384.860662,168.512024,63.401913
695.515808,382.495022,165.912827,75.228531
678.786545,375.295082,163.725052,91.461662
648.355110,368.031040,160.097443,104.268677
603.727371,358.658764,157.504227,114.279648
603.343132,358.983509,157.118896,115.350494
565.657303,348.241703,152.923233,119.766418
529.709412,333.926037,149.219284,122.211472
500.103195,314.329853,145.207840,121.510345
471.606529,293.595917,141.455200,121.126350
443.547684,275.564571,138.867447,116.246964
444.637474,275.734764,138.022949,116.028343
437.370293,264.030563,136.713379,109.638466
442.823921,257.536976,134.899811,100.882599
457.094231,259.089676,132.826477,88.743935
462.068596,264.612770,131.838257,75.716667
459.358444,281.787560,129.113327,58.623863
458.492912,281.077366,129.651917,59.788513
451.412415,297.949402,130.214249,49.680489
446.997536,305.166777,130.754150,48.709148
438.645584,308.970545,130.806229,47.678822
430.635132,319.792454,129.814621,48.135284
441.855270,331.694979,128.937241,50.802921
441.574585,331.354986,128.556503,50.672085
466.403511,342.062250,127.391052,56.500904
494.969494,353.175877,124.332726,66.666168
519.940098,367.266933,123.168007,81.030411
547.635555,382.369396,118.821587,91.669601
579.146549,399.912193,112.940529,97.946861
578.577969,399.858685,114.433647,97.793747
609.447887,416.103497,108.936302,102.417587
630.873775,429.576801,104.948845,101.714874
637.610722,442.176556,104.589699,99.406113
632.337559,451.025002,103.121376,93.173515
629.353870,449.192371,102.646889,85.208649
628.456097,449.164959,103.322105,83.637161
634.805527,436.522274,104.296738,71.255936
645.255341,425.409788,105.287033,59.341381
657.559128,414.124336,106.573990,54.801720
680.214077,408.843800,105.679039,54.178436
713.941219,411.188622,107.427025,51.445732
714.434952,410.589897,107.335434,51.597069
749.064404,414.430359,106.503960,52.813301
781.742218,425.392132,104.227310,53.203476
810.019035,440.451698,102.595337,51.933952
830.470253,452.150316,99.172760,58.402164
844.592609,454.900021,94.346046,68.830795
845.947189,455.284515,94.008469,68.837044
858.702763,452.886169,90.165291,77.108833
869.208229,450.351479,85.520874,83.092186
879.721710,448.748425,78.790451,87.193863
881.579208,447.076092,80.236252,88.259750
886.311096,442.607708,80.170090,88.735092
887.266708,443.221279,78.954025,87.552780
890.425098,434.052998,78.812202,87.429932
893.634563,425.407383,77.148582,83.392792
893.274147,418.598412,75.463409,77.466728
891.565994,414.601574,74.332748,66.613022
890.389874,413.235321,73.759392,57.841377
890.103012,412.298216,73.473892,59.188976
885.691605,415.539391,73.962265,47.164543
880.479748,419.185606,71.611412,43.500744
865.285877,424.840185,77.178139,41.361416
855.175335,431.036522,77.717461,39.523949
844.301262,437.752012,77.596191,38.618359
844.251377,437.937639,77.490242,38.337193
838.589283,443.545630,76.831551,40.516689
835.032574,448.223906,74.770836,42.493755
835.384392,452.159252,73.655151,46.132248
834.820782,454.913876,70.481682,51.724136
835.787663,456.215364,65.733864,59.473331
835.945423,456.760405,65.272499,59.879498
833.437151,451.708153,61.786205,66.136101
825.423515,439.985088,59.019226,69.851974
820.546381,416.163788,55.592861,72.951759
815.492920,392.167244,52.449326,74.183220
810.959671,377.772678,51.709915,72.149780
810.664812,377.841457,52.360760,71.667191
809.781298,370.934498,53.230328,66.660522
823.976406,370.365711,53.226311,54.022736
830.363380,369.908932,58.041046,49.721939
843.341911,380.702641,59.793121,42.477844
854.929277,396.912262,63.470898,41.307259
853.404118,396.919071,65.462379,41.287201
867.144135,416.373442,68.756363,39.525127
885.148270,440.989901,68.191605,37.691410
904.814075,452.105780,68.035011,38.674129
921.291252,459.339953,66.551300,31.868227
929.529882,452.643559,63.496067,38.431458
929.784935,453.999819,63.986160,37.514042
