482.000000,183.000000,720.000000,466.000000
476.518250,178.764450,723.133179,461.921051
480.531860,179.064453,719.441895,460.745605
481.166931,179.398987,716.160278,460.386597
480.126495,179.444153,717.231140,462.639282
476.240906,179.549408,719.594116,459.578674
479.763245,178.490860,713.712769,457.394257
480.853119,176.990814,711.638000,458.426819
477.809662,176.360947,713.061340,458.393097
480.181335,176.533936,710.248657,454.385010
481.144989,176.713181,706.761047,450.960358
481.487061,176.266113,706.600586,447.573975
481.484070,174.382324,703.488403,450.261475
478.760254,172.235672,703.936768,448.827972
475.375854,172.226196,705.789795,447.328369
480.835938,168.102676,698.483887,449.361786
473.999878,168.774200,703.860596,448.135681
476.059326,166.442444,698.792725,447.750122
474.918121,165.238907,697.197449,446.548553
471.470123,163.184113,698.599548,445.294128
472.131226,162.269119,696.196777,445.378265
470.003693,161.682755,695.559998,450.216278
465.658691,155.487350,697.165039,456.983307
459.210266,154.682617,697.101196,459.583496
459.132446,149.584930,698.203857,463.760071
458.793884,147.767075,693.774292,463.627472
458.553619,144.402374,691.858826,464.160095
458.739685,143.638000,689.732544,472.058228
456.203186,140.001831,691.886841,466.323486
457.632690,136.799042,685.962891,474.899475
450.512695,133.801758,689.122314,472.226318
443.428009,131.230560,691.184265,472.529358
443.192871,124.816345,692.397949,478.321655
440.643921,120.750168,690.322266,478.052887
437.159943,112.905701,693.453308,482.324341
439.410706,107.033524,688.721313,481.313568
436.792938,98.992249,691.427551,493.602173
440.147614,90.270370,684.723083,495.226593
435.872742,84.679153,685.327271,499.800385
436.791290,79.622360,683.710144,508.034088
436.298889,76.642746,681.758179,505.447906
434.186310,73.551834,683.450867,508.769623
433.221802,67.834076,680.837891,516.846252
432.980103,63.340179,679.094971,521.262268
432.077240,61.900848,680.754211,518.079895
434.592224,55.748383,680.437866,521.535461
437.772522,51.162598,673.802124,525.724365
437.805939,47.644958,673.812683,536.323853
435.117310,44.493286,676.029785,531.106934
436.757385,44.096863,677.304810,534.844360
439.766052,43.677612,677.455688,536.161133
446.395966,41.676880,670.715393,542.626465
447.636627,41.900574,671.930359,543.449341
447.800598,38.563843,674.322144,539.829102
448.760925,36.088226,673.718628,542.755432
449.245605,38.136749,673.586182,539.436218
451.264557,32.603760,672.562195,542.719482
452.031586,31.671509,672.440247,543.631104
451.653503,29.673035,673.433472,539.892212
452.838654,36.582489,672.586365,529.189270
454.332642,33.551575,670.162354,530.713013
455.011108,30.054138,670.265869,536.553833
452.015411,33.883453,673.097839,545.391296
457.328674,33.934631,666.232788,542.554321
455.722595,34.482910,667.675171,541.135986
458.000519,33.252838,664.748230,535.819031
458.449615,32.517456,665.303650,537.814209
456.888489,31.437103,667.523071,540.071838
457.130463,27.732025,667.719788,542.500793
453.667816,28.470917,672.483948,543.102600
454.801758,29.120819,672.410156,542.407776
458.367126,25.689362,669.137085,546.122498
458.193634,26.564117,670.126160,549.139832
458.041504,24.425262,670.292236,554.620422
455.657440,23.505249,674.808655,557.041748
457.916290,18.726624,673.201111,556.705688
459.839417,18.045380,671.942749,552.743469
457.313568,17.074951,675.753967,548.736816
459.906525,10.558502,676.176453,549.027771
458.159424,10.338776,681.512207,545.372498
460.373077,8.440643,680.328064,547.724182
458.893036,11.030945,683.099426,540.662964
456.897308,8.609161,689.606262,536.959167
462.204346,8.024780,681.725342,542.803955
463.396912,10.313538,682.333618,537.266724
460.770050,13.643860,686.979675,538.045044
462.823486,6.917908,684.561768,556.658325
456.438843,4.378601,690.447266,556.720093
463.959137,4.404144,683.320251,566.620911
463.377258,7.196167,681.280640,567.163818
461.619476,10.877075,683.625549,564.512695
461.862061,15.007568,684.071045,554.074219
463.235077,14.162964,682.503235,554.196533
464.371979,17.667603,681.050232,557.246338
462.724945,19.217773,681.840637,553.854492
465.465942,19.332977,678.617676,545.196106
465.228485,18.588745,678.462708,546.551514
464.166504,18.385254,678.563721,549.859131
462.159363,14.319733,679.866089,547.523132
459.825226,15.143158,681.773621,538.685608
457.972504,20.190796,683.352112,539.721924
457.615326,21.070343,684.101868,538.117615
452.167511,19.176605,688.428650,540.614563
450.563538,17.977631,689.332642,543.440735
450.495239,18.056671,689.537842,540.455261
446.885468,14.642914,693.899963,545.576965
444.704987,14.542908,695.206970,551.337036
443.843872,16.841187,695.503174,550.528564
442.121643,13.094421,695.440063,553.719116
444.599060,13.957458,692.420288,550.066772
445.638031,13.058746,690.150696,551.254333
446.719421,9.991028,689.009644,554.002808
447.474487,8.951202,686.775635,556.336609
447.697327,8.836456,686.811401,554.604919
451.415405,8.065613,680.179443,550.861206
452.972534,6.419067,678.606201,553.420166
456.040131,8.058105,673.343567,554.289795
457.432800,8.566650,671.730103,549.852295
458.372009,7.541382,670.480347,548.938965
461.427612,6.796570,664.941162,549.874878
462.003510,5.369629,666.258606,552.793945
462.736237,5.536804,665.587830,552.693726
465.595947,6.376831,662.296143,557.450439
465.108643,7.524200,663.079102,553.317322
466.216309,7.876984,662.188721,560.422546
472.524261,8.421570,653.596252,553.245239
461.796936,8.873077,667.634888,561.873718
471.856171,8.114777,654.486145,566.851013
473.259857,5.044922,652.980774,565.108154
469.858185,9.911835,659.942566,562.392151
466.205963,4.322815,662.357605,564.813843
467.136658,8.531921,662.886353,562.610718
469.834076,10.026306,658.376038,568.407349
467.086884,8.818298,660.765442,563.269897
465.678131,8.061249,664.428650,564.785950
461.752869,11.232330,667.988647,567.362732
466.774414,7.163635,663.080078,566.414673
466.381683,10.667480,662.829407,564.759033
456.425476,9.213074,675.922485,554.618286
469.186401,6.824768,659.302002,559.871216
461.409912,8.320618,669.401123,554.824341
468.641663,8.159119,659.625610,547.845825
470.134857,10.036499,658.447571,546.090576
469.643860,11.123352,659.140991,540.182007
479.127594,11.537537,647.536072,543.448853
472.863190,11.842621,656.064392,542.213928
470.924652,12.389191,656.816956,541.652039
467.036011,9.532104,660.811523,552.669678
466.974030,8.520416,661.230896,555.486511
465.569336,10.425659,662.199951,560.639648
455.875183,9.246307,671.818237,553.678284
462.142426,8.900818,666.022278,572.270142
457.956024,9.671967,671.165344,560.847717
459.007538,14.741608,668.905579,562.287048
455.307098,15.474365,674.407776,568.337158
455.273163,16.081421,674.420959,559.386719
453.013275,16.053833,678.965637,562.809570
456.180511,14.438782,676.014709,554.933228
454.785767,15.928864,676.366455,556.887634
451.823669,16.402344,678.834839,555.254150
450.635223,16.464569,680.634094,556.436829
450.637299,15.112030,680.342834,564.960510
447.651123,15.343048,681.866455,563.037781
444.350769,16.244110,685.092651,561.933167
451.086639,16.157501,677.145325,560.426941
450.433899,16.456177,676.294556,564.604248
444.689911,15.147675,680.952454,568.042053
444.135620,14.391418,680.313232,570.043091
442.962311,15.383850,680.882507,566.028442
443.071869,15.894958,678.972961,562.879028
440.897644,15.982849,679.454468,563.066772
436.722321,16.932861,681.436707,567.483154
433.507324,14.463226,681.755859,561.653625
432.611694,10.802277,679.903076,567.323669
433.518066,13.724243,675.628174,559.823975
428.409760,12.884491,680.073792,555.094299
425.477661,14.665436,680.853271,553.877136
423.091064,13.344971,682.357178,551.411133
414.975098,13.155396,688.633545,554.630371
416.069153,17.239258,686.162964,557.491943
411.602448,17.746002,688.945251,555.570496
408.958191,11.902252,691.406128,562.673279
414.310028,11.227173,684.229065,562.425293
415.495361,14.359314,682.668945,556.354126
412.647095,12.252350,684.934082,554.658142
417.567596,10.662262,679.191223,550.011658
419.118713,8.275421,676.908081,553.680847
423.810272,11.393280,672.388245,544.257629
424.085419,8.755341,672.137024,543.447327
423.547089,6.041809,672.446350,546.347534
422.179108,7.580750,673.001404,544.387573
419.468445,6.411072,675.473022,546.118774
417.080963,4.695618,677.736511,548.707642
416.869568,4.123352,678.686646,557.410522
417.620056,5.578400,678.054077,555.938416
417.429199,3.521820,676.145996,556.385803
419.702393,5.312927,675.109863,545.767456
418.836182,5.081940,674.409912,543.024841
419.738098,4.112823,673.034790,543.370544
417.051819,4.909454,675.717407,546.609558
418.693207,6.150208,673.824036,545.963501
416.297516,7.367126,675.469666,543.138306
409.920105,8.468018,682.892944,546.432861
412.177979,7.078369,680.879150,550.553223
413.922852,7.701599,677.062744,560.218872
418.209869,8.247131,676.184753,560.220337
417.444275,8.907318,676.298218,557.540833
419.648193,9.556885,677.855225,571.085205
422.661621,11.660614,674.098145,566.109924
426.051270,12.743439,670.978027,553.317566
426.819672,13.901825,670.567688,561.139954
427.195526,16.794403,669.443665,555.904846
424.681702,19.279266,673.584351,558.512512
422.386200,19.229065,674.596497,555.800659
419.276093,18.626160,679.491272,552.990845
420.094727,17.752167,679.873291,564.612854
420.020355,15.790527,683.346497,555.042725
418.731323,24.894989,687.073486,542.923401
421.387909,17.779633,687.957092,551.153625
417.799683,23.118134,695.022217,551.265198
422.141602,20.316467,694.168213,557.798706
426.427795,29.617645,702.717407,563.252502
431.485077,32.952423,697.337463,572.323669
430.781952,28.175385,702.137512,564.453186
432.479645,25.488953,704.001648,572.855347
437.612396,25.307831,701.941223,576.112122
441.638367,28.754242,701.361938,576.622131
440.762329,31.449554,706.092773,572.568176
442.799194,29.462646,706.853027,568.416504
444.764801,24.306763,706.177673,587.343262
446.140778,18.797424,707.233093,580.135132
449.981812,23.793671,704.151611,582.683899
446.969635,20.700958,705.744324,585.607849
446.717163,17.174561,705.138184,578.604980
443.135834,14.095154,710.037170,588.532349
447.183380,15.602081,705.387878,584.843933
447.161682,16.258453,706.767456,577.803406
448.027344,11.266327,706.093994,577.699524
448.237091,11.010315,704.413757,575.661011
449.088806,15.717590,705.000610,568.043335
448.515259,16.537567,705.049561,569.875305
442.728394,17.345703,711.779297,565.393066
435.906586,13.743408,719.287659,579.012451
433.761017,10.209198,725.539734,580.537659
428.510925,10.052826,729.505493,583.945618
434.328369,7.532257,725.637695,587.283142
432.817261,7.681213,728.841797,583.659302
433.745056,8.313110,735.368042,596.512939
433.687164,6.783600,736.356384,594.272644
435.106445,9.915680,738.697754,595.728455
432.821991,4.711426,744.117981,607.957764
429.311890,6.438416,751.399902,605.420532
420.924194,4.415833,764.252930,614.328247
424.806244,2.598907,762.591370,613.151550
423.876617,1.476532,766.640320,606.741760
424.330383,3.372803,771.558228,613.513184
426.460937,0.000000,773.642578,610.894989
427.611816,0.000000,779.644287,613.935867
440.061035,0.466042,772.194824,619.362427
457.356476,2.376778,766.474548,602.651306
469.195618,2.012154,769.444458,612.250427
476.276825,3.035927,782.119202,613.446533
482.109467,0.448738,790.216370,598.524231
480.565826,5.307106,789.768982,598.327271
482.396973,3.431648,790.202881,605.405090
486.755249,1.217690,789.288818,613.510010
490.201721,1.231300,785.144653,612.754761
494.573853,1.196297,783.116455,615.859436
498.643738,3.220284,775.332642,617.707703
497.767273,2.952400,780.218140,624.811584
508.776520,10.033546,768.030945,622.950317
510.533966,9.429482,769.131042,616.929932
521.531982,10.443916,758.468018,606.841003
527.451721,7.770576,752.548279,614.107605
531.319366,4.330818,746.191895,614.491760
530.633942,8.662971,749.366058,618.058167
532.528000,5.942360,747.042053,632.770142
530.750229,3.869972,749.249771,636.476685
526.043571,1.066872,753.956429,634.184448
510.176662,6.601143,769.823338,639.151306
491.099348,1.192848,788.900652,654.070679
470.734794,6.008003,809.265206,661.882751
465.122188,8.005074,809.945496,671.585632
456.062953,5.450905,823.937047,687.647339
438.590315,3.653969,841.022949,675.985840
429.203901,3.677467,850.300415,668.223022
426.809309,6.872658,846.362793,675.113647
423.891309,6.591713,854.960999,661.455566
418.438307,4.912483,859.758362,670.035706
420.250135,4.740517,859.004822,662.249023
423.095625,2.068550,854.150757,678.145203
425.388777,3.141182,847.584229,662.598328
425.468855,0.887886,846.729004,661.288269
425.631941,0.000000,849.751465,652.317696
422.369703,0.000000,852.651428,651.857334
421.445783,0.000000,851.911377,655.252764
422.183912,0.000000,852.032043,654.284463
419.602400,0.000000,855.250488,651.581379
409.983869,0.000000,862.777588,640.217905
420.510206,0.000000,854.792053,653.070012
424.603681,0.000000,850.911987,656.462710
425.439070,0.000000,851.276611,652.032563
427.391126,0.000000,848.908386,658.431931
435.647016,0.000000,843.682495,650.174675
432.350263,0.000000,847.649737,671.798672
430.095420,0.000000,847.350342,668.695112
431.440207,0.000000,842.396851,671.368278
435.566489,0.179256,844.433511,681.489258
433.684856,0.000000,846.315144,687.793605
426.844076,0.000000,853.155924,694.588148
414.672313,0.000000,860.770935,697.453956
404.637553,0.000000,875.362447,703.017047
394.912954,0.000000,885.087046,699.539468
388.309901,0.000000,891.690099,696.951100
390.179487,0.000000,886.098877,694.462916
388.946515,0.000000,891.053485,681.578962
395.165152,0.000000,884.319092,678.996848
395.369925,0.000000,884.172485,670.775432
390.169638,0.000000,887.133362,666.038290
387.553366,0.000000,884.035095,677.123515
391.315360,0.000000,887.681274,671.290426
382.329093,0.182109,892.099365,677.825623
353.895957,0.000000,916.792297,662.816844
331.089102,0.000000,941.405762,655.570134
322.429648,0.000000,950.670715,664.473269
318.862052,0.003023,952.340820,673.748474
315.426627,1.393495,952.232910,667.597656
319.907645,1.894899,948.721558,671.298218
316.535941,0.000000,953.255737,675.153840
318.581992,1.388291,950.820129,670.270325
323.116416,2.660508,945.279846,692.140930
323.793967,0.000000,945.864685,678.517930
324.843314,0.000000,943.579468,680.868065
330.435202,0.000000,940.025574,668.175183
329.894400,0.274389,937.291504,690.931580
336.473777,0.000000,943.148621,686.542608
338.851401,0.000000,936.738831,679.033114
345.193961,0.000000,928.213623,666.803422
337.049491,0.000000,940.264771,666.384194
344.161429,0.773701,935.261841,668.413940
354.547629,0.000000,920.687439,667.126362
361.687796,0.000000,918.312204,658.407358
367.760097,0.000000,906.983276,660.615666
391.432155,0.000000,883.430908,665.808260
422.795680,0.000000,857.204320,673.317582
449.191023,0.000000,830.047180,693.593087
466.870039,0.000000,813.129961,685.542149
473.736258,0.000000,806.263742,699.299181
478.757137,0.000000,801.242863,693.981713
486.722593,0.000000,793.277407,689.654950
489.837310,0.000000,790.162690,680.906790
492.106582,0.000000,784.421753,665.866115
499.403060,0.000000,779.755798,657.883619
505.168685,0.000000,774.318054,666.564032
508.819869,0.000000,765.070374,659.198734
505.309829,0.000000,774.288208,645.879518
505.952560,0.000000,774.047440,645.099580
510.530113,0.000000,769.210693,645.645981
516.553673,0.000000,763.446327,649.926689
518.190563,0.000000,757.987976,641.301876
519.368633,0.000000,760.631367,616.485045
523.465170,0.000000,756.534830,624.417235
528.914958,0.000000,751.085042,618.267761
532.405691,0.000000,747.453674,599.043152
530.982229,0.000000,749.017771,599.618774
530.305323,0.000000,749.694677,603.365967
528.201581,0.000000,751.798419,618.834167
529.609763,0.000000,750.358032,612.414978
517.615988,0.000000,760.706665,604.970856
522.090293,0.000000,756.686768,617.220078
522.974631,0.000000,757.025369,611.246452
517.454295,0.000000,762.545705,604.738033
509.774419,0.000000,770.225581,616.437468
506.330935,0.000000,773.669065,609.990523
505.420900,0.000000,773.677124,617.246421
505.858644,0.000000,774.141356,603.748455
509.503846,0.000000,767.830200,603.814474
508.253785,0.000000,770.628174,608.683665
506.230744,0.000000,772.235535,622.094396
507.953828,0.000000,771.477600,605.436694
509.339295,0.000000,768.323608,584.633142
505.582459,0.000000,774.417541,598.056287
503.254090,0.000000,776.745910,598.614783
499.504852,0.000000,780.495148,599.727527
504.527573,0.000000,775.472427,587.811060
493.224693,0.000000,786.775307,598.957715
496.038403,0.000000,783.961597,593.959692
496.956884,0.000000,783.043116,614.425891
494.421283,0.000000,782.623108,604.207697
489.065478,0.000000,790.934522,617.909421
487.936029,0.000000,787.095764,607.191161
500.290613,0.000000,779.377808,604.443267
511.380151,0.000000,768.619849,634.026229
512.886060,0.000000,762.791870,622.302116
519.525006,0.000000,760.474994,554.713589
527.947104,0.000000,752.052896,606.920179
530.724773,0.000000,749.275227,600.865302
532.931234,0.256961,747.068766,610.712463
534.451518,0.000000,742.903442,538.381748
536.565257,0.000000,741.258972,569.291155
535.809367,0.000000,744.190633,608.789285
538.914724,0.000000,735.785339,555.638630
541.421743,1.072794,738.578257,616.225464
543.047816,0.000000,736.815125,581.180948
539.982417,0.000000,738.365845,589.157216
533.433070,0.000000,744.800476,553.547846
533.470668,0.000000,746.529332,604.355039
524.739728,0.000000,755.260272,578.552916
521.597586,0.000000,758.402414,596.090698
517.931545,0.000000,757.780151,558.173614
522.598811,0.000000,754.630676,583.269028
527.297176,0.000000,752.702824,597.823662
537.528623,0.000000,740.724792,607.378170
534.031309,0.000000,745.268738,588.713224
528.250059,0.000000,747.249451,601.399001
525.788145,0.000000,750.850769,607.579841
537.050749,0.000000,740.851929,606.930149
534.495298,0.000000,745.504702,608.131487
532.740508,0.000000,742.507202,588.817208
535.241698,0.000000,744.758302,625.542576
540.981872,0.000000,738.761353,612.275957
540.262969,0.000000,738.159119,594.006051
528.970458,0.000000,751.029542,621.564427
523.655884,0.000000,755.815186,612.528734
519.384948,0.000000,760.615052,600.565545
523.351898,0.000000,753.481201,640.553158
533.177307,0.000000,745.169250,625.281676
534.581146,0.000000,744.136475,609.102904
532.058258,0.000000,745.884155,612.246124
532.950104,0.000000,742.497925,607.930130
539.057556,0.000000,740.289612,602.418526
548.409637,0.000000,731.590363,631.269352
559.838333,0.000000,716.464905,610.647371
558.129074,1.811082,721.257446,617.753967
562.524979,0.000000,711.622620,616.016648
568.951492,0.000000,711.048508,599.228417
563.480537,0.000000,716.519463,608.746777
564.356205,0.000000,715.643795,610.961859
560.963778,0.000000,716.692566,622.468783
566.540529,0.000000,710.645264,615.460557
564.567995,0.000000,715.432005,634.612664
563.245454,0.000000,716.754546,616.990872
559.159409,0.000000,718.428101,631.580733
557.271927,0.000000,718.937683,628.311454
555.336350,0.000000,719.408691,624.870082
556.992936,0.000000,723.007064,627.022321
555.727486,0.000000,720.763794,623.594962
555.573403,0.000000,724.426597,619.150508
555.479908,0.000000,720.941223,639.849149
554.830647,0.000000,721.326416,635.157180
553.542988,0.000000,722.424194,616.324134
555.212299,0.000000,724.043091,628.256092
548.653217,0.000000,728.079956,608.037165
544.363361,0.000000,732.812256,635.347409
544.771656,0.000000,728.465881,638.105254
544.547199,0.000000,735.452801,650.323226
546.473307,0.000000,733.167725,629.057823
541.402597,0.000000,733.802795,615.758098
539.724161,0.000000,736.760010,606.530691
535.805491,0.000000,744.194509,614.605830
540.969976,0.000000,736.953430,599.864164
534.642278,0.000000,745.357722,615.063155
531.177615,0.000000,748.822385,599.335746
525.424257,0.145443,754.575743,599.711853
523.147614,0.000000,756.852386,600.708034
515.973099,0.000000,764.026901,616.001386
517.402168,0.000000,762.597832,616.867881
511.889622,0.000000,768.110378,632.433818
517.360216,0.000000,760.566895,631.683676
511.973925,0.000000,767.173706,615.050883
506.840380,0.332509,773.159620,621.340454
511.105950,0.000000,768.894050,614.631063
503.955075,0.000000,776.044925,620.027049
509.326140,0.000000,770.673860,626.233739
505.983474,0.000000,770.988098,609.871051
506.513625,0.000000,770.156799,610.764108
510.259750,0.000000,766.533203,612.021397
518.229140,0.000000,759.786560,611.587481
518.574691,0.000000,761.425309,613.802652
514.073906,0.000000,765.926094,618.814534
520.130214,0.000000,759.869786,629.218790
520.155226,0.000000,759.137634,642.971547
521.902876,0.000000,758.097124,630.611628
522.562766,0.000000,756.444580,642.985227
533.084586,0.006804,746.915414,642.534119
526.070034,0.000000,748.474304,644.834044
532.311580,0.000000,747.668213,653.876281
528.210353,0.000000,749.534485,660.474792
525.139339,0.000000,752.075439,647.136780
516.952663,0.000000,763.047337,638.897888
521.982465,0.000000,757.292175,641.815063
525.065870,0.379242,754.934130,653.512878
517.766425,0.000000,758.067932,652.900513
514.955420,0.000000,765.044580,660.026123
519.879566,0.000000,756.627441,648.767822
527.188922,0.000000,752.811078,639.524261
526.624704,0.918045,752.900940,657.080750
530.475321,0.000000,747.875244,676.914993
530.913889,0.000000,745.972717,676.196693
531.336191,0.000000,748.663809,674.927784
529.596928,0.000000,745.470703,654.952509
533.461491,0.162625,741.557983,682.892883
529.619786,0.000000,745.085144,648.196042
530.530339,0.000000,749.469661,659.853758
536.733218,0.994384,743.266782,682.042480
535.762605,0.000000,740.541260,673.710510
535.179780,0.000000,744.820220,685.452697
537.857926,0.000000,740.589172,669.599945
540.324723,0.000000,732.531067,669.545456
540.289506,0.000000,739.710494,687.614464
539.737282,0.000000,740.262718,670.970135
533.812702,0.000000,741.357483,671.290030
528.741413,0.000000,751.258587,697.357692
514.487040,0.000000,765.512960,676.803815
525.365377,1.214988,754.634623,687.092590
529.822398,0.000000,746.578491,679.248526
525.190684,0.000000,753.655884,692.047359
533.305705,0.000000,743.096985,686.132261
529.966898,0.000000,746.159607,683.425872
530.417674,0.000000,744.300049,687.106277
531.168070,0.000000,744.367371,693.532692
535.168955,0.000000,741.452759,696.198048
537.552073,2.321772,741.197998,694.658020
534.235850,2.799341,745.764150,698.884277
534.237401,3.554224,745.762599,700.606201
532.057421,0.000000,744.419189,707.095972
534.434893,1.753644,745.565107,707.846741
538.692819,0.000000,737.466003,704.585584
530.673532,0.000000,749.326468,713.097052
536.498479,2.500064,741.054993,706.188232
544.572758,0.000000,734.172546,714.349094
547.094792,0.000000,732.905208,706.765550
544.545077,0.000000,734.678467,712.143548
544.826418,0.000000,734.071838,715.535794
544.595461,1.261000,734.519836,712.423950
547.619082,2.882612,732.380918,706.319397
548.119813,4.175581,731.880187,709.136780
547.542725,5.533919,732.457275,696.884216
548.289154,4.427229,728.268616,702.022156
556.651032,7.758620,722.998474,692.805908
550.997711,11.775618,727.434265,690.087585
557.587494,15.286452,722.412506,687.813965
546.075668,15.232588,732.164673,682.877014
555.244797,17.704786,724.755203,679.665283
546.039574,18.729292,732.566772,682.857239
551.327843,16.172102,728.672157,686.761902
544.161938,16.401076,730.947815,685.781738
541.501385,16.080305,735.249390,690.618347
538.562115,26.175276,740.741211,689.144226
542.620373,25.779646,737.379627,681.050964
538.988440,31.797926,741.011560,674.741211
533.477496,23.429518,743.217773,688.005127
537.703448,29.009352,740.278076,680.690674
533.349322,30.191511,743.609131,684.363708
534.274371,30.406721,741.799805,678.160339
531.694446,30.750166,741.520935,681.190002
541.919360,38.682142,738.080640,670.433716
535.964685,43.963850,741.328125,672.259460
542.663385,46.454359,733.166565,667.532349
547.729150,46.361067,732.270850,659.216248
540.993359,53.823378,734.624512,658.074585
540.717175,50.662703,737.517944,657.294373
532.046033,48.850386,747.953967,665.945618
543.412604,51.157057,736.587396,663.343750
536.787631,59.764784,739.517029,652.333862
534.754245,60.806349,743.969055,650.885742
528.760471,68.547529,749.866272,647.732727
532.040591,67.191359,745.533325,646.795654
532.787143,68.297133,744.455017,640.697876
529.063937,75.497420,750.936063,636.753357
532.221574,77.407759,747.778426,635.466858
521.339730,76.174238,758.505737,635.752502
524.341317,76.004561,755.658683,637.342590
518.311253,79.865706,761.688747,634.112488
513.269091,82.692488,766.683472,632.779480
513.149126,83.721907,765.212219,626.288513
510.739672,81.812666,767.232300,633.955139
507.558642,84.188704,769.130005,626.896179
502.274706,82.390761,777.725294,631.555542
495.535821,82.029432,780.296570,628.477905
475.691186,80.804365,802.322510,629.032043
493.908502,79.663862,786.091498,631.348694
491.129666,74.798292,788.870334,634.967529
491.806959,71.814009,788.193041,636.105042
489.903510,74.821028,790.096490,636.785095
470.318851,69.158858,809.681149,643.220032
474.489809,65.071242,804.056519,647.130371
463.039156,66.693098,816.576233,643.583435
466.138368,65.570662,810.108765,644.707947
460.136171,60.367171,815.968384,650.010193
455.304750,59.021528,820.656616,649.991272
457.695558,58.263594,817.102051,652.871643
447.509340,51.735487,828.027222,660.909302
449.610536,51.941481,826.232544,661.525146
441.796388,54.383040,833.920410,660.061218
442.265566,50.807844,832.444702,665.403259
439.392916,49.300978,834.981995,666.283447
437.519869,54.841261,836.482483,659.484131
420.375978,52.595045,859.624022,661.022461
437.741975,57.036482,842.258025,648.671326
430.719376,51.494215,849.280624,657.580078
424.052162,50.255354,855.947838,661.439636
424.925861,46.849531,855.074139,665.419006
421.704996,46.429976,855.761475,663.945374
422.921976,38.715986,857.078024,671.921692
430.273610,39.581984,846.477783,670.935303
424.810903,35.733534,851.458374,673.089966
427.074391,35.171766,847.599365,675.001831
426.514730,31.197584,848.710632,679.953125
431.617513,25.411207,844.468689,682.474609
424.726094,29.241194,854.315491,667.039001
429.933003,23.575331,848.520813,677.890747
441.307118,20.688643,837.243774,677.218811
443.793752,19.997450,836.206248,673.401245
448.955988,19.462355,831.044012,672.934814
457.875791,12.599684,822.124209,681.611816
465.882384,13.651350,809.795349,682.024109
474.547301,10.947737,800.548035,682.716736
474.444670,9.652876,803.212524,681.739807
476.036101,11.379103,803.963899,679.980713
483.412032,6.878584,796.587968,686.674377
480.453392,8.063368,796.915161,687.698853
486.595115,4.207258,791.404907,692.401062
479.016349,8.411116,798.266296,687.222595
478.146141,4.101668,801.853859,685.705017
478.955669,4.219893,794.947937,695.307190
494.933300,3.178206,785.066700,680.819275
493.013800,1.826002,784.067810,680.088867
507.717138,0.000000,768.140625,667.885206
502.617346,0.580634,775.122925,683.369202
506.592047,0.996986,771.514587,661.021118
509.236761,0.000000,770.763239,663.748756
513.381625,0.000000,760.386353,664.777820
524.999881,0.000000,755.000119,663.668268
534.392976,0.000000,743.581604,642.786923
530.322237,0.000000,744.034851,629.496367
533.659242,2.575912,741.657959,641.940247
528.547853,0.000000,751.452147,643.236495
528.105195,0.000000,744.852356,631.621269
542.053529,2.795406,730.301636,633.533386
541.171784,0.526272,735.740662,642.057251
542.898530,0.855831,732.300110,653.236511
547.919221,1.911953,729.410339,642.447998
547.942750,1.605587,727.764160,643.092468
548.897431,4.605373,726.173401,659.537231
554.501282,0.000000,724.370728,657.259609
549.210572,0.000000,722.584961,663.851149
549.603974,0.000000,725.982727,644.939155
559.983826,0.151218,713.848755,643.981934
561.011475,0.000000,713.026123,650.817752
553.884064,0.000000,723.710876,642.838838
562.042420,0.000000,714.458862,639.021226
554.777863,1.332268,721.744568,628.309326
560.774232,0.000000,710.694946,633.432274
559.773072,1.857678,714.234131,644.530640
560.306245,0.000000,715.593079,637.964550
557.523774,0.719885,716.400940,644.217407
551.901093,0.000000,722.201233,639.347296
560.040528,0.000000,712.274414,618.152804
548.684296,0.000000,729.692932,625.835283
543.174378,0.000000,735.680298,660.016915
545.200837,1.099461,727.369568,622.658569
537.990693,0.000000,737.862854,636.704930
534.944459,0.000000,743.860596,671.631884
540.290864,4.173181,731.371155,662.792603
532.178193,0.000000,740.544739,666.453576
542.346986,4.741284,732.165894,685.598938
538.794709,0.000000,733.869324,663.048932
539.403229,0.000000,735.415466,667.132071
536.970521,0.000000,742.230835,685.179256
535.408051,0.000000,740.467590,698.228818
541.668092,1.547332,735.090820,688.726685
524.924500,4.260711,749.185913,679.361938
541.256776,1.699675,737.548462,685.222046
538.040162,3.860961,738.619629,684.843567
543.715852,7.186156,730.720642,681.037903
542.163026,0.000000,732.065552,692.738799
534.334626,6.940566,743.110046,689.948242
537.434266,0.000000,742.358521,700.591323
546.290101,7.476844,730.008179,689.594666
538.126130,5.790321,741.354187,685.321228
539.232239,7.160713,740.767761,697.094604
533.547882,6.152015,744.883789,700.014832
538.036286,5.494148,741.963714,695.500732
526.457657,6.452003,753.542343,695.960754
528.975380,6.553108,750.537415,700.341064
523.638924,8.331520,756.361076,692.636292
514.445927,13.060035,765.554073,700.743713
517.186617,12.555153,759.774841,671.346008
521.392366,12.781288,758.060608,692.055115
515.091524,11.303261,760.146667,701.711365
508.373690,13.782631,766.115784,698.518494
518.989595,11.639961,761.010405,693.259888
511.841569,12.200172,764.281799,689.594543
513.694749,11.286140,766.088379,693.444336
514.013749,10.978401,761.878113,693.015869
510.295732,10.222328,769.704268,692.489197
507.572762,11.338630,766.761780,688.437988
505.775246,3.949592,773.522583,697.761963
509.599282,7.329780,765.541992,691.867798
504.879403,6.724861,775.120597,707.811768
509.870548,8.087166,765.601929,698.438477
508.804814,0.000000,771.195186,713.987129
506.603304,3.033939,771.304016,713.886047
513.343325,3.990299,762.266113,703.346619
516.676851,5.350864,758.114197,698.014648
523.441073,6.998478,749.530579,699.449890
525.618197,0.139103,748.431946,705.502380
529.980105,5.447300,747.620972,700.126953
532.005312,0.000000,747.371094,698.417972
539.814089,4.100374,740.185911,694.269958
539.804078,0.000000,740.195922,694.397615
542.395142,3.570024,737.604858,700.755371
542.035218,0.000000,733.587646,704.920976
545.748505,0.000000,734.251495,705.609780
546.191849,0.361714,732.166077,693.853638
542.434250,8.775837,737.565750,696.155273
543.240837,5.175556,731.882751,701.543823
539.444389,7.052387,740.555611,705.401733
547.683041,6.813069,729.063171,700.572998
545.363003,9.566181,729.612183,703.719116
548.079983,5.326130,731.920017,703.713867
542.572950,12.731556,735.030518,701.525085
535.040724,9.494099,738.251709,698.183838
539.811720,14.000019,736.080811,699.864624
535.957319,9.231037,743.372620,703.435059
528.499372,12.441120,743.378845,695.064941
529.935926,16.895954,744.685913,686.807373
524.547407,11.961781,750.554504,696.688416
515.334883,18.390278,758.190979,680.120483
520.092543,18.285511,758.169312,697.763123
520.532148,17.920674,754.859680,688.189819
506.606367,19.020924,773.393633,690.675110
503.578086,24.199696,774.838135,685.494812
501.889060,20.164112,777.852173,691.686096
502.002585,21.528858,777.997415,690.546448
482.914165,27.171223,797.085835,685.628906
466.311483,23.584584,812.467468,683.967957
474.080770,36.365864,804.683777,669.016968
447.718710,34.686054,829.832703,672.301880
467.100973,39.280659,812.899027,670.231323
445.911204,47.116017,832.715088,662.076477
442.266765,49.288258,836.185364,657.311096
436.261485,53.569782,841.384399,651.103027
433.048625,54.265614,846.951375,650.758972
417.022878,57.120198,862.977122,649.621094
406.476405,59.929920,872.798340,653.494568
404.044001,60.037068,874.212463,651.500488
397.551387,60.532704,882.448613,650.622009
394.543424,61.791920,885.456576,650.128967
387.804366,62.241719,892.195634,650.254028
382.927604,63.788532,897.072396,640.103760
377.848079,65.518147,897.992676,645.823730
374.633999,64.583821,905.366001,640.342773
383.311506,64.817158,896.688494,646.998657
376.942313,64.879780,901.810181,639.742310
360.684043,65.503620,919.315957,646.706787
386.216136,64.404835,893.783864,644.798157
350.192358,68.089344,925.094360,647.411560
365.612188,68.609516,909.792542,638.362427
362.516790,69.330433,913.765320,635.424500
360.574957,67.144490,913.684143,639.441406
354.513799,65.143391,919.142395,641.677246
345.218450,63.630390,931.515808,642.909790
337.593176,61.758534,934.048096,646.699646
346.093145,61.253498,931.454407,646.417480
341.376257,63.657795,932.978760,644.748779
341.973730,64.483723,935.757446,644.349609
347.582372,63.724262,922.387573,644.839722
346.326635,64.237538,930.009155,644.745056
327.333898,63.812184,942.403320,646.613831
328.496587,64.806355,942.507141,647.635498
330.469091,64.422901,943.964478,646.773987
323.691351,64.789540,952.070984,648.739441
323.783636,63.909260,952.255066,645.644287
329.517431,65.021717,945.880493,649.534363
324.424444,65.619465,953.530579,642.890869
330.434942,63.787068,947.991760,649.000488
326.771856,62.404591,951.183167,644.999084
327.644933,64.446095,951.637939,647.340149
326.271459,60.533192,952.877563,646.005798
327.035192,60.426411,949.177490,649.670044
328.425329,61.978138,947.909180,649.129089
326.719152,61.305958,946.887939,651.879211
327.956396,61.134663,946.097046,645.190063
326.226110,60.021107,946.769043,649.080505
330.316656,58.068226,943.751770,651.866394
332.747747,56.612293,944.371765,652.429138
332.834936,60.017018,938.013062,649.910217
338.213018,60.419941,940.159729,649.489380
337.701818,58.047169,934.711426,652.713928
335.092077,60.630177,944.432129,648.064758
337.542242,61.028828,935.416565,648.693970
345.933599,57.838276,933.493225,650.833130
344.320623,56.890888,931.907410,650.475464
348.074163,52.051930,924.551941,653.676086
352.548650,52.836811,919.384949,660.305298
353.185339,54.197346,922.801270,652.116699
358.494482,51.234577,918.739136,660.446777
367.730505,46.913166,910.537109,658.801514
382.853307,41.102253,891.980957,668.928711
383.711736,26.010914,896.288264,685.319153
391.167758,28.451863,887.758057,680.030518
393.241122,18.909535,885.044434,695.432068
400.120211,14.552937,875.609985,699.688721
400.317447,10.095906,876.763855,704.186035
400.485354,17.518513,879.514646,695.127930
400.170625,8.507099,877.604797,703.701538
402.584260,12.300740,876.814880,699.957031
398.806764,13.241261,881.193236,698.418762
402.236390,8.765370,875.947266,703.007263
414.001404,11.190449,864.739746,699.998901
406.730775,3.017628,873.269225,705.990295
412.224976,7.976216,867.775024,706.866333
401.115784,11.947499,875.695068,698.360535
411.993286,11.816853,864.498169,699.031982
409.538178,6.962025,870.461822,701.143250
417.847000,9.084095,862.153000,707.581970
418.133308,6.041981,860.477112,704.749451
411.893593,10.416767,867.114746,707.453491
428.083687,6.987416,851.666443,706.601257
423.273262,13.811299,856.726738,696.734741
422.759190,16.876545,854.435303,692.823242
422.405979,28.889607,857.594021,681.304443
424.825792,29.326344,854.126709,680.700745
423.124254,27.349018,856.037598,680.121460
423.280535,30.472218,856.515564,675.843079
420.327898,37.263905,857.539734,668.833191
416.045885,44.725575,863.954115,662.062195
418.588922,44.401234,861.411078,666.235779
421.154233,45.405873,858.845767,667.531189
433.368498,40.403828,842.107910,668.282593
432.910765,45.497822,843.555359,662.578735
436.448179,47.382099,843.551821,660.498657
434.522948,58.748005,841.965515,649.787109
423.206237,51.004231,856.793763,659.890381
429.815033,55.142414,850.184967,655.681641
438.487137,59.826740,841.512863,652.866455
434.717537,57.489826,842.872864,649.365479
434.316475,61.635914,845.585388,649.389954
435.583565,64.008656,844.416435,649.028503
434.157139,65.446888,845.842861,643.874207
427.524675,65.851399,852.017456,650.284424
439.459856,66.020619,840.540144,648.332458
432.022317,66.655567,847.977683,643.313538
432.615315,67.383045,847.384685,641.816345
433.919596,68.660786,846.080404,642.582886
429.814107,63.251728,850.185893,648.444214
432.131541,60.190388,847.868459,649.199219
426.678930,52.353993,853.321070,660.720398
421.885485,45.480091,858.114515,663.107849
420.143457,48.834339,859.856543,662.616882
421.270306,35.072071,858.729694,671.886047
420.632040,47.683460,857.589966,660.768494
425.291830,45.481190,854.708170,668.265320
427.515880,44.329762,852.484120,670.351135
429.136388,37.346119,850.863612,672.419495
427.166735,39.071827,852.833265,672.345276
424.090387,42.150593,855.909613,670.716797
426.884244,44.984394,851.696899,671.155151
431.064053,46.325672,848.504761,662.708923
438.442258,48.581684,839.323792,663.453247
436.924344,45.714802,842.028564,668.190186
441.911252,47.477558,838.088748,667.871704
444.362120,44.797749,835.637880,670.879028
444.250396,42.037831,835.749604,673.156433
444.269943,38.630329,835.730057,676.349609
449.819908,40.434437,830.180092,671.549011
453.809582,43.624867,826.190418,665.938660
450.191626,47.236988,829.808374,660.862610
455.900653,52.556874,824.099347,654.943298
448.029581,51.691517,831.970419,656.951355
454.618031,42.865132,825.381969,665.031372
458.939844,46.070118,821.060156,667.487610
457.598279,41.222218,822.401721,666.576721
463.525702,48.719013,816.474298,664.536743
457.635776,41.697468,822.364224,665.243164
463.450700,43.425343,816.549300,669.096741
464.262154,41.560963,815.737846,662.840637
465.321537,40.609577,812.653992,670.547363
470.025181,41.894367,808.268921,672.467041
471.370671,42.437367,808.629329,662.903992
473.088839,45.697560,806.911161,663.760803
468.169419,41.805348,811.830581,671.637756
472.356164,45.042927,807.643836,669.187256
471.287030,37.314015,808.712970,667.373840
467.714193,43.027638,812.285807,665.904358
462.189159,41.517231,817.810841,673.184204
457.999090,41.997425,822.000910,665.759460
456.554690,44.780812,823.445310,669.523254
453.739931,43.255604,824.922974,666.509705
447.609346,41.942524,832.390654,664.354370
441.585923,43.847920,838.414077,672.303101
443.606285,44.725697,836.393715,668.647156
445.056469,49.104511,834.943531,661.318970
449.691504,49.985859,830.308496,661.205933
447.543750,48.757069,832.456250,660.964050
451.800989,42.105000,828.199011,665.948364
457.750043,38.293476,822.249957,677.786987
459.845480,28.292561,820.154520,681.935303
463.528056,26.462605,816.471944,685.492920
467.342702,27.216633,812.657298,685.183105
469.426234,33.007862,810.573766,680.632385
463.904493,39.212086,816.095507,676.458069
461.721961,46.323261,818.278039,663.687622
461.082691,45.730152,818.917309,665.259583
468.935175,44.245320,811.064825,665.009521
470.954892,45.965595,807.034912,670.788696
476.112393,50.002217,803.887607,662.393433
477.667983,52.137928,802.332017,664.190613
483.425086,51.548084,796.373718,659.946960
485.158851,51.361195,794.076599,663.953308
486.702583,56.913960,793.297417,653.523560
485.301944,65.246907,793.673157,651.170654
489.520237,69.543446,788.209961,643.720154
494.015995,70.532948,785.984005,639.482361
493.359773,71.685749,782.675842,646.117432
490.794588,73.954151,789.205412,639.883362
492.341905,75.709736,787.658095,635.689575
493.292687,73.852803,786.707313,636.707886
492.910443,62.601155,787.089557,645.761475
499.040976,76.266834,776.570190,637.148865
503.014853,81.783619,776.985147,627.323059
504.144511,88.766499,775.855489,627.314331
499.683950,91.999592,780.316050,621.708984
506.184321,94.063191,773.418823,618.588135
504.196193,99.122029,775.455383,613.270264
505.401912,109.062733,771.062988,603.198914
499.239863,112.321766,780.760137,602.681824
504.965391,115.599690,775.034609,595.933350
506.583068,118.443836,773.416932,596.448181
504.874511,116.564533,775.125489,596.355713
506.005768,118.083851,773.994232,593.374695
508.854202,124.307270,771.145798,590.728882
508.368660,128.103749,771.631340,586.868835
505.628513,128.444630,774.371487,587.670471
503.524431,129.630635,776.475569,586.736938
508.672067,133.282154,771.327933,583.856750
500.371953,136.982899,779.628047,580.319031
496.996371,137.727436,780.688293,574.431030
499.105135,141.203266,780.006409,575.827759
492.535799,135.308094,787.464201,576.781189
502.067094,135.992817,777.932906,580.628052
493.936928,135.525501,783.876831,574.943542
500.583443,135.315968,777.376526,579.911438
493.940438,134.066975,786.059562,582.769775
500.341343,134.186207,779.658657,576.087952
503.307238,133.827931,776.692762,580.632385
499.926477,135.441944,777.696228,580.762756
496.122705,138.135792,783.877295,579.902649
499.754040,137.499134,780.245960,574.007507
490.782660,138.037129,789.217340,577.140259
499.622043,134.813313,780.215576,577.164795
494.372440,135.714100,784.959656,580.127869
498.678867,133.950337,781.321133,577.901245
500.934618,134.418476,779.065382,581.998413
491.476250,134.887532,786.761169,577.849121
493.317620,136.676686,786.574768,581.090881
492.355920,136.728108,787.644080,575.955322
486.318493,138.668904,793.681507,579.250732
487.765204,136.540272,792.094971,578.573669
495.550451,136.768879,784.449549,575.342041
495.254504,138.565296,784.745496,579.389099
497.766656,140.272572,782.233344,572.886414
498.085355,141.108631,781.807373,574.057556
500.038815,141.969105,779.829407,569.460876
495.058560,142.494618,783.593140,574.239929
495.193997,142.098164,783.670410,571.543579
490.090268,142.743794,788.294373,568.068237
492.322751,142.938709,781.995911,574.783386
493.167111,141.158833,782.857727,574.116333
491.041959,139.578297,785.891968,572.611145
490.714963,139.486714,784.550110,578.997681
487.247189,139.174092,788.520325,574.762573
491.418454,137.465199,784.918518,573.656677
491.027859,135.662007,784.929932,581.426147
489.195096,140.671009,788.979736,572.141052
496.098050,137.666035,779.678711,574.476929
494.951230,139.594349,781.787537,578.503845
498.811978,134.252278,780.103149,580.174561
496.860104,135.511708,783.139896,582.455994
502.676390,137.459187,774.023193,576.895020
505.187041,138.126667,773.350769,579.765625
510.743529,138.071247,764.913330,574.010254
518.148100,139.391590,761.851900,575.621765
525.316268,138.691883,754.683732,578.781189
526.487785,133.729267,753.512215,584.007935
529.983791,131.896015,747.567078,584.431030
533.724422,129.049732,746.275578,584.864319
536.207579,126.021412,740.944519,592.133118
541.789457,122.468952,736.980713,590.816162
546.810270,117.812214,733.189730,596.527344
555.379836,113.830219,720.457581,599.354614
563.134536,108.476917,712.036560,610.105652
568.274215,92.765858,711.385132,621.264343
575.665389,66.209919,704.334611,637.719238
579.506584,30.386982,697.292358,643.512085
581.369224,6.407429,696.037781,657.400391
573.377647,0.000000,706.622353,637.906941
592.572857,2.484903,682.954834,599.037720
587.135051,1.695688,688.813110,603.445984
593.311413,0.666147,682.318298,601.549255
597.698406,0.000000,680.035767,588.207865
594.478252,0.000000,684.498779,600.219258
595.750835,0.000000,682.593994,613.561595
595.093578,2.865850,684.906422,616.944641
595.732855,0.000000,679.046814,599.502263
587.205114,0.000000,688.937012,600.254031
589.669927,0.000000,684.465149,601.058595
591.042669,0.000000,688.957331,594.659547
585.235629,0.000000,691.647339,589.355805
589.112369,1.993302,688.818665,585.463684
584.857791,0.000000,695.142209,585.943100
585.605592,0.000000,694.394408,567.631584
585.030762,0.000000,690.752075,640.462948
580.345856,0.000000,695.074524,647.933165
580.027039,0.000000,693.503174,621.073272
574.435181,1.630874,700.815796,619.021973
579.215363,0.090072,696.704895,600.895081
579.878663,0.000000,699.782593,587.058822
581.817414,2.066276,696.393127,627.746582
593.476472,0.000000,686.523528,601.459312
585.312027,1.482983,694.687973,632.524597
586.680947,0.000000,687.625183,578.589916
593.318489,3.063971,684.568604,640.840149
588.125801,1.067327,688.205444,594.902039
593.350502,1.547796,686.649498,652.365662
593.265583,0.000000,682.406738,665.364172
587.945423,0.000000,686.705750,611.415423
602.638996,4.885080,673.290283,596.324951
601.057880,0.000000,675.789673,620.603799
598.722370,0.952992,676.778564,651.986145
595.082386,0.000000,684.917614,676.849141
620.484980,1.653880,659.515020,663.540405
602.592771,0.056376,675.486938,636.453674
613.166318,6.620982,666.833682,651.976562
606.995604,5.671580,673.004396,672.044067
585.954253,7.281199,689.617615,617.141235
595.364318,14.664835,684.635682,674.940613
583.548553,8.500712,696.451447,666.009827
587.504379,22.421580,690.964355,666.660522
590.986282,18.174143,685.646545,659.220093
586.792892,26.121928,688.461304,670.851624
601.949814,26.704417,674.107910,651.517212
586.188705,39.055704,689.224365,654.307068
597.606582,37.883768,681.923767,635.003967
577.674148,39.274210,702.325852,643.108582
584.249336,44.996043,694.720886,652.990356
587.317543,40.987681,692.682457,646.459229
587.436542,51.455729,692.563458,647.433289
594.182901,53.547984,685.817099,639.497803
588.069509,56.247691,691.930491,634.798584
597.776118,53.670969,680.988708,633.627563
608.969264,51.938059,670.575073,644.402710
604.610468,52.031992,673.446716,631.602783
609.301875,61.043467,670.698125,629.201904
605.359006,55.337962,674.640994,646.579468
614.145384,58.216288,663.587036,631.216614
612.308318,56.215159,667.691682,642.778198
601.765609,60.093058,676.066895,625.866394
601.527328,65.756388,677.408447,637.586365
607.557967,61.558909,672.442033,635.103638
596.401939,64.692454,679.360291,632.184692
591.829399,61.244181,684.893555,645.911560
607.220512,63.536814,672.649902,642.338501
590.822441,59.561076,687.911865,646.663025
601.346519,62.614207,678.653481,638.662231
598.522991,62.161051,676.415283,634.446472
602.832409,64.948618,673.928284,637.473877
601.523937,63.885477,678.476063,636.179016
599.688726,62.632365,680.311274,641.717224
621.606601,70.061381,655.901306,634.315979
609.630771,65.114390,667.968933,635.225098
593.513919,75.569010,686.486081,631.510681
603.078920,72.199686,674.786743,626.624329
602.395448,77.155314,677.604552,623.330505
590.210511,82.306712,689.466858,614.765503
605.908662,79.931895,674.091338,631.864014
594.424912,83.749461,685.575088,616.874878
602.212609,87.201884,673.474792,618.668518
602.721184,86.519358,672.454956,614.120239
608.137505,84.490092,671.862495,617.010071
608.699734,87.651743,671.193115,620.749268
601.107449,85.232523,678.892551,603.661194
606.645155,85.095713,673.354845,613.047852
603.196174,80.462077,674.884155,626.519226
601.840339,79.368082,677.570923,619.984314
612.057685,74.657969,666.637695,617.435059
605.601264,78.757090,674.398736,626.841309
608.245182,70.116862,671.754818,645.539978
604.511171,65.949473,673.865662,633.492432
615.976930,61.767466,664.023070,649.318359
604.204591,60.432169,675.795409,648.817322
614.913117,57.418864,665.086883,642.164978
620.090531,59.973307,659.909469,643.644226
607.485512,59.580790,672.514488,641.660950
614.159535,50.043406,662.183289,624.791870
611.038776,50.614664,668.961224,635.235779
609.850901,46.544993,666.419006,651.102417
610.658701,42.895823,666.463562,654.181763
609.936289,42.532206,667.781677,639.403625
614.931711,44.128886,660.754211,648.186829
607.505899,40.536387,670.669067,642.791992
614.133249,41.726908,662.408264,652.636536
618.143137,38.139078,661.856863,656.765564
607.775914,39.168894,667.397705,636.643677
616.738317,39.095805,663.261683,647.877502
622.551684,37.127818,657.448316,635.995850
617.032373,39.524577,662.967627,644.961609
611.171948,36.755076,668.321045,642.554321
607.269391,37.690775,671.541199,657.125549
613.203930,34.250498,666.796070,656.636475
602.518133,31.717997,677.481867,669.045715
600.741153,30.036997,679.258847,661.095947
601.246706,33.123576,678.753294,664.520203
598.387513,23.775278,681.612487,670.788818
589.951599,32.510477,690.048401,668.502502
589.870789,23.287821,690.129211,667.196838
588.077545,31.578135,691.363159,660.075195
583.517639,24.245280,695.593323,678.225037
587.220612,22.619028,692.779388,676.315918
582.665848,19.087717,697.334152,681.689819
589.245888,15.787272,690.754112,668.825867
585.568745,12.029826,694.431255,678.033386
581.974436,13.773051,698.025564,683.377258
577.674138,12.941203,702.325862,664.716980
565.493624,12.383677,710.582397,683.508301
555.244570,10.921458,724.755430,682.150757
548.891694,8.356058,727.792969,689.084534
548.873567,7.528239,731.126433,689.340759
548.680253,7.550791,731.319747,690.264893
549.117623,6.723338,729.725037,703.405884
519.612557,6.626688,760.387443,697.319397
521.135471,2.930552,758.854797,699.346191
509.299900,7.658945,770.700100,700.219238
514.599505,7.612131,762.499817,699.956909
501.345842,0.613261,775.859192,704.008850
502.876787,1.642008,777.123213,708.882751
504.790963,2.346568,771.920593,707.500732
489.153054,2.344340,787.404907,710.034241
470.890847,0.248759,809.109153,708.401672
455.775319,1.459177,823.815063,708.149048
453.340779,0.000000,822.036194,715.716135
458.733204,0.822820,821.266796,707.000427
446.846339,0.000000,830.809570,712.744817
447.206324,0.000000,832.793676,708.949740
474.054975,4.854875,803.830994,705.046387
483.131238,4.187059,796.154785,708.611755
480.179731,0.394975,799.820269,712.311157
471.637808,4.801683,808.362192,708.454773
460.100032,4.996843,819.899968,712.109619
465.330625,7.777116,813.286194,702.698242
468.494169,11.522111,808.633667,703.168701
470.297849,9.246690,807.583923,700.671936
471.405210,9.756913,807.279602,702.555786
486.953977,11.543443,793.046023,699.274475
469.866607,14.117173,810.133393,693.247864
479.671920,10.631242,798.693909,705.491943
475.910690,12.734453,804.089310,694.350464
484.831871,14.654924,795.168129,697.044434
483.132671,12.688524,796.867329,699.581970
473.800161,15.356675,806.199839,698.812805
490.975764,14.389116,789.024236,693.918091
476.597410,12.977525,803.402590,701.411682
490.607970,15.041063,789.392030,693.928406
485.246734,9.109819,794.753266,707.681763
484.830490,18.477678,795.169510,689.485352
484.438896,15.956865,795.561104,700.980591
485.924740,20.180894,794.075260,689.825989
485.669767,19.176133,794.330233,695.999329
485.843184,24.080827,794.156816,684.911621
474.961448,26.874254,805.038552,688.202209
480.215709,34.075883,796.854248,673.143677
480.553539,37.416612,799.446461,673.272278
481.982519,35.346147,798.017481,675.108521
492.584186,36.422014,787.415814,671.735352
490.668527,34.811601,787.051331,682.308716
488.596841,27.900468,790.877075,676.584351
492.329355,24.391832,786.673035,684.374573
488.979745,11.849778,791.020255,692.193298
487.981816,9.401323,792.018184,694.619751
481.031985,4.000291,798.968015,705.240662
490.880799,0.000000,789.119201,702.633989
499.960877,1.019204,780.039123,707.204712
490.087281,0.000000,789.380554,698.319375
485.438965,0.000000,794.561035,694.761616
487.690186,0.000000,792.309814,692.305887
495.745392,0.000000,784.254608,701.310750
500.135483,2.663401,779.864517,685.038879
509.293480,3.182322,770.706520,695.049622
512.533367,0.000000,763.066833,694.986369
515.339031,0.000000,764.660969,690.767354
517.435232,4.629161,758.915833,687.025391
517.886312,0.000000,762.113688,683.895152
521.453624,6.097326,751.883118,685.979065
521.730479,0.000000,758.269521,687.939428
524.306615,0.000000,752.191711,664.624194
522.992223,0.040643,755.030212,697.049988
526.941656,0.000000,750.050781,689.269769
529.105443,0.000000,748.031555,675.565823
526.330175,3.202162,753.669825,687.351196
530.925830,0.000000,746.717041,678.402998
522.215655,0.000000,752.505310,691.935813
522.378405,0.000000,757.621595,700.933178
520.548242,0.000000,759.451758,704.223211
511.035901,0.000000,768.964099,708.087985
507.594885,0.000000,772.405115,709.334520
506.400043,0.000000,773.599957,713.178857
507.218484,14.678570,772.781516,694.157898
502.218037,46.175183,773.712585,665.085571
505.394704,63.027203,774.605296,648.317078
504.927424,66.378704,775.072576,648.230286
500.147519,73.003247,779.852481,644.415527
494.404723,73.479931,785.595277,639.206543
496.891235,80.366650,783.108765,629.842773
479.313965,105.439495,800.686035,601.922913
481.085693,117.075665,797.524414,598.245056
478.752350,122.042462,798.146667,594.972839
476.536896,119.287335,803.463104,590.871277
470.722244,120.590832,809.277756,594.767700
467.202064,125.684124,812.797936,584.900940
461.046497,113.341565,818.065613,604.407104
457.285938,122.678295,822.714062,589.939209
453.668695,121.992718,825.309387,589.587219
450.781580,121.574597,828.005981,589.411499
451.778284,119.411389,828.221716,589.693726
448.094739,118.089428,829.258240,590.800049
448.956983,116.347058,831.043017,600.617310
457.024512,109.185864,822.975488,605.747314
454.394916,107.782605,825.605084,601.811646
457.692545,109.983899,822.307455,605.079956
463.650838,103.647747,816.349162,607.500305
466.424052,116.578869,811.944824,597.590210
466.162272,108.792462,813.837728,601.419861
465.868123,109.834637,814.131877,604.398499
466.560374,111.310894,810.347229,605.270935
460.471598,109.277813,819.528402,599.366882
458.729818,109.349652,821.270182,604.114807
457.763835,99.377362,822.236165,618.564270
458.171346,89.062817,821.828654,619.683350
455.883494,87.965405,823.989807,624.947510
453.988749,80.244030,826.011251,632.181519
456.677907,82.279614,823.322093,627.778564
452.690119,77.328503,827.309881,631.967163
451.950223,74.658032,828.049777,640.266113
457.992507,69.807293,822.007493,639.292786
460.212989,62.911389,819.787011,651.144653
461.874103,56.732098,818.125897,657.464905
459.613321,49.775769,820.386679,658.387329
457.210622,48.960949,822.789378,666.907837
448.105067,41.498944,831.894933,672.543274
446.124921,38.541394,833.875079,672.315063
445.044821,33.730389,834.955179,672.842834
444.394664,28.957257,835.605336,684.000427
447.147009,24.879895,832.852991,682.312378
445.163318,18.951245,834.836682,694.623535
444.595544,17.779797,835.404456,694.712036
444.571545,11.669476,835.428455,698.727112
451.111761,11.572796,828.888239,696.138245
453.949161,8.863964,826.050839,698.015381
457.487611,8.170636,822.512389,705.513367
455.588288,8.104016,823.974365,698.640991
455.328431,6.824108,824.671569,701.762085
457.721009,5.194073,822.278991,696.593689
456.609711,4.864392,823.390289,702.154175
453.110001,5.211163,826.889999,703.820496
447.203316,5.003857,832.796684,697.094971
454.671207,1.805188,825.328793,699.133911
456.581270,3.663494,823.418730,699.815735
458.840440,0.584454,821.159560,703.402039
451.479546,0.616070,827.850342,701.765320
451.272240,4.938031,828.727760,700.640198
447.445904,0.000000,832.554096,708.924633
443.199301,4.832709,835.030457,701.777283
436.220205,0.000000,843.779795,702.429510
432.912288,0.486606,847.087712,708.137695
432.382261,0.833407,847.617739,708.375732
429.406554,0.000000,850.593446,710.033267
430.432372,0.000000,849.567628,707.934389
430.987060,0.000000,849.012940,704.716553
444.875854,0.000000,835.124146,700.970978
449.655823,0.000000,830.344177,697.918259
456.688629,0.000000,823.311371,692.766411
462.176559,0.000000,817.823441,692.481167
462.643181,0.000000,817.356819,688.179579
470.936031,1.035834,809.063969,691.630615
468.474974,0.000000,808.098389,690.218787
468.977293,0.000000,811.022707,672.680866
455.507934,0.000000,823.141357,679.043863
457.415099,0.000000,818.807251,666.567555
465.530639,0.000000,814.197266,659.817927
476.105193,0.000000,803.894807,661.348783
478.315597,0.000000,797.313599,654.244887
481.526016,0.000000,798.473984,649.208442
486.198921,0.000000,787.934570,635.970585
487.372566,0.000000,789.333618,633.145876
486.860054,0.000000,791.984619,640.823945
483.590248,0.000000,796.409752,636.107254
481.127033,0.000000,798.872967,634.144173
483.004129,0.000000,796.995871,641.955113
488.750691,0.000000,790.866760,652.629717
486.099660,0.000000,789.397583,657.749276
483.179128,0.000000,792.517212,669.823399
483.880696,0.502154,794.342590,683.931152
489.553456,0.000000,785.408447,681.036700
488.115010,0.000000,791.884990,698.623727
488.703928,0.000000,791.204224,675.766087
490.426859,3.965105,783.089905,695.853455
487.061991,0.000000,790.091858,681.531969
492.971751,0.000000,787.028249,707.366204
499.972295,1.561123,774.104553,676.033752
491.825628,0.000000,788.174372,700.543881
499.863589,1.853850,780.136411,686.399170
500.771028,0.071623,779.228972,687.475098
501.271653,0.000000,778.728347,702.343321
502.987389,4.641631,770.201660,690.572266
501.043358,0.000000,777.520142,703.656188
505.604912,0.283203,768.690979,694.370544
507.356591,0.000000,772.643409,702.180877
503.593517,0.000000,772.807495,701.493057
509.374493,0.000000,770.625507,702.427772
516.468527,0.000000,759.272400,692.514088
510.307791,0.000000,769.692209,710.790247
510.852687,0.000000,769.147313,695.249127
522.507276,0.000000,754.129883,705.051627
514.900709,0.000000,764.502197,708.532649
520.806318,0.000000,758.831848,702.581663
522.812299,0.000000,755.930481,709.611541
524.236066,1.458602,755.763934,704.087646
528.714164,1.044540,751.285836,701.050293
534.347652,1.082412,745.652348,707.989929
530.208616,0.000000,744.135498,701.208846
536.808378,1.469017,740.597351,704.822083
533.972013,0.000000,743.297424,714.336174
532.845548,0.000000,742.501038,706.781887
528.818968,1.402632,751.181032,710.106995
534.351439,3.149000,740.651733,693.777344
539.160582,0.000000,738.149902,704.096510
535.827697,0.000000,741.896240,701.744239
533.153472,5.977893,746.846528,699.578491
536.336318,3.079517,743.663682,705.739746
535.665718,6.028461,741.678467,703.740051
532.299263,10.892963,747.700737,687.788391
528.154056,13.651538,751.845944,693.336914
534.154940,20.408832,745.795593,683.904358
523.365450,22.954334,756.309631,678.482788
520.188082,28.496021,755.022522,680.849365
521.747255,33.845417,758.045532,682.820496
513.622805,32.793781,763.210938,678.358582
513.363466,34.599933,766.636534,675.534607
508.721498,34.956775,771.278502,678.076294
510.293396,37.353321,769.706604,676.391357
510.928742,38.153064,769.071258,675.705200
510.632523,39.190357,769.367477,672.797363
508.781471,32.567218,771.218529,681.584900
509.003101,34.330066,770.996899,679.637085
512.376825,33.081043,767.623175,681.269409
511.039701,31.763416,768.960299,685.776489
511.757552,36.456775,768.242448,667.740845
508.381644,29.784015,771.618356,677.255798
504.055202,33.742237,775.944798,669.503662
503.820020,34.073657,776.179980,671.200439
500.226416,31.091724,779.773584,677.756348
497.111713,32.044727,782.888287,678.541992
493.449991,31.901264,786.550009,680.977844
492.937795,33.385669,787.062205,671.634277
489.957148,29.011280,790.042852,683.057617
485.741391,26.105213,794.258609,677.145630
484.030425,26.297260,795.969575,681.690247
484.887466,25.662372,794.767212,681.252258
476.056350,23.168689,803.791748,683.829956
470.101913,21.382404,809.898087,690.314636
463.568016,24.466083,814.721008,675.061096
468.086662,23.163288,809.953735,685.680359
465.657249,19.223438,814.342751,686.077148
467.322643,22.066486,812.677357,686.043884
464.327856,15.022022,815.672144,681.272217
461.240222,18.277729,818.759778,687.405090
459.648736,18.338245,820.351264,694.076294
461.386807,15.299854,818.613193,693.083740
458.541182,13.783252,821.458818,685.187500
460.896659,16.259784,819.103341,681.539856
453.630245,7.840900,826.369755,675.524597
458.142179,8.019977,819.773621,680.403992
445.897276,7.702564,834.084473,681.058350
446.427671,4.055622,829.864502,681.379578
439.222257,5.482379,840.777743,662.424011
433.347579,1.755237,845.079590,660.994507
431.680282,2.369403,848.319718,650.267395
426.688133,0.000000,853.311867,663.015369
436.647686,0.000000,837.722839,662.183405
435.624187,0.794644,844.375813,681.810425
439.676321,0.000000,840.323679,673.502347
448.238093,2.864546,831.761907,682.090149
448.166227,0.424605,829.200317,694.824036
454.057371,0.098158,823.542053,680.782104
453.835111,0.000000,823.298340,696.183943
456.791471,0.025871,822.572144,681.122192
453.029661,0.000000,825.988098,694.812370
460.543180,0.514888,819.456820,693.486938
456.066268,2.146907,823.933732,692.783691
457.352683,0.000000,822.647317,699.863643
460.578685,0.000000,819.071777,687.874967
464.985241,0.347487,815.014759,688.152161
465.587042,2.283065,814.412958,682.833740
470.265292,2.387832,809.734708,692.944519
477.606615,0.000000,798.393127,684.639266
472.106157,0.000000,807.893843,697.092216
479.479256,0.000000,799.413513,697.652706
476.646737,0.000000,803.353263,697.355894
482.549015,0.000000,797.450985,701.970611
481.557162,1.918899,798.442838,706.081543
483.126756,5.368576,796.873244,698.836975
485.100152,0.000000,794.899848,703.690567
484.550411,3.456489,795.449589,706.578857
492.771422,0.000000,787.228578,707.297401
478.846679,8.021534,798.605408,702.583923
482.760131,0.000000,797.239869,706.404163
482.988006,5.005670,797.011994,696.028320
473.115585,6.724146,805.558105,705.079407
480.072372,1.419123,798.465576,707.182373
470.780899,7.677576,808.535828,699.106873
471.953872,7.922632,805.558777,699.217590
471.503891,5.365351,805.623535,700.133179
480.385696,8.449549,794.852844,690.588074
472.618667,6.845789,807.381333,698.728943
473.565315,12.996607,805.212891,682.645813
477.546089,8.486658,802.453911,694.657898
480.284489,10.137079,799.715511,693.253540
480.360170,9.693567,799.639830,689.399353
478.248353,9.423822,801.751647,704.288696
467.709931,7.334253,812.290069,700.046448
485.336685,7.395868,794.663315,702.026245
486.348976,0.000000,793.651024,709.462549
484.181294,3.900006,795.818706,702.052917
477.715097,2.288434,802.284903,696.744812
470.886418,1.129621,809.113582,708.274841
466.090212,2.948194,813.909788,705.663818
465.329469,0.980603,814.670531,705.974487
460.682068,0.000000,819.317932,707.312757
466.380890,0.000000,813.260132,695.208716
468.928986,0.000000,811.071014,695.787982
464.909775,0.000000,814.811584,689.192423
470.488693,1.844991,809.511307,685.700684
462.774284,0.000000,817.225716,691.018208
460.661007,2.221903,819.338993,670.897400
454.301695,0.000000,823.517090,690.014048
443.338957,0.000000,836.067322,666.609227
439.659239,1.902667,840.340761,691.525330
471.546477,0.000000,805.733521,678.994830
449.354705,0.000000,830.645295,686.737863
480.117782,0.000000,799.465088,677.997410
484.729110,0.000000,795.270890,686.609759
497.521446,0.000000,782.478554,693.664926
490.507305,0.000000,789.492695,686.807011
499.295248,0.000000,779.870911,692.372774
500.950888,0.000000,779.049112,687.854112
500.994304,0.000000,779.005696,693.322899
503.898794,0.000000,776.101206,700.157696
501.328395,0.000000,773.741028,675.861593
494.402278,0.000000,785.597722,683.627574
491.338102,0.000000,787.938232,658.586980
487.288511,0.000000,790.065735,658.819064
483.004575,0.000000,792.126038,656.839494
474.805997,0.000000,805.194003,662.171822
458.171309,0.000000,816.712646,659.342656
466.809493,0.000000,808.803467,656.885073
442.733168,0.000000,835.442932,664.979188
468.858168,0.616974,808.912903,667.897827
447.115981,0.000000,826.764465,674.504761
455.327925,0.000000,823.198486,687.618439
444.949874,0.000000,834.562012,696.059128
458.294509,0.000000,819.806580,690.869347
442.272628,0.000000,836.075195,686.336498
449.381362,0.000000,826.752502,686.350164
455.001326,0.000000,818.066040,693.077365
481.174544,2.151414,794.520630,685.992554
449.277358,0.000000,830.722642,693.136186
466.094978,0.000000,812.142334,679.787789
477.227638,0.000000,799.961731,675.739598
478.505348,0.027483,798.331848,676.390198
482.706062,0.911577,794.807373,683.906189
475.471443,0.000000,801.136230,687.751757
472.089454,0.000000,807.910546,679.013543
474.661304,0.253476,805.338696,682.931641
468.557093,0.000000,811.442907,679.835629
478.190106,0.000000,801.809894,686.141173
478.418204,0.000000,796.869324,694.110168
475.086112,0.000000,804.913888,673.412689
461.099757,0.000000,817.507690,689.322037
464.875240,0.000000,815.124760,681.447609
473.612089,0.000000,805.651062,693.134266
472.847013,0.000000,804.309387,688.120722
473.468107,0.000000,806.531893,684.361905
468.733870,0.633986,811.266130,692.547302
466.528129,0.000000,813.197632,698.780898
466.229545,0.000000,810.398071,703.008582
473.976158,0.000000,806.023842,688.722492
471.516887,0.430033,804.326660,711.050903
445.330181,0.000000,833.652466,703.502542
475.487468,0.000000,804.512532,703.811330
475.009298,0.000000,804.990702,706.134852
466.519847,0.000000,813.480153,705.051130
471.505804,0.000000,807.298767,700.803214
474.341772,0.000000,802.807251,709.337642
472.228429,0.000000,807.173096,708.272855
472.166021,0.000000,807.349426,708.482131
461.269506,0.000000,818.730494,709.541786
465.677996,0.000000,812.972839,711.993091
452.047503,19.661554,826.244568,696.453674
447.778826,37.636896,831.862000,680.051575
445.386431,36.250910,831.249084,676.210022
443.156115,38.038446,836.843885,670.893005
445.103479,37.569513,834.896521,669.455383
443.764935,37.719477,836.235065,679.058777
445.382681,44.275904,833.594299,669.608521
444.715689,44.438043,835.284311,667.577698
445.295802,44.457483,834.704198,666.829346
444.147688,43.700708,835.852312,668.352905
442.816703,46.059412,837.183297,664.754150
441.499660,41.191095,838.500340,668.739563
435.830488,34.715937,844.169512,674.044861
443.799826,32.764826,836.176147,674.725159
454.193717,31.468408,825.806283,684.038696
454.138057,26.435663,825.861943,682.196716
462.731748,18.019129,816.937012,693.524170
467.990263,15.266229,812.009737,693.965515
470.798720,15.865656,806.318359,698.481750
480.949447,11.438379,799.050553,699.823608
482.464836,8.838373,797.535164,706.623962
488.246273,8.408075,791.753727,707.915466
493.123899,8.343653,786.876101,707.357544
502.908202,8.500299,774.540161,706.719543
508.521605,0.000000,770.075073,710.499903
516.235900,3.062207,763.049316,711.472168
519.229827,8.872235,760.770173,708.437073
525.846847,6.055188,754.153153,703.928101
530.656334,4.690900,749.343666,709.357117
530.196239,12.885053,745.536316,701.863342
529.261303,17.853803,750.738697,697.749817
529.003851,14.741651,750.996149,694.136963
523.210940,24.989758,756.789060,688.012085
514.358125,24.175977,764.208069,686.548584
505.360292,31.192212,774.639708,678.242188
490.086915,31.975385,789.913085,680.978333
480.604828,29.673932,798.068665,680.249939
462.360901,24.618054,817.639099,685.776245
436.150482,31.727429,843.849518,683.215942
412.390335,31.094495,864.617615,683.032837
395.956436,23.846112,875.281799,694.475403
376.183029,31.880872,899.041260,681.684692
355.979813,33.908917,918.544373,683.700134
351.677628,34.032330,922.366760,677.280212
340.168961,39.056348,931.171936,678.991943
324.425125,47.649518,950.778748,666.288513
313.118820,42.617658,957.476807,674.375183
308.392258,45.444013,964.495117,661.521301
303.214005,44.519422,969.640442,667.348999
299.914169,45.488019,973.227173,667.008484
307.184372,40.618237,967.067627,667.124023
308.095535,40.648786,969.431580,669.569275
314.626663,41.421582,957.929382,671.205811
322.021378,39.005689,948.259583,673.356445
325.401962,35.417981,946.163452,675.922241
335.064438,31.778516,939.774780,677.300293
343.765488,30.177258,933.852173,686.738159
347.147110,30.473950,928.111389,679.260742
385.185440,31.355359,887.174133,680.081421
401.854294,22.804120,874.056885,682.711975
414.175308,26.799207,865.747131,680.148804
417.467728,24.209577,858.325134,684.602234
427.209946,23.019238,848.137329,684.279297
431.882889,21.171399,845.781433,695.219360
438.284683,18.917798,841.715317,689.618408
438.068825,19.129529,839.285461,695.075806
446.355843,21.238202,831.281738,684.830872
443.273048,22.173474,836.726952,688.879028
448.319294,23.831372,831.188416,692.157959
453.949940,20.794873,826.050060,685.100830
445.862543,17.923810,834.137457,691.707703
452.150784,17.661664,827.849216,694.555481
452.171797,16.369641,827.828203,696.670288
443.318015,11.010846,836.681985,702.258240
453.276165,11.956922,826.723835,701.005005
445.699789,5.865491,834.300211,705.805786
458.500773,11.950879,821.499227,697.784668
454.688436,9.210736,825.311564,698.449280
456.626933,12.866712,823.373067,694.038208
459.741231,12.047711,820.258769,697.707458
459.013224,13.170941,820.986776,693.004700
459.932180,10.066205,820.067820,704.729309
466.446040,8.725568,811.736633,699.778748
461.642573,8.236035,816.457581,703.445312
468.523707,5.912671,807.255127,698.462646
467.153193,5.467877,812.846807,701.281189
467.981595,3.753461,812.018405,706.154358
472.703322,2.679273,807.296678,708.316406
467.189918,3.643598,812.810082,708.790833
465.789112,2.864087,814.210888,709.839844
458.104669,1.709668,821.895331,703.342285
464.774442,0.000000,812.344116,708.738568
465.571530,0.000000,812.370789,710.736441
458.866025,0.519008,821.133975,711.809265
463.016173,0.000000,816.983827,704.846400
469.620147,0.000000,809.935791,709.475935
470.274627,0.132163,809.725373,710.795837
481.291092,0.861106,798.708908,708.932190
512.966774,3.364859,767.033226,700.212036
528.762501,1.657767,749.947388,696.888184
538.496418,0.000000,738.125305,648.467459
562.969013,0.000000,713.647644,629.528804
585.419453,0.000000,693.092468,574.597379
594.226002,0.000000,682.046753,573.084731
583.308430,0.000000,695.554749,595.570899
575.774616,4.648609,700.180237,641.112549
582.065388,33.213764,694.912415,667.454895
580.041675,76.061481,695.105103,636.468933
580.458515,105.913410,699.541485,609.996765
562.518106,110.389820,717.481894,600.443604
470.155904,111.297962,809.844096,602.029663
447.266306,107.030384,830.354980,609.963745
413.808024,100.209003,865.937317,612.923157
406.598612,102.311725,873.401388,611.185974
416.588796,103.915882,863.411204,611.894409
414.738886,106.396564,863.541443,611.091003
414.976039,101.280689,865.023961,616.657227
414.560804,95.867908,860.859314,621.903442
413.030042,96.468921,866.969958,619.514404
416.551032,93.077198,859.996094,622.141357
416.136084,93.134357,858.915833,619.607605
414.466010,91.916797,865.533990,617.632324
416.641025,90.545521,859.440552,618.829956
418.503146,87.092426,861.496854,629.684143
414.093797,85.513202,865.906203,627.503235
418.259881,81.419208,861.740119,628.435608
419.351223,76.882160,860.648777,639.440613
421.936140,70.976581,854.364929,640.132874
420.165541,55.805530,859.834459,656.473267
419.966712,43.601825,860.033288,667.175598
418.996875,34.636951,861.003125,679.390259
424.941675,38.135090,853.067627,677.138855
424.253626,38.124592,854.315552,674.708191
424.747370,35.997242,852.726501,673.335205
424.268274,36.936786,853.344604,669.407288
429.045160,33.802509,850.072327,671.802063
430.769525,33.476001,848.227112,677.468018
434.405664,32.161976,844.263672,676.865601
440.189783,33.943927,837.907104,671.745544
440.030664,32.949421,839.212158,677.291687
439.697931,28.086048,840.302069,674.813354
447.191068,29.964100,832.578003,675.554810
451.190549,27.553699,828.809451,679.847290
458.601958,25.077839,817.295715,679.173035
464.859404,24.123279,811.525940,679.981079
473.207854,22.563068,803.460632,680.359314
468.059721,21.312427,811.923401,682.065674
478.440916,21.614368,801.559084,682.761597
475.423492,17.007251,799.929138,683.511963
476.911590,16.507770,802.752014,682.349304
479.565917,13.829670,800.434083,686.290710
480.576202,8.244159,793.978210,670.263245
488.354156,8.809498,786.214294,699.722656
491.027343,1.418934,783.180664,671.786011
502.610748,2.849476,775.393005,693.007935
506.084472,0.000000,773.915528,707.481952
508.999237,0.000000,766.888489,690.100016
516.334259,5.594472,762.088074,695.599060
517.136017,2.591847,758.589294,692.727844
522.311340,0.780477,757.688660,698.594238
520.687103,0.545552,759.312897,696.253784
519.385788,0.000000,760.229492,698.023427
522.440170,0.000000,757.559830,695.434229
519.500175,0.000000,760.499825,691.802778
520.501980,0.000000,758.585083,708.935111
517.057491,0.235927,762.942509,678.184692
513.022825,1.163234,766.977175,709.029297
506.226256,0.000000,773.773744,691.300075
505.254455,0.910688,770.989319,695.027527
499.513336,0.000000,780.486664,697.903181
495.781967,3.444693,784.218033,708.182251
491.245262,0.000000,786.737976,691.296347
490.861626,0.065990,788.720581,706.120667
484.748924,2.746959,795.251076,703.277771
485.765728,3.126506,794.234272,689.045776
479.727865,0.798686,797.881775,713.050049
473.211508,5.428234,806.788492,703.372498
472.227031,5.739055,806.795044,703.950562
472.831950,5.548686,805.542969,702.354736
474.030742,5.054180,804.119995,705.763916
476.202098,5.944133,803.384705,703.839966
477.199504,0.000000,802.800496,713.753368
480.206197,3.250860,799.793803,706.591003
478.682475,3.243993,801.317525,705.429443
483.399953,4.237005,796.600047,702.735901
481.305628,0.172857,798.694372,702.165466
480.903577,0.376074,799.096423,712.218262
477.822943,3.318609,802.177057,707.441589
476.560794,4.635442,803.439206,705.054504
472.655214,5.620550,807.344786,705.708069
458.614869,4.964086,821.385131,710.097412
465.229737,2.854986,813.542847,703.862488
467.360962,1.735265,808.670044,706.502319
473.392487,0.719946,802.844055,708.478516
471.555512,3.392553,807.449402,705.472656
473.342926,4.116155,806.089905,706.544250
471.093293,3.877386,808.906707,708.932922
466.094864,4.533483,813.905136,709.061890
453.733711,3.173834,826.266289,702.734558
451.769840,0.000000,828.230160,714.325659
454.233065,0.000000,823.444824,706.407489
423.762178,0.000000,856.237822,712.495126
420.369828,0.863866,859.630172,711.524475
418.703011,0.233983,860.455994,711.316956
419.596779,0.000000,858.768066,711.409245
420.228310,0.000000,858.908569,710.979891
428.351265,0.000000,849.257385,713.126664
438.101571,2.221840,839.482117,709.385620
452.223122,3.103036,827.776878,707.253601
454.839894,0.000000,821.661011,704.522194
459.064839,0.000000,820.935161,709.408833
459.002939,0.000000,819.604370,711.837687
463.535288,0.000000,813.577271,710.225759
457.203074,0.000000,820.822510,712.769160
446.421579,0.000000,832.097412,705.012052
457.358988,3.413619,822.641012,709.139648
454.546773,1.154616,824.302551,704.914246
457.919515,0.000000,822.080485,714.384017
457.656901,0.000000,822.343099,706.742515
445.036123,0.000000,834.015076,713.089702
459.812154,0.000000,820.187846,708.929220
447.202616,1.616954,831.535095,712.794189
466.567729,0.000000,811.621521,708.592112
452.017222,3.833196,827.276489,707.618347
462.318949,0.985845,811.487732,704.361633
464.257853,2.692785,815.742147,705.105957
464.294668,7.581975,814.175842,703.052917
470.311147,5.983037,805.968079,700.773254
466.206624,9.339696,813.422974,699.785522
458.259603,4.481786,820.763794,707.989136
465.529744,7.210363,811.296509,698.802490
457.713613,9.016607,822.286387,699.481995
472.992823,8.303869,807.007177,702.525146
452.180646,4.941961,827.819354,712.682800
438.231803,7.859258,841.294678,702.964661
461.850913,4.777441,818.149087,701.994995
455.369914,6.884923,821.794922,704.597900
481.535625,6.871984,798.464375,701.821289
468.818990,0.444524,811.181010,709.524597
487.751628,4.078618,791.439270,704.711243
471.026530,2.098882,808.973470,704.360657
459.458211,7.116765,819.280029,696.370789
453.971029,7.814184,826.028971,694.383911
451.117137,5.582220,828.882863,705.899597
452.853032,4.771001,826.946228,694.173401
460.549230,4.909399,819.450770,700.949097
472.548144,5.924474,802.454163,703.260010
466.113604,2.479223,809.390625,701.095581
466.649127,5.118017,813.350873,700.420776
469.912179,8.230108,807.164856,698.271790
462.039468,1.911016,817.960532,701.310608
457.858723,2.751501,818.562744,693.762451
462.613820,0.000000,816.544006,702.630163
468.649861,0.000000,806.073975,690.549517
472.824910,0.000000,806.906494,696.001718
477.363209,0.000000,799.869202,695.041661
468.746327,0.000000,808.769958,709.827990
451.559529,0.799554,827.554199,696.558472
430.480916,1.822442,849.519084,691.544434
452.931101,0.000000,823.055969,688.515191
452.506022,1.221676,824.614136,703.657288
438.310496,0.000000,841.689504,704.757565
420.305486,2.243223,859.694514,708.180054
424.438021,1.047423,852.188721,701.955444
413.430514,0.742308,863.787231,700.032715
420.408389,0.000000,859.591611,697.086149
401.251863,0.000000,878.748137,704.843215
397.888535,2.762184,882.111465,696.543701
403.167076,2.525306,876.822937,695.881470
389.704552,4.088844,890.295448,692.731689
389.537853,1.024574,886.176453,679.980103
380.744335,0.000000,895.006653,668.375251
380.486096,0.477970,897.756287,661.640015
384.073223,0.000000,894.479736,652.875004
366.052929,0.000000,909.941956,659.668520
358.341442,0.000000,916.706482,649.869325
361.232250,2.509766,915.008118,661.440125
344.181317,0.000000,928.345337,654.277344
351.428143,1.843903,923.809937,649.520203
358.490429,2.796082,916.079895,649.140503
347.240551,0.000000,930.325989,651.127014
348.505871,0.594269,927.023376,645.871826
344.780682,0.000000,925.807251,635.275208
346.202435,0.000000,926.654175,633.538666
346.785809,0.000000,926.571655,628.456284
349.142864,0.000000,922.863892,629.428490
352.636883,0.000000,918.674438,625.468975
346.010266,0.000000,925.049988,623.880972
340.854138,0.000000,939.145862,620.161159
340.529883,0.000000,934.054626,614.415449
353.626227,0.000000,926.373773,608.909903
332.941867,0.000000,944.600159,605.530544
351.034274,0.000000,927.218323,611.076551
355.105228,0.000000,915.737549,611.229834
348.276553,0.000000,931.266968,609.943469
360.954684,0.000000,909.498840,607.149683
360.118472,0.000000,918.326782,617.265393
356.280978,0.000000,919.437805,612.237280
359.913852,0.000000,911.522156,611.892902
367.060885,0.000000,912.939115,613.585031
357.197465,0.000000,919.698181,620.928654
366.349138,0.000000,909.707092,624.224917
367.421434,0.000000,909.949463,622.490632
375.336595,0.000000,904.663405,623.054490
377.094598,0.049706,897.412537,629.743896
375.405450,3.538414,894.871887,625.762573
372.552941,7.235344,902.070557,620.938293
376.980279,0.000000,901.488342,624.498192
382.645684,0.514263,892.375793,632.083435
386.300378,5.191540,891.634033,631.433960
400.301537,0.000000,879.698463,635.571880
405.793713,0.000000,874.206287,641.546591
413.062903,0.000000,866.937097,650.686320
420.676715,0.000000,859.323285,654.977895
413.904764,0.000000,866.095236,683.427729
426.743581,0.000000,851.185913,680.457181
417.590077,0.000000,862.409923,685.558699
404.069056,0.000000,875.930944,692.551414
407.448255,0.000000,872.551745,683.002269
404.983039,0.000000,870.584717,680.874700
410.441962,0.000000,869.558038,672.727328
408.263309,0.000000,871.736691,669.798814
416.954134,0.000000,863.045866,674.173363
419.835343,0.000000,858.373047,663.506359
425.452927,0.000000,854.547073,674.176855
424.479943,0.000000,855.520057,681.896716
432.491314,0.000000,847.508686,673.957727
437.322287,0.000000,842.677713,685.317883
434.900432,0.000000,840.215027,663.782172
450.656535,0.000000,829.343465,686.114474
454.188802,0.000000,825.811198,685.975175
447.250956,0.000000,830.884155,691.669778
443.621897,0.664021,833.580750,686.854187
447.177989,0.000000,832.822011,696.914692
451.474492,2.155649,828.525508,699.243530
456.033633,0.017924,823.966367,704.322937
456.553010,1.568613,819.996948,704.336060
457.192842,5.044474,822.807158,700.775696
453.825028,5.754130,826.174972,705.361267
451.428353,7.904551,826.475647,697.157349
455.740395,13.496592,821.654785,698.099731
458.015602,21.917093,821.103638,688.321960
455.763680,34.108500,823.916565,677.428406
455.510994,40.742167,822.194397,674.711853
452.091317,30.449778,827.908683,683.022217
459.676884,45.002085,817.886230,662.068237
457.278935,47.617655,822.721065,668.930847
465.753389,49.527079,809.702087,664.456238
467.828249,53.519877,812.171751,659.067810
470.253511,52.881998,809.746489,658.234924
465.480149,62.319346,810.270752,653.487915
459.243821,62.030741,819.523926,654.839050
457.061020,60.197642,821.505249,658.497437
460.444230,59.240793,818.861389,653.578125
454.151597,59.941874,824.020630,654.292664
452.732377,52.241312,825.584900,664.686707
455.538346,59.804972,824.052063,657.492493
461.753800,52.454264,817.242249,661.997375
459.618271,56.635843,820.381729,655.993103
466.954552,55.022623,812.467224,657.086243
465.081536,53.165384,814.918464,657.491394
459.805325,55.395731,820.194675,654.663025
457.271315,56.941141,821.641602,652.225769
457.327559,58.373118,819.439026,650.842041
460.814039,58.339213,814.631592,651.731873
456.455854,51.719217,818.620178,656.969910
451.480208,59.831217,823.181335,646.601135
446.566206,55.576121,833.111389,653.350098
446.332808,55.601084,829.678284,656.343140
441.501265,55.822794,838.149963,657.873108
434.984816,54.824320,840.110107,662.410095
432.442549,53.583842,847.557451,659.070984
431.832450,60.359171,841.826721,651.433655
430.210044,61.365244,845.364502,650.915649
425.336021,64.051920,852.565674,645.693665
426.773307,70.137644,849.332703,639.620850
428.824058,70.350077,851.175942,640.894714
429.162792,72.957560,849.697205,640.680969
425.859020,77.597605,851.839661,637.693848
425.315197,78.892954,851.846741,638.747681
422.704265,75.530192,857.295735,634.803772
418.862905,80.308603,861.137095,634.278931
415.390223,81.047129,864.609777,628.701782
414.439649,80.145060,865.560351,637.484924
411.955939,84.912607,868.044061,627.441528
414.295841,84.867350,865.704159,626.451477
412.804231,89.506602,867.195769,618.664917
409.900987,94.582895,867.106018,623.924927
408.960282,100.123362,871.039718,613.328613
411.619545,99.855509,868.380455,612.563049
412.852894,101.270487,867.147106,610.966003
415.141657,104.398142,864.858343,608.012207
409.484372,110.244700,870.515628,604.280273
412.354765,111.215494,866.116882,599.294739
406.793700,118.899088,871.592773,594.873840
401.023436,119.362192,878.976564,593.073364
399.470123,118.620829,880.024597,595.953308
396.829589,116.929117,883.170411,599.767883
398.409698,117.002604,881.590302,601.098694
393.183975,119.074076,880.462891,597.634460
390.198685,117.276621,884.624390,598.941040
382.801559,116.238901,892.348816,599.325806
389.829910,115.446024,885.655396,599.860046
391.268326,114.550425,885.280762,600.196167
393.022903,108.142039,884.653442,605.085693
383.128128,104.265787,896.871872,608.571350
389.908302,103.800425,885.899170,606.272583
387.855843,103.598215,892.144157,610.179932
383.255283,96.967173,892.536682,616.416138
384.578312,93.980417,895.421688,617.970947
390.268618,87.510966,889.319153,628.973816
393.925539,81.277598,886.074461,634.919556
392.972993,83.246226,885.243713,631.258667
388.214112,82.663645,891.785888,630.930664
387.862763,81.070170,892.137237,632.623718
384.490860,78.116373,895.509140,634.731750
375.086281,77.823008,904.913719,633.818970
376.522114,70.224558,903.477886,641.785156
375.090769,66.659464,903.279053,643.966125
368.665995,63.262217,911.334005,645.015015
367.286916,61.884775,912.713084,644.515503
366.414485,59.821757,913.585515,651.424011
367.766233,57.111643,910.527039,650.682617
362.166471,55.831522,914.421387,658.156921
367.259977,54.243235,912.740023,654.436035
369.434462,51.971171,909.997009,661.750916
369.544722,51.250895,910.455278,655.488831
369.237113,49.665232,910.628357,664.331055
368.051139,45.451395,911.948861,662.176208
369.425716,43.390391,910.514160,668.022827
371.993679,41.439188,908.006321,672.114929
374.502119,36.954325,905.497881,676.318542
374.921317,36.436869,901.915833,674.950378
375.843375,35.427530,904.156625,673.683411
372.856624,32.868265,903.003418,669.362488
371.709987,33.842997,908.290013,676.554871
375.021162,32.655405,902.099304,675.485718
374.740309,29.498514,905.259691,677.932556
374.223121,30.172892,902.945923,676.606018
374.289161,29.601694,905.710839,677.147583
376.871570,30.310496,901.503052,677.095703
378.857410,27.647928,898.769165,680.137878
378.911304,28.081064,899.661865,679.856323
384.068897,25.819132,895.062500,679.695129
384.890888,31.391001,894.599426,669.017456
384.664997,33.196177,892.921326,665.139526
385.164447,33.516703,894.835553,664.261169
386.004831,35.273447,892.372559,660.741821
382.753183,35.523020,897.246817,664.795654
389.857274,35.404459,890.142726,666.992249
383.551379,37.994822,895.226685,669.936035
393.329394,32.456888,884.055908,672.659851
383.812548,34.207926,895.251465,674.711731
397.901873,28.773569,881.226624,678.388794
388.232806,35.260019,891.767194,674.531128
394.886605,31.385966,885.113395,674.461365
385.440007,36.570139,894.559993,674.130371
399.993532,33.018503,880.001282,676.200195
391.297488,35.379557,888.702512,678.419983
400.381776,36.309794,879.618224,673.124451
401.730530,35.105417,878.269470,677.018311
405.792023,32.524973,874.207977,673.117432
399.227921,35.006724,880.772079,673.511841
401.241798,31.898447,878.758202,682.182251
405.689137,35.083842,871.300537,671.969177
410.596851,28.078623,869.403149,681.141479
412.442621,28.216990,866.105896,681.287598
412.124720,26.001291,865.898682,684.922363
412.657770,28.240000,866.345520,684.611450
418.536982,28.160593,860.773376,684.829590
419.995142,27.279947,860.004858,683.611877
414.345136,29.522135,865.654864,681.412659
425.804160,24.405863,853.052246,686.282654
417.849204,26.043070,862.150796,680.483337
423.207011,26.437449,855.472046,680.822266
422.973033,26.110972,857.026967,679.527222
424.352636,25.877512,855.647364,687.425537
432.776172,24.652292,847.223828,688.759766
428.970727,18.074228,851.029273,689.349243
428.232434,17.270518,851.767566,695.648315
426.092505,16.717264,851.835022,686.871521
435.821295,13.584208,844.178705,697.356873
432.137729,13.943003,847.862271,698.855835
433.227525,12.364878,844.532776,693.469360
437.218614,10.389719,842.781386,689.247314
438.605248,8.628855,838.061096,699.953613
438.809838,4.760996,839.994934,698.488892
435.706475,6.870981,841.527832,703.140015
432.857842,2.719675,845.275391,700.010498
441.710748,6.559611,834.697754,703.367981
443.585107,4.348795,835.576233,692.257629
442.625085,8.717631,834.735535,693.068298
449.803643,4.306803,827.835205,704.330872
444.336907,3.406046,835.663093,707.882141
436.408383,1.469431,843.591617,700.548340
436.521391,5.388743,843.478609,698.944336
442.016189,3.811777,836.424561,697.618286
438.063552,6.987925,841.375244,698.749634
443.479171,3.002451,835.293762,700.667114
439.481521,9.381663,840.399414,700.784424
446.332290,5.795695,833.230347,703.453918
439.497451,5.843577,840.502549,700.038574
444.383430,5.288004,835.616570,699.169983
461.445469,6.014719,818.554531,707.723145
450.441515,10.413004,829.558485,696.177063
445.305139,11.766703,834.694861,695.387146
449.324444,15.647684,830.675556,692.187927
443.845236,14.963663,836.154764,693.846252
442.770335,17.306193,836.607544,693.590393
447.025310,15.295054,830.876648,697.393677
443.199779,21.652750,836.515991,689.767639
445.722514,19.541025,832.009338,694.127075
450.373912,21.068735,827.393311,691.296753
463.934917,24.080790,814.338684,689.255798
460.442638,23.542948,819.557362,688.778748
433.735845,27.860483,846.264155,687.120483
439.396182,32.329416,840.603818,678.056641
434.747041,28.325876,845.252959,678.463135
435.751572,32.822611,844.248428,681.250671
429.243950,33.902262,850.756050,675.414124
430.902065,44.452128,848.182739,663.315369
431.957424,41.064127,843.935303,669.064270
427.914486,35.667216,848.232849,673.364197
434.762600,43.335367,840.880371,665.817688
432.475430,39.166086,847.524570,668.414307
439.054365,43.866068,838.156006,664.676208
434.481306,47.302073,842.964966,662.145020
433.903883,53.315745,844.731628,657.564209
439.688063,52.842539,840.311937,661.323364
445.103797,55.050883,833.414795,658.650330
443.154609,57.675364,834.871277,657.575195
444.009589,60.296335,830.821228,651.569336
439.113288,61.022745,840.886712,652.968567
438.916599,60.684092,838.598206,650.332397
434.722538,62.915568,845.277462,650.735901
437.439241,61.510050,842.560759,649.403870
431.130357,57.248240,848.869643,656.032959
434.954247,58.175150,845.045753,650.130066
435.518749,60.418101,844.481251,652.547241
441.325750,58.079661,838.674250,652.778076
439.854190,56.097422,836.108582,659.533325
441.892581,52.578867,838.107419,659.904907
440.327821,51.465525,836.846558,658.016113
438.399141,49.189158,841.600859,659.104736
436.882828,45.442270,840.936707,662.486206
436.310136,39.471506,839.518372,666.441895
439.343949,38.559244,836.691956,671.141174
436.029526,34.130869,841.441895,672.137329
438.378464,30.519297,841.621536,672.543335
436.493615,24.918986,843.506385,676.800598
438.385510,20.536112,841.614490,672.907898
437.023596,18.435435,842.976404,689.326050
434.462115,10.809061,843.956055,696.211121
429.858691,8.882029,847.474182,694.109619
443.881518,2.065134,836.118482,689.834717
446.744104,5.562723,829.857910,701.480408
440.123651,0.000000,839.474792,695.113596
441.324396,1.124700,835.635559,689.483093
441.617853,2.255559,835.415833,694.330994
446.180566,4.602635,830.187378,692.932739
440.393640,0.000000,836.580078,693.682103
446.587274,1.999621,830.511902,701.761230
440.859796,0.000000,838.445129,683.845507
439.294946,0.000000,836.452515,683.117914
432.182001,0.000000,847.817999,671.979367
420.858975,0.000000,857.102234,655.543730
418.973721,0.000000,861.026279,669.259689
420.977553,0.000000,859.022447,671.719780
403.459785,0.000000,872.580933,664.356045
402.052528,0.000000,875.931824,659.993452
388.007728,0.000000,887.808044,682.544700
382.003425,0.000000,897.736816,674.040142
379.073096,0.000000,900.002502,664.730398
377.263404,0.000000,902.736596,670.013728
374.705799,0.000000,903.804688,673.600919
367.936267,0.000000,908.337402,680.030471
361.041950,0.000000,918.958050,695.531562
356.543588,0.000000,922.300964,675.279972
359.571024,0.000000,919.839111,688.317385
353.061014,0.000000,923.381348,683.309937
351.358103,0.000000,928.317444,671.927002
351.131113,0.000000,925.212341,677.879608
352.862222,0.000000,923.387329,692.683029
345.896677,0.000000,934.103323,680.286125
352.884831,0.000000,926.005920,685.802792
350.503026,0.000000,929.496974,666.543852
356.852129,0.000000,918.273132,655.393020
360.565417,2.868721,917.993042,643.530090
367.144213,0.000000,908.670166,630.102516
371.881640,0.000000,904.705566,631.868397
376.153643,0.581446,899.539490,639.881287
382.601885,0.000000,897.398115,638.268549
393.615365,2.353787,879.203674,654.178650
402.734231,0.470670,874.811890,670.685120
408.723703,0.000000,870.639343,685.548490
437.534341,0.000000,839.654541,682.389296
453.605233,0.000000,826.394767,688.248115
456.377873,0.000000,822.329468,700.974369
465.553197,1.040285,814.446803,697.034180
466.186449,0.000000,808.436890,710.522463
471.310900,3.825349,803.523926,697.984314
478.594195,9.077668,801.405805,704.683289
479.716073,7.796967,800.283927,699.908264
488.996831,6.722749,789.830566,700.177795
501.869694,9.852845,778.130306,693.759644
500.114352,9.882539,779.885648,694.178284
499.313737,11.601258,780.686263,698.196167
508.374886,3.695832,766.841797,702.221863
506.488076,8.727509,771.253357,695.138000
510.417702,8.770356,769.582298,701.345520
516.024037,4.008393,761.556885,709.705872
508.189991,4.191682,771.170776,707.418884
506.973347,7.605012,771.794250,706.007507
499.619160,3.155885,777.145447,705.092773
503.031941,3.055604,776.968059,714.136597
506.763712,4.776521,772.828979,708.393982
502.281565,6.437928,776.813538,700.758911
492.767527,4.937653,782.501526,707.933044
486.319590,3.809297,793.680410,705.167053
481.740300,2.422181,798.259700,708.837280
461.321902,9.171571,818.678098,696.298706
420.409852,11.150758,859.168701,698.061523
408.996736,5.098420,871.003264,704.022644
384.938645,6.562348,895.061355,702.127502
378.042900,0.676362,901.957100,705.868225
370.969967,2.892915,906.842224,702.697815
365.962643,2.767335,914.037357,704.060791
360.669432,0.693238,919.330568,707.085693
344.402160,0.000000,935.597840,709.265656
354.199523,0.572586,922.881287,700.406372
361.845825,0.000000,913.407043,705.571549
354.096679,0.000000,924.037659,705.214302
355.278472,0.000000,923.544434,708.480656
348.648742,0.000000,931.351258,708.867525
344.275970,0.000000,935.724030,697.885423
351.941391,0.000000,925.044067,703.654015
354.829666,0.000000,922.230164,702.160229
353.247330,0.000000,922.670471,700.393530
357.088882,0.729449,917.194885,701.335510
356.914627,0.000000,918.862976,702.132648
354.220810,0.000000,923.920532,700.918375
358.295090,0.351002,920.065918,701.255188
357.713608,0.000000,920.969116,699.906453
354.745468,2.078135,922.692261,700.115417
352.140793,0.000000,923.279785,703.116129
357.146438,0.000000,918.442322,703.479970
362.550094,0.000000,915.278564,698.378871
368.602890,0.000000,910.375854,705.473615
367.655044,0.000000,912.344956,695.921469
366.730568,0.000000,913.269432,704.020305
361.499714,0.000000,918.500286,697.474538
365.104898,0.000000,914.895102,702.730067
361.277974,0.000000,918.722026,696.300641
359.753092,1.819846,920.246908,695.731262
364.216787,0.000000,915.783213,691.793265
361.074977,0.000000,918.682800,682.543178
364.954524,0.000000,915.045476,680.740400
360.895566,0.000000,912.956116,689.686118
357.925321,0.569774,922.074679,689.741394
355.647170,0.174968,920.497192,694.504883
351.267653,0.415630,925.487183,702.677612
347.690932,0.000000,929.686768,696.255077
349.012862,0.000000,930.987138,694.796484
343.078819,0.000000,930.562500,702.880511
340.363395,0.208169,939.526794,700.942444
340.988456,0.000000,931.981995,695.512216
329.083976,0.000000,944.688660,692.606816
325.897117,0.000000,946.676392,696.114413
325.661430,0.000000,946.955139,697.813493
326.383140,0.000000,945.615723,699.225381
329.762748,0.000000,943.686829,702.716664
329.194511,0.000000,946.528870,696.529291
333.088004,0.000000,941.146667,698.908597
331.901847,0.000000,943.270691,697.348403
336.646751,0.000000,940.815063,692.791267
339.106803,0.000000,937.101257,692.768772
341.556724,0.000000,936.114746,698.845262
355.847129,0.000000,924.152871,694.163293
363.118663,0.000000,914.112244,700.319378
368.528942,0.000000,911.471058,698.081686
364.574316,0.000000,915.425684,702.062327
360.799975,0.000000,919.200025,700.677496
353.876153,0.000000,926.123847,699.618167
353.967404,0.287813,924.746521,700.972717
351.926785,0.000000,927.900513,698.635805
366.968991,0.000000,913.031009,702.580262
396.203276,0.000000,883.796724,704.529938
403.719436,30.955002,875.709473,684.456360
405.217269,64.399948,871.590027,646.695374
407.183212,75.690170,872.816788,640.861511
414.289482,79.869095,865.710518,634.055908
419.291897,83.747116,860.708103,627.561340
422.146894,88.276749,856.301331,631.109497
417.434339,89.132034,862.565661,626.553223
417.613318,88.697769,861.925720,624.957886
413.821113,87.729996,865.384888,626.245972
412.131049,87.210221,866.452271,626.136841
412.435554,90.755905,864.941162,622.426819
422.835090,94.435074,856.250977,617.917358
421.436683,97.251633,857.425720,613.881653
424.669288,99.490006,851.318665,610.347778
427.747809,100.732315,852.252191,615.325317
433.873661,102.708603,844.102051,610.836365
430.707126,104.382096,846.423157,607.152710
439.778018,103.549973,840.221982,608.738831
439.521578,107.312454,839.229004,603.253906
440.474581,113.477646,835.485352,598.114685
443.090822,120.997605,836.909178,590.903381
444.162843,130.755478,835.837157,584.398621
448.301056,138.542496,830.980408,581.068726
450.720734,141.744034,828.614441,574.145386
447.676148,139.084488,829.521973,574.585571
447.910340,138.082565,828.205200,579.777405
442.894074,139.989639,832.513611,572.140503
433.087830,142.070572,846.912170,573.439819
435.110535,140.664566,844.889465,573.374146
433.926941,140.241471,844.314270,572.504272
439.401367,140.372544,840.598633,571.210876
442.573578,137.614700,836.366516,580.567383
449.167358,138.685471,828.182373,576.124817
459.149292,137.315323,817.029297,578.255737
466.770660,135.391617,812.341003,582.708862
475.532806,130.378769,800.402893,589.621231
487.114533,127.221275,792.127625,591.670837
498.694214,128.082085,778.936768,586.786377
496.632294,128.134178,781.007385,590.624084
502.952332,131.656609,775.930542,584.630981
509.592590,131.738487,768.009888,587.202820
531.573547,134.365654,747.418579,584.022705
538.453461,137.324120,737.869202,579.915344
536.110840,143.482567,743.889160,570.868713
546.443970,144.874931,733.556030,570.897217
569.054291,151.383507,706.368835,561.503113
560.209564,153.267357,716.778992,561.661194
574.836884,154.655296,705.163116,556.113831
580.628128,156.611473,699.371872,556.477356
564.451393,158.722496,715.417236,555.767761
573.757607,162.740074,699.622192,548.779724
572.567574,164.534844,705.226624,549.563721
570.246315,166.576286,709.753685,546.937866
561.027729,171.405785,718.972271,540.572815
493.003275,171.523644,786.996725,543.749451
571.227620,166.350060,705.498962,547.413025
535.478536,168.519524,742.744202,545.684448
463.431874,163.161156,816.568126,556.838844
504.106379,162.212200,765.604370,557.787800
474.478053,162.260611,801.939636,557.739389
464.509669,159.954219,807.816833,559.795288
511.691706,154.162044,761.633911,564.749756
500.220454,146.445003,768.507324,567.653564
530.175959,119.880946,748.510620,599.429138
553.576655,100.699367,724.395752,612.541321
535.767481,87.443294,740.172058,630.510742
549.210627,72.648707,729.434204,644.951721
544.845026,61.773250,735.154974,651.950439
536.630094,58.499599,743.369906,660.359802
529.990645,53.613490,750.009355,660.339050
527.620048,49.533595,751.653625,670.180969
507.780052,43.126826,772.098999,670.450562
516.698661,38.494929,761.070129,672.780029
494.396476,33.869746,783.083435,683.257935
497.155998,32.689784,778.297058,682.126892
483.502738,30.410792,789.801086,682.568176
476.765434,26.729365,800.122131,687.140015
425.242332,23.626033,852.989868,690.104492
470.211051,21.433345,807.553406,688.422485
481.522361,18.320582,796.912720,693.661682
475.729331,18.003566,799.603516,701.996434
456.835044,16.599073,815.781006,700.403564
441.858573,20.852125,831.492249,697.283203
405.669029,20.856916,861.712891,690.005798
381.569785,16.722700,888.937256,693.147766
404.130271,15.914258,867.399292,698.128906
417.459342,11.446943,860.478699,700.141174
416.611991,12.203596,859.130920,699.668152
414.877769,9.356672,858.123047,700.420105
400.329002,7.675306,869.156372,712.156372
403.934196,8.387372,866.321228,709.458801
391.176627,11.674024,879.302429,704.074219
389.220207,15.025678,888.389099,701.306458
389.644584,15.618543,882.184875,697.156128
365.938804,15.141218,905.857666,700.363708
369.896781,16.154584,900.066467,696.333557
371.426536,15.655134,903.739380,695.294373
340.156242,17.274457,929.241394,696.528870
322.614433,15.931440,944.417297,701.382629
370.587241,13.749708,906.534180,696.452148
333.685539,16.359113,934.075867,699.898865
316.325218,17.380231,948.589966,696.591248
350.550529,18.211744,922.371765,691.786133
368.616752,18.203687,901.845520,695.468262
353.984947,18.383344,918.235840,693.707825
318.846366,21.040235,956.130188,692.338135
395.957450,14.240919,884.042550,695.226807
399.093746,11.774915,876.068298,700.193237
430.093990,3.407575,846.481873,704.980652
433.365993,0.000000,842.219360,705.590467
487.485866,0.867102,787.981323,708.449036
460.269954,0.000000,819.730046,705.450629
485.351042,0.000000,789.086670,708.377963
466.610319,0.938616,812.606934,706.300049
511.260710,0.000000,767.691895,706.825304
489.079649,0.000000,790.328186,707.593316
463.894468,2.637753,816.105532,705.109558
522.657348,0.000000,757.342652,707.283352
505.003753,0.000000,774.996247,703.273817
514.733932,0.000000,762.907715,704.598273
523.623703,0.000000,754.983887,703.523105
508.728836,0.000000,771.271164,713.647173
500.616920,0.000000,779.383080,708.287393
505.063618,0.000000,771.702332,709.807972
501.327686,0.000000,774.980103,712.657679
470.118336,0.049451,806.655640,712.017029
480.343769,43.001721,794.944031,673.328796
470.002125,92.780316,798.567749,623.173218
397.356068,142.515943,841.822266,570.238831
392.387989,170.395673,818.643921,544.013794
333.111195,183.846784,861.045410,534.935547
370.142536,182.705976,810.418762,527.629761
291.291126,186.790998,872.067383,531.422852
347.618458,182.867414,813.620972,529.456787
335.665668,185.317945,822.132263,533.691956
350.997639,183.660810,809.241516,530.400513
296.510883,182.915509,860.722595,537.084491
334.554432,176.772666,826.259521,534.525696
345.994770,178.043967,814.207458,540.330261
327.108143,174.309500,828.166016,537.835083
328.330158,164.133078,823.019104,555.866922
315.340748,142.436717,832.599731,569.419800
315.004810,122.484386,832.393433,596.662354
313.605396,88.807475,842.515503,628.691711
286.941944,60.459056,881.621460,651.853638
316.338673,34.016856,865.583862,683.345215
351.376789,15.882945,829.943665,694.344238
349.203205,11.064403,830.399475,700.560669
350.808491,11.519328,825.934265,700.433777
346.755482,14.247722,826.289795,697.602966
372.493214,12.160960,795.503296,698.903931
345.138905,18.508830,812.411377,695.601990
390.047840,17.328288,763.937744,693.459412
362.010975,20.399730,783.032471,688.096802
392.507709,32.854686,739.451111,676.972778
384.947040,34.851817,737.587830,670.722412
404.691303,50.394847,705.363220,644.855835
384.610737,54.626506,716.014832,642.530945
387.270557,59.757854,706.891479,635.725281
416.932911,62.316173,670.070679,626.991699
408.204822,67.070934,683.136963,619.796387
430.842213,70.749095,661.109253,605.046997
432.757221,70.460338,669.993347,609.447510
448.282764,76.772746,654.166870,603.852966
448.348347,76.526042,663.803284,603.262390
452.878742,78.274761,666.985657,604.708557
443.207355,79.493816,674.687561,606.417664
448.073109,85.547496,669.393555,606.573975
465.716389,92.904399,653.236145,609.667297
444.535694,110.381389,676.159790,602.712585
451.515186,133.594005,668.746460,580.788086
416.417164,152.574809,702.374390,558.778870
463.189075,152.653178,656.907715,559.811829
442.475513,159.694469,675.564331,552.312256
409.984394,161.514964,706.778259,555.610718
433.432484,163.992076,681.355957,547.949463
427.370197,167.679424,688.592346,543.220276
436.844654,167.773601,679.539673,544.715759
431.272144,167.035350,680.409790,545.286255
411.095783,165.803569,700.547913,547.002014
425.565815,173.402995,685.035339,542.434753
431.479511,174.855693,679.224304,543.536438
431.496845,173.991527,675.965759,540.771606
439.513966,180.268291,669.656616,535.050598
433.723377,176.045818,671.645264,542.672302
432.957752,178.668803,671.886230,540.222717
431.450123,183.871074,670.486694,532.605042
429.160511,185.357036,673.079590,533.957581
429.412434,185.921672,670.685608,530.169128
379.649952,182.811473,719.756958,535.417114
378.349537,187.217693,722.239868,527.836609
385.167072,188.525707,720.476624,525.610962
403.447498,192.046947,705.904053,521.023071
362.374622,192.880870,742.683105,526.139648
411.287495,190.873332,695.477234,524.241638
382.960926,191.858135,722.831787,526.502014
382.834400,192.700053,720.169800,524.717346
390.748249,193.159923,707.947815,525.023193
392.309620,197.444713,704.217896,518.920166
375.936939,202.450069,717.284546,511.843781
376.964680,204.588710,702.505676,511.683929
361.975147,208.754298,702.653931,507.710907
326.724110,207.684810,721.041260,509.000763
323.797962,207.882182,710.821777,509.858459
318.052021,209.654582,705.887634,506.826355
334.037250,209.422206,683.119812,505.561859
325.738575,207.270564,682.767700,509.423248
331.287311,196.040874,670.425110,519.325256
324.823841,190.104747,670.629395,519.416260
340.008259,182.127849,651.227112,522.683777
325.844685,179.371227,662.280823,514.183594
346.034168,167.802028,643.976074,507.719208
372.327228,134.854076,639.121887,514.153198
387.314960,98.415416,639.960632,516.706055
404.192982,60.721767,633.142090,509.502289
412.018360,15.715221,628.646606,508.008789
412.858326,0.000000,629.198608,497.554866
410.214893,0.000000,635.781128,472.229520
413.178638,0.000000,634.681763,466.701796
414.629047,0.000000,633.264587,475.848609
408.300190,0.000000,642.562195,482.002994
414.943836,0.000000,638.808350,483.933626
406.595692,0.000000,645.145508,492.986588
422.379078,0.000000,633.620728,483.905846
395.785389,0.000000,656.815186,484.101101
410.979725,0.000000,643.564941,485.438154
423.782276,0.000000,631.765747,488.372504
405.218342,0.000000,646.845520,512.736454
435.352894,27.479830,624.814941,532.358582
450.257862,82.625093,617.779907,532.740662
453.424061,135.724489,618.998779,531.442261
447.496540,157.096407,625.948303,541.094177
449.047077,180.773409,626.484436,523.725037
466.215656,193.965853,609.420715,513.535217
468.732258,198.741457,606.109192,513.182007
469.267597,207.920107,607.915955,501.458008
474.622150,207.925966,606.111145,502.354004
473.155048,209.744890,608.980652,501.610687
470.962971,215.103090,611.841370,497.726074
462.464374,215.786165,622.089783,496.206116
426.759785,214.338503,657.814636,495.323853
480.504566,210.278642,609.880981,500.821747
467.520863,214.931932,619.655273,499.013702
472.261585,209.522188,617.574463,501.230896
452.654285,208.680620,635.970459,505.320770
481.385944,208.058656,612.265198,502.916992
485.554493,208.271913,602.858521,502.611572
489.172993,205.116319,599.314880,499.987946
490.330677,205.219301,597.273926,499.725342
489.668384,204.725557,598.544312,499.579285
494.862019,205.129381,593.484436,494.260895
489.627979,203.248811,600.545288,492.265442
489.641193,202.933855,599.877991,487.131927
485.175495,199.891542,603.598938,485.985352
480.247608,197.310198,608.005981,482.936127
442.514515,178.560991,644.219727,490.575653
415.949573,158.422914,670.414551,504.696533
442.315082,171.679491,646.975281,488.219513
394.604114,166.632387,692.042236,493.206543
433.638508,167.037126,652.042786,490.124847
401.907947,161.411226,684.003418,491.075378
439.847797,159.321886,646.112244,488.661530
391.429798,154.644487,693.479492,487.944061
440.778004,140.506136,642.634399,497.655334
394.801166,140.953172,687.564148,492.076202
427.992084,137.974138,656.333679,497.660980
421.546802,138.553468,662.093384,494.650757
449.936542,131.519808,634.660095,503.441711
392.096699,130.601610,691.367615,500.937775
450.072407,127.054506,632.578308,488.049072
432.162159,127.233354,651.921265,485.943085
411.487659,123.958681,672.773926,487.440674
414.095386,115.073427,670.419067,513.154297
428.525349,115.774233,657.511780,499.368164
424.543140,111.665132,662.979858,510.551453
447.469288,105.462374,639.283813,521.835144
460.251331,98.167543,628.347412,539.927734
443.857807,96.533357,644.286804,527.450989
451.291401,92.060335,637.553406,532.216614
447.580463,87.176546,643.131775,530.793274
456.652149,87.832979,633.329956,529.271179
449.497944,90.669161,645.049011,527.048279
446.841083,88.384065,650.796082,530.240295
452.730061,83.910951,645.960754,522.376465
449.779224,83.393312,647.939331,515.925171
440.065113,82.939791,658.485229,512.477234
432.730061,77.594179,664.043274,522.828125
435.434925,77.087587,660.695068,513.275879
418.575672,85.593630,677.560303,501.608276
417.570759,84.554216,677.487366,501.315277
413.974415,88.465776,679.949829,501.333954
405.560688,91.500688,686.946472,499.710419
406.742573,91.688204,687.321472,494.991638
410.107014,87.738146,682.041809,498.854645
409.804707,83.821703,681.245789,500.609650
411.047535,84.741823,679.597534,501.911499
409.944294,81.823915,681.990784,505.363525
407.472706,80.393541,684.469604,501.907379
411.151539,79.424181,680.545288,506.685944
412.310780,75.560381,681.344971,509.447968
413.884571,78.389833,681.627563,504.943115
415.327473,77.242189,685.363831,499.021851
417.803760,78.267427,687.292603,502.776550
425.754108,78.650987,689.050842,500.578766
427.036213,79.806383,683.704651,503.249664
429.812458,73.704714,687.713196,493.989868
433.403706,72.576769,685.393494,497.250397
431.703815,72.414232,689.674133,490.959991
437.718738,70.261385,687.999023,484.623108
441.443348,65.345796,684.597656,486.342224
445.787250,62.443178,682.780212,483.297363
448.535480,59.481462,681.817200,475.422943
454.539295,46.865816,675.211426,464.758484
453.412678,21.289858,680.557190,464.639893
463.667744,0.000000,682.110535,447.284837
473.245869,0.000000,681.036316,413.687493
465.949421,0.000000,693.731506,388.908154
474.309040,0.000000,687.336731,370.812750
467.465900,0.000000,698.553040,374.973132
467.417957,0.000000,698.656250,373.130090
472.814350,0.000000,693.223572,382.139661
463.577381,0.000000,704.321533,380.823462
463.464466,0.000000,704.166748,391.391849
470.200977,0.000000,695.939575,407.637148
465.271412,0.000000,698.143677,435.484544
476.880268,0.000000,685.404236,459.879753
480.504963,0.000000,682.708801,470.071865
480.991810,0.000000,680.602539,483.956221
477.386249,5.084144,683.553162,495.530853
481.215076,11.119254,680.597168,513.478943
477.725452,34.462760,683.201660,509.157166
485.082813,46.790397,677.321411,516.858337
486.350666,56.272666,676.450012,510.564209
490.507130,56.302558,675.366821,510.272491
495.426105,55.574393,670.272766,518.669983
494.139057,59.499930,672.178894,516.362854
493.479847,60.710258,672.725098,520.031555
499.743122,67.518607,665.812317,517.356018
495.852558,71.635154,671.354919,509.541870
499.978565,75.437186,667.768433,504.813293
501.333027,75.392097,668.568542,505.965729
503.689930,76.902503,666.886963,505.628265
505.016010,76.980781,666.397888,507.656036
504.473835,78.279594,665.583557,506.025208
504.047352,83.053809,669.866455,495.119110
507.426441,83.855491,664.326294,497.109009
502.927235,88.289329,668.981689,501.140503
507.757832,89.240226,665.815857,496.147888
508.599232,91.836616,664.389404,491.957306
507.040577,92.715690,667.061646,502.978699
502.190418,97.450751,671.447266,497.519318
500.859333,98.658011,675.468323,502.099182
503.038380,97.145530,673.074097,514.197388
507.653522,103.490058,669.178040,499.752960
509.094624,103.797370,669.192566,508.935944
510.673786,105.119819,665.278870,508.237335
510.994892,108.193366,667.462830,505.276764
511.321278,107.171866,666.664551,506.891785
509.739674,107.204368,669.684204,514.718140
512.180256,107.578849,665.806458,514.665466
512.648548,113.221503,665.247559,508.861115
512.534290,108.226707,664.455078,517.336304
513.512501,112.781608,661.957397,511.439880
512.966053,108.513602,664.539062,513.477112
512.180836,112.244849,663.798706,509.812958
508.862629,109.318717,663.600403,517.099792
507.574696,113.138145,666.168457,511.342773
508.523273,115.176581,664.847717,511.434357
509.185444,111.343955,663.345154,515.108154
509.183643,114.270255,666.004272,512.190125
506.500416,110.545142,668.468140,511.953339
507.118854,114.684211,666.916809,507.324860
506.255146,117.113746,668.636414,508.685516
504.860004,121.251533,669.209412,503.247833
506.329700,124.461585,670.595703,496.597992
506.339344,122.762351,668.335938,502.697388
507.046833,125.432563,669.192688,496.256622
506.872700,121.905173,668.647400,497.067993
508.552631,122.514350,666.653259,507.319366
512.236530,124.213416,665.444397,494.969086
510.150898,127.632865,666.443054,489.158508
511.101093,129.426566,665.846130,501.764709
513.223591,131.724082,662.309631,496.024658
510.542072,132.697684,666.536926,500.004700
511.315998,132.568320,662.579895,505.238037
510.004902,128.850272,663.344421,515.139954
510.767841,130.179008,660.449158,518.227356
510.252766,132.240043,660.369202,514.990784
508.588703,128.431373,663.475403,510.038788
506.478809,134.099296,665.311401,512.823059
503.851032,127.193076,668.398743,515.161377
503.089802,129.131492,669.619446,513.714722
508.504719,127.636985,665.434631,513.891479
511.133778,128.073722,663.575439,510.552429
508.805592,130.111304,665.671753,511.290985
510.007709,128.100638,664.713562,509.970764
510.441944,130.035651,664.564331,511.850983
511.021961,126.911613,662.633057,514.059265
509.663349,128.446235,665.240906,511.800323
511.729389,123.921165,663.986267,515.505981
507.194782,127.613853,666.772522,513.783203
510.558887,123.512580,665.992065,508.203033
511.122181,121.877311,665.237793,515.509949
510.601612,120.568107,664.815796,514.215271
509.382923,118.410392,668.320312,518.722595
509.755573,118.811057,666.016174,522.051880
509.773304,114.008353,667.479004,528.328186
510.721394,122.416251,664.780090,518.250916
512.282551,122.672355,663.772766,522.578796
514.373402,120.778739,661.158203,525.274475
513.391651,112.965690,661.756958,533.953552
513.997913,121.247275,660.153076,527.752441
510.388233,120.123069,663.825806,524.466919
514.314899,119.389487,659.238831,521.308594
510.950062,116.816062,664.477783,521.148315
507.908405,116.574241,666.291565,515.350708
509.174519,110.570701,668.172180,521.871948
509.578693,114.168510,666.777161,520.989075
511.931415,118.938560,664.820496,514.617188
512.794117,112.616965,664.522095,517.668091
507.734852,118.742957,667.624268,508.771820
512.904865,113.214011,664.022522,514.628296
513.773365,116.438148,662.933960,504.843597
509.461079,114.101264,667.083191,499.600861
503.755329,117.031745,671.789856,497.927643
505.625477,119.305152,670.862549,494.094940
502.340412,118.811057,672.634094,500.012085
501.471455,120.043174,674.264099,494.924316
504.251697,110.773856,675.328125,504.573792
505.080433,112.029136,670.229004,510.562744
499.868732,116.230643,675.512512,517.287415
504.115711,118.849570,670.815674,505.284180
506.118915,118.670783,667.820496,503.822418
505.519215,118.309882,667.330200,510.473175
506.019703,121.400687,666.574829,506.565247
507.318073,114.644706,665.864075,519.140930
509.267536,120.088279,661.410950,514.891968
507.786182,118.416343,663.849976,514.229004
505.301136,114.861808,664.614014,521.569763
504.719959,117.266105,665.264648,518.847107
503.341602,114.442496,666.656860,519.824646
502.335438,118.347709,664.410889,513.717590
499.553852,121.346091,667.717957,505.472534
498.491474,121.083289,669.033386,504.805511
500.216297,122.638190,667.180664,507.470367
501.236774,117.940085,664.432922,514.075317
500.145588,117.933646,666.632141,512.831360
500.495533,116.641685,665.032104,513.315186
499.705433,115.368339,663.961914,506.774231
501.037189,112.688926,664.717834,507.388184
502.712604,114.691535,659.249817,506.930328
499.837269,114.774314,662.948730,510.326782
500.180927,113.601951,659.052185,514.111938
495.236103,113.901206,664.002625,514.013184
492.425495,111.714530,667.772522,519.636047
490.874317,113.234305,668.769409,514.254211
491.572498,105.218345,668.337158,518.169434
492.758015,109.702628,664.883850,515.560486
494.940662,113.118262,667.102539,506.402069
495.841663,109.320136,666.267090,509.008575
496.457569,107.092826,661.913208,513.319153
499.525593,113.139075,660.861877,508.544525
499.678242,111.680183,658.852722,511.600739
496.156055,116.248252,660.960815,513.137207
496.405323,113.780646,662.028442,508.916901
496.227253,115.745933,659.536194,511.358643
494.384968,110.598548,662.023743,511.307465
497.407795,114.945014,656.021545,504.532990
492.777271,110.143378,664.564331,504.535431
491.478474,114.183295,662.979553,499.376251
490.189411,114.604743,666.125061,489.878815
490.135059,114.638297,663.083374,480.873962
484.671711,113.992835,667.752502,477.913422
484.942493,108.572105,669.985840,485.005127
486.894428,108.526191,668.524841,483.239532
486.852222,109.382041,667.746460,484.702148
487.522724,110.030402,665.515076,479.208893
486.378223,110.610297,665.039917,485.597687
485.738331,113.509421,664.926636,477.923706
481.932392,112.414161,667.387146,477.929413
481.442707,111.259330,667.011780,483.368469
481.947773,103.287467,663.997742,493.167175
480.867725,105.622901,664.023315,492.090302
481.529896,108.101829,661.205566,489.539429
479.601002,105.361854,664.967651,492.146576
478.710102,105.457984,663.871521,494.071503
481.653950,105.128470,660.155457,495.218811
483.086811,103.856635,659.196228,500.150177
482.719410,102.514030,658.346313,507.621521
482.505238,96.808127,656.000977,506.130981
475.747639,98.230109,662.220764,509.017731
475.871509,96.270499,664.716675,514.245544
476.233112,95.477622,663.273499,514.429932
475.611652,87.979484,664.279358,521.499695
472.612781,81.622855,667.888916,526.942932
474.921772,89.694541,662.213562,517.173096
475.072620,80.153037,661.165771,525.756836
474.700550,85.826804,657.232422,517.340942
472.269794,84.002616,659.845642,517.646545
474.650532,87.000297,657.112732,518.860657
473.191303,85.781028,655.956970,521.894409
472.680073,94.931449,654.070496,513.790833
471.985310,97.369224,652.225159,513.937500
465.504169,99.464225,654.408142,509.502136
458.854237,99.462943,657.205566,516.273987
454.684956,99.189155,660.768250,511.945343
448.517780,99.195960,661.050842,511.326019
442.535084,101.714530,663.563843,508.733948
439.460712,104.032615,661.957458,514.260376
438.891743,106.488883,657.987000,513.305847
434.006794,109.035178,657.176575,518.452271
432.070606,107.198875,655.778687,525.456909
434.309345,105.500297,649.229675,530.433411
426.348621,107.181968,654.590820,519.809082
420.870411,104.360648,654.577515,523.196106
417.116474,102.856162,654.945496,525.587891
409.472828,101.929984,660.655396,528.624329
406.666614,103.352408,662.886719,525.588318
404.069904,105.864097,660.804260,521.040527
399.831867,104.805778,658.803040,521.743835
397.114368,105.062705,659.938721,523.538330
386.578022,103.819755,667.945496,527.201965
379.510731,107.300223,672.769775,518.627502
381.946674,104.125022,668.145203,525.239380
377.755268,103.528129,671.219421,524.677307
375.586842,106.862357,672.038696,527.341125
379.023853,109.694144,668.381226,522.802551
382.802723,107.427177,666.508545,523.680481
391.805042,111.124625,656.218750,524.814148
392.414051,107.072379,658.414551,530.483826
395.294971,105.002006,654.848755,535.620178
394.479053,108.224937,656.775269,533.344482
393.223011,109.002677,660.554199,527.610779
393.756641,105.778342,662.755249,536.904419
397.192402,106.731223,661.163757,529.541382
394.822193,112.927695,668.671509,519.209229
399.461536,103.183951,664.725830,528.919861
404.623585,115.492393,659.441772,511.416016
403.348469,110.421775,663.538147,515.174927
402.027302,114.254417,665.952454,508.685913
393.585560,114.627189,673.283691,503.971863
392.319843,120.379935,676.559509,489.971985
392.217609,121.712623,677.807678,489.351044
393.911945,122.696158,676.649475,490.081482
400.445606,123.365333,669.854370,489.788788
402.547443,121.383857,667.892883,501.611603
403.812000,114.115165,667.569580,514.179993
407.105488,120.820090,662.664001,517.219849
404.180805,114.735984,664.619568,512.028198
408.655323,112.721152,658.350708,521.939941
410.174854,119.407249,657.395874,508.033813
404.855946,108.921165,662.776367,521.887085
407.215168,118.496650,658.536194,507.057648
403.373890,117.436515,663.362549,502.861023
404.838642,109.554526,661.389587,516.472412
404.720997,120.566733,660.557495,510.656250
403.088795,116.302238,661.479126,502.398132
404.352375,106.834006,658.299133,518.542114
406.667103,104.478324,655.252197,519.175842
407.731953,110.108146,653.454773,513.741394
406.622394,106.932456,654.114807,512.873291
404.151905,96.760856,656.307251,519.036560
404.886188,102.690543,654.954651,511.917175
403.956562,85.520621,657.300720,524.421082
402.558887,101.440833,659.093384,511.676605
396.948383,91.657920,665.779480,516.838135
399.566853,100.062614,664.163879,506.828796
400.226032,103.058845,665.982483,506.510651
399.172840,98.917380,664.532227,520.885620
399.261249,99.730826,665.857117,522.447693
401.326588,95.615623,665.733276,514.684692
398.949604,95.685569,669.443787,523.685425
401.288502,91.933555,671.046753,526.987793
405.798664,92.844230,664.888733,523.035339
405.323322,90.099418,667.168762,520.010315
408.686207,91.321311,663.886841,515.000854
408.732868,82.253074,662.977112,517.513062
404.652668,82.946677,669.126770,515.651733
403.667316,74.583213,670.346741,518.260742
401.641743,75.744620,671.433777,515.537781
400.764698,77.506614,671.395386,515.029175
399.454517,84.856101,674.446899,505.272827
401.904407,83.291587,672.764893,503.950928
406.040913,78.881919,668.678894,512.430908
405.300617,83.647086,667.591858,509.379089
403.554523,85.688636,669.985657,511.740082
401.426411,87.834525,671.070007,510.522278
405.541645,85.609153,668.838806,514.670776
404.749958,86.690848,667.175598,511.378479
403.111103,88.094260,670.108826,509.952759
402.227650,89.687491,670.059814,507.706238
404.438770,90.682166,667.584839,505.733490
404.469501,90.578925,669.869324,501.854279
406.509479,88.640067,666.743225,503.374329
404.518055,87.078895,668.765625,504.832855
401.552753,89.120139,670.596619,503.973511
401.030384,91.478553,670.905029,499.943939
403.308369,93.283851,666.728699,501.624847
400.547718,93.782599,668.331055,495.808014
397.747211,93.632133,670.483093,499.952698
397.068714,93.991233,669.590332,498.845581
394.621723,91.809394,668.407898,506.555695
393.011524,93.227180,669.511841,501.539703
392.531147,94.880912,669.026306,501.843567
388.366688,95.900260,674.669434,502.809509
386.522175,93.870261,674.345032,511.400269
386.842487,93.736564,671.045227,513.637878
385.233234,95.577643,673.738098,511.753326
385.930653,97.385520,671.267822,513.441528
384.110584,100.017631,672.125244,509.695618
383.600605,101.507865,670.789246,519.283508
380.868702,100.441398,669.910278,524.809021
378.218342,100.175162,671.294006,523.477722
378.690296,101.027091,670.295410,519.831482
373.565113,100.141135,673.950317,512.650513
369.844227,101.049781,679.237793,507.389130
366.630695,101.618323,683.923889,494.362885
364.273365,99.591788,682.861450,494.003113
363.511738,98.479163,686.133240,492.716400
364.260822,96.637244,682.635315,494.672699
358.345875,95.921805,684.287231,503.835754
358.392811,98.488364,683.202881,503.687256
357.785358,97.920920,681.252258,497.019653
354.795216,97.033027,686.050171,498.804230
352.707661,95.817969,685.986755,498.147186
354.773670,95.233115,686.282471,497.161133
353.245930,93.928443,685.354065,496.094696
350.428577,91.356803,688.351807,497.946472
348.604603,88.948844,687.064941,501.894226
350.854664,87.243033,685.381714,497.568787
351.592091,89.170890,684.491333,500.308044
357.533253,88.415702,680.366577,497.999329
355.071735,87.993125,681.286194,499.107422
359.155018,87.799644,679.681641,496.587402
358.273670,86.520698,678.511719,498.156769
362.999134,87.358573,676.533447,498.423645
351.301228,90.381614,685.705139,496.827515
354.817127,90.450507,685.538574,493.957306
362.135914,89.612433,678.012329,496.453766
360.717457,90.892203,679.567505,496.556091
366.487537,89.748160,677.533203,499.260437
367.549946,91.290732,674.959412,500.849854
371.597462,89.368583,675.831909,497.861389
374.721363,88.645835,669.776978,495.193604
372.606342,85.095252,670.948181,503.883392
369.944324,85.393607,674.799805,517.933899
368.254597,81.603873,678.055725,514.562683
370.746754,80.621848,678.262573,520.468384
368.018391,73.138114,682.510315,525.334290
367.247211,81.035880,684.306091,513.610779
365.709675,84.061561,687.333801,509.678802
369.457081,83.888480,683.335815,507.230286
370.452595,81.368171,682.620422,508.104889
371.999653,79.732642,682.214783,509.182343
373.585590,79.633002,681.133240,508.640900
374.702717,77.162391,682.149231,505.583832
371.518482,79.638358,688.355591,498.094788
371.438251,79.697364,685.915222,498.639374
375.062031,82.307578,682.930603,500.637695
379.284199,82.005775,676.805603,500.564301
381.491352,79.600699,676.717957,504.666931
383.977955,80.614997,676.058960,505.989899
389.831898,82.640250,668.569092,502.733582
389.890278,80.962043,670.905212,501.280670
391.828419,81.531776,667.458374,505.881439
388.901844,80.925712,668.000977,501.121887
392.559711,78.934379,668.614197,505.548401
393.115681,77.086402,667.633362,508.615448
392.989674,77.691688,668.507202,505.031586
389.707569,73.895896,671.227173,513.515015
387.955585,77.147193,674.866638,509.327362
392.068256,72.035422,667.486511,516.783325
392.908924,75.868445,669.729004,510.794769
386.608601,75.057303,672.394348,518.201721
385.605610,74.674644,672.399841,523.176758
379.693653,75.199973,675.905396,531.466919
370.724140,74.650809,690.007019,526.886047
374.683033,77.360618,686.392944,516.049683
376.480274,78.017112,682.375610,520.736450
373.752552,71.272269,686.751709,521.592834
368.128132,73.569266,690.367981,523.801331
368.265369,72.179557,688.186279,528.895935
371.736988,75.082816,683.657837,526.085999
374.025593,76.046805,684.978821,525.243225
375.206348,76.357383,678.261597,526.796143
380.375874,77.236533,672.454041,518.909912
381.437244,79.751914,668.169189,514.560059
384.037067,80.158683,666.257874,516.900085
384.357929,77.770865,663.846375,527.495789
383.137653,74.610801,665.388000,527.435059
387.776844,71.486167,660.121582,528.365723
393.966877,73.232963,654.762512,518.650208
392.603657,70.734244,655.410583,515.379578
393.125202,77.147788,650.356506,502.226562
392.953968,76.830283,651.814209,502.438232
392.263050,77.490424,652.769043,500.362823
393.589191,74.296424,650.760803,502.310150
395.669544,77.865684,650.077393,491.322266
394.062031,75.319724,652.771179,492.432739
395.137745,72.459907,651.160034,495.324738
395.978352,74.533958,653.117004,498.466919
399.021595,75.206870,652.983154,496.340820
400.377277,70.479377,652.976868,499.627594
403.127369,74.819053,646.999146,498.442871
401.791492,73.707480,653.770020,496.835938
402.955311,74.324531,655.925781,498.854767
403.924091,71.136970,656.595642,509.210602
404.849354,70.664878,651.081787,515.542969
405.802051,68.615104,654.332642,512.016785
408.615772,68.837241,654.703003,508.248047
409.903828,65.767448,655.168152,516.083435
411.683033,67.208304,652.415161,520.465149
413.515125,65.718894,654.629883,522.467651
417.635120,69.272910,654.650391,523.660645
420.274586,69.522971,655.198364,524.902222
421.884388,67.486808,657.274170,525.743591
421.120747,59.339225,660.261658,533.511902
421.793995,64.509147,658.862671,529.186951
422.427051,54.745353,659.629272,540.068298
419.252705,58.233512,663.803894,543.122498
415.501911,65.643119,669.927795,533.258362
416.163837,72.761313,670.251892,527.142334
419.529377,70.024955,666.107239,524.059631
420.803516,66.128409,665.686157,530.712341
422.208912,71.188651,664.128784,527.233215
417.937366,69.044761,669.432861,531.937988
421.220386,71.604545,665.200806,523.275452
422.267933,69.560752,666.021240,527.880615
423.453602,62.119132,666.982422,530.504822
426.025043,54.223044,667.497498,540.501587
433.693684,41.905021,657.651184,556.004578
441.054798,32.201530,651.701660,562.258240
449.405994,20.449454,647.998291,570.310242
453.724384,15.633933,644.305359,574.244995
458.529652,14.904319,641.937988,583.521118
462.763355,13.363029,636.448364,582.046570
461.897327,15.164817,640.198975,584.779907
455.373737,11.159263,645.519348,591.349609
474.510334,8.363761,625.977844,589.893005
460.111500,10.827537,642.694946,583.003784
473.837208,4.661918,627.497437,579.528381
477.739460,7.584678,624.698303,572.060547
482.211109,4.008811,619.606812,580.925659
480.722858,2.715964,622.560608,575.804321
495.469746,2.837485,607.674011,576.739990
503.735493,0.000000,601.174011,576.596702
511.710804,0.000000,593.801270,574.317302
508.443775,0.000000,599.036255,582.828298
513.691456,0.000000,594.636108,573.861995
512.196125,0.000000,594.873596,584.959196
500.940327,0.000000,606.690125,588.040999
465.581287,0.000000,642.080566,601.029502
469.687244,0.000000,636.455322,603.036266
485.145008,0.038305,622.089111,612.199158
455.435474,0.000000,651.846069,595.455358
523.981007,0.000000,579.755981,631.342303
473.483570,0.000000,629.855347,627.920877
498.058460,2.053090,609.794189,622.430664
454.668079,0.000000,652.063721,631.605031
519.510792,0.000000,580.243530,631.246333
518.239460,0.000000,587.154846,631.817411
532.359943,0.000000,566.872375,637.449233
520.780842,0.000000,579.209534,650.824500
497.469410,6.855121,605.874634,655.257568
533.411518,19.367481,566.153015,646.945496
531.030353,26.999469,562.651672,635.564331
508.008625,32.180622,581.556458,642.468628
524.380115,31.604877,557.313232,643.446289
515.602497,40.393726,561.670227,640.229675
511.414814,45.272724,563.944031,629.568848
513.848865,50.855243,560.614014,640.897217
510.790241,55.684192,562.773254,632.114807
488.641956,62.539295,579.727539,628.623352
502.331135,62.406452,563.698059,635.929321
507.193684,72.529926,557.194397,626.166992
503.685322,75.106739,557.682068,626.582214
510.914173,73.682880,547.637939,632.093262
509.888843,74.805591,549.392944,630.267761
507.614063,81.126819,551.256470,623.957825
511.087116,83.342884,549.193420,622.763245
510.324543,82.263752,550.385315,629.358765
508.015736,85.588031,554.815186,622.672363
505.515949,88.535877,562.078430,622.265930
507.189289,86.117664,551.741272,622.830383
505.427235,89.165332,556.342529,620.492615
505.098255,96.682911,556.780029,612.036804
503.658497,100.535053,557.039917,607.609863
504.922047,107.698597,552.414429,602.960022
504.721485,111.633503,547.758179,594.150024
502.842304,119.903736,550.627869,584.526062
505.960255,123.930744,539.296509,578.149292
506.828144,135.876575,537.950378,568.464417
505.876728,142.274006,533.940369,563.679321
503.297718,157.612262,532.276611,549.693237
498.812183,165.654316,537.398071,541.871826
488.355122,177.219745,545.224060,534.737061
476.029224,189.852955,553.661987,522.571228
461.580372,202.099811,570.615845,509.514282
442.607349,208.517353,585.951050,500.388184
445.019733,213.351398,583.475403,495.382690
426.973072,218.194233,600.271851,489.582275
426.248798,220.368351,599.708679,485.206696
421.917927,222.328998,605.718323,485.319092
416.513935,221.781513,610.019226,487.418945
411.838581,221.239856,614.292786,486.893127
423.510334,212.255573,603.817200,497.045532
420.963520,209.230350,607.358337,498.523468
420.602467,212.915546,608.548950,493.567627
424.422138,211.108722,606.421082,490.220581
422.277912,212.893177,610.992249,483.857239
424.231037,210.144642,610.240051,488.941956
423.349689,203.510837,614.168274,486.765228
433.494282,209.145603,606.006531,482.837250
433.018330,207.377521,608.519714,486.543091
431.557728,208.042652,610.080811,488.144714
430.961719,206.231220,612.692993,490.377197
429.694324,202.214115,614.302734,496.624054
422.980396,200.186893,621.834839,485.434113
427.128071,194.132099,619.380310,492.744873
424.566853,195.862690,622.668030,487.377441
431.728535,201.914386,613.267761,485.133911
431.552418,192.912891,614.472290,494.842224
432.699055,188.283466,614.988831,497.299316
432.642567,194.287143,616.784424,491.512665
428.295978,185.600208,622.073547,488.468079
428.071583,185.035968,622.988647,486.735718
428.468922,180.980320,622.889526,491.928558
428.523273,179.559452,624.935852,489.377716
428.289417,182.532032,627.091309,483.142273
429.837604,178.809162,627.502258,487.172729
431.518391,178.421482,628.339905,487.200287
433.970386,176.707676,626.986938,485.476532
435.374378,175.607715,625.953613,486.620789
434.276325,172.878238,626.234680,489.467194
436.669514,172.746006,621.557190,489.071259
438.126301,172.270771,619.800842,492.725342
437.284504,170.211063,622.964661,495.114777
436.252491,171.346561,624.885620,492.507111
431.814045,167.828586,628.629456,496.682465
439.496479,165.975620,619.032898,501.972137
444.611927,166.035587,615.378662,498.897614
447.007832,169.774738,614.811707,503.497192
449.939899,169.978626,612.722961,491.528870
452.176777,168.929996,610.646667,497.880524
452.647877,175.866153,611.555542,499.649811
455.288532,177.093052,609.151428,503.610077
457.369526,177.670124,610.181824,504.810669
458.744068,177.489200,611.368042,504.412018
458.760090,183.571354,612.583801,502.387360
458.902821,184.355655,612.324951,499.868317
458.852589,187.101322,613.969849,504.676300
456.465870,191.512973,619.764038,502.146698
456.376850,191.700580,621.257263,500.388672
457.416798,196.382328,621.481812,497.259308
458.154591,196.623233,622.160767,495.386871
462.985645,197.968403,615.948120,498.015137
465.821064,197.642704,612.638123,500.186310
466.977558,202.931659,612.146667,499.567627
466.294605,205.863086,611.928345,496.512146
468.297962,203.402439,608.491455,500.554291
466.999195,203.176380,611.071655,501.942932
466.612720,206.971943,611.543579,490.759033
464.696125,210.551349,613.951721,485.812866
464.281025,211.499912,616.406677,481.806122
466.999012,211.006809,614.427002,482.626312
467.666737,211.462513,611.785156,476.334534
469.111561,212.970218,616.022949,467.934845
471.966968,213.711628,613.086060,465.268921
472.130054,211.708500,618.006714,464.475372
473.686603,213.430622,618.073547,467.061401
475.720570,213.672474,617.835938,463.595520
476.511127,213.801807,620.648621,459.921082
478.743793,214.522556,621.411560,456.752289
480.399250,215.345157,623.776428,456.885162
484.701496,211.778492,619.223694,467.541199
485.644459,212.725483,617.489136,466.402344
490.305439,213.919605,614.877380,464.154480
491.335438,214.561817,614.801025,462.809998
494.072315,211.098377,614.664673,464.493225
497.502125,197.434757,614.130249,477.424713
495.182362,188.367359,611.479492,484.525330
494.871143,192.564579,614.106812,480.102814
497.117695,200.677646,615.313416,476.133514
502.007709,196.915714,612.682312,476.706940
501.418934,197.588398,614.052002,475.764404
501.370624,198.431171,613.975037,479.356934
508.919178,198.440799,611.634033,479.122101
514.761890,202.193058,608.590454,478.317291
516.621815,202.274372,611.449707,481.687866
523.139332,202.323856,609.135864,478.695831
524.760090,199.231434,611.712463,482.145569
527.787342,198.676441,611.993896,480.205994
531.184559,197.077488,610.194580,482.217377
529.158649,193.416538,612.382874,485.864471
528.160511,190.457782,614.563721,488.620605
532.363422,195.090702,612.113708,478.218048
531.125263,192.485294,614.589539,478.906158
533.762165,189.844501,612.575012,481.737549
538.156208,190.360721,610.066956,478.517853
539.273853,186.897800,612.130737,486.049896
538.141102,184.786091,615.585693,484.418823
539.882130,186.973255,612.785522,484.881897
539.910206,184.083469,614.575562,488.686127
539.938679,181.924808,610.315979,507.169220
534.230518,180.233844,609.739380,500.157349
531.372791,180.876331,616.243896,502.911194
531.757954,174.127536,616.035583,506.689545
526.107014,186.519657,619.314026,495.471466
528.630054,180.795643,620.063354,500.164856
527.284534,183.600299,622.179443,491.627563
531.378406,185.648044,621.498291,483.749359
535.104694,178.028476,620.195374,489.565155
536.332233,180.037067,618.084534,481.988892
534.854725,180.842334,621.270996,489.001648
539.498554,180.413120,618.821472,483.035126
544.570789,174.739048,612.518799,486.843231
543.886677,174.707630,611.145325,487.440979
538.121174,176.824604,618.883362,480.491211
533.533771,175.980350,616.906555,481.276886
532.556385,176.615299,620.880615,484.260651
538.317585,176.360202,613.098938,488.466644
537.703205,175.334400,615.537415,490.993835
538.451466,175.579761,615.317505,492.104187
543.883259,175.010822,611.048401,495.687622
547.881214,176.106464,610.301758,494.535645
545.862263,173.757328,611.090881,493.477325
546.357868,171.478626,611.378479,499.169983
544.326893,174.499988,608.995850,487.548157
525.825153,171.843586,606.938293,491.128540
520.484882,167.452533,608.879089,505.809326
522.989338,172.203571,608.034241,495.406616
518.442036,177.599125,610.434265,494.084991
519.672779,173.166858,608.138062,494.969788
517.223865,179.390934,610.054688,487.978668
517.622303,181.611622,607.142334,486.891541
516.213551,177.503864,608.562622,490.113159
515.523243,184.011921,607.861450,477.920776
513.297443,182.636737,609.009583,474.491943
510.100056,177.743076,611.028870,477.531219
514.305805,183.339847,607.971863,470.911163
510.599781,179.053775,613.719360,470.836090
511.624805,184.221927,613.295288,461.341583
509.862873,184.129184,616.152405,467.605927
508.963245,185.042514,614.888672,466.565155
503.863422,183.026630,619.727234,472.337646
505.817707,187.758670,614.657776,466.162628
501.985004,185.693042,607.481873,472.713074
481.813007,191.192035,607.517273,466.265869
454.664020,192.990009,600.572083,473.215820
424.160969,189.515400,601.620667,469.681641
410.973011,191.873218,605.197266,473.741638
408.853840,188.679340,606.572571,481.736572
412.044239,189.646747,605.475464,476.854980
421.688038,189.805988,603.630981,483.748169
426.020527,189.689609,604.097595,481.557587
421.110828,192.733005,607.963623,479.838226
425.070362,200.559208,603.978394,484.664093
421.325703,233.288791,601.761658,480.125336
380.292561,280.029133,594.398743,434.239136
283.585682,314.408161,592.628174,404.944946
189.019733,339.129947,595.883850,380.870053
136.746479,359.444612,601.301697,360.555388
103.834095,379.430100,607.567139,340.569900
86.800922,390.787819,609.426208,329.212181
91.146717,390.084416,611.970459,329.915584
109.386585,390.307070,620.000732,329.692930
177.157062,391.135408,616.369202,328.864592
244.900471,373.681473,618.407043,346.318527
295.166279,357.561180,629.801208,362.438820
347.019428,362.542935,627.275330,357.457065
437.376270,360.075895,612.145386,359.924105
572.700581,359.316115,598.479675,358.867981
691.559620,387.567199,579.787964,332.432801
822.590382,442.988922,457.409618,277.011078
920.350214,474.164802,359.649786,245.835198
970.512799,487.798183,309.487201,232.201817
995.638129,502.245344,284.361871,217.754656
1004.673846,499.392028,275.326154,220.607972
994.661127,509.635070,285.338873,210.364930
948.874448,520.088196,331.125552,199.911804
908.795851,524.290352,370.512848,195.709648
874.127654,524.974262,405.872346,195.025738
858.938949,520.772112,421.061051,199.227888
853.421226,516.883851,426.578774,203.116149
851.086895,493.422646,428.913105,226.577354
849.498785,465.601750,430.501215,254.398250
847.640918,431.970202,432.359082,288.029798
847.146249,411.362939,432.853751,308.637061
848.928914,397.804959,430.497772,322.195041
850.273686,392.823744,429.726314,326.106812
850.682009,388.521498,429.317991,329.710693
852.081895,390.329588,427.918105,328.466705
835.778771,377.311995,444.221229,342.487732
811.078198,327.341933,468.921802,392.377686
785.273108,279.564589,494.726892,432.642334
761.447284,242.502013,518.552716,455.136139
732.070444,214.464690,547.929556,464.315521
696.759953,198.263792,582.103027,472.378693
647.012761,190.127959,601.209473,503.557831
599.499730,194.418700,604.195496,509.190704
550.727177,193.839628,618.746948,501.789764
517.775487,199.330656,619.159119,488.770844
497.048131,200.719221,611.060852,483.265442
474.358220,195.475798,608.974854,479.186615
457.624028,189.069853,604.240356,477.087372
433.577428,186.596937,606.096252,479.339111
417.018010,182.613570,606.135010,476.935486
407.759251,176.353346,601.277527,478.665894
402.122838,172.300215,605.648987,478.334656
401.209782,175.466719,609.998779,474.839539
406.953526,173.408812,606.666565,474.667755
410.400822,169.944472,608.260254,473.459961
408.124120,170.597334,612.480408,470.167664
410.119969,166.445250,619.539490,474.139557
408.178075,160.827009,626.335876,483.996399
414.236272,163.916258,624.747559,471.214386
416.454045,160.206480,627.430908,475.926910
415.042454,166.111082,630.967468,468.649689
418.505742,165.429854,633.502808,465.106628
426.332738,162.240645,628.324890,467.165466
427.302708,163.829100,630.076843,471.780304
429.101537,162.148955,628.389832,459.360321
435.742680,161.889494,625.369751,454.744476
432.257329,155.032652,629.584839,458.616852
437.967656,154.016707,626.807007,456.894104
440.237523,153.492018,625.442566,451.033325
437.643101,150.869719,630.294983,450.495209
442.266698,152.454497,628.118835,447.888153
442.467198,147.751158,628.452454,449.953522
444.988499,150.473082,630.180115,445.354645
445.407964,146.874449,630.869019,451.169342
445.246953,143.037520,632.741089,455.843689
445.916142,142.275328,632.917847,455.556549
449.261052,141.528593,630.815430,456.633026
451.053532,138.083769,629.350342,461.092743
447.877232,134.461561,632.426331,462.797119
444.164372,126.233076,637.210449,472.698425
446.050969,120.500990,636.666992,477.456543
444.523473,122.200529,639.336243,470.925140
440.829716,120.123472,643.161255,469.056549
444.850316,114.115065,638.384949,466.539917
448.947514,119.108824,633.768433,456.873199
450.426152,116.559843,634.402222,452.933563
442.127263,114.950362,641.442383,452.185242
456.734502,114.094252,627.804077,448.489014
446.926854,111.850111,633.738953,454.031006
454.203862,111.907530,628.776733,451.139801
449.446202,108.798704,631.866516,451.733917
459.483250,102.557921,621.949402,458.013092
455.961674,102.816420,624.676636,456.868652
452.029454,100.851195,630.105530,458.830597
453.765385,99.833098,627.021118,458.335297
451.164983,98.013777,628.850098,458.844788
450.995274,97.108824,629.901672,457.423737
456.260747,95.577711,624.306763,454.071167
458.548100,91.338423,622.476929,458.067322
461.697362,93.083708,618.568054,456.282318
462.617894,91.456740,617.963074,461.710815
462.546880,92.547926,616.361938,457.330933
463.296086,90.036299,616.496582,457.299988
461.897160,90.291167,619.343750,460.129364
462.866460,91.335692,617.228638,450.983673
465.895818,89.938658,616.660889,444.002106
461.697942,91.055556,620.210693,440.506104
465.942235,86.819746,617.868103,444.717957
466.941106,88.102263,617.392090,442.455902
465.274174,89.942366,618.393677,443.188782
470.235295,84.997343,616.491699,449.337128
471.342809,86.883024,614.366272,445.998627
471.637517,86.048033,614.057861,445.504059
470.985387,86.315947,615.390442,447.189667
467.943425,84.333220,619.902344,452.185150
470.609593,82.673445,618.903503,449.407043
467.567235,81.271849,622.420593,449.937775
464.342290,76.277739,625.145630,455.306122
466.183720,75.985060,624.276245,452.688354
467.321355,72.801558,623.455322,453.936707
471.466222,72.624586,618.760559,450.932983
474.966283,71.674269,615.965759,453.045288
475.945836,72.330153,615.093323,453.510620
477.943944,70.244841,614.960144,455.451019
482.889287,70.830900,610.884644,454.343842
467.140355,69.122008,627.485046,455.918854
471.652623,69.914839,624.686829,455.785339
477.371831,68.249098,619.774780,459.073120
476.626897,63.928099,619.294434,465.458038
478.333501,64.622832,616.995972,462.722870
480.562016,64.245436,614.082153,465.217163
479.099644,61.753981,616.749817,470.807251
481.644841,63.629469,616.309570,461.098022
484.875890,62.991377,616.240051,456.600769
488.288213,63.590712,616.147339,452.137451
490.585576,60.543745,613.424194,458.653748
490.997441,59.437437,612.228149,460.058258
491.908208,60.591032,612.739380,459.921478
492.637059,59.162916,612.707947,462.710571
492.329716,58.445479,615.163452,464.430847
493.282933,58.274092,614.946228,464.424744
493.017796,58.919112,615.690369,468.465759
492.115086,59.071730,615.633484,474.170532
494.437077,57.624312,613.583252,477.860779
498.327580,58.087645,610.922363,478.397736
498.982152,56.853438,610.691833,479.676453
500.081639,53.850661,610.564636,480.169067
497.459203,52.716780,613.997498,480.025940
495.835484,54.790770,617.805237,476.135773
496.482274,54.555830,617.315125,475.385925
497.000432,55.420576,617.568604,475.296326
500.420354,55.155821,616.089844,478.145172
500.731206,56.562178,615.908569,477.759216
503.281346,56.760008,614.775818,475.295441
504.666478,58.316313,613.177917,475.250458
505.400243,59.008818,613.707214,475.742889
505.411015,59.500380,614.186157,479.769531
506.681462,61.118529,613.270264,475.810822
507.067509,61.491621,613.157104,474.892517
507.199651,61.917525,613.397461,480.589783
513.397496,61.417708,608.228088,482.241272
514.635411,61.864302,606.478577,478.329773
509.693517,62.805968,611.567444,478.504303
516.889897,61.729979,604.544800,479.039093
514.159093,63.984663,608.162903,470.771423
504.881535,63.592406,617.193604,467.728302
509.417821,66.566771,612.191345,461.324005
520.131688,69.692259,603.864441,458.715118
504.370732,71.386168,616.823608,456.891754
512.368871,72.028227,608.687927,448.815887
505.032872,72.495283,613.825256,440.549988
497.356816,72.748152,621.438843,439.581360
502.785924,71.707075,615.134094,442.349548
496.446111,71.199293,619.120850,443.261841
507.056187,70.958296,608.664124,445.145447
495.420293,70.349364,617.494751,448.239288
510.526707,68.194807,601.033142,458.456848
499.746159,64.350249,608.621094,462.584442
500.979222,63.624022,605.193542,460.623077
498.758580,60.544569,603.308655,463.748535
512.523442,58.684584,585.858276,463.463623
493.643773,57.087935,601.706726,463.496033
495.276921,54.645201,597.867920,465.180084
497.595738,52.013975,592.830872,465.012848
487.404729,52.052824,600.867676,462.119965
525.191319,48.333006,560.991272,469.685577
506.466862,42.535750,575.942871,468.290100
484.747044,43.554381,595.940857,471.952301
490.901860,40.222182,584.671265,485.456055
532.337895,37.407728,540.862671,493.093262
513.630742,38.613493,557.682983,483.500580
485.414555,35.234053,581.102173,493.542908
539.549077,34.828306,524.529419,501.773590
508.174809,36.725432,552.137573,503.028412
501.124089,31.922423,554.168945,506.877594
501.808324,31.739561,546.781677,511.409576
482.167790,30.624922,564.073486,513.143005
499.187505,31.159514,541.615845,509.509369
466.569371,34.222380,572.329895,505.790619
511.346867,35.480742,524.045410,502.651581
461.709416,38.511153,568.191406,500.546082
494.144444,32.646696,536.138977,511.123383
462.106602,32.322829,562.408264,515.493042
499.107671,29.349592,524.171265,513.315247
456.917454,31.974501,565.114929,516.413330
500.973241,38.762144,514.916199,506.571442
469.632817,34.600233,545.641235,510.614990
480.749974,33.442457,531.521912,516.156372
466.770055,33.980681,545.082092,508.212738
455.686803,32.645521,555.020813,512.254639
481.345097,30.721785,527.088501,515.050110
450.557652,31.067854,558.908508,519.525452
475.630528,34.078474,531.544250,513.062317
449.960759,38.608855,560.776611,508.743256
473.914037,36.864210,533.189392,513.816528
450.628789,38.341521,557.839233,510.546722
465.731480,38.721388,540.607483,509.487427
447.105412,43.403883,561.938965,516.306274
457.211552,40.438994,552.240601,510.758514
448.018712,41.667372,562.733459,522.866943
442.257390,43.687605,567.804443,511.832092
438.633794,46.733092,576.403442,510.299469
432.640569,49.342482,583.177979,512.921265
434.068730,53.078642,585.577271,511.649384
434.171941,56.910216,589.611084,511.114655
431.309575,56.809187,593.673706,516.367737
429.031438,61.327025,597.648438,508.807648
426.574590,64.317610,601.512085,509.813782
425.810582,63.799773,604.280334,509.099213
426.211095,66.250151,606.449280,504.825897
434.155888,71.590788,599.319214,501.839447
435.146275,75.676466,602.310608,500.488403
436.839787,77.566420,603.640381,503.635254
439.877324,78.869429,602.411011,499.721619
439.994054,81.787153,605.960266,498.094666
446.871281,90.462446,600.878906,491.461853
448.437779,93.887053,604.467590,491.151947
455.200902,96.698286,599.434753,487.519226
455.864842,98.084669,603.223816,488.174927
458.379674,102.302428,604.579407,493.814362
460.209660,107.906172,603.316162,498.018738
463.061497,116.229079,604.059021,492.922485
462.925969,124.544554,607.656006,496.256134
468.799870,123.473555,604.881348,506.493347
477.256200,144.164320,603.738220,497.252441
482.642644,154.137312,604.037598,493.834778
500.348332,157.427504,595.870117,487.096680
505.671635,162.798888,598.799683,491.669586
516.955266,168.238005,598.421143,490.224213
520.466649,171.661879,607.621033,490.918457
546.483678,176.025572,598.029846,488.778473
551.091649,177.426085,609.749207,490.829987
558.217534,178.378126,610.487671,489.899048
560.244511,180.393217,614.146851,483.255341
560.591985,180.734022,615.537354,485.524170
564.064549,178.667052,614.790466,488.497711
568.222661,175.362105,613.317017,490.321960
574.073247,174.906935,606.698853,493.638794
575.535985,179.597166,607.320984,492.097443
578.278691,182.969298,604.399292,490.883209
576.748753,179.813948,606.845886,495.953674
576.296513,175.744673,607.497192,497.125671
577.612950,174.488737,604.945129,502.270844
577.380925,177.431761,603.350342,498.569122
580.684483,183.104979,600.273987,494.958527
577.749425,182.151335,603.700012,497.379730
582.314397,180.760695,596.977295,494.372681
581.025517,183.144453,599.433472,496.267517
575.155125,183.586333,603.785339,491.671600
564.609166,183.072752,613.009827,488.751740
551.884129,179.572233,626.315369,486.262543
559.692998,179.405379,617.340698,484.276917
552.573064,179.413664,622.092041,479.975922
542.323125,177.767470,631.556030,473.404297
542.942998,181.263884,631.191528,467.785004
540.756413,177.770460,629.994385,465.451538
541.022862,178.597731,624.920471,463.754028
537.131261,178.689986,622.951721,461.541443
531.914983,174.371550,619.229004,463.410980
526.094426,168.549834,619.106445,471.250702
519.702763,165.459242,621.660278,475.528320
511.333684,162.075209,626.540771,482.058838
506.354832,159.473524,626.598816,478.736328
502.358403,152.242827,627.526489,492.065643
502.358495,154.106840,625.830750,492.121552
500.764500,152.055525,624.091492,496.834290
499.393346,152.108916,622.416077,495.756073
501.582463,149.678908,615.770996,497.355835
500.983037,149.878462,612.606812,495.320496
491.213994,149.849959,618.597290,487.082825
484.459935,150.758421,624.404480,488.484894
483.995976,148.022780,619.947876,488.930542
482.996434,148.419661,620.660095,485.661438
482.993169,159.328703,617.542114,477.852386
481.584416,155.216521,614.388916,480.194427
482.546422,155.754469,610.146301,487.575317
476.784734,152.976027,613.677490,479.210815
475.844731,155.437956,613.557739,480.800629
472.442693,157.100371,614.032471,481.751190
469.688420,156.065810,614.471924,478.164307
468.153508,153.803374,611.434570,486.161346
459.838719,155.839964,614.766296,486.253204
462.256413,156.471953,607.712402,483.260468
459.344456,157.853361,606.695251,487.124115
449.719517,153.770262,613.492493,492.615997
447.369969,149.826491,613.013367,499.689819
445.423497,148.101774,610.563782,502.719330
439.325932,151.935423,614.582642,500.072540
439.707433,154.839628,611.217102,502.156952
435.166508,153.061568,616.753784,510.088562
431.260197,151.465498,618.836182,502.855164
427.113835,152.417433,620.609131,498.014282
430.929600,155.655409,615.836243,498.885498
425.281285,155.593382,620.322327,498.022980
426.201909,148.812376,618.262085,501.175812
422.653691,149.666731,622.250122,493.923889
415.086888,148.216902,630.511169,489.914124
424.920903,151.317305,617.862427,483.836121
422.786168,149.679060,620.441956,482.464905
426.335912,148.516737,614.724792,481.556396
431.879033,142.423781,607.785278,483.792603
428.423558,138.447188,608.839783,491.543640
429.753667,145.318236,607.453735,477.113800
431.064336,139.441237,606.022095,480.575073
430.867253,135.738249,603.979248,485.590424
433.279088,136.543425,599.168274,484.250336
429.827977,133.490034,601.379822,489.216736
425.861913,134.440474,603.089783,489.355164
419.103337,130.342375,608.258301,492.978607
416.171391,133.722227,609.811890,492.633453
414.228886,132.704512,608.652222,493.425476
412.724858,133.904372,609.547485,484.113403
412.071751,133.275740,608.056824,492.002014
407.290623,132.956145,610.656677,485.293304
406.680424,129.213118,608.939819,494.159729
410.461858,129.358076,602.935303,488.752136
409.874303,125.409849,603.919983,492.505035
405.429600,127.505629,607.541809,487.505859
405.239812,126.506010,604.375977,489.415497
403.928685,122.656889,604.358337,491.344940
397.567113,116.963301,609.723572,492.927429
399.085362,125.192610,608.378479,484.128723
400.003209,119.733031,606.108215,487.362335
397.977940,112.571455,607.774475,494.285828
402.422704,117.931196,601.505310,487.441101
405.876134,117.745726,597.986145,485.727325
404.128300,106.768065,600.205444,492.240509
406.228673,107.302580,598.932922,489.369232
404.220280,108.437392,599.743164,491.273438
402.074040,105.803496,602.571045,490.814423
400.570622,104.385206,604.160156,487.682495
402.467656,116.009505,599.122681,473.992981
402.016576,109.918532,598.130066,479.041382
403.408788,109.544096,594.966980,476.786346
403.555089,104.141890,593.890686,478.999451
403.041142,109.762541,593.120483,471.971283
403.497807,106.134917,589.173462,476.719208
403.127629,112.920195,590.498535,475.418427
405.521092,104.731367,585.535339,482.236267
403.875218,103.569365,585.393494,489.647675
410.008641,107.915694,578.352234,484.885925
407.447423,109.663603,579.546936,479.197235
404.038274,106.708769,584.461426,484.045624
403.785741,103.461989,583.003845,483.896606
405.509007,102.461043,580.067078,483.281311
404.986760,102.806944,579.022949,485.699127
406.321233,102.746672,578.454346,483.124115
404.308018,104.700041,580.189026,487.116058
404.458012,100.679472,580.062622,488.172821
401.229039,105.495955,581.260071,492.438293
401.920048,108.844877,579.935669,486.461151
397.342076,112.467100,584.207581,483.010651
407.880589,113.168700,573.163513,485.594025
405.937108,110.275496,573.111023,492.054260
404.384496,108.072951,571.031921,497.885620
406.706364,107.879759,568.114258,496.321808
406.234502,105.746626,566.667847,501.541199
407.897862,109.218474,562.010559,498.876556
409.724034,107.021239,558.482727,495.118439
411.823766,104.626097,556.065002,505.576691
408.833562,109.173002,555.519287,504.092255
407.814305,107.218123,554.899841,495.111633
401.899693,114.038313,559.682678,498.201477
404.454167,113.153120,558.851318,490.588562
400.698827,114.100828,561.939392,500.517609
394.710912,115.915846,569.485779,494.807495
385.765630,113.529204,575.677856,499.253632
397.993199,111.224592,562.234192,491.347961
402.016759,106.878172,559.102600,493.988068
400.571111,109.238875,563.244629,496.792786
408.797429,107.942641,558.076660,496.377686
418.103520,108.458800,553.049438,506.998932
422.054448,103.833250,553.731323,495.405060
435.480473,102.767027,551.976440,510.460846
441.204503,100.079268,552.611877,501.757507
454.377141,101.606657,555.092529,489.552582
469.160496,98.917692,553.079529,480.662445
477.456700,98.856505,557.678040,489.265289
488.387913,97.512739,557.063171,478.209900
491.146458,96.909773,560.261414,482.603333
490.103703,96.325743,560.311279,479.629791
491.569402,92.583327,557.899170,479.390991
490.129308,91.677046,563.365051,477.242615
492.136082,88.965468,561.047058,477.060303
491.469243,88.138045,564.088989,469.111389
492.861150,93.098463,564.925537,462.095337
493.309636,91.726362,565.522217,459.832947
491.066869,87.592146,565.985535,458.720032
491.526433,87.118544,563.670898,459.490234
487.787328,87.468397,565.776550,459.669189
491.953984,89.080397,557.853149,456.725708
490.675389,89.484389,556.812439,453.903564
497.127751,90.272688,551.437500,454.872375
496.047673,83.748854,553.071533,459.158569
493.672215,81.234724,552.126404,457.253235
496.828831,76.981154,548.922058,456.558228
492.952794,75.300337,556.880188,455.456238
493.497685,74.708754,555.489868,458.944580
499.820134,73.194990,550.535156,452.174988
507.061772,70.405455,546.730103,457.367828
519.032445,74.001936,542.264587,458.453186
525.136327,73.024977,539.672302,456.951782
531.022099,77.322844,537.293091,453.614105
532.102849,74.672606,538.671875,458.999542
537.210057,73.371840,537.192810,451.710205
536.564305,79.467482,540.455261,456.244751
545.232793,73.238371,531.915649,462.773041
544.457707,78.403166,534.288574,452.275970
545.818272,74.345564,535.153137,458.553772
543.626042,71.584807,540.607178,459.679535
545.712254,67.624434,540.546326,462.990173
542.027989,72.433501,547.409973,461.055145
543.084965,72.371870,546.990356,460.930115
544.329137,66.111174,547.492249,469.608734
546.847356,61.879820,545.134766,468.653473
546.259343,65.211211,550.074219,465.612518
548.008580,61.203230,551.428772,461.952942
549.753300,60.644926,553.356079,470.253632
551.246831,60.118788,557.339478,464.456787
557.771580,59.109053,557.345642,473.685974
556.010808,59.504011,569.372559,468.404846
564.226506,57.391020,567.954834,464.997040
567.334752,57.533766,573.520813,472.607788
574.654271,58.019972,576.221130,470.216187
578.043584,60.204390,585.203735,467.091248
586.879460,55.917265,584.776123,469.723358
590.965153,54.037977,583.342529,475.845947
589.600865,54.498610,587.888733,471.190308
593.354802,53.942717,589.234375,472.809906
598.913853,50.186323,587.590393,474.090515
605.348912,43.946425,582.823792,476.530762
603.057622,45.752867,584.843872,475.630768
596.707402,43.354857,593.303589,484.981232
594.782780,45.071486,592.801758,481.453979
593.660527,42.680250,594.299927,487.613647
593.130833,42.060683,592.369812,486.004150
596.448582,41.521269,587.533630,492.520233
591.487279,42.071944,593.084167,498.705261
590.650578,42.604094,593.060059,491.726654
588.983861,44.764998,593.439636,487.189514
588.032262,49.507719,595.302307,479.218475
588.853429,48.805205,597.673401,478.171112
588.708104,50.807646,600.081482,477.254364
587.890721,50.094023,602.705750,482.853241
588.727757,50.221709,605.839294,489.712616
586.306432,49.757338,616.199768,495.513672
588.735112,44.070265,617.931030,498.504272
588.494298,38.014372,625.549377,505.426361
593.686467,31.038740,621.290039,523.257019
593.497929,37.653731,622.140503,520.743591
591.869756,38.518172,627.097046,542.999573
589.757848,34.109144,638.045959,545.696289
590.547826,32.160628,642.116882,545.675598
587.060490,28.919630,650.166504,574.904907
588.104710,25.166121,661.062439,564.338440
580.582341,23.604903,671.374756,561.078796
576.707402,18.772047,677.151245,566.187134
565.384404,19.806471,689.593140,566.594604
570.497594,19.755232,688.330139,570.482483
569.029271,18.533949,691.219421,574.707764
565.946172,14.846174,695.179077,573.636536
565.073033,9.981398,703.022522,577.073120
564.031499,9.005568,708.843872,581.848999
562.216161,5.145003,711.028503,585.274963
557.500035,4.735121,715.229309,581.062988
552.111851,4.790999,720.726379,584.729797
553.637700,2.426375,720.069946,577.719543
555.356602,0.000000,724.643398,574.277663
553.282030,0.000000,725.235413,580.208442
554.636553,0.682743,724.604736,580.895691
552.853838,1.584873,727.146162,588.191040
554.315652,0.000000,725.684348,589.395450
546.590504,0.000000,733.409496,598.893282
547.632807,0.000000,730.204773,608.534287
544.422846,0.000000,735.217468,601.609063
539.483820,0.000000,736.927063,596.506771
536.511622,0.000000,742.056763,596.191130
532.098200,1.181930,747.901800,603.874146
529.004361,0.000000,750.995639,595.141067
525.315230,0.000000,754.426636,598.116371
522.939375,0.000000,754.297241,604.722858
517.359633,0.000000,760.498474,602.699747
515.990126,0.000000,761.350769,600.368581
513.830916,0.000000,760.266846,589.424159
510.816664,0.000000,768.771423,596.009412
509.512343,0.000000,770.487657,586.960669
505.587043,0.000000,774.412957,574.778552
503.832859,0.000000,772.849060,562.368982
495.962070,0.000000,780.319397,556.048627
491.834720,0.000000,787.459351,566.814413
482.597507,0.000000,794.491394,560.192821
483.675937,0.000000,793.891174,578.489568
465.039432,0.000000,811.229858,575.213809
460.809330,0.000000,817.635376,584.675081
453.748233,0.000000,819.962646,586.690263
452.847904,0.169472,825.578247,576.664062
450.669895,0.000000,824.617859,567.418099
449.485721,0.000000,829.118774,570.366123
449.199649,0.000000,823.512207,570.321795
442.568454,0.000000,836.010437,585.925210
451.089573,0.000000,828.403748,615.528035
453.968235,0.000000,820.031921,657.069681
448.759525,11.997609,826.110229,663.527588
449.992527,27.440755,825.832214,680.426697
452.126957,42.565236,827.873043,659.523193
457.560518,50.286824,822.439482,651.309998
463.603074,50.971639,814.817505,653.238953
470.178086,48.150167,809.534424,656.641907
478.374375,66.938314,801.625625,642.613464
485.144463,104.030690,794.855537,603.288818
491.143673,165.392018,786.754333,547.483887
497.643399,199.668599,778.789307,518.035706
506.516506,224.301625,767.789673,489.165161
516.407589,233.270528,762.713318,479.501770
514.477749,234.141393,761.594238,479.290802
503.730953,237.268148,776.150818,477.170593
512.367489,242.168370,767.200745,475.441437
514.233334,247.493825,765.766666,464.163574
520.318358,251.341451,757.082703,464.226624
528.873777,249.271032,748.819763,467.333038
535.026274,247.707189,744.973726,471.213898
542.254104,243.311345,736.601074,476.513397
545.460464,215.639897,734.539536,501.844086
540.807869,177.326009,735.171387,542.673991
547.375068,155.017863,730.281128,560.381836
556.933784,150.922556,722.725464,565.572205
555.824989,158.302287,721.248962,556.411133
567.152961,175.414591,712.847039,538.211182
571.628116,179.627390,708.252441,535.430847
578.892093,175.847209,701.107907,541.144531
581.853243,177.161479,698.146757,539.281616
587.870225,177.259806,692.129775,538.492920
589.950371,177.009471,688.285156,537.382019
585.214318,177.639292,694.270691,540.747864
584.875481,176.472514,695.124519,540.411255
583.839871,178.547862,694.192078,537.467102
583.242947,180.273417,696.757053,534.878784
576.486281,186.511241,703.513719,527.796692
573.133399,189.074778,704.606445,527.777283
571.915687,190.587992,708.084313,525.590698
570.950824,190.224833,709.049176,522.026978
567.141336,190.885935,712.858664,526.812927
557.537831,189.082102,722.462169,525.541199
555.424921,188.748454,722.386963,523.324219
550.185908,184.489207,724.733643,534.199402
542.100336,183.938212,733.149414,531.519653
535.086604,184.330180,743.645630,529.148071
530.781489,182.786570,749.218511,532.133972
525.712827,181.468791,751.345093,535.853027
521.550412,180.623210,758.277100,538.597656
513.948392,178.937632,756.486023,535.458557
501.583188,174.299265,772.739624,542.326599
487.042020,161.835703,778.821960,552.435608
479.455869,154.820567,789.631226,561.074524
475.691892,151.271098,791.145020,565.148315
475.913541,151.257731,789.636536,565.383789
475.494626,152.245707,789.526123,564.311890
474.811948,147.531809,789.459595,567.979675
470.710111,150.037852,792.142517,564.930237
470.590482,149.793559,792.737000,565.299194
467.754697,151.263804,796.404175,563.719299
465.496305,151.265574,798.882629,564.329773
462.368985,152.065226,803.889465,564.772705
463.227140,151.847544,806.550598,564.897522
458.139310,151.972972,812.423035,558.599304
457.309751,155.915904,812.907104,558.878235
454.562986,155.877757,816.412109,556.355652
448.921354,158.073039,820.930725,559.406982
448.217923,161.705638,826.743835,555.672546
449.388272,163.082682,822.493713,555.428955
447.493497,163.391490,826.867493,555.240051
447.148191,164.618510,822.765625,552.284302
450.589292,164.831248,828.731323,554.518494
450.265134,168.111155,825.709961,543.481628
453.418699,169.061503,826.581301,548.322144
448.457244,169.078562,825.470276,543.102966
445.273772,167.964549,832.127258,549.722107
445.655333,165.964823,826.814819,545.425171
434.160613,163.867350,843.774231,554.114746
430.232390,170.214884,841.903625,541.690674
434.570189,170.688181,845.429811,549.311819
440.756316,169.372472,836.970154,548.194214
445.023956,172.719976,828.509094,540.128113
452.328216,168.993322,820.503113,549.949341
447.650604,174.581792,826.421570,540.993103
445.037963,174.569036,826.566528,537.229553
442.667236,173.375188,827.157104,542.945374
440.900482,167.003087,828.032898,543.655884
440.104369,163.870000,829.679077,549.073669
436.989745,159.401983,833.410767,556.746033
437.516113,155.320409,830.629028,560.801270
437.442382,149.153173,829.447876,565.655273
426.955901,144.819707,839.273376,566.625427
432.697509,142.373174,833.912476,567.523621
437.640746,136.480596,829.687134,578.020935
441.503448,130.919439,823.532288,582.972595
448.808715,126.080266,818.305542,585.852600
452.323791,121.902654,816.202148,586.174377
456.507629,118.645330,809.602051,594.890442
460.841186,113.639928,807.290161,602.081665
464.811218,105.332921,810.806396,606.168335
471.387298,101.895971,802.028503,608.747070
473.846984,93.307225,801.247070,615.670654
476.044982,88.661870,797.427979,622.518738
476.886108,82.008153,797.362427,629.942627
476.734222,76.120244,800.471130,634.493591
483.526672,71.622564,790.691406,638.296814
489.366729,65.282476,785.457092,647.443542
494.063781,60.468541,782.340088,655.242554
497.486022,57.839574,776.564453,655.381592
499.648223,54.698736,773.064514,659.958679
503.774597,55.396825,769.012695,659.169678
505.009673,53.685064,767.721741,658.889587
509.000396,52.314916,762.743225,658.052490
511.584686,49.455846,757.772888,664.462524
510.155761,44.093419,758.681274,666.441772
513.914672,42.209569,753.625610,670.108643
509.654784,37.191259,756.908813,674.691406
510.015045,32.517278,752.547668,677.460022
507.973510,31.852605,749.390259,676.092834
503.213287,30.937566,744.985657,683.905579
501.352905,27.930150,750.856567,680.482666
497.258331,24.783696,747.194153,688.557312
499.394500,16.366460,744.949646,687.710632
498.516753,23.851873,738.044739,681.213684
493.823943,24.004277,744.928406,683.552429
493.437957,19.326299,735.939148,688.613220
484.215514,24.302953,745.588379,683.385742
486.460845,27.823766,739.350891,680.105347
485.923187,31.105993,737.209900,678.047729
488.262237,39.413396,732.990295,672.182678
490.868530,45.378759,727.745972,666.820068
486.781127,55.809179,727.184204,649.596436
484.279937,63.299047,723.193665,645.024170
479.896728,69.953435,725.313599,641.799377
474.359832,68.763402,722.424500,638.062744
468.597930,66.391301,724.180481,640.543030
464.248443,64.247136,724.444153,640.229553
459.580749,66.669072,726.052246,647.810974
455.778625,59.417608,721.743652,651.764832
453.431121,60.638768,720.967957,645.629639
453.328338,64.898870,717.751648,649.583069
452.759673,63.490911,717.522522,647.734680
456.583862,63.840123,713.515503,643.056763
459.198638,56.657903,714.585510,656.097961
469.043639,58.221471,715.114258,649.660278
475.300353,59.912816,709.842773,649.703857
482.352233,59.244146,704.434082,649.142273
488.818145,56.187902,699.406555,646.653687
492.108154,54.999944,697.942993,653.362610
498.946624,47.063665,691.937195,657.020569
509.150726,44.530980,685.178406,665.341309
512.061065,42.422429,682.218567,662.656311
518.427001,38.085302,678.869019,667.197510
522.174529,32.469793,675.455505,679.645569
523.594787,33.093572,673.645264,673.500305
522.124542,30.858403,673.934875,681.735046
527.382232,34.202215,669.460999,671.185120
533.211242,27.207982,663.651611,681.662598
534.100646,22.657537,663.297363,685.989319
538.666198,28.939031,658.559570,680.936584
535.867065,32.605535,662.042603,677.162170
540.434020,30.086400,658.200928,681.859619
546.035003,27.942418,651.740417,683.757202
548.460265,27.411687,650.315918,683.215393
548.141876,31.235845,649.383606,676.956970
546.468231,25.495885,648.598328,682.135132
558.388030,26.497197,636.177917,690.063171
552.540801,25.065862,640.797180,685.474670
552.479675,23.213353,638.617676,689.032715
551.592590,19.942876,641.203125,691.606628
552.108215,16.367528,641.863037,697.016846
544.734649,17.525487,643.606506,698.029785
549.835388,17.633794,637.302734,690.437439
548.914581,17.763158,629.061584,687.345703
529.613647,16.204747,632.792114,691.618774
514.616729,16.090154,633.992004,692.094788
491.088897,16.608220,646.620911,689.480774
485.372100,17.231450,645.027893,691.932800
472.410125,17.373174,654.536072,694.293152
476.712676,18.550878,642.080872,690.140381
461.012206,17.082036,656.499878,692.891052
454.937194,17.276891,657.703613,693.308960
453.562377,16.273107,656.644653,693.123657
444.794219,14.141790,658.702942,702.891663
443.943878,17.885595,658.309143,693.034424
441.000610,21.622350,661.828735,682.648560
434.472534,22.985326,666.808228,678.813721
435.971465,21.915654,663.700500,679.838562
438.094085,19.328649,660.695740,692.557983
434.171844,26.200567,663.452332,682.681824
431.949981,29.130773,662.826965,681.771851
433.064575,35.132726,662.763550,679.420776
428.997680,33.988652,668.666870,673.640320
428.068267,34.350499,666.120667,679.046265
424.063140,35.337407,667.394104,673.383240
423.250030,45.264257,670.877014,672.492676
426.777374,51.916295,667.945862,665.722778
419.307037,56.609777,677.907776,661.004761
421.054199,59.882909,683.696899,652.282471
436.320709,63.085882,688.653137,646.477844
461.196136,65.843175,693.068542,643.467896
500.140350,67.683690,691.291443,644.955811
557.547302,59.058934,680.552979,654.655029
602.198242,62.541631,669.061157,645.724304
645.087097,57.559118,633.577637,652.361450
669.984100,60.518590,609.828064,646.185913
680.743347,60.079381,597.334229,647.554565
677.156463,54.919805,602.843537,652.370789
663.596389,60.200261,616.403611,648.920471
664.003456,58.340886,612.337280,654.142395
656.513374,62.117406,618.524231,646.149414
656.355751,63.895299,621.666382,647.308716
646.311775,65.183782,633.688225,645.854065
640.953678,68.728399,638.298950,644.856384
639.901401,69.532934,636.497253,639.641357
637.303806,71.924810,642.696194,644.099548
634.456530,79.411779,640.012817,634.191040
629.906511,77.338231,647.678528,634.004395
630.037554,81.297796,649.296814,631.037659
627.469347,86.016240,652.381226,629.078308
623.911211,89.877507,655.602478,620.263977
623.233873,92.871282,652.081909,615.737854
626.280077,94.404119,652.200195,621.030090
626.413225,96.582830,648.407043,617.323303
630.544237,96.006170,646.657959,615.209045
631.474260,98.826818,648.525740,609.236450
633.920571,99.241674,645.757629,615.311768
634.468209,98.440404,640.859131,612.848633
653.497689,102.607457,626.502311,606.070190
685.087346,99.845037,593.632324,611.775208
717.742009,100.402471,562.257991,611.611023
739.411806,97.105260,540.588194,614.294312
749.801515,90.628270,529.148865,622.243896
754.616029,91.939977,519.604553,616.738159
757.149995,82.154027,522.808350,628.655273
758.298738,77.414678,519.362671,632.226257
762.318299,74.253301,515.127747,638.490906
765.786195,75.992345,513.984192,637.026489
767.724641,76.864385,506.707153,631.588806
769.642076,74.836034,506.759247,632.998291
767.551683,76.720617,510.830170,631.201294
767.916368,76.368230,510.433807,632.408264
770.364564,75.355809,508.596252,633.229004
771.674623,73.557439,503.554993,634.165588
772.599961,70.973638,506.493378,639.571472
770.637941,68.027257,506.778015,640.080200
770.851564,74.965886,503.993835,636.585754
772.942842,74.345250,506.715576,634.468628
769.482194,76.140477,507.664215,632.012207
769.401094,74.609411,510.145020,633.920532
764.003266,73.980352,510.721924,634.553162
763.136140,76.221593,513.884399,632.921021
767.039781,78.355047,510.600800,631.968567
768.034928,78.424230,511.822906,631.758667
763.198457,79.478399,509.967285,631.547058
748.501344,78.607580,526.012146,632.915894
734.858033,81.073949,545.141967,630.125244
710.904542,83.913701,569.095458,625.978455
695.474304,84.831243,581.972290,625.243225
678.431977,81.116674,598.058899,627.479248
666.955292,86.981572,612.765198,625.763611
664.529297,86.035131,613.820557,626.870605
660.680146,84.827977,616.615051,627.607666
658.405854,83.509710,617.485657,630.515686
656.305908,80.768926,618.560547,626.169861
652.701905,80.652898,627.298095,627.442688
647.280090,79.961705,629.419800,632.261597
650.317841,77.193395,629.682159,628.614624
645.950913,71.749883,629.834717,637.248474
638.156540,73.334569,641.843460,635.165283
639.425896,69.731603,635.928284,638.547241
640.244316,71.181676,639.755684,637.517456
637.568996,67.337713,639.376343,645.143372
634.727566,66.946325,645.272434,639.829468
626.192427,67.245336,650.138855,645.149170
620.146406,68.230565,659.726990,640.850830
612.621840,68.151403,666.472900,643.155396
606.289961,65.188268,669.679138,647.256226
604.869734,66.345830,667.525452,642.998962
606.222456,65.422704,670.799011,645.887695
600.685286,67.239599,674.174377,647.532227
599.779158,64.594671,678.586731,645.629700
594.745985,62.598119,677.474365,650.755615
593.121138,62.592870,683.153992,647.814453
588.202284,63.310003,688.631836,645.930481
583.922071,61.746007,690.121704,646.388794
579.210829,63.662511,691.860352,643.715454
575.607466,59.915471,699.745056,646.966858
570.706465,57.846563,699.488953,650.244568
565.131697,54.035589,708.986145,654.902649
556.915663,53.666082,710.951660,657.138245
558.789900,50.894384,710.369202,662.041748
552.474592,53.413121,720.034973,657.845581
555.238142,53.157201,717.419006,658.996094
552.941389,51.907140,718.528381,657.659058
558.349195,52.677617,713.432495,652.500671
559.343458,49.938176,711.115112,654.101624
562.290998,44.100896,707.522522,663.659729
563.596846,42.796026,708.415222,665.201111
559.558241,49.096288,708.435303,654.152588
566.627729,43.582982,705.334656,668.315430
567.374952,46.088109,704.004028,661.566895
576.657850,42.698552,693.565674,669.190491
576.488508,41.879583,696.502747,665.721252
579.598402,43.932012,696.140137,664.335876
584.670729,40.691320,693.083862,669.102173
586.545942,42.847692,687.535095,668.279175
586.094648,39.010137,693.905352,671.375427
588.210135,37.578679,688.656799,673.633362
584.672141,37.549596,691.213257,672.069458
582.275718,38.589605,691.836914,669.645691
586.804618,39.267461,692.196106,670.087097
588.418235,37.501134,687.206421,673.048462
591.480124,36.949468,683.760620,671.630554
596.034934,35.250310,678.646118,671.093079
595.665030,33.353887,679.956482,678.546326
594.286307,27.398351,685.404114,675.846558
607.883780,33.005620,672.116220,669.518005
611.488948,30.219976,665.473022,670.442566
616.282833,27.184545,663.717167,677.875244
613.566343,28.948705,666.433657,664.446045
617.175689,28.374944,659.504028,671.395569
622.356963,23.848089,654.003296,672.634827
628.128875,20.144140,650.208008,679.934326
630.285155,14.561284,649.714845,684.238220
626.064483,13.944707,649.503601,684.218201
629.387634,10.755773,650.612366,681.145386
634.274749,5.704351,641.074463,685.307556
638.412292,6.503637,641.587708,672.478760
636.257568,3.719854,640.159851,667.817322
640.106079,0.000000,639.893921,666.344457
642.024750,1.288958,635.130066,662.053406
644.314453,2.362200,635.685547,662.528503
644.089020,1.533465,632.937439,667.087097
647.331268,0.000000,632.668732,652.963488
653.437851,0.000000,626.562149,661.668115
648.748222,0.000000,628.632812,650.854779
653.038719,0.143301,626.961281,649.818420
658.712658,0.000000,621.287342,652.356711
660.408209,0.000000,617.060303,649.103831
661.532568,2.210760,618.467432,648.951111
661.295154,0.000000,617.729858,654.910711
663.306476,0.000000,616.352234,644.196994
664.559131,0.000000,615.208008,655.253862
662.739642,0.000000,617.260358,658.879861
666.874368,0.000000,612.910583,660.249379
668.937143,0.000000,611.062857,656.580286
665.357732,0.000000,614.642268,648.275830
663.553255,0.000000,614.811523,654.862402
669.874026,0.000000,609.266663,644.998035
670.198702,0.000000,608.483276,648.012201
675.045596,0.000000,603.606140,647.050320
674.477084,0.000000,605.522916,640.870314
679.159349,0.000000,600.840651,633.718970
678.636407,0.000000,600.640686,635.909107
682.371392,0.000000,597.468811,636.618707
681.124108,0.000000,598.875892,638.965634
682.418621,0.000000,597.581379,639.639067
682.052237,0.000000,597.947763,642.936050
682.281550,0.000000,597.718450,639.715248
681.792356,0.000000,598.207644,643.663837
675.661711,0.000000,604.338289,639.026316
670.812454,0.000000,608.976501,633.424077
670.062393,0.000000,609.937607,639.651431
661.751716,0.000000,615.301880,644.186891
668.405067,0.000000,611.594933,647.702881
660.987476,0.000000,617.587830,649.775605
657.814136,0.000000,617.841736,650.657486
667.652851,0.000000,612.347149,659.240059
662.050547,0.000000,617.949453,655.876743
662.921666,0.000000,613.906677,657.565752
665.443669,0.000000,609.750854,659.414041
675.428838,0.000000,598.271240,658.133290
675.710668,0.000000,601.072327,660.325556
681.562932,0.000000,598.437068,648.371579
679.267184,0.000000,600.732816,641.614165
675.200883,0.000000,603.095398,647.291824
677.990983,0.000000,601.141907,640.155677
676.152269,0.000000,600.628174,648.157032
678.573014,0.000000,597.430237,651.469324
675.303361,0.849530,604.190491,650.257324
675.596605,0.389386,604.403395,661.297974
675.477135,2.795941,604.522865,658.639404
671.090740,1.776532,608.909260,685.656494
674.034109,3.738049,605.176331,679.390686
672.227621,5.236005,606.825439,677.279541
668.896261,5.627332,608.779907,690.858459
665.481772,7.523511,612.455078,679.732849
657.136374,12.098248,622.863626,686.694702
652.640483,11.891309,624.017517,684.434509
645.552470,16.033887,633.757996,674.975281
644.113475,20.692273,633.731934,670.507141
640.756236,25.759168,634.655884,668.635315
635.284251,33.183026,643.999268,663.033203
635.323253,33.866834,644.676747,663.661194
624.753789,38.628400,655.246211,670.840942
626.731936,44.184918,653.268064,664.903931
619.374299,51.939038,659.671570,659.777039
613.180421,67.063703,663.102539,641.651978
598.222597,69.218427,677.506470,641.191895
588.150209,70.397199,691.849791,637.010132
583.831849,71.733289,696.168151,636.824768
583.556885,75.057080,696.443115,635.914978
574.696625,80.941022,705.303375,632.726196
566.166061,84.990918,712.353760,627.172791
557.149796,86.411054,722.244446,627.955322
549.659866,87.873975,727.618835,619.818787
542.978409,90.284375,737.021591,622.277283
538.077492,91.474194,741.922508,620.666931
535.016315,94.260327,743.971619,618.125427
534.244923,98.443707,742.559814,615.587524
535.753010,99.475110,739.538025,609.561096
535.315388,106.074811,742.681580,606.137329
538.672016,104.939221,741.007874,601.840393
543.389454,109.436170,734.630127,604.492493
547.728748,105.635480,727.103149,603.084351
548.066395,113.608685,729.493286,598.631104
554.152149,109.694898,723.522461,608.424255
553.674610,113.628095,721.578369,596.992676
549.557758,115.631513,727.179016,600.450684
550.082600,114.412824,726.732117,597.146362
550.465687,121.328473,726.298218,596.472778
551.168293,115.656873,723.455994,598.502991
547.395069,119.063825,726.924316,599.409790
544.685780,121.827924,730.019897,591.949463
543.457020,124.518598,726.989624,587.434326
541.196369,125.196423,725.555847,586.020325
543.250965,125.165845,721.551880,585.145935
542.408619,123.885205,723.647705,594.664978
539.776783,123.819867,725.878418,590.205811
540.565784,121.799756,722.843628,591.027527
529.182056,124.420880,732.275146,586.093628
532.131855,126.655255,732.482971,585.012329
524.384266,125.211255,731.732300,586.463074
514.211720,123.217664,727.609863,587.859436
513.662708,121.953687,724.724976,587.956970
504.408863,121.242627,724.163818,597.462585
502.968372,117.275739,721.755493,595.776489
495.620045,113.732282,720.079346,602.819702
492.753956,114.813611,721.325195,595.166321
492.921467,113.640149,721.856873,601.537659
484.521626,109.915082,721.664612,604.131592
478.842518,106.546887,725.055298,610.546692
474.012806,101.338147,732.727905,612.086243
472.128193,97.744733,719.187561,619.807007
466.626453,95.356549,725.944214,620.632202
464.558399,92.878858,726.020508,623.096619
463.863483,91.759808,727.385437,623.050537
459.897724,88.747296,726.933167,624.025024
458.235065,81.338056,730.125916,629.863281
455.294453,79.391858,724.820618,637.103333
453.881275,71.570386,723.699463,640.704773
449.220478,73.955457,738.233704,638.975647
442.419117,70.349561,728.318848,640.311707
442.393971,64.749097,727.384521,647.823669
441.449329,63.637952,728.426880,648.650452
437.899311,62.804761,727.069153,650.654236
426.338978,63.490399,731.550171,649.532227
422.804829,62.188428,732.826721,651.438904
416.284504,59.317456,738.099548,652.956482
410.729877,49.791730,742.810608,660.540649
415.822681,51.551862,735.695801,657.096313
406.557392,47.398969,747.099426,658.669189
404.920948,49.867444,744.668213,654.939270
405.124744,44.976666,745.632202,666.505249
409.705341,37.912091,735.752747,666.745483
399.861805,33.599378,745.996216,667.301819
396.869556,27.974591,747.465088,677.655884
391.979267,21.334729,754.223450,678.127014
384.788685,23.402692,763.780640,670.016968
388.127247,21.978620,761.937988,662.553345
382.803303,15.793103,761.977478,660.909241
386.097889,14.614972,751.942749,658.097290
382.345478,10.413129,755.263000,661.701416
380.921497,9.003034,757.405396,655.604126
372.873951,5.418408,766.051270,653.569031
364.074940,6.614575,775.179565,645.435486
359.135975,2.704663,785.538208,647.019714
357.023029,3.729016,783.444519,643.371155
357.833271,3.949902,784.205872,639.519958
358.168720,2.663281,778.665833,635.364929
358.362049,1.706403,778.599243,636.015259
362.059162,0.000000,770.628357,635.811536
366.955799,0.000000,766.485474,638.310797
362.161243,0.000000,771.831909,638.254062
370.439381,0.000000,765.620850,635.869859
368.659870,0.954186,759.786072,643.417053
371.137226,0.000000,763.019592,644.184747
371.594898,0.803891,761.981445,640.298401
369.400013,2.426693,765.943237,641.259338
370.336933,2.482083,764.589661,636.554321
371.340351,1.787106,765.288879,638.583191
373.781239,1.736569,761.263062,633.392517
376.381001,3.325406,766.791321,636.124512
381.237721,3.528653,768.272949,637.824463
380.456562,1.592099,769.903625,638.426331
382.280842,0.000000,768.570007,640.155301
381.249989,0.000000,766.798706,641.278822
382.184956,0.499610,767.933899,641.024231
372.675983,0.000000,773.070740,622.974311
372.871754,1.337101,776.498779,623.802795
372.327869,0.000000,774.470093,620.565128
378.856403,0.000000,765.414246,618.504915
382.728809,0.000000,766.033203,623.326524
385.283070,0.000000,762.631226,613.975914
407.745716,0.850201,762.754028,611.529419
433.054462,0.000000,767.695129,610.161083
452.671314,0.475073,765.927979,613.763184
460.914448,0.338446,761.542786,615.353577
461.440815,0.000000,765.673157,612.124182
460.117329,0.000000,766.086243,612.452930
465.926106,0.000000,759.440857,611.102747
463.736225,0.000000,764.778137,615.360852
462.565449,0.000000,766.166809,621.559363
469.746784,0.000000,757.737732,615.517169
465.283833,0.000000,757.815735,624.036172
465.859272,0.000000,757.563293,620.778218
466.468830,0.000000,757.805115,625.233561
461.033955,0.000000,760.936340,620.492879
466.795918,0.000000,753.951721,628.157176
466.092609,0.000000,757.262390,624.955083
467.375080,0.000000,751.127136,620.110171
471.949604,0.000000,752.141418,625.501832
476.922657,0.000000,746.799805,620.997773
478.392597,0.000000,744.295471,629.586014
478.037983,0.735909,745.536682,613.448425
476.015064,0.000000,749.793457,617.852120
475.824726,0.000000,748.291077,617.050999
474.047840,0.000000,750.853638,611.470476
473.388966,0.000000,750.252686,609.132607
468.180225,0.000000,754.527832,606.495503
465.181385,0.047098,755.642944,613.449890
455.215656,0.000000,763.006531,622.968485
453.784260,0.000000,763.266296,619.990499
456.899830,0.000000,760.997559,621.959513
452.960835,0.000000,761.956116,614.030019
459.247425,0.000000,755.040405,611.072505
461.516224,0.000000,751.129761,615.080228
461.186146,0.000000,751.084839,603.409316
460.203480,0.058936,750.741089,608.222107
459.975208,0.000000,747.475464,605.864265
457.647511,0.000000,751.351562,603.339603
456.683521,0.376711,750.939453,611.812012
451.971455,0.000000,756.357727,619.243227
448.923878,0.000000,756.160400,625.529817
442.358387,0.000000,762.672241,622.186234
437.969318,0.000000,766.405701,628.196846
439.216450,0.000000,764.547424,621.994663
435.616444,0.000000,769.377319,628.503679
435.001301,0.000000,768.277039,630.723123
426.843494,0.000000,775.087280,625.991444
422.970875,0.695277,780.784424,623.396790
419.903156,0.020319,784.425720,625.720825
415.564564,0.000000,787.607300,632.371210
410.185078,0.308652,790.838196,639.920898
409.041309,0.000000,791.984863,643.759702
409.811420,0.000000,790.126038,659.843443
414.403034,3.167877,788.943298,658.328003
414.505970,5.960906,793.541626,662.509277
412.428150,2.080444,795.270508,684.211121
413.990345,0.919219,787.930786,665.542114
415.746845,7.634277,790.182922,682.796814
414.076191,0.000000,789.014221,671.035949
415.852375,9.914062,791.100525,663.341614
411.178577,7.483459,795.481079,659.061218
413.456013,2.857910,795.415466,658.333801
412.026234,7.532684,798.470581,656.323364
414.428394,3.855926,797.555908,654.976685
416.269764,8.682403,794.884644,663.457764
417.747273,7.062866,790.892761,659.739563
426.175556,11.445373,788.709534,665.748230
429.809467,13.336151,790.826233,657.616577
437.928242,17.119415,784.070374,666.313965
438.691059,21.681579,783.432190,668.724304
441.793873,21.582977,779.666748,678.034790
443.698414,20.818237,781.659668,675.079651
447.015247,19.938385,782.586792,685.803223
448.538288,22.514434,779.741638,683.434326
451.890492,22.824890,776.239624,683.845154
450.385578,23.231353,776.057800,683.629639
455.787037,24.522339,769.126709,680.875793
460.173908,28.283905,763.747986,684.149292
460.411060,25.973571,760.757812,680.570984
461.670979,28.418518,761.762634,680.137634
465.616413,29.326996,762.913025,674.830444
469.779652,28.114410,768.290894,684.260742
469.043659,25.295868,773.317078,683.084595
469.051991,28.449951,768.273804,677.619446
468.910023,30.124664,771.310913,675.265381
471.243092,29.122100,762.617188,670.302002
471.386097,27.806427,762.110962,659.308838
475.483265,32.891174,755.625854,663.586121
473.629810,31.673065,758.190186,664.379272
471.835621,31.106323,758.336182,674.920959
469.592701,28.588043,758.011230,672.934082
465.224690,35.141693,768.058533,672.260376
466.405262,34.154235,764.442261,675.357361
466.133381,29.261078,763.877869,680.608521
465.291279,36.542572,763.348206,671.731812
470.879231,33.340973,747.991638,674.612793
471.924397,32.957061,743.458191,679.377686
467.949848,35.148681,742.433655,672.298645
461.357716,30.958099,746.183594,680.956421
454.640461,29.650085,755.207458,676.339050
443.756428,31.875366,764.678894,677.730774
433.771961,28.109161,768.639282,679.259033
423.595509,33.009002,783.648193,672.909302
419.559864,26.192047,780.841797,681.996338
419.494404,24.663818,774.786682,682.757385
413.425739,25.332824,781.952576,679.111023
410.299854,25.991729,783.308838,677.890869
406.615925,24.014679,779.266785,675.530762
405.936085,19.194549,777.145020,675.801636
400.534382,19.630493,793.344177,670.919739
400.498585,21.133758,782.290527,666.199585
395.017902,24.029052,788.469666,678.383362
396.209034,20.874908,781.095459,683.437012
395.192158,20.202087,781.275940,684.352234
392.638905,20.041443,778.447144,685.221863
388.730274,20.759308,786.675537,681.463867
389.695545,20.185272,781.622925,688.403931
383.581959,23.656219,784.903564,683.286987
383.297199,24.153747,783.208923,679.880798
376.308308,21.672577,791.534119,677.703003
377.262714,21.969085,782.641663,679.380005
375.183216,20.921020,788.811157,667.708801
366.759357,23.619323,793.605408,669.168396
371.807056,19.088714,787.815430,653.864624
365.596607,22.465820,791.137207,660.086975
367.662403,19.140350,790.952881,660.052856
365.111927,23.063018,795.102173,658.275391
366.222706,23.910034,791.668701,657.715393
371.808460,21.784607,783.145630,666.154724
371.290852,20.969635,783.739929,670.329102
371.317066,18.692260,779.911621,671.346252
373.319141,21.925476,774.047607,665.105164
377.170734,21.658691,767.186218,662.513733
378.110584,22.060943,762.466675,659.309082
380.538380,22.650024,764.295166,658.317688
384.009968,22.827514,756.514343,656.942200
386.673389,22.811676,752.278320,651.934326
390.021870,23.355102,746.510559,660.293274
387.179493,25.658172,743.784912,658.745728
386.767353,25.062805,741.665588,646.307068
387.182270,28.874694,740.027649,637.619568
389.206959,33.628662,734.756836,630.558655
391.846394,33.944885,726.689392,632.877869
389.658192,33.647735,726.373901,633.663330
391.316792,34.573639,723.531555,630.440430
393.588825,35.472931,719.081482,629.055664
395.666859,37.989990,717.837036,630.388489
396.706989,41.750030,719.804626,636.612549
400.228931,42.214630,710.050049,634.886719
403.724293,39.422454,710.327393,639.712769
406.503376,40.068420,703.235046,629.212341
409.476063,42.780334,701.046997,623.659851
410.861988,41.371826,700.516113,628.718811
417.111683,39.277557,691.563599,633.462524
419.187946,37.241363,684.211121,636.517090
423.723743,31.907348,679.311890,641.985657
423.902699,23.224609,675.765991,651.618469
424.834309,14.766235,677.476746,671.622620
429.236683,11.264099,666.562622,676.659119
432.185261,6.856964,660.194275,689.340576
431.230396,3.608825,655.682617,691.955017
431.900898,1.551849,653.046692,697.334839
429.405933,1.210846,652.588867,692.823975
433.382923,0.000000,646.193481,702.258911
430.876606,0.000000,644.650940,701.698486
426.734760,0.000000,646.905823,708.124084
424.526112,0.485962,649.758179,704.505676
422.644245,0.000000,645.330017,707.679138
419.988361,0.798279,647.878601,707.540100
415.255634,0.000000,647.432922,698.380463
412.561878,0.000000,644.948853,697.875931
404.368336,0.000000,648.116943,698.668922
406.826496,0.000000,644.205017,697.026051
406.760487,0.000000,637.192993,695.250055
402.844349,0.000000,633.670532,704.457456
404.681599,0.000000,627.299988,712.310759
407.593525,4.964736,624.484192,711.579285
402.782459,13.021743,629.460815,698.481384
389.743824,27.967300,640.760010,684.548523
385.469502,50.483230,641.362366,663.054993
381.059193,63.381637,644.651489,656.156128
379.938343,75.212753,643.815063,644.156494
381.000111,80.861343,643.797729,630.711853
398.250507,80.507034,623.277405,635.826965
402.993794,83.363540,611.232239,629.927917
394.974934,84.270644,620.316589,633.392761
398.296955,87.122939,615.070251,627.014587
388.984852,88.180709,623.420532,622.926392
377.347858,85.372787,633.076599,626.661133
380.746418,85.790939,626.550232,629.345581
376.498859,87.733230,625.665222,627.072327
377.979755,84.842117,619.062317,629.842834
380.829212,86.685989,613.138306,626.949280
373.691273,85.540694,616.492065,625.932739
399.685230,84.458114,586.717041,634.139648
390.793140,93.488570,597.261963,624.379761
384.661121,99.491988,595.604370,613.755737
380.136036,100.456649,594.612305,619.423828
366.274372,104.177383,605.117859,610.640808
367.228291,109.061263,595.032288,607.105957
368.785053,111.824020,587.965637,602.423218
359.933216,115.144668,574.017456,600.285339
347.324757,113.936721,575.471680,603.959778
320.245411,115.580123,590.167480,598.237915
315.643208,127.243850,584.175842,586.588684
297.413380,122.787460,592.888184,592.024658
292.560291,126.173293,588.005737,591.645569
312.539936,138.938094,557.538635,579.649902
297.455250,141.582687,562.622314,572.228882
293.797535,151.965926,563.864746,561.582031
274.868000,149.009902,574.367126,566.534363
286.666157,151.549789,560.154358,568.306396
275.359943,170.408614,562.376160,546.013062
285.486927,155.915969,551.384644,556.788391
282.439289,167.026992,547.581238,547.066101
277.909626,161.203994,549.432800,554.788513
278.569386,170.680465,544.034424,544.761108
273.929096,165.693496,546.900452,550.074158
275.495899,172.065658,539.659668,544.934326
271.211445,184.006301,545.754211,533.200500
266.779224,188.563186,549.735107,525.377991
259.226460,185.563003,553.896545,527.866150
263.233356,191.685867,547.307068,522.619690
262.820393,191.230422,546.231140,523.269836
259.026295,193.375930,547.699219,520.913879
257.306477,204.279510,548.749207,511.662872
254.914967,212.411269,549.218750,505.952332
254.054646,206.401336,550.540222,508.870880
254.194355,211.329208,555.021301,506.368652
249.862202,214.442382,556.389221,502.471405
254.987843,214.955596,551.621826,502.329987
255.498127,202.370284,553.537048,513.637817
260.083393,212.558410,553.697571,501.314056
261.790730,210.626815,560.004822,503.150879
269.960438,206.147186,556.602661,508.887482
271.612202,203.150085,561.636780,511.046234
273.452442,205.731567,565.258789,507.489471
274.312122,207.464172,566.774536,506.652679
271.445362,205.586898,574.092041,510.955078
275.121296,204.726424,575.424011,511.951416
265.926533,195.789230,586.591614,519.353882
266.910267,189.404739,586.439819,526.831116
262.960499,179.720626,595.860596,534.429565
265.376606,178.118545,599.660461,535.712585
259.792408,169.777358,615.892334,543.927185
267.706074,173.268752,627.152893,543.020569
282.100056,160.925674,612.501648,553.585876
278.234760,151.505874,619.802063,562.696960
285.757191,153.501235,628.239624,560.232117
291.979755,145.975417,632.771301,570.063782
301.003925,144.279861,633.740540,572.925842
309.995808,142.462081,637.071228,575.651978
317.104328,149.532455,627.073181,570.467545
326.770435,157.539970,623.020996,561.241333
325.657368,163.849418,625.983948,550.018433
323.125935,177.471763,631.179138,541.569397
322.412769,185.153923,636.356201,534.846077
320.285236,191.072445,641.623230,525.473145
318.473652,189.669338,645.668274,525.734924
316.405476,190.094570,649.425232,524.239197
314.770557,187.299129,651.739746,526.549072
310.593891,180.969845,657.561829,532.990845
308.420551,182.681881,662.451233,530.969116
308.156666,180.032955,668.027588,533.891479
299.578693,184.286495,679.560730,530.098755
304.520435,184.734951,675.710449,531.182068
302.685993,184.867824,685.794861,530.317444
308.275562,180.398800,686.100586,533.078491
313.733295,177.995785,690.029846,539.322998
322.864094,179.156978,682.480408,535.183716
326.733601,171.151851,681.947205,546.984985
333.097523,159.522671,679.405640,553.538269
338.851887,158.290096,679.238708,552.437988
345.170155,150.504909,678.783081,566.821350
351.642750,149.143276,675.877441,561.677429
358.837391,142.987179,672.776489,572.685425
361.955006,145.135738,672.550293,572.270874
372.358570,145.359127,671.562256,574.640873
376.875629,140.317076,673.619446,573.378540
383.511097,147.574766,670.371460,565.942749
387.696369,138.739530,673.516541,576.678894
399.038166,131.639067,668.533875,585.393738
398.693623,125.587126,672.011292,588.364807
401.947437,117.411589,677.526123,600.535706
408.751514,113.356474,676.667236,597.328796
419.706348,106.249815,667.907471,600.375366
422.042988,91.602842,679.681458,593.666626
429.280109,77.603727,668.049255,593.376770
433.473194,66.663572,666.447021,593.902832
437.228169,56.135527,661.310608,604.817810
450.049488,50.841703,654.447998,599.937195
454.184589,47.722837,656.575012,610.989868
453.128742,42.556028,669.036804,613.751221
456.826344,39.630766,677.041016,613.830505
461.485310,33.254393,667.990417,620.093506
465.269001,25.334562,666.268494,617.101868
464.897694,17.284666,670.384644,628.111328
464.174030,13.639250,673.107605,632.183411
466.110462,11.222196,676.082642,629.572205
468.838856,11.637754,673.862915,622.860962
471.516712,11.163206,676.775757,629.672119
467.356434,13.853331,675.160278,631.602173
464.156483,8.298948,682.564331,636.653564
461.157764,7.216795,689.049805,640.118896
458.106648,5.591429,691.752869,638.670166
464.032673,8.647612,687.325867,633.997742
457.299000,7.916471,699.667969,643.394104
448.069172,4.398069,707.718445,632.934570
460.329884,2.219908,696.940674,627.454712
462.097340,0.000000,695.746582,620.897367
463.738148,4.549758,693.675415,609.779053
467.820881,3.643783,691.235046,604.270935
461.365498,3.468612,701.654846,610.141785
460.906910,2.605636,697.631348,607.136047
460.767811,1.480819,704.421509,613.012878
464.574940,0.000000,701.524292,594.424911
469.599079,0.000000,698.885193,583.446586
469.480854,0.000000,701.094299,579.556942
473.666340,0.000000,697.995789,579.703916
474.179798,0.000000,696.887573,569.872466
474.954304,0.000000,696.808533,569.979598
479.986469,0.000000,692.354309,568.574821
481.115772,0.000000,692.557129,563.233852
482.928822,0.000000,694.007202,561.747877
483.116230,0.000000,694.740784,562.169135
485.896717,0.000000,692.832397,561.233463
490.597767,0.000000,691.178589,560.063967
490.366077,0.000000,689.346313,565.506135
494.747089,0.000000,689.761536,563.166367
496.088093,0.000000,686.258484,568.056938
493.855061,0.000000,689.169373,575.094082
491.506489,0.000000,688.394836,580.444471
494.237324,0.957953,688.007385,584.710449
493.082233,0.000000,688.270447,578.978522
481.509602,0.181919,698.552917,582.461853
479.064686,0.000000,704.659302,576.055789
472.608967,0.000000,714.574158,575.896883
474.050709,0.000000,710.840088,576.957353
482.688404,0.000000,705.292236,579.649453
483.565662,0.000000,703.049438,582.573597
485.990620,0.000000,704.267395,584.998377
483.880024,0.000000,705.616760,587.099958
482.059406,0.000000,710.190613,592.301474
482.472126,0.000000,708.835876,601.074840
482.175159,1.398870,708.909302,600.037354
483.399921,2.794073,708.971985,606.117798
487.201588,0.000000,708.689941,609.053167
488.595783,0.000000,713.496521,608.478000
489.724262,3.469102,711.184875,611.145020
491.565205,1.435808,704.670471,617.247498
492.981312,3.265367,702.927368,623.722900
495.480885,2.039628,703.736084,624.654846
498.979176,5.815935,696.912598,618.308044
495.762623,4.904252,703.860107,629.268372
499.973469,3.776109,698.545105,622.834717
498.481159,6.094255,699.083923,626.986267
503.009785,5.846605,696.681946,622.965454
506.146503,7.493089,691.650940,625.615601
505.396839,12.024614,692.064087,626.230286
508.024311,11.408525,687.876770,628.725403
510.146748,16.042497,691.413147,630.803406
505.754414,24.260728,687.646545,629.115234
513.413898,28.628953,679.791931,631.161011
507.181477,38.409410,691.488220,623.674561
513.139698,44.210588,682.029297,627.254578
512.526447,43.436174,682.304138,616.140564
511.495014,46.973405,692.801331,624.491882
512.170521,50.395708,689.146362,623.032288
513.561176,54.194261,690.727844,628.074341
517.041767,67.690019,690.532532,623.711975
519.634419,68.089586,685.034241,616.595703
523.469318,73.515458,680.379822,621.930969
516.508411,75.785997,688.130249,623.062500
513.706074,78.795061,685.011780,621.310486
515.352833,81.877977,684.188965,617.339966
518.105854,84.723344,682.426331,614.493958
514.347919,85.488176,687.032043,620.266296
513.523243,91.191575,692.179443,617.418823
515.019886,94.519548,689.701538,619.839050
515.579731,100.098833,688.555969,611.105042
513.734242,102.440843,691.122925,608.131958
514.121998,107.008775,693.395020,604.768799
517.029072,110.110094,690.818420,603.404297
520.868122,109.835130,687.310730,604.741089
519.839802,105.770982,688.747498,608.221436
521.302174,107.900010,689.328125,605.885010
523.319355,106.208696,688.175110,605.349915
522.705799,103.672868,688.345337,606.289978
514.557880,101.108323,668.551819,610.138550
492.529194,98.804429,665.948792,615.617432
446.589069,97.938920,671.537781,609.923157
431.162739,98.299821,674.118958,616.281677
420.143299,102.483262,690.003784,610.567627
423.070271,97.812028,688.065857,612.504333
437.449055,97.556718,697.788513,591.020325
480.237537,76.112871,687.917358,594.450500
509.483295,60.816392,686.219299,598.788818
539.607807,64.380266,688.045227,592.533875
550.451893,61.175035,694.312622,599.182373
552.928303,58.631547,696.291687,604.575989
557.496784,53.288865,687.916687,608.342651
560.898151,53.013414,659.964539,620.922363
532.046528,46.875108,661.235901,627.193604
487.570545,49.592241,652.525757,616.625793
460.815052,48.479326,650.504028,617.193909
442.773457,48.128831,653.608215,607.557251
438.537830,48.205675,654.148071,612.508789
441.209797,40.978166,655.280945,615.572937
455.552357,35.999650,662.209839,612.625916
480.938099,36.137865,662.484985,614.825806
491.416340,32.319871,667.626648,616.141235
488.423023,32.475267,660.732178,614.196655
490.241779,30.941484,663.703308,622.690002
493.087727,31.487413,658.617615,611.314453
498.147755,27.538591,660.557129,622.808289
504.119679,29.024583,649.720947,608.767456
506.358265,27.453752,645.455933,618.177429
498.636066,26.999254,650.599548,622.895508
497.712818,24.669298,650.338379,624.991699
497.543964,27.091722,653.200989,620.089966
502.689320,21.828081,650.914185,620.906555
508.115406,21.000902,645.265137,613.616577
512.987751,25.525407,645.596375,605.696716
512.387867,22.222429,643.501465,604.983582
508.423481,19.315812,646.794250,611.365906
507.139271,20.612169,636.002075,616.010742
486.347950,19.437730,633.894531,624.449219
455.081379,21.068132,631.915222,626.650085
419.473927,17.868516,637.010986,621.862793
402.929737,15.160386,641.328857,622.658203
399.308796,11.244646,647.710876,630.170349
400.569721,17.847398,652.416565,617.463867
405.007832,14.916398,675.172668,610.290710
440.894856,21.769426,671.536804,599.339783
481.087147,22.199388,671.989380,600.196411
500.469593,20.543138,683.301392,601.028687
503.181202,15.964982,686.522705,599.183777
498.282978,12.887590,687.506165,607.409119
492.031757,10.373094,684.068176,614.284546
470.152363,11.158555,683.068665,614.556885
448.237690,10.674577,685.129211,613.242615
434.870625,10.720476,694.258362,621.197937
430.611195,14.777482,702.476929,620.916687
430.708698,15.234910,707.288757,629.869995
432.279804,18.272996,699.442444,625.758911
432.246052,19.257066,704.758972,624.444824
432.688252,17.635271,707.616760,623.045593
434.560017,18.078355,702.849548,619.396240
434.864216,15.870469,705.335876,618.632324
435.485371,15.751237,705.456604,621.597595
428.949543,16.810502,719.162537,615.839661
423.893360,16.130784,722.282959,624.113403
416.497059,16.555314,737.171021,629.141541
418.755878,16.672319,730.591125,631.067444
416.695423,15.261766,740.326294,639.942505
413.022724,17.158555,744.326721,632.326416
402.340076,17.308641,753.823853,632.629028
387.225208,16.310777,769.579956,642.413818
382.743519,14.784898,778.306274,641.712891
378.149433,11.769334,782.422913,648.676636
369.639393,10.882127,787.887085,646.109497
356.842701,7.212938,802.727783,647.340698
350.816517,7.224290,812.300415,644.216431
354.335072,8.588487,808.518921,639.141602
359.006062,6.492540,803.375671,641.500488
357.780720,2.475633,804.732361,638.287476
354.969868,0.000000,809.792542,636.998216
358.663837,0.000000,809.167786,634.099114
362.519123,0.000000,806.314880,630.102841
366.569904,0.000000,804.786804,634.881010
374.389790,0.000000,797.695129,637.672103
377.114613,0.000000,795.022095,636.348503
382.889759,0.000000,788.387085,643.200405
385.125263,0.000000,787.375793,637.420729
392.660694,0.000000,782.143555,641.532752
400.221607,0.000000,772.592773,655.956104
403.926807,2.940332,772.096436,637.398926
413.386372,0.453729,759.708557,649.251526
417.898945,0.000000,754.538879,659.533869
423.753651,0.000000,745.341675,657.502835
423.652241,3.249983,743.356995,668.405701
432.453419,0.000000,734.101807,667.952193
435.200977,0.000000,731.038086,680.714469
438.555286,4.470211,729.618530,682.723999
438.012806,0.947536,733.371216,689.295715
448.641651,16.417171,720.072266,687.666504
454.838734,15.909847,714.023315,687.844482
463.705647,24.249508,705.465515,683.274536
466.670277,27.862972,702.917847,679.896240
471.958393,33.246761,700.901917,676.801270
476.072773,35.553554,700.686584,678.567810
477.619160,43.238430,703.459290,663.992249
481.466755,52.939876,704.737244,658.339600
486.585499,54.445644,700.189453,654.445496
492.415485,53.748714,696.447449,652.816895
493.962299,62.116695,694.241272,652.958130
494.103809,65.886318,694.680420,646.583435
500.292347,74.537929,694.454956,637.632507
500.382740,74.872768,697.550537,637.996521
503.029865,76.363338,697.414978,628.496338
501.972248,82.649807,702.990906,624.841125
503.657795,84.997799,704.672058,627.781860
501.763386,84.293728,713.154724,626.513977
499.807941,84.725093,709.611511,626.026001
498.272083,88.864528,715.628296,621.192200
494.288960,91.835109,720.611877,618.940735
488.389423,91.746059,727.608948,622.955505
491.122944,91.713894,728.462219,618.696106
495.707630,93.531215,724.878540,615.570007
501.357380,93.377254,721.271667,622.408936
507.518787,96.875148,714.548950,614.533508
509.048969,99.206325,714.079895,614.835022
512.385304,102.532528,713.484375,608.279297
509.524982,104.794094,716.344177,605.834290
509.685993,113.427211,716.037048,598.442322
508.722584,121.209835,717.557373,592.837524
509.918995,119.843563,717.567871,587.871582
511.290485,119.069271,716.912537,591.949219
514.505024,123.286953,713.620911,591.073425
519.575886,121.228389,712.452087,587.182251
525.946674,121.999172,707.082581,589.976379
535.093769,122.619808,699.546448,590.542480
541.982563,120.848598,697.299866,592.883484
545.963398,119.784938,691.666321,591.243958
553.180775,120.404140,675.593628,595.214783
554.540943,121.940731,675.635742,586.381592
554.287006,117.571407,670.287903,594.060669
553.298695,110.273983,667.066284,600.976562
549.311146,110.585140,669.636108,597.140869
547.535816,111.393459,670.799561,603.688782
546.253986,111.023738,666.049500,602.095459
543.288563,112.095821,670.661499,597.892212
541.245930,111.259121,673.376648,597.984314
549.040485,110.443721,662.147156,596.579224
541.298176,107.033901,670.275574,605.224792
539.053394,110.250087,670.469727,595.698669
531.308430,116.660061,674.872742,593.908752
535.112659,117.763942,672.361450,589.056702
537.859486,120.575557,666.595337,584.416382
541.650837,120.122402,662.539734,592.926697
542.067677,120.442440,663.903320,589.058594
535.659748,121.747127,668.750183,586.762451
539.106648,120.465694,661.081726,589.510132
539.933918,128.557186,656.180359,581.978516
527.520222,128.447353,653.020691,582.487488
503.401569,123.433437,645.665222,585.990906
481.955677,125.476131,644.860229,588.692383
463.479298,126.813045,649.908203,583.882812
458.514027,122.216274,651.971313,588.550964
461.941456,117.283138,656.433105,597.999512
453.262470,116.804012,660.459290,594.682861
457.098591,118.485530,653.525085,591.217773
451.883808,116.399196,656.811829,598.373840
458.205708,112.813747,651.499329,597.843811
457.317677,107.294521,653.043457,605.542908
456.247425,105.030696,650.902710,608.868896
456.253162,103.401149,652.616821,611.136536
456.389881,97.821682,647.516724,615.382629
451.310688,97.885646,654.781799,613.479065
446.849476,96.094753,664.567261,615.661438
442.240681,86.194912,666.946228,627.142761
445.638721,85.744686,662.000244,625.011963
441.721546,86.133968,671.295044,621.865479
433.373981,89.164272,679.310486,619.178162
434.579182,91.093319,672.407898,620.987549
438.244587,87.450771,670.053406,625.552429
433.062733,83.482387,672.626587,626.990662
429.196003,81.336635,671.381287,629.174744
428.195637,76.534755,669.096375,631.345154
425.776539,75.084652,666.408447,634.261475
418.456593,71.916957,672.518311,626.596619
411.441242,73.877102,672.668640,621.265686
407.140797,67.454128,677.878662,611.238586
407.819538,67.358516,677.524597,612.244751
407.474110,61.430812,681.344604,609.243958
403.797627,60.334407,679.694885,599.827881
399.649708,60.692501,685.987793,598.325073
395.193317,57.820644,690.932312,602.603210
390.364002,55.998897,702.186401,608.204468
399.945911,51.961788,694.118530,611.478882
395.071339,44.612087,692.589844,621.635315
397.827290,46.224361,688.988831,617.031372
399.332600,41.855861,688.677185,615.168030
398.812397,39.390346,688.316467,614.117859
396.999256,37.603786,695.710571,609.208801
398.127735,31.729488,693.072266,615.163696
392.789661,26.397579,699.183960,616.908569
390.100117,25.726192,704.396790,622.013550
390.838276,24.593441,702.307190,625.530273
395.445454,24.007198,700.775940,630.538208
389.609180,23.006862,707.752197,634.848694
384.664143,20.134090,713.181335,637.472168
385.201740,16.461971,716.587341,643.574219
391.344379,16.474575,712.001282,637.309509
393.138721,16.386806,707.580566,638.603943
392.864582,19.513088,709.477722,635.885315
391.025410,15.636226,719.315979,633.510376
398.423847,16.281276,709.713196,628.171692
399.830128,14.747554,712.614990,622.320679
402.419971,11.361965,710.897949,617.406311
403.433704,14.199703,715.087769,613.470581
409.721546,14.112484,712.015259,611.552979
414.721760,16.807033,710.758240,618.472961
412.648853,20.376369,720.407471,620.459534
417.496662,34.474331,717.031921,626.731140
420.316761,53.583248,716.890991,630.658325
417.851734,68.984310,718.870117,628.418213
419.614948,68.073970,723.659119,620.757690
420.245655,67.832637,717.163086,615.961548
423.351276,68.303951,715.270935,629.461548
422.356068,66.389949,717.978638,625.949951
423.941334,69.626979,718.275879,629.208313
424.193745,69.171505,724.437317,634.481323
424.127155,67.737209,724.979919,642.294739
425.577900,64.062801,725.216858,637.349854
433.578999,71.258327,716.726624,637.023254
432.481220,68.523830,723.375305,634.881409
435.500172,68.039638,717.012939,642.532654
436.820911,69.556362,717.805298,634.708679
441.053486,68.233730,721.806702,637.466003
444.953114,65.025417,719.172485,639.991516
446.372150,64.676326,718.020203,633.898438
448.568165,61.990566,724.381104,624.023621
453.781513,62.002468,710.234924,621.717834
456.602375,61.309871,708.508972,612.711670
461.896320,63.634212,708.101013,610.256836
463.909321,59.981716,705.887756,614.209534
468.815937,57.712123,700.598938,614.122742
471.625996,58.848476,697.123108,607.986755
474.804096,61.026363,701.149231,605.829956
476.922382,50.561458,700.477356,614.378418
476.768147,46.281612,704.134705,622.564087
479.475117,43.147152,700.274231,637.259766
477.872669,42.756679,698.147339,637.787781
471.562428,37.908107,709.791748,641.403137
469.163105,35.136287,719.650208,643.406494
466.084095,29.660457,726.380737,649.556396
464.989094,23.116298,732.148865,648.859314
459.909077,24.887233,744.954407,646.440979
464.043873,16.542232,748.128174,654.342163
464.385487,12.877437,748.880737,665.799194
463.261799,10.757290,756.469666,670.811218
462.737202,9.778072,749.291077,682.297241
461.105671,4.038173,750.793152,685.265320
468.768940,9.162258,741.398987,690.076477
460.882496,6.119136,751.350342,694.851685
460.325428,4.229213,749.397095,698.126404
458.570515,2.560878,752.004822,688.511414
453.156696,5.757930,753.059021,682.980103
455.332722,5.435176,756.239685,679.808716
462.096485,1.133388,751.363281,671.955017
462.052448,3.618435,753.726746,673.846008
462.359242,0.000000,758.597290,668.825557
462.626789,0.500791,776.497742,691.211182
455.303181,0.374052,798.898376,695.844055
445.513599,0.000000,817.958252,698.720030
439.063770,0.000000,827.174805,658.735534
425.945301,0.000000,842.503296,664.891143
415.006886,0.000000,856.375977,664.189468
412.341663,0.000000,858.410034,664.667824
430.138721,0.000000,843.300537,664.889881
437.268940,0.000000,841.796692,655.920893
442.732258,0.000000,836.760681,645.980039
442.481770,0.000000,837.518230,657.574187
446.633646,0.000000,827.837769,654.055160
446.266062,0.000000,833.733938,659.699546
424.869756,0.000000,849.130066,646.074291
399.671788,0.000000,873.629517,652.783087
395.712163,0.000000,874.009216,642.929965
399.795751,0.000000,876.324219,641.469316
398.019231,0.000000,872.717834,645.390572
398.855687,0.000000,872.615234,643.661900
394.470891,0.000000,879.199768,630.152422
418.109868,0.000000,858.544861,621.885690
414.917546,0.000000,857.357239,622.549840
413.196355,0.000000,863.675842,632.294451
413.476628,0.000000,859.998352,627.690408
415.832067,0.000000,864.167933,652.708546
416.129870,0.000000,861.207092,645.722285
415.465502,0.000000,864.534498,649.148709
417.560846,0.000000,857.506165,664.533797
418.390527,0.000000,860.114868,681.694450
430.745202,0.000000,846.164307,690.656032
432.375665,0.000000,847.624335,674.952101
435.445370,0.000000,844.336243,695.345618
449.826321,0.000000,825.970825,695.358539
459.663418,0.000000,818.862305,696.191721
468.213956,0.000000,811.786044,700.883031
469.631636,0.000000,807.911377,707.791155
476.577559,0.000000,801.874512,703.717874
485.209578,0.000000,791.143433,710.735341
496.188032,2.544642,783.811968,705.396545
503.364616,0.000000,770.303284,714.756739
516.954826,0.000000,757.311096,707.384412
521.887351,0.000000,753.621826,709.740546
525.571128,0.199130,751.821655,708.222412
536.264335,0.000000,742.064148,707.735202
536.056541,0.000000,737.642822,714.374254
542.285667,0.000000,737.714333,710.153161
537.180950,1.018658,741.793396,716.125854
536.073925,0.000000,740.033325,711.695538
527.029888,0.000000,745.424133,707.896445
533.057811,9.036449,743.699097,705.535950
533.421398,3.508037,746.455078,705.502930
532.949474,4.214091,740.414795,702.812744
528.381237,2.859050,749.729492,713.848267
525.343547,0.000000,749.334656,712.557292
521.000194,7.348379,758.074097,701.225037
525.321117,0.000000,753.416626,710.761892
523.653392,4.773219,756.305786,703.052612
526.437725,0.000000,753.562275,707.414180
515.384847,0.000000,762.267151,705.285642
501.841512,0.000000,775.329407,705.820830
510.150350,0.000000,762.544495,711.933578
506.198904,0.000000,766.698364,712.089470
499.240804,0.000000,777.243225,712.112026
496.704733,0.000000,775.189880,706.158796
487.339224,0.000000,790.066650,707.535422
486.404745,0.307872,793.595255,710.089111
480.873729,0.000000,797.990784,704.645671
472.403941,0.000000,806.203064,709.970999
469.613475,0.000000,807.167542,706.899135
470.586558,0.000000,804.678162,702.009748
470.099528,0.000000,806.660034,707.557639
467.313029,0.000000,808.243530,701.893352
477.669200,0.000000,802.330800,705.983999
476.195196,0.000000,803.474365,693.680934
478.448125,0.000000,796.669434,696.810529
476.705816,0.000000,797.008789,697.553824
470.198553,0.000000,809.801447,693.794917
465.181246,0.000000,808.752563,674.409940
462.703524,0.000000,817.296476,672.375563
464.585832,0.000000,812.434692,664.865241
477.700395,0.000000,802.299605,662.723362
486.223275,0.000000,792.865906,661.598345
497.098489,0.000000,782.874268,653.311746
498.208779,0.000000,781.791221,652.464863
502.096852,0.000000,777.903148,664.628672
507.174494,0.307195,767.668030,685.413208
499.909205,0.000000,777.628052,680.389318
499.157923,0.000000,777.223633,698.230547
498.506617,0.000000,780.438354,702.033517
502.840845,0.000000,777.159155,701.485234
503.513135,0.000000,769.499390,690.185519
503.456800,0.000000,771.618408,694.087052
504.927259,0.000000,771.715820,700.470681
507.317945,0.000000,772.682055,696.857960
508.355383,0.000000,764.941895,683.306208
509.779028,0.000000,764.900024,675.501859
510.908118,0.000000,764.130859,674.184187
517.447211,0.000000,759.898865,673.835044
530.067938,0.000000,749.571716,674.956188
531.200507,0.660284,741.218445,680.078979
537.129797,0.000000,742.870203,674.632299
537.408588,0.000000,739.267944,683.430560
540.312885,0.000000,736.998169,686.094461
546.702594,0.000000,732.597900,687.581135
547.135425,0.000000,732.864575,691.066080
544.891382,0.000000,730.097534,687.573110
548.649957,0.000000,731.094299,693.931574
550.571069,0.000000,725.746460,683.062223
546.793512,0.000000,733.206488,688.361617
549.515836,0.000000,729.575562,692.073905
545.917172,0.000000,728.419373,687.476558
548.674191,0.000000,730.062561,700.398619
545.683865,0.000000,728.950928,695.983428
541.199643,0.000000,738.800357,696.013381
542.422362,0.000000,733.094666,705.168892
529.017058,0.000000,750.982942,697.582584
531.377639,0.000000,748.622361,700.813387
526.411140,0.000000,753.588860,701.843919
520.927402,0.000000,759.072598,701.166039
513.315966,0.000000,766.627258,693.657818
502.140367,0.000000,775.039490,690.350790
494.962908,0.000000,785.037092,694.924724
498.335397,0.000000,781.664603,690.355703
490.769383,0.000000,789.230617,694.712794
489.607226,0.000000,790.392774,699.626478
482.448876,0.000000,797.551124,697.419135
477.772839,0.000000,801.642700,693.050723
477.327832,0.000000,799.631348,693.072328
479.507519,0.000000,795.281494,694.074036
481.964673,0.000000,798.035327,693.080567
478.246313,0.000000,800.951294,684.265381
481.113623,0.000000,798.886377,690.863709
477.594226,0.000000,801.003296,705.236725
473.575214,0.000000,806.424786,696.780930
486.409280,0.000000,792.824768,698.156395
489.300882,0.000000,790.699118,698.940411
492.087270,0.000000,787.912730,699.938437
498.785212,0.000000,781.214788,696.208385
501.816831,0.000000,778.183169,694.762823
499.965483,0.000000,780.034517,689.331973
508.515914,0.000000,771.484086,695.881135
508.022178,0.000000,768.740356,681.847581
513.506279,0.000000,765.975281,672.893883
517.885215,0.000000,762.114785,675.903515
520.238567,0.000000,759.761433,662.849646
523.290975,0.000000,756.709025,654.414264
520.902690,0.000000,759.097310,654.073801
527.500051,0.000000,752.499949,664.127690
528.623378,0.000000,751.376622,669.931704
536.083631,0.000000,743.916369,692.851777
535.485541,0.000000,744.514459,701.795609
530.049014,0.000000,747.587952,704.475655
520.639011,0.000000,758.421387,711.279148
522.093265,0.000000,757.906735,710.913622
511.863527,4.080255,766.874023,708.436218
513.652528,18.200707,766.347472,698.401611
498.960847,57.947198,780.575562,657.036072
477.696320,90.643334,802.303680,628.661133
459.057480,114.216912,815.279358,601.616028
452.573227,125.626672,822.338928,586.712769
453.026261,121.592797,825.794434,591.409180
448.818100,120.900048,824.742004,592.176025
445.954483,118.337915,832.441406,594.031250
446.029160,118.414300,827.606750,595.111633
442.919053,117.497735,835.879456,596.161072
440.792496,114.676019,835.073486,600.063538
442.134171,118.194238,837.751709,596.849609
447.636002,111.550042,826.020020,605.447083
448.927628,114.166863,823.811768,601.222473
446.230118,110.984887,833.769882,601.876709
451.585671,105.522302,824.026794,606.828247
444.709206,98.459405,830.747986,619.027283
449.064461,94.358483,827.976685,615.856567
450.991738,88.790399,825.733948,624.546448
458.837410,78.845056,814.267700,636.088745
455.607613,65.046289,820.675049,646.154785
454.246926,56.984094,825.753074,656.602661
452.353809,55.682183,822.612793,659.294617
450.293171,45.022821,821.694519,670.174133
442.584126,42.745935,830.788879,669.641968
453.612202,37.502343,815.658020,674.872314
444.982380,38.707696,827.665222,680.036560
425.085194,30.557977,847.147827,685.850647
442.636891,17.627496,825.870361,698.228699
430.455891,14.251672,843.365417,704.765259
428.161518,3.046411,845.821350,707.937744
430.861134,4.850122,839.997314,707.173096
429.103504,0.000000,836.853149,711.524896
418.900227,2.320401,848.258972,706.373840
416.232716,1.036068,841.153320,707.098267
420.391377,3.406308,830.721741,696.850464
422.101307,1.454312,832.194702,701.711975
418.240406,1.799374,824.021240,697.892700
418.052937,0.000000,807.981384,699.829159
418.674854,0.000000,801.845703,685.149412
420.967335,0.000000,797.988770,701.905883
420.730488,0.000000,788.370667,685.109710
417.920490,0.000000,786.155457,699.316574
429.333729,0.133568,772.501343,679.919312
422.152699,0.000000,778.504517,678.830620
421.404621,0.000000,776.011169,675.003689
421.112476,0.000000,775.559326,670.391706
424.050465,0.000000,769.642090,675.471702
412.008686,0.000000,784.050110,678.647869
420.638783,0.000000,771.295288,664.009481
413.247456,0.000000,785.658020,674.292155
414.191547,0.000000,781.219055,656.735525
413.880116,0.000000,783.856567,653.703120
413.887501,0.000000,784.897949,650.776334
414.460133,0.000000,783.724365,649.130171
415.452046,0.000000,781.731262,646.771385
417.456074,0.000000,782.505676,647.042431
419.011158,0.000000,783.670166,637.292974
422.499561,0.000000,780.472656,637.284060
422.502705,0.000000,782.470764,631.873842
425.876423,0.000000,779.781189,631.751984
432.075367,0.000000,771.762695,627.685776
427.575123,0.000000,780.988281,629.796868
427.350727,0.000000,777.861877,633.484036
424.339741,0.000000,786.314514,624.839308
429.938557,0.000000,781.857605,630.368659
426.295277,0.000000,783.236206,619.775760
428.824543,0.000000,784.773132,629.901155
436.805378,0.000000,781.136658,636.732285
444.282246,0.000000,777.142639,643.363091
451.860951,0.000000,776.040405,648.353756
439.167866,0.000000,791.665100,663.391111
444.722065,0.000000,791.848938,687.347320
442.872334,0.000000,796.523743,699.609085
442.723133,0.560158,791.386353,708.164795
439.192951,1.220314,796.036560,700.147705
442.270130,0.000000,798.718872,700.055275
442.177509,0.000000,799.169983,707.154163
453.082874,0.674219,792.391724,703.329163
451.985066,1.103022,792.580017,708.242065
452.579487,3.222132,796.161682,699.246521
453.094959,1.695124,795.581665,706.516357
449.831623,1.420038,800.762390,701.569214
460.091267,0.821863,788.849792,704.023865
458.747242,3.353266,789.725830,700.730591
459.663715,0.000000,792.149231,707.406549
459.375568,2.450986,795.844421,710.118347
466.639149,0.000000,789.229126,702.974942
466.746388,1.395064,789.679199,700.939941
475.250599,2.930251,786.396118,704.437195
471.323719,0.000000,792.986206,710.745253
475.072163,1.218421,786.528870,700.635559
475.733570,3.175971,791.478760,695.011963
482.657490,2.710456,786.368713,699.288696
480.081654,2.763709,792.986694,699.899231
479.870045,0.000000,789.920654,689.859107
484.208302,0.000000,785.635010,700.219989
481.822498,0.000000,790.644653,700.504465
487.060352,0.000000,780.342041,701.883946
486.055409,0.253802,785.111938,694.598267
487.372028,0.000000,783.481628,695.755969
487.153553,0.000000,784.006470,700.368341
485.548115,0.000000,776.452209,689.865475
486.586384,0.000000,779.455261,670.156828
492.410481,0.000000,777.534851,698.837447
484.561451,1.040763,780.186035,684.112366
488.820210,0.000000,780.244690,680.851616
489.556202,0.000000,778.823730,677.708980
489.444569,0.000000,778.279175,676.026396
492.146961,0.000000,774.370483,674.376479
496.281605,0.000000,776.549927,689.606391
496.195484,0.000000,769.665039,683.889683
493.780201,0.000000,776.666016,669.804857
495.722431,0.000000,774.311584,681.530602
493.369221,0.000000,780.355896,663.419690
499.084217,1.924719,769.923218,675.060730
497.318592,0.710058,774.073120,654.593567
513.016651,0.000000,764.002441,683.676764
497.488392,0.000000,773.869751,667.468783
500.634998,0.000000,768.445435,677.143632
498.562702,0.000000,773.444275,675.620278
499.762440,0.000000,772.778442,686.856404
496.652546,0.000000,770.056091,676.053110
498.330464,0.000000,767.778381,687.868291
492.921772,1.294100,776.903381,686.045227
492.143482,0.147006,779.377441,677.488098
492.328175,0.000000,778.454590,674.993624
507.174946,0.000000,763.273254,682.928575
495.059498,2.156029,776.302979,692.975159
489.241291,0.000000,777.702820,698.997613
486.279011,2.792050,785.265076,708.564880
482.387501,0.000000,785.419678,708.269223
496.721638,4.271025,773.994080,712.571411
499.429798,1.069883,773.441772,712.780090
485.464527,1.274656,780.715332,708.274353
486.016895,0.000000,773.641113,717.751951
474.902699,0.286986,778.380249,712.669922
470.926716,0.000000,773.112976,709.644347
468.779224,0.000000,765.974365,712.974365
470.745075,0.000000,763.543152,712.734192
460.718586,0.000000,766.882751,711.953552
463.437153,0.000000,764.312073,712.073700
461.618946,0.000000,766.865479,712.126205
455.823292,0.000000,780.202637,712.615807
457.442310,0.000000,776.442383,708.436626
451.547138,0.000000,783.960999,712.386679
447.945240,0.000000,785.168945,707.426433
451.822346,2.658620,781.842468,710.913391
451.439411,0.000000,785.616638,709.952016
452.723560,5.272120,782.103271,704.829163
443.999714,0.000000,796.743835,707.701777
446.347401,2.203061,788.419556,705.056396
447.205006,0.000000,792.798584,712.024503
449.514179,2.589522,793.234924,707.317627
445.195606,0.000000,802.322021,710.587020
444.232166,1.034751,788.250122,710.244568
456.841480,0.000000,786.942383,709.583732
472.477039,3.883022,769.321411,703.988831
478.362019,1.523647,776.034851,711.961975
470.201618,0.000000,780.079773,708.383327
458.893665,0.000000,790.371948,712.114820
470.552693,5.021918,780.149353,700.374451
465.049915,0.000000,784.921265,713.054175
472.538197,0.000000,776.668823,707.552112
481.463490,0.000000,771.818237,710.567682
457.197285,0.000000,795.318176,711.996518
472.963337,1.858488,782.329529,707.913330
464.053028,0.000000,784.993408,713.734007
476.884693,0.000000,774.936768,711.163604
471.714771,0.000000,783.260010,715.899215
462.877674,0.000000,783.886597,712.383201
475.362599,0.000000,768.163086,710.487804
467.186604,0.000000,774.915955,714.268652
475.908955,0.000000,771.338196,710.045611
468.334095,0.000000,783.043579,714.834177
474.886189,0.000000,781.715271,712.451360
473.041340,0.000000,791.744324,710.620455
477.694203,2.095018,790.882202,709.154053
478.141377,0.000000,784.678040,713.426774
487.378407,0.000000,778.438354,712.417916
481.182789,0.000000,782.284424,708.733525
489.163258,0.000000,771.745361,714.018648
487.034443,0.000000,776.132874,706.988542
487.949513,0.000000,767.537842,712.524972
494.711689,0.000000,762.636536,713.478550
493.418781,1.280443,764.212585,710.060242
492.434254,0.934588,764.426514,708.312012
492.802235,0.471789,758.318726,705.783020
493.027088,2.083178,758.527222,701.342224
495.277485,3.171190,756.207825,701.288757
495.396381,6.175280,757.473450,708.515442
486.324940,1.484331,774.488647,703.989624
494.503101,1.193316,758.723633,708.658569
497.039967,3.590716,759.433105,704.206055
488.978443,3.567888,762.506592,703.591309
489.370228,2.227038,753.836304,703.332336
491.498951,2.735766,753.609619,687.699158
491.616901,0.140886,750.898865,694.654541
490.742848,1.860003,751.042969,686.707275
476.209187,3.294909,773.181580,689.388733
474.029133,0.339190,777.255066,698.073364
476.160816,2.967608,780.814941,688.394409
471.542103,2.162707,783.334106,685.417297
468.634266,0.838061,780.589478,687.636414
466.281849,0.357653,782.854370,686.104309
460.639729,0.000000,792.203064,695.031695
446.269703,0.000000,807.103516,697.173348
440.157795,0.000000,807.813416,690.104588
448.064015,1.479082,813.115723,700.854919
448.826130,0.000000,809.552673,695.296191
446.094776,0.000000,817.382324,695.538446
446.795307,0.856289,811.965637,697.466492
438.827381,0.000000,817.945679,697.215603
434.808796,0.000000,822.924011,707.737013
431.203907,0.000000,820.006836,702.725562
434.226124,0.000000,824.729492,696.247882
439.588764,1.007364,816.981750,689.637451
437.713886,2.403940,813.197327,670.145081
440.814442,1.258096,818.448853,675.638916
439.381336,0.000000,809.810913,661.551340
446.516071,0.000000,811.107605,666.800237
446.177754,0.000000,811.732239,666.692172
447.801899,0.000000,816.944885,661.142320
450.779224,0.000000,810.902100,661.626824
452.279621,0.000000,807.353943,674.999935
451.503651,0.000000,809.841431,689.237028
455.349140,0.000000,808.328674,673.538802
460.860890,0.000000,797.736328,697.423973
466.495625,0.000000,786.768372,666.458538
465.813740,0.163687,787.583069,670.291077
470.535175,0.000000,776.562561,667.868917
469.357594,0.000000,782.509033,670.385722
460.238087,0.000000,782.329834,666.575033
466.471027,0.452800,778.110779,660.371826
461.957844,2.560588,784.007751,655.941406
452.342579,0.397959,787.033691,657.873108
451.588093,0.528147,784.952332,662.220642
451.795765,0.000000,778.951050,661.364939
450.285999,0.000000,779.790894,659.537176
450.447590,0.000000,776.831970,653.906710
456.816578,0.000000,775.160156,661.813188
457.208881,0.000000,772.221252,656.847817
453.087330,0.541920,773.925781,665.418274
459.343128,0.000000,762.142456,685.522602
455.523426,2.728220,762.969360,685.714844
451.254566,0.000000,771.773682,677.610727
452.008137,0.000000,767.235046,693.665746
441.785511,0.000000,778.339233,684.282305
439.153401,0.000000,772.821472,672.575753
428.527912,0.000000,787.329529,687.207036
419.911762,0.000000,792.717590,684.901186
412.478932,0.000000,797.414795,686.755006
404.781788,0.000000,807.928711,688.047883
413.132862,0.000000,803.289551,680.085526
414.918324,0.000000,802.747681,677.540657
410.253895,0.000000,806.907104,669.930759
410.830158,0.000000,808.509460,661.224657
406.946674,0.000000,808.058899,665.331841
402.628834,0.000000,815.817627,658.956295
399.932148,0.000000,816.023743,655.396849
396.599659,0.000000,815.685059,658.292083
391.453785,0.000000,821.582520,665.129531
395.108845,0.000000,817.141541,653.885872
396.111347,0.360233,813.202209,663.773315
390.359058,0.000000,819.483643,669.020756
395.340717,0.000000,813.878479,663.125460
403.244251,0.000000,801.133667,675.709702
406.098866,0.027367,800.919800,682.572937
407.198567,0.000000,799.322205,706.843377
408.308033,21.497463,801.324463,689.697083
415.075886,119.326535,785.420837,594.881470
416.877125,222.319073,791.009033,496.365875
421.709278,296.662930,759.655273,418.972595
416.790180,338.131665,759.944641,381.868335
424.411915,356.328482,748.343750,363.671518
426.451923,338.254252,753.378967,381.745748
431.001057,304.828207,777.144714,415.171793
434.256947,235.691935,777.410278,484.308065
445.880055,188.720052,769.350830,524.979614
440.294361,165.701284,779.743164,548.485413
442.930653,160.820424,777.720093,556.528625
448.470600,163.797994,773.584534,554.216797
454.155079,165.729207,771.733643,552.737671
461.614124,167.915700,768.306519,551.397156
468.647877,173.686056,765.623291,544.714600
474.488911,174.750326,757.263977,539.043823
475.879627,175.335836,760.992554,541.020264
479.104878,173.607473,757.740051,544.641296
478.890675,171.564535,765.064941,546.914673
478.863453,168.294149,761.245605,549.315552
478.078419,165.933370,760.874268,551.825684
477.052082,163.527639,758.437927,552.197449
473.856983,161.655233,766.851807,552.018677
471.377979,160.616933,765.989014,553.395813
470.629566,162.086019,769.878418,551.286743
467.576771,156.847310,771.148315,557.274414
464.645619,160.616781,775.022339,553.761108
463.597462,159.909017,772.851562,555.213013
465.436115,158.391347,771.037048,556.443665
462.171070,157.986593,781.483887,556.324951
460.570301,156.655965,790.836304,558.977417
463.865681,147.128347,797.953796,570.684509
481.085621,150.055471,790.871582,566.749451
492.326069,148.941366,784.185364,566.076050
483.601276,146.454549,795.175720,566.110962
483.091084,137.792684,789.509583,574.306274
480.715016,132.519521,793.339844,585.160217
450.156513,121.408346,778.577698,593.878662
404.477497,115.130453,795.030212,600.660278
390.094746,115.592794,793.693665,601.054688
380.446430,113.017019,805.112854,605.262146
381.604023,113.328054,813.395569,599.215759
389.690449,106.926168,816.747620,610.837158
408.322041,102.586568,820.765686,608.995850
428.698750,98.904531,813.109436,617.314026
436.741322,93.786733,813.804810,623.070129
436.760975,85.047658,822.893188,630.855652
435.776142,86.989034,825.466858,628.024414
437.329426,71.688436,825.809265,641.620239
441.237812,76.358602,818.507629,637.256226
441.817890,69.695638,828.675354,638.595337
444.032185,63.189474,825.118347,649.898193
442.044911,62.167348,823.459106,652.206116
449.506458,50.139943,824.508911,662.287537
448.844746,51.990194,819.428284,657.464233
450.747730,47.393789,822.510498,658.325989
458.906391,45.904989,816.242004,667.739136
456.641773,40.839010,817.763428,666.301758
463.022175,35.075216,811.073914,674.342041
465.426991,31.943776,812.578247,676.688660
471.459766,30.019521,803.914062,678.342590
473.267078,30.007558,802.961060,676.427307
472.252644,22.816945,804.195007,690.474304
473.364308,18.672170,806.635692,690.879822
473.349909,14.575643,802.472839,692.792603
477.321619,18.151113,802.678381,694.654114
477.659894,12.661306,796.898804,696.069763
481.849622,10.594381,798.150378,699.443848
477.360938,11.524190,801.669983,700.761475
479.791968,8.873311,796.684631,706.288574
484.712378,3.063894,791.338684,709.675232
490.816901,0.000000,786.260498,709.134267
495.010413,0.000000,784.332458,703.368769
505.264594,2.022947,773.694214,706.243774
509.558936,0.000000,764.293030,710.021451
518.616828,0.000000,753.899658,712.707503
521.029150,0.000000,751.419250,713.614555
522.142249,2.478389,749.798279,712.587463
520.304907,4.733913,749.553040,711.752197
523.066901,7.410152,743.708984,709.838928
521.185828,9.557857,752.937927,707.690002
521.228217,15.248317,746.485962,696.862793
520.572363,19.320339,751.582581,698.991211
520.482672,24.171474,748.448975,690.001831
524.225897,28.925594,744.277954,683.458435
524.703619,31.130886,744.209229,688.515869
528.446875,34.166958,740.433167,682.891724
536.156622,31.236721,736.439697,682.756592
540.785132,24.993129,735.122131,686.756958
544.894904,25.178493,723.980225,691.290283
548.823493,16.512569,718.090820,698.642151
553.804602,14.494442,712.084412,695.924988
554.995490,9.623775,711.534912,705.085754
553.010565,7.905697,714.474487,708.528015
555.455054,0.000000,714.351135,717.244899
552.160986,0.000000,711.519348,716.532972
546.815680,0.000000,715.483398,715.953406
542.631903,0.000000,718.479126,716.349994
538.646491,0.000000,720.448975,717.160776
540.698218,0.000000,732.158508,716.607701
543.531043,0.000000,718.489685,710.624712
544.042029,0.000000,717.025330,712.585153
543.416846,0.000000,719.447083,714.843022
538.955390,0.000000,724.567505,718.215853
534.571631,0.000000,724.381897,709.571763
541.013770,0.000000,721.958557,716.452111
551.854804,0.000000,703.801147,715.336804
543.174902,0.000000,709.193420,713.301184
546.156744,0.000000,710.641602,714.896197
535.906195,0.000000,717.641968,716.522531
541.341712,0.000000,714.119080,719.654881
545.241278,0.000000,708.865356,718.306383
546.959113,0.000000,702.993408,718.570764
540.933753,0.000000,708.005066,717.347210
536.100867,0.000000,716.686462,717.229452
536.199561,0.000000,719.346497,719.423503
531.975104,0.000000,716.049316,709.348379
530.578314,0.000000,722.484253,712.938075
535.040839,0.000000,701.566528,715.397138
531.045783,0.000000,705.524414,713.040824
535.575232,0.000000,699.589294,711.188167
532.032568,0.000000,700.913879,719.385893
533.136206,0.000000,698.403137,714.340865
530.748145,0.000000,697.001038,709.900138
528.362128,0.000000,701.579956,715.433437
527.051093,0.000000,707.309692,712.491224
529.272681,0.000000,696.184143,710.130042
529.320593,0.000000,698.682556,715.831470
526.204535,0.000000,697.115601,708.446008
531.275641,0.000000,694.664551,714.509229
526.006445,0.000000,694.123596,707.047888
518.305884,0.000000,702.740784,714.057697
526.951209,0.000000,708.662292,709.891397
528.204993,0.000000,693.413269,708.524342
526.411078,0.000000,705.619751,714.249689
522.055792,0.000000,697.719727,708.225248
520.182105,0.000000,699.692688,711.556380
515.478796,0.000000,704.373230,713.180167
512.196845,0.000000,707.039917,707.157741
511.666663,0.000000,708.006287,711.789045
513.338171,0.000000,709.645203,703.087485
506.809760,0.000000,715.926392,709.855480
504.686408,0.000000,713.160156,705.406225
503.619330,0.000000,717.500366,682.145617
501.318427,0.000000,717.225952,670.743524
506.009711,0.000000,714.546509,665.481961
494.654150,0.000000,733.176086,661.923933
501.650092,0.000000,719.028931,659.999961
494.046118,0.000000,729.438782,653.142162
495.346991,0.000000,725.478149,648.134222
495.225958,0.196536,741.084229,649.740906
495.983161,0.000000,723.783691,650.477908
501.534644,2.030153,719.568909,656.082397
497.570258,0.000000,723.058472,653.137788
497.781378,0.000000,723.322754,658.764542
497.513678,0.000000,723.420654,645.661049
498.143591,0.000000,726.365173,643.653553
496.995032,0.000000,734.941589,645.042231
493.503912,0.000000,740.015869,645.012937
495.262213,0.000000,736.848145,638.516997
492.744574,0.000000,739.467407,634.772659
493.621832,0.000000,736.837891,626.931923
488.433569,1.745136,748.739075,622.853760
490.606116,0.000000,752.057312,620.203235
482.227301,0.000000,756.142578,618.589991
476.907446,0.000000,769.384094,621.033917
474.441901,0.000000,777.723633,619.224173
477.020117,0.000000,766.783020,606.748470
482.804358,0.000000,765.650818,625.133543
478.347937,0.000000,766.722595,613.737334
482.016058,0.000000,759.844849,612.799789
486.203681,0.461479,755.388550,604.876099
491.142920,0.000000,752.419250,598.795829
488.812537,0.000000,756.675476,597.047390
493.807807,0.000000,752.537964,595.437025
495.699530,0.000000,747.246460,609.944465
500.719489,0.000000,741.439941,615.904087
499.437964,0.000000,747.814758,616.054765
498.798316,0.000000,748.633362,607.503030
500.898718,0.000000,742.050720,617.418538
502.883765,0.000000,738.491516,619.948618
506.676520,0.000000,732.533691,619.716680
508.394171,0.000000,730.341064,611.419680
505.622992,0.000000,731.409058,603.455293
512.192420,0.000000,731.463074,593.471512
514.538947,0.000000,727.566406,598.681832
514.017951,0.000000,737.059326,591.337589
513.347815,0.000000,732.760437,582.078249
513.120093,0.000000,731.849915,575.735414
513.477301,0.000000,730.454346,569.761872
509.097693,0.000000,730.738220,568.298233
509.385779,0.000000,732.520203,571.636879
514.715491,0.000000,724.995544,564.638294
512.032904,0.000000,725.706909,559.553339
516.744299,0.000000,718.241638,551.657163
510.060431,0.000000,722.116211,548.118224
506.383734,0.000000,724.419312,547.184600
504.212012,0.000000,722.521301,551.468887
506.246954,0.000000,721.844727,553.065803
502.907630,0.000000,722.343933,554.653355
504.679633,0.000000,719.182495,551.503862
499.801550,0.000000,725.285828,556.311318
526.891882,0.000000,726.623718,596.408223
543.094122,0.000000,725.030273,588.238596
549.424841,0.000000,726.751160,587.683629
556.938147,0.000000,717.493591,590.134936
544.247473,0.000000,730.642273,590.985986
551.125525,0.000000,721.944519,595.246594
506.539771,0.000000,740.275940,599.562842
435.743933,0.000000,741.049988,600.414111
358.992102,0.000000,737.096130,599.125879
302.766608,0.000000,747.785156,602.487439
272.341071,0.000000,744.805908,598.674719
254.087744,0.000000,736.416809,596.948352
223.648352,0.000000,746.989929,612.226770
211.177893,0.000000,738.598816,613.182538
211.052161,0.000000,740.743591,593.868155
226.285803,0.000000,731.355896,589.227748
215.844122,0.000000,750.465820,581.135297
218.075842,0.000000,749.946472,575.662375
224.021094,0.000000,745.416321,563.211559
235.897284,0.000000,737.249878,552.245336
243.585394,0.000000,742.981812,539.933612
240.461249,0.000000,748.485474,535.889078
253.374609,2.104390,735.396057,533.007202
258.392310,0.000000,748.168762,514.288563
273.688513,0.000000,741.354431,519.036250
272.720130,0.000000,750.311218,513.003507
276.798621,0.000000,752.624695,511.148757
284.188330,0.000000,747.298401,502.179908
286.939551,0.000000,748.824524,499.435077
280.225226,0.000000,761.757080,504.057016
281.312018,0.000000,759.001221,505.112096
284.163275,0.000000,757.325562,507.430941
286.495673,0.000000,753.289185,512.389817
288.178992,0.000000,751.144714,511.053216
284.567389,0.000000,753.699219,511.411190
283.993659,0.000000,753.226318,506.277327
282.619879,0.000000,753.386230,496.153159
288.713782,0.000000,746.351990,485.062633
288.489325,0.000000,745.098511,480.582327
297.919745,0.000000,733.655884,475.601420
299.216010,0.000000,732.052856,480.571721
315.821936,0.000000,723.459167,483.917193
284.053778,0.000000,759.713501,501.540552
306.785712,0.000000,743.942749,495.532834
322.726782,0.000000,729.310120,516.717497
321.168524,3.682159,732.376587,508.875397
323.546118,0.000000,733.674377,512.178939
319.501196,0.089408,738.308655,519.492065
322.251837,0.105552,735.198975,532.426331
316.811286,0.000000,741.673096,537.985832
306.714453,0.000000,754.240051,559.048702
318.028174,0.000000,741.913391,586.545774
313.470374,0.000000,750.284851,610.191802
323.443244,0.000000,739.349609,630.767807
319.262732,0.000000,737.343933,623.816307
321.981787,0.000000,733.147034,627.034649
313.357581,0.000000,740.998718,615.819296
318.476813,0.000000,729.146729,623.431834
310.733130,0.000000,734.347229,619.578771
284.887579,0.000000,740.220215,639.196917
250.383063,0.000000,744.102295,648.107431
238.912787,0.000000,736.168335,664.891209
246.868933,0.000000,720.049744,696.830004
231.800208,0.000000,730.939148,679.618920
236.071509,0.000000,723.743958,681.825726
234.053137,0.610464,726.606873,684.408264
236.513709,1.180716,722.051208,681.223572
245.079535,1.544821,713.104858,680.817627
243.966315,0.000000,717.429688,685.500174
246.992987,0.000000,716.299438,692.206081
247.912695,0.000000,715.390930,696.736097
247.141028,0.000000,713.969910,707.550055
246.868964,0.000000,722.323608,705.190982
255.809149,0.000000,711.793335,707.299623
236.388556,1.655518,736.943848,711.607971
252.414404,0.000000,722.326721,706.476441
251.665625,0.000000,724.555725,709.107514
250.411109,0.000000,731.609680,709.410141
251.530310,0.000000,727.674744,711.747307
253.614447,0.000000,728.540405,711.708767
252.454810,0.000000,730.970764,712.261488
258.396277,0.327094,727.466248,711.625610
262.618933,0.421393,727.639587,708.683594
257.909277,0.868995,733.890198,698.709045
261.358008,0.012641,733.494934,691.053345
265.051276,7.234565,735.489990,687.702759
265.760932,7.288123,733.996704,681.952087
259.164618,9.639472,748.353638,685.021118
262.181342,6.448127,745.592896,699.442627
267.642310,7.474372,740.919006,703.283936
255.237769,13.123176,756.670471,697.215088
262.927680,24.612494,747.573853,690.595581
262.020636,38.213447,753.522461,671.777466
260.353339,44.136451,757.530640,666.309875
261.038306,47.603248,756.139709,666.596252
260.984869,48.043921,756.878906,669.335022
257.773016,50.961066,760.054077,660.966797
256.765387,54.503974,763.721924,662.402222
251.868018,52.552833,768.485413,661.822083
253.067328,56.754340,765.184937,656.135620
256.336249,55.195380,765.366577,655.657349
259.979437,51.034125,765.097534,658.276978
254.622321,52.349616,769.629639,663.294434
255.322638,52.575446,773.000244,660.818359
252.271979,52.270545,771.133789,660.160828
260.714789,53.958137,766.459595,655.304443
259.489874,52.479011,767.703369,661.272949
256.271918,51.431525,771.953247,659.776855
257.468024,49.713782,774.303955,659.083679
261.575873,50.197303,769.887329,666.257996
258.816199,45.216285,775.036560,667.150940
260.732672,42.406623,769.230469,667.770508
262.704321,41.572730,769.667786,675.697083
262.701575,40.038123,769.410095,672.496033
266.437628,37.332282,763.585449,678.947998
266.089880,35.566443,763.394470,681.428162
271.331122,29.428260,756.998657,683.167175
259.218756,28.410438,771.498291,683.147644
269.100409,30.370246,757.823608,683.526367
264.684973,19.344703,766.463074,691.712708
259.243353,22.693549,773.427368,686.529419
264.393866,21.169196,769.652954,686.661621
262.561713,19.317420,774.974243,684.450378
269.071417,14.505103,771.149170,697.798401
276.884772,14.680701,759.847656,689.673767
279.302985,13.004096,759.821777,694.846313
288.046820,11.401862,751.007935,700.113037
282.819617,11.789374,755.652771,696.315552
288.972601,9.063758,752.780396,696.841736
292.706549,6.167792,749.220215,699.404175
291.849738,4.120246,752.063232,707.698975
297.531989,3.124702,747.024414,702.572876
298.200385,4.117408,744.318481,708.868958
295.902808,2.283576,754.114319,704.986328
306.069769,5.081153,741.974243,701.822571
302.213446,0.000000,747.911743,712.119636
302.337042,0.000000,745.787842,702.977207
304.960242,3.293779,746.737488,690.681396
304.038641,1.937486,747.457153,663.210632
298.003272,2.608415,753.285950,670.320435
306.500617,0.039659,748.370117,673.664978
300.513434,3.073045,750.326416,669.601135
309.356116,0.000000,739.461121,679.900743
300.840033,0.000000,755.253540,675.803002
293.842291,2.192242,761.332764,677.160217
300.490576,0.886639,753.354553,677.519470
301.630286,0.000000,752.993591,684.788922
302.883429,0.000000,746.137207,684.240103
305.767432,0.000000,750.915344,682.928493
316.873724,0.000000,737.939819,682.920209
322.626013,0.000000,736.530457,685.632224
326.834937,0.000000,731.936340,687.813701
328.462744,0.000000,731.123108,692.878713
322.457709,0.000000,735.887573,681.775935
330.407019,0.000000,734.391785,682.698331
332.920630,0.000000,726.046448,683.436019
330.505866,0.000000,727.212891,675.682731
328.749457,0.000000,729.744995,667.019222
327.894995,0.000000,729.667053,667.680509
326.933753,0.000000,729.415955,685.709304
324.321356,0.000000,731.432495,680.164100
320.537512,0.000000,733.323669,685.167408
320.628485,1.060755,737.630005,687.497803
320.236853,1.623743,736.193298,697.172852
322.516577,0.000000,732.497620,701.479669
325.824683,0.000000,728.967102,701.800839
322.274298,0.000000,730.802246,700.868071
325.835181,0.000000,727.122620,706.489394
324.235632,0.000000,728.974548,705.174873
323.151312,0.000000,731.952515,705.041630
320.322028,0.000000,733.113281,704.529207
319.419379,0.000000,734.355347,701.628922
312.950018,0.000000,745.028687,696.667428
310.170050,2.722904,747.734375,691.405945
313.843421,3.861881,742.780457,687.860413
304.520606,3.988957,749.240540,693.663147
307.987158,2.948094,745.990295,691.163330
317.332648,1.806767,736.860352,688.899841
308.832495,1.442784,745.844055,683.912964
303.594977,0.048405,749.229492,682.926331
312.490729,0.000000,742.331055,683.579411
314.632086,0.000000,736.381348,679.667360
311.158728,0.000000,744.384216,682.683503
316.938208,0.000000,738.180969,680.925522
313.708563,0.000000,744.322632,689.055565
314.348700,0.000000,740.005005,706.132000
317.258399,0.000000,737.324524,698.907126
312.056372,2.441966,743.755188,707.622803
312.373480,0.000000,741.033813,685.892009
310.624304,1.275899,745.773132,694.963501
310.878638,2.655752,749.475403,692.424500
314.703558,1.604726,744.134155,688.854187
308.758154,1.436574,752.631409,676.247620
306.884985,0.000000,752.203674,679.280538
305.592993,4.398204,758.239075,663.706299
307.359534,4.420878,747.553650,672.793274
308.755133,1.537974,749.265137,674.472900
307.482275,0.000000,752.833801,679.879618
310.269385,1.834646,747.290100,687.723022
316.596289,1.250081,740.558411,684.134338
322.131934,0.968557,731.947571,699.302856
319.348029,0.000000,735.437012,696.676839
313.145331,3.501261,739.999634,695.844482
304.833930,0.000000,749.107544,694.248545
309.863898,0.000000,743.588623,696.651342
306.397101,1.079852,746.096680,689.525085
306.788336,1.550463,744.523193,695.499878
304.787146,2.012927,743.192566,702.805664
310.016730,0.000000,743.755371,696.141162
307.575537,1.291375,741.832092,689.124329
309.398016,1.301568,738.706665,690.770447
314.602332,0.788568,730.240417,700.323303
309.196539,0.000000,732.332520,699.762903
312.355689,0.000000,735.571106,685.978039
299.108435,0.223456,746.924255,674.293091
307.173102,0.000000,739.484131,686.738776
312.910834,0.000000,730.159546,688.170627
311.137000,2.647203,733.928162,681.935547
304.073554,2.167528,735.810181,700.159546
308.172675,0.000000,734.419800,700.350389
305.153937,0.000000,738.647461,680.643639
298.265234,0.000000,736.782776,681.776165
307.662451,0.956412,728.168030,694.085999
298.755560,0.000000,738.666626,687.214895
297.562293,2.627193,740.019226,694.588928
292.904791,5.482539,739.954102,682.927551
293.590064,5.677699,737.337219,692.049927
297.442725,0.000000,727.406555,698.067073
292.414038,0.000000,731.726379,681.676481
291.483618,2.320906,734.566711,685.634277
289.059302,3.110579,737.239563,686.436035
288.578345,4.162429,737.048645,678.224426
287.671240,2.907698,740.062317,670.305176
280.172156,0.000000,744.591492,664.741286
267.773322,2.421119,756.826660,660.100952
265.465704,0.609260,756.959473,658.377502
262.900946,0.000000,754.026001,660.640357
258.076422,0.291462,753.812256,664.907532
254.491919,0.636402,764.912659,667.849487
249.634436,0.959644,764.560486,671.541138
255.223700,0.232410,762.183472,678.880615
260.233191,0.986499,755.716003,677.956421
262.131506,4.072956,752.215515,680.030823
271.371924,0.000000,739.143860,677.632770
271.448706,0.000000,737.403870,695.729929
275.620429,0.773900,737.694458,676.178467
270.451758,0.000000,742.669250,687.299230
271.278784,0.000000,745.756653,688.121447
272.185187,0.000000,744.237061,683.577935
272.492987,0.000000,747.911987,680.682828
272.358344,0.000000,742.652954,675.755629
270.800177,0.000000,742.865723,665.885749
267.609686,1.045993,747.546997,676.848450
269.790808,0.000000,746.730408,663.660984
268.753302,0.000000,747.494385,676.095171
264.978766,0.000000,752.039062,669.743813
268.987769,0.000000,750.234436,674.492085
271.327429,0.000000,750.825623,670.392527
271.301642,0.000000,751.903076,668.971166
272.455023,0.000000,747.440063,669.005236
273.700842,0.000000,747.951355,659.429803
272.221381,0.000000,747.640747,650.029874
272.979865,0.000000,746.559326,653.214949
274.176734,0.000000,745.161438,643.434165
276.838629,0.000000,745.913330,634.434215
281.366583,0.000000,742.553223,629.169134
275.035895,0.000000,749.176270,626.539493
279.883826,0.000000,745.649841,623.359773
283.857367,0.000000,742.590942,626.858323
281.760108,0.000000,743.731750,626.645165
277.943152,0.000000,745.913025,624.764019
279.500067,0.000000,743.680786,623.040823
282.724951,0.000000,743.833557,625.282649
283.853430,0.000000,738.979187,625.421171
287.830969,0.000000,739.189880,628.178664
287.354071,0.000000,740.794800,626.005287
283.747656,0.000000,746.292297,620.534931
277.191382,0.000000,749.540100,616.919382
272.112219,0.000000,757.747009,622.785436
272.809485,0.000000,754.917175,625.350665
261.336371,0.000000,767.193481,621.814523
258.940527,0.000000,768.984192,624.024876
253.082953,0.000000,776.773071,625.397631
252.708655,0.000000,774.328064,625.877771
250.972723,0.000000,774.005493,623.591076
248.333777,0.000000,776.091736,632.237036
243.370154,0.000000,783.172058,641.637988
248.963782,0.000000,778.854675,637.621301
245.273200,0.000000,781.486328,635.958295
243.092108,0.000000,785.575073,632.317862
242.206763,0.000000,787.504456,622.701045
242.326666,0.000000,787.660645,611.717191
246.382849,0.000000,779.812195,608.351485
245.500494,0.000000,781.876221,598.550010
245.665076,0.000000,780.695007,604.210399
242.959570,0.000000,782.675110,594.649511
242.682532,0.000000,782.035828,599.481006
241.296027,0.000000,779.990723,603.782464
244.933600,0.000000,775.929199,600.466916
244.874213,0.000000,775.234741,604.855406
246.278418,0.000000,772.002502,603.283172
244.606543,0.000000,771.481995,609.458511
239.249152,0.000000,772.202148,610.154274
240.261511,0.000000,771.118347,600.720631
242.013739,0.000000,766.295532,615.925501
245.698309,0.000000,758.870239,625.883954
247.600653,0.000000,755.612915,628.025534
246.425147,0.000000,748.774231,629.333720
256.430182,0.000000,743.701660,625.596243
254.524237,0.000000,739.492310,622.941737
252.922919,0.000000,746.887573,619.862531
251.712073,0.000000,736.910583,608.915274
239.567908,0.000000,748.251892,596.289363
226.135016,0.000000,753.544434,592.813291
214.307501,0.000000,763.676758,592.754699
214.675879,0.000000,759.636780,592.865936
216.003668,0.000000,751.802734,588.782547
207.145056,0.000000,753.146912,596.031349
211.459357,0.000000,741.366455,588.856953
208.148322,0.000000,738.126709,594.916452
220.788977,0.000000,720.016052,593.379094
213.220679,0.000000,730.062805,592.437319
210.059363,0.000000,727.577087,594.265779
213.805792,0.000000,714.341064,593.124711
213.817847,0.000000,704.336975,592.460060
213.252997,0.000000,699.583618,599.569874
208.530249,0.000000,695.595032,616.716486
198.462866,0.000000,706.778870,635.547605
215.463202,0.000000,671.640259,657.384734
209.832098,0.000000,655.702271,688.961105
217.265723,0.000000,636.240784,711.285362
219.035437,0.000000,631.746033,704.578625
225.314581,0.000000,621.205566,706.634619
230.744208,0.000000,613.024780,707.373370
232.492743,0.000000,609.418091,714.615182
244.464972,0.000000,607.343750,711.531010
255.588385,7.930270,607.532715,703.573059
255.905493,19.693545,617.064026,692.323608
267.839819,34.038485,615.798645,685.961515
283.190131,43.005876,605.778442,667.461060
288.138464,59.592027,599.696228,655.035828
293.821723,75.272783,592.601440,644.727217
277.840338,90.664589,613.520264,628.039307
287.784491,102.375130,608.536987,617.090393
300.284888,112.168404,599.797180,607.831596
293.471442,117.364292,607.953125,602.188354
301.122412,116.992985,600.972473,598.903137
282.175055,112.714176,619.408691,605.844055
294.009375,106.401219,607.484436,610.202393
300.179053,105.438969,601.961243,612.974792
284.174628,106.414616,621.432495,611.294983
309.878455,108.672947,593.391785,604.890381
293.651160,106.802037,611.742615,609.374390
320.246588,103.443943,586.717773,615.488525
317.983222,103.824681,594.818481,610.264160
336.994605,102.028508,570.673645,617.125549
320.140936,95.365330,560.143188,621.401855
322.289008,94.516850,540.248169,622.518250
314.961401,88.197178,535.632874,626.212524
309.398383,87.301945,539.403198,628.326965
317.495154,83.673924,531.336853,634.393311
314.602271,82.701847,532.047424,631.177551
312.920386,76.748753,532.003235,641.309326
305.492041,75.102970,525.229065,638.266663
289.691290,71.352391,528.078369,642.426514
280.387702,70.596653,517.989990,641.847900
273.338843,71.352940,512.774963,643.545776
274.557425,70.293919,503.422272,644.605225
274.591773,58.687413,496.219788,653.911011
272.636221,44.739201,492.185577,666.326965
269.584067,42.456700,491.401947,669.705200
265.113257,42.963261,494.749329,668.249451
255.309622,45.692478,506.614899,666.852051
241.414084,48.507939,494.477020,664.671814
226.518775,55.368565,484.985413,654.005981
216.420889,67.698521,485.779083,643.337036
213.830359,82.008213,484.774597,625.841675
211.990912,86.567875,478.976929,622.556824
209.990775,99.010441,474.218170,609.228333
200.182257,104.475956,478.207764,606.757263
188.216513,114.606541,470.190521,595.695801
180.574286,117.110478,463.640015,595.014099
185.859412,125.315953,459.849792,587.890015
190.736640,124.884404,455.435425,587.226746
184.254187,124.506565,464.407898,590.288818
181.292548,125.704014,463.634644,587.472534
180.864996,127.794102,463.730469,585.996216
174.149512,132.643467,472.350647,581.212769
168.487219,133.222111,476.946716,579.162903
168.765433,135.280705,474.373444,578.305969
167.294364,138.819310,474.037506,574.060059
165.906333,145.164402,474.436127,567.920898
164.377570,146.218510,474.289795,569.879089
170.909079,143.846348,465.520721,573.958374
178.847907,146.114170,461.473145,569.873413
185.260718,145.642369,454.398499,569.680054
191.816168,148.050663,455.327637,569.737488
201.651968,148.823002,453.742950,565.515564
221.318945,152.742894,445.246643,565.401855
230.569861,151.632725,447.043884,561.488892
238.779929,151.249302,450.152313,562.531128
240.641684,150.110173,455.917084,565.374573
255.312750,150.414769,454.073242,562.833984
281.845648,150.716435,450.924438,567.177429
298.289221,146.913700,458.780457,567.472351
320.171240,131.366215,467.947815,583.171814
338.405203,118.472966,468.801910,597.405090
346.157126,113.354374,470.309784,600.918884
339.559058,115.072605,480.532288,597.166992
344.258368,112.608769,475.093140,599.740417
352.871588,115.152684,466.074707,595.521973
355.329230,116.839054,464.970703,597.158997
356.809119,116.788273,465.420837,593.705139
368.832266,113.382115,452.262726,598.367310
375.319663,115.718113,446.854584,592.223633
379.484381,117.000553,442.578613,592.428040
387.158316,116.231907,433.963165,592.626465
385.616232,118.877415,433.721405,580.001953
390.193137,119.380894,433.309296,576.014526
397.968268,123.740055,423.325195,570.930725
402.798453,122.304936,421.834015,567.434021
413.734641,122.221440,416.666229,563.745544
421.040793,120.304844,415.549286,568.699829
429.586554,119.879582,408.444336,563.977356
435.045157,122.638645,406.780304,557.954590
439.417059,121.830235,405.447876,554.472778
445.061347,120.054814,404.194946,552.022888
449.742499,118.492314,401.898560,547.463806
453.843878,118.467778,401.924072,551.838806
456.546256,117.066624,402.499786,545.304932
460.586905,112.681309,400.133087,554.353394
464.369742,112.012028,398.734161,558.462219
462.536215,117.313603,400.346283,549.355896
464.224570,116.235081,400.874359,551.695312
468.744086,108.503575,396.699829,560.397339
472.472083,110.374943,395.001404,559.085999
472.460623,111.073368,396.117828,558.500916
471.271399,110.319340,397.236511,555.391296
471.641196,109.958409,396.870941,550.643677
471.254340,103.096897,396.655151,551.977539
472.746451,104.912693,395.491974,548.259277
475.385916,103.564549,391.917389,545.938721
474.887763,106.017704,392.275024,541.220398
470.271231,111.236912,395.933624,534.554688
482.812232,112.446171,381.648010,528.384216
487.621680,113.719853,375.503723,525.917664
489.046988,112.295445,374.111603,523.478149
488.516638,114.781834,371.660583,516.390137
491.573935,116.427189,367.038422,517.423645
490.747946,115.727116,365.811981,526.365540
493.765372,115.763218,362.350372,527.446899
497.477393,114.018101,357.029358,519.672974
498.898367,116.241093,355.824615,516.176697
502.039618,116.786778,352.071899,516.713013
503.459921,119.701969,351.433197,507.867737
508.623969,122.314778,349.797241,510.324005
510.767951,119.466008,347.805908,506.914124
513.794302,117.578495,345.480743,509.235046
515.940665,117.371220,344.989777,508.541199
518.526953,116.720097,345.796204,508.996033
519.747260,115.050923,346.804565,506.012848
518.923682,118.976795,346.583069,496.102753
523.481894,115.433110,343.078949,495.312439
522.297003,113.753071,344.251709,489.586334
530.428870,110.776951,343.443542,488.781128
544.108588,106.979420,345.578491,483.653778
571.516516,103.596089,348.748962,479.253937
605.031561,98.229893,348.362915,476.883545
630.572638,91.292912,345.649414,482.950745
649.689002,92.610569,345.341736,474.482910
662.504569,88.738346,347.807770,476.518127
672.886038,84.178242,344.792633,478.745026
674.375174,81.591145,345.566315,480.746490
674.528311,78.659230,346.566925,488.339691
674.777213,77.765950,345.999298,495.430206
674.615927,75.486973,345.707611,496.054565
672.663291,73.650074,347.150482,504.421478
672.681571,70.262043,345.850006,505.035675
670.993796,68.335942,346.761200,506.947693
669.565985,65.400227,347.244751,508.433868
666.274283,63.918110,349.852081,509.765289
666.087836,64.992070,348.911255,512.083679
667.070364,58.205357,346.029205,517.786987
662.689673,57.063557,350.057678,507.942657
662.990637,57.772297,348.261658,499.959015
661.078787,56.783222,349.861725,496.492828
659.697745,55.609715,349.510284,489.925537
661.878424,56.322468,347.296143,483.015411
659.936438,60.119740,346.884949,474.379242
659.379904,62.230213,348.301483,472.337494
656.359015,61.486470,351.915283,470.092560
659.589621,57.299504,346.818695,473.252747
658.170050,57.842564,346.399536,472.236816
657.681220,57.740773,347.441284,476.832855
656.040366,53.830204,349.774139,478.090393
657.577902,55.050190,346.909149,478.007843
656.680792,50.098072,347.316040,485.009613
653.153449,48.355061,347.628052,485.248322
651.742545,46.447895,351.364899,495.580963
650.812323,46.935231,348.372070,501.858490
650.140234,43.891621,347.791199,504.042877
648.367484,42.077412,347.346466,500.385162
646.241705,43.392002,347.432739,503.078491
644.984549,37.479130,346.893585,507.938171
642.812262,41.479679,348.069702,511.702454
641.021277,35.169407,347.756409,511.008301
639.856864,36.422184,347.270538,515.709045
637.904501,31.934391,346.751678,513.606995
633.981726,35.848332,347.960022,512.431213
631.640677,33.661076,345.951691,510.231750
628.870657,35.682499,345.286163,512.633240
627.878806,33.485829,343.924164,510.366425
624.570975,32.390400,344.780792,503.060455
622.028006,29.069767,343.102081,502.971985
616.912772,19.964619,347.252960,506.643951
611.261099,12.869786,352.039215,517.001587
607.504157,6.391209,348.943237,522.944824
601.185004,2.162724,346.942627,534.978943
594.179144,0.000000,349.581787,535.158512
593.278204,0.000000,348.145386,542.447359
588.637595,0.000000,349.432953,546.405992
588.907019,0.000000,346.031311,547.579827
587.060248,0.752133,347.635498,547.382446
585.548575,0.000000,347.467438,550.431301
583.452429,0.619215,348.377747,549.414551
582.164511,1.195173,348.632050,550.282166
581.207724,0.000000,349.238251,549.893568
581.682501,0.000000,347.402710,553.456183
581.879584,2.120426,346.864990,551.832764
581.621451,0.000000,346.110016,552.306034
583.887351,0.000000,344.270355,552.366823
583.359183,0.000000,341.865753,552.330903
585.942114,0.000000,339.104675,551.613327
585.378699,0.000000,340.340149,555.190026
583.946860,0.000000,342.520966,555.151501
583.697089,0.000000,341.541016,557.236578
584.664694,0.000000,342.214447,555.037997
580.179846,0.000000,343.991760,559.436449
575.886572,0.000000,345.018494,559.793084
533.023047,0.047665,336.004089,555.018555
463.117011,7.188046,342.981445,551.951416
396.873282,8.962735,343.971344,554.641296
342.015234,6.930813,344.768494,566.874084
293.343024,12.519040,346.153442,571.566772
255.292822,16.048977,349.930115,569.302795
228.734686,15.086422,353.392090,582.532837
211.362311,17.428341,363.411011,583.075317
209.607108,20.345944,373.782990,581.860229
249.609396,22.222592,373.594818,576.239258
335.140036,26.130581,379.648529,574.189392
425.919547,28.175076,384.016266,571.996399
515.326376,33.953701,384.213837,577.280945
591.779517,40.253750,384.370300,581.447937
638.924170,43.601162,379.425964,593.406189
659.159140,46.224972,386.672577,593.459351
670.395773,50.326870,389.566742,596.707214
673.021262,53.371823,385.490082,594.423706
665.646094,55.495602,380.885925,594.950806
651.516623,61.664029,375.340179,594.417175
628.415045,78.049954,359.099976,598.977356
583.611212,107.373623,351.563354,598.876892
545.770758,122.589352,347.193481,589.994019
522.510214,124.567044,346.403046,584.157043
501.545844,123.924130,345.963623,589.563232
486.878424,127.832852,347.843872,584.974060
486.815619,131.723965,345.629395,582.784119
497.638678,133.764004,340.237427,581.202820
496.793036,133.163082,339.146729,579.489136
500.031790,133.592221,335.367462,575.931641
501.680838,132.818051,334.464142,579.824951
504.716757,130.774685,332.283173,584.853577
506.944159,133.120449,330.196533,576.307068
508.344214,131.987210,327.214050,578.337219
511.415152,130.240231,324.074860,583.353882
512.671027,128.268460,319.406372,582.266418
508.936057,130.141323,321.076996,579.432556
509.753531,135.619686,317.482574,575.920898
513.208395,137.951931,311.053802,574.529846
511.338675,140.611874,309.347198,569.699463
513.661459,142.532254,307.136200,571.571350
510.761130,143.188992,311.966400,566.758118
511.578558,141.572415,316.088135,568.267395
510.149191,141.484738,327.032318,568.150269
514.823523,139.840481,329.661194,569.727112
510.882086,137.350857,340.303345,570.140686
509.461874,142.577542,348.326141,557.691956
507.644858,145.718716,351.141327,552.388123
503.828970,144.793942,354.850250,553.264282
502.894034,145.705716,356.346344,556.099426
495.182852,148.147274,366.516998,550.497070
492.338690,149.439450,365.558594,551.090698
486.270819,152.766049,371.962891,541.157471
479.849143,154.573727,382.814301,528.269897
470.948828,152.666745,388.928894,530.317261
467.205069,154.442593,388.709381,535.852722
462.473532,162.373440,396.758148,532.877747
455.477530,160.288510,403.022125,540.826904
451.422644,166.302060,403.236145,517.755371
445.503287,168.253872,404.360504,536.156433
445.654257,170.140469,407.429657,528.098572
440.111670,171.145871,408.184021,523.484009
430.185874,171.701382,412.933563,533.703308
422.227637,175.571835,415.465759,515.645020
420.071616,178.147976,422.965057,521.631409
413.227881,183.634793,425.282410,522.613586
409.367957,183.036312,424.911926,523.108643
400.124793,185.022183,430.790100,523.749695
397.615469,188.657894,436.105133,522.385254
395.359686,193.840176,432.026611,512.036804
387.318274,198.669384,438.670227,498.713837
379.550299,198.040997,443.721802,490.098297
369.440772,196.703961,454.793152,476.670319
367.082022,195.424374,452.553864,476.168457
361.341071,195.599865,460.682739,473.981781
357.036902,200.555951,467.964172,463.006622
349.705298,202.788037,477.447693,455.888641
343.519721,201.818081,484.675781,453.093689
336.460562,205.620541,492.645905,440.034424
331.360617,206.864972,498.656342,443.610504
321.354437,207.499737,508.315186,440.415924
312.711905,205.772045,511.160065,447.436737
301.127112,205.625698,515.988342,445.960876
288.658392,201.807919,524.630615,448.176025
278.662726,204.649746,534.157349,452.455994
272.237402,204.268383,539.443298,435.023651
263.858557,204.961453,548.750793,434.996399
255.617896,210.602230,555.681824,432.436523
248.013587,212.554669,564.172424,441.378326
236.920203,207.616131,569.670715,444.006134
226.314032,204.357388,572.916992,444.482117
217.087653,203.173916,574.923950,433.645935
209.330267,200.526501,577.692627,429.435150
201.193213,197.008557,578.949402,427.969086
193.761939,196.566571,578.321472,419.449249
187.592871,188.421627,580.455261,421.711792
177.232611,178.983517,580.223389,420.041138
165.810065,174.831585,582.631470,420.754669
159.730292,173.270352,579.495605,429.733826
153.908850,167.634426,584.912903,429.752747
153.423621,165.152584,581.273254,427.623169
153.930884,161.032772,576.498718,426.380371
151.419745,157.158291,575.328369,424.037048
149.287756,154.231869,574.219299,426.353760
146.104193,154.514950,578.268555,429.008545
143.099768,149.746563,581.958069,430.548981
140.750403,146.198559,584.667786,431.789520
141.003699,144.794186,584.395081,427.042847
141.765448,139.968380,579.717529,426.775269
139.471259,134.923870,581.302246,432.372101
141.068121,131.313259,578.772095,434.830139
142.258460,127.785626,577.352600,429.295074
140.677222,121.070980,576.272644,435.706055
141.105719,116.852017,574.498901,442.095398
145.837622,112.403408,570.359802,445.146179
146.294257,111.438824,567.625488,449.846100
146.040503,106.509503,566.221375,447.200348
146.111731,104.002896,567.325256,447.123230
148.081366,100.890820,567.552246,447.871796
155.412634,99.992810,557.805237,441.280121
157.822455,91.817852,553.960938,449.439117
158.919074,89.517727,551.846802,440.388245
157.787909,84.144650,554.024902,441.263062
168.664984,81.288952,543.603516,440.351654
174.102026,76.793301,538.369324,439.453552
183.259284,72.295330,531.232300,438.818390
191.300269,69.404950,528.322205,433.451202
198.044440,65.205868,520.705444,430.267090
204.108679,65.156750,514.639709,425.345062
209.975516,61.766583,509.416046,433.057526
207.815070,60.526196,510.035522,436.098358
220.631659,57.932873,496.779785,431.920990
227.021903,57.599499,490.013458,428.608734
232.507117,53.639569,484.253723,434.026154
239.249045,50.534741,476.957611,435.135468
248.053473,49.385586,480.362915,441.441345
256.907401,45.223126,481.759308,438.489899
265.008002,41.640637,484.739746,432.264984
261.916296,40.387829,494.599915,447.308929
267.333533,39.213879,498.410706,442.987396
268.087897,37.770214,508.570679,449.322723
273.158209,36.533459,510.410767,455.762787
278.385794,35.288159,504.231720,452.881805
280.553565,34.861691,513.447937,449.714966
286.220404,34.914685,513.860352,444.820892
288.890067,31.929974,508.626007,442.629669
294.951132,31.904431,509.927948,441.516693
298.035620,29.979168,512.371521,442.596954
295.782691,31.315380,516.012146,440.678925
302.779669,32.131024,515.278687,441.968048
312.542197,32.565426,508.033173,444.996460
313.735022,33.331509,503.651428,440.105164
314.239325,33.746838,501.933594,439.077728
320.200522,32.769833,497.082977,436.790283
320.789298,34.833783,495.614655,429.676788
318.015769,38.205502,499.068451,427.577393
321.388419,38.310376,498.404205,427.602753
315.726584,38.902630,498.758392,427.121124
321.751669,41.877926,492.093719,428.218628
316.879248,42.654431,499.490417,430.445160
318.762076,43.456295,500.945465,432.128296
323.282248,43.303189,498.498383,432.199402
323.774680,42.774578,503.268646,435.753937
323.079688,42.265118,505.923523,437.523346
324.634116,39.981213,510.348358,440.452484
326.576010,41.295742,511.755585,445.071472
326.647742,42.652935,514.454407,450.192535
325.533515,47.404690,524.354980,451.050842
330.588080,50.757138,519.933594,448.854248
328.776465,49.708020,526.564148,461.946869
323.570776,50.175442,534.527039,469.256653
319.149268,51.031369,537.800232,479.865845
313.533484,48.592465,539.267639,483.146484
304.518530,44.845822,547.253113,488.945679
294.281439,43.458050,555.164307,485.188751
286.752936,42.256787,556.178589,485.765839
281.168097,38.362805,560.918335,484.522308
277.349036,39.556256,559.573547,476.114655
263.840613,39.130947,562.889709,474.546814
253.202979,35.412854,558.620789,479.445892
225.522284,37.977536,553.351807,479.479370
198.297919,34.256649,554.895020,485.899902
181.243628,33.613430,554.029236,484.160950
176.878699,30.510434,554.577209,492.738770
178.280921,27.911648,550.631653,497.938293
175.686438,26.839520,549.533020,500.747345
170.044837,21.790219,543.969299,505.110840
164.303687,17.860546,543.351746,509.471161
160.968298,14.392819,539.062073,513.770142
156.052008,10.142453,535.886841,519.175415
151.762335,9.376431,530.980591,521.755554
149.789496,9.636258,529.144287,523.295471
145.993353,3.920102,523.610596,530.443359
143.718665,2.655362,516.801819,536.320740
140.649115,2.230252,514.734131,539.932434
137.993475,0.000000,513.281494,537.204464
136.214316,0.000000,508.575409,534.334868
135.577734,0.436538,504.851257,529.939331
135.870657,0.283736,501.560089,527.544250
135.133658,0.797988,500.963043,522.362183
136.649786,0.377029,498.196411,515.282227
137.483817,0.000000,496.630890,513.949050
141.351752,0.000000,495.157715,509.718452
145.952704,0.000000,495.710205,509.328602
149.374808,0.000000,496.241974,508.056894
151.594489,0.000000,496.299927,505.445531
157.964636,0.000000,495.492981,499.921710
162.783820,0.000000,498.433960,495.989099
164.808951,0.000000,496.196930,490.923245
167.358450,0.000000,499.773956,492.847288
168.407294,0.000000,508.142090,492.283538
168.622778,0.000000,509.457703,484.720916
170.018317,0.000000,516.893433,491.435470
170.843207,0.000000,528.948486,484.848991
171.984412,0.000000,531.433411,484.343334
175.765387,0.000000,538.822632,486.294332
176.848212,0.612208,549.599365,486.446381
176.567725,0.000000,555.622986,480.315455
178.106299,0.000000,567.505798,477.429075
179.873511,0.000000,571.744568,472.771865
181.014533,0.000000,581.351929,466.174354
183.934088,0.000000,589.213257,457.711109
183.526404,0.000000,591.621399,452.977304
180.597693,0.000000,603.055725,448.787297
181.003394,0.000000,609.372986,447.447009
180.158484,0.000000,614.053284,443.375909
177.610877,0.000000,619.544739,437.404019
177.687903,1.093275,623.885559,438.001892
179.701178,1.938475,626.316528,438.620575
180.238410,0.000000,634.430054,441.381438
177.951178,0.000000,635.223267,434.271957
176.863654,0.000000,635.857544,425.966743
174.581091,0.000000,637.438293,417.538608
174.816840,0.000000,640.129150,412.623644
173.762793,0.000000,640.412292,415.056817
172.299597,0.000000,641.031311,419.103955
169.669775,0.000000,644.208191,427.304190
165.962470,0.000000,655.176270,433.686641
164.003455,0.000000,654.481018,439.707868
162.222174,0.000000,663.455933,443.750769
163.055975,0.000000,669.162842,450.404056
160.363348,0.000000,677.009521,457.117754
159.733252,0.000000,678.184265,466.084786
159.882910,0.000000,683.191589,470.540776
159.972968,0.000000,687.762451,477.086870
161.316290,0.000000,684.875366,487.782678
161.392432,6.576092,688.364441,500.310181
159.384436,16.784237,692.865295,496.881683
160.891699,23.124905,691.838074,494.073395
162.844428,30.687817,697.545654,494.112366
166.766150,37.221280,696.914368,496.009552
169.328681,47.065533,701.869141,492.704590
170.241919,55.113125,703.353210,489.985626
172.102881,63.178555,717.504578,492.099152
173.227301,71.239651,711.984253,488.955963
173.512274,84.890240,725.671875,494.038086
174.935278,98.573514,728.188904,493.407135
177.749823,115.998761,734.871094,487.319336
172.880286,132.832928,744.482239,488.295532
172.918494,153.568387,742.535706,489.197418
172.529364,175.928921,738.817871,482.299835
172.035223,191.516446,742.848633,477.241486
171.868994,200.011380,744.078308,472.307037
175.381690,206.014691,746.218201,467.530396
171.069617,207.945660,754.590637,462.860352
174.898871,209.595151,749.333740,458.136810
176.592749,209.095700,750.621033,457.904755
182.301734,210.952145,762.971375,453.636200
177.015082,211.554211,764.210693,452.094421
181.885504,210.263348,746.916626,451.651489
184.718726,205.033429,737.110535,454.562256
202.200476,205.100644,724.804016,449.588226
218.935431,204.049923,707.998657,451.424774
243.415015,199.887250,686.679871,447.282593
261.602149,191.724759,666.608093,461.946930
284.415137,170.044125,639.430603,478.194427
291.472205,119.688611,629.219543,526.370789
302.988623,91.894482,608.540222,524.663391
310.651404,54.836773,598.451721,559.155273
320.755133,36.123913,592.773804,590.930603
315.497138,21.409009,594.054199,630.085754
295.584174,8.386853,611.125732,652.688660
267.784705,22.488751,623.237610,678.297119
260.502142,70.264020,621.915771,645.066895
262.731024,135.478100,604.797852,584.521900
313.693884,220.898352,557.219299,497.429688
413.669348,337.698019,459.516174,377.476837
469.236975,428.853384,405.592834,291.146616
506.393164,491.008021,358.993591,228.991979
553.010703,522.359914,298.403046,196.799667
534.085532,533.369283,296.517181,186.630717
447.689276,491.670077,388.293335,224.829056
395.148749,449.382075,429.722778,270.507355
282.959952,419.452555,497.998688,300.547445
257.826209,394.608709,513.386414,325.391291
252.272757,387.282153,509.840240,329.274750
255.375861,386.530245,505.397217,327.782471
265.303427,383.115557,497.734711,336.884443
268.377280,373.028390,501.677826,340.272034
275.793036,358.008264,503.301147,361.991736
282.982779,345.705121,503.514191,371.795776
292.142737,333.685971,500.498474,382.347748
294.950095,321.903378,504.779022,392.324066
291.798346,307.275754,513.843994,408.998749
293.409827,284.441830,500.886169,419.851166
287.287482,227.801587,501.360352,423.735168
292.707037,166.852338,475.349365,400.867065
301.885397,105.971341,457.114227,399.651520
309.436011,68.603802,441.367493,399.105103
324.818717,49.397595,420.797150,406.744568
323.826788,40.586651,412.992676,433.390137
308.225989,41.149640,423.215759,450.108154
317.481574,35.732220,414.681885,454.351440
327.312399,23.789441,400.502167,468.047058
331.028784,16.708569,397.197571,469.123840
327.541037,14.962033,393.920624,445.250214
274.886084,9.782300,439.813293,445.110413
252.501669,13.814831,459.414398,435.700867
235.170477,26.652676,464.960815,437.669464
236.042243,50.673794,456.077637,427.601349
210.165854,66.090909,482.792084,431.878693
200.921057,71.878140,483.277771,425.458771
203.164572,74.036359,489.941132,419.456055
199.033850,74.847745,482.314880,442.460968
195.694800,73.610959,489.332336,442.051971
198.824851,78.602780,470.959198,443.573944
197.378088,89.638409,472.556335,432.914795
197.520285,87.179059,470.951630,438.163086
194.009696,87.209271,474.276031,442.628540
188.835410,86.186871,470.376801,440.320312
189.867468,84.566952,465.114197,443.569916
184.343298,86.241955,465.059509,436.081482
184.822577,82.714184,454.273804,441.790588
191.066397,84.489896,446.510773,437.642975
197.475104,90.588010,428.074951,434.179657
196.692648,95.535748,424.267303,436.114258
198.817557,99.728070,423.083649,437.211548
200.886801,105.009930,419.614594,437.303345
209.571661,104.377927,409.546143,435.624481
201.980002,100.852399,417.910370,447.470215
208.857291,106.102780,414.768341,443.651337
222.963248,106.420895,405.783966,441.882538
246.429144,106.979657,395.505005,437.113647
267.777731,110.272305,390.251923,433.626251
295.705924,112.839764,387.636749,433.790405
345.397482,116.829022,359.437958,430.603638
393.438651,120.553235,354.992340,428.121277
406.682074,124.763074,359.215942,426.089539
436.200278,128.218182,347.363861,427.624512
472.095297,136.987973,330.529877,420.211029
500.771353,142.348111,309.392853,412.199371
511.355231,143.364560,303.761597,409.274628
509.047080,145.070584,305.292206,406.130157
512.572913,148.573987,298.049866,402.817688
515.378973,151.842786,293.008423,396.780701
496.765662,148.304181,307.509460,401.025757
506.041556,151.033536,290.599030,388.345612
503.728919,150.367581,290.212952,392.366486
502.156867,148.686902,290.074585,390.308899
501.042319,149.283917,287.421478,387.732178
498.347067,148.785519,286.230194,389.173920
495.190512,148.119153,287.971405,387.182800
493.199164,147.887265,288.105347,391.913666
495.052664,148.074673,282.303009,389.882965
492.297980,149.685528,285.358032,389.108521
493.873251,148.743191,283.172089,391.323395
495.279273,144.898236,279.394592,393.589111
493.678000,140.537594,280.411102,403.386566
489.501135,135.553113,283.653015,397.670471
489.836096,130.970883,284.686218,401.559296
492.578909,126.777890,281.927887,397.462738
490.572638,120.213711,281.330933,403.287140
490.469824,119.235547,284.836121,404.029968
490.036551,112.044614,289.689972,412.951508
489.419882,107.514172,290.649872,412.965881
486.892584,103.810940,296.601929,415.441803
486.749793,99.967358,294.334290,413.306946
490.034705,96.198819,296.588928,412.493317
490.841971,92.251080,293.405426,416.527710
490.780753,88.162366,294.478790,417.081482
496.035651,84.038510,295.148682,421.961884
499.625540,82.563306,299.294952,440.498840
507.245535,103.348035,300.837189,462.398132
507.454489,130.536984,304.835663,445.720428
503.612006,133.814023,303.304932,442.541595
501.227225,133.834012,310.472931,441.421417
503.403494,132.322003,309.168854,445.910034
495.896369,129.776791,316.591553,435.305634
500.290701,132.386944,306.536041,433.846924
498.090460,133.485196,313.158691,440.404449
494.571753,143.414502,313.495300,433.441711
493.842474,141.458432,311.595337,425.458466
494.654593,137.947598,310.575836,427.724030
491.355048,140.683804,322.325928,424.726837
493.596060,143.814664,322.797516,417.057648
492.788138,145.087567,330.335358,410.765015
503.525702,144.857785,320.933228,409.445648
515.639182,152.615369,332.251678,424.026062
516.426230,166.944501,323.989105,410.435181
512.893744,166.466290,324.509644,414.963257
508.976691,169.813779,335.683228,410.581879
504.683234,172.671246,338.942139,410.748901
501.054297,176.417218,342.670959,405.427979
494.372077,180.902554,351.292969,402.103668
489.923163,197.840008,360.772705,402.641602
486.777503,204.178998,373.335632,394.463867
482.644446,209.969693,371.709045,386.890167
478.728262,209.438245,383.246735,382.200256
471.042975,209.978482,384.559937,387.451813
473.187964,208.262265,374.108215,386.533051
476.878424,203.498563,376.266479,385.258453
478.707968,204.268902,381.936615,380.581299
483.618475,204.005200,375.521606,381.343811
481.848059,203.100156,371.238220,378.326874
477.699454,200.213895,373.487701,376.765533
469.549338,200.549481,382.089203,367.044434
467.354682,198.283658,386.244995,367.742218
463.476660,196.292203,388.064148,367.260162
463.450507,195.016461,389.850220,368.734131
460.655051,193.890088,391.252777,374.120422
449.027548,185.827069,401.999725,381.485718
442.051154,187.403470,409.981567,386.866119
451.396491,175.639401,401.011230,385.505829
448.002493,175.876538,407.695709,393.625427
446.923102,170.846509,410.105225,387.885925
451.691062,172.058530,405.799530,389.765839
459.284644,170.429745,407.510193,392.015717
472.777472,168.099133,400.256104,388.016785
480.513495,168.530514,391.880859,375.779633
476.240866,169.375424,388.694794,359.869354
483.068793,171.771008,385.765503,349.964783
463.212546,171.976849,404.353973,357.643188
476.273657,169.531979,396.683533,356.122284
435.301154,164.227521,437.493774,357.579834
456.102576,163.143536,421.095398,354.991089
476.391898,161.789792,406.612823,384.113617
471.165885,159.798352,417.268463,357.333923
365.362830,158.818341,525.014221,349.668823
422.527503,155.248593,490.167053,355.014374
551.949774,116.072949,388.120605,350.823914
573.062323,76.472302,386.277344,353.281799
593.665640,44.765591,382.426788,352.951935
616.607398,23.797955,395.454041,360.632812
654.242239,14.661069,385.650055,363.173676
672.664465,10.239102,389.821472,361.172882
696.750800,22.972180,383.784302,370.452942
713.589102,44.940716,376.211334,372.393066
721.581244,69.402646,368.271484,373.555145
716.692648,90.132580,372.537445,372.555115
726.988669,107.493008,359.399994,374.323639
720.376563,119.257321,359.589905,367.970184
714.062689,131.882794,356.718384,367.689819
714.433066,142.684903,351.290009,370.944489
715.612463,153.582043,345.930481,368.220154
713.068961,163.238629,342.359528,369.119873
710.753516,168.009656,339.801331,371.771423
701.285330,170.011944,340.081085,370.893066
690.572791,168.474438,337.954529,371.151672
677.940070,163.023678,333.447388,371.947113
662.013617,162.373715,334.721436,376.341400
649.292075,154.107785,332.260834,370.974579
645.985724,145.842221,328.549927,379.347260
643.621253,140.753949,324.098694,380.669067
644.247321,134.050824,318.085205,387.707886
629.327414,128.594525,328.945282,394.315308
627.542548,126.167828,325.855103,394.520508
623.618475,121.011594,322.537964,402.619354
618.598715,114.710522,320.929169,406.146057
614.789526,110.214642,321.348450,409.665405
601.963934,106.355359,324.595459,412.665222
592.755881,104.776868,330.793549,417.240662
579.305853,103.435589,335.145142,415.880859
571.302985,102.143902,339.971191,414.295898
562.734992,99.673505,336.988647,412.230469
555.317465,96.419614,335.005585,412.723480
549.692877,93.982266,338.079468,422.477081
547.786734,100.232129,338.435822,425.455383
541.246893,111.368771,335.141724,418.093353
536.391181,121.435361,331.135620,415.700897
534.427115,123.812482,330.736237,419.781128
528.541968,128.726178,333.194885,421.822754
527.009924,138.678921,321.299744,419.857330
516.931387,154.116345,328.158112,422.273376
509.912634,180.233212,330.442322,429.951874
510.927405,212.508694,325.111267,437.167511
510.806525,254.688061,318.690552,429.855042
510.515936,275.335736,318.572998,419.421631
512.729437,290.051633,319.496216,414.461639
514.926138,296.461087,313.022247,410.900909
512.476935,299.768368,310.059082,407.684174
513.277854,298.985058,303.419037,406.940979
512.118216,297.145398,297.072662,407.411072
509.989600,296.336529,298.457092,410.536743
511.043173,295.257260,275.680756,407.715424
510.646857,295.529767,278.071899,400.870361
511.702078,297.521725,266.250641,400.498016
511.966345,299.041501,266.736023,399.709686
508.918677,294.951016,261.875061,401.918365
510.282034,295.319058,260.982452,405.520416
507.944983,290.290265,256.893372,402.309937
506.762389,291.472562,255.638931,399.098419
496.591727,290.108639,267.629547,402.405731
480.771674,286.248532,279.575562,397.642792
503.146521,281.713788,251.710388,408.310913
499.470427,283.966519,249.852371,400.851837
494.907958,281.349271,251.998917,400.916290
486.495688,282.368680,263.529755,395.330353
496.678587,280.401211,253.678970,399.363068
489.742857,281.531308,255.464249,395.206757
493.943137,277.486066,250.796356,401.413696
491.515151,275.967114,249.713486,403.908264
492.309042,274.082287,250.380585,409.130920
486.758872,269.962750,252.892303,410.450684
484.241553,267.693005,254.991150,418.556091
484.105574,266.204510,255.071457,407.240112
479.092215,264.735882,260.083405,408.395142
475.824866,266.385556,264.892517,405.605560
475.581473,268.059048,265.306061,401.769196
472.516684,272.107602,268.794281,405.732635
474.207739,274.092190,268.571106,406.686066
472.342001,274.053967,274.948212,396.115906
471.079810,272.122052,278.163269,395.877686
475.836112,273.329434,278.188995,391.085724
473.435355,273.537915,285.542877,382.198181
473.075430,271.372052,290.517120,383.953003
467.890036,271.945874,300.699554,379.460632
472.747641,272.031262,304.457489,387.570251
481.316947,271.053891,301.002472,391.321259
486.474219,268.204571,306.280579,388.763672
491.632773,267.851391,308.821625,380.510437
498.715094,268.048688,307.902710,375.405762
505.729971,267.810345,310.742950,373.713501
502.749548,263.077145,323.870300,370.303314
510.508276,264.108731,317.094788,355.442657
510.036459,262.315335,323.501801,358.333771
513.857794,266.688824,324.219482,347.781494
522.931632,263.212125,321.485260,354.736115
526.675467,261.874798,320.722076,359.305054
532.025458,260.577267,319.363525,363.493988
537.317221,264.223157,314.372894,353.562561
542.114234,263.130185,310.364075,359.022919
546.474509,261.837964,310.752655,344.259338
550.187933,260.312085,307.520386,339.951721
555.062460,260.952740,301.466400,328.990234
563.379874,261.332638,292.604156,328.628876
567.779807,260.371228,289.447601,311.115906
572.197501,261.031125,284.621368,307.684296
575.164145,259.494412,280.039764,311.703766
579.283728,258.878979,276.351990,304.419373
582.670111,258.838742,269.375366,305.421600
590.601904,260.413693,263.171692,303.470795
596.884772,262.809659,256.222412,295.641144
601.400191,260.275601,253.381760,305.847198
606.119269,265.359921,250.687012,299.438080
610.571845,265.112042,244.172485,300.942139
609.085921,266.919064,245.074142,301.158783
610.705435,267.510373,245.303619,295.073212
612.443709,264.208874,241.211594,302.409607
612.561255,260.583661,239.148865,305.414307
613.503409,256.657468,238.643463,319.736542
614.659270,251.868573,238.004959,315.334351
615.992972,245.206921,234.484650,314.966858
619.764510,238.523602,229.984299,313.713745
620.162589,232.252423,227.565826,319.008667
623.156317,224.136273,221.344849,326.116211
623.251814,220.650067,220.588058,328.326416
625.608176,215.746243,215.547943,338.686432
626.368262,214.096310,213.729309,341.093719
626.241766,212.223492,212.605713,342.036133
626.472601,207.537015,208.855225,347.966095
625.442145,205.664487,205.703857,350.862518
624.860022,200.993313,203.889465,350.383209
622.413443,200.569485,202.043610,348.202911
620.073813,201.033566,200.946869,352.517181
616.602568,199.109677,200.813675,348.426117
613.191741,197.787717,197.791458,342.968964
612.338698,197.305585,193.069565,341.548950
607.832030,195.412961,195.449478,338.858002
605.874114,194.286877,193.628983,339.302185
602.355315,191.348416,195.601883,339.019562
601.687972,191.100491,191.511154,347.205597
598.386672,188.888043,193.843124,340.696899
596.368269,189.776700,193.403488,336.524323
593.814002,190.833264,194.291565,338.809631
591.877463,189.991666,194.931610,344.494781
589.108244,192.087430,196.850296,344.463776
587.603278,192.229718,196.338135,349.700317
586.576209,191.975217,196.817566,350.666107
586.243674,194.656140,190.672455,351.866638
584.490859,196.015027,190.936386,350.086975
582.996047,200.654263,191.057724,353.362335
579.855727,206.916928,190.137680,351.795380
576.759497,207.563275,195.494568,354.191650
573.007140,206.196713,194.897110,358.039398
569.669531,209.013974,194.266785,361.587616
558.640051,209.806866,194.245422,363.961914
546.807723,219.141049,194.757004,368.479950
538.958746,226.362454,194.905273,371.794586
533.786314,229.610654,198.646378,366.365570
530.444373,231.288327,199.861755,371.232025
527.141097,231.508282,197.397385,370.481934
525.492949,236.549420,196.290970,369.988037
518.534941,238.081021,202.109695,372.754059
520.755423,240.729108,198.393829,370.033813
519.723784,241.487195,200.781693,373.994080
515.972601,240.450955,200.609009,376.513947
514.955237,240.696530,197.228577,377.519867
511.631728,241.799344,195.833725,371.684113
508.532774,243.960202,201.810806,372.532196
506.456641,241.458264,199.241272,376.512268
503.420767,239.805081,203.534576,379.222809
500.776167,239.740369,206.743576,373.627136
497.749533,236.956372,208.601532,381.124084
493.013243,237.855633,207.472183,378.421631
490.110343,236.864316,207.770538,383.020844
488.804419,238.097104,208.552673,385.026947
483.194106,240.893490,215.882309,392.988617
480.772444,239.737759,214.546188,393.702179
476.677130,239.685101,221.691162,400.106323
475.572150,238.831738,215.563354,397.898865
473.311041,240.417721,217.726074,399.794891
473.101027,241.633969,219.387314,403.156952
470.223532,237.301968,211.320770,411.810944
466.220526,235.971829,215.411133,414.926300
463.823523,238.372250,215.642029,417.716034
460.766325,236.449658,221.269852,415.968201
461.787650,236.291653,222.570221,410.369659
463.977072,236.844006,215.726776,420.358582
465.807761,241.466229,213.901093,427.814941
472.002463,252.742230,207.723114,435.064575
473.932364,273.631039,210.083649,434.423431
475.664626,286.723599,212.010361,427.277252
477.295279,287.123501,213.025665,427.682770
476.837691,284.406842,214.989426,427.090088
475.546889,287.728009,219.873154,426.104492
476.172011,289.213849,229.194931,423.245605
483.128333,292.611981,243.798889,421.046387
496.819281,302.302014,250.202026,414.846985
505.772666,318.249814,251.776459,398.529022
503.495871,327.943326,259.158417,388.796783
502.770438,329.561108,268.163727,389.893616
502.084860,330.892926,275.731781,382.783569
500.857123,332.068127,278.984863,381.376526
497.552527,334.750729,285.180847,378.036591
497.605093,334.407788,288.444244,381.732483
495.727927,334.928281,293.408051,380.102509
495.173056,335.537854,294.428192,380.304504
494.183875,334.554898,298.296692,379.383087
493.427283,332.558835,300.613586,381.031342
495.112174,333.382458,303.337799,379.946472
500.790015,332.537488,303.562805,382.328674
504.904212,331.520871,306.221497,383.137054
510.872595,329.898938,306.203430,385.355042
518.343192,326.300214,303.667023,389.242432
524.465201,323.963376,304.583282,390.927338
528.385428,322.036694,307.124786,393.892761
531.658591,318.459698,306.585907,395.843994
536.553229,315.695965,306.886963,398.115356
540.668479,313.128049,307.841278,400.186981
541.819220,308.990140,309.709839,401.099640
542.335043,305.648434,311.027191,404.158295
544.943427,300.656323,309.413208,406.207947
548.008688,297.671109,310.459564,400.923859
550.237662,293.230832,311.169220,402.777313
554.169699,294.041516,309.984222,397.068176
554.103827,291.671872,311.939819,399.687347
555.766867,290.705228,314.876434,399.306061
556.138999,289.921582,315.135223,396.415100
556.827322,290.446225,314.708649,396.957123
555.207770,290.909772,316.379639,394.987915
555.296088,291.834546,316.732422,392.578796
554.514838,292.055325,317.458374,386.242340
554.341544,290.344189,318.806549,386.093567
553.415320,289.008282,317.425842,388.807617
553.570883,288.115277,316.046478,388.432739
553.265509,288.219296,315.439209,389.893402
553.898612,289.786648,313.842926,384.200348
554.421149,290.408124,311.205811,379.042480
549.588233,288.342374,312.898132,380.392242
551.222479,289.512738,308.394409,383.097778
551.540061,288.453808,308.101288,384.451111
550.779013,289.156125,305.240204,384.186859
553.755133,288.929898,300.727173,385.468781
555.984076,290.133771,295.096802,385.218262
558.269736,286.508176,290.485199,388.357635
557.159796,283.795117,287.279663,388.989563
559.762518,288.739056,278.653809,385.995850
562.304099,287.255826,276.910248,389.973297
564.032355,288.226971,271.205078,386.681152
565.395880,286.288235,267.807983,389.905060
569.604147,288.132626,260.609222,387.356781
572.515532,290.046002,255.840530,387.716553
572.949065,292.005231,252.080399,383.143677
573.879302,291.717816,251.971878,378.505981
573.067984,294.172055,251.181061,378.534271
571.089133,294.943616,250.047699,375.700012
572.520766,297.523816,248.508652,374.768738
571.076621,297.754208,244.659271,372.950409
568.997656,299.720715,246.855530,374.234924
568.437026,300.240491,245.429916,377.265442
566.176886,304.037060,247.459351,371.511658
563.881293,310.119534,247.549316,366.124786
560.314223,314.875165,243.998398,365.757080
556.472380,319.091107,247.447708,359.382324
550.149443,321.428097,243.937332,356.773285
545.551238,320.825604,240.976639,356.071777
541.224204,323.830731,246.542572,354.838623
537.985014,322.258908,249.131912,357.971161
534.264845,323.468396,244.936630,354.368958
531.236151,320.743466,249.582886,353.283295
529.582572,319.650754,247.514557,354.712372
528.908850,320.139188,247.187561,347.474640
527.124007,319.135525,238.010910,342.213898
523.394980,320.860654,241.098846,332.708832
519.403128,320.490887,244.063385,329.063477
505.323554,319.160718,242.023560,331.205872
494.980315,321.523999,249.198441,322.630554
489.692069,322.482358,252.695099,316.502655
490.284438,320.723294,251.988510,317.720001
489.000968,318.039548,252.809479,315.551361
492.106162,313.953793,249.886566,323.045990
494.452857,310.492657,258.364685,333.152832
503.460364,303.739010,268.208435,336.417328
510.647009,303.154767,274.908508,333.381470
518.395667,297.418149,279.362854,335.082733
519.828223,283.549298,294.557190,328.782715
513.235495,264.434445,313.760590,331.465546
516.507315,246.682309,318.451080,344.272430
523.047476,235.885770,322.576813,349.985748
521.099829,224.013486,322.054871,363.303802
516.354880,216.957333,324.219818,369.255951
498.483908,212.126202,332.169403,384.549561
471.698874,208.913708,341.696869,382.210022
427.799277,204.361752,356.295258,375.377167
397.427039,204.074124,350.040100,378.896515
368.350653,204.721844,353.004761,371.502808
346.085166,208.481442,355.837738,367.205536
330.281806,216.335751,351.969116,366.543060
316.654746,222.464596,361.210419,369.229584
305.502585,234.453839,374.280975,354.460938
296.171362,242.194394,397.195984,349.340302
292.376807,255.081082,399.563293,339.046783
300.845908,266.825925,399.505829,322.260834
316.430457,274.227200,396.033997,318.427277
330.752768,278.782834,400.269989,307.323944
339.198065,284.353940,392.835815,295.847992
358.172476,286.342801,372.957062,286.334869
375.369177,290.270230,366.939392,275.799347
409.566229,295.472073,343.755737,274.287384
415.398657,299.424969,352.121643,270.498169
419.629279,299.350461,359.960205,268.623260
418.917227,297.066571,367.812531,271.538696
422.037283,293.983960,370.604645,273.311462
425.232077,286.222073,370.808685,275.614899
425.561743,283.339841,373.106995,276.387299
428.164282,279.442807,367.268005,286.516205
432.974371,276.391614,357.999756,286.232727
437.949713,278.937787,347.078369,277.920410
440.454398,276.438855,333.253693,272.206116
426.873175,277.077038,334.383911,269.432068
422.865088,274.680188,324.523865,266.299255
408.652945,272.720425,323.969269,252.500885
399.532858,278.183018,317.622894,239.790543
387.926886,284.258076,317.382202,225.925217
366.705740,288.409459,324.309967,221.889053
377.098502,288.979687,304.699738,215.937317
365.511725,292.003979,301.032349,214.643127
349.852133,293.736149,313.376190,217.309891
345.133505,293.900593,316.800385,224.380783
346.407218,296.439404,315.115753,221.253357
339.506735,299.632283,323.379120,220.583664
339.361044,299.460232,316.187836,209.874664
331.992987,298.295994,319.487671,215.599869
327.571616,297.396367,322.898895,218.961136
321.725012,296.496792,327.059509,219.769318
314.416190,296.831891,331.499786,221.741943
316.433524,293.703282,326.947418,227.610123
313.883078,294.387463,324.711273,226.022278
306.878287,285.818272,329.395294,234.991348
305.400733,287.351605,325.484802,241.783813
303.922980,286.597363,327.166260,243.859924
298.943244,280.511517,329.146118,254.180176
295.092169,283.188054,326.740479,251.449295
298.296866,283.509999,320.651154,252.334824
296.068564,284.101384,320.539276,248.239456
295.464987,282.952519,315.062103,246.339676
297.251059,280.381100,311.228851,248.386932
293.163580,279.503537,313.635864,251.787323
293.092444,280.351285,318.416199,250.211578
287.695593,283.201466,321.146057,249.198471
285.813818,281.548215,344.970520,253.167572
285.868765,282.405377,307.011871,249.562744
287.700369,276.997304,321.951080,249.032089
291.097006,275.572323,327.147308,246.064545
295.608130,275.752362,291.004578,245.790405
296.221945,272.251706,289.358856,243.620453
299.735709,271.739224,285.145294,238.723053
297.901343,270.893887,286.819641,243.468048
304.654135,266.829076,284.184296,242.416519
301.681998,265.413945,285.482208,243.566483
307.258093,262.926160,281.228333,248.388367
303.036994,262.870976,288.958862,252.297318
294.919058,260.081799,301.869781,261.631165
