867.000000,367.000000,410.000000,204.000000
866.327957,365.011871,411.675018,205.300720
859.072067,366.819412,415.554474,206.503632
856.196213,364.686356,402.611359,212.869598
847.119370,368.067719,391.527496,216.156433
843.448029,369.860481,374.990662,215.392197
835.281708,370.040848,356.406921,218.217377
826.243561,372.023468,334.208435,219.087219
815.050995,375.642479,315.285706,217.460159
800.940109,377.741867,304.028351,214.900421
789.097137,378.862289,304.242371,211.018829
775.815948,377.304779,319.246033,204.845886
762.880081,382.022812,333.626190,193.705719
748.483948,380.833344,341.059814,190.011047
734.970245,382.612198,343.811096,188.579926
723.375488,382.822823,343.860962,188.648666
711.901077,383.479973,343.660980,190.801651
703.076935,384.043541,340.624207,195.039505
690.564667,382.378700,338.930115,200.165817
681.170532,381.332802,332.453979,205.335007
667.683868,384.749702,329.629089,202.885483
659.987045,392.510048,318.690216,197.828537
652.677368,394.552834,307.877686,201.867966
644.887085,390.546883,295.819458,202.931747
642.521500,395.412018,279.843109,196.618713
644.069336,395.370232,261.415405,196.444473
644.703468,393.932495,244.673752,194.029907
646.584900,395.245262,229.580444,185.084671
647.791794,385.389656,218.186371,192.847275
647.646194,388.808372,210.781097,184.129105
647.952744,386.543762,205.612946,181.689697
648.584312,386.962440,200.021317,174.989670
644.783768,388.805763,198.934601,168.342453
642.174667,390.561661,197.582916,162.142487
639.378212,386.841675,196.791550,162.662598
634.052505,388.026817,197.275787,158.039993
629.358253,391.440392,195.217270,149.297867
622.721420,392.143417,195.162384,146.423920
617.875557,392.488113,193.784409,144.245941
611.873329,390.876091,191.720749,141.593155
606.369713,388.319366,192.916092,143.669922
601.106941,388.115288,192.775742,143.018814
593.886925,390.770638,191.835770,140.217392
587.958031,390.269882,190.664810,140.228363
580.698143,389.932304,189.285355,139.553848
574.404106,389.050667,186.596695,140.832870
570.190659,389.469101,182.475739,140.230743
566.631912,387.539604,178.173798,141.492386
563.981377,386.559906,171.009781,142.427979
562.899422,387.680725,164.209030,141.336365
560.747284,386.173866,157.939026,142.275253
557.480095,388.117744,152.681107,139.546677
555.849037,389.634018,149.214828,135.707977
552.282143,388.140045,149.959335,134.530212
548.030090,388.172417,152.084717,132.219742
540.872513,389.226967,158.809784,130.812302
534.568428,386.586990,164.177170,134.745392
528.140190,383.768524,170.217178,136.713196
524.712189,382.449379,169.594849,138.254196
523.571732,382.548645,166.184845,139.089355
524.154510,383.308388,159.405396,140.662521
524.057823,383.140198,149.504410,142.983154
524.842964,382.292198,134.574387,145.427994
524.193901,385.537842,121.568069,141.957947
526.168755,384.739220,102.899307,148.088760
526.863857,383.601418,86.011116,147.334824
524.761326,383.903114,74.696098,153.300888
524.168854,385.290016,70.028748,149.923813
521.022915,387.166313,68.380714,136.428726
517.320721,390.192223,70.568489,146.776993
514.552124,390.084465,71.615143,136.654617
511.988483,389.235764,71.836998,139.413452
508.899269,384.958252,90.205917,144.402924
503.705780,389.502090,114.888794,136.495422
499.811829,388.064705,132.918518,139.134659
495.546158,385.849716,146.351166,139.808350
493.582581,390.814339,150.885437,134.994400
492.827370,390.649841,152.791061,138.413910
494.037605,382.497246,152.099655,147.167282
492.276268,387.694336,152.767288,142.679413
490.141899,392.840691,154.309952,139.347641
487.591446,394.195671,155.897736,138.805832
484.009476,392.991600,157.867584,140.316330
484.346039,392.161476,157.182739,141.873184
484.727539,395.400543,155.984497,139.329071
486.081406,398.054939,153.047821,138.475784
487.843544,395.508400,151.548019,139.738846
495.022186,396.756905,144.742493,138.615921
502.199623,398.485703,137.977585,134.529114
511.416451,397.132828,128.970139,136.719482
519.399311,396.311890,122.836143,134.194794
527.123367,393.655472,117.612274,135.019592
535.053913,389.562431,114.138939,137.142563
541.427292,389.546555,113.138763,134.961182
547.327385,386.408936,115.305496,134.705719
551.343037,385.273689,119.896507,134.272293
555.599148,384.195259,124.885323,132.899734
556.950882,382.826973,130.879547,130.713943
562.542976,383.033859,132.936447,129.176575
561.914207,385.599831,139.351395,124.160416
564.453110,382.295326,140.985687,125.906693
565.744446,381.132915,145.354309,125.521004
567.520111,380.621025,148.252075,123.742416
565.374710,381.107105,153.134735,121.458733
564.655525,376.086098,156.144150,123.590775
565.253891,376.495472,157.182831,123.917900
564.279091,376.202602,158.789963,123.414772
564.923851,377.937641,157.842422,119.548027
566.904297,376.256657,156.816711,122.248253
567.460960,373.293919,156.624344,123.881432
567.826820,373.325352,157.286179,123.905174
570.534088,365.996643,156.041199,130.244720
571.481148,368.327370,156.010605,130.118301
572.844658,368.462761,155.268021,130.286057
573.279816,370.083977,156.565674,128.333115
570.521866,369.421997,159.744293,129.234772
569.333282,363.894516,162.309204,133.854675
566.583847,368.865540,166.067413,130.445343
563.882942,363.375832,170.043442,136.865311
560.301277,365.330750,175.834579,135.067535
555.338303,361.961288,181.292389,139.816772
552.621895,369.710190,183.210495,133.081299
552.051064,370.038315,186.116501,135.744995
548.738899,373.258369,183.657883,133.092606
549.373680,374.249100,182.529861,134.207031
550.554886,370.178452,180.476959,140.154358
551.979034,368.141571,177.872803,143.971954
554.211853,375.619392,183.847046,135.203079
554.817978,367.335510,173.893829,144.945526
556.584511,372.234261,171.416855,142.904739
558.602859,374.512344,172.387970,143.256592
562.728279,365.245331,173.001755,150.802155
563.459671,368.906296,177.567780,148.042786
565.491058,367.464890,175.585693,151.461243
565.312508,369.787483,180.837082,149.152420
566.587975,373.891121,183.075333,146.062576
567.356789,376.757767,186.711227,142.423035
568.107422,377.380981,190.434204,143.898773
567.336098,381.676071,195.781906,140.906372
566.954254,382.807541,200.030457,139.410950
567.254990,376.805435,203.872589,146.992310
565.888351,377.010223,205.881256,148.960236
567.517159,379.069000,208.164780,148.697174
568.064980,381.916840,205.476852,146.146149
568.685699,382.892242,209.062683,147.643646
569.241867,382.501999,211.214020,149.328247
568.434509,381.816872,215.312805,152.697952
565.769325,385.775368,219.101791,146.672256
560.579063,386.382919,225.764420,148.062683
542.215538,377.853745,245.144302,158.484070
545.016426,375.798462,244.441818,165.447296
538.942261,378.028870,251.837158,166.513519
530.582428,380.341705,259.450073,172.415192
527.715118,379.948051,261.981079,181.242661
522.249954,384.600250,270.630890,176.865265
519.911911,379.113708,275.851776,194.623260
522.703125,383.740669,277.133362,194.122025
516.766968,385.651657,282.130188,195.836182
517.929092,385.625191,278.895172,201.209671
518.018173,386.702400,277.974579,203.704666
522.184280,384.047333,273.965363,207.500641
526.394089,390.260834,271.308563,204.599030
531.748825,388.102844,267.655975,205.167084
535.013992,386.348793,265.374298,206.655411
538.463638,385.251442,263.795807,207.697525
540.263992,385.876457,262.396637,204.168076
537.960205,387.206345,267.315613,204.463257
541.275055,385.561752,265.231567,205.280029
540.112411,382.796310,268.938324,206.934204
541.002625,383.713531,269.787292,211.670074
544.954071,384.456993,269.174072,208.314499
549.831039,384.064156,268.309662,205.724808
546.155319,383.740013,276.895599,208.160690
545.987991,384.803284,274.636871,201.569794
547.979462,384.281197,271.319336,200.920609
546.303879,380.515907,270.413422,200.582413
547.488815,380.777992,270.785370,199.170670
551.133194,375.021606,269.851593,202.234589
555.476303,375.777916,270.993622,201.207687
557.685028,377.386887,274.646118,199.848633
562.835052,376.739555,273.002930,197.076279
560.812561,372.671425,276.565857,198.371109
562.561829,370.888184,271.682922,197.696014
559.955154,372.364525,272.925934,195.769943
562.455994,372.337708,267.876526,194.173920
563.961472,373.883667,264.756195,189.665497
566.712814,371.140839,264.452240,193.914703
569.532822,369.597382,264.934418,192.540924
569.609177,368.930649,265.059174,191.113037
569.304108,370.425613,262.928467,186.437439
570.611145,373.216270,256.597961,179.250046
571.057526,368.339867,252.944580,181.583908
569.600639,366.070648,251.086258,180.934479
571.312355,370.701286,248.436020,175.957993
569.473114,368.407959,249.848267,176.327972
571.300507,368.307472,249.753540,177.626724
569.945381,370.274040,250.201950,175.245712
566.606628,367.677994,250.443665,176.336243
564.219841,370.427689,249.736038,172.988342
563.596786,368.583847,246.607880,173.554932
560.255173,369.687088,248.379974,171.581116
561.762459,369.428925,244.454025,169.487701
564.544304,370.443016,240.925125,168.325302
566.068176,368.188805,241.939392,170.075729
570.534966,370.391479,238.715591,164.880951
574.503418,368.915535,233.776306,163.534988
572.366066,366.470245,236.099106,167.625031
575.439743,368.260139,231.399933,162.670242
576.866119,363.902069,228.775208,165.778534
576.874657,364.237679,229.818253,163.136612
578.125961,366.703056,228.136017,159.139511
577.817383,361.384415,227.846741,163.770325
574.807945,362.257263,230.880447,161.771027
576.916214,358.537270,227.755829,162.546524
574.295853,361.763428,231.337860,157.548676
578.333092,360.386848,227.256912,156.726395
576.322945,360.370438,227.468918,154.968323
572.449280,362.748795,230.853516,152.663696
575.345299,353.567383,229.172745,162.163300
575.512688,359.049393,229.772842,155.944336
575.967873,359.038246,230.169113,156.222427
576.356026,357.697952,230.498276,157.197388
577.576157,358.849113,227.086578,156.160507
576.740982,357.273483,228.385406,156.250366
577.328049,352.896782,227.516571,160.869186
575.151268,356.875137,229.127823,156.527344
573.895081,357.174553,231.242065,156.661362
572.394669,361.521591,232.748688,153.214050
571.638069,349.240410,234.975815,167.356003
571.606125,349.493858,236.329926,168.124435
571.309479,349.191986,236.859924,168.837311
570.723396,353.934166,236.271347,163.456345
572.048676,354.582458,234.021606,164.769562
569.889534,359.808876,235.621078,158.338333
568.249779,353.325790,236.840591,166.703247
567.740547,351.216187,238.531662,168.082733
565.873184,350.141068,240.823761,172.148437
565.357803,351.137047,242.017548,170.187668
563.517014,350.520294,242.644440,170.788483
562.934677,351.696259,242.186432,171.594940
561.614220,352.422508,243.379593,170.605209
560.600792,349.309433,242.496719,176.483337
560.165947,355.921661,244.020584,170.493866
556.542534,359.383041,247.653824,167.431946
557.904106,360.321907,247.681229,164.874161
557.264511,363.123550,250.931305,162.774475
556.516830,365.023987,252.030792,161.171906
556.012947,363.375504,251.902145,163.471191
558.781013,361.801559,249.803574,170.155212
553.685852,362.952377,257.480591,169.261047
549.138657,360.083008,261.632843,172.674225
553.404373,364.923584,259.340057,169.443390
552.552979,365.969185,262.574829,168.794083
551.609299,367.301384,265.932648,167.284836
549.096481,369.727623,269.888580,165.395126
549.146973,369.727333,271.804932,169.254837
537.223511,369.403809,283.919556,173.320221
549.269424,372.015068,275.157318,168.642624
546.376358,372.097427,285.117523,172.822021
549.914459,371.332077,280.196106,172.737366
552.909927,366.396820,278.183807,180.143890
550.143600,368.454742,284.434479,176.237640
545.224670,368.568268,290.011963,176.820892
544.662186,368.343269,292.337860,177.813126
546.085098,365.467743,295.050140,179.013031
545.594391,367.889153,296.183655,174.327316
548.076630,367.307747,295.460022,174.516495
545.981232,359.235611,300.297424,183.594238
545.389999,363.793915,302.573517,181.313080
546.721390,362.530342,301.068939,182.988541
545.977539,364.290665,306.792114,180.758911
551.188309,361.618660,302.372772,183.586807
551.015915,361.622192,301.696198,184.223785
552.921112,370.109802,309.569031,175.767731
554.607864,362.598915,306.883026,184.396561
551.476227,351.134903,311.601624,195.900024
561.949600,361.637726,304.466522,184.751923
560.209976,354.971649,306.945526,190.380341
561.383118,359.056046,304.470703,186.764160
566.820969,358.012901,300.347931,188.368149
566.146591,358.198708,303.248322,191.657425
569.597778,368.668961,300.201172,178.285034
570.957336,367.641457,303.496216,178.849808
574.045410,364.653214,300.338135,181.470581
571.879227,377.036690,302.611298,169.622330
571.806351,367.720779,304.582367,177.766968
573.672974,364.504868,302.410767,180.438171
575.188400,362.866219,303.243805,180.861588
575.397385,362.815071,304.259552,182.873795
575.517517,365.528763,303.764404,178.619263
575.815994,366.334198,306.192963,177.351044
577.741318,365.310066,303.164093,178.348404
575.315125,366.466248,306.643066,176.687897
574.830261,366.529907,309.930786,177.311310
571.629486,361.542953,309.325012,183.751526
569.159195,356.058487,309.807953,188.047974
565.471115,355.872169,311.312897,189.555496
561.110031,361.358421,315.579376,185.575302
556.433487,364.616295,317.330902,182.116074
555.310760,369.453018,319.444763,177.033081
550.361343,363.473480,323.836273,185.108734
544.510864,368.619362,324.683838,181.122391
538.959152,361.742401,327.734528,189.097992
533.715195,361.890923,331.974762,189.039841
525.441254,360.429916,336.008850,194.831848
521.210968,354.970955,336.060364,201.684341
513.055435,354.024712,343.167694,206.981247
508.345505,361.931953,345.850616,201.509048
505.157578,368.729752,346.962921,199.318359
500.065689,368.508514,351.901337,202.725800
497.056458,365.332069,353.050293,209.092972
490.219940,378.627213,361.135925,200.001831
485.033386,365.541527,362.832153,214.750107
478.347733,364.579758,367.969696,217.867249
475.062210,370.500923,370.859100,217.498795
471.907883,369.607735,373.643341,223.354019
470.686050,368.180321,379.178925,226.995468
471.179733,385.735367,381.441193,212.995239
472.608719,372.965508,386.190277,228.264450
470.870941,375.077118,388.829651,228.182465
470.794006,378.430283,391.350952,225.801331
472.345200,380.657570,394.230011,225.168900
470.802170,375.609451,400.697296,232.400757
468.240631,376.850952,405.572327,233.017853
469.616806,383.013840,408.846710,228.861267
471.965393,382.744652,410.061035,233.639511
472.933319,387.152443,414.213074,228.999588
476.336685,386.573265,416.735199,231.443344
478.594360,386.783623,416.162842,232.481735
479.078903,392.028221,418.578033,226.252426
480.282394,380.950241,419.275787,234.021179
480.889603,383.718956,421.358490,235.156479
478.175354,388.730888,423.526245,234.266525
481.799072,386.168938,427.569946,237.956711
481.500381,396.540596,428.336639,227.524673
485.971039,390.393082,429.938904,231.845215
488.437286,394.690369,427.764343,228.869659
488.416061,390.317871,433.902252,231.386017
490.504745,382.905975,431.025177,237.213470
492.862564,386.102608,432.872528,235.426285
494.120300,380.102386,433.401001,240.189301
495.886963,386.859291,436.932983,233.927567
497.568146,384.315353,434.904968,237.630310
499.656250,379.535637,437.252686,242.708420
501.801453,358.583252,433.898071,265.984528
505.405991,378.314987,434.756012,246.036194
502.062057,384.024986,434.165314,243.199692
500.760788,384.326309,434.713287,241.884644
502.354248,370.404488,436.059448,253.511368
500.784698,381.195778,438.288635,243.800125
503.829971,380.564064,437.957611,246.046219
505.577438,376.410027,436.983307,251.009689
511.472031,389.028374,434.109528,236.951584
510.681808,376.553169,438.315460,245.736710
509.542679,381.677094,441.774506,239.811371
512.773346,382.249130,438.889954,236.806213
512.668915,362.221085,441.953918,257.998291
510.324905,369.297874,446.051849,249.999863
515.159195,383.108498,443.004974,238.688553
515.745468,378.790985,442.304962,241.064911
519.103989,375.214905,441.872345,243.320343
517.141449,379.418022,444.976135,234.523605
521.524979,400.598244,438.979706,217.645218
517.419907,379.581413,443.913971,237.031296
522.732025,375.505013,438.452820,240.851334
521.414063,371.225777,437.331543,245.731827
520.323746,371.303894,437.927704,241.885284
518.191711,373.448654,437.730713,245.125305
521.459518,366.978256,435.613800,250.900940
523.361404,362.151497,435.178436,255.011490
524.534286,380.705528,438.095001,232.971542
524.388916,363.932388,436.308105,255.450562
522.821594,383.963524,438.432495,233.115952
522.517822,380.756798,438.289551,239.337753
519.994904,370.000160,439.766907,250.227371
517.174591,383.048531,444.520447,239.839005
516.369904,373.720932,443.961731,249.532898
516.291351,368.698685,448.039246,258.387207
517.699615,366.345749,447.028870,262.034607
515.949371,375.492416,449.513855,254.825256
511.752975,352.247025,455.481964,283.448730
501.283981,367.512070,461.037628,270.038513
498.306854,373.865173,462.631409,268.727936
500.478165,365.162598,458.857758,278.584381
493.711838,371.512589,466.611359,275.321289
490.153320,380.918564,471.505615,268.264221
486.689682,390.141205,473.836823,262.698578
483.627441,375.868240,480.860229,274.936279
480.268539,377.301056,480.664581,279.049042
478.488724,354.188248,479.824677,303.828979
472.437927,377.993851,492.581665,280.211426
469.592621,370.080414,487.186951,289.978973
463.310089,375.553833,500.213318,283.344391
459.760010,375.574951,499.351074,290.119415
453.130035,394.931717,513.006287,272.083008
446.080658,409.949722,515.304260,265.560669
447.462891,405.866470,513.714966,267.413940
450.857849,422.932289,511.662354,253.285355
456.950272,422.920334,505.368011,250.273010
458.299591,424.234947,504.253601,253.767929
454.350647,416.842728,506.805298,253.451172
450.652863,429.049675,508.588928,249.718430
451.496613,423.202187,517.225525,253.197342
455.456573,439.637100,515.368225,243.854492
461.706436,435.374290,509.801361,250.269882
459.008560,444.909294,511.847870,244.517990
459.853607,438.113686,516.184265,254.390579
461.169403,443.671448,522.405945,247.818756
463.706665,438.573608,515.805664,257.667267
459.710876,427.271912,523.052612,269.349030
455.481415,433.057449,531.050110,269.154053
456.603271,418.554718,531.622192,278.967743
456.945923,453.589302,535.485718,254.073135
458.179047,440.053391,537.547302,266.888367
458.836090,451.478760,542.675720,259.442657
459.058685,438.656509,542.617737,267.765625
456.893585,470.165840,549.541321,239.795303
448.745239,439.392838,557.159302,273.258301
449.029816,465.094894,558.121521,246.333191
446.760712,450.044876,561.532898,264.132446
445.876648,430.928711,565.948242,277.296295
444.241180,442.058273,574.810486,275.520935
442.817657,425.361298,578.787292,281.559784
445.774567,443.405396,582.223206,270.259430
440.886963,427.190659,591.260620,281.441589
441.470093,436.389786,593.417725,276.866577
435.047211,438.553223,600.987976,272.204132
420.029449,448.575729,620.332581,265.731506
417.385437,468.550323,623.143188,244.185883
415.341156,470.394432,629.877625,241.282333
432.180939,479.860130,616.152893,234.013412
420.176941,459.250702,633.905273,252.282318
436.246185,497.981743,618.127502,220.713669
422.909393,455.589417,637.846375,252.256134
425.550842,473.353653,631.320190,234.982056
420.228516,473.632309,635.235840,240.594421
418.526093,477.135994,639.102478,236.729019
496.279510,461.997955,563.677673,244.614105
433.761017,473.463768,635.855774,236.132309
456.214539,447.865097,616.419678,260.713684
418.670563,491.270485,654.362122,228.729515
429.231201,476.335804,648.423584,232.134888
435.075928,467.124935,635.523071,247.265366
395.439941,456.666157,674.180420,253.684998
404.724243,448.321857,670.587402,264.846008
414.438965,486.604397,658.678955,227.346115
396.826874,485.616207,672.079651,226.827866
394.981354,459.792622,688.949036,248.793152
488.351593,456.829586,582.730286,251.613998
422.682190,495.341335,650.715454,218.255173
387.709045,497.502956,679.574463,209.084885
371.687561,492.776554,701.640991,220.435272
383.588013,462.673573,688.277954,248.491333
385.390381,474.574230,693.582642,238.703934
403.894196,479.118137,684.551575,233.390656
408.284180,469.945927,686.402832,247.543793
410.000427,505.028316,685.126099,209.929550
420.221436,469.095737,686.268188,247.703033
419.890503,494.915386,686.055786,224.965347
411.566132,501.596409,702.545593,218.403591
417.712189,474.567202,699.087952,239.097015
428.261292,478.704340,686.403564,235.396713
423.159424,468.865908,690.255005,249.422455
433.851776,465.533747,680.795105,247.303818
437.481079,472.628450,680.811157,241.379059
450.907166,474.329020,667.675171,241.979630
463.972534,478.673433,654.165527,239.692780
454.363953,468.018526,655.733398,247.029205
466.417206,474.382296,640.010437,239.292511
465.165985,462.154993,633.864929,251.683762
473.564514,456.992861,616.881470,257.851654
479.940948,455.046114,605.445618,261.022980
490.505280,454.860369,589.867249,261.321838
492.779877,446.798037,585.727966,270.822601
501.808258,449.573946,574.259705,262.494659
493.592407,441.088701,580.345825,270.273132
508.279633,443.247301,562.552185,264.588745
511.351074,432.353090,554.633545,275.910858
516.643646,430.089525,550.126770,270.603516
522.809570,419.292482,540.838013,284.078094
532.609497,420.193254,527.212646,272.581360
536.678741,416.984987,528.217712,279.876312
540.534439,421.576235,510.690887,266.981415
546.450256,420.218966,508.152710,268.911530
545.781281,424.369463,507.115295,259.656189
549.241409,420.437868,501.946991,257.983124
551.119446,415.387117,495.921997,263.152252
552.938858,409.983049,487.609833,261.305603
557.797394,408.438128,477.948059,261.898865
564.180206,408.801447,475.230164,253.201279
567.506805,410.362909,473.606384,248.347275
569.638351,405.204821,470.234161,244.280273
574.569595,394.948908,463.186005,255.658920
572.472076,385.678164,463.185242,259.093353
578.070068,380.743563,456.666138,258.580841
579.953110,370.358904,452.904205,264.224182
585.144806,367.451174,446.145569,262.994354
588.383209,367.585238,440.382385,258.363434
589.446991,369.994181,436.379700,250.439835
588.251602,373.986742,434.862518,247.133179
583.227203,369.204981,432.628357,245.986252
577.487259,364.286196,431.005585,251.082611
571.146042,366.028826,431.189606,244.972351
561.110245,359.782717,434.457001,252.781219
558.463531,359.276751,429.164001,246.961609
555.497620,369.123446,428.895874,237.070099
553.724304,379.449045,429.582031,225.742630
550.454514,373.581423,427.017731,228.525360
546.334839,374.977221,425.051636,227.211548
537.728088,371.522188,425.043701,229.963287
529.271683,372.016199,423.546600,230.448166
520.692429,371.268557,424.525787,230.196869
513.774826,375.030054,423.058624,228.610153
508.085541,364.016924,423.391541,237.577209
504.800659,361.307947,422.813721,237.296799
498.707260,368.428774,419.424713,233.876068
492.420258,377.996790,423.927795,224.492233
482.839142,380.710817,423.270325,229.526947
472.832123,377.201738,423.987732,234.547180
462.835266,380.862139,431.422974,237.167664
456.544098,389.470263,431.684631,231.367188
451.959595,392.657251,435.553101,230.893478
448.629776,399.003824,436.779999,228.250015
445.938568,392.934084,437.514954,231.933685
441.141663,406.146814,440.968384,224.477707
433.867203,396.347841,440.796600,235.230560
425.175507,388.417627,444.258972,242.518356
417.759567,392.072702,447.650299,239.939651
411.698563,382.046526,451.744843,246.788635
409.957001,385.708117,450.244080,245.792603
408.853271,385.210749,450.769165,239.741806
406.274673,392.426073,451.528412,235.219849
402.349762,380.662493,451.076721,245.179260
395.284775,382.485880,453.572418,246.148209
383.772186,381.252832,457.752502,253.294968
373.719193,378.704836,465.570160,254.232880
369.508759,372.600954,464.395691,264.395111
366.710114,377.097673,466.326843,263.008972
369.421051,388.474375,463.076477,247.341629
366.985306,390.392588,467.686859,243.221390
365.156647,404.567743,465.934998,228.452621
353.194534,388.484461,474.925385,245.544357
346.124374,390.380960,475.877350,243.808121
343.356918,388.169672,477.224030,250.212509
338.959244,387.978273,476.632172,248.611420
336.170166,387.409166,477.395020,250.777710
327.660995,387.763285,484.916168,252.560928
330.157318,396.087107,482.573303,250.084915
327.346848,393.765871,484.043854,254.482880
322.575653,376.953920,486.238953,265.399384
320.289597,379.850588,483.115997,267.464081
311.097824,375.574663,494.773956,275.972839
311.089966,374.109789,489.663208,278.310303
308.114273,401.453356,492.982635,260.835571
310.678452,394.662172,492.196564,258.509247
310.762299,402.650805,495.520447,256.410034
308.473160,406.888689,497.526703,248.637878
302.761505,396.947588,499.469299,260.499329
296.795273,385.559404,502.815338,273.136780
290.081116,391.481966,504.775024,260.762604
286.986496,388.019304,508.497101,271.424500
282.871368,384.866030,510.102844,273.469818
282.088013,408.378344,508.127441,255.262695
281.154449,397.127932,512.384094,267.999237
280.310608,395.642473,512.403931,275.700134
277.085358,398.256166,511.297058,276.939423
272.960739,383.205584,511.980621,290.948547
266.830566,389.722963,514.748413,282.358246
263.074158,369.558901,519.979614,305.194916
265.708313,412.642916,516.801514,272.409454
264.438782,404.355577,520.283569,270.178467
263.590088,415.684847,523.179932,256.702667
266.309357,417.183802,519.977478,255.613693
263.215729,416.008120,522.277405,256.765106
261.822968,418.205118,524.869812,254.122696
257.462097,404.822008,526.677368,272.050659
261.002106,405.762560,522.400696,269.457642
264.020691,412.643373,523.609741,268.811371
265.665436,416.987902,522.330505,261.647949
268.981079,424.170107,526.260864,260.588959
271.657928,400.406145,523.816956,284.565247
279.577301,385.007113,515.987122,294.146027
286.109009,393.634539,510.390381,290.730042
285.810974,381.448442,514.725586,303.937317
291.166718,394.981569,513.013611,290.790009
303.879456,394.134249,507.531616,288.857086
313.493439,408.919542,504.510559,264.906860
317.788437,394.200640,508.538605,270.452698
325.714615,385.617144,505.969696,274.468689
336.472870,393.276537,498.546814,268.668701
340.794418,391.680742,500.041290,269.972595
350.042725,395.451296,495.713013,265.570038
359.466080,391.908587,490.106537,265.762512
368.111847,387.202059,492.315613,268.879913
380.169022,394.611284,484.915741,264.632263
391.292236,391.747789,478.958984,266.367310
401.243698,383.128679,474.459137,269.070129
406.074310,387.006746,474.475403,263.028473
413.992203,378.320574,469.377899,269.125305
422.584900,380.875917,461.471680,265.233002
430.113113,396.220736,460.510468,256.508453
439.543503,373.176363,458.637604,269.817291
445.660446,391.277674,457.304108,249.491013
453.585861,368.420855,454.898712,262.102844
456.441055,379.416178,457.122406,248.267349
464.341125,375.967936,455.679199,246.815079
464.213837,383.934473,457.303284,240.272873
465.408264,381.464251,457.924683,241.068787
467.072067,382.020670,458.656281,240.570084
471.944733,378.437960,456.261047,242.159943
478.528214,390.512468,454.854584,232.577576
479.543106,391.040918,461.873260,233.985031
488.265137,376.531229,457.760132,248.594620
495.368088,384.827898,451.792755,244.385559
495.284378,377.622408,456.042816,247.160431
499.321854,388.856356,456.481171,237.194611
500.492416,371.325365,461.156647,253.548218
506.859451,376.966639,457.703339,244.040329
511.823532,383.785830,459.569122,238.115814
515.241562,399.301935,462.695587,221.728256
520.423386,393.625742,465.421295,230.474930
522.528992,371.903147,468.097900,252.753128
521.974243,383.745394,469.619873,244.800568
523.142731,383.944750,472.993713,246.834961
529.070206,392.566545,473.315521,236.645935
533.213882,395.673250,477.260223,235.723907
542.092392,399.575701,476.903229,230.881042
550.306519,395.269602,477.038574,237.607620
553.460693,386.093210,480.145020,248.198074
557.308487,381.054972,484.129608,251.982559
558.403259,378.053919,485.013672,253.596970
556.047302,369.352098,490.951294,259.959351
557.454636,371.494600,493.724396,263.169830
559.577988,355.315279,495.736115,271.664337
561.017441,389.274706,501.431671,242.320190
566.640228,375.377352,508.597595,253.876007
567.051331,397.261187,513.640747,238.876526
563.326935,375.497042,525.844421,262.957794
561.716522,390.663614,530.516663,250.653580
561.893555,388.341722,531.592529,267.711792
559.033783,374.818270,541.945129,277.402008
554.966431,381.736849,552.869507,284.048981
562.004303,384.077333,558.337830,279.890228
560.422882,396.242128,569.055115,275.035736
567.541229,397.662340,573.567078,270.476929
572.909149,384.924883,578.179749,281.583191
572.316132,367.163683,582.467834,302.749756
563.918274,370.031649,595.135864,299.659088
563.106934,365.302309,605.008789,300.638519
565.406006,392.656206,610.223145,279.625061
566.162201,401.549913,617.576477,288.458740
570.180969,377.820787,615.708374,311.464844
570.157623,391.298449,629.257996,303.550781
570.248810,387.446489,636.436462,309.996887
571.471344,388.764681,642.143494,315.406891
569.861847,379.864244,649.606873,325.270264
571.416168,390.779390,651.441589,315.274689
576.913605,394.611452,657.158386,314.197968
578.948547,407.185823,655.485474,301.822662
584.724487,400.795382,656.995605,309.075470
587.965576,421.305330,655.020996,283.059479
591.943787,419.806047,650.590698,290.339783
601.488495,409.175417,641.096741,293.654999
598.402618,397.776018,642.890320,307.216736
598.020142,394.163759,646.027100,311.311615
597.492859,401.743486,648.722534,294.116028
602.194122,407.134127,640.456726,297.425812
604.824829,425.961977,636.695068,269.984222
599.543274,418.357729,644.297729,282.873871
598.418579,418.155336,640.629150,280.797455
595.208923,421.094545,640.066528,281.842133
593.426239,400.025026,639.479309,300.769012
588.942810,406.010744,640.255493,296.075165
591.408447,397.674120,637.171631,302.923706
592.813568,403.633410,635.298401,295.598877
593.384552,411.054918,634.384216,292.019287
600.461731,407.480104,625.452271,289.793182
589.812134,424.657000,630.980957,272.553894
597.901672,410.235003,625.318481,277.025818
589.864624,417.517046,627.999512,274.696106
589.015686,396.135759,622.593628,288.590515
584.592987,400.562944,620.064270,292.047180
581.807800,413.970720,620.887573,271.469421
581.703339,416.056475,620.170715,267.647766
580.241821,379.310686,619.637207,293.316833
574.893097,389.546877,620.515320,285.477264
574.937012,404.271395,620.111816,269.406647
581.040527,394.360384,614.501221,279.510773
566.559021,375.138033,626.009888,296.846832
563.002655,366.278429,627.493469,305.372192
562.030975,378.254625,630.941711,301.587524
561.388092,356.565996,629.762146,310.311462
556.298553,390.646730,635.039124,292.223969
566.074890,358.201647,626.823364,319.269409
555.021576,387.254992,638.919983,291.298706
560.462860,378.713411,625.204407,298.088654
558.842712,369.398607,625.444458,306.684570
554.354950,332.912600,627.146545,337.499115
545.917114,366.529848,638.946533,314.595184
549.412720,357.922396,635.783691,322.353058
546.391113,380.475100,641.318604,305.788666
550.926453,382.820070,635.271118,305.269135
548.731598,399.437609,636.692566,287.221069
546.359711,389.746355,637.941711,302.352112
541.566650,368.687532,645.020264,314.899689
543.265747,375.237856,644.083984,315.986298
534.912720,372.456057,652.296387,315.812347
531.026306,373.431704,652.533325,324.888397
531.021332,365.771059,656.797913,327.200165
533.638031,382.980303,657.675354,318.887390
538.608246,396.816774,654.456604,301.760590
541.606354,393.701540,651.351501,305.288666
539.941956,383.171587,651.825073,315.378845
539.525909,383.134111,649.680359,312.943054
540.186218,358.215578,644.424194,326.318451
538.162323,365.390795,645.575256,319.202881
535.477264,389.192430,644.649963,308.638428
538.440796,393.138872,640.316650,298.886658
538.839996,403.889589,640.231873,291.011688
534.437653,398.562029,641.856140,287.427551
535.378815,392.700869,640.058289,302.496063
533.764343,385.207018,639.756470,298.021606
534.811920,383.425844,637.830505,305.614960
530.721283,381.689989,638.261047,304.353027
532.555511,385.040956,636.457092,306.425507
531.787689,379.282961,634.422668,302.050385
532.491211,387.542467,635.218506,301.496948
533.891022,361.546846,628.174255,318.175690
530.461548,387.211809,630.507080,292.426086
529.859558,379.881121,631.540161,304.813293
525.439209,391.656054,632.337158,291.504883
526.857635,378.095522,625.757141,306.310516
522.188110,374.876207,628.669189,298.471802
522.770905,376.517427,626.069763,312.155182
523.850403,354.872072,628.842651,322.216156
516.267151,378.094698,635.229370,308.269440
521.002106,346.820620,631.378601,318.633270
514.262360,383.855623,635.658386,298.410919
512.444458,372.106356,638.564941,298.851593
513.076050,373.718111,634.993164,303.576080
497.460602,356.612215,650.775330,320.758087
494.247101,357.662859,652.855652,323.154602
493.649811,352.755114,654.416687,330.106079
490.560394,354.043139,655.286194,327.887207
492.936920,370.434359,657.127380,314.089142
494.257202,379.479753,655.508301,293.844055
489.501953,349.946352,658.559082,335.130585
483.544952,355.977877,665.133972,328.232574
481.055298,345.139315,664.499023,341.374054
474.768890,346.597704,664.842102,338.913574
474.252594,366.934237,668.604187,331.045929
473.104584,348.052660,671.552551,347.349609
468.507019,367.335314,678.659546,331.605347
468.953522,370.152498,682.591980,326.584503
466.644257,364.143496,687.767395,338.373749
463.340637,360.277834,693.973511,345.671234
460.615997,359.780474,700.303894,347.192810
450.614197,346.580446,711.667847,362.716400
447.736450,351.553377,715.094971,356.833771
445.300873,358.869814,721.567932,355.663788
444.635468,357.168612,728.426575,355.699005
446.706177,369.089693,729.092041,342.994293
447.872467,361.934267,736.105652,346.274628
447.308075,382.680696,743.387024,326.470245
451.875397,385.292681,747.826843,326.784363
452.038910,360.104555,746.602844,350.411102
450.897430,367.397234,748.024475,348.371643
451.450439,409.507067,744.662354,305.766724
446.037903,378.588015,751.786011,335.149750
455.418915,394.023058,744.011292,324.367310
454.812469,412.391863,757.081116,300.323303
459.796509,403.227373,750.320557,307.537781
466.516083,376.716936,748.798889,336.764221
472.782440,362.283953,746.848206,354.867004
470.378052,379.851595,744.915283,333.695343
473.817780,371.249208,745.032410,344.074677
475.434906,374.177156,737.200256,342.279572
482.138580,398.418871,727.825134,313.982178
489.812256,394.759356,723.211670,319.570984
496.681183,427.737627,717.553894,286.093201
493.802246,433.350283,720.164062,279.447479
496.317993,396.579210,717.081543,317.201050
512.621185,410.107454,701.439026,299.220245
506.546844,388.779436,707.340393,324.490784
519.316223,400.706408,692.476196,311.881714
522.809509,385.643526,690.681763,329.049957
528.080811,406.220354,689.532959,305.646057
525.232697,422.428743,692.280457,287.328644
524.690613,437.803682,692.989136,269.546539
527.513763,430.168230,689.122620,280.268860
526.267914,407.538713,693.257629,303.609680
524.213409,403.953508,699.862488,313.983459
522.433807,361.203905,708.320618,344.082275
529.260773,344.911531,703.229431,365.705353
530.535797,331.428377,717.418396,374.605988
538.316193,375.383730,721.651306,339.321747
546.536835,373.236269,719.354797,331.110077
542.893250,421.213976,725.144897,296.095581
537.113190,407.898363,729.331726,306.840820
535.525024,368.555132,727.541992,351.162781
533.188995,385.583086,736.074646,332.804871
533.930054,364.256380,735.633789,354.232697
531.896973,429.383013,742.231445,290.426208
525.761047,362.121416,747.885864,355.527527
538.113373,431.546694,741.886627,285.075165
527.173477,454.436205,751.351624,262.857422
531.397537,460.386209,746.813416,255.834122
530.975571,436.856920,749.024429,278.796265
525.401085,422.014757,752.818420,291.871948
528.340202,426.891832,744.899658,291.504272
530.489891,420.655153,744.630310,295.131195
532.477776,424.873766,741.587646,293.783569
538.338249,432.280733,736.885498,281.984283
533.273918,457.525194,743.302002,262.474806
537.472130,452.018716,742.527870,264.825897
538.864941,466.059068,741.135059,250.822830
533.956488,417.260720,746.043512,301.009125
536.411288,442.127679,733.600952,273.456848
522.713077,484.309571,757.286923,235.690429
524.998323,437.975190,755.001677,278.367737
533.170823,452.247696,742.886902,267.481903
538.495621,442.925995,741.504379,273.554504
526.336861,455.181519,753.663139,264.547363
531.749180,446.625077,748.250820,270.101410
518.332598,427.617798,761.667402,283.393799
521.931253,412.753479,758.068747,303.908813
516.448811,412.198975,763.473816,307.308838
524.775410,418.123795,755.224590,300.183563
525.880411,391.973145,752.859070,320.500977
532.747965,413.639634,743.752869,301.953644
533.304575,416.718888,740.979004,300.282440
531.952830,427.760041,744.972778,288.713562
525.582407,431.074341,749.519287,276.675781
505.262644,432.934983,770.894653,276.437897
505.874277,410.802613,768.540771,303.884766
503.366221,422.377198,768.302490,289.997559
507.137980,429.186356,766.403503,285.918549
499.644053,426.983445,777.305176,283.774078
505.259714,446.138901,770.307251,268.287140
507.479014,416.232956,771.910889,302.249908
503.729868,429.555314,767.723877,284.723602
483.084421,418.055787,792.805054,297.318604
479.046458,388.076493,792.886353,326.418793
471.160074,404.011612,798.218689,310.123260
463.323954,396.858201,799.667297,320.777008
468.315623,401.936341,786.874878,315.494751
472.391154,394.946396,778.742371,322.531769
468.842722,400.246537,775.240845,314.004242
465.025828,398.250916,767.468384,314.370972
456.825876,409.354264,753.811646,308.483856
450.901743,387.377381,740.209717,327.488647
440.920511,400.309067,726.899963,314.077667
438.847178,396.108506,720.658203,318.126740
432.307413,390.972886,719.067078,322.124054
436.731913,409.068192,716.067200,307.888519
436.045389,401.505204,713.488342,312.320892
437.591410,399.810181,704.694153,309.947510
436.973429,401.398224,697.671082,306.806580
430.120005,395.402695,690.945557,310.519318
425.984232,396.582367,683.882874,308.056213
428.240824,392.091843,672.458313,313.220123
432.217783,391.999833,664.404541,315.620697
440.398752,394.281083,656.938354,306.619476
446.332011,396.632279,653.864563,308.628754
453.624613,406.119812,643.803284,292.293579
455.996622,375.898621,634.125427,322.015747
455.937388,395.549073,624.899902,299.572510
462.651163,383.325943,612.231140,303.998016
462.757883,380.766678,601.634644,310.576263
465.015543,382.095017,594.103943,295.664459
469.281748,398.408051,591.920898,287.718811
478.294871,398.727234,581.850464,272.436401
480.117411,378.444657,574.555725,287.629364
478.636942,373.541916,565.745056,286.707306
476.717112,374.429169,560.108887,278.790222
477.288126,378.317917,551.719421,279.009796
476.924845,372.781083,542.182312,272.528046
478.002634,371.861817,536.604614,276.250610
480.723093,368.976395,529.489014,273.098114
482.722574,363.094697,528.786438,279.993469
483.977579,365.787293,520.612732,281.615112
482.996622,378.049942,516.456848,262.659271
485.925913,374.496689,512.706909,269.755646
489.669947,367.017426,506.053925,269.689514
489.468043,366.906327,501.334442,270.119965
491.571757,373.821351,498.270813,263.684448
494.194697,375.813408,497.569855,253.066299
496.651728,377.122017,498.238556,251.866806
499.477167,373.520394,491.860626,249.877914
497.677180,368.984337,486.904938,252.476883
496.204172,363.599564,487.000122,260.059296
498.960413,367.216820,480.030853,250.906204
502.384028,370.125016,477.424713,250.405487
509.314234,369.100983,469.348236,245.288147
517.206339,367.221619,467.947937,248.215332
518.506663,365.810723,467.560059,245.957169
525.043101,369.917206,462.873535,240.923767
527.961069,361.933228,461.275146,251.783936
530.751459,359.776360,449.911896,244.856216
532.033045,365.997399,448.360321,240.710281
533.641993,372.263375,450.464203,232.723007
534.700678,365.818200,438.942780,236.697830
533.431971,367.095582,440.284027,236.847656
534.149668,369.910157,436.338623,232.953857
531.835505,359.441414,441.332306,240.686874
528.239176,363.412163,443.439392,238.602676
527.680338,349.943726,445.681580,253.704956
529.816141,358.631661,443.822815,246.105820
530.088312,359.001351,440.877228,245.046738
531.471979,369.492928,433.530548,232.513046
537.032480,372.897797,429.781006,229.005066
538.284632,370.742600,423.253387,228.019073
538.746516,367.243577,417.517487,229.241241
539.954706,369.206650,410.219269,226.485626
542.060236,371.479989,408.115631,221.161118
545.429072,368.778389,401.762360,223.070053
544.747446,367.942620,399.681763,219.665298
545.622706,375.786767,399.805023,212.561966
545.683649,374.705048,397.341095,211.145203
544.673289,373.340905,399.061646,210.387283
545.239680,375.085366,397.086945,210.961349
546.218180,362.171113,404.627869,224.186096
546.147913,364.856797,399.871063,219.730743
543.659525,367.527848,400.944885,218.969940
551.643885,368.522744,395.514008,217.324020
545.843256,372.376282,403.155304,216.477783
552.081370,371.763245,403.485107,215.206665
550.910898,367.731942,408.209839,219.112778
551.924631,374.473290,404.847412,215.895218
559.103632,374.665505,396.773834,213.390549
559.335367,372.818299,402.103210,215.395874
565.359125,368.282418,396.444366,214.650253
565.899073,369.267853,398.858002,214.750549
564.553278,373.156441,397.623566,214.357407
565.018442,379.240189,398.673950,209.616547
567.077692,383.822960,402.468781,206.130692
565.860682,376.750481,403.592010,215.716934
567.198786,377.519906,403.835602,213.960922
570.373133,376.425606,404.283173,219.304184
573.303751,377.573075,405.280212,216.649261
575.293635,376.520478,408.641022,219.518738
574.953669,383.412285,411.750031,213.804092
577.358744,390.671242,418.809387,209.350754
577.279581,388.032265,426.096863,217.511154
581.174448,385.049012,426.887817,222.947144
582.496821,381.969506,429.501984,228.256058
584.156290,384.158143,430.987122,225.864746
585.725718,376.464226,437.268066,232.985367
587.402354,384.755028,441.216919,228.214554
589.641550,384.323136,445.468262,231.429169
593.909830,388.653862,448.500793,228.857681
595.116099,384.109482,451.720093,232.999054
594.307291,385.356423,459.516907,234.930344
594.939768,377.560257,461.091431,246.218109
592.755778,374.975945,467.469788,248.763199
594.086039,376.342827,472.009705,250.018814
595.066859,387.023766,473.127533,242.827347
594.735804,383.649445,482.176727,249.327576
597.967890,388.640114,484.982208,251.334152
602.130381,385.562195,489.020752,253.788452
605.446055,402.924881,489.528198,238.359344
611.185557,386.896531,488.300171,258.044342
611.077677,390.506859,495.466736,253.574539
611.848475,393.504395,499.477509,255.084351
614.055933,385.121628,501.390472,258.867462
617.988230,407.294320,500.187256,242.951157
625.020136,389.405442,495.942657,259.477570
620.238276,399.132470,506.073151,250.873978
618.058436,389.840867,509.178436,259.178864
616.179301,382.497544,512.403748,268.669586
614.065409,391.220292,514.453064,267.365936
614.762827,393.648728,517.334351,269.299835
617.896097,404.252060,518.915100,254.667389
622.750681,406.016388,520.610352,252.730286
626.245951,406.586030,517.992371,250.542542
627.821177,406.730958,520.673828,253.830444
633.482920,400.934472,513.218994,253.735184
628.537913,396.396927,519.535767,256.717865
626.757792,382.518555,518.369568,268.126831
622.910197,387.457840,520.380798,265.258270
622.825876,394.821534,519.200806,260.241455
619.675455,383.496201,523.347717,264.329132
620.088419,392.555298,523.536438,258.730713
615.128733,378.549256,526.427002,264.253296
615.327769,388.376877,522.712769,261.091949
614.754374,390.310349,523.471863,264.622223
608.227457,386.132340,526.335266,264.091400
605.665751,387.995987,524.971863,270.313202
600.599711,382.404450,527.851013,271.998352
597.176798,376.714417,531.091980,279.289062
596.292338,382.233887,529.937195,273.730103
596.421946,389.643769,529.504517,260.473694
599.303995,396.939667,524.386414,270.739685
596.553568,393.593750,527.661560,265.013916
597.509012,398.362732,526.277161,271.115112
596.957926,399.294922,527.730408,271.664307
596.114359,401.617615,530.402771,266.104004
596.854685,415.466660,532.303711,265.693634
593.393412,403.960663,537.280212,270.149475
596.772837,403.331452,540.803833,272.041931
598.767496,399.666138,542.088562,279.256104
592.559122,402.925263,550.333313,276.101990
596.197428,390.722687,549.928650,299.511658
594.376292,390.070115,560.253784,289.626862
593.607279,407.720215,566.240784,268.681763
605.357126,409.986542,559.917969,269.996887
593.836161,395.605454,583.332336,265.425812
614.692667,419.965668,561.039368,269.350525
615.530253,387.203370,561.665344,295.954834
608.257578,395.180466,573.006958,288.998566
609.602732,409.762284,569.063721,279.524139
615.061167,406.512986,567.245972,286.241852
618.800730,402.705201,565.008057,286.105835
612.300089,408.446808,575.091614,271.785461
621.489237,422.959244,570.757263,268.708344
612.778147,393.208664,579.438721,289.162506
618.352305,403.587983,577.875122,284.733215
604.288859,386.096619,587.710999,293.558472
606.478190,395.716156,588.878235,281.604553
606.753733,396.351700,589.238770,292.991180
604.102824,391.396073,589.906799,284.636322
584.055887,379.381653,613.649719,304.801636
604.368510,379.602662,595.643127,296.176758
587.335245,370.592392,611.385437,303.491486
574.566386,342.165497,621.395081,327.042297
566.218943,351.254075,622.303589,285.041168
579.404368,376.084916,614.140015,317.990814
553.824015,350.549012,627.322693,324.944702
556.305216,334.994767,628.277771,343.147675
558.163340,331.098267,631.839844,341.056885
546.815378,340.337296,644.354614,327.277802
555.151163,355.536286,643.768494,321.469177
546.213114,340.015687,645.468079,317.661499
560.494791,363.081116,635.043152,328.719360
563.050364,318.074448,630.726685,366.449493
562.651621,355.214921,634.539062,334.089203
569.719675,311.270844,639.361938,380.609680
563.246043,354.285584,649.705688,335.891724
562.897990,315.595948,660.707947,365.656982
570.047129,338.374085,659.203369,359.093628
585.480112,379.832047,646.142822,311.063934
571.167948,378.334900,673.666565,323.561890
565.608500,356.990143,688.692932,337.600281
560.753275,338.503953,706.636047,343.238678
558.504648,283.056092,712.421387,397.117554
577.364176,375.802536,702.635824,332.385895
581.351186,391.480408,698.648814,287.747192
571.911585,317.848954,701.445251,377.363129
581.035334,346.155854,695.861816,357.426819
588.763712,267.824631,458.805695,327.760406
617.516474,423.137482,659.985229,292.811951
609.908534,400.193329,670.091466,313.414124
600.359449,400.542344,678.472839,289.833038
576.829953,299.151810,496.216522,298.394501
632.186261,451.748368,647.813739,265.824921
602.988944,383.400559,662.158203,307.206818
580.275351,310.227448,691.344421,373.310608
614.258933,378.688111,665.741067,329.274536
577.207118,265.129715,448.162323,324.101288
585.275035,290.929291,544.554565,325.552673
568.916103,315.002152,441.640594,268.645721
586.426936,322.715363,422.130280,264.216003
585.819682,333.203125,366.880554,249.042969
575.646983,336.981118,349.045288,235.932785
577.954051,335.708832,348.398071,244.300842
571.973583,337.687180,354.459839,235.917023
572.780818,332.933815,343.402863,240.465012
577.205638,327.941048,344.258301,252.094589
580.087215,332.755280,360.764801,261.641296
564.186504,327.358880,356.279846,253.419083
570.589946,328.049973,344.753723,249.471100
565.058986,332.449624,341.634735,247.890549
576.164348,333.248826,389.444031,257.284332
562.146663,356.452507,395.822784,238.265762
566.515621,333.879654,403.043976,268.053802
558.980174,332.050477,414.617065,274.863892
646.716441,398.036576,633.283559,315.312592
654.125860,429.003067,624.457397,281.287323
659.054296,428.388520,619.966492,282.880432
638.505651,371.470597,641.494349,336.352142
562.771685,314.809189,716.696167,367.373199
629.423571,372.305039,650.576429,335.116364
582.006006,327.566224,695.657166,367.323975
628.635888,359.654053,651.364112,342.076538
612.455456,347.813157,667.544544,345.064484
600.148077,335.401993,679.851923,355.749115
622.759647,355.434266,655.093872,346.285645
601.710971,343.725998,676.674866,356.168976
587.808963,351.456360,688.712769,349.875732
571.777560,354.590897,702.627136,336.356415
562.060397,352.092591,711.214783,337.415771
549.866489,329.158463,721.408264,351.048920
536.940128,342.832856,742.148682,331.939148
526.902133,336.789048,740.609680,354.145172
522.816287,348.257538,749.985474,351.300964
508.576175,352.549897,765.729126,335.960144
499.734988,334.374878,769.368042,358.777466
485.721011,336.494889,788.350098,353.672699
484.912906,373.524262,791.698486,322.596619
483.100070,354.114853,792.466003,336.781891
469.274173,342.070618,801.971558,349.139648
467.708835,335.989090,804.643494,352.106415
466.283572,371.713990,804.008423,318.295288
451.527805,330.328797,817.055115,370.420410
449.452029,287.901688,816.458618,404.591278
445.340274,353.994339,825.058105,355.902802
437.442355,381.094315,833.015320,327.790985
442.603763,420.303727,833.560425,298.756439
429.551456,447.947693,847.351562,262.759521
449.808871,473.150132,827.153625,244.280182
438.875705,458.583939,841.124295,249.702362
446.906175,467.324563,823.320435,250.796310
414.259386,459.853730,865.740614,253.353943
406.054436,467.294358,867.997681,250.609650
414.264672,455.418122,861.908508,263.350159
393.606835,462.684899,884.755676,251.132278
398.483331,440.867218,881.516669,275.209290
383.326352,441.572281,896.618469,277.062836
378.951321,429.224885,901.048679,287.709290
378.763960,419.209977,897.500061,297.504730
348.326246,384.617539,920.783447,332.765045
342.291090,343.445633,930.316162,369.455292
335.587080,425.202027,944.412920,285.318970
330.770591,370.586731,938.152832,333.458984
328.463187,390.786988,951.536813,317.031128
326.541133,360.025544,951.856506,349.390686
318.303951,395.015687,959.574768,316.616455
289.075985,356.144944,987.351257,347.227081
297.572506,507.874871,980.599915,212.125129
304.883144,474.713009,951.248901,242.234741
270.994655,445.044049,1009.005345,264.467682
276.176954,433.374417,998.644409,274.941711
291.561476,425.788281,973.782593,285.130829
290.278517,421.618359,977.290894,291.418915
296.828810,438.337963,970.470337,275.565643
300.959516,445.786099,965.212097,267.883728
305.847273,481.196926,952.585754,233.627991
316.541334,452.994610,938.557739,267.005390
300.767774,414.483313,956.336060,292.372711
294.990888,398.209158,960.094421,306.668091
313.538740,418.003027,953.755798,297.427765
321.731458,345.751577,950.631836,364.621826
333.014356,359.108389,944.007202,355.045898
350.849195,390.151068,924.387085,315.920502
350.913618,388.686987,913.870544,317.520782
360.382246,436.219809,911.944031,279.377747
366.236097,448.116964,895.496338,270.676453
381.725080,454.786078,879.545227,259.648773
387.492628,426.490835,878.559692,287.530518
403.249189,397.783774,858.015564,314.447571
408.845228,423.653860,853.071533,282.332153
413.249433,425.895605,844.378845,284.855499
419.694898,410.223150,828.073120,304.353241
417.206770,407.497839,829.261292,307.540436
429.083051,418.049887,800.006775,294.057678
434.392011,412.416968,789.526062,296.173126
444.376356,418.329458,783.369873,290.791016
449.572340,425.078344,769.276978,289.058624
459.289106,414.839468,762.653992,295.849609
462.656050,392.671270,754.947205,315.751923
464.696882,398.299444,743.944397,314.038788
467.059156,391.126608,735.134644,324.388855
468.969496,380.903433,721.281494,333.192871
474.716596,399.821432,719.608093,316.587830
484.237501,404.245031,716.795044,310.514557
493.333601,387.431494,703.561829,324.392120
494.539961,395.686300,695.405945,315.066833
498.675001,380.277762,681.875610,324.659058
496.213453,368.423498,667.647339,336.340729
497.474287,369.208563,657.424011,329.303558
496.297315,362.397986,649.252808,327.406891
499.586042,391.579382,653.443176,308.697906
507.558454,386.270575,641.247375,304.305511
508.550215,387.070700,637.208191,296.063416
510.525038,341.118704,612.232910,337.221069
506.621473,366.198721,627.811279,313.161377
513.361646,337.862738,617.171753,340.108246
510.665693,357.443350,615.195007,321.778809
511.278120,347.604010,619.389587,327.714813
518.699934,361.968680,614.657288,319.845337
520.388685,364.615713,617.617676,317.677246
523.588331,358.604010,609.132690,326.263641
527.911054,351.612036,603.200134,326.535431
524.308210,353.782705,604.959778,327.312256
527.285017,348.953894,600.310608,329.122955
531.135481,358.271826,595.714905,318.506866
539.799360,381.665426,575.530701,297.478943
546.163160,395.179175,568.645386,282.275665
547.625196,393.794684,569.574219,279.504242
554.053663,386.999884,552.241333,276.336395
556.861036,369.322867,535.165161,287.197998
555.647230,372.861593,523.098145,273.908752
564.424314,367.927160,503.888824,266.421051
569.761518,364.597677,500.720154,262.193542
576.314420,369.719664,477.540863,244.483749
580.646971,377.700720,465.034821,225.072418
586.302198,377.127066,446.333374,218.753540
593.240751,360.659346,430.521698,230.156265
593.271620,350.733473,417.009888,227.961380
598.834669,334.397413,401.449951,236.438187
598.509275,341.272322,387.854401,222.345840
599.676664,353.543615,380.248871,204.416534
603.860517,351.279883,364.545959,199.667633
606.638578,355.206656,351.974213,189.766357
608.740858,353.067465,345.307007,187.955872
607.399336,356.186567,341.772766,180.339859
604.611463,352.247259,336.689453,181.078461
610.030988,351.327261,327.176819,181.715698
609.214155,362.726629,321.636292,167.600800
611.250486,363.493734,321.577789,166.322693
610.366148,367.155142,311.927399,159.236816
609.843153,366.403998,313.320068,159.867523
608.384153,355.596594,306.280792,170.480377
607.018720,356.422979,303.783752,169.567352
608.968199,359.813261,303.878204,165.034714
608.107893,364.029341,301.150574,163.640518
607.027479,364.021727,297.926392,162.658188
607.574522,368.180700,300.963531,159.953644
605.219480,362.321661,301.730133,167.032074
604.249250,369.803862,299.770935,161.353806
604.449903,362.715925,302.499390,171.354263
604.164060,358.715574,303.566925,173.142563
602.383726,360.857298,305.541656,172.801376
601.404386,360.656317,306.320892,174.648285
601.488233,366.939322,307.315674,170.078369
602.773771,362.572531,307.256439,175.752502
602.823606,371.522131,308.981110,166.396637
603.116300,371.040075,311.626923,168.496613
602.240644,368.884260,310.795959,172.495377
602.538511,366.945898,311.057526,174.377594
601.954786,362.209013,311.959106,180.178391
601.161314,366.774771,314.320709,176.048584
602.748823,372.253561,316.219177,172.471008
605.053938,368.462233,315.074280,177.813797
605.039747,357.265303,317.149292,188.234146
603.254972,366.738905,318.974579,180.640945
603.127256,365.399687,319.878204,182.534470
601.255049,363.433455,321.245178,184.338150
603.254026,363.935576,322.061798,184.102219
603.945616,369.514593,323.150177,178.257416
604.833097,368.446150,324.468719,181.037003
604.390501,368.775023,324.151642,178.855698
604.971388,376.866362,325.322632,171.629929
605.678419,375.352217,323.873779,172.026993
604.987608,373.459387,323.537628,172.726593
603.851820,371.936049,324.219971,173.963455
603.633802,371.924452,324.321777,174.186234
606.498243,369.223433,320.937866,175.839615
606.354551,378.167204,320.134918,168.815842
607.573362,376.562338,320.161407,171.187561
606.853239,370.337126,318.055389,174.908005
603.188734,362.580061,320.313721,182.323868
603.713484,368.684317,315.332947,177.572510
603.238477,364.438543,315.558960,182.178925
601.639341,369.218786,313.981232,178.818268
602.796827,368.807516,314.017456,177.779968
603.208952,371.781530,312.727875,173.395416
604.188932,382.463484,310.342255,162.057999
606.344480,378.568670,306.153717,165.468719
603.697889,374.956320,306.472778,168.521545
603.211973,373.508246,303.695099,167.627533
601.530882,369.544973,302.802887,168.580566
601.662382,371.152083,302.224579,168.272720
601.732450,378.701826,298.966644,159.500626
604.029463,377.470808,298.166687,158.854507
603.384855,374.772116,296.399750,161.530090
604.468107,371.897947,295.043060,161.783798
606.169370,369.841467,293.234039,163.984528
606.839109,365.862867,292.547638,166.308060
607.045011,362.100859,292.022064,168.336105
608.700117,363.093886,290.505066,167.150955
610.207884,365.467299,292.108429,163.761185
612.119474,372.818258,290.921478,157.650452
613.541837,369.627325,290.532196,158.019135
615.388670,361.930395,290.013214,163.576813
617.899946,362.683195,288.758850,163.688156
622.305097,355.185949,286.217102,166.951691
624.792997,368.563452,286.453705,154.513092
627.964826,364.752821,286.482971,156.868484
631.576978,363.611799,285.899658,156.591568
634.149839,359.722609,284.834137,160.600662
634.096800,356.349119,286.076324,162.842514
636.329008,351.556051,287.588348,167.937683
641.053480,348.089049,284.284790,168.503036
642.221983,347.402212,287.675079,167.323120
644.514112,344.827749,285.554565,171.723145
648.641828,344.201765,286.880920,169.725479
650.724088,351.734076,286.001678,162.380707
651.617628,356.227408,288.305054,157.581177
653.719419,344.587980,287.018951,169.912155
656.364179,343.264853,286.730774,171.363220
660.017317,345.864096,287.263245,167.135315
661.201628,347.491987,288.458832,164.923477
665.694776,351.309385,288.508057,160.134018
669.535169,339.510626,288.420654,168.005829
670.298399,346.676451,290.138947,164.102036
672.642668,342.105475,288.154144,165.689178
673.545545,343.576185,290.260132,162.187210
677.302274,336.481756,290.067719,169.601776
680.796171,320.691626,290.361053,183.439484
684.344724,330.009924,286.116364,177.495148
687.059797,331.887694,286.401917,172.583237
687.867216,337.391882,288.534515,166.570831
688.185819,345.263846,287.030731,158.643433
689.912611,345.702574,288.077026,158.584457
692.837522,343.964262,285.100861,161.495773
694.296034,342.067923,285.387085,162.655029
697.758421,346.387785,284.009796,157.819992
701.328581,344.586142,282.571625,159.694763
702.460172,340.172079,281.401581,162.943420
701.671095,332.105978,282.420288,172.855042
705.005049,331.741621,274.950867,172.105606
700.545393,332.059813,279.107727,172.625595
703.429167,334.930845,272.840912,171.038803
699.781202,325.245215,273.612549,180.489410
699.895460,333.723883,271.953003,173.085785
700.362745,323.655935,269.166260,183.300781
699.285139,333.377279,270.043884,170.384583
696.235273,345.406500,270.412903,160.569794
696.031843,348.118300,269.255554,156.536087
695.018034,347.359511,267.132477,161.060623
693.775175,340.149382,264.511017,166.767014
692.587950,324.087072,261.647308,184.206696
694.913725,343.605147,258.350250,165.364883
690.184156,352.562765,260.342102,154.288757
689.862104,351.866034,258.254456,158.175629
686.832411,352.900023,257.045898,158.583603
683.477415,341.974867,256.200836,170.524673
682.994787,338.178312,253.341629,177.231064
680.658712,340.788969,252.896957,174.741806
679.591421,345.175322,250.670700,176.064194
677.809751,351.187643,250.119537,168.327515
674.557501,359.967505,248.003372,163.750824
672.761801,349.028990,247.604233,173.847946
667.179632,359.926016,248.834976,163.892517
664.650022,352.858832,247.534698,171.419952
660.880003,363.447882,247.313019,160.854767
654.442571,360.214735,248.502457,161.850052
653.696218,364.638449,244.990524,159.634033
649.372633,359.781927,245.764221,162.397125
648.570432,348.383131,242.725433,177.639969
647.574323,331.933737,240.448975,193.942932
643.170622,327.460615,241.286285,200.069595
641.509428,332.955702,240.617340,198.382889
639.871618,330.781141,239.476456,197.191116
638.198316,335.811796,239.970276,195.181931
636.752439,339.230291,239.711395,190.668549
635.929655,337.791601,240.883331,188.154816
634.810606,342.097746,240.201752,187.114059
633.918676,334.944395,238.419205,191.724594
631.687864,338.279730,237.672455,188.054779
629.562689,335.133711,236.248367,191.724747
626.878835,328.610907,236.400620,197.458466
626.546110,330.489927,236.710480,198.038437
627.267759,331.987845,236.242157,192.462891
628.379209,345.109732,235.954926,178.764404
630.664305,326.841871,232.313446,198.247818
629.443472,330.885130,232.848129,193.927414
631.613699,339.689489,231.700058,190.236542
633.812589,346.778227,230.292023,178.332138
635.857183,346.616652,228.115372,180.540176
637.045103,345.738012,227.971893,182.052643
636.439573,355.679983,228.121735,172.568115
637.615591,348.680815,227.707748,181.834763
636.908605,343.555121,228.297928,182.997223
635.213339,347.292837,226.612350,182.441467
635.658102,343.405195,225.746811,186.444595
633.713812,344.383009,223.828568,186.738235
635.708982,349.970472,222.402557,182.765945
636.030752,346.604246,221.640915,182.748032
636.102125,349.422293,221.717285,183.032227
636.402914,354.373282,220.400742,176.613525
635.476507,358.853628,221.751053,172.779053
634.107427,355.669523,223.075394,175.761337
634.052061,346.522146,221.254608,183.698181
632.491071,340.603254,220.712830,189.711197
633.279356,346.246863,218.356903,186.554596
633.528768,355.734244,219.519089,171.014954
634.537115,347.206801,218.900101,180.852310
633.865621,330.271971,217.996689,197.942307
631.814459,308.157072,218.313248,218.160263
632.356535,308.734869,215.882782,218.829987
630.125288,331.746588,215.859192,191.760773
628.808927,328.487097,216.224640,195.151642
627.632849,354.655783,217.454849,169.909729
628.499151,349.432402,218.447464,171.344223
629.414495,329.417791,217.309891,194.055695
628.650099,347.894117,214.375061,174.255386
629.047903,349.971350,215.482468,172.231720
629.162939,339.184256,213.539444,182.419250
628.013365,332.746756,214.313568,189.099915
626.925932,340.671087,215.270844,181.304474
626.806066,340.298140,216.566971,180.157669
625.956381,352.482275,219.696335,166.040985
626.858564,347.599150,219.429199,170.216904
624.548467,347.855238,221.277481,168.476822
625.093725,351.301626,219.332230,165.424255
626.277670,342.413786,216.331528,172.279770
627.005689,335.856939,213.245544,176.742035
627.409796,340.598097,212.577591,174.021011
627.384435,343.863272,213.226456,166.333923
628.633161,346.482618,211.989380,164.761429
629.602422,341.570372,211.408585,167.657028
629.763693,333.519064,209.438583,174.762939
627.241163,330.313414,209.439087,179.573166
626.288709,331.516729,209.105042,178.260284
627.312986,325.471037,207.258698,183.114670
626.623533,328.334318,206.816498,180.900314
625.325720,326.459715,209.182632,177.801926
624.388311,316.415075,208.852798,191.192047
622.473501,331.820700,206.733139,174.862549
620.896528,325.544439,207.621216,178.500885
620.847715,314.449774,204.598907,190.814484
618.917463,326.649366,203.200928,177.819046
621.330366,324.243734,202.307312,179.685242
619.448698,308.712591,202.783356,194.314117
617.735166,325.455328,204.215118,176.730377
617.701750,324.430578,203.815765,178.624420
614.666326,337.222410,205.367935,166.958237
615.156477,334.123106,204.452759,169.169296
613.492269,330.043478,202.864792,172.584717
610.899809,331.637854,203.255096,172.880585
610.618055,329.350729,202.968994,174.750305
608.593565,340.387877,203.507111,161.532272
606.775526,342.577391,205.562744,159.140549
603.577879,323.345961,207.807770,177.921158
601.098516,329.424200,207.112076,172.767670
600.342207,316.798895,204.903931,183.551605
599.411474,301.442785,205.526505,200.366791
599.618337,317.691076,205.632492,183.463593
602.191381,327.593428,204.180374,176.096512
603.460027,310.923773,202.396744,191.087921
603.590551,329.573385,203.334976,175.307678
601.600195,339.057097,204.948807,162.107834
602.559240,335.623098,204.093826,168.894409
603.700880,336.330626,204.872192,169.887619
603.702253,329.801008,204.820679,172.907486
602.361357,335.238379,208.007355,171.522919
602.701719,332.835547,209.198944,170.319366
602.398229,330.705290,210.097672,172.212021
601.872831,332.720076,212.619415,170.385513
600.985807,326.113920,209.472687,176.334152
602.655248,324.994520,208.117386,182.219193
601.954473,324.527998,208.929214,182.550186
602.089872,330.677954,209.985016,177.741119
605.667356,331.400671,206.525482,174.257355
605.553266,288.384344,207.385559,218.910736
607.413748,302.036787,207.336594,206.553482
609.737371,296.865576,206.912735,212.121246
611.094061,292.410719,203.328751,213.652420
612.237440,304.365057,204.066162,208.184662
611.614080,331.190344,205.642349,177.900665
611.707517,328.561941,206.342560,182.403992
609.925489,327.060942,210.123108,183.437241
611.776090,330.670416,207.418854,177.518890
614.837118,335.223066,207.142197,172.420181
618.462736,329.401137,204.281097,178.037125
616.387289,322.231024,204.145370,185.827423
621.901975,307.467207,198.827179,201.670181
625.828077,325.181616,197.941956,183.623138
626.975599,329.933233,198.884705,176.152557
627.189207,329.066458,200.119354,176.313049
628.265692,324.830702,199.837112,183.937820
627.200575,330.660689,200.976440,176.259781
627.278745,316.358244,200.349152,189.548630
629.787992,309.454527,200.349457,196.077011
633.317274,304.856566,198.845032,201.322617
636.048239,324.622236,198.766708,180.925308
636.176466,310.706656,198.139282,193.763489
638.299551,308.161276,197.199448,195.977417
639.364630,331.648214,197.410416,172.115601
639.921133,299.848654,196.710495,203.986694
645.287687,327.985930,195.175201,178.369614
647.486639,306.346617,192.820206,199.399460
649.548734,329.112173,194.250153,173.697876
652.422621,331.904944,193.723938,171.395172
652.862692,333.676558,194.111008,169.551651
654.274908,333.247839,194.962234,170.604950
658.082914,334.754126,190.491547,167.290802
659.378172,337.378714,192.520233,164.304810
661.050108,337.518652,190.113800,161.911835
664.304006,331.073126,188.118759,168.629364
663.655706,328.605314,188.726822,167.746628
665.436895,326.224600,188.595779,172.673401
664.686254,321.349981,189.083267,174.822845
663.869016,328.950544,189.434174,167.985184
662.733946,321.453642,189.451019,173.824142
662.509886,323.016760,189.461945,172.101837
662.487821,297.005903,187.578339,199.142227
662.748625,305.376455,190.311005,190.464600
660.966696,322.272284,191.480698,169.897614
660.876905,326.093168,191.294250,169.379013
658.696676,336.059569,191.963364,156.449448
659.174543,331.187491,190.637878,164.646729
658.790907,332.314848,190.973267,162.677963
657.937765,325.035238,191.445908,168.652222
656.758306,330.889776,191.205276,163.385040
654.641470,331.530089,191.602402,161.287704
651.348348,321.915381,192.457138,173.377899
647.190923,335.483015,194.538162,162.774490
643.910536,334.280058,194.880981,164.778793
638.851469,337.140700,196.610992,163.096634
634.579023,336.917853,198.140320,161.973053
627.385633,334.957205,203.291870,164.359680
625.324484,335.498175,203.807785,165.129303
621.404951,339.234312,205.521729,160.562485
617.058759,343.428969,207.080017,158.553482
613.740721,344.673552,205.892303,161.850998
609.234037,341.464911,207.500336,164.532074
606.275846,329.414000,208.345612,178.992599
604.289495,335.594809,209.849503,176.099731
601.271658,338.614042,212.069748,170.156174
598.020262,332.611197,215.325348,177.439331
592.106237,339.445410,218.650162,173.487457
585.890165,338.362913,224.602570,175.181808
577.560591,335.082472,229.029724,181.610794
569.888960,339.849112,233.159851,176.121460
563.698423,333.584601,236.541962,183.992157
556.570394,325.291044,237.625412,194.538376
547.706686,325.031820,241.998093,192.101379
544.630224,342.773611,240.458389,179.524170
539.278173,343.063971,242.632950,183.113739
530.663397,342.816321,244.662186,185.209015
524.979978,340.345060,247.136322,197.090866
517.092939,347.240156,249.643555,190.454849
510.670545,346.452902,256.537903,190.616272
501.216306,350.755392,262.523651,191.325623
493.968397,351.799513,267.042908,191.774246
482.174101,352.314299,274.381866,188.759811
471.432630,365.700384,278.950867,183.462372
459.834532,363.525862,284.525970,190.138443
450.369810,364.400786,288.539276,188.181198
442.758711,360.438040,292.887817,193.007935
435.408476,360.741766,296.920197,198.746796
428.136762,362.644247,302.992310,193.910339
419.901243,359.830549,307.812592,205.855972
409.946699,357.123793,314.631836,212.969193
400.690351,353.890089,320.960815,213.544876
395.040418,349.587614,325.375427,222.376389
390.106611,350.709356,330.597900,226.962494
385.628004,356.465826,334.015930,217.422089
378.636457,349.462683,342.882202,230.677399
374.100294,361.538847,346.427185,223.679977
367.703382,372.933035,356.613953,207.658936
363.859113,367.928328,360.655273,218.663956
359.932050,365.761786,366.120239,226.223846
359.307752,354.868315,368.282043,236.239426
357.385862,340.003286,368.665741,257.332520
354.268781,364.462958,373.146362,234.855927
346.639845,372.437765,378.915344,228.295227
336.621946,372.459799,386.235565,231.562561
332.120207,376.373282,388.362335,233.197876
329.275297,376.010542,389.199005,230.516739
328.353102,383.541746,387.288147,222.447861
329.292692,383.772978,383.714020,224.037155
325.178022,388.894858,383.033325,217.024109
321.050184,381.135740,382.100037,222.326401
317.847456,383.703856,378.224243,220.981308
316.068571,382.444502,373.681427,221.807510
312.103666,398.094877,372.157623,202.403854
314.952589,397.678221,365.310120,201.160141
314.891584,397.568976,360.199463,198.121307
319.207243,393.319967,354.243439,197.899231
324.672651,390.424040,343.500122,200.811813
332.267607,393.350165,337.385284,191.828339
342.736280,392.034208,328.704895,191.297653
352.567198,394.180876,319.400848,188.349533
362.675993,400.314673,312.902740,178.936188
374.824507,399.319967,304.262329,176.852600
383.403456,408.312658,295.736877,167.549957
390.198881,407.928984,290.136749,166.819992
399.127958,405.884016,278.534088,166.613174
405.516477,407.567053,270.990814,164.032867
410.999632,404.100386,263.141449,165.144669
416.650312,401.147856,255.917480,163.724167
420.070493,394.390829,246.311737,168.136536
421.465521,401.295309,238.729385,158.132996
423.177587,401.254065,231.216629,157.071625
423.790663,401.883223,223.889160,154.539017
423.980390,400.129919,216.769714,151.764740
424.422834,403.948515,210.264771,146.595810
425.165571,404.501173,203.919800,145.970230
424.394491,403.844854,199.517319,142.979889
423.496504,404.926863,194.125183,139.489151
421.554685,402.725027,188.507416,141.797363
418.928091,403.654211,183.291977,138.015045
415.860502,402.880133,179.225800,137.407013
413.346426,405.941778,174.821457,134.228790
407.422712,410.521940,171.147644,129.332870
403.850118,410.817640,166.291061,128.624527
397.670378,412.769476,163.695770,125.414948
393.649267,414.503611,159.793961,123.387413
389.954862,413.806696,155.409027,123.072624
386.229704,415.171656,151.369293,120.577995
384.744467,412.690558,146.424606,123.097931
380.914839,416.291102,143.380859,117.041252
376.749136,416.875673,140.620529,115.554665
376.098982,417.046866,135.888977,115.675537
373.923338,419.638949,131.524933,111.727577
372.500067,418.893389,129.244400,110.139839
370.880003,418.389265,125.937531,109.908218
368.653314,418.391821,125.309547,109.098602
367.558649,417.234633,122.051247,109.120560
366.958601,419.442747,119.129883,105.257797
364.960565,416.580938,117.558449,107.290131
362.677961,419.293577,118.541199,102.810715
363.963987,411.286272,116.756622,111.138802
363.529173,419.452486,117.638275,101.019753
363.415441,420.170767,116.287979,99.179321
361.482179,420.948473,116.644005,98.877388
361.770113,420.076605,114.882408,98.004852
361.599905,420.566157,112.438339,95.902275
362.730570,419.438936,111.111153,98.132851
363.975813,422.688784,108.436707,94.308327
367.369997,419.589838,104.258385,97.651299
367.427652,423.809569,102.354500,91.524643
369.766962,424.049662,98.975990,90.425438
371.633409,421.584581,97.167778,93.406258
371.442518,419.705927,96.977142,92.371117
373.011160,420.852610,96.289597,91.397026
372.524389,421.157278,96.508774,88.816711
372.414331,422.294260,95.548012,88.867393
372.722875,422.575281,92.717850,88.417168
370.896875,421.660883,92.708717,89.399406
374.117689,420.624773,88.748566,87.971596
371.329523,419.221510,89.268257,87.658890
372.593004,419.036642,85.441307,87.291443
371.716688,419.071192,83.251923,86.627403
366.089781,424.838720,84.816437,80.389587
367.739061,422.196550,80.900169,83.132393
365.197893,422.095835,81.002373,83.250542
363.841471,422.484961,80.790108,82.469025
360.085615,422.429117,82.421509,81.862511
360.799761,421.319685,80.428520,81.912735
356.406412,419.197451,82.330696,84.242195
355.784666,421.244848,80.675934,81.245209
351.298364,421.009947,81.871376,82.172043
351.363683,420.683622,78.989517,81.176987
349.979261,418.488005,78.817627,82.691727
345.846861,422.846899,79.950165,77.894043
344.714525,425.111395,77.803368,76.705566
343.982549,423.322119,75.150833,77.604218
339.865202,423.101317,76.110107,76.683395
338.352388,423.724249,76.342003,77.063873
337.572115,424.587301,74.650658,74.612122
335.349321,422.931090,75.679924,77.983322
332.941576,422.748396,75.984673,78.157944
330.137190,422.895689,75.963440,77.365616
331.444517,423.879374,72.648956,75.053551
331.943151,424.001898,69.882492,76.701935
330.363523,423.552309,69.939148,76.399117
326.134878,423.578589,71.498337,76.347351
325.227968,423.909056,70.358604,75.767838
326.654085,424.135359,67.294395,75.698807
323.152952,426.617792,68.512238,73.168388
324.517195,425.385248,66.444946,74.956566
323.142259,426.033808,67.639275,74.829369
323.349966,425.684275,66.508163,74.405144
318.196241,426.901068,70.444855,72.760498
321.906584,425.925867,66.952209,73.904747
320.297689,426.823164,67.906662,72.353439
321.268064,425.853907,65.890503,73.769798
319.991552,425.190569,66.367813,72.817421
323.674154,424.505350,62.926315,72.366905
320.310625,424.392817,64.535454,71.550041
320.001985,424.002165,63.957542,71.405655
318.659521,424.116312,64.456467,70.829399
320.009174,422.625761,62.505634,72.213882
320.372618,421.706614,62.841125,71.938774
322.387831,421.102472,62.003113,72.075981
319.132883,420.243300,64.625343,71.598770
324.446531,418.954905,60.545502,72.711052
325.936985,416.150625,60.114521,75.560486
328.850446,419.584757,59.692749,72.646141
329.230062,419.026293,60.872574,71.673073
329.705446,418.821459,63.890526,72.333931
328.707304,417.991839,67.186157,70.008064
333.021604,419.511961,67.130157,70.889725
339.518789,418.348555,64.969589,68.740707
346.387049,416.909773,63.239967,71.710709
355.577350,416.046553,61.487019,71.619797
363.159843,415.684584,63.562359,70.388901
373.365646,415.359793,62.467464,71.863251
383.066345,414.307959,61.793026,72.041931
395.033689,415.057985,60.523773,71.670143
403.898720,414.631464,62.591686,69.832359
416.352035,414.978670,61.703793,71.204048
432.258791,414.930014,57.874535,69.552277
441.782835,417.508673,59.571320,67.319061
457.061041,416.900053,55.265884,68.370468
465.173275,418.838312,56.131535,66.943291
477.637201,419.216288,53.280556,66.987663
485.400831,420.610129,55.107239,65.924805
495.530067,419.743368,54.573315,65.391235
504.694792,421.875872,54.144226,64.861610
513.954136,422.102587,53.682941,65.558693
523.288578,423.381628,52.665150,63.876526
530.906700,423.608175,52.574780,63.590485
538.763387,422.704283,52.574265,65.694107
545.562561,421.878008,52.672421,64.240273
552.205890,423.088083,52.542286,64.215935
561.604309,420.832262,47.870846,65.361549
566.682312,420.472181,47.167965,65.560379
570.659046,421.637770,47.782063,64.988663
575.465931,422.665114,47.887409,64.083817
578.052543,423.024325,50.000500,64.405342
583.378507,421.426512,49.070526,65.087204
586.783712,421.082647,49.724686,65.197296
590.283958,419.406450,49.854839,66.341957
593.327947,420.512648,50.208908,66.153854
595.744613,419.411532,50.546749,68.073219
599.824547,420.382200,49.472271,66.443375
601.309564,420.386004,50.390755,64.827522
603.353863,420.327162,49.513737,65.849319
607.366964,420.212542,48.541458,66.776344
610.463243,419.670080,47.401939,66.481293
610.708282,420.455092,49.022945,66.052475
613.452760,420.204744,48.479668,65.868446
616.488189,419.082338,48.477688,66.843025
619.468708,417.972746,47.812336,67.042648
620.765068,419.225088,48.848400,65.156311
621.784271,418.589003,49.155758,66.043350
625.750269,417.961222,48.231483,66.164848
627.434290,416.952517,49.200905,65.498451
627.875219,416.696329,50.158951,66.696953
630.837803,417.723940,49.304798,65.561348
632.086820,416.570471,49.771637,66.790527
634.950542,416.849783,50.702976,66.682617
634.259468,414.708918,51.885418,67.357536
637.997347,415.179117,50.254570,67.708763
637.191955,413.899138,53.156094,68.231277
637.081987,413.797400,53.510307,68.849762
640.674700,414.724333,51.837852,68.329605
640.850361,414.167059,52.606464,68.918457
643.935949,412.862967,52.127853,70.923645
644.312822,414.036825,52.837456,69.788086
646.438803,413.704619,50.704575,70.032516
647.005485,413.364851,51.493877,70.653549
647.301546,414.110243,52.152580,70.418564
647.911951,416.744818,53.789406,69.405609
649.413458,416.271280,53.486832,69.475517
649.650936,415.378134,54.778385,70.180389
651.237678,414.233114,53.635693,71.694641
652.298982,415.171274,54.046806,71.159172
652.248457,415.538904,55.570251,72.340904
654.300194,415.200472,55.220165,73.449867
654.206007,415.206965,56.526642,73.514275
655.146520,415.343111,55.197556,72.489601
655.060892,416.582941,56.203133,71.501793
655.935661,416.991369,55.602093,71.770325
656.091524,416.780199,56.786247,71.968513
658.244047,418.093340,56.457123,72.278206
658.816023,416.677908,57.557739,73.450897
658.390554,416.273169,58.058975,73.798645
660.683624,417.342665,57.487148,73.441544
661.045280,415.723173,58.223217,75.795425
661.635364,417.299250,58.796162,75.734367
663.821438,418.689665,59.022587,72.569168
666.041580,417.419375,58.610195,73.647530
666.001968,417.465635,59.325497,73.829453
668.514377,418.001467,58.605824,73.891670
669.422462,417.782438,59.205700,74.660019
672.132210,416.630510,58.886517,76.090645
674.246715,416.702730,59.835514,75.990059
676.432567,415.382753,59.991215,77.611061
674.833853,415.864107,64.105484,77.103279
676.941885,415.216696,62.728531,78.147491
675.378588,414.043451,65.730980,78.503716
677.009363,414.853117,65.564217,77.842911
673.088045,412.829672,68.798119,79.428009
674.532724,413.303621,67.570534,79.358315
673.814878,413.792456,67.187012,80.665955
674.286810,412.222227,66.121475,81.696213
675.161943,412.148852,65.234886,82.335701
672.359846,412.632746,67.412354,81.036705
671.648248,411.921904,67.382759,82.315262
670.929472,407.340296,66.487579,87.275261
669.815347,410.549311,65.209877,85.330437
670.387575,409.013205,65.566643,85.649963
667.669012,409.944498,66.993179,87.427238
667.394869,408.693751,66.809380,86.973991
666.403318,410.167864,66.121246,85.851753
664.847299,410.611155,66.324226,84.098564
662.707582,410.473318,67.953819,88.260284
661.440565,409.718729,67.686920,89.171684
657.371240,410.443751,72.362923,87.385460
658.472593,410.781263,71.981140,89.489090
658.842336,407.934874,72.355942,89.715591
654.569380,411.109877,75.485138,89.405807
655.299639,412.909014,75.359917,88.648964
655.547510,410.239058,76.288918,89.291336
653.991480,413.432253,77.528358,90.036781
656.073377,409.414003,74.661896,95.290047
655.267412,409.816153,76.527519,92.907562
654.642690,410.351973,77.116226,94.674301
655.735945,410.627062,77.667480,94.771431
654.485563,413.178492,81.331268,94.520195
653.629362,411.167589,82.461914,97.159218
653.710611,413.918726,83.001350,97.670830
651.452287,413.826967,85.825310,99.860451
649.287767,415.128225,89.370689,100.222717
650.096063,414.311136,89.385414,103.049370
646.820455,415.170523,92.707718,104.579254
644.137007,414.959250,94.427277,104.291229
646.061628,411.622912,92.299896,108.689522
642.643911,414.789114,96.997055,106.608734
644.758875,414.058642,96.199501,107.239937
643.898813,412.596251,99.910194,107.851608
643.572256,409.884726,100.863235,112.068787
642.425630,412.301024,103.250237,110.498337
641.333929,410.960165,105.408188,113.764038
638.963041,411.441313,109.644714,114.196457
637.823595,410.289824,111.745567,116.531052
639.556860,408.094130,111.752914,118.074173
639.775217,409.896711,112.966042,117.541031
641.018442,408.548102,114.354774,120.654572
643.290304,407.862105,116.089737,122.098038
643.927511,404.594889,118.657547,126.393761
641.365770,404.765062,121.563499,127.081490
642.568468,404.384306,123.215050,130.175827
641.710466,403.272474,126.549156,131.380630
640.099012,402.477575,133.096161,133.533051
636.336653,402.640471,139.858917,131.386276
636.132429,402.731161,142.137787,133.011292
634.114157,396.790342,144.492142,141.028244
634.123213,404.618490,145.237640,133.384644
632.954832,405.182058,147.548096,135.603821
630.839407,401.276106,152.970840,139.214981
634.396398,397.249899,154.573288,146.432312
635.544599,398.253088,159.051971,149.143097
634.988874,399.049307,166.147125,148.783203
636.047125,397.321608,171.752609,151.063004
633.256780,398.733893,183.233749,150.171722
638.147817,392.621832,188.393997,158.736603
640.095419,394.359228,193.841751,159.858551
640.321691,397.138136,199.363815,157.916702
643.570547,393.546309,203.511368,163.768814
644.803877,394.811186,208.431488,164.337509
646.835966,387.552000,214.806885,174.804123
648.313261,392.789671,221.776489,172.979843
651.263410,395.727537,227.480621,173.235275
651.201566,398.812483,233.963074,173.617691
652.700079,397.815718,238.287582,177.597122
654.559232,392.839880,243.691711,186.504120
656.830000,392.882956,251.107819,188.954712
658.688429,398.698385,258.058929,185.308472
657.990888,394.775618,264.866364,191.221024
658.867460,401.518927,269.409851,186.300323
658.971723,398.916685,273.464508,190.753708
657.813520,400.474928,277.832306,188.782608
658.571607,396.490294,281.416229,196.592087
658.861143,395.489843,290.064087,194.638275
662.682066,399.171965,294.729126,193.237656
663.894056,400.000143,300.043915,200.279297
664.051679,399.224440,306.601471,198.241470
662.538145,400.540846,313.437622,198.023331
663.459089,397.238737,323.233429,203.429916
666.777998,399.866118,324.651276,201.011703
666.263044,395.126539,334.441315,207.030411
669.182401,393.126974,337.970764,207.607300
668.487425,395.530584,346.307251,207.471466
672.330244,391.734526,349.425323,208.780502
674.951429,388.142782,356.150116,213.612305
677.426084,385.444739,358.274780,215.121918
679.799925,381.503554,364.287598,220.745621
685.528608,382.275625,361.826202,214.783997
687.785612,383.637365,372.924255,216.517670
691.137815,379.404402,378.036621,220.394119
694.865492,373.235556,382.052948,229.053833
694.747206,378.988272,381.926361,220.562439
697.119993,385.414076,387.143066,210.438126
698.662275,380.618094,394.440094,216.433167
701.749494,387.516340,393.875519,213.194168
701.750059,384.203016,393.809326,210.358414
700.602522,383.626722,393.883942,211.367691
697.573133,382.667616,391.087616,208.150772
696.602384,378.711577,389.179749,210.372787
696.035368,378.607153,387.600403,209.789886
696.789167,381.308386,385.148468,206.596405
693.940061,380.842886,385.790649,206.782166
689.107694,380.139807,390.354797,203.638763
689.975950,374.870016,383.204834,204.967529
686.464308,376.308890,381.322601,204.548889
684.608778,372.988409,377.936615,207.965118
681.955717,376.856894,374.426697,202.201660
680.866972,376.638685,373.835510,197.696793
680.932264,373.346266,371.928436,196.252701
679.543485,371.127470,371.134094,198.830307
676.639555,368.490378,369.022522,197.884521
677.136747,369.955870,366.296692,196.779587
676.872679,366.716597,366.176880,198.315140
676.252287,367.455114,367.451477,197.218353
674.236326,364.432371,364.175537,198.694992
669.941068,370.854384,363.813171,192.076431
669.563749,371.086866,360.673767,190.638321
667.055296,372.351339,357.927246,192.393799
663.502470,372.933745,355.929138,191.085434
662.081495,371.981871,356.518036,190.045212
660.818525,370.695913,352.069244,188.344177
657.969984,370.555060,349.628510,187.871246
656.601454,372.628035,349.891449,184.597855
652.435407,370.101072,347.320709,187.961105
649.534361,368.603209,345.419067,188.934250
648.364576,368.076307,342.943451,188.013931
643.971418,366.060858,340.325714,184.858795
641.371427,368.342291,337.574036,180.563263
636.541822,364.251837,335.815765,183.589508
632.517225,365.810621,333.628387,184.636368
627.350218,366.522162,330.007202,182.085846
623.482954,366.231688,328.642609,180.412399
615.964109,369.339827,329.568481,179.976395
610.507719,369.355749,326.398499,181.211395
605.757307,370.551603,324.776642,181.183456
599.764189,373.615225,322.732117,180.496765
593.782774,374.781706,323.969849,180.123764
589.280454,375.849745,323.168457,179.715469
587.354673,378.723356,322.762085,175.752304
585.172575,376.649923,322.304016,177.307251
582.375959,375.099371,321.743561,180.528717
579.514951,376.611380,320.721436,180.043884
573.771803,378.486685,319.991180,178.467346
570.016172,379.207380,319.275146,176.421585
566.277921,379.410574,316.748352,177.021667
563.835203,378.575255,314.135498,177.222946
560.271787,376.972479,314.300781,177.683868
559.274305,376.901182,313.674896,176.874191
556.583814,379.637526,311.893158,176.106339
554.277204,380.405699,310.768951,173.471481
551.989012,378.904081,310.680664,172.418564
551.294676,381.019476,308.561768,171.067047
551.471296,379.106894,306.952179,172.066162
549.529035,378.203352,306.913605,172.501175
548.064756,378.464705,306.569702,172.362381
545.419264,378.574942,306.892914,171.318909
543.612760,378.436682,305.945862,171.013763
540.124937,377.798452,306.057617,169.531555
538.274503,377.042158,306.038635,170.256912
535.675077,374.846380,307.320740,173.598297
532.964140,374.119482,306.690247,171.430145
530.627149,371.945997,307.266327,172.975357
528.248564,369.114119,307.652893,173.859085
524.338774,369.382780,309.326721,173.791000
523.194425,371.297888,308.153259,171.922943
521.141508,370.981390,308.939270,171.497589
520.336851,368.911711,310.996216,174.782211
520.110273,366.860701,310.355988,175.072098
523.097898,367.477224,311.684570,173.743103
524.851652,365.460661,312.459167,176.102158
526.413709,367.398840,315.779633,176.414032
528.635649,369.731115,316.526550,177.059418
530.843611,369.391966,317.400177,178.543991
534.027342,369.958365,319.552979,178.608215
536.669050,369.205183,323.918488,180.331375
539.514112,370.756804,322.606903,179.737045
540.364805,375.218855,323.439819,176.968948
540.386060,377.329825,324.900726,176.604919
540.441267,374.008574,328.308014,180.653183
541.227247,376.465109,327.040619,178.748779
541.734587,376.590750,329.956726,178.767029
544.652799,375.355574,330.271545,179.387772
545.023481,377.998160,330.440216,177.419128
545.110670,378.238249,332.938812,177.997055
545.573103,377.365454,332.042389,178.985565
546.541425,379.205038,332.253204,176.982056
546.703764,376.496519,334.165710,176.044846
545.962843,376.228430,336.303436,177.663177
546.009184,374.633650,335.039856,177.881668
543.681837,373.420538,338.791229,179.508087
543.780271,370.527273,338.086670,183.111145
544.035108,370.891920,338.733734,183.432022
541.812696,369.807539,341.054291,184.002762
543.036222,369.976599,344.162292,184.359467
543.857313,370.879187,345.300018,185.484833
543.868040,370.624312,344.534424,187.283279
542.377836,371.814245,348.816833,186.474091
541.354551,372.250486,352.494263,187.556320
543.646101,369.951643,352.952057,191.203079
544.242536,373.720579,353.976715,187.515793
545.266432,377.054525,356.301483,184.993896
545.116834,375.615744,360.441376,189.875366
544.976957,377.657042,361.044739,190.634323
545.993101,381.953566,364.205688,186.532852
546.064604,380.168806,367.313416,188.237625
550.835478,376.695440,367.806580,190.937164
552.863996,372.439230,366.780182,195.072388
553.298383,370.778387,367.555817,196.685455
553.405042,369.851286,366.891815,194.811020
553.820600,368.230642,369.672638,197.344421
554.844480,368.966879,369.625854,198.787231
555.709745,368.859091,367.925110,198.887939
555.379820,367.664290,369.871826,199.732010
555.123457,364.050551,370.727203,201.797256
554.233854,363.633490,371.643982,204.159088
553.290663,362.611990,373.707367,205.243347
552.975996,362.765631,373.574982,207.029205
554.314848,366.513556,375.221497,202.971588
554.303114,365.956289,376.963226,204.329407
555.358396,366.969084,373.043335,202.574203
556.762022,366.795263,373.546753,203.942841
555.998380,364.673285,374.752747,201.878082
558.356489,366.431265,373.515900,201.362244
558.687010,363.020987,372.516357,201.179016
559.162351,362.530729,369.477539,200.038803
557.707594,362.751921,371.124847,197.798080
561.418928,364.259878,366.826324,197.148254
561.987470,365.572203,366.733551,195.362106
561.561994,362.278998,365.498688,197.294098
561.863371,362.788786,365.329773,196.426865
563.359571,362.284865,362.997772,198.172134
563.230924,366.145926,364.420349,193.562805
564.367231,368.742903,364.522491,191.183426
563.736784,368.163923,365.227966,191.188919
567.772169,369.216406,362.420868,190.704681
568.264982,370.292036,359.960754,189.970413
567.421934,371.291906,359.575562,188.463837
566.554182,373.364615,359.459991,185.152649
568.793363,372.801588,356.969543,186.578506
568.516111,375.457152,356.152222,183.514938
569.140791,372.158171,358.123322,186.918076
567.680570,374.044020,360.184631,185.009537
568.183103,378.088049,360.001709,182.577972
567.910490,380.587347,356.884949,183.214020
566.438841,375.623938,360.328125,187.092010
568.917524,376.664358,362.763824,186.073303
569.342756,377.088522,361.882965,183.502563
569.721327,379.285421,362.046478,184.694946
569.379850,374.894507,365.249939,187.524872
567.447523,375.190466,366.786957,188.934052
569.540235,374.604941,367.231293,190.355591
567.675184,373.381163,372.544891,192.224655
567.429655,372.514479,374.396301,194.204361
565.045164,372.844824,377.776001,194.201263
567.507902,370.806845,376.850281,197.784424
565.086256,370.084097,380.273895,198.511414
564.052931,363.645445,384.357391,205.277512
563.542860,373.010275,384.403534,201.184692
565.408689,371.621939,387.520386,201.037781
564.769224,371.544615,389.406616,201.078537
565.329481,369.140898,392.505707,203.793808
565.572141,369.705191,394.030640,204.744690
566.657301,372.665655,395.423920,204.154083
566.546308,376.706167,397.404205,200.788391
564.327757,374.103865,401.203857,206.898148
563.950681,379.394453,403.375977,204.030960
562.439695,379.732283,404.737915,206.029739
560.825361,377.777243,407.376007,207.544922
557.681257,380.366285,411.359406,208.842056
559.796476,383.844610,411.252991,207.268585
558.722975,382.508848,413.638885,212.109421
555.303999,384.894926,415.659088,210.665878
554.878172,386.610594,418.099609,210.549606
554.461592,383.471785,416.130890,212.781693
551.895902,385.844633,420.061218,210.296982
551.867414,387.994780,422.694977,210.127792
549.538114,385.220961,421.468567,214.752945
548.596723,385.522596,421.056915,215.540054
546.028211,384.950354,425.774750,215.942474
544.090208,386.975477,427.839844,213.921768
539.590803,388.972761,427.863312,214.393021
536.493116,384.820585,429.934662,215.330795
537.524458,382.127401,429.704498,220.521973
533.186353,376.403715,433.525848,221.731552
534.720335,376.968451,431.841675,220.823273
532.231672,377.762373,432.689972,221.538406
527.266172,377.468786,432.486572,220.153412
521.565443,379.355139,438.215546,222.180634
521.378248,378.597021,434.346771,226.054901
518.356016,378.861387,432.981689,228.372238
517.414320,380.574698,435.634979,224.263123
515.224317,382.343969,439.458466,226.124725
516.475904,382.175459,437.246918,227.061722
513.935972,383.624533,436.063110,226.324585
512.846403,387.429541,437.324890,226.194916
511.676420,388.128050,430.301453,230.096725
509.078382,388.395353,432.232391,222.160751
508.796385,390.971380,432.192993,225.040192
504.243437,388.711592,430.287292,226.012650
507.697721,390.154471,425.137268,221.248108
504.373487,391.601889,428.023285,220.441040
505.719999,393.594648,424.639587,219.057449
502.535948,390.996847,425.532837,219.077026
505.411970,389.659735,422.435089,217.386261
507.127989,388.264670,420.748535,219.065674
507.823560,388.633566,420.122772,216.729126
509.613172,389.001700,415.528412,216.015564
510.519422,387.401526,411.275482,214.618744
511.780561,387.663778,409.829987,214.563599
512.156477,387.901777,407.438873,211.507156
514.118894,384.861525,406.703613,209.956802
516.245603,380.815268,404.707031,210.158691
519.072523,380.223890,402.268280,207.804825
521.606947,379.136732,399.809174,207.631485
524.065229,377.981756,397.976471,206.800446
525.266538,375.820379,396.517090,207.254303
527.836256,374.922865,394.336395,204.696548
531.229826,374.704939,391.696350,203.248367
534.192350,373.882429,389.915466,201.672073
537.356962,370.803488,388.481140,202.524292
541.613889,368.696219,386.311646,205.377869
543.356138,367.217039,385.844849,204.389328
542.124113,369.469320,385.487854,202.391357
545.159406,368.765692,384.944977,201.542511
546.982694,370.997450,385.493713,200.094009
551.022215,370.182058,382.908447,200.098450
551.646330,368.887503,384.636169,200.859192
554.008680,368.402594,384.303436,201.308258
556.412275,370.375319,383.008942,200.486588
558.318678,369.747191,382.623260,201.748093
559.958509,369.843420,383.418060,199.933685
563.991087,369.447676,383.876587,201.238113
566.346876,370.444868,381.773285,200.741898
567.930845,369.658896,381.099976,200.076782
571.727247,368.446592,378.256073,199.531540
572.928327,371.567732,379.030548,197.553299
576.409376,372.426405,376.756073,192.851212
577.319273,370.659208,377.637207,194.157944
580.353712,370.111891,377.647797,194.193497
582.637739,371.149275,377.002106,193.652298
584.277967,373.478109,377.703339,192.237549
586.863340,370.479155,376.139404,192.570786
588.240110,369.954146,375.829712,194.052200
591.629942,372.571447,374.991333,193.617279
594.360639,373.766234,376.095367,191.073654
597.265562,372.682905,377.561279,193.544266
599.183393,369.771788,378.864655,196.899216
604.049207,367.262610,373.870697,199.974823
606.476927,365.470404,375.246826,198.546539
607.846769,361.356245,379.680481,201.719559
613.813566,367.465635,376.267395,197.011642
618.439543,361.208449,378.140320,202.353775
619.644804,365.476225,382.341736,200.706039
623.959898,363.641211,383.186523,202.769623
623.168409,365.301619,385.647186,200.760941
624.404539,362.693388,385.830566,199.778427
625.358213,366.471296,385.462524,197.240677
628.014982,363.108931,386.818298,201.249954
632.404920,360.539930,386.972504,202.231949
633.347227,359.685911,391.848267,205.764572
633.728254,362.289419,387.297272,202.086365
630.760877,357.791243,390.318573,206.509109
626.622282,361.627577,389.875427,205.117203
621.329344,365.034971,391.884644,207.045944
617.540510,367.649534,387.939606,204.539963
616.628019,375.099585,395.101868,197.937347
617.386549,373.035643,395.312958,202.151779
617.231611,370.495810,390.674225,206.021362
614.793989,370.415503,391.354034,204.240448
612.058363,369.155974,392.130951,205.013412
608.127088,369.924238,390.597260,206.904251
606.590742,374.089262,391.215851,203.740829
604.645933,372.253340,390.139282,204.968094
602.676924,378.713209,391.965729,200.511490
605.855512,380.801375,388.197418,199.304764
606.444700,377.502989,385.860596,199.940842
602.090406,380.626661,387.394501,198.296646
600.455488,379.840849,386.175690,201.613388
599.139860,380.258146,384.116272,199.696030
598.185652,382.250044,385.432037,197.936356
598.490110,383.911993,385.004028,198.133087
598.813230,382.460058,384.999878,200.775116
599.160307,378.838965,383.056458,200.752899
598.375547,384.621397,384.916748,196.305344
598.225935,384.330290,385.241730,197.436264
597.435346,380.686834,384.783234,200.321320
596.643751,386.122259,387.061859,195.228912
596.617323,386.524511,387.149017,196.042450
597.108198,383.507918,387.589142,196.887894
596.537275,388.954893,387.656769,192.225388
595.817838,387.714926,392.111145,196.161255
598.060880,387.904348,391.741516,196.195740
600.355390,377.537825,395.825470,204.329544
599.043638,386.973753,396.681030,197.474899
601.969175,387.062300,399.200317,200.384232
598.842527,384.876227,406.066040,200.837555
601.435316,388.537962,407.320892,202.075485
600.267133,394.124991,413.047760,202.665588
600.295637,393.712752,417.080353,204.019608
600.461775,395.030256,420.030182,208.133377
595.176389,399.865164,426.364136,208.662415
593.644499,402.697981,426.376770,209.845169
588.853758,403.033651,433.269531,212.230957
588.426878,405.809668,436.041260,214.274506
586.189863,410.025526,441.962189,215.999771
579.741712,408.500692,449.311249,218.146729
577.573408,409.211722,455.171173,221.832703
570.441953,408.576841,460.451782,227.379196
568.563993,409.321318,469.548523,229.505112
564.621351,403.428320,476.988007,236.541473
558.618559,403.159796,483.529358,241.132477
555.098158,405.117987,487.476532,240.315460
546.122389,395.407980,495.855927,250.663330
539.887602,408.225073,498.829529,242.190887
532.490232,404.119825,506.476807,249.245865
527.797544,408.490103,506.726807,245.616394
520.277082,409.955114,510.552521,246.465179
513.542143,416.379568,512.870544,244.188782
507.844480,407.010389,518.491455,252.490616
498.359525,411.851523,520.900085,249.959351
489.161009,411.441740,525.921875,254.635117
485.532377,412.098776,523.803162,250.957031
477.524381,411.175421,530.712341,256.644196
471.634550,410.913031,527.660583,260.084747
465.247679,410.990637,527.457520,262.938934
463.322386,406.647558,525.185913,262.312103
452.571836,411.953497,534.720215,256.876984
448.650358,412.676138,530.062927,257.504822
443.074522,411.877264,531.499023,262.090729
432.768492,418.397787,537.688721,249.796143
430.640104,410.234854,537.643494,262.266663
424.561308,412.646444,539.659851,257.760498
418.564543,403.025778,541.598572,269.962769
415.029173,403.529059,542.094604,267.807404
411.967008,405.043356,542.757019,264.402832
411.164121,404.107809,540.843262,265.124390
408.366300,399.526861,541.921204,271.866119
406.327024,408.403357,536.442627,263.039520
398.589567,402.061239,540.740784,270.006470
396.008207,407.774603,540.105164,261.664825
391.502134,409.375967,542.469116,259.975769
387.584593,402.313513,544.112061,270.691864
379.275389,403.826468,549.711792,268.175110
378.491606,400.003912,549.059509,275.558014
380.602720,398.884421,543.140503,277.424927
376.792387,394.504629,552.184143,286.276794
379.413236,398.231024,543.391052,282.133087
380.664091,396.019415,543.623596,281.934845
378.620146,396.022131,545.275330,277.158417
377.849821,394.311514,539.710144,285.062439
377.866087,396.461645,535.498047,286.963959
371.746214,404.554876,535.380493,273.160797
370.928831,399.300253,534.459717,285.280151
369.371732,399.455191,529.049500,278.513489
366.571653,394.910879,529.584839,290.180847
363.974149,398.524969,528.204407,286.664459
367.675169,396.475363,525.759766,286.462280
370.112272,402.457937,521.983215,279.203918
367.496580,407.000006,521.898560,269.568756
368.147062,402.614309,520.117859,279.253479
366.080351,411.277960,520.358215,267.815460
358.028745,404.015875,520.613281,273.373444
353.844724,399.971823,524.541504,283.044678
352.214170,408.340674,519.063965,275.793304
352.850553,417.424749,517.490906,265.150665
351.778532,408.683203,516.721619,280.418304
359.939894,410.609686,505.243988,280.326324
359.484098,415.510870,503.241882,270.976837
360.427915,408.535147,499.926392,275.667175
362.303144,396.393103,499.447540,293.431366
359.312040,412.405111,500.557434,278.851929
358.413999,414.930044,497.739136,268.556091
357.958998,397.204718,498.207001,285.823273
359.517103,397.529898,496.890717,296.931702
360.817564,413.560507,499.949463,281.255615
365.420255,405.002081,495.228088,288.637482
367.422102,406.873907,487.842072,290.007965
367.951628,412.727636,483.466736,284.301361
375.782285,407.803610,474.025635,289.392212
383.728071,415.808004,469.416046,281.012451
389.915510,412.806784,471.914825,286.198486
392.811750,415.389273,470.616730,274.447693
395.745802,399.650412,467.296600,288.255615
401.472425,403.441839,460.147186,283.395172
403.363737,411.342001,459.012268,281.369507
409.990095,407.949835,456.675323,273.055084
416.070478,411.361639,452.554474,273.633087
418.800291,405.053885,450.980835,276.992249
424.088743,397.931265,448.223511,283.578796
424.546552,400.248251,450.110382,278.083740
429.501722,394.534201,451.160858,282.070557
436.889845,393.135458,447.900726,282.518555
444.116514,393.932776,445.729858,289.373383
451.187879,384.412375,444.983368,290.416748
460.449415,387.221121,438.580658,291.417053
470.358351,378.422186,434.552216,293.567780
480.475141,388.810705,429.960114,280.022308
486.509596,388.259283,429.829315,280.021515
491.054487,389.694220,431.560699,274.958160
495.923033,388.960470,432.009399,269.781006
501.822889,392.793463,432.915619,268.454376
507.165052,398.278555,432.926849,258.433899
516.310331,397.412787,436.084045,260.714142
525.152387,393.640875,434.761383,262.904694
533.840009,394.911825,434.766632,257.956543
541.811323,396.511831,432.326569,255.840881
550.776991,394.778128,430.906342,254.038025
553.299574,395.742926,434.282196,251.232819
557.423231,393.908323,439.329559,251.515060
561.629911,386.846258,442.310242,258.951080
568.073408,389.015402,445.311066,254.136597
575.090849,380.550863,444.964417,262.346558
583.442106,381.157873,448.538147,266.360687
581.910215,383.787512,462.893799,260.173553
599.858503,382.326285,455.669830,266.844299
605.643186,386.092154,455.763672,263.254333
614.484007,388.859076,464.373047,260.808624
621.045378,384.469641,472.482361,262.237762
625.991606,386.043890,479.620300,262.186920
636.241102,389.173407,482.022552,262.288483
643.965040,393.121725,487.429779,256.888672
651.720228,389.530264,494.525970,262.196228
659.855284,395.241285,503.634521,254.976822
665.743009,392.142935,509.757751,260.379700
672.199583,391.384359,515.000854,262.798340
679.833036,390.877478,521.041687,263.567108
683.650144,390.013052,528.977539,263.851746
689.995970,391.284186,534.733276,261.139679
692.303800,391.661078,540.589661,262.353668
692.154142,390.756079,542.704285,266.979462
696.556944,391.640707,543.783936,264.366211
701.828764,387.867346,548.125061,264.999115
703.109709,389.898321,557.106995,264.491974
704.869749,387.695395,557.171631,267.143066
701.222471,390.502997,565.497192,265.187408
703.392607,393.740484,567.298645,261.559601
704.845335,394.570440,567.781860,261.724030
699.933439,398.610769,576.332703,264.220032
699.826322,394.958029,575.180115,266.262573
698.504118,394.055319,578.514709,271.172241
695.066465,395.644934,583.971924,272.774261
696.124143,395.390936,581.769409,277.436310
695.179868,391.699865,584.158813,280.556976
695.071989,393.691412,582.251282,283.652130
696.000212,390.764593,580.215393,286.472443
694.274351,396.279852,583.594238,279.307281
692.189909,403.287573,586.952209,275.379974
689.176084,406.037146,587.334351,275.563690
685.689695,407.295630,590.577393,280.675751
685.107298,409.192145,590.792603,280.310577
682.159239,409.807760,595.052490,281.908569
675.842039,409.169546,603.608154,284.715027
678.276274,412.299124,598.875671,279.482483
675.493131,413.401007,602.722229,275.573395
674.998380,413.831473,605.001620,283.898987
675.896346,410.422857,604.103654,278.120514
671.768485,412.879568,608.231515,271.885071
674.475826,416.566153,605.524174,270.033020
677.600736,421.301031,602.399264,269.949860
679.219954,420.981573,600.780046,265.058136
684.689079,424.851294,595.310921,268.106659
687.779781,419.129507,592.220219,264.988220
693.527281,419.043524,586.472719,265.920197
701.966674,418.533194,578.033326,260.088562
705.655761,416.016577,574.344239,260.490814
712.963073,413.716574,567.036927,258.003174
718.541839,412.621801,561.458161,257.981903
720.574142,410.599516,559.147095,253.527206
725.787735,409.378775,554.013855,251.096252
726.869217,407.605459,553.130783,246.151306
728.913216,409.179464,550.679626,244.646729
731.197792,405.024023,548.796387,245.437103
729.729378,406.309614,550.270622,242.071854
732.231327,407.425543,547.747437,244.989655
730.549747,406.248289,548.533936,250.990891
730.429203,405.505758,549.570797,251.563721
731.620516,406.317801,548.379484,246.993591
732.260209,407.838774,547.739791,244.141586
735.032326,405.773802,542.309814,250.241501
739.744759,399.015310,539.991516,257.945984
741.478646,399.154272,536.379700,258.782440
744.050545,393.474661,534.690125,264.991272
747.440987,392.348364,527.999329,253.547577
752.605477,389.138952,524.361877,259.688324
750.247414,386.196661,524.410767,247.061188
750.394051,383.347754,525.383728,247.360931
750.719521,382.312338,517.886353,237.375610
750.837059,384.350180,509.814850,228.031128
751.009285,381.144713,501.818542,227.393356
750.157219,382.801260,493.216034,222.100891
747.405098,382.089903,489.860413,215.517014
748.189110,381.574606,481.724396,214.637939
746.249856,380.969030,477.941772,214.167816
746.441277,378.833548,473.417328,213.678040
746.095253,379.105497,468.059326,211.029160
744.324791,373.467154,465.411896,215.604187
743.361519,377.921599,463.160583,211.255478
742.637932,380.070166,459.994965,209.051849
740.546349,379.137793,458.448883,210.265228
738.954735,380.251265,453.867218,205.814896
734.150582,379.056883,454.579529,205.361252
730.872582,380.437658,453.151764,203.673187
728.782677,380.974531,450.454376,207.211624
723.930901,379.626959,449.448212,209.582306
721.795296,380.485747,447.446350,209.549667
717.357552,381.058951,447.501892,210.353455
715.664711,380.366461,443.465820,209.387238
713.769783,378.805334,443.487732,210.670502
709.821129,378.467642,444.759918,211.905945
709.195748,377.683546,442.592957,211.230240
705.995156,374.806028,442.421021,214.766037
706.182015,376.850256,440.746887,212.897430
700.606759,376.582380,441.146667,212.835281
697.385140,374.689177,442.322815,214.198471
695.279015,373.721182,443.064240,217.234924
692.462349,374.134192,446.689758,214.872772
691.928216,372.397864,443.576019,214.769623
687.775567,374.548231,446.337982,216.594131
689.366723,376.158430,443.213043,214.867996
689.610207,373.344153,442.244385,218.477264
682.707421,373.677778,450.291168,222.427444
680.970589,375.762411,448.811218,223.106201
678.086205,377.757986,452.637848,218.375183
676.181435,377.581205,456.324341,220.738144
674.277581,379.780119,458.756561,222.240952
669.988213,375.738958,462.081635,229.916901
668.772286,383.167486,461.537659,222.997833
668.703454,386.255835,461.345978,225.158173
669.963936,378.757200,462.947815,235.614059
669.540886,383.762076,465.051971,232.904846
668.653389,384.290396,462.889709,228.738342
668.098000,377.352827,459.546753,237.251541
663.778267,375.826628,458.749939,240.722641
661.533654,377.248198,458.441803,241.475937
658.096856,382.759771,457.896332,235.830475
655.898354,387.586973,460.296631,233.690720
655.385354,390.038374,457.771362,232.003250
649.959816,388.994734,460.083984,238.371902
650.789666,393.482344,454.128387,231.812698
648.580407,396.581518,454.764313,229.658295
646.132363,393.409765,449.206787,236.040375
642.341057,389.765570,446.114105,239.171906
639.194710,385.325949,440.843323,243.954712
635.779030,390.784346,439.150269,237.455154
634.282647,393.426024,435.151703,236.113815
633.698830,394.914969,434.294434,233.425232
630.210915,398.439131,429.995239,229.964920
630.236763,406.552580,425.554871,221.862411
626.250512,403.019255,419.875397,226.915878
623.600701,397.902617,413.317596,231.991806
618.922982,400.082335,408.046326,229.481857
617.546792,401.143187,404.465820,223.995773
618.509591,396.838026,399.519226,227.650040
618.111382,401.492781,395.534515,221.959061
617.611748,398.918188,396.224823,224.930878
616.356972,393.205870,395.295654,230.296677
614.254235,396.217528,390.863434,225.745285
613.761666,390.457129,385.039368,232.240326
610.712548,397.986288,379.722198,221.624390
608.763833,394.608153,375.923950,221.767746
605.711983,402.658766,372.733337,216.441055
602.542351,404.554945,368.140961,214.919937
601.847649,399.128050,363.824799,220.201340
600.006310,397.510611,361.430695,218.705505
597.811699,397.974035,360.640839,217.284027
597.666283,393.452940,358.481354,219.586472
596.755318,387.383230,357.367493,227.298767
598.255715,391.287169,352.461182,223.727951
599.926217,389.022925,349.174011,223.398773
599.601052,391.509962,347.587036,220.726334
601.241036,390.590628,344.683899,222.915466
599.564751,391.362906,344.868622,220.061584
601.266991,389.732588,342.167145,221.687210
602.055840,383.092413,337.797211,226.138458
600.285500,393.916578,335.309692,215.519302
601.312264,387.741491,333.894592,215.320892
599.918084,388.447950,331.923187,216.344254
597.849740,389.660856,332.307678,211.906601
598.681328,387.769240,327.160736,214.070816
596.402962,390.669211,326.906921,209.156616
597.131112,390.592306,322.102966,208.053101
594.729378,388.861258,321.408752,207.774475
593.353814,389.025923,320.866791,205.977371
