178.000000,501.000000,252.000000,217.000000
207.365356,499.002754,242.389282,218.696518
237.397240,499.261505,233.488358,219.895569
268.670090,498.925720,224.723785,219.903931
300.669243,498.254814,215.823990,221.127823
299.430504,498.836212,218.438797,220.826111
331.856079,497.330124,207.123413,220.803131
363.404343,496.998589,197.719147,222.254288
393.308113,499.908073,188.416977,218.489517
424.671516,499.801361,178.061386,218.834045
425.943146,498.912727,172.968384,221.087273
456.115456,502.523907,165.845078,216.416794
485.865356,502.447384,153.903442,216.775833
514.900665,504.219349,144.071472,214.345856
543.672768,502.785709,132.532700,216.911377
543.721130,501.994823,131.871826,216.501450
570.591492,502.559620,122.246582,215.142426
595.789074,502.049259,114.061378,216.272217
619.340469,504.000683,106.022430,214.626755
641.917259,504.213558,98.162125,214.224564
639.648067,502.987148,101.729500,214.985245
662.905743,505.904011,91.051125,213.205841
675.745689,506.635311,93.280289,211.373978
702.915585,504.773350,94.392342,212.733887
719.673912,500.377201,88.132339,217.078186
712.597431,501.826267,95.213829,217.168091
732.357784,498.612179,88.777779,219.217911
738.994076,498.400173,91.018684,220.716995
746.136288,499.764492,94.419930,218.786209
747.865582,490.472469,107.767677,227.024979
747.405827,492.715565,110.537468,224.738495
755.926224,489.760227,109.896027,226.275879
771.679005,489.209156,100.568260,230.790844
775.487129,495.280825,96.658737,222.713486
782.569416,484.393869,96.646873,233.469086
781.090321,492.660715,96.081810,227.140472
784.888752,485.591623,97.080162,231.967743
786.047249,484.912989,97.179794,233.488647
787.114677,482.748484,97.960403,235.878143
787.730633,482.018602,97.398598,236.952774
788.794777,483.359140,97.403549,236.146759
785.687351,486.261599,101.322929,229.302475
785.321384,487.450220,100.201347,224.346924
785.711555,491.290812,100.046616,215.444733
783.880238,491.080736,100.970482,210.376358
783.716812,490.401567,101.637787,211.430435
782.125881,489.831385,100.196846,209.357483
780.575150,488.508997,100.210419,210.534668
779.443718,487.310419,100.204666,210.130066
778.162338,485.594744,99.031830,210.824173
778.807266,483.331789,99.595062,212.416550
777.190914,481.603876,97.915535,214.043030
776.738834,482.138193,95.510735,209.733612
774.564079,482.984888,93.718399,204.228516
772.142067,479.613451,92.888107,204.322098
770.899197,477.666742,94.481941,206.542664
768.575531,474.917162,93.575256,208.955215
766.170914,476.510164,90.136688,206.445847
762.674534,477.925982,92.101250,203.287491
760.477619,479.361826,88.856834,198.983490
760.777283,477.168985,91.730042,201.786530
757.205532,479.006548,86.148201,198.789627
753.565399,474.091516,90.777283,202.873901
751.879444,475.285265,88.459740,198.005753
747.773102,470.937815,89.922729,198.532074
747.558662,473.248735,87.723373,196.153397
745.654655,472.995508,86.294327,195.916016
743.683712,473.202570,86.759346,197.177246
741.322815,472.402842,87.401978,196.752472
739.581223,470.399889,87.419159,197.293228
739.458641,469.730463,87.346573,197.360352
736.642197,469.459192,86.326141,195.329529
734.228420,465.789156,88.015205,197.987411
731.363068,461.388857,90.315063,200.692673
732.253925,460.076082,88.796715,203.182175
730.730103,459.305643,84.846802,202.638275
727.487186,463.983690,84.107292,196.227493
723.428753,465.499193,84.431862,194.956985
720.491638,467.586245,81.869019,191.880356
721.688076,463.015467,85.576485,197.045105
719.145412,467.534784,78.819588,189.695984
716.692101,461.746759,75.906448,194.635925
714.841171,461.387888,75.891449,194.340057
713.032833,461.372477,77.748177,193.778229
713.291016,464.007433,76.413635,192.076981
712.114902,462.404978,79.057610,193.211884
710.352558,463.401560,79.378502,191.411530
709.738529,463.350725,77.562431,190.897415
710.177341,463.573725,77.367241,192.203369
710.283367,462.577494,78.745827,192.864288
709.405548,463.553812,79.182922,191.609650
707.984219,462.378321,80.886055,192.502991
708.050877,460.439058,82.612480,193.395126
707.003391,457.124224,84.727531,195.909317
706.138901,458.555262,83.716888,193.581787
706.557621,456.486971,84.765373,197.128342
705.667477,456.989534,82.517952,199.570969
705.564144,455.029428,85.636360,197.970856
706.184204,454.654985,79.071655,197.886856
705.457504,455.002565,82.790558,196.488571
705.334797,459.077768,78.274193,192.877350
705.530094,460.443041,79.541557,191.968094
707.124443,455.134127,82.283768,197.586899
706.339760,453.915529,78.774033,198.810715
706.263821,456.174196,81.569771,198.502975
708.389931,462.658998,75.941147,191.134323
711.394802,456.452562,77.689461,195.166153
714.473030,461.699381,82.401962,194.118073
716.042995,457.764917,86.560127,198.122620
715.603607,456.058252,85.599915,199.855469
718.884266,457.073534,87.623131,199.520889
720.509304,453.493517,86.228584,201.623306
726.184799,452.041552,79.158539,204.917618
729.195484,452.408884,82.968956,205.338837
729.292789,454.840975,80.195061,201.442856
729.906578,454.442423,82.175430,204.300079
732.920204,455.319796,82.050400,204.089951
736.634388,461.809778,73.211571,199.891785
737.556625,465.741907,80.275848,195.402954
737.089989,464.245432,81.527176,196.999359
740.661259,468.014521,77.673637,192.639221
744.091763,461.793085,81.422615,200.287292
745.570717,466.953417,81.346542,196.469070
746.229801,466.936068,83.809258,197.049057
745.506165,465.991053,85.078796,198.459229
749.357651,466.562922,83.386200,198.150635
750.844078,470.775461,81.125504,193.695892
753.361023,470.897020,81.692017,194.288467
755.833355,469.800402,80.323769,194.066910
756.619785,469.691271,81.512383,194.660843
758.473919,464.446909,82.761574,198.224945
759.998661,464.130251,83.212334,197.967270
760.876431,463.575960,84.337044,198.646591
763.449505,462.402384,84.413368,198.925446
763.185345,463.457148,80.809669,198.715271
765.025414,464.794367,85.468704,196.839722
769.250778,462.202715,78.224762,198.253189
771.497406,465.928850,77.931458,194.196976
774.899967,470.774096,78.189934,188.478287
776.300297,470.095316,76.254997,189.176178
778.105263,469.915400,75.914291,189.752869
779.816917,468.923601,78.698990,189.914444
782.975723,469.375322,78.552765,189.636307
784.028687,470.074793,80.224854,187.839844
783.801907,468.992479,79.345528,189.664383
786.177132,471.376101,80.265915,185.622360
787.720772,470.816523,80.264755,183.634155
789.628979,469.379442,81.098061,185.055374
789.958889,467.083834,78.336250,185.619431
789.227180,466.594797,79.639633,186.772491
789.354679,466.295221,80.832451,186.935974
790.152382,464.575739,78.420334,186.956909
791.309040,466.194414,78.066856,185.913467
792.106373,463.662790,77.488304,187.634857
793.066101,463.134394,76.568420,189.155884
794.705956,463.858728,75.412308,189.504700
796.148457,465.000292,75.435692,187.083145
798.090363,466.701502,75.193604,185.129089
799.355446,466.630808,76.782944,185.952728
799.810394,466.379511,76.732727,186.703308
800.077736,467.997667,80.107651,185.996902
800.268318,471.095362,82.947128,183.123840
800.631332,471.011858,85.970673,181.960220
798.760029,471.954844,86.444603,181.507538
800.420273,473.370829,86.443695,180.264801
797.501904,473.351076,88.325905,179.566208
794.633736,476.538767,90.053146,177.443634
792.062260,476.793139,91.437126,174.427872
787.074554,476.870630,93.559509,172.865051
787.366543,478.014460,93.585091,172.548767
782.176327,477.150705,97.200996,170.212189
777.509827,475.985933,97.465149,169.772934
771.535240,475.744829,98.876846,167.053238
763.630817,475.050165,102.118492,165.025818
763.962898,474.439371,100.327621,166.170013
757.277664,473.397379,102.167206,162.759064
750.201782,474.732447,102.198669,159.580139
741.929630,468.169588,102.656975,163.674240
737.065113,463.443148,98.153221,164.917099
736.029606,461.102304,98.053642,169.808258
730.097683,465.124445,96.587715,161.236145
723.084915,464.073526,95.326141,159.939178
715.437599,461.111078,92.735031,162.718994
708.795258,459.935137,90.610291,161.617752
709.489967,459.647249,89.764816,162.623215
704.664238,460.437143,86.071915,161.103912
697.208805,459.712572,84.099907,160.569534
692.187473,456.637911,80.094292,161.045212
685.718849,458.121363,78.166000,157.755066
684.789104,458.657251,78.619118,156.760864
680.230122,457.465509,75.970665,155.070923
670.897194,453.755930,76.821762,155.002411
666.893997,456.138315,73.066254,152.789215
662.888721,458.264528,69.040062,147.619980
663.008148,459.021334,63.729645,146.531723
659.711136,459.623652,65.923126,144.907806
658.019127,458.545237,65.157089,142.397827
655.678553,456.549212,63.484631,144.504471
654.881777,455.242075,60.687801,144.254517
654.848553,456.949457,59.715004,141.433807
653.196661,452.744081,61.214588,144.978897
652.599287,454.178850,58.669712,141.740067
651.727552,455.617823,58.454563,138.542419
651.549131,455.952280,56.857548,137.477264
652.285011,456.743822,55.835831,137.560410
650.940060,451.693743,58.029762,141.905624
649.859077,456.045008,59.562515,135.300049
649.084969,453.141901,62.701523,137.554260
648.036755,452.532701,64.052284,138.094254
647.654385,451.415758,64.426308,139.099258
648.348450,449.951097,58.467712,139.855026
647.766190,453.730310,58.430145,134.184814
648.102600,450.389086,55.492523,137.119492
648.071878,448.678873,56.929852,136.761230
647.184540,452.718454,55.591949,131.833923
648.776758,445.601061,54.293102,138.691696
648.066841,449.697527,51.991806,132.878677
649.703087,444.697489,54.750870,137.687439
648.014982,445.623529,56.511662,133.961761
649.905451,446.682550,56.428631,132.578094
647.278173,445.480799,57.850849,133.625031
647.329651,445.242670,64.418335,133.138245
644.793987,441.986780,64.168800,131.840668
648.854473,440.579203,71.270699,134.114471
650.910494,442.787394,61.224117,133.090637
657.058310,442.243341,63.503407,132.816772
659.411413,442.739687,53.372517,131.465378
659.990749,444.714262,51.578835,126.966270
664.497673,444.867651,52.695816,125.058601
663.010437,442.054247,50.167389,129.683029
665.348368,438.456263,55.371838,129.795502
666.080318,439.920725,52.518501,128.707794
670.264233,439.649172,50.185707,127.376694
672.147392,443.743170,48.505386,120.369179
671.282221,445.678411,48.582104,119.514717
671.389637,439.494287,50.027184,124.722687
672.756927,442.187628,49.420990,121.127998
672.014807,438.285234,50.720509,123.522079
673.464607,440.333509,50.907486,121.230614
674.341333,439.516607,50.165874,120.774727
676.089550,436.189680,51.197914,122.664848
679.617966,437.980051,49.545319,118.675934
684.492086,438.287924,46.476521,116.706917
684.915716,434.384604,48.839619,119.448524
684.804525,434.904005,48.858051,119.482903
687.367384,432.128050,48.596745,121.211571
689.816780,431.063875,48.460983,120.550461
692.128885,430.040567,48.241253,120.922729
694.868095,427.920229,48.957474,121.421066
695.482330,430.110147,47.010437,120.265167
697.540094,431.117109,47.750042,117.347679
699.865608,433.256460,47.406326,114.053596
699.600437,432.265871,49.487968,115.451889
702.351831,429.960550,48.993969,115.437866
702.495321,430.699583,47.325245,116.102715
705.487219,433.765108,45.872822,108.398788
704.087114,423.348410,50.436001,120.649330
708.758266,430.119703,49.095375,114.579735
710.806389,431.665522,50.076950,110.269226
711.593821,430.419653,52.588634,109.656837
714.077845,432.562178,51.574780,110.259514
714.861588,428.775084,43.256104,115.096123
715.430012,423.873446,45.608147,116.774155
719.868893,429.492956,46.659950,111.018379
720.069357,428.944082,46.604145,111.590706
724.785883,431.349802,45.999798,110.725098
726.849752,427.946669,51.646687,111.654350
735.092991,433.827227,46.217308,106.828415
740.406593,435.951181,45.010910,104.009369
741.420778,437.380224,45.767147,103.213173
745.506552,435.042013,43.594685,105.357674
748.139193,436.272448,43.652554,103.882919
752.702930,433.153547,42.297203,105.941917
758.283390,433.398104,42.125114,104.177750
757.106913,434.480280,42.520794,105.039124
759.465441,435.079622,41.458920,102.788284
761.812273,434.806753,44.963772,103.037117
766.182144,435.522493,45.955017,102.437485
770.360510,434.222815,45.092976,103.536476
768.696154,435.715677,47.374874,102.397278
773.616438,435.453226,45.453403,105.352936
777.751799,434.995920,45.670139,103.095276
783.379433,435.469091,46.388382,100.406990
784.985065,433.913374,45.204247,104.627251
784.349598,434.983000,45.814201,103.501945
791.690199,435.914450,49.793308,101.671577
793.849836,433.542494,47.980808,103.847862
799.895306,433.840063,47.315834,104.836739
804.960424,432.991632,45.791645,105.937164
805.123457,433.961767,46.323368,106.576118
811.632481,435.827497,43.832695,103.759727
814.676954,436.450323,45.192081,102.692482
818.646597,438.147738,45.805531,103.676987
825.288525,441.132227,44.689369,97.654785
827.788013,439.935534,42.849113,99.467880
827.558584,438.365503,48.037525,105.149139
831.889368,439.408895,48.272564,101.196938
836.731377,441.592695,48.557419,99.632561
841.229321,441.777575,50.003181,100.556686
840.719917,441.620111,51.593704,98.794312
846.919672,441.367598,48.954876,99.980400
855.366980,440.426733,46.795856,101.596443
859.409786,440.370275,48.452736,101.794350
859.769609,442.210192,52.288265,101.533432
861.322054,443.274996,52.558193,100.585007
862.671663,442.008833,53.785366,101.445854
867.445753,440.897375,53.451847,103.063728
880.558380,443.832033,44.460266,100.733841
890.898760,450.729605,38.299526,92.407021
889.554262,444.356745,39.744808,99.424561
898.778791,445.165323,36.145329,97.232697
783.980865,393.632940,148.571625,82.777916
632.477844,367.107790,321.537476,242.293182
681.240494,405.472368,297.217743,290.185974
665.314514,409.075640,312.166138,290.425110
674.288010,416.546785,322.979523,293.772980
691.442093,413.766817,344.258759,305.100494
697.071381,410.946505,364.852234,303.816925
700.938049,420.456087,393.866699,298.401520
703.062744,441.754107,385.594849,269.967346
719.751328,463.683588,390.557404,246.930038
714.049362,426.587709,432.681427,292.220917
738.631378,444.545351,428.512390,274.002167
720.866409,470.095942,498.143158,244.920517
721.515656,437.319704,507.413513,282.680296
745.541992,443.989457,520.278198,269.574188
728.718872,423.923158,512.987305,296.076842
753.957291,436.591004,488.612518,283.408996
736.635071,448.153000,487.613770,271.847000
763.477516,465.023773,251.200729,246.861191
778.268967,440.358803,483.117096,277.834564
787.908058,440.372933,194.898972,271.151886
793.969452,432.075188,173.426453,277.756165
799.783676,436.115196,147.894562,225.786743
799.686172,432.896851,112.706451,130.884384
794.216351,437.497719,79.555702,82.267365
787.888321,437.858803,78.298401,80.892426
782.821651,438.921795,73.310585,89.484306
784.168610,438.176811,70.028198,90.164062
777.980659,435.624268,68.741287,91.291946
774.336239,435.562130,64.756081,90.337242
770.381180,436.473938,61.235718,87.944473
767.934301,434.904652,58.100697,88.429817
767.343830,434.615013,58.194420,88.736603
766.835875,434.881134,55.239689,86.496262
764.929235,433.450497,57.897785,86.724480
766.364641,432.425190,54.782406,87.156013
763.579441,430.644165,58.164665,88.329697
765.474926,430.983074,56.433052,87.577934
764.066242,430.466675,55.502190,87.253006
763.551538,428.930325,56.040051,87.905754
765.649763,426.374714,50.865086,90.158882
766.583788,426.588265,45.338039,89.568573
768.077784,425.827736,47.647564,90.002441
769.085997,426.114388,43.704807,88.912292
770.378149,427.484036,39.052174,86.504662
772.545343,428.650776,36.111340,86.174660
772.531374,424.844170,35.724606,88.194763
771.876982,425.503258,36.380344,87.711487
771.195086,422.865212,35.781277,88.803589
769.840284,424.625263,36.626835,87.280342
767.145607,419.507664,37.839035,90.960915
762.538313,418.134358,42.992649,92.383766
764.745295,414.705700,41.462780,95.974297
759.579077,415.799225,45.116108,93.656815
757.209036,414.841484,44.025410,92.618713
754.814779,419.671929,43.198566,87.847809
748.839243,418.440647,44.369579,87.926918
749.213629,416.583901,45.530506,89.757629
744.258068,418.186424,46.128548,86.810852
741.720835,415.760525,45.259838,87.668358
734.592590,415.832749,46.308411,85.401718
725.111040,413.576401,50.703671,85.097549
722.474413,414.154472,52.489376,84.701569
724.110188,414.953529,46.075951,81.554749
713.233875,416.981831,48.356560,79.238564
707.840340,415.542580,47.666092,76.661987
701.687599,415.836022,47.056564,78.767670
701.620907,415.722462,47.193642,78.440376
694.780533,416.267403,46.748230,76.721100
692.014753,413.754032,42.631413,77.600136
686.876234,412.890713,40.487400,83.156120
682.950256,415.027619,37.139313,80.609299
676.021374,415.768452,42.224617,82.756874
670.786581,414.139702,43.351948,74.605743
667.527828,411.378121,41.650429,77.324524
662.350735,412.864422,43.384804,74.074089
649.937918,411.768280,51.370869,78.016891
648.149366,412.523117,51.445255,73.880142
637.545141,411.119526,61.271473,81.040565
631.708729,409.818821,68.993889,85.655464
623.661705,409.685112,72.184158,81.900879
638.790546,408.515835,56.244316,81.299065
638.448021,409.027233,56.132187,79.565239
637.719904,408.584477,53.406017,78.769539
635.068247,408.200279,52.479687,78.448151
634.238049,409.843815,55.442360,75.045784
635.675871,408.413513,56.295506,75.802261
635.172836,409.113937,53.196991,75.004959
637.524031,410.389492,51.339359,70.973106
641.114079,410.331909,51.598839,70.620255
643.240225,410.250713,52.935902,69.857475
647.278772,408.728584,52.804180,71.346405
647.596777,409.555683,51.275990,70.705879
651.081715,409.354244,52.374107,70.081322
655.261080,408.730824,52.278286,70.120979
659.607971,408.176968,51.628082,70.245384
665.628960,407.628918,49.685867,70.742180
665.538063,407.181267,48.968704,70.057190
670.746798,405.431805,45.294064,71.798485
677.491028,406.540405,45.428345,72.209885
681.070480,405.700001,43.716370,71.770607
686.394732,405.659214,42.512691,72.817238
686.312176,406.509178,42.538887,70.356720
689.957720,406.237366,41.165554,71.519028
695.267603,406.884823,39.811779,70.776268
695.577663,406.115723,42.684273,71.793747
702.184984,407.146320,39.927364,69.539742
700.663883,406.562328,40.212242,70.906761
705.420351,407.237339,40.083614,68.745827
706.204699,406.747818,40.131985,69.834671
706.268595,405.911339,41.896557,70.640259
706.203070,403.762180,41.559711,70.695259
706.265097,403.494042,41.816151,71.741150
707.585670,403.893524,41.156174,71.894058
706.510780,401.178181,40.814102,72.965126
707.244696,398.470436,39.051472,75.374268
702.963783,397.680927,40.378464,74.658058
703.804989,398.164055,39.395790,74.038910
702.397978,395.749992,37.655308,75.433258
700.060806,394.686684,36.516724,75.908203
698.064264,395.767227,35.822186,73.705978
695.654537,394.814472,34.612267,73.945641
695.083052,395.185829,35.265491,73.594955
691.458096,394.405018,35.155510,75.093102
688.776556,394.692658,34.475483,72.756577
685.458290,394.114067,33.820053,72.202072
683.440367,393.818688,33.845707,71.427185
683.170588,394.277336,33.727749,70.586914
680.827589,391.433281,33.044666,72.356140
677.644295,391.871540,33.697052,70.968666
671.667252,392.732830,33.205261,69.719917
668.722801,391.697540,33.935364,69.072968
668.896271,391.561291,33.440338,68.968452
666.486191,388.786633,32.092072,69.374474
663.354852,389.181938,31.227430,68.245209
660.514423,388.791298,31.753365,67.498703
658.222321,387.045628,32.118942,68.816032
657.305565,386.323086,32.500366,70.683250
655.496489,385.452622,33.233875,69.429352
653.709101,384.256916,31.403576,69.813393
651.666679,383.177368,31.915482,70.117950
650.332781,382.787628,32.054150,70.240997
650.509825,381.134747,32.898716,72.163628
649.189016,380.581181,33.970234,71.904976
648.351304,381.178532,31.318678,70.235222
646.921185,379.763542,30.661581,71.365601
646.539236,379.522324,30.938175,70.477509
646.195077,378.865242,31.074324,70.380081
645.844277,378.204327,31.006727,70.112740
646.914789,378.632145,31.295315,70.419930
647.530590,379.386341,29.469078,69.939598
647.361714,378.483288,30.703711,69.737541
647.627243,378.959786,29.135818,69.895660
648.681581,378.345921,30.164686,69.459129
649.290143,376.199890,30.275122,71.231186
649.997546,375.765507,29.921503,72.115227
650.620029,374.895981,31.719856,72.409103
650.724342,375.124230,31.381378,72.499344
651.059529,373.191555,31.979361,73.523109
650.918314,374.547924,32.117336,73.994820
652.108515,372.670982,32.686779,73.056458
653.063412,373.293675,32.538414,74.126808
653.166573,374.194679,32.437042,74.162994
654.674135,375.794769,30.614819,71.186218
655.302800,375.614201,30.159079,71.385429
656.590621,375.144386,30.298464,73.989746
657.922275,373.964741,29.818628,72.961510
657.909605,375.570282,29.011616,72.006577
658.839312,373.052666,29.632732,73.789474
660.416365,373.108433,29.395542,72.527138
662.119953,374.635597,29.613716,72.280045
665.450767,373.249706,31.201860,71.760185
664.696352,372.679299,32.898510,72.098663
667.414089,373.276512,31.631844,71.319931
668.694437,373.982929,30.397106,70.700951
669.130928,374.158779,30.298660,71.013908
671.082599,373.466503,30.250742,71.332436
670.401337,372.886784,31.412643,71.765251
672.173723,372.836647,30.446590,72.205765
673.233146,373.613510,30.409578,72.727859
674.407772,372.572899,30.275505,71.148117
675.328481,371.643562,30.466879,70.694504
675.525000,373.064827,30.199940,70.415726
676.665980,372.137638,29.787134,72.167992
676.635807,373.583737,29.660606,70.835335
678.976246,371.940312,30.831154,71.877235
680.712591,372.985859,29.828587,70.518135
679.755992,373.805176,29.703058,70.427307
681.759754,373.239723,31.030556,70.537415
682.690779,373.420563,30.540882,70.715393
683.785236,375.036694,31.214806,70.659340
683.724676,373.808403,32.165318,70.870468
684.295099,374.003323,32.053402,70.744957
684.850330,374.729977,32.040901,69.934441
685.697567,376.065693,32.393990,68.627831
685.539756,376.538933,31.961153,68.237106
685.381887,375.611374,31.804127,68.754684
685.629791,376.305557,31.888199,68.450546
685.394043,375.188915,31.795059,69.560097
685.468091,374.820080,31.840597,71.762596
685.484715,375.337887,30.935951,70.527885
684.914000,374.166908,31.284534,71.552567
684.848893,374.499615,31.302748,72.111900
684.191035,373.913895,31.736765,71.911972
684.128786,375.556824,31.346142,71.637436
684.349812,375.165547,32.626823,71.822990
684.774059,375.414940,32.214699,71.709656
684.852415,375.664780,32.061832,71.692642
684.631767,374.935410,32.495956,72.414780
683.791039,375.611202,32.958847,72.192818
682.573322,375.523243,33.104378,72.447075
680.554989,376.843456,33.267097,71.311424
680.386604,377.129357,35.222015,71.195267
679.788483,376.298161,34.143051,71.728050
676.185730,379.534985,34.201050,68.681053
674.443434,380.349110,33.762089,67.954231
673.335037,380.960148,33.621887,67.603798
672.643591,381.687718,33.423939,66.517967
672.086052,380.802059,33.360962,68.010368
670.990814,381.336380,33.675735,67.835876
669.262680,380.500195,32.467560,68.453651
668.403198,380.870010,33.335297,68.142258
667.320539,381.024033,33.219883,68.515717
667.643623,379.758186,32.581039,69.418457
666.905617,380.429550,31.767868,70.211182
666.485197,381.183212,32.359241,69.092331
666.191889,378.673699,32.814159,71.675949
666.056866,379.197334,32.816628,70.793640
665.327009,379.806389,32.807545,70.715805
664.641308,381.028828,32.007042,69.534050
662.557583,380.070286,32.207893,71.328865
661.561428,381.968224,32.344887,69.964813
661.243330,382.736492,33.136448,69.397240
660.488081,383.942383,32.589573,69.109711
658.975845,385.099896,33.909744,68.676994
658.307747,385.716084,32.803375,68.341393
657.647892,386.138374,33.248665,68.504349
657.159746,385.928597,33.297085,68.055954
656.916750,385.310356,34.970287,69.835068
656.193748,385.145111,34.737228,70.682404
655.490738,384.916142,35.441727,71.652931
655.454365,384.646591,36.233086,71.523865
655.242668,384.239445,36.863129,72.297218
656.377937,385.929249,35.891388,71.303596
656.427284,386.949955,36.380615,70.480354
658.016239,385.944161,36.741798,71.636200
659.811249,386.725651,38.062424,71.218483
660.089622,386.306522,38.261292,71.194008
661.329294,387.831185,37.787197,71.295013
663.773670,387.680321,38.988564,71.783234
665.911276,387.290394,37.700596,72.129219
670.265610,386.568310,38.883560,73.176964
670.080410,386.744892,43.231346,72.684761
672.969271,385.850758,45.027416,75.559212
678.022648,388.264820,42.341835,73.670052
687.005680,390.369999,45.409340,72.616890
693.114470,389.287651,42.568897,74.327057
693.766630,390.386524,43.379688,74.448128
700.484354,391.632366,41.400936,73.159538
705.202614,392.082092,41.926208,73.795853
709.429716,392.554730,41.782520,74.358299
716.981813,393.772114,39.853405,74.155373
717.063591,394.140770,41.220856,73.178894
723.180252,393.657433,39.050735,74.355408
727.444250,394.118874,38.455692,73.920868
733.574966,394.579090,36.537003,73.731697
731.735319,394.345509,37.788380,74.711861
736.727827,394.427677,36.275257,75.082619
741.848536,395.226818,35.635830,75.362602
742.422537,393.203430,37.810551,77.868423
746.722027,392.928887,37.787926,78.808868
745.724098,391.832592,37.676971,79.822319
750.582569,392.706288,36.175301,80.137672
750.772539,390.645798,37.756817,81.414566
753.002800,388.064865,37.079559,85.930649
754.989904,388.721119,36.834690,83.860695
754.194294,390.197098,37.677101,82.663071
755.017843,388.169319,38.445805,84.706421
755.936827,388.518612,38.931049,83.945518
757.393932,383.767700,38.182365,90.634140
757.016296,383.066162,37.776260,90.035355
756.284557,383.892929,38.793144,89.803757
757.676920,384.043194,38.015743,88.962761
756.370543,386.092259,39.880909,87.074898
754.870605,385.795685,40.889877,87.450455
753.354244,385.844357,41.981926,87.998924
754.104013,384.378914,41.948788,89.707184
750.875284,389.074368,43.323086,84.435387
749.810852,387.694439,44.164749,87.337212
747.885126,391.802952,44.050777,83.183418
745.935226,392.777310,44.011154,82.854546
745.221102,390.920475,43.958233,85.144936
743.378317,389.935921,43.984318,86.051575
741.930233,387.624092,42.834648,87.700775
737.905493,391.557190,41.788242,83.440140
734.217783,391.321476,42.086361,83.564156
733.996103,388.930069,42.360409,85.673843
728.335379,389.237480,40.983921,84.827515
724.898094,391.374428,40.066040,82.613922
722.127895,392.495468,38.779411,81.416885
719.427931,390.030831,38.262409,83.539642
720.033850,388.797230,39.147099,85.465675
716.106359,392.414932,39.318027,80.458054
712.313427,393.009388,38.905113,79.944252
709.152889,392.505287,38.764885,81.382019
704.639467,392.530811,40.203808,81.150398
704.977192,390.621544,39.486641,83.336609
701.439747,391.880409,40.882484,81.355286
697.832180,392.417168,40.300499,82.147797
693.524992,394.051361,41.520313,80.589859
690.165188,392.425701,40.317741,82.471245
690.254488,391.266174,40.289318,83.237350
687.083435,392.490914,38.886032,81.118286
682.263296,393.439381,39.697422,80.535042
678.239601,392.360249,39.353912,82.867165
676.117872,390.691277,39.868427,84.203308
676.813965,389.960915,37.221359,85.205658
674.455896,388.316639,38.291073,86.438454
669.238880,390.253456,37.353706,83.932953
667.209114,389.643131,34.158905,84.791176
662.600632,389.969860,36.511948,84.806847
663.868853,387.941136,34.888012,86.650459
652.611706,390.318718,41.908623,83.945465
652.869488,393.844940,38.765190,80.652542
653.340206,394.912377,35.202049,79.907349
649.805883,395.505730,35.810093,79.136902
649.750433,396.485951,36.379032,77.797432
647.338177,396.448460,37.436943,78.594704
644.262478,396.090057,38.299095,78.054062
642.107088,395.575497,41.046917,79.242729
638.467964,395.469616,41.429535,80.817558
639.681667,395.103619,41.017662,80.514488
636.205576,395.341644,40.118130,80.713364
633.979958,394.774937,41.807465,80.973427
631.942181,395.120571,41.427757,81.172478
629.598330,394.065033,42.917431,82.350754
629.965281,394.564236,41.910213,82.588188
627.989031,392.125561,49.447369,85.214104
626.226461,395.124043,48.550785,82.125618
626.856215,394.360813,54.665821,83.782356
628.116074,398.183045,54.002396,79.747604
628.693558,398.073105,52.513046,79.740250
631.229071,395.703495,54.982365,84.192879
633.402954,398.783276,53.508499,81.598900
634.891850,399.370106,55.347694,80.834908
639.163036,400.315888,55.602287,80.097488
639.532608,403.747646,54.187698,76.299156
643.187115,401.226730,55.605125,78.828934
648.422544,401.717316,55.519886,78.087875
653.913258,401.645363,56.021767,79.426361
659.325584,402.013355,56.863861,80.100319
659.881477,406.435619,55.942352,74.726707
665.631042,403.219261,57.631912,80.004456
673.238319,403.441200,57.992737,80.754974
679.395435,402.092903,57.244637,81.563599
687.365484,402.033230,57.881779,82.169243
687.175678,401.531265,56.863869,81.743393
695.251593,401.997231,52.337803,82.557526
703.451328,401.302578,48.980507,84.487755
712.019197,401.828762,44.272015,85.115898
720.293159,402.750279,46.343842,86.148384
720.783648,402.110703,45.342785,86.684952
729.248854,406.643814,44.314411,84.209030
738.167686,408.642616,46.499329,82.949097
746.101879,411.888680,47.413078,80.550934
754.402582,412.974747,46.185940,80.646591
754.279095,412.958874,46.639977,81.571251
762.796680,414.640301,43.821419,81.566124
770.641129,415.033577,42.828751,82.360779
776.567131,414.587101,42.794739,83.504341
785.435724,414.997002,41.516994,84.583588
785.217571,415.694935,41.876579,83.656990
791.204958,416.495937,41.465527,83.584892
798.915215,416.640213,39.727631,85.005600
803.954271,418.211704,41.241070,83.976295
809.468685,418.141586,41.292656,85.103561
810.248299,417.051815,40.517639,85.388695
815.157988,418.202568,40.897602,86.143219
820.749712,419.094071,40.790813,85.154984
825.024658,419.126541,40.733688,87.447708
832.354883,417.126728,41.084042,90.445869
834.073807,417.200340,40.654129,89.952972
837.977337,418.702934,41.311272,88.784424
842.905535,417.725613,40.086010,90.799126
845.669527,420.428822,41.265606,89.388100
849.042797,418.738415,40.851219,92.823723
849.487694,419.392964,41.139954,91.974098
852.450529,420.659176,40.441853,91.726921
854.250389,418.255161,41.362457,94.153328
857.663774,417.332989,39.854748,96.458794
857.386913,417.213349,40.830254,96.304855
856.719454,418.368958,41.014111,95.618210
857.966087,417.673729,42.766235,96.303680
857.062605,416.703266,44.080372,97.384590
857.305876,417.925854,45.246815,96.620140
857.723146,416.995594,46.582256,97.065132
856.490156,418.332993,45.555897,96.167984
855.906965,417.374008,47.957081,96.486069
855.377790,419.086868,48.302479,95.304031
853.229740,418.603024,49.678444,95.295128
850.831390,418.303970,51.975632,96.007919
851.736883,419.182400,51.039524,95.887352
847.700430,419.406849,53.402439,95.204048
845.998373,419.999004,52.419926,94.127007
843.567743,419.951916,52.510677,94.319298
839.900599,418.390343,51.355892,95.978271
839.562090,418.467392,51.163464,95.871750
835.133492,420.573261,51.864929,92.518654
831.357368,421.533672,51.070251,92.085167
825.857590,420.407246,51.968216,92.832497
820.634382,421.292805,52.223438,90.890388
821.201086,417.361855,52.064426,95.205566
815.044653,420.492828,52.537144,91.720535
811.103481,419.060139,51.702538,93.097511
805.518732,418.971520,52.489101,92.666748
799.678576,421.008919,52.755901,90.209534
799.795359,417.785809,51.798458,93.648643
793.108639,421.150868,53.822166,89.537270
787.732302,420.335777,52.982616,89.938416
781.467083,418.991802,53.460106,91.217949
775.571115,418.707062,53.163784,90.482895
775.087059,416.903534,53.085785,93.819260
769.807642,418.523163,53.241268,91.794174
757.184364,419.225071,52.970856,91.293221
749.756750,419.820976,53.501591,89.192993
744.334040,420.129234,51.298550,89.281555
745.565010,416.269875,50.909210,93.685577
738.467411,419.817673,50.096931,89.403763
732.578253,418.115353,48.527195,90.875969
726.915791,417.924881,46.653114,91.118729
720.920670,418.085724,45.525467,90.897568
721.125721,416.139977,44.188789,92.297577
715.409643,415.186001,43.747959,94.720268
710.407728,414.734432,42.868122,94.826164
705.741070,414.280567,41.981499,95.692513
700.882034,414.307079,41.341751,95.898033
700.856901,416.155056,41.421040,94.550652
695.737904,417.914459,41.090858,92.831741
691.274933,418.536102,41.271347,92.537094
687.367367,417.915264,41.723106,93.391045
682.638205,418.151795,39.647160,93.441696
683.131834,418.759323,39.239826,93.115433
678.526327,416.493702,40.063328,95.457497
674.074387,416.692246,40.124863,96.605118
670.267973,417.979366,40.925953,95.791496
665.319031,415.888023,40.872635,97.547211
666.019732,416.681904,41.376080,96.457771
660.984436,415.149727,40.897018,99.833588
658.653799,413.241642,40.859776,101.911476
653.893360,411.904736,40.884773,103.649681
651.309341,414.095368,39.525558,101.890640
651.582476,416.361164,39.983959,99.428810
645.981379,414.801186,40.394070,102.235748
643.682762,415.103588,39.010651,101.884789
637.503101,415.026112,40.322365,102.320717
632.593544,414.115482,40.685974,103.603615
633.975786,416.145355,40.722759,101.232101
627.576385,416.932766,42.414871,100.612389
623.756573,414.369652,41.851585,104.300812
617.342598,415.953526,43.403168,103.218117
612.320957,418.070778,42.404396,101.324554
612.589424,419.020542,42.277954,100.058296
605.828451,419.189064,43.324436,101.488068
600.704266,417.727947,42.915459,103.372490
587.163465,417.464165,43.975758,105.911743
579.546440,419.754810,45.083618,105.066750
579.932152,419.146809,43.621521,104.942513
573.517420,418.668427,43.558712,106.692581
566.457644,420.403927,44.412212,105.606865
560.773703,424.465408,42.687717,102.109726
553.901949,422.263195,43.254162,105.057976
555.184248,423.240345,43.936573,103.583900
547.393452,422.498829,47.336220,105.063423
540.330338,421.870632,49.097031,105.470879
534.045540,419.124954,50.055389,108.762955
528.516888,420.011837,51.667442,109.078117
529.098423,417.898052,52.195503,110.589165
525.130751,420.334057,48.805012,109.896873
519.528078,418.552647,50.033367,111.889076
516.101358,415.862991,51.066708,115.846939
509.837452,421.512535,49.276649,111.703400
512.041245,421.982071,50.719467,109.656082
504.349255,425.029644,51.166008,106.664513
500.784159,426.765705,51.879665,105.723976
497.752363,424.879612,51.710407,110.227333
492.869469,424.909145,53.667023,109.054985
494.600910,428.579968,53.045357,106.173790
491.026634,428.317898,54.834625,109.554466
491.830217,428.884899,51.787121,111.571587
490.319662,430.985306,51.933598,111.070847
489.697109,429.621819,51.821251,113.345703
489.325813,430.385620,51.661957,112.862167
490.053930,435.676285,52.211308,110.178452
490.727360,436.774075,51.002419,111.569695
491.143459,434.288979,51.933281,117.100616
491.497244,435.390640,52.960148,117.885391
490.844246,436.705334,53.442963,117.003502
491.361980,437.604492,55.625481,117.808731
492.388842,441.634766,57.265026,116.568954
493.466043,444.936520,59.435787,116.456871
495.841625,447.361565,59.981438,115.376312
495.604643,445.690975,60.694569,117.691521
498.674170,446.912903,62.137791,117.492294
499.372391,447.081410,63.830887,116.471901
502.185223,448.373505,66.467613,117.085007
511.507427,449.658474,72.661583,121.406273
510.975964,447.919582,72.071770,123.740166
516.216091,450.938969,67.592094,123.764809
522.545929,455.092659,68.455673,123.116638
528.890869,458.222233,65.924454,121.582924
536.357548,454.427849,68.633675,127.229797
535.027000,459.599945,69.397003,121.861618
541.238762,457.483872,68.718292,126.029190
548.086308,459.400540,68.124580,125.437462
555.043713,461.683056,67.452660,124.855309
555.688175,461.098808,68.324959,125.064514
562.674587,460.418175,67.669365,129.977081
570.651913,464.330094,67.143059,129.536728
578.314922,470.097351,66.907951,127.483963
585.696980,470.444237,66.024300,131.234802
585.221249,472.321655,65.510155,128.350113
594.161327,473.398842,66.429893,131.644379
602.146511,472.797951,64.878685,134.639313
609.536793,474.746178,62.669228,137.559570
616.541838,477.297775,63.777821,137.981766
616.710283,473.317391,60.617687,141.970032
623.438095,480.874947,61.627304,134.785675
631.846308,478.076378,61.756252,138.185547
639.800875,476.782463,55.361889,142.656921
647.611488,479.455536,58.819305,140.461594
647.217442,477.354988,64.818916,144.677979
655.500107,477.759560,63.904526,145.619293
662.854027,479.822189,62.345337,145.449509
670.966455,483.758087,61.687252,144.427536
678.488111,487.567627,61.200642,145.226547
680.197092,486.362511,59.597652,145.737091
687.176884,489.111725,60.888405,145.297836
694.907591,490.969147,61.194904,145.309097
699.386919,491.642082,61.950390,146.548035
702.510643,492.878700,65.453766,148.149353
701.449173,488.837608,65.195877,152.698975
709.901031,491.821114,64.407639,150.617188
711.821285,485.644409,69.733513,157.703720
714.364441,486.616501,71.913925,160.357254
716.048271,487.067001,74.907715,160.871902
717.618252,486.570778,73.391838,160.613922
720.449745,487.666390,73.639435,163.136261
723.027485,486.496803,73.714546,164.333221
725.675587,487.654701,76.259102,167.388702
727.797810,485.612648,76.096626,170.709076
728.608307,484.325554,74.397202,173.224854
727.097790,485.819725,75.688499,171.601685
726.769890,485.790138,78.792725,171.219940
725.808563,485.400520,81.117233,174.878143
725.734699,485.728302,84.485176,175.995224
726.487320,486.741890,78.018326,175.024323
721.628693,481.850220,87.906845,178.875778
724.465202,487.648552,75.522827,172.074890
718.502220,483.419785,85.455872,179.018082
719.527611,487.849114,75.072754,174.852112
715.681137,482.550263,86.718216,179.421494
718.688210,487.866135,73.729034,175.143082
717.044914,486.193939,70.829102,172.073715
712.685314,483.846962,78.500877,175.980804
709.271103,482.488495,73.030350,175.992050
708.619553,482.006203,76.946548,176.143890
705.405598,483.002609,74.748848,176.212173
700.427692,484.229477,76.060066,174.280777
697.454132,485.003609,74.565292,174.602264
692.922741,486.698395,73.450157,172.322617
692.877834,483.599426,72.190788,175.441696
690.215603,488.152062,68.727470,171.137939
684.333149,490.989670,71.638680,169.286880
681.392292,491.839462,71.190498,165.566788
677.978844,491.507317,74.109497,165.601746
677.262177,490.983399,74.392197,166.295151
672.954079,486.246697,75.323578,171.010498
668.120392,485.487396,72.571701,169.087204
665.633446,486.951172,68.744385,170.854538
661.898670,488.178246,69.449593,169.890625
661.392117,484.431137,68.159966,173.745560
659.510944,486.014458,73.327278,170.180298
656.447643,481.927292,72.863121,174.987381
655.966988,486.553085,74.849640,171.266129
654.439674,483.616058,72.102570,174.578293
654.243073,485.387573,76.425034,172.441269
654.428772,487.796425,72.865891,167.869720
649.160889,483.411270,74.662888,172.766312
649.092628,481.008865,70.361481,174.112137
644.044762,480.914459,71.039734,169.643539
644.734753,480.303520,66.064476,171.515015
642.843178,480.731278,65.291473,170.068863
640.111938,479.029259,64.532516,171.820679
636.400578,478.933487,67.844643,173.283707
632.775997,478.052307,70.380058,173.698959
633.771194,478.280548,69.772598,173.330246
629.534775,476.184082,70.586441,175.021103
627.400288,478.364945,68.090096,173.250198
625.153893,478.811951,69.239136,172.827927
622.026794,476.980522,66.298996,173.573547
621.801796,478.436417,70.308502,173.220047
616.269386,476.978546,66.522247,174.507309
611.716965,474.697754,69.546463,175.584213
607.938526,477.059364,66.242805,173.582245
602.483517,474.949257,65.654533,174.082977
603.801750,473.540604,66.999207,176.394669
598.503677,478.614494,65.447647,170.602600
592.582912,477.831711,65.752373,168.048111
586.498711,472.036286,67.439880,171.982162
582.268578,471.025375,66.270447,176.012222
582.958427,465.716377,70.425476,180.183563
575.850979,468.329582,68.803642,178.390503
570.623035,467.250290,67.644661,175.269730
562.855774,467.765923,70.194382,176.365540
557.410748,468.706505,71.436668,175.671204
556.643139,466.666550,71.056786,176.521072
549.985802,468.710945,71.246277,172.576874
542.803467,469.252785,70.325058,167.914581
536.177891,464.990776,70.309303,171.773010
527.738819,465.429894,72.035103,170.600647
529.626423,459.926338,74.401619,176.465302
522.023724,465.505486,70.748680,170.108459
512.460430,466.392723,74.219627,168.760010
505.260468,457.900513,78.942245,177.904648
500.365341,456.268417,75.115189,181.594864
499.959694,453.404633,76.567963,183.170944
491.784622,455.126251,73.279739,183.508774
482.443344,453.737496,79.025528,184.489594
473.193665,456.688744,78.872360,180.581848
467.018890,452.478294,83.103806,184.163696
470.326900,455.069092,82.729546,180.700546
458.869488,457.883263,80.650658,176.108398
448.539040,457.939247,81.767853,176.372589
444.183289,457.308251,79.874069,175.657043
438.677639,456.115952,80.671135,176.326065
437.929993,456.948174,80.496628,175.252869
436.791836,455.857147,78.195854,172.677902
431.959274,454.715698,79.654068,175.395248
429.183075,454.694901,79.222336,174.767166
425.392612,451.597778,80.491798,175.287827
425.535656,454.766876,78.654381,173.239914
421.839008,454.551628,81.142220,169.608154
417.662357,450.421654,83.370033,173.162842
413.838779,452.282433,83.393044,169.148071
409.861477,449.706551,85.558281,167.738129
410.330994,449.601318,87.632370,170.104904
407.048889,449.251053,89.334824,169.230789
404.325829,451.984352,92.690430,168.965851
401.926674,455.043198,94.933990,165.577957
400.488453,453.851372,100.966988,167.666138
400.347458,456.347916,99.367081,164.876114
398.817665,453.328728,101.489716,167.016235
399.318722,456.742333,102.200615,163.975098
398.741684,455.775101,105.115860,164.145401
398.951878,456.611298,107.988869,163.500534
399.123222,455.204979,107.279724,164.093079
400.295193,452.688744,110.490410,167.303406
402.209000,453.883911,113.198196,167.275681
407.585278,455.103439,114.177147,165.159561
413.729874,455.793778,114.613235,165.881668
413.230145,454.876114,115.161156,165.794937
421.176937,454.760864,114.388603,168.437607
429.629360,454.620743,112.881645,168.808487
438.727829,454.733788,111.969254,168.715332
449.423183,454.876740,109.119072,169.474594
449.389961,450.684715,109.243988,172.467773
461.422268,452.942467,104.103569,171.325256
472.376251,453.480957,100.904465,169.247116
482.097073,453.900192,97.101433,168.732376
492.710609,452.212029,92.598785,169.230591
493.184311,449.898140,93.520828,171.284515
501.686928,452.145249,91.002289,171.715836
509.429756,450.906258,89.421356,173.019928
524.206219,452.293556,86.255333,171.767181
531.325218,452.582947,85.818176,174.570297
529.944809,453.898422,87.858475,170.917679
537.332611,455.111099,86.373032,173.603348
541.044075,454.820862,89.470490,174.663498
547.070904,455.764542,90.248497,174.220169
553.353821,456.675690,91.812851,172.905380
551.665241,455.194580,95.302742,173.748154
560.075546,454.063606,94.689407,176.146637
566.652939,455.763138,96.270096,175.851089
574.793278,456.517662,96.914833,174.417908
583.514229,458.025360,95.956390,173.777634
582.725922,456.080040,98.191635,174.236755
591.080772,459.136597,97.307190,173.586716
599.131107,458.020462,97.199196,176.549515
607.372063,452.416588,96.703979,181.171021
616.029881,457.680542,94.726112,177.687668
616.041840,455.930443,96.889938,178.007690
624.938068,457.280640,93.237373,179.465439
634.138527,457.046806,89.506439,176.880554
642.399441,458.583542,88.385246,179.389420
650.437954,462.369858,85.942436,174.911942
649.900410,461.482163,87.879097,174.712723
658.937962,460.219299,84.168495,177.391037
665.882019,460.279328,82.808884,175.064255
672.634079,463.178543,83.296585,176.357620
678.338387,459.663994,84.836945,179.103149
677.930168,458.476586,82.621643,180.830872
683.368706,460.550057,85.091858,177.619659
688.332973,464.257134,88.437370,171.011353
690.881844,467.223793,92.712128,170.610870
694.632645,469.380699,96.062759,168.966003
693.883625,467.977509,97.118782,169.714828
701.136711,469.076553,97.161255,169.746414
705.395245,470.260864,101.743797,168.558029
710.834904,470.128739,106.780556,169.666946
718.329880,469.697479,109.275894,170.603195
718.847363,469.549889,109.085411,171.654541
725.903870,467.928681,112.668259,171.053085
734.094418,468.123459,112.060539,171.954727
743.048126,471.975388,117.119553,167.195328
765.029209,481.300453,118.507240,158.250885
763.965309,484.436409,119.889130,156.004547
774.399147,483.379402,119.050751,160.418304
786.477798,480.430267,119.035294,164.999741
798.390121,481.917122,115.082901,165.338409
809.736423,483.304291,112.275856,165.783310
808.500305,486.767891,112.541611,161.609406
822.369514,489.309364,105.627533,161.641083
833.498627,489.309258,94.800583,167.275696
843.617844,488.651184,88.017776,166.898788
853.892429,490.972031,84.693031,165.623489
853.858788,488.804352,84.442810,169.226913
863.111019,495.817612,82.266289,162.667191
872.845528,493.857521,79.477753,165.515594
881.513599,495.156563,75.110542,159.457794
887.320606,492.404640,74.257393,162.686432
888.764122,493.720924,73.059448,161.784576
894.422409,492.228394,74.527298,163.640793
900.859074,489.875450,69.717201,164.956726
903.974396,486.284065,69.720200,169.833466
905.671677,484.582008,69.005997,169.683990
903.854496,487.757202,70.841469,167.833786
907.648407,483.699120,69.880539,168.279236
909.926830,489.208832,67.935570,162.550705
910.209721,483.156975,72.244545,167.769958
912.661198,483.847511,70.961159,164.143280
912.518627,481.763817,72.136864,166.643494
914.169468,480.942345,72.688026,165.062256
915.831638,483.838020,69.180031,158.836212
924.913654,481.474060,65.538765,158.855087
920.802551,477.053589,69.858139,161.713547
921.231934,477.428581,70.590073,161.737305
922.962574,472.739182,73.056160,164.854141
924.567345,468.519791,72.695190,165.722610
925.799820,469.567986,72.026077,161.640808
924.796120,469.557785,72.320526,159.088333
926.238598,468.826500,72.556053,160.264343
924.478920,467.763977,70.416351,157.822678
925.826630,464.901215,71.032455,156.969894
924.342319,463.317764,69.680702,157.390884
922.888493,464.667587,68.946999,150.178787
923.188244,464.515007,67.845940,150.282318
921.729691,466.991562,66.931931,144.087540
914.551815,467.168884,70.008232,139.101334
909.897442,464.643616,70.352074,139.641830
905.983608,462.925377,69.873924,140.124146
904.161549,465.649956,72.577522,137.868530
897.841339,460.383949,72.805283,139.836212
889.928844,458.977104,73.217522,136.986633
880.633476,459.533493,75.255920,132.278091
879.984715,460.015129,75.156532,131.312561
870.413628,461.710587,76.387268,127.412460
858.683350,461.426148,77.600479,125.633713
843.777985,460.257961,76.450760,122.418388
823.890610,456.932419,76.445358,120.432419
824.059093,458.948105,77.188835,118.290024
804.914143,456.805790,75.950508,118.049538
786.970222,454.942822,77.659698,117.122734
769.810493,456.171372,77.473816,110.595230
750.171486,452.710621,75.970245,108.676765
749.114494,453.140885,76.195953,106.797470
729.280483,449.801762,74.966850,107.660011
707.825890,448.323452,74.430847,104.954247
688.374165,445.351620,71.120827,103.963249
667.372211,445.897781,70.621681,102.971451
667.816467,446.559448,69.573715,102.099106
646.485683,444.360535,69.101707,102.572830
625.242382,443.181992,66.852623,101.053146
603.313330,440.604511,63.822422,101.452034
579.725208,440.466416,59.990578,99.381790
580.272787,435.798237,59.798710,105.124763
557.497095,439.544426,55.825527,99.810608
537.695202,438.868599,52.415916,99.791321
516.670305,439.735829,50.884441,98.288795
496.806799,439.447376,51.549534,98.180153
496.025414,440.336064,48.081268,97.121925
479.859573,438.617439,49.825729,99.390381
463.383482,437.672855,48.925953,101.219826
447.403036,434.536556,48.725803,105.702599
432.100920,432.912956,47.319294,106.958862
431.599501,430.388382,47.537586,109.706924
417.401337,434.163906,46.206436,105.205223
402.701067,436.437832,47.515697,103.971153
390.927893,437.031387,46.356724,102.331192
364.958937,436.766495,47.155994,100.315323
363.397738,435.233460,48.482708,101.436905
354.779280,433.954006,48.391346,102.692650
343.109770,433.508953,49.861225,100.978935
332.262211,432.871037,50.561287,100.319527
323.070810,431.505356,54.712826,99.753220
321.366144,431.164635,56.873714,101.344666
314.836094,431.630020,57.279915,98.054947
306.407497,431.183926,57.728020,97.096031
299.338591,430.708115,60.641529,96.684708
290.100300,426.870102,62.588570,94.103470
289.675320,427.023506,62.314995,94.353943
282.939400,422.665390,63.542816,92.006180
278.280081,421.397846,63.666752,90.360146
273.052227,413.462067,60.927757,91.969040
268.917137,411.790951,59.769836,89.596703
267.921812,410.743584,59.400318,90.116119
264.488823,409.264698,59.195251,90.210945
262.185032,406.654835,61.191078,91.908363
259.658197,405.730492,61.320004,91.656830
256.919313,403.425793,61.610546,93.266594
256.195539,401.159802,61.915302,95.915581
255.563894,405.202808,63.130253,89.795753
254.789356,404.727680,61.952156,87.818916
254.145401,400.432896,62.421799,91.114876
253.657085,401.823681,63.686668,87.508018
252.875340,401.307251,64.013100,87.452499
254.042738,399.331947,63.907642,86.740112
254.473545,396.831074,64.581673,87.957863
255.754448,395.457623,66.125580,87.399254
257.690109,392.480507,67.920517,88.172729
257.992111,393.705196,66.801437,86.819878
261.776951,390.625679,68.397987,86.905151
265.972038,390.442326,68.624359,85.687752
271.802425,389.746178,69.420891,84.900238
276.387096,389.629952,68.892479,82.982178
276.983761,388.708740,69.435600,83.808456
283.302349,388.375488,68.117149,82.518112
289.949364,387.095902,67.761597,82.758560
297.247982,384.557644,66.772484,83.892357
303.515900,383.897602,66.165726,83.406807
302.506882,382.315292,65.983658,84.194138
309.738964,381.910275,65.799278,84.046654
322.883490,381.661705,62.767582,83.369568
330.153236,381.627098,61.274780,82.874084
336.908009,380.148506,59.692543,82.718140
336.203529,379.771885,59.577667,82.740578
342.900198,379.168137,58.436436,83.313675
348.382795,376.216549,57.451649,85.351891
354.239714,379.140225,56.785969,81.284172
359.949347,377.395752,54.308414,81.495316
360.499210,377.768414,53.194283,80.006462
366.717144,375.529251,54.463280,82.408188
372.451660,373.694721,55.041183,83.374733
378.186699,373.564697,53.965118,82.716629
382.580896,372.867733,54.898769,83.168877
382.977718,374.198086,54.138420,80.696617
387.996902,374.327351,54.857925,79.969246
394.690294,374.292816,53.612164,79.767502
399.361593,374.848389,53.547489,77.823837
405.175718,374.790039,52.607838,77.811752
406.249504,372.878239,51.893127,79.167946
411.047520,372.704224,52.295387,78.693344
417.464954,371.544926,50.993080,79.303932
424.026094,371.905235,49.459606,78.735931
430.126738,372.443707,48.887287,77.775352
429.647566,372.058964,49.382740,78.195992
435.346811,372.765549,48.227322,77.077866
441.161489,372.468586,46.811008,77.293617
446.738623,372.788433,46.504063,76.325615
452.070295,373.122810,45.253559,76.107666
451.669958,373.149471,46.136875,76.138817
457.437096,372.847550,44.688171,75.517624
462.804779,372.740463,44.090988,75.656113
467.547274,371.935787,43.677593,76.382408
472.271639,371.680260,42.219341,75.758911
472.444511,371.686173,43.403778,75.829880
476.947311,370.990910,41.653458,76.234200
480.985090,371.291077,42.205585,76.085953
485.881401,371.084923,41.594360,76.027924
490.380566,371.174759,40.820549,75.534164
490.802063,368.576393,40.617447,78.330811
495.268063,369.361714,40.071068,77.340981
501.020092,368.534645,38.549248,76.194122
510.378069,366.226982,37.570232,78.960846
515.002960,366.643295,36.196396,77.755569
515.992027,364.633995,36.651093,79.550201
520.158691,366.994915,36.037888,78.074699
524.279982,366.593109,34.793598,78.026077
527.962656,366.997776,34.417995,77.702858
531.538521,367.997536,34.067841,76.859650
531.040848,365.813542,35.058350,79.305443
535.598478,368.520107,34.680210,75.730232
540.456816,369.089150,33.650639,74.192825
543.822466,369.879471,35.228756,72.913040
547.586716,369.173317,35.676636,73.425018
546.823282,369.304878,35.368053,73.389008
549.837244,368.352638,36.552044,74.099747
550.864290,367.407158,38.193752,74.651901
554.642441,366.498039,38.900726,75.598648
555.062601,363.930721,42.365948,78.304054
554.249384,361.739349,43.254040,80.743744
557.599257,361.611477,42.637333,80.415016
561.269800,361.855885,43.286266,80.010796
564.391941,362.960930,43.726280,77.896561
566.303631,362.844483,46.182686,76.742523
566.870817,362.913979,42.308079,77.701797
568.382750,365.097538,45.374119,74.476768
570.814627,364.666676,44.667957,74.852196
573.717911,362.310688,47.489471,77.585289
575.918732,364.089752,48.110809,74.576935
575.674299,362.090656,47.803776,77.236015
577.621021,363.559605,48.736443,74.639153
581.358749,364.174473,49.994232,74.497459
584.426153,369.454968,47.100056,69.000648
587.631903,367.552891,47.554188,70.076805
587.702789,365.985008,46.656769,71.578415
591.457783,367.586357,47.493828,70.450058
595.764490,367.238884,63.843151,71.605118
599.472158,354.801212,49.728535,122.311180
611.951492,363.025234,58.859070,67.972359
617.607424,360.877052,47.234402,70.449814
622.205156,368.266277,42.253109,61.393990
618.200491,376.593763,46.765965,61.281193
624.336151,377.717302,41.397293,59.896877
630.121956,373.025589,72.698517,67.371475
632.563229,367.657036,66.971397,69.712708
652.358932,358.345619,61.311295,74.033569
659.080288,365.932800,37.314079,71.461746
659.752552,363.792221,35.186684,76.566055
650.811890,366.663147,67.225327,102.952255
632.246933,367.926315,87.631241,97.534439
565.395576,329.661392,208.745483,228.868851
849.433647,410.224770,135.917755,306.620148
848.378105,414.311653,150.079132,304.840179
848.493477,403.951286,157.207153,313.283936
849.741211,399.480583,164.152847,315.737183
846.798233,396.818535,183.008163,318.741333
848.588654,408.567116,172.724442,310.873077
849.674194,405.185677,184.675674,307.778290
694.601414,362.021641,71.895515,91.214577
722.038570,372.761276,40.058952,71.475418
728.103098,374.335358,38.009335,70.162033
731.407219,372.829182,37.636841,71.283546
735.477983,374.471390,37.428448,70.319778
739.336613,374.544510,37.826332,70.209457
738.213327,374.902298,39.156673,69.123795
744.445080,375.515522,37.653954,69.439095
744.370974,375.213066,38.085552,69.859680
746.023369,372.599678,38.937317,72.862411
746.447351,372.416771,39.611752,72.809006
746.078987,371.472008,38.726929,74.643936
747.132133,372.783482,40.540527,72.972496
748.320715,372.585491,38.963535,72.965279
749.966158,371.762756,37.355816,72.405609
747.422424,370.494057,37.963638,74.798965
748.201193,370.226528,37.725254,75.495918
747.093788,365.147595,38.299011,80.181313
747.389629,364.131004,37.420586,79.916641
746.985867,364.332249,37.159172,78.247307
746.129902,365.033463,36.710182,76.886261
747.737146,363.973545,36.601467,78.245628
745.730410,363.721615,36.624279,76.986671
745.939705,358.814373,37.227386,82.168312
745.383434,361.059395,35.448387,79.050827
744.019783,360.106400,36.849487,79.955688
745.169561,360.356869,36.445988,79.540474
743.995770,363.582462,36.138084,76.697533
742.963379,362.390282,37.258194,77.731644
741.840364,363.341919,36.834667,76.812103
742.057653,361.392491,37.600285,77.870140
742.327917,362.125832,37.256901,77.101486
740.230436,362.887806,37.579304,76.308525
739.131159,366.518238,36.142117,72.136711
739.388748,366.279190,34.887039,72.123642
739.007387,365.866669,35.390911,72.029175
738.668522,366.689198,35.517387,71.556679
737.866119,365.568703,34.049438,72.311386
737.423357,364.187687,33.614544,73.438652
735.858706,363.056343,34.648891,74.718750
734.661852,363.005303,34.887783,73.602646
734.609108,363.693977,35.031540,72.855209
733.715891,363.191116,34.548321,72.479309
733.319498,362.639233,36.299343,73.157707
733.049040,362.758000,35.261311,72.726753
732.036558,361.853142,34.910786,73.714447
732.013128,361.795860,35.558552,73.223984
730.611683,361.700981,35.769936,73.612564
729.998701,360.829811,35.785725,74.253754
729.510519,359.866722,35.518040,74.499756
727.933836,359.995743,36.552250,74.944229
727.511494,360.417927,36.907799,74.707008
727.374014,362.437676,35.231678,71.329834
727.291647,363.041527,32.813023,69.785843
726.089825,362.180672,32.040535,71.414459
725.342670,362.215527,31.829277,71.793053
725.134987,362.129864,32.291412,71.808434
724.371687,360.448246,32.526630,73.188118
723.619083,359.865231,32.909706,74.057716
723.046604,359.538303,33.122856,73.959099
722.956591,359.493263,32.133678,72.798264
722.911341,359.595085,32.705486,73.104279
722.207810,360.345863,31.363340,71.757217
721.611360,360.242161,31.963896,72.451683
721.398735,360.353813,31.688034,72.129440
721.342144,361.500630,30.998512,71.392357
721.238514,362.287483,30.719078,70.544022
720.816791,361.701176,31.204279,71.237160
721.132597,360.685146,31.463551,72.248604
719.172172,359.492279,31.574968,73.026001
717.961336,357.473778,33.113903,74.156448
717.044006,358.564243,32.218704,73.114296
719.516803,357.361557,30.416178,75.345337
722.409917,359.964039,28.012793,72.793953
709.571575,350.061268,40.995857,74.633934
710.278917,347.440979,47.064236,60.169525
708.563461,345.315168,49.052338,62.537205
714.900482,349.061978,42.438416,47.999855
722.163545,346.316752,28.743238,49.069775
726.848759,333.745243,29.117332,59.768105
725.446514,332.142687,31.115379,61.294384
740.336493,343.222532,25.252522,53.006138
748.378300,345.848448,26.538826,52.429249
740.509945,340.193051,86.976006,74.314644
756.948330,359.805126,69.081322,61.915718
774.951656,348.864826,46.234612,56.443504
786.754009,352.061640,43.986778,53.283398
781.311190,346.882362,57.931301,69.877228
736.030060,335.703438,193.466125,147.351013
486.486242,370.376251,61.951069,64.111343
489.426596,362.599678,52.768848,74.659851
490.743334,363.049240,53.864010,73.033554
491.087095,361.105991,54.687748,74.623299
496.054710,361.975643,50.675278,75.306480
497.707262,359.118549,51.457272,76.786873
497.047554,353.434738,52.404099,83.060074
501.315191,358.796723,50.348988,77.677841
501.182835,359.106896,48.959618,77.356018
502.767767,360.667050,47.616779,75.405754
503.841160,358.856163,47.802696,77.141174
503.175219,359.405876,49.456692,76.442200
505.705301,355.665505,47.401623,79.073883
506.863173,354.990818,46.521885,79.607185
507.817917,360.502697,45.396210,75.384361
505.639782,358.801243,49.179634,74.383614
506.075014,357.156201,48.604336,77.442039
505.532616,355.131603,49.399338,78.930565
504.269503,354.975220,50.495815,77.550461
504.585066,356.333908,50.027744,75.084732
507.612833,358.117855,45.308819,72.657372
506.070946,355.679321,47.058334,74.316391
503.699759,354.769428,48.314381,74.241524
502.645458,358.019554,46.163551,68.925262
504.069532,356.534451,44.450779,70.048393
500.084314,354.740898,47.300823,70.279633
500.248388,354.015450,46.065235,72.524384
498.494675,355.376396,46.800049,70.003967
498.627356,352.084984,45.446949,71.846802
497.667980,355.416695,43.971565,68.154266
498.120867,353.745239,41.662350,68.957321
497.210068,352.585808,43.195984,69.752960
494.581774,353.427895,43.624722,68.003876
491.896160,351.782375,43.866371,68.736778
489.634623,352.987850,45.741863,66.776421
488.232479,350.640865,44.535835,68.030022
486.935871,350.970589,45.538780,67.535553
484.074482,349.437336,46.835136,67.860909
481.419592,350.394390,47.577747,67.447594
480.589376,348.558621,46.794270,68.210289
478.944660,349.680554,46.723503,66.477684
479.691170,350.168087,44.388046,66.284416
475.431326,347.937344,47.787342,67.381706
474.523577,348.358662,45.477200,65.994118
471.295494,348.754299,47.157394,65.501793
470.212717,348.423645,45.139446,64.722824
472.457804,350.038674,41.723675,64.443848
471.003794,349.121618,42.641888,63.797337
466.822422,349.510767,43.632118,62.624172
464.604776,352.023974,43.242550,59.391186
464.358194,346.455925,40.492733,64.237976
463.804483,345.097412,41.533306,65.059784
459.676027,346.117411,42.296322,63.726757
455.725760,345.422695,44.961811,63.714455
454.930332,345.283331,43.116600,63.426868
452.316185,346.472216,43.922592,61.758114
452.032694,343.676972,42.795177,64.107361
449.926668,344.647049,43.419491,62.263763
446.502144,347.271130,42.919418,58.852516
442.787924,344.546953,44.911243,60.717724
441.548489,345.115288,43.617470,60.717712
441.187111,345.511225,43.291946,60.795681
439.585873,344.888220,41.850578,60.505131
435.059502,344.649838,41.588226,58.990501
427.111818,344.256981,44.936428,57.769073
423.815866,342.439886,44.290462,58.143497
424.615866,342.997683,43.060474,57.595089
420.598011,343.878515,43.264977,56.314091
416.012573,340.332352,46.120926,57.240433
412.916359,339.191725,44.918869,59.763660
411.487022,340.635542,45.763138,57.941120
410.945465,340.561976,45.145630,57.669369
404.809015,338.682778,48.002941,58.788666
405.006422,339.652430,44.376347,56.986477
399.677452,339.049931,45.800156,56.305763
395.475451,339.966061,46.023403,54.149422
398.057680,339.920502,46.395672,54.778717
391.545153,336.138229,46.366344,57.208511
389.784189,338.122374,43.993572,53.413837
385.417545,339.516791,45.717140,52.802418
380.333918,337.113941,45.423916,54.522545
381.695282,339.231049,43.851624,52.584198
375.421856,336.857685,45.116417,53.740425
371.007524,337.424807,46.163540,51.986874
365.119740,333.847164,46.371895,53.644951
363.188059,336.627836,44.433422,49.549473
364.492397,332.849297,43.310707,53.134674
358.840614,333.624189,44.857681,52.471729
353.724636,332.629997,45.548759,52.381836
348.744257,332.439123,45.763180,51.517094
346.717052,334.176918,43.255867,48.538132
348.135912,332.707361,41.787518,51.369518
341.471373,329.267212,43.818287,52.675903
337.791681,328.219664,44.111263,51.803684
331.982750,325.822838,44.033081,52.235336
328.214285,324.980198,43.509937,51.601616
329.200081,325.965330,44.013779,51.634388
321.508398,324.425718,45.037876,51.957661
317.947378,322.973143,43.638783,51.711643
313.567047,320.407791,43.063858,52.340088
306.941584,319.366966,44.439663,51.598755
307.902216,319.703558,44.056210,52.274265
304.211967,321.109039,42.634064,48.391525
298.459042,318.908123,42.111992,50.343987
294.981379,319.165690,41.359463,48.493359
283.657471,317.074850,42.244217,48.912525
285.104185,314.782261,40.916447,50.835213
279.015495,316.877319,43.232407,47.974228
275.659311,316.301672,40.596615,47.970371
274.638655,313.498266,37.647480,48.909000
268.914858,314.436829,38.893948,47.925674
270.038059,314.346842,37.642387,47.920238
267.040276,312.959507,37.406509,47.844704
261.222778,309.773701,39.005203,49.229637
260.990902,310.573401,36.613335,48.885944
257.759136,310.438860,37.786110,47.528637
258.741888,311.654579,36.199329,46.729843
257.299728,311.251190,35.091599,45.768829
254.243542,308.259762,36.484840,47.044258
253.931850,307.300247,34.931145,47.271133
251.262228,310.878340,35.579884,44.306477
250.169601,309.339600,35.485184,44.839233
250.113071,308.612307,33.837822,45.167980
245.965170,306.528660,36.290089,46.927284
243.213013,308.048048,35.446716,45.375355
242.049162,306.169821,34.940907,46.263233
240.401970,305.442915,35.832230,46.534229
239.915422,304.886431,34.391384,46.648434
238.044672,304.816982,33.959469,46.033638
235.917261,303.407480,35.235470,46.965099
234.222891,302.590754,34.531315,47.367321
234.057095,302.814106,35.136284,47.057045
231.849251,303.066807,35.364426,46.937950
230.540817,302.889803,33.367523,46.043240
229.207596,304.658575,33.315277,43.956715
226.657963,302.665562,33.509117,44.270149
226.885796,304.238468,33.536667,43.777931
225.408276,301.875347,33.261940,45.103996
224.954359,300.078589,33.880741,47.291813
222.993261,300.201702,34.780277,46.659752
222.155697,299.843533,33.338203,45.510216
222.212742,300.905369,33.400642,45.278008
221.272772,300.032284,32.680714,45.034126
217.570318,299.680901,33.857899,44.033768
217.767965,298.789202,33.518787,44.917782
217.368221,302.084717,32.086525,41.789948
217.018831,300.270990,32.451504,43.323391
216.944841,300.115591,31.881008,43.026203
216.027231,299.800552,32.053967,43.228378
215.104618,297.424898,32.637856,45.792065
215.613924,296.442051,33.664867,46.493797
216.473265,296.355024,32.651386,45.888493
215.885460,294.478775,34.473022,48.020142
215.731817,297.554211,33.566929,45.059242
215.855589,298.011831,33.266575,43.631641
216.676291,297.956303,32.384480,44.483696
217.048267,298.954805,31.463295,43.393414
218.521498,298.345371,31.236012,43.627953
218.606029,299.896256,29.970301,41.002686
218.527875,300.532297,30.774313,40.976177
219.632668,299.930857,31.145279,41.028072
220.729939,300.589264,29.207174,40.497849
221.387642,299.530356,31.339752,41.187397
223.683447,300.396969,30.560551,41.461357
225.453032,301.508328,31.268679,40.966576
227.494534,301.832228,32.030907,41.644566
228.720224,301.827129,30.954479,41.586479
231.444128,302.366121,30.718189,40.434826
233.242203,302.890156,30.742554,40.503365
235.137430,300.705208,30.188396,42.639603
236.598688,303.310927,29.612652,40.847858
236.699256,302.561661,29.626055,41.236282
236.936419,301.754919,30.330288,41.516666
237.005796,301.316130,30.869678,41.953938
238.136313,304.013472,30.464556,40.088566
237.821343,300.166752,31.404585,42.846016
237.799294,301.563601,31.375092,41.665585
238.517241,301.834595,31.803410,41.814713
238.979412,301.037579,33.379555,42.681267
240.040364,302.629040,30.931173,40.971794
239.992903,302.340916,32.620472,41.562202
240.112643,301.223921,31.755960,42.204655
242.442015,302.394360,31.756687,42.176430
244.048813,304.001604,30.147446,40.365719
246.312524,304.827749,29.460493,39.903843
247.784604,305.284699,29.428793,39.638687
247.486691,305.575497,29.423714,39.473701
248.266993,305.733864,29.761227,39.306839
249.483010,304.871821,29.709867,40.550930
252.762423,306.989472,28.372768,38.541412
252.898565,304.621561,30.819111,40.615368
252.823965,306.157669,29.308689,39.590988
255.430207,307.262556,28.452848,38.664799
255.160989,304.515684,30.120481,40.939045
257.108899,306.443022,29.592215,39.032673
258.752913,305.388828,30.018421,39.795036
258.193812,306.654223,28.414591,38.715343
260.654552,306.182728,29.633280,39.608742
263.513475,309.356218,29.198284,37.087749
264.877614,311.198139,29.349356,36.671989
268.649811,310.582068,28.492950,37.752277
268.407356,310.285811,29.428497,38.352116
271.461195,312.353146,27.939365,37.151939
273.959009,312.842644,29.500088,36.731628
277.302538,313.210264,28.810619,36.557102
280.668688,313.170290,28.568981,37.390591
279.773155,312.526720,30.001724,37.973248
283.585414,313.986456,28.634226,37.730396
286.431243,313.769598,29.579561,38.661991
289.314546,318.879402,25.643126,34.273315
290.204980,315.416403,27.867094,37.136280
289.766426,316.910627,28.462204,36.948521
293.499061,317.389946,26.560793,35.740219
294.768162,319.386276,27.078285,34.064148
296.790273,317.342011,27.530264,37.068954
299.158834,317.864372,27.138493,36.906906
298.941491,316.131539,28.783598,38.589706
302.286782,321.566364,26.356474,34.079918
305.870764,320.373959,25.532764,35.180916
308.621625,318.394529,28.127813,38.015598
311.662403,320.685253,26.169243,37.771080
311.167555,319.723662,26.969181,37.955006
313.663974,319.818545,27.258417,38.231426
316.320462,321.125948,26.399725,37.890499
318.010345,320.613173,27.554277,38.175770
320.352523,320.284907,27.854540,39.262112
320.261740,319.264111,27.826725,40.258659
322.332900,321.519407,26.507341,39.135120
323.613354,321.558922,26.501579,39.433334
326.114948,322.412295,26.170784,38.785610
328.589665,324.965952,24.222265,36.783840
328.049307,324.466465,24.900745,37.337822
330.809222,323.254595,27.795710,38.790539
333.120348,325.440041,26.473141,38.004883
334.486324,327.027332,26.063850,36.590446
337.266089,325.039522,26.363710,38.849194
337.116171,326.575617,26.587116,37.856869
340.152883,327.596844,26.303595,38.145027
342.524864,329.090967,27.560654,38.062878
346.237568,331.463993,25.988533,36.486839
345.016922,326.594437,28.586288,40.786301
346.232628,333.150101,26.858688,35.570770
350.645378,330.763237,28.239349,38.659241
352.644050,331.664900,27.354342,37.959385
355.561316,332.386850,26.588490,37.796764
354.401036,331.528650,29.018789,38.395458
358.009994,334.078344,27.227144,36.356754
358.067886,335.274201,29.474976,36.976852
360.671883,335.327742,27.396027,37.736637
362.603780,334.134680,26.081549,38.783161
362.177369,333.188952,27.696806,39.562725
365.109971,337.233673,25.680067,36.680664
368.300282,343.442148,24.450462,31.287395
369.979277,344.132465,24.744144,31.986931
370.589846,343.210987,26.920605,31.835991
370.643336,343.205801,26.388971,32.035618
373.935919,344.130242,27.077106,33.247360
378.136661,346.201614,25.114511,32.721146
380.594414,346.017758,24.649017,31.901098
384.514554,344.173992,26.351171,35.485191
383.863409,343.487154,27.588566,36.595318
386.966703,343.302637,26.658817,37.461987
388.879226,342.325876,26.777437,38.722775
390.845159,349.288614,24.435446,32.308270
391.530121,347.803393,26.328979,34.423748
392.584803,345.626078,26.364895,36.608120
395.344996,346.284432,25.088068,36.785477
395.675415,343.766329,27.818466,40.158474
396.999063,349.458874,26.657253,35.353813
401.043099,350.002407,23.963530,35.566628
400.289154,349.274532,23.938293,35.889503
403.207837,351.448639,23.907354,34.139740
404.717610,353.630190,23.109228,32.629452
410.954171,355.045838,24.703032,34.280670
414.120065,351.646580,24.777861,37.148720
412.548956,353.519276,26.263569,35.994652
415.907286,354.023626,25.696735,35.774952
420.173013,355.676256,26.455671,36.799725
423.879514,358.225132,25.675558,34.790794
427.046920,358.834252,24.114977,34.239609
427.160721,359.025177,24.150604,34.491989
429.188906,360.341221,21.875622,33.426811
431.125764,359.990364,23.200239,35.190918
435.397933,361.231543,20.525637,34.057072
437.518892,361.332840,20.526241,34.479782
437.097121,360.863339,21.199343,35.003654
438.941928,362.880783,20.853052,33.803558
440.507801,363.431624,19.955605,34.158146
443.173996,363.929461,19.885529,35.093044
445.580901,365.209377,18.755159,34.405952
445.661741,366.229900,18.674717,33.278358
447.291635,367.141869,20.418303,32.739410
448.469015,367.031498,20.184147,32.051231
450.100916,368.607922,20.947964,33.914070
452.163924,368.213081,21.253222,33.680756
451.549262,368.084625,21.375032,34.406097
454.505034,369.505228,23.335054,34.682323
454.744344,367.550461,22.827078,36.467590
456.602260,371.206152,24.202784,33.868702
456.522849,370.017758,24.047945,36.731575
457.713041,369.924311,24.946461,38.907940
457.505138,370.547386,21.297890,33.643295
455.690853,366.328026,19.251045,40.123138
456.471942,370.529915,18.418772,33.762466
457.184226,377.724056,31.428820,56.663963
456.067074,382.776941,30.243599,51.644573
451.144995,378.150608,29.899448,58.690880
444.298433,373.698006,33.955044,66.062393
434.883703,373.854668,36.036854,69.664322
426.831146,374.483296,39.811661,70.823814
425.461746,368.666214,38.081741,75.805542
434.212349,362.101629,45.320526,51.601704
448.371517,373.673477,30.783821,40.045197
446.419859,373.031111,26.926380,39.551563
442.089608,372.890564,27.735579,40.774155
439.418935,372.540686,31.938009,42.337727
433.630657,370.978331,33.583427,44.334476
432.972639,370.688042,32.330143,45.238495
432.769163,371.318569,30.154575,46.360008
430.073835,373.508656,30.709934,44.336632
428.375372,370.996273,33.648075,46.636330
424.952314,372.020485,32.435093,45.843887
423.633081,375.107803,30.793575,44.119675
420.989529,372.622025,29.684166,46.088074
417.612637,372.579483,31.361092,47.915695
418.037962,368.943438,32.277332,50.255825
413.451332,372.154921,32.711472,49.038548
411.902095,374.887087,30.303568,46.471539
408.203248,373.677769,31.061903,47.695549
403.650043,371.003958,32.287971,51.464542
403.761240,374.563313,31.734737,47.058235
399.614998,374.667502,32.857819,48.343021
394.220413,370.896093,36.493179,52.437824
391.854546,373.641932,34.482315,49.762707
389.256727,376.602438,33.195469,47.366001
390.490347,374.235861,32.954258,49.860004
386.311583,373.742952,33.855762,50.896542
382.826248,375.479117,33.781036,50.997013
379.198465,376.819008,34.047817,48.989548
374.868549,375.444271,34.682579,51.425407
375.265104,376.450485,35.201557,50.984131
371.314495,377.064230,36.256004,50.683170
367.561396,378.627821,36.366985,49.421848
363.780817,377.108582,36.175152,52.156342
361.406864,380.334866,35.257256,50.115120
362.249908,380.151760,34.036713,50.075005
357.988247,378.686171,36.001411,51.447605
351.269741,374.945305,39.795128,56.166794
347.790127,377.536638,37.718910,53.269482
342.402348,378.020086,39.898781,52.937733
343.609678,377.445971,37.086720,54.752224
340.755709,379.347180,38.381069,53.229149
336.460745,376.195130,39.172535,56.734848
331.985767,376.262838,40.018272,57.390278
328.746662,378.738835,37.586723,56.510704
330.319523,379.104439,35.215675,56.943558
324.967505,379.371306,37.197010,56.349796
316.316679,378.687639,42.381474,59.419338
311.671211,382.495781,40.250961,55.265869
308.456955,379.570208,38.380905,58.265011
308.591284,377.070837,42.876133,60.977665
304.075596,381.236492,38.821632,56.671227
299.572500,377.485308,42.277424,62.122463
294.394220,378.694624,41.516384,60.930851
289.732059,377.532488,43.679314,62.336712
292.060194,379.322407,42.869633,60.858467
285.575808,374.917404,49.596935,65.216446
279.423090,378.755797,43.347073,62.568531
273.718102,375.704994,49.555893,64.823730
269.595436,376.670426,48.633835,65.400803
273.619833,377.574646,44.787312,64.653549
267.188488,378.932007,39.777931,63.562515
262.271778,373.410477,47.080544,69.621384
256.126608,375.973244,43.128330,67.388092
249.928038,370.672627,49.363087,73.252968
250.609816,369.803517,50.697163,73.085396
243.352468,370.029232,51.774845,74.057976
237.350595,371.747173,54.743679,73.627190
232.238085,368.658318,53.819347,76.632355
229.256418,371.242802,52.041164,76.084053
229.358377,370.308079,52.238949,76.161751
223.490591,373.142788,52.134159,74.654076
220.528690,376.236134,48.026772,72.090950
216.790371,370.684410,52.844780,75.459442
212.260305,369.162659,50.842716,77.693954
212.840714,373.959458,49.251236,73.006180
208.178698,371.326698,53.014690,76.212952
203.330997,374.571850,52.117958,72.723259
197.930166,363.986260,59.900944,82.620117
194.711872,367.809326,56.894386,79.563797
196.883623,364.419205,53.524914,82.140488
193.637011,369.761349,52.535564,77.585899
190.514303,363.845471,57.472507,82.343040
194.358299,379.674374,47.532593,68.300407
190.457415,364.489056,53.152874,82.887962
190.139624,370.692883,50.898258,76.388542
187.233171,368.663937,54.749828,77.263817
183.407324,370.894814,54.160435,76.025604
177.833210,362.285671,57.872139,84.056084
182.254864,374.750462,45.906639,71.205940
180.954842,373.633576,44.491608,71.870956
177.710966,369.370510,45.785664,75.536430
172.411949,360.840607,53.127228,84.240250
168.421968,360.332806,52.748363,84.725365
160.389917,351.029904,62.708218,92.484734
160.802259,355.025116,61.570484,88.603622
158.647564,352.721813,59.889946,89.811638
159.216976,356.406498,59.205132,85.102608
157.071629,349.124107,63.492592,91.305847
153.670719,355.483666,58.854073,84.587097
158.548965,356.687836,53.070236,82.209763
157.258095,345.488087,60.928497,91.665230
156.618446,349.632046,60.774292,87.434929
159.715696,344.450398,59.959126,90.563850
164.571421,344.668301,55.554531,88.959129
165.179552,342.648823,56.349224,90.472450
167.159960,338.964600,56.820660,91.594833
167.900505,339.174431,58.625946,91.848938
170.932436,338.275551,60.933544,91.527222
171.411760,338.280037,62.281994,93.855255
171.553322,338.189919,57.261322,93.676453
173.006609,335.844780,57.333355,94.041504
172.263796,336.120964,58.239330,93.475616
173.146585,337.593163,57.042934,92.530609
172.080593,332.534771,59.680412,96.833122
173.517092,334.409184,59.209057,95.602791
169.545368,335.563088,61.558174,92.989441
172.157698,333.965321,55.733875,93.210884
173.354284,334.144119,54.753788,93.885880
174.913004,336.063679,52.641415,89.964546
175.357725,333.303360,52.238544,93.404922
178.363808,340.843384,50.407623,86.457260
177.604403,331.937023,53.310253,95.043358
180.497171,336.033913,52.453121,91.799347
181.824900,334.711739,53.617367,92.963013
180.188337,333.640144,61.719288,93.640564
178.110958,339.915634,52.574120,87.266525
179.596937,332.003822,52.831562,94.795074
180.857079,330.618752,55.233002,93.604919
179.020689,321.789375,63.128468,100.194305
176.336382,322.713230,58.919353,99.243141
179.198162,319.594479,63.956749,102.101555
177.097122,324.541752,59.460831,97.781441
179.431482,316.889794,62.611904,99.932526
178.000431,312.706341,69.852242,102.632286
178.701454,318.002606,64.428314,98.387413
180.828007,314.937233,67.627693,99.079071
182.953943,322.830170,60.836788,91.163528
186.047504,317.851345,59.195015,94.925163
185.488884,311.219635,68.060699,100.320755
182.786400,319.006897,59.647064,93.873306
186.784122,315.681599,54.947853,96.635353
184.719753,310.963143,64.090263,101.017456
183.131989,308.740608,73.301041,102.319794
182.981491,311.013935,69.443130,102.011238
183.878651,309.869618,71.953835,102.511452
180.975063,312.522118,69.753746,100.760468
178.509453,310.225060,80.653992,102.337036
175.475227,317.227932,69.705566,96.780296
181.993605,319.842148,61.585651,94.868729
182.599203,315.603970,61.697971,96.770042
178.817112,310.822270,72.412544,102.382149
173.509739,319.052582,60.956581,94.167618
176.291822,319.737930,59.468311,93.541122
169.686245,313.339825,76.853569,102.005028
164.398991,309.718029,75.560310,105.844414
158.312183,315.055847,88.716927,99.184128
149.734406,316.824841,89.853317,98.758293
160.882183,313.534134,92.594719,104.310501
161.007500,316.774742,89.482147,103.227448
161.787865,317.797169,88.898560,101.988991
161.639481,317.701306,88.024490,103.489006
156.772423,319.936707,92.498383,102.862259
157.683640,321.628136,88.785385,102.721985
156.535789,322.725697,88.547394,103.014992
151.647644,323.340969,92.215134,103.262657
154.925640,321.137856,90.850578,105.386749
155.954926,323.500416,94.513504,104.959602
155.832611,325.796169,94.996628,105.880241
155.664181,328.264706,93.660576,106.360161
155.574795,329.254513,93.460228,106.447411
155.509838,332.217564,91.186241,105.950935
157.069691,332.717175,100.973152,109.375633
157.450531,337.202656,99.198715,108.741402
157.329731,339.513085,98.278267,108.716858
157.129879,341.043545,97.757439,108.451469
157.704834,343.769833,95.378281,107.503227
160.713448,340.440640,104.894867,111.781364
161.659180,342.456864,104.101303,112.933670
161.211487,342.803272,103.051987,113.302803
162.080196,345.374924,101.944878,113.377579
160.133087,344.906212,108.743332,116.382324
160.732788,346.021633,112.320847,117.067253
161.915421,347.977490,113.576004,116.450951
162.223991,348.627655,113.944214,116.160812
166.932030,348.266869,113.132080,119.540405
167.519321,349.402863,116.483986,121.211960
166.417095,345.019058,122.716209,129.524857
169.655045,350.215656,122.324844,127.886055
167.624748,351.158009,124.022461,127.771675
162.177032,359.735443,129.943344,122.120651
165.205109,356.413567,127.609055,126.454346
163.463936,361.669560,131.604706,126.368446
165.231300,360.122215,136.844330,130.594971
177.518261,357.024368,126.820946,135.986588
177.163441,362.392571,126.222298,133.249390
188.604229,345.785278,127.054405,152.610947
189.661484,341.927208,139.916946,163.544250
511.122711,414.860375,86.090439,179.570557
513.560555,416.312348,78.407806,177.745651
516.260773,416.633804,80.139267,172.406082
520.407055,416.532929,81.400963,171.044357
525.685852,414.935867,82.406906,170.412430
530.688797,415.755150,82.674271,164.986511
529.948929,414.372360,84.480118,170.314407
538.038147,409.333878,85.554367,166.710709
545.480846,416.357681,86.310143,157.624527
557.442993,411.262550,83.600571,158.810455
565.761585,414.567757,79.045418,153.523407
562.541603,406.641297,82.272186,165.985886
576.472145,412.065102,77.126373,155.079620
586.999252,414.357185,73.600540,152.709442
599.140202,411.819801,70.133400,153.669525
614.238071,406.902382,70.285133,156.526215
612.284077,408.854454,71.471321,151.231995
624.129494,406.879471,66.287506,155.462479
631.580189,404.209168,66.107124,157.054153
639.520821,406.269997,61.657135,153.214966
645.556387,403.918633,60.584415,157.654510
644.057858,402.101845,60.367027,158.794525
648.548323,405.394203,63.098835,154.724792
648.229912,394.444687,68.649353,164.196915
654.555531,396.409790,64.729073,161.886581
659.878681,394.644447,62.494026,162.662720
658.274199,403.133217,61.412586,155.027588
661.282946,399.236916,61.703686,157.581573
662.402773,398.895287,61.681072,158.982697
665.892138,399.770935,57.986004,156.835129
665.015972,406.365936,59.348473,152.698593
665.067165,401.067383,59.353386,158.535782
666.212078,412.070480,58.643669,147.611832
666.065140,409.105034,59.199448,150.154022
666.146236,412.004395,58.322350,147.757675
665.844000,411.018280,59.020023,151.722580
666.210508,407.968491,59.417439,153.907578
665.239302,409.456139,60.423267,153.559021
664.836824,411.854141,59.297466,157.631851
665.493662,417.698815,59.529690,149.677979
665.645262,420.904625,58.965137,148.935150
665.800209,419.624558,58.705872,151.829727
666.140739,427.443291,56.718048,142.526306
665.905003,425.380951,57.569740,146.635818
664.606874,428.560921,58.041027,145.168030
663.978302,428.301598,60.338577,144.984741
663.909624,429.715134,60.363598,144.539566
662.111233,431.075173,59.572960,145.719421
660.150993,432.167381,59.188171,145.632538
659.629055,435.010605,58.906181,144.483047
658.238958,434.871178,59.804691,144.354858
658.024891,432.760285,60.068428,146.164078
655.430981,434.693146,59.805901,145.608383
654.481810,438.188072,60.383595,144.858795
652.274937,437.984703,60.669624,147.936005
650.530306,441.446083,59.781384,145.330170
650.718817,443.394287,60.435459,145.190811
649.409452,444.385140,59.836811,150.777191
645.084776,446.950989,62.433857,146.970627
643.782833,444.627197,62.790092,149.663773
642.044483,446.943276,57.196388,144.773376
642.218689,449.462097,58.646378,142.195755
641.512308,449.243668,54.872860,141.230240
640.807718,452.983879,54.805813,138.128906
640.224558,455.196404,55.857449,137.060394
639.555197,454.402504,52.631290,137.883789
639.589088,455.900871,54.811676,136.607788
639.106756,453.307289,51.648289,138.577850
636.847132,452.716515,51.188656,139.419434
636.639389,454.664391,50.301437,136.548126
635.268198,453.684136,50.785488,136.274750
634.416246,452.977898,51.029919,135.735992
633.088940,455.249031,53.462791,133.336121
631.919781,454.384277,53.047203,135.977005
630.571520,453.124245,54.224224,136.688934
627.891159,451.744934,56.511826,139.678055
627.907446,450.653160,58.298252,141.417847
626.709322,449.876587,58.003887,142.101913
626.119600,448.423111,55.382671,143.606674
625.402685,451.002922,54.238621,140.027985
623.937214,449.730377,52.744270,138.957443
624.657005,451.396324,51.244690,136.381561
624.040098,447.276573,51.185108,138.447876
622.750303,448.741120,53.337360,136.327774
622.115862,450.627358,52.449261,134.287384
622.039125,447.685814,55.257641,134.306671
621.216736,447.117989,55.328751,139.229706
622.414877,447.696373,52.477543,131.857727
620.456402,442.478378,54.277458,140.008652
621.263720,445.687401,51.867046,141.182312
621.670471,442.383850,52.621658,141.347305
620.861744,443.503655,52.317360,139.890778
617.536570,438.794129,56.794125,144.976669
614.689589,435.012535,62.131672,146.715973
610.778019,435.648361,64.395363,142.415451
607.758858,433.467362,71.313049,145.351486
608.771011,431.255730,70.731979,146.837860
605.995815,431.450310,69.721275,145.678864
603.496250,436.105827,69.865059,141.401611
596.324764,439.662422,74.228874,135.157318
593.056309,433.687615,74.251900,141.179291
594.746956,434.654091,72.563599,140.714966
590.031368,434.669357,73.681694,138.624161
581.168022,438.374069,77.783417,134.311325
572.721733,439.820725,80.580872,128.708664
562.154362,448.403706,85.031441,119.632668
560.996384,438.306515,85.754715,127.676964
552.164711,448.051552,87.547668,120.918762
542.969536,440.320122,89.966003,128.060791
532.504280,445.103279,90.679291,121.266571
520.302952,443.002487,92.583015,121.618790
520.305817,449.150021,92.065018,116.517754
509.884361,447.467709,92.669342,118.176872
496.181320,448.964161,95.993454,113.004768
482.427738,447.450852,97.791298,116.156509
468.829784,449.948185,99.762383,113.002113
471.634655,452.168350,97.332817,109.972610
454.834583,450.756012,102.620735,112.693344
440.969234,447.879929,103.330437,112.149002
427.239258,447.379833,104.118576,111.932396
412.611401,444.914631,104.571220,113.543831
414.756603,444.046013,102.555412,114.626282
397.020710,442.280995,105.424355,114.898750
383.593735,440.448444,104.763779,116.577766
367.835979,439.249577,104.733513,117.415993
351.752937,435.399578,103.132385,121.588890
351.767387,432.893253,103.987823,123.739967
334.669983,431.332775,102.729263,123.813133
319.112473,427.676651,100.773300,128.166702
301.428104,427.578865,100.674995,126.343781
288.340900,429.461437,95.986183,124.136742
290.857758,424.586830,93.692886,129.309662
273.032341,425.178337,93.008453,130.019043
255.862888,425.965134,91.835701,130.361038
239.009319,427.141495,90.061394,130.509293
224.206245,422.026390,85.870331,135.876892
218.529293,422.081101,91.846062,138.007401
203.761520,420.349228,89.187515,136.381546
194.336132,418.362068,81.692039,136.712372
182.739037,416.735405,75.816315,138.336060
158.801407,409.269386,76.771469,135.298676
155.416187,407.816605,80.035805,137.683670
151.904236,401.933266,74.451797,139.842072
146.195103,395.509400,69.973152,140.513504
139.247192,392.901497,71.313095,137.324585
133.626816,387.957146,71.468338,141.625946
132.915695,388.448494,72.752243,139.563171
128.896255,385.645775,70.913834,139.484741
124.306725,382.765473,71.709564,140.295151
120.115726,379.719437,72.152870,139.554001
118.507397,373.831963,71.137779,143.190887
116.594734,372.886795,71.389160,144.147781
116.569614,370.307533,69.583473,140.976013
115.584202,364.209885,70.627907,143.421646
112.931580,359.649536,69.133438,146.273758
114.486061,362.021271,68.869415,139.825638
114.275654,358.815338,70.528999,143.775284
109.456661,354.212937,75.075035,147.164566
111.789612,356.474739,73.687210,144.811615
114.800072,355.262612,71.370026,146.124298
109.975384,351.165512,79.044334,147.901962
115.473671,350.500862,74.664215,150.084717
111.747169,356.631897,75.231415,141.337906
118.314976,350.173142,71.460854,148.086655
120.088890,354.638657,68.271179,142.319260
120.240940,349.951965,69.394936,144.972702
121.478523,354.551430,66.413483,141.603119
124.849342,349.697952,67.606720,146.156723
128.266167,351.065651,66.642609,144.797516
134.669262,351.549324,65.893059,146.659882
140.258766,346.226364,66.421356,151.327347
140.818943,352.706795,67.673286,145.220184
147.866879,349.151131,66.946709,148.830902
156.493393,350.976349,68.080887,145.573288
164.265114,353.307716,70.763336,143.258209
175.747540,353.789208,71.656944,140.832031
169.739433,354.884331,78.396851,139.695099
185.934368,355.160607,71.575218,140.224823
196.928112,355.242493,71.110558,138.362808
207.847153,350.923248,65.025009,144.544052
215.402481,350.134087,70.085037,143.975616
212.931057,349.098129,71.529411,145.555740
223.150284,350.176460,68.778519,148.202545
238.250408,349.792297,70.339989,149.417770
249.091877,351.323464,66.722420,147.665436
257.080250,348.447724,64.100197,150.385818
258.321178,347.140434,67.611198,151.199677
266.971062,351.488861,64.684479,149.312332
275.847755,360.673630,64.715790,144.578842
285.512201,358.568733,62.199184,147.217102
293.782608,359.921639,63.945847,144.237915
297.151758,362.670036,56.586300,142.179108
302.666224,362.472504,61.168545,146.160568
309.984556,361.920876,62.887012,146.254150
319.321957,363.793587,60.180260,147.099731
326.295284,363.515816,62.403770,146.990875
327.724802,360.035599,59.108578,151.103867
332.268375,361.452583,65.486183,150.727173
339.022320,358.849304,67.869896,154.699600
347.774673,358.714447,68.495743,155.360184
355.889835,362.544373,70.420998,154.294815
354.980492,366.481407,68.898926,148.683563
365.841152,361.283226,64.169060,156.939606
373.429790,363.396835,67.897057,156.161636
382.310745,367.303375,69.388809,155.081284
390.917671,374.594895,69.526886,149.922195
388.376892,370.792671,73.343704,153.902344
399.631344,372.796539,73.037376,155.338455
410.565346,373.383194,72.572632,155.742111
422.049015,371.426651,71.469368,158.445602
433.361778,369.372490,71.727264,162.774689
434.748966,369.404831,74.689583,163.535873
443.516319,373.538834,65.117401,163.538254
452.884481,376.896584,62.690769,160.162964
459.922787,383.931610,60.401451,151.023331
469.363125,382.870667,60.712303,156.601364
466.975220,381.250015,62.423325,162.038193
477.799194,379.059921,61.439438,162.484024
487.928392,379.875618,58.832165,165.799011
495.264267,382.622536,63.584122,164.956635
502.229382,382.278435,63.541466,169.185425
499.502151,379.098206,65.286331,173.132675
509.776211,381.782372,64.725456,170.304932
515.980942,383.293526,64.270767,172.197540
529.272966,391.495270,63.567089,165.269272
533.757141,391.169212,64.016525,168.841248
534.716869,391.094345,61.733482,169.954178
539.191006,392.884918,64.782341,169.628525
543.119087,394.829521,66.665131,170.192627
546.988739,396.804024,68.967331,173.690765
547.721264,396.947556,64.512779,175.358963
550.013824,399.586922,67.080490,173.107513
554.265171,397.422600,71.731483,176.926208
557.652466,400.634956,64.811325,172.759918
558.830772,403.357933,64.657043,168.911377
559.349895,401.628235,63.973778,171.207443
561.599461,404.421044,66.087379,169.082031
563.811230,404.657562,66.496849,168.423447
565.970016,402.849678,69.473099,174.740265
568.200504,403.920868,69.823769,176.092453
568.603565,406.464821,67.723396,173.083160
569.966084,404.188362,74.364449,177.469330
568.942707,403.875885,74.687202,180.260971
572.108101,403.537293,73.897858,179.202988
570.464088,406.762337,76.674591,177.305634
570.754055,406.011910,76.948784,177.418732
569.062611,403.486374,76.240669,181.620987
566.784714,407.075516,77.035660,178.571732
566.751297,405.761566,79.362320,179.327316
563.924164,406.282570,79.222885,180.981293
564.636211,407.399605,78.535545,180.621918
563.687080,409.310532,77.242401,179.025894
562.635845,409.169251,78.172691,180.983810
560.888287,414.412392,76.203758,175.841217
561.332096,413.195038,74.618446,178.665329
559.695442,412.830910,75.034760,178.436005
556.471043,411.869911,76.517799,180.803253
551.696850,411.659004,79.165245,181.612335
553.397854,413.192124,74.118279,182.855240
545.046612,415.788429,77.934105,180.978729
549.597961,411.884003,76.924240,186.477890
537.716587,413.884529,80.999916,182.780121
537.514660,410.942543,79.434776,187.885406
528.836521,411.592346,82.277626,188.605515
524.900017,411.585358,83.161682,191.850815
525.432716,409.652458,83.372772,193.257751
517.890862,417.410881,84.280701,186.035583
508.902531,421.991127,88.470619,184.772003
504.633308,420.212265,91.674774,190.902481
501.153919,423.827049,93.727791,186.071228
499.742119,425.031647,91.256287,186.485886
496.482128,422.811371,89.947716,191.432297
491.919342,424.071236,83.643234,191.907074
487.995598,426.326836,83.419312,189.996399
485.476540,430.965782,84.527252,188.664551
485.469437,432.483269,83.265335,186.222046
482.897671,429.738915,79.682610,189.990173
480.320042,428.445175,78.672890,190.396866
477.447735,429.971436,76.905724,191.056381
475.996868,432.518074,74.872948,188.630585
475.389088,434.588158,79.059883,187.515991
474.715832,430.499695,71.058983,191.007248
471.021755,428.341301,71.003960,191.405823
469.147682,429.866310,81.905975,189.711884
467.597176,428.520508,76.651703,193.687363
465.577709,427.013962,85.012657,196.222855
465.410748,435.254624,74.935570,186.788712
462.490822,427.706268,81.942780,193.691696
461.366463,432.659943,74.844208,189.647141
458.806633,428.301346,77.492310,193.267227
458.906303,430.232247,75.629150,191.240265
455.048908,429.642914,81.238289,191.104660
454.159046,426.941712,77.796577,193.714767
453.577591,424.803589,72.968765,195.530380
451.065285,424.252129,75.334503,193.621704
450.458897,427.896690,76.911171,190.552124
450.336613,424.048103,72.568703,194.707123
449.847000,425.572098,73.004166,192.682510
448.918633,427.959442,70.409546,191.688156
447.583328,429.387871,71.047012,190.657959
447.922466,428.556496,72.056175,191.449554
445.914852,429.197472,72.842705,190.632874
444.859791,428.688248,70.920601,191.904434
444.738739,429.724632,69.176559,186.208984
444.995789,429.809960,69.912277,187.048767
444.856186,431.837219,69.417130,185.283859
446.077736,433.939583,66.385590,182.545807
446.926765,431.693031,64.085419,182.674225
444.564304,432.092995,66.978310,182.025482
443.369797,433.897484,67.350662,180.680664
443.855343,433.956261,67.194206,180.657776
443.949276,431.224014,67.376274,185.097061
443.891579,434.461357,67.771271,183.198059
442.014942,431.849274,68.801949,185.587997
443.098709,433.054161,67.890274,182.599731
442.524837,433.595299,68.233940,181.624878
442.420013,431.613381,70.206528,182.754059
443.293034,429.552834,69.850502,186.687347
444.512184,430.700516,68.751129,185.303604
444.906033,426.636376,70.492302,187.251160
445.152687,431.393349,68.143768,182.542084
443.377865,429.122650,71.945976,186.033127
444.668743,427.527619,71.781944,184.398911
445.886711,426.970360,72.770081,183.405273
447.148846,428.394837,74.586571,179.025375
447.394531,431.167320,73.297348,177.341187
450.188599,427.866257,72.671799,180.959183
452.035343,428.515663,73.063698,178.474457
454.864487,426.082489,71.982742,179.843674
460.197407,423.707192,67.763130,178.522247
458.836124,427.246452,68.916237,176.754517
461.582165,421.278366,69.296227,181.433182
462.517445,425.583191,69.723396,175.428635
466.237320,424.999199,67.990433,175.825989
467.651608,425.566170,69.787590,173.459503
467.629456,423.653717,68.993454,175.860336
467.078655,424.431511,73.613487,173.068665
472.234432,424.126686,70.541130,176.644623
472.755733,421.693924,72.995781,178.419022
474.109425,422.078079,74.476082,178.478531
473.433243,420.481156,73.504105,181.813126
475.565094,421.384834,76.758163,177.173737
479.245483,419.679169,74.638657,176.037460
482.890728,420.124718,73.215721,173.355652
486.842209,420.340340,73.552444,172.979706
485.339134,420.356407,71.361084,176.874695
490.484352,421.727577,69.854156,171.290375
493.303337,422.586052,70.700928,169.641479
494.394135,423.546829,70.137009,168.718643
502.502357,422.690048,65.469147,169.524124
501.798656,419.066834,68.854820,170.908737
504.294319,421.579498,68.631195,164.836288
509.445583,419.281662,66.632561,166.590530
515.135303,415.267906,65.181099,166.949280
516.722752,419.337647,64.502907,162.574814
518.350151,419.443985,64.149902,161.904434
520.729979,418.199082,62.767628,164.000046
524.212416,422.743134,61.804523,159.152481
526.234644,422.914574,61.496883,157.747528
529.010288,419.973801,61.707649,160.261398
528.129381,422.613854,61.265026,158.177704
530.189045,419.050537,62.394081,162.106369
529.584415,419.670693,62.396858,158.339905
533.664248,418.553436,62.149303,159.407028
535.402763,417.090523,62.549011,160.038239
535.521009,417.215180,61.685505,159.085220
538.861561,412.840325,64.270485,160.986969
541.325439,416.069374,62.542984,159.492981
542.361275,416.501747,63.607025,158.930481
544.657833,414.682335,64.292961,161.090698
545.622734,417.476395,62.558868,157.113571
547.579851,415.212708,62.551678,162.541916
549.053905,416.285385,64.522758,160.920517
552.625731,411.729744,62.803730,163.924042
553.752357,416.130669,61.575958,160.601624
553.098944,415.922600,62.812840,160.826691
558.745146,417.578072,60.880665,156.201111
562.871496,419.742989,59.701572,152.643250
563.430880,418.885140,60.372936,154.575012
565.133133,418.273201,61.472122,155.798096
566.373957,420.048470,58.957973,154.188721
568.364544,420.773995,60.329399,153.707306
569.780340,421.624909,59.842899,153.232285
572.292944,425.064461,59.553532,149.808746
574.669691,426.375763,58.523273,149.180374
574.769974,425.289711,58.435715,151.122803
576.856298,424.426331,58.329014,152.387131
577.314466,423.298706,59.558949,152.962570
578.996672,427.464485,59.690144,147.092407
580.989468,426.546791,59.633598,148.293213
581.771748,428.908600,58.150856,146.389236
582.886520,428.718590,58.232254,147.848785
585.069414,423.216889,58.649578,152.489334
585.651518,425.214348,58.204517,150.330475
585.304901,425.334725,57.890915,149.883850
585.396397,424.788056,58.934792,150.493729
585.761389,424.585602,59.248539,150.131149
585.856134,424.759537,60.004971,149.885605
586.121323,424.663353,60.638779,150.868652
585.514225,422.840805,61.406837,151.626419
586.113119,425.541397,61.082279,149.398361
585.799004,422.410500,60.984558,152.373993
587.017839,421.373444,61.170818,154.491898
588.816442,426.034264,61.710758,150.257568
590.198090,424.979584,64.227615,150.619003
590.396351,424.612511,63.297462,151.236206
590.308586,427.630318,66.644073,150.173981
593.527195,427.763886,70.794228,147.859634
595.766960,422.127327,73.382935,152.229279
596.723827,419.377510,90.127342,156.199432
596.123535,425.186760,92.010361,152.719849
600.210567,427.786972,96.827446,150.392410
610.038933,433.930046,97.575684,142.434326
618.391483,429.848023,104.477455,146.188583
628.526474,432.934357,105.634781,143.897385
630.060802,437.907280,103.327965,138.925232
641.468311,428.755928,110.882149,149.196442
653.824917,436.632652,103.873650,139.239136
668.671921,435.707787,107.480545,141.252319
687.108459,435.154343,98.891464,142.825638
687.356113,434.399338,101.914223,143.209549
703.052975,436.831558,108.308769,141.915237
723.067146,434.234367,103.923737,146.823914
742.129658,434.450691,103.276070,146.833099
762.510155,445.182968,106.784119,138.520584
762.998211,445.689057,105.478783,137.384567
783.722126,447.390518,103.689888,140.043228
806.514465,446.464974,100.728683,142.873383
829.015446,444.408577,92.689919,148.355194
851.643391,434.042565,78.463692,162.765686
852.655632,430.713478,81.668884,166.747589
876.815807,438.986794,74.719994,142.117279
900.663158,443.610787,65.647057,139.356659
933.962742,443.710686,70.300697,152.643402
954.206242,455.112518,67.910133,155.834854
950.931923,447.737564,73.125824,162.933243
954.235008,439.226410,83.974304,178.217636
976.545666,447.291054,79.111351,177.082977
986.659111,442.418137,84.716064,179.646805
1007.254841,443.510140,78.115120,177.937714
1001.768852,445.735764,85.874451,180.097977
1008.209705,444.586441,91.915840,179.393631
1021.661800,437.990311,95.717644,186.216080
1020.940140,442.307053,107.450333,181.954178
1034.090630,439.720406,107.799683,185.823151
1034.359055,445.719528,109.139236,175.401749
1037.941010,450.860001,112.429794,170.484146
1044.102196,449.212479,114.626953,171.669876
1049.049084,452.127060,119.462242,169.864456
1052.219696,455.540978,122.613876,167.226440
1050.552685,454.996254,122.351952,166.958893
1048.657364,451.028618,136.489212,170.722900
1039.185272,455.140625,154.099289,166.618088
1046.311043,455.266289,154.213348,165.774536
1052.881699,443.348366,160.683182,176.314056
1055.423599,452.946274,169.573257,166.234024
1062.296730,446.102333,177.858490,170.592560
1059.247269,444.879418,202.396011,172.332092
1060.480408,439.460243,212.093918,178.903412
854.168266,383.000588,396.623657,285.028656
731.980293,387.247398,370.782318,239.939697
793.345497,401.463844,381.325104,298.010223
725.176216,397.011894,473.814178,300.030945
739.401329,405.352974,521.489685,311.454010
725.463005,416.900948,527.997559,303.099052
704.800346,383.824818,542.514038,336.175182
715.868462,415.265574,482.000366,304.734426
722.037834,428.771550,530.567383,288.093567
690.693260,413.633122,554.067078,306.309509
737.797966,420.839055,518.725586,299.160945
708.902458,429.990695,558.991455,290.009305
712.408806,417.099916,555.917358,302.900084
730.144402,416.370331,549.855598,303.629669
715.022945,433.575592,564.977055,286.424408
741.746122,479.136360,530.407043,240.863640
740.186125,447.049213,506.173157,272.876434
724.541288,423.586552,478.122498,276.622070
754.649076,452.785145,521.818665,261.242706
755.131285,451.050953,507.311401,263.895294
757.766356,463.541134,486.887939,255.902115
757.457457,452.763249,508.508179,262.959717
763.014250,481.508556,508.094055,232.775131
775.019667,462.455433,497.153656,253.069611
781.096205,485.556667,485.817719,227.023392
783.550230,471.065388,487.797974,244.558685
788.946318,485.977200,472.788757,230.731888
795.827757,500.520619,456.104614,214.840485
793.925581,501.161335,439.659210,215.938080
999.212629,425.550297,119.603546,151.709595
999.642988,432.212830,112.382355,122.275154
998.903059,438.510006,114.109406,136.543655
997.012861,441.510731,111.930084,151.846832
993.919558,437.175160,112.504021,158.410309
989.841581,442.694294,114.038330,151.524750
989.972197,443.999050,113.541870,149.197830
987.978590,438.797451,112.794647,152.682144
981.016016,435.717709,116.769783,153.949600
983.610598,430.558460,109.663261,158.278107
981.893827,424.439907,105.575134,162.526566
981.139933,432.994473,106.264198,155.000137
978.768019,428.466274,105.112213,157.399979
974.946753,434.642002,104.842331,150.008118
968.981131,432.156254,106.064590,149.738831
961.840776,432.461842,107.678795,148.185211
962.107824,437.642460,106.319870,141.828613
954.811468,435.899654,107.673935,143.008133
942.206121,429.162159,111.647812,148.140167
936.605844,427.828281,108.768715,146.823303
924.757875,425.904644,111.898064,147.696274
924.155752,427.368595,109.301529,145.799561
912.002264,427.827839,110.538254,144.006622
897.636106,425.972523,113.572815,143.660431
891.082834,426.052479,110.165199,142.544159
882.300859,425.517185,109.145164,141.358337
879.687933,432.163632,113.657272,134.085709
873.019670,426.671398,100.774254,138.673325
863.414721,427.463192,90.212120,134.234940
843.559736,424.426815,70.302826,131.883438
839.868628,429.445126,56.597275,122.687576
840.323412,431.971665,55.896873,122.424477
822.301170,425.100971,59.636639,124.895477
803.322706,408.202725,68.965820,141.281052
795.106543,405.105648,69.959335,142.339401
778.454535,397.260754,109.052017,153.334305
772.616678,392.953991,107.205574,155.361526
764.503210,376.079746,92.712173,134.009857
758.740499,392.400398,78.175888,106.832115
740.776937,381.239914,98.941299,108.796211
729.253698,380.079887,85.408096,112.797661
730.465242,376.810219,67.979301,91.116112
721.700350,393.305088,66.768456,99.196442
712.957056,400.916130,64.244911,88.012260
703.264519,399.738800,58.559032,83.890938
700.679577,409.411472,50.932529,69.615967
706.842403,413.673027,44.186375,64.206139
706.294109,419.757267,35.674961,67.511200
691.044985,414.979000,40.208458,77.743439
672.170717,411.409992,48.966515,88.901810
651.870771,406.692020,58.604401,99.588120
651.148226,407.149784,59.253838,103.175308
645.789040,409.529038,57.054028,105.098076
640.318609,403.098229,54.042313,121.724586
628.493671,403.466492,58.872639,126.800774
618.912878,406.525150,60.165543,127.476608
618.443445,413.212650,60.184059,118.992569
616.595131,404.449020,53.758434,124.322227
607.085485,400.691292,54.802902,126.513649
590.474188,409.954884,65.100327,117.502213
588.049028,409.621739,57.683495,116.009842
588.268597,408.178719,58.394505,118.107368
583.400335,412.822949,53.653976,113.775269
574.572407,409.943615,52.329456,117.455017
560.912212,413.648338,58.087254,114.232338
549.944695,410.982166,60.193310,119.866867
550.307243,416.377255,58.052807,114.936981
544.055935,411.625023,56.377140,122.004463
536.115929,412.308266,58.452709,122.133705
528.170124,408.438603,57.416828,125.474380
512.082668,415.587505,59.591343,118.796967
513.808613,413.917759,56.271015,121.058701
506.435102,416.523129,62.428650,118.409607
499.490252,419.145790,54.872276,117.361305
494.265362,418.836609,51.191288,116.465996
488.794056,413.394016,53.276844,121.421921
489.705414,411.788040,51.865017,123.709892
483.241261,410.723461,56.400227,127.931793
477.960808,415.437145,53.381664,123.894806
472.890564,419.834187,51.735287,118.947159
469.540083,418.193565,51.434326,123.018562
467.803410,414.066784,53.104877,125.450623
465.867722,420.360600,50.774349,121.136063
463.964079,418.825966,51.331116,122.535011
463.255901,421.719109,51.178257,120.815620
463.988325,421.446537,47.990997,123.310440
463.872131,419.992039,49.654018,128.325180
462.089792,416.995888,49.437843,124.905861
461.329391,418.301113,50.523464,124.952820
460.641407,416.844784,51.442738,124.316742
464.582315,416.949108,52.155586,129.936340
465.066671,415.667873,49.600021,135.956146
467.182655,411.745236,52.510265,133.816772
470.600166,412.827961,49.667797,137.372208
474.912928,415.590210,48.401741,126.456169
478.795452,413.979496,47.698368,124.992416
477.498968,413.370800,49.355148,129.867554
481.539679,411.770798,50.132126,126.365868
485.035006,409.635986,49.906578,125.009026
490.622072,405.240551,51.168419,126.768646
494.965708,404.070015,51.569923,127.988747
496.687382,404.480869,51.154774,127.330856
500.260778,401.860279,51.909286,131.109665
504.138363,401.928791,51.196384,129.629074
509.256750,402.302418,48.444382,128.070938
512.541552,404.620808,48.267204,129.435715
512.175282,405.450649,48.602467,129.799683
516.180502,404.427883,47.091721,128.777161
517.859327,404.873760,49.279083,128.818024
521.966114,405.046368,51.296528,128.465393
523.595758,410.670647,47.961433,122.192360
524.769398,407.481030,49.260639,125.493011
526.086941,409.180710,49.311558,126.318474
528.071474,405.819836,51.954735,130.470184
528.811810,409.827908,48.568333,121.334290
528.256924,408.331799,49.581425,123.029572
527.760647,411.603600,50.325993,120.569893
527.364534,407.159142,48.746117,125.046333
528.442064,407.110306,50.543449,123.729118
527.617596,405.403545,48.655186,126.455780
528.316162,405.091663,50.739315,126.345291
527.851009,404.135784,49.392887,126.919037
526.903366,405.172497,50.075344,124.834747
526.001637,405.128494,51.274494,125.912865
526.261694,407.156963,50.905441,123.045929
525.963270,408.233708,51.462708,120.826889
526.257505,408.103691,51.258942,121.693977
526.395452,410.864628,50.367081,119.199051
525.726244,412.074589,48.709618,119.108170
525.930727,414.945797,48.265221,116.568878
525.992989,415.098572,49.141796,116.172600
524.545046,414.656029,49.664452,116.707893
524.161882,410.140629,51.307610,121.895309
523.536842,411.996735,50.665020,120.854912
523.959290,413.003128,52.178219,118.403160
527.238480,417.168270,48.385677,115.634338
527.264418,416.489651,49.737640,115.401306
527.465755,413.137253,50.204746,118.609612
528.580015,408.939560,48.092102,125.480370
529.003510,410.119309,48.297085,124.977470
530.812853,408.898197,47.264183,126.203873
529.076138,407.230785,48.570133,127.334900
532.330997,409.890823,50.139484,125.961967
534.643631,415.391880,50.269924,122.501968
539.924765,427.660305,42.798965,109.577637
539.874435,423.331730,43.041866,114.880020
540.390871,423.575165,43.050407,113.961052
536.097340,420.016338,45.330250,118.308350
529.470722,423.258385,50.464283,117.419807
527.632956,423.692230,50.331985,117.482048
513.246563,420.506470,61.107761,116.045799
514.390682,414.060474,58.952488,126.354141
516.465157,434.619099,54.362713,108.944412
500.177828,424.989777,65.474174,114.367546
469.774611,423.808342,80.702087,114.506447
455.968649,422.313507,87.064072,117.379356
455.838552,421.248180,85.920761,117.961853
443.298697,423.100201,90.852982,119.884247
429.088743,423.579243,93.440948,121.263809
415.848753,427.608028,97.517975,120.304932
399.285112,423.351154,102.781487,128.859634
400.417452,422.085568,101.099693,129.555603
385.138521,422.691662,106.942955,133.208344
375.138384,426.379559,104.560051,130.941193
368.210428,425.735676,100.681282,133.432877
356.313959,425.945141,99.346230,135.321320
358.504942,422.895580,98.413361,138.064117
351.784609,425.642048,90.803612,138.146988
340.033392,424.453312,89.971390,141.945480
332.019701,427.946034,81.861076,144.446976
325.276800,430.380825,71.086380,144.783936
325.656019,427.156628,72.037964,148.449493
315.254267,429.620472,70.073952,149.936844
307.081072,442.294972,65.530388,137.669388
297.840406,437.351246,73.176361,140.287216
288.324282,443.039677,79.613182,135.341324
284.539042,440.056095,83.368294,138.727493
265.239981,446.019276,104.465683,142.220749
258.758451,441.716206,106.267059,149.259750
251.818617,443.620083,104.061157,147.689362
236.988184,444.079723,107.959572,147.674011
234.099813,446.745335,116.202805,150.626785
216.051413,444.035557,131.292587,159.144485
203.079672,439.091312,144.723495,169.718277
198.616598,442.615795,139.266281,167.141602
193.494780,447.959637,139.972137,166.422546
194.727674,442.286602,142.799866,170.718018
187.993139,450.028187,146.172440,165.729416
185.271284,459.093136,143.765503,161.409698
182.772467,457.391697,145.593216,166.472916
178.382582,453.195965,149.275085,178.429382
178.782095,453.562847,149.065536,178.149353
175.828154,460.246914,158.697052,176.643646
171.243666,467.244907,153.245422,173.283585
171.106619,459.160275,150.904709,186.943695
167.609587,477.581936,145.295502,171.609161
168.609404,465.504749,138.005402,184.838608
164.220472,455.765949,138.655762,205.928574
162.770811,456.511402,135.394318,210.716843
168.664640,462.098278,133.222870,209.008423
172.287294,476.486172,108.670311,198.383148
168.789141,522.889820,99.006401,153.654099
169.782309,540.814045,128.471909,133.073654
127.180204,298.868206,499.563324,371.696716
160.598127,459.096661,511.610291,260.903339
146.773176,324.345526,586.519226,395.654474
722.551191,405.023517,427.416809,304.548737
776.326399,466.202113,321.701111,242.596817
779.822538,459.537974,406.906830,255.629562
773.195326,459.609263,422.199097,254.087814
787.162504,472.924945,313.238861,236.601837
792.685926,474.815623,296.859497,233.291916
775.907240,454.903811,463.176392,265.096189
787.901777,489.632349,423.913513,222.628616
799.606215,475.601678,422.552246,237.670914
799.510572,492.325784,375.604492,218.960861
801.846403,490.428964,400.538910,221.564316
801.350019,497.535928,376.177307,215.920578
773.617735,494.987077,413.156647,223.342865
786.311995,521.341020,348.416199,192.436859
801.926588,509.786684,320.994141,205.062134
803.632902,516.017206,322.744720,200.782974
792.264494,525.205080,307.713470,190.502319
797.395964,523.246934,294.192474,190.048492
793.067350,524.576913,274.765961,192.479233
789.484968,529.209657,318.813049,186.633789
761.074400,527.433107,367.171906,191.081909
505.182264,441.679063,134.155029,277.906403
523.061579,410.517869,93.399391,140.136871
536.887289,400.964056,74.040146,123.193901
528.610193,424.782274,78.859200,104.526550
537.277475,424.973115,74.189369,109.639435
528.968237,431.376001,77.172928,102.164597
522.357580,431.531106,88.031601,97.115494
486.978209,433.217142,181.286987,174.961990
492.973631,444.295682,118.979675,126.609962
490.222212,436.341447,144.924896,151.981750
512.454100,465.334329,118.209229,140.181046
473.382147,471.848360,193.019211,186.864838
383.526648,472.361757,200.670029,247.638243
277.536329,484.652711,356.125031,235.347289
330.571058,512.425522,252.959991,203.578766
257.494703,458.763962,333.745392,257.917023
325.272764,486.844681,233.341980,232.556488
145.454069,502.904152,411.563843,217.095848
147.186827,495.518505,404.568176,222.830521
88.629225,471.675533,448.794952,247.396225
41.788206,502.541599,499.374451,217.458401
342.555250,483.083948,198.948273,226.777023
302.739187,479.082773,231.626968,238.690262
214.418638,476.230387,334.594238,243.769613
265.707167,472.963651,274.139984,246.727402
288.846724,469.923039,226.939850,231.303864
209.827620,481.367322,349.308014,238.124283
305.842093,482.539456,221.641373,182.751572
56.605848,482.973203,467.571930,235.276169
61.809172,501.488736,456.662720,212.764511
214.789030,491.353307,267.187256,224.917084
10.150908,500.759046,490.504639,218.452408
193.181288,533.293134,300.804108,186.659256
191.633696,494.082021,318.973145,225.917979
152.827024,496.005053,311.292786,221.193497
164.886381,489.506144,314.074219,227.260773
99.715620,493.123965,382.485931,226.876035
49.168272,502.228517,408.058411,214.070618
29.932402,494.082856,446.651611,225.602295
24.056395,498.523027,456.434998,219.490631
31.218779,486.227342,431.650391,233.772658
83.594786,492.979149,368.978699,224.956421
81.065840,504.967728,349.589691,210.250381
40.896757,501.297562,399.056885,217.278946
146.846373,521.125680,284.241760,195.097443
195.274519,516.969109,216.689301,184.071106
205.436979,504.023675,231.190918,189.441101
196.867887,519.197144,257.401001,166.413010
183.830214,502.727051,269.439728,183.199020
163.284559,513.405160,303.394196,174.699493
170.938856,496.091538,316.159821,187.527054
192.224775,493.612054,310.386932,195.894470
238.650419,499.965066,287.579956,208.973724
252.724119,506.612992,277.372253,193.528458
256.364973,499.986924,278.169525,211.966751
280.680250,502.807442,262.115875,210.569122
308.109030,497.810929,241.730850,214.961685
331.220808,493.124375,225.638397,219.187943
332.525023,495.028046,227.333069,216.847031
356.739447,491.650582,212.068893,216.683624
381.247427,493.056061,193.499954,208.612167
405.622732,493.119416,177.570999,202.232590
425.983419,475.819016,160.994949,213.177383
424.881216,481.500329,161.548721,208.926331
445.636374,472.850320,147.544022,208.251678
460.956045,469.867623,135.351944,203.159576
472.706247,464.747826,125.859169,202.669006
496.827707,458.528840,101.081764,200.724655
495.964636,455.127473,96.874374,203.157333
513.035349,455.748704,86.926857,192.977249
522.154249,444.781518,79.126923,196.202576
528.224955,437.587670,69.197914,198.236877
530.804342,428.474457,73.701248,197.000473
527.981623,420.018586,72.962959,206.738632
531.313643,412.476006,76.564606,210.557617
531.545309,404.879899,73.024551,211.988846
533.543848,401.085824,70.737190,209.631622
533.851942,391.257981,74.521759,215.118301
534.071054,397.643044,72.166237,213.089569
533.843054,390.084977,76.314194,215.071426
535.930174,395.443818,77.166504,210.145981
539.323523,385.912766,77.848129,216.491470
547.241415,390.203927,70.455887,215.264252
549.147238,396.941895,67.397415,205.809433
551.912802,394.718644,68.193375,203.652847
552.925653,395.581887,67.646858,200.389191
556.516264,397.850098,68.992554,199.453110
559.375555,391.889039,68.371933,207.736374
560.722319,406.968293,65.448181,187.864487
562.408262,397.366883,72.332520,195.952621
564.391558,396.128846,73.055748,192.664230
566.700525,390.389252,76.070747,190.791672
568.382856,401.020394,68.285675,179.381439
569.257502,394.566231,72.968391,183.031342
570.563658,393.516678,70.807129,182.266983
576.548220,385.479416,72.995598,182.392227
577.362352,380.927384,74.153770,185.486526
578.802450,379.757844,73.934952,173.116867
577.534883,377.250512,76.158379,185.998535
578.601675,378.022858,75.470291,171.876450
580.723143,377.708253,72.613586,180.142990
582.400038,369.194314,72.829865,186.096344
582.505915,367.642090,71.764534,187.003830
581.692122,369.895203,73.279938,186.503891
581.647860,364.964074,76.214104,185.631470
580.074316,364.434281,73.789963,182.957779
578.511435,361.316689,77.183487,186.408905
577.653196,365.992783,70.676331,178.914749
576.791178,363.682763,78.749123,184.026550
575.722376,364.851037,72.214851,175.697876
573.628992,364.801591,73.833382,176.457535
570.791693,365.640931,73.643173,172.038803
567.610365,365.622903,75.358185,172.040619
567.520384,364.697251,76.893982,172.984756
564.035231,363.419831,74.542389,170.617050
561.677805,362.433724,71.180702,171.886749
558.080763,363.885010,69.596039,170.360886
556.049078,361.753350,66.689377,173.742371
554.458223,363.790360,67.266411,171.996780
552.897413,363.115281,66.993988,174.722366
549.717394,362.058381,65.968163,176.058701
548.579554,358.030648,67.550301,181.049164
544.212900,356.832085,76.578285,183.185059
544.195677,359.128701,73.333618,181.593475
542.755938,363.167298,72.430504,177.819626
541.846674,361.344391,73.794868,181.049789
540.820059,364.683182,73.232986,173.425797
541.375509,363.269417,72.490982,171.851715
540.371412,363.412911,73.308563,172.940216
538.931005,367.424195,71.027328,167.147995
539.277987,369.528916,67.228752,165.849197
541.440187,364.718117,65.884026,170.386322
540.396032,368.723282,63.992477,164.510391
540.405832,364.752747,63.986549,169.851791
540.212601,362.591576,63.925808,170.032471
538.957632,361.596039,61.794937,167.291245
539.529562,355.241250,65.386185,173.642487
535.643049,361.904923,65.273529,168.086258
537.334509,356.090478,68.845016,174.545959
534.404142,360.192162,69.347961,168.512390
534.912920,355.215577,69.872704,175.245834
533.432726,354.098076,71.172386,176.035034
533.337667,348.745247,68.625443,182.222626
533.722391,348.577447,68.715981,180.311829
532.385969,356.463875,66.492096,174.599213
532.620947,349.888680,71.836227,176.000153
531.557806,354.027329,67.333115,170.494461
531.429644,345.728593,69.245018,175.981522
530.052389,344.879571,68.541275,177.995972
527.498159,344.690468,70.588699,174.471161
525.166277,344.785950,69.453148,173.071762
525.787348,343.174195,70.919258,174.226913
522.996485,345.945099,71.240242,171.961838
523.712229,342.095536,70.173134,174.328629
521.859098,341.214394,72.923218,177.792267
520.894732,337.934861,76.399803,181.230850
521.513865,337.666596,75.791603,183.242783
523.161272,337.816476,75.165367,182.075897
523.415686,333.927903,76.282516,187.704544
524.076498,333.226716,76.081497,187.438461
523.054258,336.660638,74.995178,182.038513
522.291540,339.395394,76.115097,175.066864
521.894426,338.454171,78.327782,173.739716
518.790922,345.022896,77.903687,167.992401
520.487566,339.814301,78.584373,172.246872
522.945272,339.999932,73.173721,169.437439
526.359331,332.297234,73.685936,179.162476
527.683836,324.559998,79.656250,185.620407
525.496523,329.646210,76.422112,180.150558
529.355379,327.292260,75.600639,182.953674
526.896051,335.956704,71.624886,170.409149
525.513098,327.654320,74.422958,180.444641
524.644480,328.922204,72.764626,178.679810
524.941698,328.349206,71.998497,178.765991
524.031210,335.192208,69.197281,173.799042
523.713575,339.752747,70.569611,170.602646
522.190825,329.938927,74.099121,178.723694
520.192732,325.934945,75.115326,182.980072
521.251055,324.742348,75.031517,183.600555
518.582048,325.876031,76.479637,181.645386
518.776846,328.118722,77.442459,178.131195
519.464464,332.258683,76.032555,174.684280
519.341726,333.821435,77.137161,173.489624
519.529997,333.486252,77.739746,173.838516
520.089773,333.438775,76.365128,173.019958
522.627043,336.901909,74.141663,171.209351
525.753061,334.939316,75.131447,171.730972
528.588701,333.189095,73.845543,173.010345
526.139124,334.416939,76.778511,172.855499
529.614248,333.883332,75.603226,174.853928
531.408686,333.538827,74.362251,173.930328
536.837225,333.578499,70.005234,174.464020
538.841085,333.284814,71.102921,175.047302
538.809523,333.906647,70.653046,172.802719
540.827890,337.917771,68.993446,171.020950
543.448656,334.764809,70.276024,177.213654
543.991285,339.982186,68.751740,173.828583
545.131731,339.575211,70.605003,175.756790
545.060064,341.545891,68.821579,174.459900
546.979120,339.484551,70.968697,173.757446
547.120401,346.421883,69.707497,171.350067
550.946131,345.432541,68.893318,169.243240
550.671740,344.487740,70.839073,173.009430
550.473616,345.203156,71.169586,170.492233
552.075876,345.290902,71.106117,172.615265
555.072481,343.632073,68.347588,172.446228
558.152220,346.244431,68.400818,172.787125
559.880831,341.399377,70.451286,174.969055
560.516508,345.060876,68.358154,170.916199
560.301485,348.917351,67.147453,168.399475
559.878767,345.923913,66.998871,171.564331
561.370085,348.554551,63.946289,169.068008
562.948977,352.068390,66.345818,169.063705
561.903570,348.574952,64.745041,170.530136
561.545862,351.168778,66.967415,171.539017
560.254274,347.359864,66.640800,176.973068
560.728615,349.151940,62.885601,176.524719
559.303207,350.211724,63.420986,178.172607
559.142435,351.678284,64.454262,176.156906
559.518980,352.661309,65.096252,175.509521
555.852087,355.169556,64.454453,176.490280
552.722075,356.839013,66.804626,176.735657
550.044298,357.275506,67.293602,179.334961
548.541292,356.436463,67.876030,179.623520
545.904287,357.140816,67.868118,178.653473
538.356112,360.347596,72.008842,176.126511
534.488855,364.820656,72.154610,175.492828
528.598852,363.621819,73.163437,177.332031
531.839140,359.787873,72.303467,182.052719
523.460768,364.798745,72.573395,177.382172
514.287237,373.953210,73.321091,172.484802
506.975809,372.304391,75.464149,173.358429
498.807024,373.485306,77.572166,175.141678
498.992636,375.584092,82.826126,171.970779
490.488733,372.997727,80.064400,179.138931
483.399229,376.370034,79.435242,175.933014
476.851324,374.186608,81.832870,182.128967
468.492079,377.304803,82.331696,182.293762
468.641989,375.118699,80.549881,183.114334
460.063070,375.838380,84.007095,185.370712
451.874620,375.389351,88.465233,186.025726
444.621656,371.739976,97.872345,193.204300
435.339987,370.912591,108.762283,202.322205
435.566168,374.400414,100.454819,196.042358
427.699953,376.108170,100.224358,194.952103
419.604460,377.086777,93.145691,194.606522
412.342920,381.063477,93.803596,189.229660
403.420900,382.937974,95.441826,189.508682
410.116838,382.497918,86.490440,188.721558
395.712080,380.676507,99.992584,194.925842
388.598188,380.911149,103.089996,192.164017
384.989649,382.472497,103.337532,189.760986
381.126982,387.584916,103.734436,187.191299
381.648016,390.371560,104.588303,183.296539
376.601122,387.263726,108.680077,187.508179
370.990297,390.582932,111.864983,183.925552
366.516298,391.166443,116.717766,183.148666
363.732443,388.512826,120.199722,187.974396
363.075121,389.415253,121.527916,187.351242
361.108713,392.728600,123.758400,182.915039
359.367277,392.056199,127.028870,184.155716
359.299940,392.653718,131.918243,182.660995
357.863462,390.265885,134.909180,186.726212
359.114012,391.950318,133.886536,183.056808
359.586493,389.676003,134.341904,185.971466
362.216642,390.918938,137.889954,184.845642
364.338820,394.464615,138.418549,180.041214
363.963285,392.721581,138.411987,182.838318
367.743017,398.344170,138.590195,176.834656
373.229139,398.480279,140.314728,176.630737
378.967390,398.643212,141.804779,176.847656
384.629934,400.207841,147.164749,175.568314
384.564680,399.686066,141.032928,176.577621
390.408300,399.014405,148.046860,177.448166
397.262075,403.564698,146.851883,173.738815
405.330221,403.901765,148.761551,173.424911
413.301077,406.009034,145.584366,171.452255
412.560492,406.163277,145.930344,172.272003
420.171865,404.142335,145.485794,174.483627
427.816862,402.553460,145.630798,177.524170
434.407347,402.506119,140.188477,178.529556
442.130606,397.241250,137.151810,185.484589
442.279325,402.360963,136.423035,179.427292
450.704618,396.338654,137.119019,187.370102
460.261915,396.851708,132.021271,189.682800
478.343397,400.819062,135.808136,189.801071
487.367392,406.844552,130.705215,185.755096
487.799688,402.828965,133.890366,188.471817
497.992628,405.308144,128.526642,188.456757
507.307428,403.640298,126.910469,191.478790
516.504728,404.623955,125.882507,192.073975
526.432436,407.029069,123.378960,190.066422
525.744883,406.998726,122.562355,190.251129
534.866354,410.524453,119.921097,188.506317
542.846289,411.305344,119.886948,189.981644
551.888178,409.948540,119.341621,193.286926
560.026812,412.321175,117.107872,192.679169
560.312807,409.762726,118.922478,194.417038
569.825705,409.244858,118.619888,198.091751
577.025057,413.521676,116.379753,193.812775
585.414408,414.239174,116.556923,195.658356
594.927588,411.999901,120.247238,200.013428
595.368597,413.407204,124.131882,197.105682
603.182314,410.381928,124.197807,202.678085
620.852209,423.144517,123.732040,192.465225
627.140127,420.667565,120.925919,197.634155
636.405443,422.945153,117.813194,196.213867
640.295324,420.500916,114.187973,197.212448
647.798719,420.494240,112.780914,201.843658
655.295645,420.810753,110.828690,203.401794
663.902327,420.919472,107.572784,205.070831
672.019255,422.452904,105.455078,204.438293
671.313227,420.704232,106.887764,206.001862
679.116198,420.762131,104.017967,207.647964
685.561266,421.264817,99.801903,207.729568
693.122286,422.471528,97.290398,207.285568
697.657747,422.814858,93.478752,207.330231
696.500399,424.922211,96.431389,206.789474
701.326529,424.451356,93.236343,207.264145
704.186964,425.378495,91.646698,207.309036
706.398142,425.139184,91.600136,209.533142
705.337465,427.764931,92.395256,210.050934
707.122473,428.431222,92.057358,207.747467
706.052805,427.456521,93.637611,211.717316
706.400568,426.676079,94.028084,214.160461
705.904989,427.732468,95.254959,216.915726
704.949385,428.861382,95.813751,214.752686
705.080393,428.575066,95.807472,215.079224
703.387602,427.846810,97.711853,219.053864
701.660383,424.703179,99.108612,223.268066
700.813257,421.207970,98.130745,229.418579
699.190039,419.863953,100.825485,231.124496
698.249754,420.328553,100.211792,231.526962
699.655931,422.012070,98.109947,229.071732
696.817690,421.840562,98.840263,230.229935
697.772322,428.259469,97.946564,226.505585
697.814318,427.838349,96.007469,226.805222
698.130438,425.180077,95.748093,230.168945
696.255911,428.110062,96.037491,227.892044
699.017450,427.903947,93.216316,229.814651
697.982172,429.596833,92.902229,227.448654
697.263155,425.325059,92.047478,235.106888
698.169878,425.678216,92.323387,234.620483
696.726713,427.776269,91.904541,235.899231
695.905802,420.640053,91.629555,243.625031
690.080500,412.823258,100.438728,254.155228
688.465818,415.128930,99.432861,254.487854
688.575972,409.969552,99.982086,257.166901
687.772352,414.820031,98.008881,256.852539
686.740290,414.512040,99.026985,253.950211
685.573267,417.980691,98.848763,252.444977
685.227884,417.096642,100.236305,256.666565
685.230730,417.599259,100.091942,254.043839
685.448767,419.480782,100.590134,254.598663
680.836981,417.224663,104.259445,259.604187
679.640276,420.232659,103.992455,256.659546
679.142378,422.819573,102.279449,256.469788
678.774752,417.736336,103.241203,260.935883
677.857775,422.420174,101.539452,260.818695
677.348185,422.375863,102.829872,262.906036
675.477037,425.264748,104.514000,261.390045
677.166929,426.779717,101.966980,263.914490
676.806063,423.309411,102.082390,265.899414
677.706377,428.094704,100.643822,263.601349
678.834608,431.210045,100.598969,263.934998
678.595434,428.777947,100.040329,266.818176
678.348593,429.868752,100.049698,265.897247
679.831709,430.378014,99.079926,265.255981
679.531328,438.079415,99.240501,260.232635
680.756430,434.596474,96.902237,263.987457
680.748487,434.169060,99.001984,267.352051
679.093206,437.447808,101.779526,264.814026
679.728083,436.227669,101.879158,266.385895
678.768724,439.872521,103.187401,265.737732
679.256483,434.864007,105.796051,272.719543
677.962652,441.253167,105.836288,271.471375
677.591120,434.879952,105.643440,276.730499
676.964911,433.907509,106.720016,277.178864
673.941580,440.454201,110.003250,272.590790
674.901243,435.434701,108.820801,278.669586
671.035475,441.678536,112.395111,271.853424
673.490396,430.422310,111.928505,282.313446
674.813410,435.787102,112.674629,278.948425
672.492025,435.150582,114.112076,278.805084
674.287699,437.255501,112.307045,278.071564
674.690268,442.357918,111.852005,273.955414
673.016790,447.563714,110.385178,268.721863
672.775717,449.269234,110.450577,267.478424
678.329126,446.181954,106.206001,272.054413
680.407316,444.148659,106.574280,273.452057
680.184271,443.752389,106.897079,272.978668
681.331118,442.947899,105.496452,274.943359
681.052656,443.233376,106.045685,276.540375
680.150095,441.599831,106.675453,278.236786
680.510836,436.996041,108.596306,283.003959
680.050093,442.661702,108.138947,277.338298
680.913843,441.872217,109.001961,277.330048
679.716742,443.546641,110.638046,275.493713
679.738729,444.964899,109.506485,272.941742
681.786139,447.770731,108.965073,271.065369
679.351248,445.747584,115.289261,273.292267
676.186399,451.237406,114.902344,267.164734
681.070955,454.156977,111.994987,264.694305
675.059340,447.468592,118.018219,269.909760
684.433111,452.753397,109.523544,266.791016
674.521292,451.599451,118.528763,266.631927
680.351549,454.454905,114.993187,263.124695
670.292875,454.908793,123.497009,263.512634
683.497835,453.637125,111.512993,263.269714
678.402433,458.430399,116.062195,260.465759
677.414907,460.429178,115.159561,257.126770
685.177042,466.618326,106.673683,252.062927
681.128412,465.270937,110.170784,252.305862
682.991720,470.464670,108.259171,249.535330
684.623953,473.019078,106.836746,246.734253
686.828299,475.025075,105.520889,244.612885
679.606157,473.281819,114.601646,244.859711
681.397100,469.113576,113.804123,250.006866
683.290167,470.974309,110.540268,249.025691
682.088999,470.735034,112.936378,248.658661
685.401800,473.622088,112.264572,246.377912
683.934221,474.969758,112.295860,244.542740
684.425947,478.138711,113.543243,240.825928
683.749380,476.799455,115.974686,242.466843
685.525713,472.510774,117.621544,244.890457
687.218912,474.997659,114.053688,244.206604
688.126486,474.675981,116.738541,244.037155
687.352793,473.558687,117.497841,245.372635
688.032053,473.007699,119.257790,243.812134
689.431093,476.890039,122.846184,239.898224
690.101824,476.934373,122.036217,241.221298
689.493303,474.472932,127.269798,240.991898
690.327379,475.302232,126.701256,241.697311
690.709051,475.932031,127.642075,241.369171
690.821344,477.182069,127.144844,239.656570
693.416861,476.060418,128.497574,240.318573
694.605642,476.129434,128.581802,240.910034
694.077322,475.002176,129.424515,241.785583
697.636141,476.845842,127.199699,242.638107
699.162134,476.262071,126.358284,240.926804
