94.000000,160.000000,727.000000,555.000000
93.178314,156.982178,733.947083,547.850830
87.844696,156.855133,738.692688,550.286804
88.313782,155.596039,735.268188,552.464417
87.255829,155.023834,734.404602,553.843689
84.468018,154.461243,734.419922,555.020630
84.209747,154.700989,734.840271,554.595093
84.792053,153.673157,731.003540,553.619507
81.314972,155.423004,734.845886,552.891541
83.030273,152.095062,733.880859,557.186340
89.777130,152.721222,731.309265,558.124695
89.704742,156.907104,728.533142,554.829834
97.398346,157.603363,724.763855,549.810120
93.446075,157.029785,732.038757,553.403076
98.224609,157.822968,729.835205,551.340637
94.294373,156.107697,736.375854,556.296570
93.220154,151.675140,740.446655,557.116272
94.840759,152.307404,740.240845,560.214050
94.460785,153.313782,741.204163,555.312378
92.701416,151.182007,739.919678,557.736816
92.801636,146.408844,740.389404,561.810486
87.861237,141.105652,742.713562,569.554810
84.415039,141.184387,745.126465,569.696655
79.743805,140.605469,749.331970,570.993652
79.189880,141.660400,747.780396,565.076172
79.574219,141.109039,746.416748,569.310730
70.565552,143.830200,753.627686,565.760010
73.398895,148.315643,748.171692,558.142395
78.735474,149.257477,739.895752,563.208679
75.038910,146.985962,736.596985,566.855713
78.854462,147.545990,735.719543,565.101868
77.772552,149.097961,732.392395,562.630493
75.408325,152.191925,727.354980,564.126404
73.014618,155.055817,725.357727,559.407654
75.713959,159.751404,715.583557,554.198120
74.912445,165.615967,711.395325,548.950684
74.807922,172.365417,706.082642,541.815552
73.542145,173.223267,701.733337,541.680420
71.686646,173.317352,697.957764,541.957581
74.654877,175.043121,688.745178,539.972839
71.729675,176.225830,689.462280,541.837402
71.129059,176.849731,691.363220,539.345703
69.290283,179.328522,690.131592,535.911072
66.269836,180.921509,692.538208,533.658203
59.203979,181.434021,696.651123,533.530151
59.669098,175.401703,696.427185,541.307190
45.124084,173.743805,708.852661,542.252869
42.315948,172.361145,706.143005,545.251831
38.942719,172.359253,709.429260,545.571777
29.738831,165.196106,722.742310,553.870239
33.340271,160.529999,720.798706,559.470001
22.584198,159.312698,734.085266,560.617737
32.790527,157.796768,715.646729,557.762390
25.491791,157.355148,723.327209,557.043335
23.347504,152.015915,729.090637,562.726196
21.132843,140.204117,736.007751,575.248230
24.036560,140.891891,733.485962,573.675415
27.714966,140.413895,729.478760,573.470520
17.904480,138.304794,741.519409,579.252930
20.417999,138.139969,743.503113,577.657043
17.330872,131.238876,762.791626,583.812744
6.705322,127.732712,780.871094,588.116333
6.091309,127.529648,780.479004,590.402344
7.759827,128.645126,771.622437,590.567627
8.068024,129.035690,765.452820,589.714722
6.489685,133.886612,764.422974,584.528992
3.733612,126.860886,779.218323,591.917358
11.549713,125.760544,772.000183,589.129517
13.914490,127.111557,772.791382,589.128662
10.260498,127.888168,779.899658,589.767090
11.574463,127.771622,780.855713,591.292419
15.093719,129.969772,772.512268,584.436157
10.916473,127.930588,783.982239,587.773315
5.612549,122.124802,793.780518,594.994263
14.844879,119.766037,782.728455,593.835815
15.345673,114.524216,776.844299,599.869507
15.677338,112.679398,777.742981,599.452454
2.099579,109.720627,790.131653,602.894653
3.871399,111.213638,782.938354,601.623474
3.212128,110.364914,783.518616,603.226929
6.341064,111.494034,782.383057,601.835876
7.177124,114.420944,783.339844,598.806519
8.970734,116.251907,783.256775,597.809143
12.371094,116.636185,777.866455,598.517883
16.285065,117.661728,776.174011,596.894043
17.494293,121.848770,772.176208,592.511658
19.701263,121.121567,766.949768,593.021729
19.425781,122.609695,769.639648,590.462219
18.569519,121.145065,766.673462,592.012817
17.040100,120.439438,770.321899,592.531494
17.158295,121.755264,766.355042,591.356628
14.498657,120.569473,771.865967,593.182068
16.804840,119.179642,769.234314,594.666565
25.029907,123.316788,765.195312,589.876648
29.959198,128.194138,763.161682,584.651978
27.974762,129.410110,766.650330,585.060608
30.059845,128.783188,768.246033,588.021240
29.337280,128.603043,771.709717,590.172546
29.839935,129.020004,780.289612,590.979996
35.155365,137.191948,771.828674,577.708862
29.689056,159.870232,765.077698,560.129768
37.248566,173.100338,754.875671,546.899662
45.294037,177.125425,748.291809,542.874575
51.620331,177.908111,747.166809,542.091889
58.649658,179.275802,748.655273,540.724198
63.537750,182.488945,746.805847,537.100647
82.955292,186.528038,726.423401,530.150879
76.980103,189.299858,733.824463,528.740784
72.470032,190.812462,742.795532,529.187538
83.115723,191.358135,735.543213,526.704346
75.969513,189.189190,748.768005,530.810810
77.163605,187.286032,751.021667,532.058289
70.428040,182.452078,768.664917,536.285278
70.599854,179.908194,762.503174,540.038086
68.092102,173.895407,774.546509,545.082947
64.515900,168.458242,771.071716,550.537842
62.950256,163.623190,770.066040,554.487000
54.098846,158.419149,781.376526,561.580851
64.872223,153.172587,762.082947,563.394043
53.552673,146.994029,773.260620,570.477966
44.136139,141.992686,775.033630,576.321716
34.781616,137.651042,778.011475,581.121216
37.550812,134.090861,777.483337,582.711548
26.026001,130.580150,775.535645,589.419850
28.797363,130.554449,774.449707,583.352844
18.805542,128.505926,784.013916,589.734802
29.565155,130.868291,771.615051,583.084778
20.102142,129.858922,776.019836,588.727539
29.755280,127.802953,761.724792,592.197047
36.868378,124.702471,746.800110,594.429993
38.627747,112.773089,727.811157,599.799500
55.265472,104.124163,671.161438,614.447937
63.076508,103.523089,613.103333,612.897644
99.514130,106.349414,530.082825,612.972290
64.436859,110.078204,537.010071,605.161682
70.032898,112.419970,515.931519,601.720581
78.545151,115.027819,503.529572,600.875000
74.028580,121.961261,508.380096,590.726868
95.127502,132.126544,474.909058,581.419495
142.665741,143.252642,411.956116,568.535461
146.773453,145.169177,394.256805,570.200439
163.086334,144.975726,349.182068,574.341980
191.124588,147.462023,297.086761,568.875732
162.063553,149.962786,320.065033,565.997253
136.526260,154.191638,375.224091,565.076416
86.525467,165.673938,453.489105,552.219971
16.969299,168.853686,537.053101,549.056763
4.356171,165.508654,478.094543,551.331299
2.099899,156.262957,401.646393,561.590271
0.196259,170.802752,431.120178,549.197248
0.000000,254.108774,356.058105,461.981934
0.000000,280.561807,281.869385,435.234314
1.226028,286.920312,260.111542,432.257050
0.000000,285.809106,300.131424,430.043549
4.568275,310.441919,324.633545,409.156219
3.555794,292.627405,348.942444,423.075897
0.000000,281.547525,345.484947,433.023010
2.137341,275.820871,353.004822,440.676758
0.172222,242.609369,325.318604,472.242828
0.000000,148.929788,309.825481,568.365540
1.305716,136.838632,318.789246,579.312988
0.000000,140.810586,363.766211,575.119812
1.392932,130.935983,383.276733,589.064017
5.499118,137.026372,383.323395,582.973628
5.614078,142.768313,389.049774,575.819824
21.840945,141.996889,417.153412,578.003111
56.519061,134.402589,424.981018,585.597411
86.957736,139.202393,413.230865,579.902832
119.442233,136.288056,427.961090,583.711944
141.602298,135.449478,419.080658,584.024597
173.909762,114.665787,420.267731,600.055359
223.645373,145.938309,407.270630,572.695374
245.958560,142.716721,405.421356,575.128052
268.320148,143.701401,405.775574,573.473389
293.585895,145.494553,401.267761,571.787720
319.298038,146.925400,407.991180,569.614258
347.255816,150.070084,410.505066,569.440125
372.824740,153.919144,403.627228,564.181702
399.516452,154.593216,400.914703,565.406784
425.709079,156.346413,394.063141,559.439941
453.550220,156.695961,394.425781,559.972046
478.918445,158.034737,397.025024,561.077942
501.943332,159.836311,394.693024,560.163689
526.406970,162.812077,396.259399,557.187923
545.713611,164.274996,386.303345,552.626099
567.432467,169.670534,388.012848,549.203918
587.378390,171.558840,389.592194,548.441160
605.477832,173.380525,383.789551,544.851501
627.882556,177.726655,376.308716,542.273345
647.275516,180.710618,373.590912,539.289382
666.487628,182.584435,374.249207,537.415565
682.382648,187.073712,366.005554,532.926288
694.444659,191.786032,361.756531,526.888855
703.336795,195.224630,366.924408,522.414978
713.734622,198.762899,363.710541,520.910950
726.191012,202.623312,364.798737,517.376688
737.736102,207.315562,348.537415,512.684438
745.975802,210.657873,351.023834,507.434875
755.069522,216.180425,343.709198,502.673462
760.457080,220.124776,341.500732,498.888031
763.744113,225.532735,343.884430,491.845062
768.215976,231.779745,348.834015,487.401093
772.497134,236.172506,344.178436,483.088715
782.013141,236.453405,346.180847,483.546595
784.027621,239.699786,333.557526,477.914795
792.180926,239.625933,344.539368,478.212402
797.142581,240.753115,328.142059,475.789825
800.305530,239.369982,342.779419,480.630018
806.667666,240.329599,336.388031,477.851410
816.015094,241.309701,348.933777,478.270721
826.128558,245.450052,329.736511,474.225250
835.089023,247.913568,345.800079,471.514526
841.959491,248.119333,333.873474,470.670746
834.817981,250.335443,350.441406,469.664557
842.632342,251.147320,332.236511,464.774811
840.215594,252.302960,337.157654,465.763580
832.398089,253.102124,342.227844,463.617523
844.012866,250.427853,336.294800,467.810913
847.549457,249.917477,339.377991,470.082523
846.319430,248.680388,351.120880,470.377502
842.740237,244.385603,371.335297,473.009796
796.389453,242.725294,444.052734,477.274706
828.111865,233.726813,412.803223,484.927917
831.409945,232.016425,398.924103,486.406555
828.401477,228.302482,412.845825,487.690399
817.782382,225.497352,421.196564,489.337280
822.834918,222.347755,431.037292,495.529297
820.808352,222.552802,431.462738,493.663147
820.361255,222.478187,444.145508,497.521813
824.497653,222.299350,447.952301,494.393402
821.504611,222.214313,451.126617,497.785687
824.169726,222.823358,447.715820,494.157928
824.383929,224.765009,446.690002,495.234991
824.753451,227.003751,447.291779,489.663269
826.740252,227.527036,444.511047,492.472964
825.812304,230.430388,447.354492,486.057861
826.258258,233.842589,445.883484,486.157411
829.075931,235.075195,442.806244,482.623108
826.163363,238.206924,445.106720,477.657257
823.403674,242.989364,446.968872,472.659515
818.663852,247.755157,459.090363,469.603027
799.493487,252.064880,475.712585,462.972595
815.875583,255.428893,458.680084,463.442322
808.689242,263.299972,466.868683,455.231659
804.751529,258.107986,472.304901,458.385651
809.191363,256.004195,457.938904,458.903778
805.704440,262.528686,461.179840,454.368469
796.665240,260.891250,476.118591,458.037384
787.562854,265.795257,486.303833,454.204743
782.657504,266.276245,492.199005,452.956879
748.080096,272.757431,529.589661,445.203735
768.565799,277.848693,502.968597,436.900116
728.078815,276.090454,548.052673,443.909546
757.044726,279.256073,516.433105,436.374207
762.959888,277.520477,512.086670,441.987976
749.324939,278.934845,518.484741,441.065155
746.128924,282.249725,500.861145,433.931976
745.980899,283.509964,501.778778,434.372192
738.460635,282.026382,495.047333,437.973618
734.637836,283.330833,464.546692,435.439178
727.052325,283.218025,429.749695,431.714844
726.642962,275.458809,328.535706,436.709351
722.514689,261.523460,214.376846,454.754730
703.758555,251.783562,214.656815,461.967438
619.352969,249.741676,286.496307,459.049500
580.119021,245.894829,324.706146,430.569977
452.861438,241.356300,451.015259,470.987488
392.297107,239.036049,512.276978,444.359436
317.334521,244.889702,598.662598,458.224884
260.124804,243.805107,670.492676,455.438263
348.466205,238.654289,584.644592,423.287506
299.078815,240.421074,643.719666,395.019806
272.063312,234.086571,670.199890,372.953949
258.477130,220.922142,688.430359,351.614349
267.589252,210.877891,689.224670,356.579071
283.538135,206.522484,706.906738,325.469574
328.466174,204.003609,683.168823,321.075928
349.385089,200.965538,675.433777,329.034637
379.194049,200.460846,667.739929,255.230545
330.866504,195.338081,712.702637,266.212891
359.117633,194.204765,687.946716,250.564484
337.831042,195.982025,704.075317,244.632767
341.140552,196.424530,705.490479,248.442825
328.330401,196.140236,709.240417,252.770203
380.000964,194.106224,657.162476,258.216156
347.879474,194.877434,683.513245,249.589020
294.128589,193.283607,739.478516,253.953430
327.868426,196.452095,717.959778,223.133301
367.360522,200.330818,677.475220,231.123047
348.928699,203.647545,692.735229,234.180389
343.610217,201.617439,699.220825,241.345337
370.785113,199.018661,676.171814,240.961594
335.017261,196.291313,710.202881,247.033112
469.735370,191.880089,582.121887,241.412201
423.093493,194.560806,636.907837,233.113144
411.484607,190.307045,654.521118,218.490295
432.487170,187.225182,630.855469,234.488129
413.097156,191.065323,643.596191,255.905624
377.287066,190.895904,678.289124,250.273392
423.090961,189.874870,623.181091,253.126740
368.548572,191.427559,677.837158,251.904907
382.429797,189.609520,656.381592,249.243622
407.600635,189.866447,619.167236,248.280548
443.107532,182.516334,569.879761,259.111267
391.357715,179.623115,607.171753,260.753174
382.933368,182.451286,606.744934,260.021637
368.895251,181.667992,606.997070,261.328217
335.611865,181.759376,626.524780,262.150452
316.599963,183.992027,633.738403,261.145233
293.467975,182.634560,640.360779,262.801575
317.143970,182.830574,601.596924,265.188843
323.523425,177.288200,576.966797,277.021515
279.815112,177.121635,596.649048,277.147125
288.821368,173.141304,568.194763,279.634033
287.794543,169.780571,545.953125,279.664337
271.321979,166.354195,539.943420,282.313354
240.977832,165.004173,553.890381,288.300262
240.463916,166.165031,540.863525,289.907990
229.188952,166.231361,540.029053,288.919617
216.459521,166.607567,541.094849,295.702484
214.683795,170.385170,534.751160,288.595276
212.522113,171.264580,529.562561,290.342194
209.511493,172.650825,527.478943,286.886719
198.871387,173.521751,531.963135,286.472137
228.758594,174.255974,496.406128,289.935822
226.235095,172.928062,497.759644,285.920135
230.169131,173.555702,491.601776,289.366882
230.770694,175.357796,488.774017,287.028320
239.457507,177.073235,480.049683,284.998444
256.556201,178.054207,462.863037,284.390015
264.436542,179.139793,454.568298,284.961884
261.785296,181.289848,454.742249,286.600006
269.325961,182.275627,449.563873,280.552399
266.217669,184.362724,451.960510,279.876129
278.746158,193.453194,433.992401,271.268188
283.141543,201.338264,428.034393,263.330811
301.792163,209.421967,400.254517,252.560745
339.467853,221.686462,352.070984,240.616959
360.682773,224.950088,323.331818,246.142685
362.958545,228.805077,320.069336,254.506195
357.827746,229.367813,327.271973,248.707504
355.223239,224.920586,330.339630,247.044342
381.823245,211.543495,302.279266,271.681702
383.957675,201.535606,300.008087,264.912811
383.014438,201.228477,300.703400,268.934052
369.862750,210.460167,314.960144,262.620331
370.732989,219.872093,314.911682,249.360321
372.273913,225.597115,314.885742,247.654541
372.097034,232.093300,318.345825,239.899475
370.560931,235.778351,321.236877,240.756546
362.742358,240.716469,329.808228,234.121399
357.577014,233.735069,355.127930,245.106415
330.250445,228.611755,387.302307,245.012955
319.164920,226.158691,396.996429,250.695084
321.183429,226.627136,392.456726,247.036880
320.780215,228.453133,394.982269,247.700684
319.598834,229.117950,398.931946,250.272537
319.662997,229.697311,400.612579,247.808762
311.180148,235.283394,411.033356,243.607056
303.369876,234.852409,419.007294,246.385651
302.150897,232.264770,422.513123,248.986588
302.491412,231.988747,424.574402,249.197083
304.946734,229.415710,423.401917,249.205093
302.881701,227.344192,426.551880,252.639511
301.694201,225.544739,429.080566,250.981827
300.906985,225.910675,431.028046,250.877151
294.541247,231.631470,448.132446,246.613907
286.971896,227.138054,460.586456,250.192169
276.909869,225.017937,470.394226,252.458160
273.753589,224.609901,480.682129,252.750916
265.298984,223.707199,488.422150,255.320114
261.953113,222.667366,493.836914,256.696411
259.079043,221.472847,498.376678,256.111694
254.758655,220.991631,501.670166,256.974396
245.967776,218.644768,501.340668,265.382843
235.026904,211.356911,514.959229,275.996399
236.084979,208.455116,514.003113,276.927795
222.995593,210.223640,525.738770,274.237183
229.164874,209.616936,519.912659,275.433136
228.139667,210.231071,522.220032,277.133942
226.352740,212.232368,521.070496,277.435791
225.888110,214.126625,523.118530,275.849670
219.723773,220.023659,524.985413,273.189148
219.465716,225.230080,527.186096,271.700500
223.655231,225.158043,525.374451,269.870209
219.070117,228.013649,528.209595,269.275818
213.227191,228.809090,534.052185,269.543457
217.878375,229.546913,531.367371,271.004578
217.050067,231.055946,531.710388,268.969543
216.792102,231.927742,531.647583,268.941650
214.721148,232.966331,532.782776,268.915009
217.940509,236.257271,531.897766,266.549927
216.704211,236.685387,532.106567,267.348602
215.919909,238.898735,533.562500,264.401642
217.403644,238.568855,531.047302,264.947388
217.486712,240.244850,528.632263,267.901917
212.474994,240.758141,533.221375,265.073578
215.707263,240.021706,531.205078,270.919983
213.501788,239.902214,531.303650,268.485382
214.806567,241.001930,529.955688,268.715027
211.223010,240.999214,533.924316,267.968140
211.914813,240.912132,532.755310,270.541473
212.769549,240.508339,534.033997,269.377502
212.286853,240.941673,531.185425,269.998505
212.853839,241.047249,535.350525,274.145142
216.226855,241.975243,526.178589,267.364227
231.236987,241.543724,522.983032,273.542206
226.296649,242.914818,524.074036,274.920990
231.970447,242.960701,518.016602,271.383911
237.540912,243.241249,512.964783,272.217224
236.029407,244.355431,514.307373,270.610321
239.450580,245.319786,511.146912,270.400970
243.126895,246.284019,506.422577,271.760101
248.185153,248.556923,501.481720,270.755920
252.553775,251.946175,497.694427,270.135132
255.250842,253.459862,491.770996,272.681854
259.913516,253.213631,484.061615,265.073486
281.360721,254.220077,459.008514,245.273849
319.325046,259.450722,408.514069,263.513000
309.924304,272.536873,394.358154,244.036987
327.287387,284.876297,366.726593,232.799179
368.692935,275.548164,314.892548,245.966187
417.035251,258.519783,264.751740,263.599121
442.231486,253.165169,237.779068,261.836548
461.591708,249.089210,216.365875,283.257385
472.946467,244.372765,200.669662,322.335175
472.221225,231.354988,198.075958,354.571533
467.717525,226.253258,196.800644,377.690277
468.464824,199.545586,194.726212,418.913971
465.614062,183.353996,205.148560,442.725372
458.189898,169.098686,218.139099,464.006866
455.838336,167.708610,223.607239,463.185577
460.278041,158.494347,219.555710,472.567474
461.720561,151.325752,221.608536,476.339600
464.479960,150.061409,222.335587,471.375977
471.300677,158.248543,217.791687,456.434082
478.395869,168.612694,211.702377,404.892303
500.538051,179.003014,190.547897,371.102875
494.008388,176.774437,195.447433,353.463226
484.051555,183.665352,199.785416,331.037720
476.134768,193.247215,203.761078,322.101288
472.319171,215.223106,206.981628,301.145477
468.331416,244.487526,251.143051,328.467224
473.783000,219.717659,203.321060,293.995850
472.123096,233.771568,205.517090,284.560638
474.173068,237.211510,258.397247,313.814301
480.065257,221.262825,200.243851,287.038940
491.325824,208.135460,224.937439,312.695404
495.824031,226.881264,233.097763,323.835266
465.868205,239.846733,216.081680,267.473419
454.493335,238.883018,229.309814,281.785370
444.631427,241.470512,272.670715,329.106842
434.190997,241.391441,251.099060,281.572235
427.060733,244.140648,268.151703,275.656708
424.055041,244.541649,300.423950,278.748871
422.842212,251.224297,260.473877,260.225006
411.455554,266.721466,275.723389,251.223343
399.045489,268.292908,287.275208,253.997452
388.781711,269.969536,298.380890,253.369415
379.747668,269.463982,309.872925,257.205963
372.202945,270.464729,319.597992,259.988159
365.468295,273.051552,330.608917,256.775574
356.859820,285.660149,344.676819,250.803375
352.714267,285.459351,350.298615,242.098770
361.948230,282.752937,342.500977,242.438477
362.835834,279.590424,341.454163,243.253738
360.644549,280.319488,344.292664,242.346756
361.363330,278.550697,344.770386,247.878235
359.263736,277.503914,347.748505,246.825684
364.092593,276.617416,340.032562,243.736496
376.723956,258.603813,325.638367,269.997101
407.506915,228.018562,298.014954,303.984375
435.563815,198.899757,272.907501,329.668396
451.776004,173.203377,255.778778,358.109497
465.731128,164.944374,239.797729,366.706848
463.650409,162.555534,244.427795,365.634186
465.615481,159.328300,244.686371,369.017731
463.785159,179.108940,249.149017,348.945709
452.147906,193.736320,258.028137,330.407257
448.722507,204.701775,263.353180,324.667267
447.050754,208.150169,266.365021,320.330414
443.905719,210.195595,272.357971,317.213806
435.995090,205.410561,299.592926,324.257385
421.627307,213.587685,321.006470,312.376892
409.111789,229.143547,337.387970,295.456696
406.922610,232.233314,339.648163,295.724792
410.247027,233.383141,336.938904,294.170013
413.118625,230.655495,337.004425,298.402893
412.479495,227.004036,337.328949,304.295288
416.399646,225.976570,333.698242,303.969727
412.325595,223.504723,324.921173,313.448578
420.878619,207.529045,318.143127,340.490265
505.097804,259.845070,228.497971,293.127014
477.922381,186.019051,254.663391,372.855713
483.643672,192.044380,247.904160,362.185303
491.859447,191.083748,239.847122,362.034058
494.610660,195.512642,238.630096,357.011841
497.457202,196.642662,237.839233,351.542694
499.224048,202.302269,244.971802,352.212128
489.422931,187.045876,276.396179,371.624939
484.456378,202.604469,280.327332,354.909485
477.046283,209.195244,286.884583,345.173370
467.329196,204.641212,309.332672,341.647888
454.710818,218.194847,369.560394,302.448090
446.716052,214.508766,420.221924,293.590393
431.282397,223.407722,439.223755,281.823853
414.323932,238.106789,456.337219,270.812073
398.570590,255.567062,468.607941,253.270432
387.972034,282.783302,486.186035,224.518982
386.856524,305.316040,489.809509,206.306412
377.681048,314.106323,498.679504,202.257462
380.024890,315.094871,498.783691,199.911346
388.955600,315.028458,491.229034,200.360580
396.404010,315.173210,474.047668,197.503693
410.881091,313.259178,386.553223,198.397675
455.101977,270.076157,314.997314,245.207809
507.638934,225.540276,257.452820,289.033600
486.666888,328.559769,274.785706,185.758652
465.401004,217.377830,290.381927,292.087372
410.573092,215.652580,398.500153,294.658112
391.984530,253.873695,468.356232,259.686584
373.912417,272.043251,505.737762,259.802185
334.057788,268.473640,520.660767,265.037964
300.171557,263.822441,516.464844,316.502960
262.031665,300.359032,590.469238,307.659515
221.255359,318.523491,663.053589,288.747101
195.263110,318.956917,665.088379,280.899780
179.321856,308.089561,691.784119,291.155243
146.051837,310.344276,683.059753,272.415588
134.583331,308.884483,675.019714,269.936737
105.214984,305.996071,717.150696,273.261414
83.199176,308.033394,684.715759,253.646729
70.740588,300.274925,660.900879,253.449310
62.444964,293.851646,635.156189,278.406708
65.879626,288.349129,619.560547,294.094116
80.748248,288.697151,591.924866,286.436646
101.542071,287.658623,553.618958,316.449493
139.138843,275.522743,536.509888,274.880920
151.220416,271.850685,466.015442,284.084778
154.121799,270.220238,439.790924,320.100189
156.208606,272.444023,448.874878,329.104279
155.141406,275.880836,440.337402,313.608826
118.659884,289.089676,464.647003,241.283920
91.687289,295.521988,475.072052,227.100815
89.195483,265.281548,501.590088,267.269928
87.340350,293.133354,496.094299,238.575592
43.318988,293.316750,528.905212,249.928772
6.936206,291.090759,571.555420,231.020645
0.000000,291.034431,596.023181,212.262695
0.000000,298.860100,577.179376,238.758331
0.000000,304.373917,599.070554,251.520737
0.000000,320.582642,607.051024,241.670792
0.000000,332.463425,638.309753,218.976852
0.000000,337.571243,614.083892,203.879013
0.201645,339.268249,534.522522,185.702896
0.000000,328.005325,480.454346,224.171127
5.697845,333.277542,475.171082,215.103256
2.030334,333.340904,474.014526,214.229218
5.913574,328.932510,509.255859,212.769272
0.000000,333.048775,479.857834,202.391724
0.000000,310.190651,423.765495,211.524231
0.000000,297.738258,386.144268,217.081970
0.000000,282.024742,332.097296,229.481293
0.000000,234.852501,337.354266,279.233612
0.000000,236.239586,297.105310,274.736420
0.000000,247.629524,293.884091,260.796021
0.000000,289.552208,244.708212,215.822113
0.000000,280.331787,254.693278,218.708755
0.000000,276.756409,249.897222,216.926651
0.000000,281.030418,346.306292,194.209198
0.000000,280.352364,390.294931,181.650757
4.280858,266.495689,528.748962,184.726776
2.784886,239.167671,525.858704,230.026855
2.087224,230.621742,749.674927,269.330017
13.470616,202.817619,647.847839,281.021759
0.000000,194.764397,403.249135,260.979279
46.155360,185.632683,410.444763,275.151398
43.418513,183.396660,358.723267,262.242828
69.233591,182.272774,354.726288,263.507690
84.739069,180.690285,396.396851,262.330505
95.439600,188.552696,640.404724,270.744720
98.116846,185.751533,693.143005,286.945190
102.879450,182.813911,688.817017,258.483032
118.663477,181.230751,686.808777,263.941833
132.570704,179.762886,687.650818,268.263062
146.492365,176.362953,719.990112,275.490417
160.497431,173.412392,710.842285,267.979187
183.256892,183.653946,649.158081,249.710678
211.569483,213.800323,640.456970,207.718338
224.985895,219.360893,623.417114,197.572662
242.081568,212.699631,579.723938,194.668259
251.716853,205.006943,582.634277,200.664963
261.605830,184.591949,591.471924,237.406082
268.742030,167.411232,565.977234,251.520447
273.939356,160.560554,604.098938,271.514648
289.175135,156.959312,554.556213,270.705414
314.033167,162.501091,704.867249,290.958771
320.482142,158.849983,697.187561,283.400146
328.207239,158.450127,689.808655,295.306549
361.339106,181.213020,718.891846,277.385254
365.179530,221.210014,736.129456,260.160065
360.672846,251.065590,619.961426,185.758972
371.887690,259.940262,516.572510,164.049179
385.090617,258.436668,476.814606,157.812225
401.699427,249.573769,411.188660,160.933899
439.440791,211.066055,423.680176,196.739120
464.113901,194.527351,395.022552,210.148682
482.611124,180.859276,358.226715,222.967133
494.248408,178.251579,347.831909,222.733429
499.622614,177.653526,334.307983,221.970795
507.732897,177.942589,246.897232,227.220062
514.829981,186.506348,273.601501,216.333755
510.796488,221.336235,369.706451,185.048126
497.923930,248.436752,399.804474,158.114548
496.104700,258.175278,398.259583,151.050095
505.639262,247.773399,421.815704,158.508636
514.707667,228.220100,415.361877,178.883789
545.004526,217.524353,379.132904,190.228897
562.568537,203.742958,330.419312,200.986267
575.136378,191.406029,287.772644,213.892914
583.104426,189.146568,264.552368,217.399017
592.825198,184.968056,248.619003,223.956116
597.743121,185.256691,246.807083,226.101379
601.637980,186.482132,245.792511,225.419907
600.949381,196.916573,261.590118,213.977539
603.006586,231.800285,272.051147,182.013336
604.289622,263.282852,277.065643,151.676010
603.416361,227.267219,289.322662,183.448242
605.936549,201.817924,266.839172,209.860260
606.337870,175.782783,266.989044,240.850098
592.792734,180.692703,283.912811,234.897202
586.195811,192.876228,269.921600,226.448486
582.437952,176.459755,294.252014,237.362244
581.281916,176.924881,346.744995,244.852280
588.385371,176.266663,360.025269,238.713516
594.336863,176.907387,349.688446,241.257263
597.011546,178.702377,361.539886,241.806564
603.762812,181.686348,347.101074,233.987793
607.732172,217.121796,350.900879,205.405472
611.524790,267.753662,345.576385,154.565079
610.377024,277.569496,337.341034,145.885437
608.751444,269.226822,326.462433,151.940903
615.476191,245.210365,307.079102,184.890442
630.207224,239.055496,283.020966,188.834457
640.765993,232.049652,255.876816,199.035965
647.667818,213.353432,253.487473,220.432312
654.917857,211.664352,249.931244,226.030319
658.059084,212.868828,248.707748,223.870514
660.783717,213.854889,243.810242,223.604202
663.044726,214.305626,233.697525,223.342865
665.137377,215.611519,235.482803,224.847656
663.149805,229.757790,235.047668,209.077087
660.925303,270.594711,236.535492,164.846359
652.269411,268.971611,245.919052,165.160614
651.325564,266.321258,250.595016,164.375626
653.270457,250.321892,258.032257,180.787384
652.779322,242.564094,269.894653,194.827148
653.151347,239.695206,270.957001,200.805893
666.263636,243.169594,260.225098,196.242981
671.468989,269.463928,255.050110,175.159683
676.808367,273.710113,247.490982,174.550980
676.980273,273.335236,242.316971,173.930618
678.682276,273.064072,232.592712,173.133713
679.715418,275.671188,234.396729,170.152023
684.041018,282.597244,231.582199,165.617172
661.836878,289.614426,272.910156,158.982346
648.155863,275.274765,299.726044,182.868576
646.690409,258.616341,319.250092,199.286255
649.539988,238.458084,331.851959,217.969467
653.206446,232.553184,340.496216,220.757172
663.516260,226.717735,343.728760,226.427338
670.870371,237.378418,350.356720,217.588638
646.908747,276.239441,408.515564,159.786636
640.775660,259.492149,477.787231,161.719574
638.549204,237.769867,456.107330,149.149490
642.068842,215.231399,482.996643,155.270615
643.123133,208.105202,484.777832,155.564392
653.324015,198.889175,493.290863,158.580673
658.611231,200.803863,509.639282,148.124588
661.871867,204.406044,507.091278,137.458557
670.601511,219.406204,498.367218,121.673935
676.205912,220.543507,418.266693,125.521645
685.081629,215.073074,453.349854,121.305161
696.461832,193.404419,411.108368,141.052505
725.999888,194.744568,387.199615,147.282852
763.281336,182.712883,362.396362,168.599762
803.751826,180.387260,305.000916,167.459015
826.568430,169.075035,278.386017,178.941010
834.497263,161.641418,272.393585,188.633560
847.090708,113.130485,240.876373,273.943878
814.922419,119.855690,438.812927,398.798157
859.705714,127.487129,408.458496,347.801636
883.545954,122.881172,382.862122,387.739014
877.066401,129.000603,331.607483,265.189728
849.911555,170.273766,295.152283,187.372528
795.054255,165.487488,367.508972,209.259415
764.644389,198.367897,435.546356,179.886414
764.623637,213.332901,468.315155,155.111069
758.207270,199.871437,508.764099,177.684143
755.851466,193.300957,524.148534,208.162994
761.499036,198.911713,512.791626,203.400589
823.643521,202.457344,446.795868,197.157104
999.116559,201.215385,280.883441,155.913605
1010.528082,201.513908,268.341400,164.619049
1005.742255,213.539070,274.257745,169.608521
1029.158611,232.053871,250.841389,159.005554
1024.967901,244.094871,255.032099,151.605865
1016.162509,240.403473,263.837491,141.593094
1120.935075,235.933090,158.838135,133.206161
1009.230943,233.584961,269.583862,182.376846
994.396135,229.760315,285.603865,182.186905
992.109078,231.365768,287.890922,146.687912
970.324177,228.955376,309.675823,145.868988
1004.430597,222.496651,275.569403,116.656494
1002.274091,245.877415,276.985748,92.938545
1002.966352,253.513615,273.330353,112.456429
983.637708,273.331814,293.344635,95.730370
966.488706,268.758057,309.601929,129.688004
1077.875020,266.101250,202.124980,147.396942
931.720652,252.134262,339.400757,163.955673
900.346797,254.215111,377.193512,172.131378
885.610285,246.638313,391.520538,166.169006
871.664835,250.330208,407.386414,161.871033
877.459025,237.922249,402.540975,171.270203
853.079778,220.399734,425.461700,186.653366
849.414708,205.048767,430.073334,198.616165
840.128560,207.142982,439.871440,192.169922
870.359095,216.909363,409.640905,183.021072
877.004011,222.103310,402.995989,180.068359
887.484061,221.159302,392.515939,177.756424
900.556514,210.507805,379.443486,170.932098
909.552671,204.015305,370.447329,176.996689
912.710555,212.871918,367.289445,170.608047
906.870307,215.746994,373.090546,169.263535
907.799873,213.019379,372.200127,155.606949
914.995365,209.630783,364.106750,136.349472
894.575123,210.779777,385.424877,162.974213
903.126642,214.175148,376.873358,179.793579
901.305463,218.719292,378.626312,178.512177
899.640790,220.856750,380.359210,178.081009
919.051291,224.867287,360.948709,164.072754
922.839275,230.906517,357.160725,174.193512
921.883367,240.242401,358.116633,187.751236
912.560290,251.166199,367.439710,182.092484
894.587854,256.616074,385.412146,178.939072
884.698270,261.502464,395.301730,166.882599
887.168562,273.194054,392.831438,170.440216
861.226890,284.919075,417.193298,180.783875
858.745292,300.801659,421.254708,174.568512
877.033413,310.638840,402.966587,165.159164
845.701582,310.312729,434.298418,164.541611
841.192710,297.647613,437.440918,190.561539
848.193747,305.640236,430.924438,204.683960
852.451575,292.839409,427.216278,216.984100
856.694053,274.469597,423.305947,256.371918
863.700252,260.194923,415.996063,256.890747
899.232372,259.248001,379.209412,255.543991
936.725368,262.692726,339.668976,255.212891
980.393077,250.042290,296.989075,284.937225
1040.536724,241.232811,238.427734,311.449493
1046.057163,250.330528,233.942837,356.564606
1063.410715,258.389915,215.445206,300.767487
1058.110857,284.125969,218.392212,272.728119
1069.659174,293.587151,197.266037,275.882538
1053.246645,305.614738,190.776031,262.655975
1042.774042,310.715179,214.996872,250.450577
1024.873979,312.882523,181.826904,252.261520
1010.328127,309.450035,192.439850,283.331451
1000.840646,308.745766,235.432755,264.276367
987.622270,307.504036,205.957031,287.033630
984.352960,306.139854,253.189255,273.473785
968.840051,304.086372,195.626083,315.183655
966.873049,302.952736,190.287872,340.072998
952.323396,304.551475,256.341034,338.237213
942.496874,305.400688,228.185730,375.432709
938.908182,298.644875,204.322464,294.349976
942.216181,300.188774,199.447922,344.900726
931.856867,297.963203,254.333054,346.395813
914.741838,298.285011,241.371338,371.811035
918.354807,289.146858,228.800552,332.437439
930.396944,294.891182,198.454926,312.426208
928.593553,292.396675,196.326721,283.042908
923.534784,291.419014,202.462570,348.159607
922.006525,291.277000,199.765305,347.856232
919.801904,293.609093,206.355942,328.694366
919.670610,297.124763,196.288940,304.202087
917.508302,298.360512,198.700958,308.693970
917.115556,305.809044,195.398804,292.645660
913.682329,318.333794,203.076538,311.655243
911.112184,317.024803,210.416901,319.691559
907.933138,315.812584,207.057709,303.634796
909.100374,312.793007,264.942841,315.929565
909.618181,315.251457,232.293213,338.239105
907.960932,315.764305,210.389328,331.979523
895.582597,301.275886,225.172119,336.027771
892.502657,290.348686,295.943817,273.376068
878.797548,286.331779,271.473785,371.368134
888.448564,281.262047,302.018066,304.431915
889.903719,282.880867,271.408295,350.376038
893.925630,279.417992,309.809662,318.895050
897.412645,280.914299,269.474182,350.611786
905.749437,294.143211,305.016785,336.450348
910.697496,298.305138,302.441833,347.225006
910.810808,291.680321,302.735352,332.901642
910.680467,290.721718,297.276550,350.887329
910.866472,291.106773,304.069702,326.126007
912.107820,290.576622,284.901581,351.183136
911.839891,286.008766,298.195007,300.603394
888.404894,282.674110,328.059021,356.232300
880.429842,277.620247,355.919281,284.336121
877.244600,278.582008,373.049896,361.680298
874.621935,283.603889,379.105896,346.343445
871.299211,279.644768,381.705444,408.155487
880.047624,277.899589,384.287598,284.770111
882.451341,281.462639,377.500427,371.630219
888.058092,285.599892,369.062683,316.346924
890.410661,297.778053,364.387817,344.913208
892.669222,299.384926,370.162445,344.375732
896.771654,295.621986,368.125549,352.971191
900.732973,285.738121,368.048615,324.574982
878.861330,283.252846,396.375641,324.542114
859.105226,285.840340,419.237823,366.533875
853.839205,287.896446,426.160795,264.351593
844.028687,285.948791,435.971313,250.462967
819.479050,284.114876,458.494659,275.835266
809.082398,287.768990,470.917602,283.296204
782.079910,287.653816,494.464813,286.927917
760.613770,281.602837,515.550781,356.267670
732.044617,271.721977,547.955383,345.318207
691.841126,270.505653,586.483948,313.855347
660.183930,277.270958,592.620361,415.712921
648.233673,281.233391,579.311157,432.205292
644.870789,275.360069,542.450989,385.150177
631.917084,280.308342,589.520264,374.309052
629.357147,277.482246,588.540527,357.478088
629.913574,273.561058,587.033142,369.752106
643.160828,275.308891,555.879944,349.016205
648.635559,277.597893,555.989075,432.287079
652.200562,273.834907,531.644470,430.624573
655.375641,276.161156,523.953003,357.915680
658.513031,279.856712,543.667969,368.562897
666.903748,280.514397,526.688538,339.370819
669.795380,281.627647,540.735840,358.373810
665.446228,294.306847,545.399475,337.343048
666.676575,307.183723,543.036438,301.703064
668.671631,307.456398,542.306824,340.250488
669.458466,303.069847,535.674072,307.152496
674.004913,300.465050,538.237061,344.888214
665.566589,287.642143,557.535583,330.251068
675.015350,274.580360,545.346802,341.072388
677.539307,270.906029,575.835266,340.329987
679.488220,266.396187,575.998474,374.721008
685.877960,263.085945,575.094727,368.842224
689.015930,260.156151,574.144470,434.941803
687.438538,257.371437,580.127625,445.012451
686.944702,261.265724,583.286682,436.850586
692.422791,283.761909,570.028015,420.778625
694.277802,282.083534,562.716431,406.477173
697.561585,279.011253,564.050964,385.121979
701.300049,280.446190,555.247375,418.061432
703.422302,281.499702,565.043396,425.266907
717.788117,286.617256,545.673828,414.402893
717.002228,307.332069,550.885254,400.630249
726.633179,308.924446,541.854797,392.174988
729.729431,307.806587,532.625427,396.271545
727.318237,303.987541,536.434875,384.815643
724.926270,297.651573,526.931458,409.057892
722.097443,296.130501,531.382080,359.975525
725.180084,300.670479,519.210938,292.433167
730.002960,305.907280,519.779175,331.849457
730.881256,304.015297,524.911987,295.279541
732.460785,307.957100,525.767578,335.294373
732.133209,306.802605,512.350952,333.011566
727.371704,310.552956,530.105408,286.330078
737.929993,303.363640,529.846741,396.835052
734.828766,305.377846,529.710083,400.285400
736.548645,302.428688,529.283264,387.056763
742.980438,302.628029,518.499756,406.564575
751.795776,307.211281,514.044128,384.968384
761.616440,340.478859,511.843964,364.516724
766.862747,338.909965,499.244415,332.804413
772.036362,337.711266,487.761932,300.767242
756.377869,315.870933,511.910095,373.523956
746.625977,296.095619,525.148743,414.978149
748.498932,289.847786,508.105713,407.013123
749.656189,289.090355,511.767761,418.350250
749.849701,287.718376,513.441528,405.200165
753.256806,287.508064,508.480103,420.035339
753.918747,292.057198,500.910858,417.348938
751.000855,291.817833,512.064270,409.268585
750.653092,293.788521,505.175568,416.940491
748.783051,289.329903,517.584351,385.374329
752.803681,291.350487,490.547729,413.380035
753.552399,295.026222,515.020996,417.938965
757.245468,295.176369,498.490082,406.137695
785.964523,323.414940,485.842255,382.053619
785.312805,346.804909,490.426697,344.926514
787.069092,342.928734,480.387512,338.085724
779.614990,335.964851,483.761658,276.784607
748.279129,323.002205,466.154572,270.743835
743.700394,318.889900,474.745392,266.110046
728.713455,333.702415,426.949493,305.964264
704.151642,356.843391,465.569580,328.856750
686.451553,365.581032,480.183624,288.841919
678.358612,368.384727,463.661743,319.946442
685.766327,369.934761,433.487549,326.128967
688.657639,370.480995,420.729950,272.424561
685.528580,369.036629,402.610016,334.191101
691.532242,365.440056,408.620148,319.323700
693.480957,366.053276,399.348816,280.677094
688.144913,361.459953,414.892853,300.478241
671.490433,344.045265,437.689972,301.856934
668.388123,332.636925,452.512756,364.890045
670.529480,325.563499,488.559387,378.721466
673.042084,328.182411,502.882324,375.671631
652.052948,331.959358,543.488037,345.723694
623.317352,338.980904,580.137207,312.146912
573.531555,343.660683,620.566223,288.349121
561.631226,350.550148,611.607605,298.946899
535.152191,360.793846,650.557373,302.313751
508.115448,371.232872,694.958252,291.793610
490.552734,375.154610,681.505798,294.626648
457.403870,374.883400,705.917542,293.328003
406.176087,372.067116,730.130920,280.341431
360.116852,365.584328,792.347778,295.979370
283.367676,363.384804,887.658875,314.450928
268.306213,360.938469,910.054749,329.914154
169.763275,361.119041,1020.526123,336.873077
211.708923,354.032036,966.806946,324.196747
21.925873,349.423927,1167.640625,313.928833
158.371430,358.244545,958.560303,335.847412
138.132691,361.912178,956.541687,346.148376
123.085297,369.877190,1004.144043,337.201263
98.897797,370.731483,1047.178711,340.706299
84.671478,371.265968,1041.311768,335.769165
64.695099,371.995125,1089.487183,329.224182
43.439850,378.484978,1087.984741,334.261566
12.562348,390.602241,1121.631104,324.869568
0.000000,392.321785,1099.240936,326.342346
0.000000,387.321541,1020.262192,328.306458
0.000000,387.769142,1136.141777,326.835571
0.000000,389.207054,1085.709072,322.222443
0.000000,381.599937,1038.452192,322.415436
0.000000,379.182960,945.154014,331.276978
0.000000,387.586403,889.864330,327.332642
0.000000,385.447731,857.408605,331.440552
0.000000,381.828926,877.585528,332.339539
0.853250,376.772713,891.045532,338.821350
0.000000,382.773659,859.161905,329.559937
3.529500,380.701714,772.267944,330.660614
0.000000,394.356407,721.674550,316.883209
0.000000,410.194038,538.003718,299.634949
1.649259,419.568108,575.687622,291.325897
3.018888,419.456001,599.340454,297.896301
0.000000,408.479378,587.883390,306.631287
1.650405,389.714119,613.387268,328.214050
0.000000,376.701714,522.402693,335.973480
0.000000,311.020760,499.618293,408.979240
3.608127,302.295261,466.065125,417.704739
21.663273,294.711657,417.992920,422.990845
43.061100,291.916826,416.176270,425.286560
69.761310,290.218569,425.586639,426.021698
88.875370,286.611147,434.583374,430.322723
112.348957,286.039766,439.929657,432.898102
131.299869,292.702532,454.036133,424.341858
121.848636,312.607271,525.996216,406.516510
126.763523,316.520174,618.206726,402.181183
159.223697,315.033144,675.497803,400.680389
184.233097,313.227083,744.471680,401.707306
219.042118,314.339434,753.650269,405.660566
254.145816,307.952615,711.134521,410.920776
302.440830,297.222299,659.184387,420.721252
355.389103,281.572244,610.905518,438.427756
386.550113,278.397328,558.256836,438.190674
424.368869,278.354512,569.615417,438.722107
442.178104,275.408116,583.387573,442.547028
467.769352,272.011647,595.968506,447.988353
489.183048,272.599802,610.086914,446.537140
512.136142,273.958811,608.030334,445.419708
535.017002,272.815989,609.071106,445.886261
555.652652,273.508921,593.755371,444.802399
575.247165,273.417475,579.916443,442.304626
598.849674,277.160517,582.769775,440.387146
613.382969,276.894221,590.420959,442.808899
624.386875,281.754786,597.254944,435.707886
637.487278,283.861750,606.358826,434.355530
654.750705,288.143824,608.130310,431.856176
673.824741,290.335904,575.133362,426.701752
689.191623,292.165830,572.252869,423.587311
708.351841,294.968244,560.949768,424.663147
719.588871,296.599942,553.596802,418.277191
736.329776,301.986737,530.414307,416.102966
751.057926,305.355161,515.005127,410.056549
762.713962,308.804608,505.991394,406.780945
772.526416,311.207990,505.292267,404.607971
783.935871,313.661878,495.146210,402.620605
792.616550,316.850705,487.383450,399.603790
799.335741,319.408918,479.416992,397.378723
805.504244,322.225980,474.128326,394.519012
812.856493,325.014798,467.143507,391.550507
818.919290,328.622495,461.080710,391.377505
823.515202,328.516676,456.484798,390.253693
827.798434,330.145934,449.764771,389.854066
832.563051,331.881347,444.645447,388.118653
837.953371,333.441925,436.861145,386.558075
839.190951,337.078934,438.968994,382.921066
839.912050,335.207451,436.706482,384.792549
841.125933,335.263287,436.896393,384.736713
841.748553,334.111746,437.270538,385.888254
843.208880,333.465144,436.791120,386.378479
844.539621,333.437709,435.460379,386.187744
845.903798,332.030040,434.096202,387.311432
846.982828,332.265742,433.017172,386.172546
845.548741,332.119990,434.227142,385.544128
844.179250,331.785472,435.820750,385.419342
842.951563,331.684184,437.048437,388.315816
841.423185,331.537893,438.576815,388.022461
839.552809,331.139333,440.447191,388.680664
836.815574,331.437612,443.184426,388.562388
833.629573,331.660166,446.370427,388.339834
830.623442,331.361562,449.376558,388.638438
830.088073,331.800395,447.876740,387.432892
827.312407,330.679408,449.831879,389.320592
826.066680,329.315915,453.933320,390.684085
824.017913,327.230773,452.175140,389.847290
822.392990,326.074584,457.607010,393.813965
821.691398,325.403136,452.732605,394.596864
818.750419,323.367385,459.746643,396.632615
817.706703,322.921852,457.245941,394.694336
816.646034,322.169532,461.218597,397.830468
815.519310,322.536945,464.480690,397.463055
813.136272,318.775492,462.661072,398.905640
809.644146,318.225916,469.776917,401.774084
807.533550,317.816068,469.231262,398.874786
806.378170,317.586606,473.183136,402.368866
804.489788,315.585416,475.510212,401.592682
803.121237,315.703168,476.878763,404.296832
800.501567,315.918829,477.208679,401.485626
798.569362,315.971381,480.279144,404.028619
796.893504,315.796069,483.106496,402.421722
793.788976,314.230685,486.211024,402.756592
793.843051,315.575595,486.156949,400.249878
790.449388,313.145892,489.550612,402.676422
789.275719,313.929706,489.497803,403.088776
784.851968,313.218982,492.494720,402.884003
782.777825,311.200290,495.893005,404.775879
780.291161,311.611362,497.557251,403.948853
775.239022,310.671909,499.671295,404.729126
771.568200,309.345615,499.964355,406.674438
768.871545,311.590457,501.669189,403.303162
764.032067,312.113940,505.737305,402.436859
760.566827,313.400424,509.663879,401.153198
755.257897,315.827670,515.882324,399.292847
752.516930,317.723575,518.747803,398.730286
747.428734,318.480426,520.784546,395.914093
744.912591,319.427798,523.506287,394.194153
737.789208,319.194171,526.402710,395.493927
733.771569,320.927097,529.695312,394.219971
730.796410,320.735965,531.845581,396.247253
727.455865,322.950687,515.520569,392.519470
725.526238,324.629565,515.307556,389.737396
722.717248,324.608386,514.954834,389.337372
717.890008,325.767795,523.400574,387.899902
713.578271,327.950153,518.794312,387.555939
708.623406,327.066531,522.685730,389.243835
703.709984,328.743030,524.485474,388.430145
700.812920,329.988956,516.881409,385.494446
701.424493,328.388980,519.680969,388.906311
696.666680,327.173465,518.473938,389.351257
700.398339,326.114261,514.822632,390.619568
704.276238,322.986819,530.778992,392.060242
707.359399,319.139545,542.622437,397.982330
705.068047,326.928394,541.975647,388.525970
696.778466,345.172611,550.655396,371.341248
695.471154,358.465396,536.266113,359.345276
693.165917,360.863391,534.950806,358.522919
692.391106,362.207004,540.684265,352.651123
691.497460,360.995975,542.848267,357.582458
690.328454,360.284381,537.893066,356.670441
687.682793,363.806308,538.006897,355.856323
687.210320,361.031436,534.313416,353.583557
686.459557,363.566760,536.159424,353.383026
684.733971,362.658359,530.990723,354.345337
681.998559,364.906543,532.884888,352.875092
679.660180,359.371570,536.994751,353.607880
677.939904,358.351901,535.768311,356.935791
676.306908,354.229495,537.621216,361.744324
675.374230,353.644641,538.928467,363.221161
672.170403,353.468982,548.141052,364.109589
673.054192,349.663684,549.836609,362.373260
675.779504,347.330203,557.160156,366.416931
675.314355,344.840518,592.251587,371.382874
672.663872,343.807803,596.339661,372.717346
669.317650,341.576358,602.847046,376.073547
670.229119,339.517886,605.127380,380.335999
663.572350,337.227344,605.162598,376.298187
662.730706,334.104282,596.899597,381.905640
659.157189,333.765201,603.213379,381.062073
657.260796,331.587253,607.625305,383.394531
655.334527,332.790561,615.579651,382.764282
653.183739,332.703922,617.576538,385.356018
650.737878,333.555881,621.473877,385.493164
649.629235,332.751224,622.331543,382.339050
650.086480,332.313922,619.838928,386.897736
645.691857,332.718814,617.944824,382.258850
646.372185,339.415164,614.217957,377.436218
648.334557,335.390094,608.102295,380.853790
645.302025,335.339435,604.102173,382.214630
643.550439,339.291888,603.582642,378.429352
641.548943,339.745227,605.001648,378.360077
639.379357,341.495319,596.602295,377.182648
638.108117,340.102405,568.941650,378.227753
634.368096,341.812396,543.360413,373.148834
635.724023,344.957523,565.171997,375.042477
628.675988,344.795732,545.381592,369.693207
628.516106,345.285661,555.779724,369.445770
622.624261,347.844621,562.906677,368.870575
621.398736,347.072176,547.126770,365.787537
622.682183,349.298296,560.537903,370.701704
614.941186,345.623650,550.184204,368.860809
613.932610,348.513421,557.261414,368.378632
612.379082,348.858697,549.376038,369.457367
607.105675,347.104028,562.902344,371.938385
606.081383,347.436227,545.462158,366.412903
601.667992,344.771310,554.095093,371.220520
598.827080,348.961037,562.934875,369.779785
597.022851,344.339593,553.151001,368.963837
599.304803,349.939538,555.434753,366.571320
593.468804,345.301644,564.016418,373.148376
593.329949,342.908898,555.714539,370.108673
590.982476,346.723550,567.283997,369.277466
591.538689,342.113869,555.509216,373.114014
588.003869,345.145776,568.997314,372.082428
587.238366,341.695596,559.102539,372.378052
587.286156,345.927758,563.797241,371.901276
586.068810,341.881768,556.886475,372.128998
587.062401,348.483819,558.639282,368.107758
586.501488,345.946740,555.535522,371.553009
588.174065,345.618707,561.095398,373.715668
584.943993,350.509637,554.333618,364.733124
588.982384,349.592355,560.004150,369.159241
588.453789,349.695428,555.754700,365.869354
589.196984,351.084435,563.722168,368.675323
588.390862,351.553246,558.023132,367.076813
588.613518,351.412041,558.359558,365.180756
587.236352,351.169396,558.354614,366.349884
587.656365,352.221062,556.522644,362.516571
586.055657,355.855981,562.338074,364.144019
583.925408,354.117581,563.532410,365.882419
586.721215,354.430632,564.855347,364.866180
586.636742,352.647566,564.162231,366.671570
586.634240,352.875868,564.366455,366.039185
589.472527,353.645491,561.667175,364.801941
588.823479,353.894087,562.796082,364.913147
588.064385,353.413908,563.438538,365.943329
585.424279,356.518782,566.856201,363.481218
584.136742,356.775809,571.780151,363.224191
576.922387,360.294994,578.660034,355.065948
578.465539,359.301387,580.845459,360.698613
576.070946,355.202757,581.573853,360.684204
575.606621,356.461210,585.169739,362.952454
574.467492,358.445829,587.224854,357.624573
576.262871,358.293684,586.617249,359.846832
571.172509,357.280760,592.448608,357.988647
568.650201,359.832243,593.708557,354.610291
569.625786,358.257505,590.928284,355.872314
563.266411,358.220579,594.705139,360.882202
563.506402,363.546263,596.623596,355.253052
560.161919,367.040556,598.588440,352.959444
563.588311,370.091948,592.089172,346.492889
564.374322,375.401122,593.757141,344.362579
563.319512,375.657302,592.234924,342.060669
567.937371,379.818450,583.355408,336.440033
565.231469,375.904693,585.817749,344.095307
564.272454,380.524063,577.298279,336.642700
571.874688,379.907516,582.443909,340.092484
569.820244,385.166054,558.474915,332.759247
573.717431,379.983253,590.203735,339.465668
577.312279,385.078315,579.402954,334.556061
581.631768,381.220985,588.633362,337.910614
586.454613,383.462150,563.219604,336.537850
592.132134,380.645122,597.514221,339.354878
604.239251,379.135336,575.237488,340.864664
607.861504,377.899394,557.848938,340.144165
618.794701,371.874431,587.394653,347.309326
621.818536,378.407939,586.506165,341.520874
622.939294,376.837504,588.859375,341.957886
631.141595,371.456920,592.380798,345.876282
637.514947,372.976283,596.121887,346.259430
640.490197,369.489009,596.625488,346.874359
648.340813,369.301631,605.174500,350.574799
653.032189,363.877391,609.473633,353.104919
662.878655,366.975978,602.558533,352.832306
667.908898,360.376140,604.997559,355.206543
677.668328,363.517680,596.050720,353.099487
682.789666,354.769404,595.974548,362.593842
689.542321,356.862742,585.167969,356.196228
697.391320,356.503978,582.608680,358.540222
704.009075,353.636928,575.481812,361.756256
710.820263,350.949611,568.396790,363.261993
717.869915,349.929439,562.130085,362.938080
723.703451,349.848674,556.296549,367.353027
730.374217,348.479411,549.290710,366.257080
737.434611,350.804713,542.565389,364.300812
743.233114,338.521419,536.766886,374.990204
747.882914,352.597163,532.117086,364.138519
754.174703,332.922297,524.571350,379.781464
757.126943,350.493892,520.849243,367.193451
761.243764,333.449351,518.756236,376.280823
756.255458,339.047313,523.607849,376.122009
756.633601,348.260829,523.366399,366.429596
761.665494,345.997462,518.334506,370.595245
760.638930,342.919597,519.361070,375.074951
760.445655,339.945247,519.554345,376.865692
753.460132,344.855967,526.539868,371.212219
756.790918,339.722041,523.209082,377.056732
753.003217,343.877040,526.595276,372.308746
753.485150,335.535960,526.514850,381.318298
747.664816,331.180964,531.960205,383.473846
750.014792,326.516643,528.188232,385.405273
747.086752,328.357554,531.321167,385.451477
744.635336,325.201472,532.109009,389.993134
739.113028,317.394557,540.773987,400.027863
731.355185,321.282725,546.837036,393.043518
724.862204,326.073970,555.137796,388.691010
718.235790,324.867915,561.764210,393.911713
710.308813,329.533351,569.691187,385.337677
700.251666,335.188746,579.748334,379.456573
693.880441,340.392329,584.508606,376.469818
684.993387,343.532451,592.419922,370.882690
679.408304,347.313731,599.510986,367.633606
674.070321,348.706141,601.359558,369.090485
674.007883,364.049205,598.072571,350.807434
670.520883,368.623469,602.383728,349.925507
663.319986,370.499415,602.574829,346.760284
662.946969,381.200267,590.695862,335.779968
662.142068,375.167079,573.433105,340.551666
660.127450,375.478129,585.766785,341.769165
658.067026,379.921275,575.362488,339.365051
664.924997,380.942058,580.386292,333.894287
663.528879,375.879329,583.348206,342.139130
671.424966,379.116481,587.820190,340.230499
667.951028,375.381907,598.348389,340.924744
681.062448,371.714290,594.369202,347.110077
682.187265,374.215053,593.582214,341.564362
688.062784,376.002238,590.318237,340.178711
693.931314,371.866160,585.318726,343.185486
701.992868,372.831675,575.953918,339.830383
706.415353,371.697734,572.406067,343.653687
709.558572,372.865169,570.441428,337.988007
711.700429,372.325328,568.299571,340.179016
714.158472,375.285686,565.841528,338.410889
708.210096,374.276042,571.258057,340.133301
714.164136,376.581874,565.835864,337.838043
721.069373,378.665568,556.666504,335.458008
727.304450,376.549464,552.695550,338.076202
731.928653,377.598048,548.071347,336.478302
738.436098,376.985698,541.563902,336.620239
745.255494,376.046397,534.744506,336.382629
756.098206,373.401668,520.707520,343.139862
761.914826,372.627650,517.446106,343.775299
770.681977,372.910075,506.945007,342.295654
779.670319,373.265666,498.448059,339.965576
786.394898,375.427455,493.605102,342.462555
801.051117,378.173182,478.948883,336.946442
805.034073,376.548442,474.965927,340.837280
812.864250,377.190852,466.308990,340.840302
824.276970,376.747752,455.723030,340.872131
830.805859,379.002284,448.296844,336.667267
836.262966,377.966441,442.822083,340.839783
834.816235,376.872462,445.183765,342.230988
834.901663,376.629558,445.098337,342.269287
828.306071,375.264873,450.615570,343.723389
811.903010,375.155452,466.291809,343.224701
802.399867,370.126445,476.005981,346.399780
789.859843,367.554271,489.354095,347.079041
771.480128,366.394633,508.519872,347.126587
757.603559,367.625972,522.031799,348.240326
747.128156,364.726710,532.871844,347.134552
739.915061,366.910731,537.876404,343.595856
731.166159,367.321330,546.513855,340.963623
721.434867,375.071620,557.171021,333.593414
724.826621,376.294108,555.173379,322.620605
721.693889,376.815944,556.391968,328.095001
725.667858,382.745234,554.332142,320.503021
728.091100,379.490260,550.293274,322.705109
735.523565,380.662089,544.476435,322.867798
740.553317,385.458751,539.446683,317.054260
742.586168,387.328807,537.413832,322.163513
749.184594,388.472087,528.563904,310.677979
754.617882,393.912837,525.382118,297.201508
758.611859,387.355937,521.388141,297.416870
766.310232,387.908412,513.689768,311.839630
767.042171,385.945979,512.957829,315.036346
768.711912,386.317027,510.536194,280.567444
777.474424,382.021113,502.525576,331.132172
767.484923,393.139827,509.822327,319.989471
819.573882,420.414485,455.886108,298.515594
831.594725,437.773341,447.300964,278.053131
848.016249,460.230662,431.613434,259.045227
845.066008,464.402385,432.524536,254.096069
841.270125,467.932719,436.805023,252.067281
830.979766,475.856191,446.912598,243.394043
825.532363,481.597562,450.480743,236.000168
800.525435,483.310522,476.549896,235.318146
790.426482,474.574979,484.900024,242.349777
775.661940,475.076475,495.127594,244.923525
766.529479,471.800971,505.212341,248.199029
754.634703,470.126453,513.762390,249.873547
746.884032,464.525446,523.241516,255.474554
735.878447,461.496045,532.744019,258.414093
727.143554,456.397946,538.388000,261.525208
722.234435,456.276852,541.215149,263.723148
718.544829,447.482924,553.844849,272.176361
716.580504,438.336714,551.668030,280.565826
726.641448,423.924269,546.334106,290.363251
726.153167,413.823698,553.197876,303.098938
729.366515,402.819212,550.633485,314.104492
731.968322,390.971663,546.583679,322.944122
739.114074,381.979903,537.596619,333.475494
757.077117,361.816573,517.825562,350.234772
774.923263,348.518843,501.703583,356.054352
781.430847,341.447508,498.569153,346.843750
784.159210,331.316328,495.840790,336.639313
783.515716,319.664427,496.162201,323.904663
786.659408,309.326918,493.227234,341.748749
787.677856,303.662627,492.322144,333.510681
794.753525,295.389800,485.246475,325.171814
800.438774,283.640196,479.561226,321.409058
806.433651,270.931425,473.566349,318.419861
807.011564,254.603255,472.988436,324.108673
805.442428,243.523573,474.557572,328.875946
805.573081,226.948088,474.426919,334.438782
805.117260,224.479918,473.396790,330.545044
803.612682,213.602278,440.086243,330.700958
798.345028,209.068129,412.132538,341.420258
789.424907,207.007170,394.001953,330.679993
753.368648,212.049147,367.988739,329.894012
721.957638,216.185164,378.175507,328.465240
693.095577,217.077086,280.344208,283.331543
684.748897,199.937514,269.304047,289.040131
668.318050,218.695952,272.752045,272.526917
646.808529,190.276884,283.092255,295.161072
616.001278,237.408644,294.569916,287.486053
612.759334,222.106841,282.462494,285.963440
600.628475,218.006895,287.989716,340.605957
587.647152,232.796156,295.595551,295.713348
571.839885,235.121184,302.174683,404.637390
568.559749,236.063963,300.493378,329.023804
559.952602,242.818434,293.121002,289.592499
540.878002,246.231764,296.781921,317.926483
529.183330,252.389372,293.201294,284.339050
513.877117,251.866072,292.866943,277.142242
492.800884,250.284316,308.696167,282.458710
468.559139,248.639357,323.577118,310.790009
441.550533,245.966505,338.927216,289.932953
446.845974,246.250655,319.328644,289.633087
442.533474,242.161345,304.594879,300.338806
446.929744,230.934309,283.733490,295.607330
433.463833,210.930693,280.635529,318.994568
431.658016,190.738570,268.467621,332.341461
416.627590,170.248320,276.587189,355.470154
389.086620,156.683638,293.592102,329.961823
374.030559,134.628554,296.198120,334.026703
366.656765,107.765089,290.114532,444.580658
356.914531,110.602538,285.598511,485.227295
338.732723,104.052321,283.186005,392.908661
325.022793,110.056334,291.496979,564.046021
316.470104,127.012267,265.206726,546.878662
298.882931,123.464232,270.416840,569.016968
274.821041,135.431151,286.906097,484.526978
242.570324,129.319365,315.088318,562.092346
228.901867,142.059340,274.741638,309.522186
220.037502,140.389433,283.520660,319.808899
218.302700,142.620299,289.597687,319.446899
221.634228,150.361723,284.053406,315.431824
223.086879,157.518202,290.250397,309.369720
236.796077,163.350233,305.222137,304.391449
234.667141,174.831053,344.233551,303.318237
145.131069,177.096587,457.906769,305.970886
86.055401,177.344222,538.648926,305.597931
47.121349,185.265440,591.882751,368.573120
8.897808,192.307753,643.751221,375.088348
0.000000,201.387236,663.553051,373.984558
0.000000,208.766829,666.601721,369.841339
0.000000,220.311461,675.398456,368.866577
0.000000,224.853606,685.153573,373.143127
0.000000,231.969893,680.081822,373.090973
0.000000,237.539458,674.411486,377.059998
0.000000,240.291396,673.646051,381.090546
0.000000,239.969130,669.511807,391.235565
0.000000,246.607481,668.195265,390.057495
0.000000,247.055205,661.050544,394.156921
0.000000,244.892958,659.874271,404.611542
0.000000,238.072829,657.335451,422.693207
0.000000,232.013335,655.643861,416.428406
0.000000,218.548827,666.950318,417.659668
0.000000,196.806685,674.427521,439.771149
0.000000,187.385695,666.224381,444.497894
0.000000,181.822081,660.630135,448.628784
0.000000,168.151061,666.491673,444.984253
0.393419,159.183272,661.602051,440.681061
1.261827,151.587599,654.323242,433.414886
4.379259,145.742476,644.690430,445.650299
0.324236,132.634596,649.721863,438.293549
0.371721,125.476088,639.458923,462.418427
0.000000,126.168959,629.023363,441.180145
0.000000,130.148634,615.489160,447.742279
0.939496,135.365477,604.512756,450.796875
0.000000,143.267699,597.745160,440.477051
0.000000,150.922148,587.920614,442.354919
5.393596,161.973051,572.571167,440.596619
0.000000,172.816801,569.530254,440.475037
3.015371,179.940154,560.727783,447.643616
7.250845,186.406523,556.609619,446.287537
4.797750,192.400374,558.136169,458.908966
1.526540,194.201903,566.135132,445.007812
2.135122,195.180510,564.635498,449.694397
6.557394,195.048750,564.617615,454.291412
3.259389,195.797423,570.779053,452.274536
3.180166,194.266798,573.878662,455.009857
5.116720,193.716368,565.043152,458.455933
8.615041,194.838423,561.707642,468.382965
3.070943,194.376555,567.072205,463.946838
2.534811,196.632613,561.698425,457.993561
2.662588,200.527769,560.284424,471.848511
3.304708,202.028044,547.823669,467.174377
1.108785,204.636229,542.159119,477.322754
2.711996,208.026381,534.900940,466.447479
1.805471,211.520399,532.685181,482.407440
0.000000,212.551894,526.343526,480.808075
2.838115,216.586470,520.910217,479.606598
6.005076,216.384657,514.320435,487.618622
3.507518,222.512343,515.340454,487.005341
1.861048,226.976637,511.890961,484.799164
0.076823,230.570204,508.679138,478.808563
0.000000,232.123259,501.799983,480.789856
1.539167,236.315977,489.067352,473.747681
1.785810,240.424361,476.774506,471.314362
0.000000,244.706938,471.670560,466.714050
0.000000,245.491118,469.769896,466.482849
0.994354,246.700270,465.178650,464.783539
0.000000,245.440047,464.249481,469.136017
0.000000,245.960555,463.552063,465.373322
0.494629,245.281645,466.505676,468.546326
0.100052,241.388030,465.848541,469.593811
0.087540,239.237471,471.859650,474.006989
1.727600,236.645811,474.438416,474.400024
0.000000,236.405501,480.166305,478.614044
0.000000,236.522047,482.457909,477.921967
0.000000,235.429518,487.062130,479.562103
0.000000,238.670821,491.655195,477.353180
0.752158,238.565169,494.871582,473.943146
1.542029,239.924406,498.307220,475.185364
0.000000,242.591704,504.423865,471.790222
0.000000,247.476195,508.480945,467.836670
0.965784,247.877272,519.498352,464.279388
0.000000,245.169463,525.568720,466.982117
0.000000,243.063277,526.578732,470.366364
0.000000,244.139037,531.570677,469.549805
1.172881,242.553770,522.639465,471.464233
0.395690,243.947722,517.247070,468.432190
2.636504,251.375380,530.332092,467.128632
0.449828,246.786421,542.949585,467.844147
2.294097,234.923369,557.249573,482.118347
0.963561,232.236357,567.588379,484.983826
1.074584,235.613127,564.325562,482.514465
0.000000,236.450560,553.224792,482.607422
0.000000,241.082350,562.005523,477.409515
0.000000,243.236327,563.382767,470.412354
0.000000,243.309798,564.724953,475.284210
0.000000,243.087340,578.079975,471.208618
0.000000,242.074431,588.870462,471.429016
0.971150,242.230391,593.067810,473.855377
0.751821,246.741270,603.393677,470.420288
0.000000,252.439497,618.680013,461.723297
0.000000,253.519072,627.214945,462.806824
0.000000,259.854262,640.059652,454.194061
0.388285,272.486296,658.106079,443.051575
1.721934,273.143492,673.380920,440.635620
0.000000,269.805006,683.829081,443.660736
1.108877,267.319838,688.619141,445.502411
4.450155,270.724974,691.580872,442.381348
0.000000,275.450194,703.099813,436.921875
0.000000,274.174559,714.160075,433.900879
2.417837,272.904356,717.422791,434.776245
0.000000,273.403899,720.996755,433.435364
4.101100,274.950194,721.907349,433.823486
5.207209,274.690535,723.331604,434.096466
5.223445,274.710905,726.622620,434.902893
2.553187,274.680602,731.908691,435.659058
1.027583,270.432066,742.255066,441.471558
0.000000,275.522459,753.504389,438.131836
2.115537,278.383086,765.814575,432.474060
2.914213,277.764708,777.315369,433.563599
0.000000,276.971831,787.776243,437.969910
4.403044,276.197386,794.104919,432.885010
0.000000,276.150404,800.732756,437.390594
2.049758,269.735152,799.191589,442.630768
0.027816,270.122099,807.091675,439.953064
0.000000,274.145277,799.656570,439.170135
0.868171,268.762679,803.435608,437.495148
2.440254,253.745497,796.827576,455.496307
1.945442,244.494643,801.379456,463.355682
0.000000,251.181288,798.974830,459.836884
1.390827,236.949934,810.750549,472.878204
0.000000,243.418471,802.084461,469.296356
6.168695,237.563719,802.053223,468.832520
0.000000,237.208891,801.786371,471.205750
1.446591,229.232497,804.391235,480.595551
0.000000,227.566283,799.799252,482.421875
1.816893,225.675993,801.736511,483.352356
0.000000,225.925963,802.548857,482.940308
0.000000,225.250685,802.851119,483.153900
0.000000,222.535490,803.161094,485.665100
2.252331,218.735213,802.987488,489.293243
2.991985,223.380034,803.170532,483.559509
0.000000,224.471266,805.678295,482.455414
0.000000,219.798354,807.028173,487.758759
1.719165,219.674483,804.114990,487.445465
0.000000,222.776579,806.355456,483.658264
0.000000,223.149733,804.037714,483.926117
0.000000,227.149840,804.545285,478.523560
0.000000,231.298430,814.402556,475.255188
0.000000,231.473433,811.744064,477.696442
0.000000,224.748915,810.529014,487.121307
0.000000,250.713118,823.759411,463.737091
1.574163,232.317778,811.771240,475.379822
0.000000,231.704344,821.470526,482.692627
0.000000,230.070250,808.024661,483.594849
0.000000,233.964491,810.026155,477.054901
0.260483,237.096587,816.105286,471.495544
1.318284,243.859938,819.202087,465.226166
2.647202,244.407164,825.733459,464.933228
0.000000,245.209578,835.424790,466.336945
2.173851,249.793425,842.810974,464.635803
10.185753,250.565184,845.861145,459.734863
26.618187,251.490477,836.819031,457.720215
41.113579,255.195631,833.437134,459.199310
38.851891,256.257338,851.564026,455.879120
54.543969,257.926711,846.397156,456.175385
67.555382,258.910399,849.906311,456.116699
80.419457,258.195296,851.726013,457.805939
108.301018,258.486571,836.945312,453.624512
111.518761,258.183318,848.159485,454.661926
115.530754,258.445921,856.477539,458.129883
143.040337,256.876540,840.187866,455.932465
133.744835,255.557249,861.925110,458.888184
151.619591,256.346831,855.571594,460.252625
121.528313,253.578246,897.762451,466.421754
147.259148,246.366790,885.538086,473.633210
92.322472,247.203827,947.259338,471.908844
121.470513,238.770767,932.203247,476.972717
107.992882,235.849594,963.360657,481.525024
134.593438,231.567230,947.581421,481.778229
124.614800,230.842193,971.008911,486.545197
164.645653,226.622863,932.910828,485.145233
152.103936,223.007278,954.730591,496.992722
105.399681,217.442329,971.973083,502.557671
262.287163,198.222843,772.195679,521.474426
296.220879,193.868381,725.562134,523.196777
343.310295,167.835606,647.950195,548.649536
312.986931,153.372410,652.686035,565.782471
320.246880,148.010380,622.390503,567.709656
350.946007,143.109287,577.983215,571.969604
165.529808,130.106174,746.661316,587.830566
119.836663,108.521427,768.304932,606.570862
109.892418,104.794895,779.238831,607.628662
113.220879,104.276554,773.678833,606.734192
122.025292,94.415562,770.633972,614.549438
127.766014,97.032413,768.506775,606.975403
130.359429,87.110630,771.718628,623.281860
140.013054,86.037296,757.990967,617.584045
150.474053,89.144413,749.074341,615.313171
159.046807,87.550846,739.347534,621.423157
167.027153,94.060154,724.992798,612.269531
168.896508,97.852116,724.405945,615.895569
172.444054,98.206974,719.907776,611.264709
159.732750,99.480167,735.372131,613.075745
152.454125,102.682163,739.302917,607.868042
104.120568,101.616001,787.156311,611.289185
85.733757,105.879398,792.794678,605.888123
75.559227,108.773044,801.461365,600.252441
77.128167,117.566868,798.185059,590.849854
71.412529,118.642948,802.503052,591.098083
63.336266,120.386326,802.537903,591.716797
63.358300,120.732181,798.526794,593.713074
86.579796,123.846622,773.490051,591.893616
80.771569,120.760685,767.801086,593.713684
116.344048,116.964176,721.821411,592.582581
82.160942,117.611881,742.868042,595.259827
113.845238,116.915775,710.944519,592.680603
83.202904,118.848728,725.605164,590.751709
91.606682,120.257816,716.703369,590.529968
96.427269,123.021580,707.090759,587.565918
72.194207,127.880711,716.148926,583.044922
37.501824,130.714939,743.740234,584.170898
27.481499,136.571445,756.738647,576.887573
27.334252,138.783451,743.258972,572.175476
23.907036,144.570194,739.825562,568.929626
36.239952,146.602878,718.258118,562.636475
32.104729,145.969883,709.660889,564.176636
37.443871,144.277012,697.779480,563.335327
28.360009,144.950107,701.357849,566.996216
32.629631,144.354832,688.399170,563.246094
18.518975,143.042087,699.453491,568.966553
17.502343,142.047794,692.624695,567.852356
12.681054,135.850834,688.838318,576.116638
3.492943,131.265018,687.826843,581.299500
3.810509,126.680271,679.293030,583.006104
0.000000,122.961674,678.237664,588.585632
1.988583,118.678043,670.479736,593.087708
1.770504,114.772648,661.364136,594.648987
0.000000,111.931126,659.858456,600.359863
0.557860,108.049137,655.760803,599.224670
0.313963,102.131962,645.177551,606.743835
0.000000,98.636265,639.279814,609.127075
2.032241,95.608677,629.845703,616.054565
0.000000,95.586094,628.486465,615.610229
0.000000,95.247440,625.037208,616.609558
0.000000,94.603001,621.493763,616.367920
0.000000,92.758121,619.918573,617.083313
5.036679,91.780582,612.398193,617.332825
0.421506,92.993595,612.285034,620.060120
2.461179,93.914097,611.880493,616.378052
0.000000,97.801884,609.727170,614.987000
2.290953,96.540958,604.576416,612.956604
1.851408,99.327091,602.102722,613.957581
3.838286,103.272404,603.935608,606.405334
0.395049,105.331516,609.674133,607.916016
1.507323,107.325779,607.139038,603.059326
0.000000,107.978428,602.097319,600.454712
0.000000,112.884891,602.050613,599.406189
2.261634,114.737675,600.080566,595.154480
0.000000,117.828953,599.087410,589.581055
0.000000,117.460361,600.219700,597.276978
0.562914,120.137455,600.839966,593.192566
0.000000,121.359409,602.795336,591.859985
0.000000,123.005314,604.693200,590.662415
0.000000,125.815433,610.934430,589.304382
0.440787,131.270634,616.113159,579.058044
0.000000,135.422916,628.021811,574.588196
1.836406,137.962681,629.207153,574.958862
2.671977,142.190617,634.378540,571.427063
0.008952,145.882511,643.381104,563.475647
1.475597,147.371372,647.138977,561.460327
4.533458,148.747044,648.505920,560.679443
1.655467,149.856052,657.266052,561.494629
1.067851,148.630833,666.051392,558.904541
2.823711,146.088901,668.672485,567.700562
3.410747,145.958836,665.122192,565.396484
4.109447,143.504490,664.851257,565.632080
4.672160,144.330509,669.491211,570.014709
3.798503,142.147404,670.081055,569.957092
4.570201,143.985233,675.958557,565.542664
2.937511,144.203037,675.330383,565.647095
5.878490,144.285648,678.031189,564.712341
2.154460,146.828800,680.225098,562.141174
4.311046,151.794681,679.108704,556.842468
4.028453,156.242008,679.599670,553.325012
6.527019,161.599277,669.566162,552.918579
4.673259,165.180485,631.223877,546.706604
0.347362,169.377994,592.179138,547.805237
0.374614,176.477146,558.426392,536.564453
5.939189,178.253879,538.383911,537.713135
5.340007,178.252720,536.148193,539.148315
4.308055,179.268406,535.106140,538.713867
4.269694,177.648991,526.662842,540.588196
1.680949,174.493900,524.053467,542.575378
6.962047,174.546543,515.750305,540.471069
10.433299,174.366978,512.723572,543.766479
13.565333,172.385868,511.425079,547.143982
14.621013,173.534519,510.190918,544.567139
15.541057,172.318302,512.492432,544.742493
8.631724,171.432102,521.347229,545.792725
12.375804,172.487064,520.283142,547.345398
23.342876,171.781895,513.704468,543.537231
26.669292,172.781406,512.889038,543.384888
36.723506,173.576420,506.164642,542.915955
42.273570,174.113315,504.006165,541.354126
49.500758,173.496525,500.675323,540.869446
42.529582,172.852207,510.542969,545.647339
70.050746,170.548160,490.605865,547.370911
85.950145,172.262546,482.383972,544.332764
103.988567,171.222324,468.930420,543.093384
111.458156,172.940250,464.745636,541.198303
118.338115,175.419681,461.408325,539.683044
122.893916,176.612247,461.368744,540.124329
123.093593,178.394474,462.975494,539.132385
121.415126,178.986271,469.910309,539.316223
134.947017,177.326450,460.463959,537.115601
117.978297,177.390873,474.581329,539.490173
126.527736,175.093998,471.070343,539.132507
95.154399,173.548710,500.211304,545.797791
107.315135,172.523960,490.961121,543.417114
93.405452,172.985081,503.033173,544.543701
98.797465,173.673313,497.205200,541.998047
87.241298,175.293278,506.860504,544.071594
85.877238,177.758793,506.645020,541.396912
85.460872,181.511967,506.159637,538.006042
89.219081,182.573490,502.169586,530.380066
92.377421,183.491337,500.379761,529.580017
93.089259,184.790012,499.132111,528.837891
92.538066,187.043919,500.207397,526.834473
91.570872,190.333073,501.320740,524.591125
93.664912,194.511845,498.949554,521.200623
94.981013,197.964512,503.149384,519.028442
104.305324,200.296543,497.664581,512.781616
95.973308,200.879459,511.001953,515.422180
102.197200,202.142979,509.576141,513.668091
107.924098,203.247822,508.692657,511.990387
110.165141,202.639042,508.323608,512.309021
113.919337,203.413959,506.286896,511.056793
122.906795,204.924778,498.333466,509.602783
119.523830,203.326221,504.422394,511.942963
130.030696,205.369114,498.155487,509.172119
132.375423,208.707615,499.789276,510.965820
137.421825,206.999164,496.561951,511.165924
158.122630,208.855732,480.244080,507.624908
151.853984,209.027912,483.847046,509.209991
165.710887,209.760441,469.557800,505.903137
160.729610,211.954227,475.160736,503.789490
156.156901,211.481068,478.247559,506.490692
146.125743,210.629368,484.040344,509.370632
137.714183,208.687242,486.767517,508.261230
118.230907,205.851488,500.285339,514.083374
109.805369,202.103289,502.150330,516.619080
96.008266,198.527513,511.632233,518.245972
67.161143,194.568499,534.958557,522.497498
50.696391,190.751360,549.751587,523.767273
23.965007,186.521227,571.755371,530.038574
26.212413,182.530413,569.208801,530.737732
17.418956,176.749315,571.524963,542.414673
10.876689,173.645647,578.270386,539.492126
13.822032,171.214525,568.865540,545.425171
15.021007,169.777117,564.877502,547.597839
12.323619,166.984911,564.789856,550.053345
12.845744,168.574633,562.632324,546.581421
12.915172,169.530565,559.175354,545.225464
14.036082,172.629656,560.297791,542.346619
18.911998,177.140642,554.744934,537.374451
26.594676,179.550768,546.921082,535.428955
40.269115,182.271013,534.111023,536.717957
51.276042,185.209093,524.887207,528.205078
60.601268,184.115251,515.457214,530.200134
30.932292,187.484362,544.043945,532.344971
60.533519,188.950426,518.019226,527.035156
38.187755,190.131975,539.833069,525.802185
44.243480,190.511400,535.190857,523.100708
30.267680,190.676622,546.071411,528.131348
52.330485,189.884844,525.432373,527.169983
43.840678,189.960100,534.183716,526.916443
58.525218,190.104540,517.290466,522.016235
19.625774,187.333544,556.559326,529.577026
46.554698,185.582415,532.740540,531.269470
25.990489,187.286303,550.007385,530.980103
37.912486,187.867845,540.553284,527.471802
29.652751,185.433947,549.214111,525.299805
28.163158,183.929247,551.278748,534.542358
16.080333,181.913713,562.502258,535.183533
18.211803,179.675463,563.836975,538.237183
18.726451,178.683123,568.212708,540.328308
25.177562,177.524523,567.114197,538.466797
20.359996,176.242662,572.668030,540.521484
23.526805,175.364428,571.757263,541.187866
23.143291,176.841936,572.460083,541.296814
27.414256,176.727282,569.204773,542.193848
25.797099,176.750475,571.068970,536.786621
12.713390,176.747515,584.245667,539.600403
6.800029,175.467089,592.747925,537.567505
7.092845,174.002001,591.278259,536.954468
1.459422,172.680559,602.690125,543.302917
0.000000,173.820696,621.746776,540.937195
0.000000,176.209734,645.780401,533.365417
0.366336,176.381700,671.770142,534.686768
4.699099,176.622759,695.420532,532.725647
4.138949,172.958635,708.690002,539.964539
6.454776,168.506487,724.016113,542.186218
2.441500,170.368700,739.676697,540.710815
0.968722,172.266924,748.411072,543.693176
2.793155,174.493090,747.786377,538.866821
0.000000,176.582140,745.924044,534.800049
3.329179,178.092211,742.502258,535.650513
0.000000,181.828508,747.042314,530.268738
0.000000,184.304888,743.853249,527.007874
0.000000,188.490496,740.843586,521.891296
0.000000,190.505663,739.651011,519.670776
0.000000,191.165544,742.388738,518.967468
1.350100,189.575426,742.401917,521.711670
1.672457,187.634142,744.315796,524.747070
0.459933,184.676928,745.608032,527.096802
0.000000,182.961077,747.142367,527.700867
0.000000,181.645433,748.099168,528.177856
0.000000,183.768663,746.098138,526.226562
0.000000,186.017137,747.907772,524.892456
0.000000,189.218187,747.546293,522.648071
1.638015,189.014482,743.478271,523.812805
2.320327,190.461534,744.000854,522.543213
2.951766,192.226702,741.513367,522.297302
3.840133,194.291491,739.471252,522.050049
4.111007,195.556810,739.259827,522.008911
4.192153,196.031633,740.282593,514.717468
1.589736,194.953691,741.273071,519.140930
2.093856,193.963182,740.300964,523.081909
0.677810,193.846941,743.333740,518.782654
0.378127,193.023516,740.170654,523.144836
0.000000,191.043230,739.598830,526.735535
2.065651,188.730699,732.655518,529.198242
0.000000,190.338030,735.084236,527.358093
0.942692,190.889299,730.850952,526.461853
0.751804,190.467302,732.802551,526.558777
1.625248,191.193560,727.950439,526.004700
1.907169,190.180864,723.577026,526.247375
0.647068,192.183794,722.095520,522.751038
0.000000,192.688616,721.280277,521.151794
0.000000,193.045885,718.133089,520.266602
0.000000,194.232897,716.144486,517.456055
0.000000,193.390093,716.999978,524.931213
0.000000,196.599077,716.085377,519.554016
0.000000,198.096971,717.436670,516.661499
2.106275,199.859056,716.824463,514.652222
0.000000,199.268846,719.871839,515.262817
3.848151,200.563585,715.428467,513.735107
0.000000,201.777117,719.974463,512.175476
2.748584,203.448061,720.364746,511.119476
0.000000,204.259386,722.593616,511.439209
0.000000,204.126390,713.914484,513.638550
0.257840,207.684542,693.311401,511.489288
3.149899,204.634874,647.770203,513.353027
3.388455,206.012239,626.517212,508.553375
5.923856,208.275362,603.405884,506.162628
4.457486,216.048372,575.435303,501.063141
1.860745,221.811724,561.463745,493.069397
0.647488,228.584673,556.096558,488.577698
3.447842,239.618029,582.098633,471.989014
0.148801,243.484026,613.783875,472.481628
1.337277,245.581606,626.129333,469.977142
0.000000,247.594393,638.923184,470.153961
1.548964,248.705980,646.456848,466.398071
3.561537,252.773195,651.198547,461.253632
5.900618,256.973329,658.361694,457.201996
0.449507,256.398272,672.600586,461.827942
5.145583,252.396761,671.220154,458.174225
4.853835,254.542055,676.740906,462.358490
5.937941,251.829622,678.551941,458.339752
0.000000,248.782625,689.150557,467.012848
2.643760,246.789125,688.103271,462.865082
5.420707,248.174684,684.395813,466.679901
9.063529,246.477632,682.371155,462.563507
1.941093,248.868959,685.735168,465.204437
4.597282,250.209413,675.263367,458.576019
7.315788,246.616747,675.667664,468.145386
8.091392,245.632570,670.777588,472.992401
4.526542,251.439440,673.117249,461.322754
4.841758,254.657289,672.645508,463.976410
3.621055,261.378481,673.471924,453.868500
7.745139,270.212542,660.940063,446.161804
0.000000,274.879015,666.260978,440.694092
6.867488,275.364840,661.097290,441.652374
3.633907,269.057207,659.350098,448.193909
3.633602,272.457842,657.660522,445.219299
0.508754,281.101671,617.753235,436.138184
1.780727,288.027101,590.952454,431.972899
2.616451,288.722001,586.303467,431.277999
0.766201,294.764275,568.204651,424.257416
0.000000,300.179055,557.497127,417.296021
2.473722,297.083382,542.771851,419.342590
0.000000,290.088433,542.888517,428.145966
1.158980,284.508004,543.330811,432.251160
2.220229,282.980172,543.050354,435.976501
0.733657,280.073128,541.324280,437.983459
0.000000,273.604363,540.269576,443.676117
1.907920,276.739220,529.103638,439.787750
0.980308,280.580880,507.358765,436.052185
0.000000,281.096337,494.549217,437.192169
0.000000,283.364037,488.908092,433.411163
0.000000,287.205010,481.397467,432.794990
0.000000,288.493206,440.121798,428.047943
0.000000,293.583508,459.426179,421.973297
0.000000,296.057766,437.708253,418.660034
0.000000,296.417462,475.097916,418.235077
0.000000,293.658383,437.249092,425.628967
0.000000,297.430691,455.954228,420.990601
0.000000,299.933331,443.583284,417.719940
0.000000,300.917675,477.782884,418.179718
1.814080,299.567196,523.195007,417.570129
0.000000,298.206875,504.395913,421.793125
1.025563,292.908705,536.260315,425.187073
1.174061,292.966856,531.232361,424.483856
0.682148,288.192839,527.080200,431.807161
0.000000,282.367919,469.903462,437.632081
0.000000,275.475982,516.304636,442.195984
0.979680,265.992752,473.546692,454.007248
1.483510,255.656013,485.122284,462.895081
0.000000,243.009895,480.848836,476.990105
0.181086,234.398899,481.748871,481.881042
4.457819,222.097813,488.828705,496.430237
0.088221,206.292698,508.956085,512.397156
2.752696,197.854191,513.923279,521.270752
0.000000,192.208591,522.171275,526.481384
1.616643,188.252903,526.525391,530.502625
4.355657,179.392765,549.681641,539.968262
2.217382,173.729801,560.002869,540.778076
5.621099,178.272037,565.555542,533.533936
4.380468,175.096775,581.282898,538.362000
3.134649,176.388401,588.100952,541.036804
1.309362,181.338352,595.852844,533.149597
0.000000,182.934391,636.340795,531.849854
0.000000,186.176731,607.836383,532.148132
0.000000,186.131046,640.985940,526.787842
2.915608,187.666325,643.885925,530.367920
0.000000,189.853458,656.232136,526.464355
0.643717,190.702824,670.986694,525.876953
0.341654,194.649845,678.296875,517.382324
6.914896,198.762867,681.145508,511.329376
3.725169,202.351444,697.217346,508.220825
2.049052,204.848301,708.641846,509.510803
0.000000,211.240620,719.243540,500.284760
5.326818,215.379688,720.553528,496.972443
7.312474,216.003162,730.149597,498.882965
18.200902,219.415699,728.674988,490.034698
15.971990,220.935779,731.677734,494.143463
28.334325,219.771839,726.752136,490.971588
30.265508,225.647632,724.896606,491.534454
37.213842,225.009556,727.957458,488.070129
44.473485,224.053150,720.804626,486.034943
51.756749,225.958225,720.215393,489.737732
64.447759,221.463459,710.282104,490.182098
67.045751,226.918384,707.344421,487.542023
81.914769,225.542408,695.333435,490.393829
87.019078,221.908924,711.771057,494.950104
91.996221,218.524662,715.076782,492.744751
93.416692,222.288578,718.733398,493.385132
105.330144,223.187199,711.004395,489.313721
108.732152,219.706013,710.777527,497.748749
113.966954,222.478489,707.103577,488.687195
119.944036,225.834873,699.068359,490.263245
121.670446,230.355915,690.290344,485.931366
122.919591,234.246021,682.355286,482.286163
126.733831,234.846317,674.487061,482.483032
124.883550,233.721989,674.580444,483.359619
123.870946,237.508488,670.705505,479.037109
119.746190,239.875080,669.283142,476.996307
122.084264,246.078388,660.024475,471.127045
124.177678,245.985935,649.784424,471.383728
112.536107,248.838779,653.523132,466.337952
106.755986,252.353840,650.272583,463.063446
103.945012,254.022709,645.923340,461.810181
99.766942,255.926258,644.893494,459.913971
93.935491,255.988712,642.076416,460.598145
87.910405,256.963611,640.113647,459.938385
79.702642,256.378849,640.239136,460.561035
67.608953,255.544407,644.626953,461.423523
63.585820,255.490497,642.571899,461.566986
61.105474,254.778034,636.205444,462.049774
60.858556,254.650059,629.186584,460.507141
61.731816,255.993015,623.913208,456.290466
52.830236,258.676136,629.411926,458.699371
54.128331,262.305866,636.425354,452.452118
51.694432,264.644306,651.409851,450.983002
43.578649,265.394977,668.131409,448.409393
61.144628,268.733585,659.239441,445.257080
67.587041,274.582920,663.247681,439.939270
71.260259,279.767734,677.176147,438.721741
64.234441,281.357685,697.435059,437.412201
61.416692,282.359882,711.442871,435.905609
69.408147,287.398884,708.962402,429.457977
49.206487,288.847813,743.279053,430.507385
28.170018,290.498585,775.342224,426.826447
3.767034,287.876423,822.903320,429.810760
0.000000,279.242237,866.233770,436.979523
12.288851,263.947025,879.749573,451.344360
34.231173,250.456364,879.921814,465.628174
42.068331,242.535252,921.359070,431.485779
98.322421,240.772770,881.063293,451.599365
157.449343,242.929279,851.264282,444.064178
288.223483,243.817097,753.974304,414.508270
451.172366,247.875324,610.164673,419.154510
339.312747,245.504703,740.132690,474.495297
510.694766,232.589083,584.692139,455.724731
460.929568,230.224504,651.756958,364.793976
403.800906,227.470156,724.066284,400.692078
364.966891,216.917635,768.968445,459.467285
369.637820,205.559771,771.268188,475.241364
397.338931,192.609423,754.516357,483.801239
431.677828,184.010363,738.782898,477.299896
412.546206,182.981447,767.382812,460.214172
391.872683,187.851458,807.326782,471.211700
381.754916,188.865572,827.045227,494.817993
360.050418,194.128298,864.856079,476.408264
378.520541,193.862886,849.216370,401.034790
406.622531,199.789827,830.451599,361.506348
397.084750,204.333437,848.919250,349.846863
420.442568,213.246767,839.884277,365.976990
399.780856,221.512407,861.637878,364.581696
392.005679,223.906099,866.554932,360.402466
371.566683,219.997515,876.874329,378.660797
244.303042,219.655397,1020.617676,339.523254
261.152712,208.645037,969.088257,329.150177
222.142916,218.684496,996.853943,317.450165
218.700869,218.780199,987.835693,330.178680
201.624880,218.921846,994.239868,329.305542
187.212252,223.491487,998.819275,329.402344
277.509280,218.686785,917.719116,352.793488
213.668795,216.695772,961.564880,358.526978
213.800784,215.913958,948.000122,385.426788
217.290927,218.572817,940.293030,391.885437
138.992037,220.480715,1012.906189,415.619446
133.352023,217.943102,1004.941101,440.457855
96.837405,221.953508,1002.051392,448.981964
25.482791,224.599749,1079.700562,462.353546
23.573916,230.831041,1056.886230,466.971771
12.205508,235.149752,1052.330078,459.157349
11.613040,235.692278,1049.626343,463.620636
20.786929,239.136431,1037.597900,464.896881
40.211459,240.591188,1017.796204,468.437073
68.035678,242.711199,987.757141,468.789093
80.264742,240.149446,979.166931,468.933350
94.735629,241.875307,968.236877,469.724548
104.311007,242.574053,945.888123,473.485260
143.407626,249.972948,901.183899,466.748260
172.879580,254.416475,865.522217,463.237427
208.568911,266.519228,817.060303,449.039246
238.293978,274.539690,781.345276,444.094269
248.977938,282.387407,776.015930,435.621490
257.210269,287.820436,761.234375,432.179564
271.475375,290.656144,744.287903,429.343856
303.754061,296.022347,712.799377,419.172241
313.798617,298.480080,687.228333,414.729187
296.916079,298.839028,695.127441,416.063293
284.603121,301.174950,700.087585,412.123138
273.878695,302.055809,701.269348,411.702972
270.158755,301.375206,702.403320,413.596649
260.373660,297.775185,702.562378,417.553772
254.216555,298.539315,703.065552,415.941284
244.919772,296.418755,712.453308,418.336945
242.851534,298.473610,702.987000,417.088806
234.892703,296.567879,705.838013,419.450073
224.498202,295.515831,708.445862,420.751923
211.161349,294.595925,714.187439,421.981628
197.413241,292.350701,722.926575,425.214996
189.746340,291.891747,723.589233,427.470306
188.817568,284.293541,724.545898,432.247528
181.364169,282.530495,719.943909,431.749451
172.145114,280.652932,727.997009,433.203064
161.471194,277.789956,736.007935,434.268372
165.417941,278.415841,728.323914,437.170410
148.788668,272.978615,739.137634,439.274353
163.017123,274.623620,723.733215,437.974579
145.971346,279.234414,731.589905,434.640198
151.614993,276.642754,730.047485,436.877716
144.028231,281.824913,734.794250,431.126678
137.765383,283.192864,738.882690,429.386627
137.095797,289.114434,733.027039,426.231964
132.457522,289.606057,735.903442,427.763855
130.135226,295.546181,733.129089,423.417786
117.274783,291.777794,741.238647,423.206024
117.399081,293.080758,730.823792,424.829834
114.580874,289.601983,726.861816,422.427032
95.853549,289.537392,739.698792,421.722473
98.550784,287.870659,728.779663,425.424103
89.067324,283.041283,729.474854,430.275726
69.500643,278.900841,740.072327,432.449188
59.114352,274.948494,743.442078,436.252563
45.434390,271.672631,748.895264,442.317474
30.979220,269.432457,758.368103,443.871063
22.316256,264.664666,763.762146,447.259674
18.891543,259.076516,765.236084,451.783875
13.253024,258.552804,768.808289,455.135254
10.296603,253.919274,757.400330,456.377899
11.146639,250.767083,755.242004,460.406403
7.768557,248.466118,743.729614,462.146759
4.523959,245.411065,733.134827,462.974396
3.268252,238.221901,714.760742,478.670105
11.011843,222.679223,690.551392,490.977386
3.991305,211.447640,685.730896,500.556030
1.171145,204.936806,681.871948,511.418030
0.000000,202.578133,678.611056,514.677368
0.000000,201.196846,676.574846,515.220703
0.000000,201.695260,670.678109,513.298584
0.000000,206.147286,660.598271,507.730469
0.000000,207.187493,667.936770,504.587799
0.000000,208.995186,657.935914,503.432373
0.000000,207.641961,653.210724,502.687897
0.000000,206.741768,645.002762,508.242432
3.225594,203.251564,641.505920,512.249939
1.888985,199.560952,635.490417,515.578186
0.000000,199.134957,642.640602,513.249756
3.917561,199.845955,636.654846,512.604858
6.160969,202.492424,630.648254,509.817291
6.079121,206.598397,628.485046,507.787964
0.551746,209.580163,628.647461,504.071503
4.508228,210.646142,620.090210,502.376312
6.415699,213.079278,620.235962,498.533478
0.000000,208.924431,630.947407,501.719147
1.151987,210.851082,619.461060,501.148315
0.000000,213.447991,620.849405,503.518951
0.679982,218.727776,627.802917,496.047272
5.323354,225.622902,610.555481,491.847839
3.115346,233.891213,593.623108,484.409119
5.542989,240.036156,556.161133,478.552094
5.713582,245.256081,539.077515,474.037781
2.061757,249.294396,534.240784,467.004608
2.394704,250.087273,534.237732,462.270660
0.000000,250.707528,535.491567,464.990845
1.750483,251.667260,540.608765,460.530853
0.040308,249.968682,539.742981,467.145538
8.296961,244.030282,543.808044,469.839478
4.218195,248.738305,529.921387,467.114349
1.949580,254.082329,504.992065,465.673615
4.095088,261.966973,491.067505,456.335968
2.177683,270.088860,477.938934,446.075592
3.448008,283.923104,459.010345,433.525513
3.201731,292.112954,448.029022,426.948547
2.913401,292.548043,446.198700,422.455811
1.928446,292.943963,451.201080,419.742340
3.864192,290.969323,452.939209,421.823212
3.803599,289.661568,461.044037,423.520020
0.000000,290.171441,471.670969,425.482697
0.494268,290.035820,480.026672,423.792023
0.359990,288.403100,486.493958,425.962250
1.804647,287.288765,491.377106,428.421143
4.029546,286.266366,493.181946,425.195679
1.278798,284.086190,497.548187,430.883911
2.646978,281.247353,499.897278,431.004211
0.000000,279.017861,502.133733,436.747864
1.659564,277.035393,506.122711,435.857819
0.000000,273.863976,505.658084,443.044403
1.675569,272.344017,505.969543,440.913422
2.229356,269.109215,505.688141,447.146942
4.708268,267.275063,505.827240,447.409485
1.361009,265.664895,508.539825,449.952332
2.443879,263.225869,509.687317,453.458801
3.216157,260.832024,511.688416,456.847321
3.556489,260.399102,513.715515,456.112579
4.692140,258.342736,514.708374,459.294159
5.500093,256.781685,510.423035,458.626465
3.899370,258.072411,507.548553,458.398529
1.102800,268.456673,508.918304,448.671997
1.061403,274.842110,508.958618,440.847656
4.974824,271.688576,486.834656,443.659851
1.645372,267.692742,506.249176,445.924225
2.699357,265.738152,486.123138,451.583893
2.139253,272.524056,492.841248,441.025269
0.698854,286.061837,495.420044,428.307129
0.943178,293.628335,494.388428,424.024963
0.000000,295.742150,509.054750,421.104462
2.351227,290.570626,514.753662,423.675293
4.277405,285.976922,524.941833,432.112457
2.584962,282.185387,544.252014,432.400360
0.295136,275.838662,561.694702,439.005432
0.256562,268.743340,576.705200,447.450226
4.995362,264.309487,587.342834,448.946594
2.410370,259.028817,601.094604,452.549438
3.270234,255.118691,607.105835,457.812073
0.839142,253.650139,623.629395,459.333649
4.020203,253.647377,626.066345,462.670471
6.475007,250.812233,624.162598,461.434265
0.000000,246.977959,630.373505,468.035187
0.000000,247.670647,638.063126,469.243805
1.533180,243.221398,643.170349,467.945770
2.361702,235.078576,644.542358,480.595673
0.647682,223.631447,647.914001,493.485779
0.445015,220.528313,658.157715,493.598541
4.347603,212.984841,660.645752,500.202087
0.720650,207.925820,669.851807,502.886536
3.827461,188.171608,645.851807,524.603210
13.308510,156.874306,633.817444,555.522278
26.884285,147.754647,634.847534,566.176636
91.549172,139.628853,578.955994,574.962402
104.822701,134.949318,572.035645,583.018738
168.466164,132.186287,523.294128,584.037476
198.344872,130.907967,507.627289,583.312622
119.910469,130.984169,579.827393,585.585266
163.588570,131.668770,535.354980,583.052734
126.607399,132.808754,562.162292,584.404114
143.980446,133.070992,554.395447,578.961670
147.227944,138.158211,541.034729,574.026001
178.447579,144.399331,516.790283,565.944397
175.501442,148.998238,512.799500,561.005859
216.417336,153.644051,478.988708,555.475464
234.539009,160.225380,457.822754,553.310364
255.855690,163.768624,443.859802,548.768799
261.218071,168.973488,441.786163,546.154968
265.030846,172.968209,434.854950,540.602051
264.724877,175.851845,436.066498,538.640686
263.681130,178.096779,436.517273,533.652039
263.434563,180.297738,440.674225,534.764282
264.949913,182.594277,434.227753,533.011047
261.205727,184.285103,433.488586,530.118164
262.519097,185.031807,434.021759,530.055664
259.741417,185.044075,434.734344,529.511353
260.987343,188.100472,435.168030,526.776001
255.666023,186.998970,441.227661,527.905273
254.439156,187.890999,441.728760,528.466919
253.439156,187.425087,440.907715,526.587219
252.252144,188.690102,439.748779,527.733948
248.149407,188.187630,436.937897,528.488403
246.494377,188.961953,441.081451,528.891418
243.872902,189.462197,441.050964,525.690735
237.539070,194.508065,443.782104,522.869507
233.634407,194.497597,445.955688,520.734192
230.353539,198.206887,443.422455,515.707703
229.454384,200.826790,436.715393,512.943726
231.276756,201.840569,435.189056,510.928131
233.218178,203.910012,428.632874,512.327576
237.961266,202.970299,424.049286,511.138153
238.353569,200.519234,422.001740,516.050781
239.096535,205.508446,417.657166,511.117767
240.063088,205.267800,418.191833,512.713806
241.264794,208.229714,416.946869,509.898132
243.275505,212.534951,413.280182,505.564026
240.708397,214.405816,414.287201,504.508820
250.460365,214.513344,402.411926,500.892151
249.769051,213.686043,405.630005,504.853394
254.994667,213.804436,398.414856,501.855621
258.813271,213.995232,397.957336,503.589752
266.538674,215.732323,387.588318,500.096527
267.670021,216.796776,390.292664,499.413910
267.013725,217.229531,388.133331,500.342834
272.866081,218.845635,393.002594,497.658966
275.028176,218.948632,388.055359,498.891205
281.010155,219.248818,388.170990,497.941956
280.910866,221.232888,381.461365,494.110535
283.871651,222.055947,388.848877,490.530823
288.359886,223.059655,375.827972,490.296600
289.877907,224.600304,380.900330,492.302460
287.486748,225.940316,380.087677,490.109253
291.002434,226.082009,380.593170,488.807312
292.100807,226.773186,376.359802,488.574127
292.991905,227.127282,376.713837,486.129120
293.096779,226.653252,379.097595,492.457550
288.240578,226.831810,381.487244,491.660004
286.239647,228.261376,382.071381,489.131927
285.408089,232.275582,388.855591,484.970215
284.117531,235.844063,392.303650,478.843506
289.029717,241.991860,396.808380,472.722473
293.943138,258.078942,405.909271,460.987762
356.130043,282.109353,388.060364,435.222595
368.039559,311.983559,429.455200,404.992249
394.483223,330.828438,447.269043,389.011963
424.293205,341.250206,439.662018,376.341766
426.214516,343.268197,445.606995,374.523438
425.449593,341.966942,443.083252,372.901215
417.302010,339.403481,455.005127,376.713318
418.583473,338.443840,457.790344,378.736847
431.831825,336.549965,448.588806,378.465515
437.722222,334.642067,446.024811,380.924133
452.663170,331.636635,438.383881,383.105896
456.951393,327.742119,440.332581,389.458649
460.540856,323.218331,443.577728,392.009644
470.595833,319.638909,441.321045,396.074982
476.635628,317.200387,443.343506,397.543335
482.948662,312.886544,447.407135,401.353882
489.045586,311.314339,451.853424,402.264160
504.821968,307.697030,446.705688,405.550781
505.370537,305.177392,455.397614,411.532684
517.102120,306.093941,450.362915,409.186157
521.949013,305.232522,455.548035,407.497131
528.051872,304.277840,457.792755,411.454834
534.083382,302.697854,463.950439,412.082825
507.788857,305.678536,483.525085,410.901733
526.716911,303.408379,471.022247,413.284332
555.667778,302.735756,453.360504,411.957214
563.811272,306.111550,463.247345,407.557434
570.992378,306.601082,470.801147,409.017822
573.187843,308.415856,476.739075,407.335541
566.167504,312.326775,495.500214,404.725861
574.881661,318.541543,510.969116,396.750183
582.855843,323.381112,528.905518,392.526123
594.510292,324.849419,531.508240,394.369293
613.314369,320.474267,531.639832,396.355682
636.341377,315.756447,548.049438,398.901428
669.767342,311.162392,539.738525,406.094910
650.538033,300.592095,599.177368,418.421295
645.395516,287.951622,624.462646,429.161469
663.601906,269.510277,615.765442,448.237762
698.084694,239.750496,581.915306,477.690918
767.625828,236.987084,508.770294,475.444061
833.181843,244.054497,446.818157,466.558990
861.974070,244.478402,418.025930,473.263184
884.884603,237.916451,395.115397,477.507202
891.175196,231.298699,388.824804,486.010529
866.501233,220.659768,409.942993,495.891663
837.482679,219.697426,435.550903,500.040710
794.016690,222.766366,482.932343,496.474365
786.486707,221.294732,486.847534,498.164703
833.561185,223.846611,434.292816,496.153389
854.878919,217.318447,385.547729,502.681553
852.005094,211.089628,366.221161,505.370636
797.083143,206.262526,409.595337,513.737474
799.822370,210.337806,404.234070,507.668701
829.764692,209.470420,366.454895,504.165924
837.831678,206.006354,350.525269,490.319885
876.018735,208.965858,300.982941,495.919922
864.003721,208.478995,298.720367,473.854828
832.522962,208.049140,322.093384,463.541199
812.232633,208.499091,334.794891,450.300720
805.586072,213.031394,334.619751,443.990997
792.069410,217.331428,340.968262,442.802673
784.697599,218.825584,341.911835,443.090973
774.135877,220.005591,346.709839,452.963135
762.873731,223.360786,350.346069,459.220398
765.977124,223.672278,342.298462,466.398315
760.176816,221.026923,337.657623,474.501770
751.769101,220.792945,339.007111,474.800049
743.005521,217.455482,344.095306,475.824585
725.025556,214.425468,359.060120,480.959808
703.568586,199.453391,378.283875,498.426910
677.572232,200.232322,406.184052,498.779938
653.791822,210.647208,429.741699,480.029755
632.872434,214.878211,440.338531,477.151978
619.495984,223.409629,454.651733,472.629913
602.359571,218.505607,468.874756,481.330780
567.009046,220.919456,499.261353,481.207672
556.764936,216.495872,513.382629,488.123688
544.530591,217.136390,520.580566,489.864624
547.500348,213.342536,521.572205,489.067322
568.737012,215.306541,505.274658,493.083405
574.337018,220.931098,508.930359,478.825012
569.142164,218.512092,526.285645,459.504333
557.773450,223.787116,525.024292,425.510925
528.254010,231.277228,553.363708,420.414978
513.017560,234.786033,560.886658,418.403473
500.671705,230.549277,571.534912,411.850372
529.601362,235.571982,524.249329,351.746368
497.612134,235.037955,540.773438,328.035126
390.517835,235.846488,628.967651,326.694916
322.545514,235.653922,681.376404,330.721893
355.584546,250.046104,630.455322,336.286896
296.613843,251.236625,667.562012,348.114594
241.746991,250.288413,703.258362,363.478058
229.054792,253.506232,712.483826,367.976501
199.607343,257.738959,723.900940,363.851868
221.678296,250.866996,693.453125,350.010590
180.408521,249.891593,729.986816,331.757782
195.508924,247.814475,699.144897,305.533600
143.317151,252.746345,713.746948,323.037537
123.616620,251.306602,731.118713,433.904572
112.357068,247.690558,728.828979,338.988464
91.823652,253.711783,747.538879,407.171600
82.831403,255.024253,743.345398,332.277863
23.677045,254.737723,784.616272,364.537445
4.095868,246.648154,808.170715,367.128937
0.000000,249.636725,775.324933,373.514343
3.308493,239.478629,769.475281,381.538300
0.000000,231.925559,749.754294,398.992340
0.000000,230.224280,739.679912,395.925415
0.000000,223.832419,734.445608,393.836090
0.000000,221.892234,724.923304,391.900543
0.000000,217.921012,719.937482,389.576141
0.000000,212.210334,718.255545,391.654480
0.000000,204.953254,721.488796,391.997498
0.000000,208.873572,725.430158,388.268188
0.000000,198.915748,730.941245,396.313965
0.000000,186.664222,741.121196,405.234253
0.000000,194.228568,739.456594,395.836761
0.000000,176.771567,752.727656,417.244171
0.000000,190.261146,754.124326,400.448853
0.000000,177.438666,767.307128,418.308655
0.000000,189.911933,765.374694,409.566711
0.000000,186.180656,779.600403,410.942841
0.000000,188.736030,776.976257,411.441711
0.000000,193.484351,794.328705,413.230469
0.000000,199.106742,789.636551,428.963715
0.000000,196.233069,816.460579,412.773804
0.000000,205.680625,811.496891,419.169952
0.820681,202.775336,829.597717,434.695374
6.771334,197.485816,822.348022,429.147461
0.000000,205.822639,833.500032,477.526550
104.630601,205.428214,725.216858,378.146454
32.903947,206.775107,817.536377,403.364532
6.538590,198.136024,852.346436,440.439087
0.000000,203.470328,868.490952,445.977753
0.000000,208.590262,869.960351,457.975677
68.052899,215.009620,804.278381,404.147949
33.379864,213.856208,852.473328,498.308777
88.217236,210.681190,797.683350,404.563599
28.661694,230.688987,870.767090,466.262360
132.289715,229.838492,739.268127,408.140594
33.578686,237.948218,865.449219,449.774170
51.722119,247.514228,837.223633,448.256165
140.054974,244.852653,753.205627,462.520477
27.608898,265.161933,873.303101,424.706848
75.837261,249.896445,827.268250,459.651886
31.765515,241.087485,866.160522,469.063995
41.877850,245.563666,861.609680,465.705627
38.071636,252.063941,854.992859,458.969727
29.734326,249.568412,870.467041,463.775726
15.619549,251.373145,875.269104,464.280029
12.521862,256.182700,868.989136,453.597931
19.065014,261.664298,856.435791,454.546112
29.343457,296.945914,836.931396,420.610321
49.075176,305.174460,827.947937,409.750153
68.528118,314.193000,791.794006,405.807000
113.761853,311.931232,747.373413,404.435760
228.630871,344.805133,621.364868,375.194867
171.933605,354.205499,679.599243,365.794501
195.082043,349.918500,657.870483,369.407562
213.071636,364.924634,636.032654,355.075366
235.725323,367.149344,618.604187,352.850656
251.814312,367.391338,606.090271,352.608662
257.950146,374.183996,600.190186,345.643951
262.810040,374.154714,595.774353,345.845286
273.680065,373.844004,585.271606,345.897858
277.381695,375.388758,581.565857,342.671875
277.639202,377.641352,580.615540,342.358648
292.848858,374.040357,567.997742,343.994965
294.532910,376.093320,567.491455,343.828491
295.396069,377.335721,568.822510,342.664279
312.591992,377.305663,556.122070,342.694337
322.771832,377.942733,545.848328,342.057267
327.498242,375.756614,544.859619,342.967590
328.807842,375.484611,547.131775,344.515389
333.305340,376.134853,545.871887,341.075256
333.974804,372.663174,551.519531,346.982239
334.004406,369.420589,556.267944,345.550171
330.611798,366.812969,561.817078,349.430450
328.454724,366.942821,566.704956,351.210052
324.108959,368.822796,571.567139,347.594879
321.567822,368.435406,577.871094,345.386261
317.254620,368.174251,578.256287,349.026489
310.635967,364.279003,591.407410,350.578705
303.603955,364.756924,594.788574,350.060852
299.232067,356.229915,605.785278,358.122192
297.472332,355.251552,603.992737,358.447571
287.711804,353.891781,616.105347,361.527466
305.318066,348.650509,602.497559,365.736816
300.014630,349.993648,608.439148,365.308594
293.792706,347.016201,614.083923,365.234924
290.054394,343.723156,616.031006,371.008026
283.827191,345.545879,618.767395,367.283234
283.945538,343.322262,627.629578,371.052246
277.838513,345.925533,624.525024,367.850098
277.618878,344.849209,629.867371,367.925110
271.019451,350.892681,628.382385,361.362823
268.978955,349.926525,629.238037,363.005096
265.678265,352.979565,629.633118,361.446136
264.539349,350.201641,632.932678,365.718292
260.725567,355.403881,631.873718,360.795502
269.241040,352.180752,617.292725,360.893372
268.942639,352.369701,612.851196,360.836273
275.873303,354.354519,604.073608,358.664978
263.777264,354.482509,616.579895,362.054993
263.462841,350.927883,610.413330,365.610779
272.061138,345.813289,600.817322,368.270386
278.249768,344.960949,592.074341,369.303680
303.415264,342.339992,565.268250,370.074158
292.281231,334.755138,579.128845,378.905487
262.366650,333.853420,610.274658,382.109314
275.453106,332.765789,593.956482,381.060699
254.611859,327.877636,617.701233,388.617279
294.046826,324.846645,581.848145,389.025452
254.313763,318.080685,630.701477,395.801270
273.173474,317.503399,609.253540,394.129913
234.649121,313.421230,651.344727,401.058655
232.159924,310.678737,647.371460,404.018005
232.002301,310.815471,643.244812,402.851471
233.545727,309.925670,640.080566,401.961639
213.536846,311.167400,660.794617,406.629547
242.165539,308.916363,626.999878,403.835724
224.803051,309.510662,645.139404,407.285797
239.918957,307.316021,629.303101,407.019318
232.535473,308.538128,640.284912,408.304108
269.240521,311.710995,605.863342,401.216187
250.133679,312.348598,627.148315,399.823303
238.150799,308.661724,642.779114,408.065948
251.999310,307.009350,629.654602,405.802094
232.118054,305.297314,650.947876,411.677582
240.034954,304.003277,641.718079,411.284698
240.143475,302.681454,643.714661,408.915894
216.354016,301.433391,672.413208,415.846100
250.004681,303.957912,632.539124,414.725037
257.495281,301.843593,633.274963,410.815735
235.349804,300.648800,656.609375,414.720215
220.901898,301.594478,666.472717,412.430908
225.077465,309.987530,666.586914,405.237579
199.667614,317.943371,705.529419,398.256805
227.659130,323.587871,691.946045,387.001251
233.527081,336.378506,701.224548,377.554749
249.595623,336.900097,727.079651,378.045746
392.498944,332.780178,605.194885,379.965515
281.578350,361.591060,704.320251,350.171875
260.014385,354.345302,753.378113,362.375305
269.014355,355.015697,730.075195,361.376801
330.625530,361.756679,667.896301,350.465881
289.605114,363.226742,696.179565,350.829468
245.973217,361.220608,745.517822,354.293640
239.839489,350.518963,747.054321,366.197662
224.437512,343.089092,753.387329,372.620636
219.383465,348.584133,754.762024,371.169617
222.538830,344.775463,748.118530,371.873383
217.777447,330.682155,747.752136,381.104187
202.833081,323.436306,749.399658,394.109802
200.293041,322.578380,738.115723,395.419159
200.206097,313.444988,735.559631,401.073395
196.664501,300.670025,733.355469,419.329975
186.664135,290.157507,729.639160,429.842493
194.080822,281.281192,716.764282,437.709381
193.630718,282.359485,709.754578,436.496399
192.756115,281.588778,715.110229,435.958221
193.640606,283.026141,701.297546,436.492432
194.218975,277.660983,696.115906,439.429291
200.520977,279.811374,681.508972,439.938324
190.640087,274.262057,684.645020,445.141693
190.692822,277.709506,682.936035,441.157684
195.386425,276.886981,667.608887,442.847656
196.225415,277.763949,664.728271,439.311493
178.656201,277.112628,674.639648,442.887372
186.993695,278.275415,658.569397,441.724585
183.864422,276.804883,659.055481,440.111206
160.891491,271.257947,681.188843,448.742053
176.755413,279.730322,663.048157,440.269678
175.013012,278.821323,660.431641,439.888214
172.339092,277.584415,659.495056,440.085419
162.383648,274.000842,666.781433,445.999158
174.466107,281.005624,657.690491,436.445404
163.534710,285.255930,665.700256,432.845673
180.884869,290.008508,646.591003,427.259460
165.766827,290.498773,658.466736,428.478394
178.879681,290.448373,643.044739,428.013519
169.385601,291.669672,648.296326,426.500122
170.253765,289.006281,645.890808,427.116211
150.239819,286.206430,667.092041,433.793570
162.945385,282.774693,653.378906,434.730042
144.381115,283.280370,675.808228,433.189880
140.741406,276.468129,680.421143,439.991608
138.276135,277.207005,685.599243,438.009460
134.747967,268.057103,685.620178,447.353455
119.321423,264.238881,696.632935,451.704987
133.149792,261.472264,684.413940,453.018982
109.603588,258.016240,699.709961,460.857300
133.934704,257.080846,669.746704,458.680237
107.037976,250.987798,700.639771,464.970825
81.653759,244.712163,725.900635,475.287837
107.768261,244.386660,696.739502,475.193970
83.811535,243.681155,712.122437,474.131104
102.597821,247.852755,684.251770,468.214905
80.385174,247.109652,707.836731,470.238464
95.456066,245.644762,684.698120,471.605988
74.594799,249.316058,701.273438,468.790009
87.962414,248.745638,688.501831,471.254362
71.972363,247.114274,700.923340,472.885726
89.176037,245.229134,683.740601,469.848633
75.302532,248.344765,688.181213,467.566833
67.156842,245.140954,698.109314,472.654388
74.973522,245.887047,686.391235,472.373871
54.124127,242.274804,709.394470,476.354950
54.220593,244.183556,697.048462,475.603851
51.654583,241.990288,705.420959,478.009712
64.729626,240.967816,686.778687,476.602020
59.326092,240.618420,686.617981,475.675079
62.892132,240.914517,676.087219,474.314819
29.309826,239.198040,703.015747,480.801960
73.806988,240.293905,648.651306,479.706095
30.327221,240.686519,693.677734,476.392792
41.997875,239.756633,671.773438,479.146851
49.213177,241.503276,669.804016,474.715820
22.343395,239.663325,696.761353,480.336675
57.207470,240.425382,668.298584,479.574618
57.724926,241.567900,659.792969,473.741974
36.152691,240.937514,683.076599,476.262268
53.132336,241.026656,665.110962,475.494141
21.222973,237.172011,707.189941,482.827989
36.299298,234.783958,689.907166,485.216042
31.731060,235.854030,698.450623,483.255341
31.158856,234.123165,699.256897,485.876835
41.384991,233.911390,694.061218,486.088610
74.505902,233.218924,666.939514,483.945709
21.384930,232.540748,718.002747,484.250549
62.188427,231.759833,675.353027,487.592163
19.956799,225.914191,723.325073,492.543945
62.584912,227.304236,677.715088,491.220642
32.727398,226.657203,708.430115,491.368713
82.353436,225.638129,662.226868,487.246704
34.611218,219.003074,710.066528,496.623749
16.892834,218.480094,733.800415,501.519906
88.001507,216.375911,663.106262,497.272949
16.201855,214.633220,732.448730,500.410187
52.861767,215.608104,691.370605,496.595673
36.861492,216.363002,704.772522,493.744568
21.892712,213.361553,727.633423,498.573395
21.436810,214.611263,720.271057,501.582031
1.551708,217.065547,744.484131,500.546509
43.823651,216.370479,697.136047,500.512573
4.057080,217.956661,737.575195,499.482056
41.034710,215.939022,689.083069,499.172363
5.109783,220.236034,727.165588,493.287323
36.357586,218.742137,691.086731,491.770721
0.000000,219.217861,733.493206,499.273865
29.654959,215.806056,695.784363,495.048157
28.477865,219.550472,697.143433,489.018066
0.000000,218.111843,734.973379,500.425110
62.184596,214.280773,662.737732,498.034271
0.000000,219.669506,737.043757,493.966034
22.724088,213.316387,708.359741,495.761139
0.793363,211.744487,739.498047,497.915680
17.254636,210.543407,721.067932,505.006317
25.929655,212.892436,707.694214,503.940826
4.758787,216.917751,729.661194,500.935608
33.298795,218.681453,691.744507,494.691650
3.925962,220.800716,717.742126,494.238770
25.726316,219.966091,696.742981,492.588684
3.743803,222.650051,722.378418,492.402649
20.426267,221.876811,703.638733,492.041412
0.000000,217.087566,718.026639,499.980011
19.776107,219.605281,711.033020,495.867920
2.888594,217.706203,711.047791,502.293797
18.336104,230.395826,698.002136,487.582520
29.386275,230.819761,688.259216,485.154572
0.000000,229.628614,716.743239,490.371386
19.363838,230.557563,697.688416,489.442437
48.878700,234.967151,677.941650,483.175995
96.845832,226.764194,640.018616,488.644409
136.870094,219.110080,607.361450,495.051270
138.768226,222.989963,596.385010,489.685547
140.676032,218.392307,601.917297,499.020996
163.779823,180.762577,620.394287,531.593445
178.512336,208.472537,532.796692,503.700623
192.907447,198.004550,517.538208,518.942017
208.686195,200.802097,498.396484,516.794434
217.146964,208.265811,489.053802,507.158508
221.946189,207.223911,488.616730,512.776089
234.134254,207.561983,476.205688,510.323090
250.166267,213.170442,466.517883,506.089813
266.067649,215.660310,454.119415,502.354950
286.440559,220.085497,436.465637,499.914503
299.044181,224.514214,428.728363,495.485786
309.723304,230.498455,425.168457,489.144257
326.355979,231.506771,421.468781,488.493229
352.672813,239.298018,405.094879,480.088715
360.835624,250.266539,408.207001,469.733461
380.011894,263.799483,402.358612,455.300873
394.275123,276.559096,392.276001,442.894684
404.559211,282.755462,392.523499,437.182129
431.385795,297.087768,376.632538,418.423279
435.119056,307.757033,374.179321,408.492706
444.617652,311.152221,374.263428,408.420837
458.309547,320.390716,361.910278,397.432373
458.473670,329.065765,368.473755,386.903931
464.517677,335.572341,365.765259,382.929108
464.842994,341.230315,368.135742,375.417114
466.342430,345.509063,370.154205,372.346436
467.510764,350.815017,371.886993,368.990509
471.828742,354.818954,369.105042,360.587372
469.993019,359.904769,370.134155,358.821625
472.938316,360.476714,360.606842,356.066406
470.666847,355.988479,356.710449,361.704865
501.249702,355.498702,322.356995,360.402802
494.665031,356.536697,320.175629,359.940460
492.369544,358.860107,319.092041,357.158875
510.152549,363.186751,300.436310,352.254120
507.845527,364.848083,302.230896,352.706848
482.281959,367.171859,323.782959,351.857513
475.008750,371.810927,334.112579,343.742218
472.935218,376.206069,334.836304,341.156403
490.475440,381.416564,315.331909,334.495789
478.984382,383.516479,327.427917,331.526428
471.761085,389.404204,333.534668,328.708862
489.733543,387.984862,320.236359,328.366882
478.740516,389.809249,332.645386,328.007294
496.557411,388.563689,316.347656,326.911621
496.461097,386.342376,320.202637,330.674561
500.083076,384.723556,321.172424,333.823578
504.304191,384.466079,322.776947,331.948883
525.665626,381.525375,301.269531,337.014862
640.731620,380.334823,181.936005,337.668549
639.666602,375.401595,190.851318,341.823822
621.188522,372.238921,237.046127,344.477783
618.134269,373.513213,264.312103,345.626831
611.564521,375.107467,361.859558,341.783173
604.553306,374.373138,478.708038,343.548950
614.472846,370.118911,554.761780,349.152252
617.030860,364.290130,518.311279,348.010498
615.613624,357.849914,664.386376,354.338196
624.242664,357.734893,631.111450,341.119995
628.759845,349.114715,651.135681,345.973389
641.494892,348.429061,638.505108,345.792938
653.135172,337.837737,626.864828,338.030518
662.755299,335.358794,617.244701,325.876099
673.874506,323.816650,541.223083,331.823425
689.062067,307.899276,565.648010,348.759979
696.313807,301.566558,578.963867,334.434937
710.511561,285.508498,567.896973,340.992218
729.206904,275.031646,541.908630,344.219604
747.184199,269.290008,520.726501,323.126709
767.467219,269.788863,476.803528,341.271576
793.133448,272.559798,486.866552,309.290741
801.201993,258.118606,477.306000,331.569366
814.916806,255.075103,465.061310,315.663940
827.961286,251.172515,452.038714,310.871582
821.381842,245.011077,454.667816,319.644653
831.467856,251.230239,440.744202,321.370514
843.034552,249.928222,420.002045,284.638855
843.659888,252.730834,381.661163,302.063782
835.213782,249.124953,400.447418,314.871979
834.044287,235.310470,379.580109,311.459198
845.430548,239.799300,366.923920,306.629486
388.780020,249.843322,578.209106,319.676697
382.432700,248.187575,595.342957,288.038727
395.224112,232.770980,566.592651,289.287933
390.551657,219.768279,588.041565,288.906860
400.935660,200.427962,555.771606,329.568695
398.492911,193.913680,544.529663,348.574310
398.094779,195.412139,541.882080,332.089600
399.897208,193.290191,530.554810,340.429443
402.400168,190.960509,531.495178,344.314880
397.842612,188.379790,522.706970,325.240723
397.928397,190.693206,517.965820,328.608521
395.215354,207.112899,526.637268,313.366302
386.920798,200.163253,554.106995,319.316132
363.252646,205.843978,621.609558,305.818939
383.363059,188.286285,525.966858,332.629395
381.663291,191.667205,520.112976,325.256714
371.421866,198.253402,540.517700,319.661224
373.669547,204.645125,516.465454,317.169037
372.457419,198.896789,530.674133,323.602722
358.283438,215.353606,537.405396,300.575806
361.007346,216.855208,555.225159,311.627655
357.993094,213.643676,523.670166,301.538513
355.740225,223.413283,537.469971,300.298248
350.165946,221.820083,528.480347,298.378082
339.877555,231.311309,559.905029,288.367554
340.572470,235.403686,561.540466,278.206116
333.058188,239.584731,554.478210,277.900055
336.871237,230.672271,549.384338,284.099243
328.211600,241.440459,583.990112,282.921997
335.327658,240.655440,527.256531,284.568695
331.698508,258.025146,550.700134,260.145447
323.259177,277.415435,562.680725,241.474731
287.919058,276.277228,676.189819,225.380783
316.966178,281.517448,685.426147,226.281448
842.261870,170.484664,233.383347,265.733246
802.226966,178.081740,222.989655,280.346344
908.592345,163.639342,164.854721,270.917053
940.693137,167.795562,137.508118,269.578613
945.671530,167.889770,136.597900,271.361755
945.393530,169.506103,134.066864,284.258301
944.038695,150.543273,131.012070,309.587402
943.452925,143.984893,126.573380,321.094116
939.246428,137.151519,129.569748,329.037964
935.296431,138.836852,135.008194,330.510681
917.468863,139.484099,156.304565,331.103027
923.717185,145.407058,156.070740,331.112946
929.914298,140.200744,157.156250,337.491760
910.451117,135.336120,200.526459,348.978577
893.387931,133.185516,248.500366,354.262817
855.239417,132.677672,299.746613,355.693420
835.302176,124.079726,324.639282,370.601715
806.203879,113.140716,351.953430,376.548706
793.004325,111.710036,360.315186,380.862213
788.640952,106.192214,359.031189,388.020905
784.087729,106.946654,359.864319,386.206238
780.268607,105.234481,358.923950,386.222260
782.373252,109.979629,354.212341,384.552643
787.113303,111.007827,344.683167,385.141876
789.906653,114.869170,300.746857,395.933105
798.019919,115.123748,268.484192,401.670288
790.971915,119.200118,265.609253,392.476654
798.890654,115.462661,253.525192,395.054962
796.759329,107.932952,250.316040,401.322754
797.643538,107.754150,244.196060,399.709534
794.173773,111.377532,248.834320,399.551514
786.922133,111.046538,249.755569,407.277710
766.598273,121.087783,296.029144,408.719757
743.309226,127.951934,338.507385,389.144409
715.107718,136.053496,367.954468,375.180664
707.004431,139.414321,374.751740,373.174103
703.902426,142.909988,374.780823,364.426056
701.809516,144.012786,376.965179,364.550781
707.309989,146.021789,368.951172,359.673035
717.858420,144.951995,357.614075,360.392212
725.833212,146.521911,343.871033,369.643250
743.212653,144.500869,286.494965,357.803986
761.753729,164.141570,240.546844,326.663330
775.955977,175.696242,223.188004,307.265900
788.067092,168.853835,210.683426,309.413727
794.859999,165.923263,205.961868,309.356049
802.911910,174.730392,199.649429,297.403046
803.198058,180.642196,201.266342,296.801117
808.501906,183.246673,193.180984,292.989136
811.309119,183.480346,195.586090,296.380676
812.225440,183.742660,215.596344,319.162933
795.946753,198.938933,286.393585,308.670410
751.856528,235.251548,350.100159,254.023209
728.704306,235.553176,378.846497,253.542389
715.553794,243.994132,395.173767,241.510452
743.689093,273.727477,367.496429,214.342346
679.280890,250.202079,435.268524,235.759598
697.415473,256.887275,409.789398,225.011398
694.512183,252.890914,378.698395,221.128876
757.451911,280.512168,280.286957,193.931412
789.545470,271.341094,226.295639,202.214600
798.585166,250.578735,210.426575,221.233215
807.792044,248.832519,198.563843,227.337463
817.721190,247.852271,188.020004,218.556015
825.523406,248.352645,181.456467,224.429840
830.056845,238.713302,180.043579,231.281464
830.345427,238.418372,182.028732,241.902695
828.059317,228.500121,190.942871,240.236267
815.693144,226.148894,218.336594,260.025146
798.963309,214.046706,270.277832,268.315338
777.428397,211.980010,311.144897,272.666504
765.512961,215.302352,323.839417,268.783051
773.328833,219.762725,322.683746,267.165161
781.501654,223.598662,310.482635,264.970825
800.395484,224.025146,258.363922,268.112854
849.775687,217.428405,184.807129,277.429138
845.520697,212.121825,192.915009,279.412903
845.844000,213.250610,194.564911,280.600037
845.773772,200.141204,205.036179,297.608032
848.936598,200.037887,183.640457,295.018890
845.457640,207.223556,183.346786,285.385345
847.581961,202.658080,186.730469,284.843079
852.891539,200.531432,177.268417,293.130676
865.458792,180.243240,166.636597,324.192657
859.550765,170.347472,199.592300,355.140076
879.481230,162.515288,188.161667,366.470459
860.437781,153.322509,211.983063,387.394714
854.118926,147.422362,221.796921,386.955383
855.538497,141.431380,218.016251,391.639252
868.629050,138.995513,183.967957,389.463257
866.327361,137.230178,181.230881,381.528107
839.094824,139.841903,221.048737,375.238983
830.778998,157.334121,227.894745,350.532990
825.171958,166.929137,237.634583,337.694641
830.272986,168.493590,307.682526,336.195740
830.804526,170.565978,298.755066,341.398865
832.852805,177.735717,259.298767,335.055969
824.619719,180.249770,249.286423,331.532745
835.296889,173.821075,253.236404,338.235352
875.657355,164.836852,182.615936,364.646545
895.137076,151.570739,197.632446,392.007629
882.988249,136.713439,206.321579,410.733582
888.068671,131.096374,205.948944,419.285339
883.728964,126.069945,208.845886,423.121521
884.888548,122.096969,211.641708,427.946747
885.595915,120.949721,220.015182,422.366730
843.108061,132.774154,228.391159,393.534271
810.529074,136.218322,307.484680,381.915466
807.742865,134.439590,325.702118,382.568878
810.722174,144.050735,335.836639,372.506866
819.380225,148.108596,328.838287,366.037384
826.660254,154.646346,322.759796,360.894867
829.176886,164.394744,318.514862,347.141968
832.825751,169.256026,310.879852,343.736786
834.337027,170.305144,309.335083,338.264038
849.029166,170.730865,302.033691,346.456665
869.093474,167.959487,250.791550,361.393829
868.373442,161.052795,252.678635,368.596497
866.471259,155.096740,244.875092,372.791931
866.591101,156.061813,247.873444,370.890350
864.155890,152.327911,244.071991,373.349365
865.595023,155.079024,248.696045,371.492523
863.456687,157.753478,250.318909,361.638977
815.049933,176.203704,319.221405,340.150146
791.765204,181.705154,334.146332,327.655670
795.610022,184.860320,329.004547,326.507690
794.309256,179.448226,333.343750,332.004120
795.877295,179.441329,328.807526,334.698822
794.421790,181.568832,326.024811,332.748993
792.001898,181.861144,331.651093,330.927673
794.504782,180.323089,334.169495,331.369629
803.225104,179.744033,319.687714,333.538239
838.649603,177.727233,258.565277,339.230286
835.566336,171.095580,255.262207,357.029236
839.412207,160.409743,244.782135,369.461212
838.957106,162.520141,235.379837,367.614685
839.942099,162.636794,235.757263,367.116364
836.244300,159.663497,235.346832,369.113373
824.140814,165.183578,251.630341,355.097626
809.557089,168.764800,267.496399,348.777954
806.555686,164.352660,269.388733,352.138489
803.365515,165.412627,275.174835,350.932495
802.649405,167.834792,271.477417,347.000397
801.385184,171.076018,272.997437,345.503174
804.036337,172.287917,271.054260,343.388824
821.911887,173.996413,252.842590,357.058380
824.103896,164.862258,252.621414,382.782379
825.804671,159.334106,244.321548,388.309631
831.477584,149.403884,236.859634,396.438995
828.554091,149.966460,237.319412,398.295166
831.984397,147.735061,234.436707,400.574615
818.317771,143.009978,238.704529,400.697388
818.772421,138.459380,246.788513,399.378784
814.130911,140.091506,245.687134,398.835968
816.073180,139.367034,245.608871,395.721191
810.129897,142.659255,253.616043,393.597931
817.094481,137.755218,247.047958,398.413940
824.236296,123.038879,238.075729,429.592102
825.536826,116.987105,228.009216,442.454681
829.579924,108.693664,220.818161,450.860901
826.823561,116.208831,215.885941,440.754639
824.691695,123.025878,213.026993,423.253601
827.141692,122.198119,198.068283,420.822083
831.348395,120.026229,178.035614,424.339203
832.980040,121.213698,181.125107,429.928009
832.113257,120.911285,181.353302,427.897095
834.384757,119.688277,177.575806,429.270233
832.530654,122.152572,179.089432,424.958344
834.789534,120.997298,178.433975,421.010590
833.430853,122.341598,177.192719,421.711884
832.018332,120.971953,183.979797,421.276978
833.268111,122.833694,179.512222,416.667633
836.724883,122.514205,177.442307,406.503876
830.047904,124.108962,188.055176,415.540070
840.480536,122.121322,180.364471,417.766327
833.002005,123.949020,186.031006,410.798553
822.592795,129.287612,192.527405,401.570221
795.924384,126.962112,228.572479,401.803253
781.796546,134.245574,251.407867,389.255249
784.712065,140.885299,251.592087,386.363617
785.877822,137.223373,249.961258,386.363373
785.985297,144.906295,252.400238,378.917816
782.500701,145.859862,255.796432,376.924255
785.674613,146.740554,257.839233,373.960724
785.807852,147.025893,254.953979,372.872223
786.395011,148.171523,257.469360,371.391266
782.314414,146.076522,262.093933,370.080292
784.524420,145.245437,263.000946,371.841949
786.521674,145.088760,264.402557,369.605255
785.122672,144.224136,268.080811,366.705719
784.645224,141.878356,277.712219,366.957214
785.356055,145.746200,280.091217,359.035858
786.933447,147.459441,277.020172,358.456787
788.396460,142.906448,277.228302,362.343781
788.329352,145.253478,276.865082,361.405212
791.245185,143.938506,276.819672,363.061890
792.446265,141.498244,275.808380,364.164459
794.108389,141.792419,273.979736,365.435242
801.916800,141.140166,265.739258,366.870728
798.464224,140.765349,271.112305,364.147827
795.959983,141.974013,273.714050,363.762604
796.727957,148.335616,273.552856,354.938934
796.787619,150.269836,271.673401,353.308777
799.965308,150.434981,266.870392,350.718353
799.409674,151.186660,268.390350,352.200714
808.845526,155.479491,259.428070,347.319641
810.252295,153.675399,261.942413,349.625580
812.379965,152.498519,260.367859,350.109100
810.504782,153.258941,261.500916,346.416138
814.325415,154.420592,256.880157,347.000183
812.447531,153.802779,261.914246,346.959320
813.258093,153.581466,262.966339,346.604218
809.253546,151.148070,267.458099,348.227600
810.797385,150.223937,265.731873,347.367859
809.150687,151.110442,266.927612,345.020020
810.582083,147.591323,267.699463,346.527374
813.668860,146.904906,268.091339,348.758850
813.963004,145.282424,268.375366,346.971954
814.610068,144.823989,267.889343,346.097321
814.921530,145.275359,269.932800,343.990845
815.838828,143.906478,268.764343,345.696747
814.572226,143.269332,272.216736,344.969818
815.735160,141.112975,271.564453,346.198303
816.188544,141.163467,270.690887,345.761993
815.885138,140.449203,271.990692,345.949432
815.569953,140.167739,273.607025,346.667389
818.201728,141.453231,272.154266,341.681122
815.698859,138.636214,273.844086,345.095306
814.240866,139.849136,272.953674,344.598663
812.852942,138.685851,274.297760,345.153015
813.308814,139.409560,273.812164,344.945465
812.429221,139.872817,272.326721,344.390289
809.464316,138.248534,273.568420,345.567566
800.458747,138.235564,284.033051,344.350708
801.814078,138.020003,281.923828,343.012421
800.239783,136.263473,282.783112,343.073456
796.759894,138.227187,281.786957,343.067535
795.027106,140.345077,284.294769,341.406586
794.136069,141.417068,284.023743,338.559235
791.999762,141.859908,285.852631,339.663544
790.864417,141.865157,281.743317,338.767181
789.248282,141.728912,283.578247,339.213501
783.721060,141.749419,288.220947,338.800293
787.241461,145.235900,282.743011,335.863464
784.435980,143.855636,282.343597,336.347992
784.264624,143.426025,281.492584,339.830139
783.223029,144.368880,281.420013,338.786224
783.922644,145.878646,279.949615,339.520355
783.703208,146.973266,280.166443,337.814636
783.593756,148.836104,280.847626,338.720795
780.994864,149.377166,282.994019,336.496216
781.964316,150.712356,279.811462,334.833771
780.890936,151.186050,280.022064,335.849396
778.316687,152.390685,279.794220,336.311340
778.116538,151.772262,277.873718,335.719330
777.116828,151.373824,277.775726,338.554169
775.744620,153.070296,278.304810,336.345428
776.212500,154.298507,277.824249,337.662201
776.721442,154.123717,279.478607,335.599426
776.056754,154.876556,279.237427,336.556763
776.130866,156.186629,277.223969,336.386932
776.602133,154.621474,275.954163,337.512115
778.413977,158.394988,273.912506,335.673584
775.259833,160.114226,276.754364,331.765869
775.187399,161.922637,272.936951,330.093506
775.536917,163.699615,275.351074,331.269409
774.809790,163.893020,275.262482,328.646271
776.032538,165.289214,274.902924,329.994507
776.212470,166.342132,273.655731,326.695557
777.735968,159.672561,278.952484,334.260406
779.420844,158.550841,272.239349,333.075500
779.259467,161.346587,271.388519,332.367188
781.410742,163.872176,270.469025,327.663788
781.628546,164.219344,269.038910,328.850433
779.929785,163.163207,270.839142,329.448059
779.195502,165.375640,271.178192,328.807129
777.193457,165.076812,272.954254,331.277710
777.648291,165.481414,271.407257,331.165894
775.977439,167.022369,274.026062,336.361572
788.671088,165.828460,262.425873,335.920044
796.384657,162.707305,249.141068,343.722168
799.281165,160.956435,244.316803,344.179596
799.542624,162.803573,243.539734,343.000336
801.932707,163.163543,245.297165,342.785767
802.807585,160.646514,242.046432,343.555664
806.013335,160.663344,243.619064,344.085846
806.719420,160.149169,242.615341,342.354797
814.241141,162.155074,239.809448,342.390717
820.502211,169.276504,236.206253,339.594391
828.125258,159.624206,225.916702,348.691711
827.797110,158.146697,235.304687,351.191895
831.765753,159.061751,234.486664,352.226898
833.546790,156.660705,229.452545,352.245056
831.486792,153.927627,233.834869,354.819366
832.044898,156.155425,234.081940,353.664917
823.103804,159.864043,246.081802,353.246216
793.463004,161.884093,284.576172,349.414612
790.710227,166.907485,297.415222,340.958527
790.391593,164.654815,300.055786,340.555542
792.720221,159.732787,300.408905,345.680359
795.626425,163.892684,295.782898,339.500824
796.262198,163.287429,299.659912,339.409088
797.049750,162.773345,299.508270,340.602783
797.858054,159.796111,298.425964,341.927856
797.428549,159.850707,297.612488,342.690125
802.612448,162.948928,294.869324,340.848663
810.547125,159.538329,288.647675,345.994324
810.059424,157.665771,287.783966,346.672180
806.732077,160.443130,287.881409,343.058990
806.266730,159.001968,285.936493,345.533600
807.383933,158.309295,286.333679,347.065674
804.188071,161.961623,286.737000,343.505157
802.868918,160.194442,286.397034,344.066986
800.929206,160.327880,290.000458,346.083435
802.070548,159.253036,287.257935,345.942963
798.950873,159.054748,294.010468,344.392761
799.426154,160.721908,293.396088,344.191742
802.358740,154.573592,288.258209,347.002411
807.010199,149.809463,280.480194,349.030426
810.605994,151.154433,275.823639,346.737946
813.077796,148.372268,271.017853,348.693634
814.512290,144.912826,266.129944,349.288300
815.830481,146.436629,263.759796,346.242157
818.355170,148.402572,261.418427,342.300507
817.141577,149.030334,260.491974,340.987000
819.157981,148.930297,262.100281,339.366882
845.729651,133.380660,237.027130,340.404022
882.131705,111.170241,211.007812,360.906647
913.233527,104.473342,202.497040,355.845856
940.655013,104.868178,183.448502,348.328644
941.410079,103.221191,187.092422,342.337463
945.418517,87.526244,185.198715,360.594666
941.013236,91.907134,191.833008,349.360229
948.410460,91.578292,187.414536,349.617157
938.710822,90.603179,195.322845,363.222290
938.060988,89.053207,191.046585,338.752289
920.633704,100.429290,265.457062,343.616699
876.882666,99.800902,346.160431,373.963806
853.656302,108.927077,422.544067,359.869659
821.548545,120.492202,458.399353,322.161530
808.212912,101.816329,471.140808,356.267426
786.170859,103.773223,492.251770,381.586060
772.557700,111.000884,507.442300,374.043091
761.089000,133.252257,518.911000,354.404114
765.099523,176.558181,514.249817,291.924835
702.880987,176.649779,575.366333,310.103088
784.238683,181.050597,495.761317,265.422791
756.354205,162.759887,523.645795,290.739319
736.271951,143.498229,540.171265,316.809021
800.455026,139.712752,478.890076,327.794769
754.100809,88.469573,521.930298,382.224854
736.593606,93.251708,542.017944,376.891052
725.358072,93.447723,553.479004,382.064697
709.931680,94.408279,568.924561,372.251495
715.871225,108.166778,562.306458,350.175903
717.680185,110.222900,560.602112,339.217712
821.277826,115.458175,458.722174,327.956146
783.963040,74.790710,496.036960,377.917908
827.710829,84.169158,452.289171,374.994019
880.189048,74.055343,399.810952,375.197845
913.350429,52.300994,364.530182,400.401733
922.661266,51.551162,353.154968,392.427032
939.485866,63.380447,334.464020,381.891022
953.278728,75.507003,317.176636,373.177826
949.176311,88.665786,307.017578,352.179474
948.498714,108.445434,298.215057,334.514709
969.221447,100.027755,271.446960,341.993622
1008.697269,105.393813,231.801102,337.021759
1006.334323,208.902854,214.613663,216.022964
1000.072689,200.264793,212.977875,233.365738
970.317104,211.782348,249.883087,287.793762
947.895549,164.564605,319.920532,333.691040
919.224392,191.934493,352.949493,297.067596
902.695690,180.677901,375.679871,312.170624
902.347286,175.670898,377.652714,322.767883
897.043577,173.968627,382.956423,323.899963
892.122680,173.978896,387.877320,325.297272
891.283096,174.916412,388.716904,327.122925
896.511619,173.297835,383.488381,332.204071
907.971020,170.417419,372.028980,337.906433
910.204168,168.802001,369.795832,347.366028
910.625415,169.509597,365.864594,351.164337
913.850390,169.790938,365.152679,355.527435
915.878406,168.950591,362.563080,360.894897
917.947925,169.632308,360.921600,365.852631
924.269305,173.450408,352.513458,364.106812
920.507937,179.226028,357.012390,364.131866
925.906833,176.694060,351.254395,370.643188
927.639514,174.510421,351.159637,375.686005
927.317126,175.740310,351.919403,379.856476
927.290622,177.350387,352.709378,381.020844
934.613115,179.068969,345.386885,384.173035
936.642709,176.630920,343.265686,396.614685
938.013177,178.363921,341.986823,411.237549
941.084957,181.168258,338.915043,415.666962
944.192824,185.982925,335.807176,413.909821
944.202369,192.015716,335.118896,418.090088
943.104087,195.159652,336.895913,422.345673
939.131923,197.993117,340.868077,423.140778
936.772856,202.950317,343.227144,427.456238
934.178756,211.180297,345.821244,423.822205
930.687782,212.309020,348.893646,428.546570
928.776847,215.068618,351.223153,431.450836
927.321956,220.827468,351.549927,431.184479
926.731991,225.136642,353.268009,437.545013
928.503614,230.084334,351.496386,438.107147
928.013251,234.711242,351.986749,432.361877
916.972766,235.874206,363.027234,429.069031
917.750238,237.169997,362.249762,425.170319
917.609403,236.370040,362.390597,429.688202
917.231780,237.609450,362.768220,431.611115
914.024520,239.230025,365.975480,436.331268
913.676735,245.749862,366.323265,428.715179
913.133900,246.428207,366.055908,421.462860
911.753147,248.696761,368.246853,420.772552
910.582537,252.732757,369.417463,416.481934
910.727700,263.259673,369.272300,408.465942
907.339329,266.208587,372.660671,415.718018
905.980776,257.778579,374.019224,437.198761
896.835267,248.195800,380.427185,465.241394
871.722535,240.205291,382.775208,471.654785
849.811311,245.840942,308.379395,464.930115
839.746827,250.255096,266.966248,469.744904
840.965562,250.978897,222.272430,464.451965
841.971513,253.735855,216.716217,460.355408
845.892633,257.064895,218.163895,458.108337
849.963838,259.430160,223.509888,456.004761
855.371644,261.908340,228.648621,455.434998
855.754960,261.740142,239.736725,453.149933
859.486108,256.551178,247.634903,460.945343
859.170297,256.495498,255.386520,460.690369
859.482972,257.964920,252.474426,457.848938
859.790696,260.750686,244.887543,453.584412
861.695573,264.028030,247.138336,449.962219
860.670335,267.989090,251.736908,446.831604
861.574296,286.080108,245.097687,427.472321
862.689714,314.276580,241.669708,400.757233
862.694909,322.991546,244.927872,392.911041
863.358178,323.262756,246.181412,395.239594
864.844636,313.094879,247.483032,404.216217
870.406457,284.925384,248.628189,433.702667
874.519334,272.981170,266.259003,441.601837
879.848008,266.741149,281.704559,448.382172
879.657701,261.139251,297.854340,454.393951
882.036668,258.754547,303.534149,459.102570
884.102906,254.008407,307.876160,462.659546
887.454042,250.235244,307.101379,468.722351
888.077058,247.075439,309.329346,467.935394
892.745881,245.604751,306.735840,471.489197
895.552522,253.135620,272.455200,466.259247
897.051835,249.014648,274.230865,463.975311
896.845124,245.172836,265.507690,467.655151
896.165788,243.502838,263.585114,469.251373
897.643037,244.068389,258.722412,471.045807
896.250718,244.505798,249.508514,471.738129
898.341127,247.842422,231.297546,467.534729
903.019181,242.718429,211.199860,471.224609
906.416215,239.174530,239.484406,453.273712
871.912873,239.245208,324.218994,480.674713
860.084184,242.889465,379.882111,477.110535
849.758515,245.886093,410.940918,471.686127
839.760560,244.324997,429.937561,471.185272
837.255098,246.109817,435.685303,472.953278
838.984407,247.529968,439.766968,471.002869
890.206239,249.570709,387.297424,465.555420
920.209108,238.287048,358.740662,478.434509
923.759904,235.621902,353.741608,483.886871
921.879731,234.916611,355.844727,483.822357
932.471681,234.360595,345.846375,483.338928
959.035249,230.855957,320.964751,483.783630
987.245637,210.645065,289.099274,507.596039
1009.053391,201.292846,267.680664,512.825989
1018.418946,190.262146,258.641449,523.958679
1026.209916,191.780914,248.742981,523.862671
1032.303368,193.850097,241.532028,521.670227
1032.569161,194.925384,240.922073,518.920776
1031.623826,194.337341,242.624634,522.453918
1048.516213,198.161957,226.439346,517.837646
1072.242180,199.309173,204.925156,518.694458
1083.827843,196.259979,195.276169,516.576538
1093.883004,189.968597,185.698196,526.431274
1095.554429,188.324829,184.445571,525.120544
1091.448044,180.254089,188.551956,532.083679
1086.297615,175.135284,192.965363,538.196289
1082.475601,171.278991,195.912003,543.798279
1078.252350,168.905304,198.992294,545.006714
1071.960732,169.825592,207.426727,545.563477
1065.095925,167.114990,214.081268,547.358459
1059.652275,162.867676,216.753235,550.907776
1054.428124,158.423218,222.661865,557.752991
1052.103897,153.684265,224.133804,559.539368
1048.952110,148.158203,226.659058,567.767395
1045.457428,143.453247,229.664169,571.015808
1044.722321,150.840851,229.040634,568.127930
1048.012276,147.982086,229.747223,567.541992
1051.337647,140.262634,227.960129,572.979187
1054.071762,134.112121,223.208817,580.713928
1052.184235,131.318329,223.783554,587.614136
1048.408638,129.355408,226.196198,585.142883
1041.706986,136.297119,234.931900,583.702881
1023.887749,134.336853,254.630920,579.184692
1011.810982,134.125946,265.199005,579.942200
1009.469353,132.787109,265.888123,579.873413
1008.069924,130.455200,269.879730,580.239990
1002.450203,131.774200,273.904327,578.334778
998.772530,134.540008,281.227470,580.009949
986.187626,127.232452,293.812374,562.458923
970.868853,128.829529,307.000092,535.196777
964.348192,126.701019,312.927765,519.310608
965.067110,126.025055,312.084534,503.972229
962.896517,125.284149,315.753723,493.653015
952.334551,125.001358,327.665449,491.495575
941.727349,126.401199,336.656708,483.121185
936.949883,131.135940,342.164398,485.093109
924.851876,141.185608,353.415588,468.748901
912.262383,153.118484,365.035980,449.807098
912.101892,165.242111,367.898108,440.603058
914.296063,176.097046,365.257202,437.458008
925.605908,188.875671,353.380920,438.974976
937.127438,189.297256,342.872562,455.934296
929.854826,186.168198,349.440857,492.657379
911.593718,190.625870,368.406282,482.719086
884.309600,189.623443,395.690400,510.938782
867.878448,179.699158,410.339081,534.834229
864.081314,174.773254,383.886475,538.503174
859.473159,175.153442,377.642090,540.244263
854.409072,171.117462,371.929932,544.627258
849.658783,170.471374,357.098480,545.495117
841.612533,169.470703,363.703186,546.985474
834.700027,168.238647,354.620483,551.761353
843.030975,163.319519,334.297699,554.569580
849.458938,156.149170,340.696899,559.760376
856.479065,151.868408,342.525787,562.398071
858.900665,150.867706,331.711639,561.876282
860.462982,150.634430,329.192230,560.742249
860.335327,147.146240,321.074738,562.508667
859.110992,152.082672,318.068085,561.431702
859.627838,152.950470,315.793427,560.557434
859.749923,161.944733,322.522400,551.044006
860.026550,172.548431,336.778961,540.384460
858.282836,172.943024,336.845001,544.634338
857.164550,174.504822,343.207550,540.292480
855.854568,175.287140,348.487183,540.869934
854.248107,176.585480,341.385162,538.465149
854.155395,179.082611,333.976593,537.728943
855.550598,186.035217,325.297516,530.856445
856.549392,189.595154,331.240356,529.398682
859.460434,187.718933,354.232971,530.584961
858.059494,185.741394,362.736267,531.412109
861.656662,185.245544,362.132263,534.754456
863.321395,184.246063,361.669006,535.753937
864.870712,182.826767,357.914368,535.863525
870.563827,181.730789,356.938049,535.898010
873.208557,182.082169,357.582916,533.990662
877.083541,183.700424,368.859314,530.445068
876.227066,187.239120,370.000977,530.245850
870.852157,198.232834,376.393127,516.553833
854.452194,200.260574,394.790466,516.528870
841.574722,200.701706,424.539307,510.501587
827.802459,200.113281,436.282318,510.861786
816.905654,193.919846,435.239258,519.486694
816.027069,192.876266,432.140472,520.579956
819.651626,195.475998,429.655762,517.532104
822.902587,194.559097,429.078888,519.246765
825.705566,195.110947,435.999542,518.381348
827.991775,194.824875,443.598022,520.319458
826.480758,194.449783,449.019470,517.888489
826.924057,192.939224,447.820374,518.883728
823.492706,188.409897,453.227020,521.638428
827.741226,186.786331,450.674805,526.139709
826.621582,184.616684,453.378418,528.176514
828.443802,184.845444,446.784027,525.356934
829.426864,181.332626,447.508087,529.642334
827.625839,183.076065,444.578400,532.030212
821.576370,180.507339,399.979340,539.177917
812.679184,181.843643,374.050568,532.286072
804.741531,182.424942,355.419769,535.356140
799.471527,182.961533,349.375305,532.258057
798.455429,184.886734,347.510284,533.388855
797.753952,185.705276,349.283356,533.937073
800.049682,184.507523,343.815186,530.291321
799.423492,187.107956,343.554382,532.892044
799.239258,184.259422,340.755859,535.499268
798.706939,186.097282,337.954285,533.427795
802.330887,185.182518,331.322357,534.416992
800.485351,184.490471,337.888184,535.509529
798.519897,182.142422,330.146973,536.902893
799.156662,182.048367,334.629059,537.142273
798.966293,181.672634,338.386993,538.327366
799.093384,180.841413,329.850586,536.643860
801.780624,182.077345,331.357941,533.807495
800.962875,181.978559,328.341095,532.973816
806.403442,183.231062,327.633545,535.515442
805.478042,184.032606,325.289764,531.990967
808.475158,183.513014,330.877563,535.386597
808.148742,183.135878,327.404663,534.224854
807.594406,185.031477,333.403961,530.483459
808.185760,184.133009,332.013977,532.707153
808.648926,184.542799,333.337891,532.681519
809.908615,184.894545,335.040192,532.887695
811.081482,183.913984,335.062622,534.592712
811.749313,181.724012,335.724762,536.509521
812.802536,181.418409,339.523590,537.640015
811.577850,179.473463,340.409485,536.834839
813.143997,177.856611,341.791595,541.191589
812.721054,175.958235,336.742950,540.340881
812.311920,176.691481,342.082214,539.928345
812.939667,174.919386,342.067200,544.014526
814.681228,174.323439,345.593842,545.535034
815.661438,174.751051,339.901245,542.522095
816.730743,178.517836,334.937683,539.825439
817.635025,189.609144,301.256561,527.897217
823.123794,196.399549,283.591034,517.506714
826.452011,200.527784,285.595367,513.011353
825.775070,201.029432,324.674347,517.700928
830.143478,204.374098,343.217560,513.320190
838.219116,207.181990,352.237915,505.654114
836.765259,210.638960,360.849976,502.293884
843.715240,214.886732,354.684143,497.919678
846.122894,215.071455,355.627625,500.946716
845.950393,216.590834,358.087372,496.626709
845.815780,217.904493,357.191315,494.093872
844.560531,216.462355,358.780914,499.594116
847.305099,216.296705,356.795441,499.128784
849.572220,215.501310,354.658905,498.875336
845.905426,212.181822,355.735657,501.541168
848.446258,216.540144,337.272888,500.171692
854.864120,213.909575,324.775543,498.481415
865.403732,209.154219,309.054962,506.820618
888.319778,210.287947,282.380219,507.134460
891.239151,206.157621,283.049286,511.153412
899.639648,204.108580,281.182983,511.680206
909.812210,203.688337,287.599701,514.662048
904.859543,200.861250,317.211945,515.662292
904.711197,188.228010,338.248749,529.370056
905.309448,181.228743,349.686279,534.066101
901.876419,179.462904,353.150726,535.413940
906.029449,177.249800,359.293396,538.919495
906.029266,178.235548,365.911682,539.546143
906.348343,179.484694,364.112396,538.522705
909.590057,179.013411,360.959045,538.675476
908.030319,180.261518,364.216217,535.346008
910.183548,180.584364,364.440765,535.433228
913.393188,181.945021,357.116699,534.542236
916.519165,180.167128,355.256348,533.855835
920.480972,179.685774,353.845917,538.035339
922.733429,175.541487,345.758240,541.322693
924.710678,175.362898,349.551544,541.463806
928.248718,172.692884,343.841919,543.144653
932.064285,170.607466,340.590912,546.639709
936.179474,167.899366,338.213074,548.497803
936.739013,165.470686,338.322998,548.875671
939.951752,166.763258,335.570618,551.354004
942.349930,162.949415,334.856537,551.981445
942.436691,160.614729,329.799469,555.851990
943.447555,160.007978,331.907623,555.201233
942.457657,159.866438,329.451141,554.972839
942.138687,160.596540,333.169647,556.767517
941.969787,158.506453,330.369995,558.781433
940.958267,157.642683,336.202850,558.367859
939.662033,159.081068,331.892242,557.412964
931.599441,173.100843,343.246918,543.506714
923.282532,188.382429,352.661011,530.037537
940.698242,194.477705,338.755371,520.707581
979.108719,199.103010,296.995697,517.552673
992.274750,198.577620,281.962585,515.455750
994.936188,199.019270,276.996643,516.182434
1038.458969,196.025312,241.541031,520.530701
1046.232834,196.931135,228.840714,518.285950
1049.214432,197.491407,226.879593,520.697876
1072.164474,196.011702,203.992081,519.914978
1095.838875,195.053114,182.409760,517.304688
1109.975609,191.966490,167.983826,511.740143
1088.006355,176.256208,190.420013,533.207703
1072.395409,170.197157,205.901306,534.990845
1040.438805,168.388868,238.192688,543.768311
993.240532,161.581984,281.441040,556.405273
961.481026,145.559187,317.074432,515.875183
943.415306,136.315138,334.353210,554.559570
924.111778,125.797621,355.888222,512.374146
911.856213,126.364576,368.143787,506.658691
899.711782,117.183958,380.288218,480.014557
896.877360,114.374998,381.579132,494.913971
895.937724,116.116072,384.062276,454.904480
900.989355,117.575239,378.254669,486.903625
901.047491,119.216413,378.952509,494.585876
904.207034,118.201277,372.960327,471.025818
910.015063,123.354200,368.692413,475.573242
915.344149,124.349684,364.655851,464.503174
921.295518,124.817076,358.704482,485.993683
922.878319,126.112516,356.801331,472.540009
927.888344,126.055922,350.832550,475.158081
933.964745,134.015074,345.635559,463.329865
939.939400,170.614241,338.882538,441.918640
938.886925,174.482206,341.113075,462.727631
943.070431,169.996153,336.929569,435.849396
946.325499,171.054045,333.674501,468.661713
948.213103,168.701155,330.324829,441.079895
951.908645,170.049284,325.629181,474.715912
953.184722,169.874540,326.157593,432.133881
951.352355,168.259520,326.287659,460.125397
954.921767,176.910124,325.078233,420.845551
967.288978,192.588850,312.711022,416.547058
964.979496,203.700773,313.466705,409.438934
965.225773,205.075865,314.774227,396.000153
964.454637,204.096846,315.545363,398.041077
962.623528,203.143415,317.376472,415.196594
958.405713,198.666166,319.266693,396.918549
934.910626,190.860594,345.089374,403.578278
912.263144,172.313719,367.246887,418.250519
913.064383,169.113905,366.935617,419.040039
911.073924,169.233152,368.926076,415.660187
907.408804,169.780928,372.591196,413.780457
905.122935,169.372770,374.877065,412.462494
910.063161,178.512831,369.617462,410.482056
915.626546,202.137892,364.164520,392.653687
913.309774,203.245527,366.690226,385.139832
912.003733,202.749281,367.996267,382.599731
913.748754,201.952589,365.806763,385.228271
909.630575,201.108625,370.369425,388.405579
880.086085,180.237013,399.913915,411.468506
868.122846,171.191343,411.877154,420.290924
872.306510,164.224897,407.693490,427.337097
877.943096,163.783400,400.692047,427.586060
876.755824,162.912001,403.244176,428.838867
880.534269,162.993986,399.465731,429.112640
878.960311,163.153517,401.039689,426.974731
885.540901,160.592787,394.459099,428.681641
874.702167,151.986235,405.297833,452.135468
876.154764,145.199430,403.845236,446.440521
868.406896,140.997663,411.593104,450.204163
871.022707,139.804930,408.977293,441.955597
868.925401,138.436079,411.074599,443.909119
872.637200,137.775053,407.362800,441.414276
878.297253,134.812239,401.702747,441.077454
888.010321,127.319136,389.951172,447.094910
887.566748,116.083723,392.433252,454.908752
889.967685,110.686857,390.028839,456.149261
889.035419,106.275908,388.118225,461.408661
887.529803,102.734388,392.470197,466.331299
884.815301,103.318190,393.581573,460.425659
885.043848,103.315641,394.956152,460.988617
885.090253,114.732267,393.150940,450.163422
885.694211,143.473448,394.305789,423.726959
880.379515,144.111814,399.620485,422.068756
881.681777,134.152876,398.318223,428.973206
882.890098,109.476454,397.109902,450.633301
881.614742,95.034513,398.385258,468.859467
884.307279,89.347563,394.812927,478.282440
885.705137,90.861265,394.294863,475.243317
885.197844,90.023817,394.802156,477.478027
884.620346,91.056105,395.379654,479.375122
882.551002,91.942884,397.448998,480.015625
881.907200,92.078886,398.092800,479.866425
879.606737,92.618879,400.393263,478.141907
880.247613,93.338469,399.752387,479.862152
882.323422,92.353514,397.676578,481.267609
880.281965,91.461973,399.718035,485.005524
879.483298,90.451384,400.516702,489.572601
879.153163,90.723234,400.846837,493.470551
876.810835,92.774260,400.450928,489.333344
875.446516,93.615583,403.581177,491.845032
867.824247,104.286482,412.175753,487.849426
854.374328,115.506132,425.625672,469.495575
849.025863,114.368254,430.974137,468.523285
847.757866,112.289381,432.242134,471.186646
848.416546,109.993284,431.583454,475.981964
847.093710,111.066740,432.906290,473.786957
846.229289,111.228804,433.770711,476.625183
847.759862,111.185499,432.240138,477.007690
848.071261,112.817472,431.928739,474.672943
842.118165,120.211180,437.881835,468.249298
834.866944,130.913893,445.133056,458.449341
832.852249,125.138823,447.147751,471.120331
843.297188,122.958265,435.729309,465.111084
842.180626,118.709837,437.819374,469.233917
849.516354,116.522657,430.483646,467.494507
847.307875,113.322584,432.692125,473.905884
858.456321,124.916609,421.543679,467.086243
861.404964,155.141554,418.595036,435.122192
858.392088,166.917189,421.607912,429.153931
861.498351,151.320189,418.501649,442.360870
847.284301,116.402555,432.715699,480.636078
841.581344,110.550825,438.418656,492.117126
843.194496,112.796873,436.805504,490.314728
841.792728,117.310698,438.207272,489.207977
842.387011,120.982222,437.612989,486.213562
839.999032,121.686613,440.000968,489.770111
837.165379,122.453245,442.834621,494.339874
842.081606,125.378538,437.918394,490.710724
842.045243,125.354185,437.954757,492.141754
846.303780,127.729383,433.696220,491.638916
847.495060,128.593138,432.504940,492.293243
848.060488,130.979490,431.939512,493.420685
851.866792,135.077665,428.133208,491.654999
854.661835,133.366819,425.338165,493.909943
852.847657,131.272657,427.152343,503.253540
848.658371,128.958708,431.341629,501.741547
846.162285,129.870054,433.837715,504.244781
844.759625,130.625288,435.240375,501.618591
843.543737,131.116117,436.456263,504.850800
844.147128,132.754957,435.852872,497.995728
843.254137,135.513853,436.745863,505.833405
841.738549,141.813673,438.261451,487.559937
837.151532,136.749342,442.848468,504.649048
841.336996,138.304808,438.663004,496.913116
836.155376,139.985182,443.844624,501.436890
835.526403,142.517805,444.473597,495.618469
833.524951,142.969023,446.475049,495.662323
832.278848,143.270613,447.721152,498.714172
832.126073,145.857359,447.873927,495.770905
825.154482,149.774656,454.845518,491.746857
829.127107,150.912977,450.872893,488.533691
827.151414,149.170546,452.848586,489.815918
825.512490,148.851255,454.487510,496.260162
826.705723,150.173735,453.294277,491.599335
824.878450,150.232222,455.121550,498.980896
828.683167,151.668562,451.316833,493.945374
824.459122,152.019331,455.540878,492.185486
835.248741,169.459089,444.751259,475.682434
823.147701,175.833738,456.852299,470.011993
831.572004,178.642469,448.427996,469.532959
831.369590,182.711058,448.630410,462.270782
845.480083,201.219984,434.519917,442.916504
833.641622,238.047972,446.358378,398.342804
837.700923,285.424208,440.510040,352.639648
834.495311,324.944853,442.246826,313.139618
836.780848,347.892561,443.219152,291.187073
838.339323,363.495649,438.805328,293.602966
851.774991,361.851210,424.350861,353.485352
870.157957,392.710905,409.335297,325.561127
866.541837,389.326902,398.116730,330.673098
865.619428,393.318954,388.890625,326.681046
863.842939,380.031440,390.507080,339.968560
864.169492,352.892978,408.543060,365.820312
866.184247,320.756946,410.717773,398.014252
866.028120,314.897159,413.971880,404.967590
869.454550,330.644901,410.545450,387.030701
870.035259,347.044330,409.964741,371.179840
868.774328,348.316837,411.225672,370.231873
867.401522,347.285938,412.598478,368.789276
867.265901,343.688633,412.734099,370.838013
867.859238,337.509693,412.140762,374.902557
864.493294,345.104526,415.506706,366.211060
853.151173,337.103550,426.848827,375.767334
849.686472,337.414066,430.313528,371.356384
851.444615,337.359012,428.555385,363.596619
845.537753,333.129520,434.462247,367.878723
842.241838,333.515842,437.758162,362.682739
841.262841,331.540180,438.737159,362.408844
837.187573,327.732868,442.812427,361.134674
828.955160,319.375644,449.733307,370.585938
823.841635,307.810947,456.158365,382.790771
820.433528,304.270389,459.566472,381.942688
817.272047,302.435215,462.727953,381.946777
815.338813,300.113285,464.661187,378.654114
814.025073,300.212055,465.974927,383.037140
812.734522,300.395069,467.265478,373.372040
812.536664,299.965717,467.463336,369.199005
810.813055,298.282291,469.186945,368.974060
823.717944,308.474582,456.282056,355.467896
822.929483,307.196583,457.070517,356.312347
823.790166,305.620945,456.209834,356.617920
822.092150,304.412296,457.907850,356.191711
820.702371,300.378422,459.297629,359.531677
818.130650,298.691089,461.869350,365.116913
809.108309,293.509861,470.891691,354.956909
802.793718,287.824314,477.206282,355.614136
803.488747,288.918934,476.511253,348.025238
801.409031,290.239429,478.590969,349.021332
796.679979,286.063663,483.320021,354.921082
797.349282,286.235203,482.650718,348.468872
789.052876,296.520710,490.947124,348.378815
774.340510,307.527271,502.803986,316.214813
753.076060,318.068714,523.426514,304.553558
715.845988,321.093067,553.463074,301.234467
664.544626,321.266575,615.455374,283.512329
621.989995,325.272144,632.595276,331.246552
527.363958,353.857685,726.232605,316.342316
500.159917,374.414066,776.528137,321.749817
393.759160,386.952381,879.367737,305.799896
333.986058,387.896549,876.665161,325.982361
295.287664,395.504658,859.070740,323.365265
208.828252,404.433552,939.603821,315.566448
165.504216,424.990595,1013.298035,294.639618
139.366552,435.308191,1014.635376,284.691809
104.963414,432.683835,1031.805176,283.659027
82.163915,446.601193,856.891479,270.914398
92.349950,455.321942,1025.797974,263.486084
86.838353,451.596768,1077.459106,264.916656
84.360631,442.643628,1086.053955,271.045837
84.298680,435.555722,1101.193970,283.917206
92.217137,437.018964,1108.697388,276.126221
96.960118,430.532117,1123.214600,287.098206
130.287023,412.376492,1112.130371,306.445099
208.887120,402.851544,1002.437988,313.484009
248.410741,376.601056,989.056030,342.828735
280.833226,360.364133,981.146362,359.635867
319.880986,334.898222,754.670227,379.486633
338.213994,325.307448,650.087463,389.837860
346.949254,290.236311,598.589111,424.806793
334.896581,273.807631,558.781128,443.170502
331.815816,248.377455,488.303741,467.880951
343.264867,234.202925,378.271606,483.167755
365.589238,228.653578,321.888489,489.779633
385.458554,208.405409,246.383621,503.811615
389.462819,188.055785,235.793549,496.134644
375.981343,184.092833,243.577057,534.917847
372.447103,185.166350,260.408722,530.607483
356.388738,189.474333,282.947937,525.697815
343.349691,189.742827,307.661896,523.543152
349.077077,187.761534,301.486908,525.236938
355.171041,191.932707,293.641632,525.777283
361.092382,190.155119,297.679443,527.121765
341.581197,194.047636,324.829376,519.063904
308.917531,198.119414,383.550995,517.800964
280.404180,195.904448,444.971497,522.016541
268.277532,194.246809,467.964539,493.761261
270.032979,193.607939,469.167511,435.827087
197.168340,188.250868,556.871155,432.597137
205.853307,195.115950,562.379395,361.656036
86.313573,192.717360,684.269653,390.482269
102.580785,188.948576,680.694458,424.742004
80.522100,203.929625,704.937317,380.105591
94.644994,201.724516,684.014771,372.889832
60.591069,207.186141,729.069641,370.475616
73.966283,214.107024,720.597046,331.427551
57.409764,217.895918,749.871460,344.299957
66.092931,213.440901,718.583008,291.314484
59.343694,216.794310,726.079773,297.932129
59.161351,210.771101,722.484741,317.909454
32.974340,213.792998,747.216675,314.833679
41.878575,208.570235,730.907227,317.747955
28.658727,209.042067,741.639404,357.714447
64.161565,213.180190,707.486511,314.217987
57.509801,212.101164,708.558594,335.060364
37.534063,212.609313,727.409729,387.632202
55.567266,211.190962,705.293762,348.552155
26.921819,212.534926,727.426453,374.085907
45.466008,212.112380,702.089539,314.380951
34.517675,217.415343,704.832153,319.044067
25.662236,212.892912,711.586731,362.078674
21.462926,216.363448,711.886719,338.843414
19.943364,221.429839,710.827698,348.233582
19.311559,222.526747,709.847900,354.800018
60.920873,223.958098,667.655396,337.001770
30.769445,225.981062,697.507080,361.442169
24.451543,225.480711,701.312073,380.107178
19.824590,227.729826,701.540588,373.966370
22.117345,230.988799,694.428955,395.657166
31.262151,235.605437,692.003113,369.350891
19.126470,236.937911,701.604797,361.973053
13.796392,246.473464,708.408264,354.770844
14.003301,245.251158,706.385559,360.021118
8.920262,248.039046,708.576050,361.486847
12.414525,246.596648,704.417603,388.785461
12.612706,247.882018,704.133301,378.045044
8.149480,248.734572,703.013611,372.639252
4.499517,248.798293,705.045227,379.942230
6.522130,248.301878,703.659912,375.160400
17.892583,246.255003,688.735901,400.700684
3.151982,249.461577,703.726135,371.355896
0.000000,247.063460,705.828710,386.008087
3.058123,245.144438,695.829895,390.594177
0.000000,246.492674,695.031542,402.891602
1.629205,250.617568,688.069275,390.267792
6.580224,251.918501,676.802002,386.076813
0.000000,252.727721,681.929498,395.287964
9.558438,256.487120,670.777710,385.516724
0.000000,253.884657,681.173154,418.676483
2.562865,270.164809,674.084045,375.265350
0.000000,297.143034,686.188872,364.844543
0.000000,301.714385,680.350143,318.342468
0.059806,296.814940,682.390442,347.675537
0.000000,277.920088,695.814750,379.612457
0.248714,278.109786,688.974304,384.721100
4.879207,276.509276,685.370789,396.294189
8.319820,273.964095,679.673889,366.488068
0.000000,268.708586,690.758144,404.179260
19.396406,271.865492,673.120117,370.188690
19.865888,265.393279,668.854004,397.067688
0.000000,271.279601,697.272566,366.591919
0.000000,265.989333,690.626059,371.110199
2.023204,264.028578,684.066223,415.537079
0.000000,271.822249,687.173717,341.900909
6.935156,268.806105,684.237244,358.774261
0.000000,267.937849,680.577673,382.237335
0.876880,265.246397,677.586853,418.494019
0.290057,274.507674,683.279053,375.421417
0.000000,271.903136,678.308062,400.938354
1.622232,272.554305,678.871948,396.787384
4.267404,272.208434,675.643127,399.747192
0.000000,273.927184,683.303781,409.757935
0.000000,278.277739,688.811742,379.193542
0.000000,277.765746,692.339403,374.612061
0.086663,279.281142,688.119934,369.320038
0.000000,276.779173,695.850549,384.414551
0.000000,282.052809,685.890576,372.924896
0.990027,277.204604,691.936646,376.952606
0.000000,278.176100,694.018652,370.344818
0.000000,277.895461,692.522479,381.433929
0.000000,280.315398,693.256174,377.901184
0.000000,281.528990,693.410344,371.608521
0.000000,279.525267,695.188540,383.514404
0.000000,278.009627,694.949891,382.839142
0.000000,277.245589,694.272126,382.435333
0.000000,276.476088,692.248917,388.371796
0.402474,277.760680,690.080688,383.456909
0.000000,274.857512,693.718361,405.657288
0.000000,280.181441,695.024586,387.552399
1.989740,278.294783,696.696960,382.212433
0.000000,275.508574,698.941584,388.674011
0.000000,277.714751,697.849088,388.277527
2.211287,277.227614,698.468262,388.189056
0.000000,276.063719,697.349806,391.970215
0.000000,274.377409,703.184852,392.778381
0.000000,272.067564,704.210071,402.301636
0.000000,277.386122,701.920618,390.805634
0.456555,274.247511,705.774109,396.735443
0.000000,274.973128,702.906262,397.884064
0.000000,275.676573,704.030005,397.334106
0.000000,277.815016,703.500324,398.743500
0.000000,280.613066,705.289102,392.316589
0.000000,281.759642,705.753194,407.608643
0.000000,285.295805,702.818034,400.063171
0.000000,283.027159,703.471761,406.792358
0.000000,283.899840,705.687907,408.856079
0.000000,285.379118,705.032979,408.815002
0.000000,287.460875,705.832743,400.647827
0.000000,287.939940,709.460103,400.795166
0.000000,286.383910,705.841868,396.229980
0.000000,281.654921,707.543279,417.701874
0.000000,279.361800,707.410739,412.516632
0.000000,282.247588,707.306779,404.622253
0.000000,278.330779,711.900521,419.673401
0.000000,276.743514,711.550999,417.532013
0.000000,277.758009,709.884600,418.941742
0.000000,276.774779,712.133737,431.750977
0.000000,280.033522,707.462193,423.634613
0.000000,282.411055,708.027056,426.956940
0.000000,285.879424,710.301675,421.902527
0.000000,288.640791,712.509633,421.549225
0.000000,288.662199,707.184778,424.276184
0.000000,291.673140,706.195508,420.913239
0.000000,292.821150,701.521277,419.261505
0.000000,296.068327,703.623737,418.109192
0.000000,297.225676,701.572519,413.552063
0.000000,299.794295,693.575810,414.250031
0.000000,294.220381,701.021731,417.639557
0.000000,298.973708,694.536958,416.556488
0.000000,293.385619,701.820176,418.886230
0.000000,296.777205,693.020409,418.140411
0.000000,291.249541,698.625561,419.752869
0.000000,291.748885,691.411932,420.250031
0.158176,288.452925,697.016724,423.661774
0.000000,286.342146,693.788241,426.827667
0.000000,284.994139,692.139635,428.110596
0.000000,285.507399,687.971551,427.435394
0.000000,285.332381,686.152554,426.298615
0.000000,284.297957,681.558790,426.097687
0.000000,280.031218,684.358405,435.983948
0.000000,279.608244,685.000919,432.454651
0.000000,280.056227,682.812380,430.907562
0.000000,281.187911,685.008942,434.943512
0.000000,280.531386,682.297471,431.937469
0.000000,281.188963,683.286980,430.525391
0.000000,278.243636,680.676785,438.347443
0.000000,277.793639,678.418776,433.077271
0.000000,274.741499,679.270759,437.758209
0.000000,279.025481,673.074771,433.376770
0.000000,303.767638,663.570040,405.364136
1.037858,303.819106,664.155701,401.676483
0.000000,298.280287,664.709550,408.622284
1.916207,283.284789,684.813660,421.421143
0.000000,262.622328,689.695748,435.304169
0.000000,255.518630,682.863743,439.908539
0.000000,254.761595,684.577501,443.326172
0.000000,253.829390,680.258325,445.395905
0.000000,255.194273,680.910687,435.004517
0.000000,254.753340,677.696188,443.289948
5.491283,258.030058,673.787598,430.684265
0.000000,256.757979,676.559886,444.203278
3.522924,256.648543,676.152710,439.428497
0.000000,257.791945,674.995611,440.887054
2.424563,256.394759,674.618652,438.016876
0.000000,254.902312,677.639773,441.769348
0.000000,253.221434,677.304994,440.818115
0.000000,251.312560,678.039429,443.474731
0.000000,253.009352,675.343994,436.276215
0.000000,249.898543,677.426483,446.014191
1.742569,251.747923,677.232849,432.818848
0.000000,249.986617,676.886307,428.943512
0.000000,249.777968,674.933968,426.558563
0.000000,249.135161,677.828526,426.571228
0.000000,250.205763,679.877855,428.053314
0.000000,257.539824,681.718530,431.252625
0.000000,269.824065,691.430432,423.041565
0.000000,274.554732,695.198553,414.534576
0.000000,273.436751,697.460849,412.956818
0.000000,274.256636,698.588609,412.018463
0.000000,272.303618,701.112756,409.559021
0.000000,273.271697,700.655743,411.024719
0.000000,268.992812,703.693350,417.051483
0.000000,266.496169,701.409480,414.098236
0.000000,263.786330,699.618253,432.809174
0.000000,262.163283,706.137923,416.491547
0.000000,260.163054,700.913413,429.092346
0.000000,258.062727,708.072460,410.867950
0.000000,260.927733,709.804754,425.009521
0.000000,267.179182,713.109713,397.418488
0.000000,267.634612,714.216783,402.464661
0.000000,268.152739,717.189355,403.910828
0.000000,266.492705,712.625409,385.545593
1.201498,268.023802,722.734131,386.766602
0.000000,263.643385,720.673575,436.355804
0.000000,265.971922,727.905604,401.354980
0.000000,274.219878,767.579023,372.004089
0.000000,280.159361,787.048911,424.610718
0.000000,286.158431,795.603130,403.232697
5.004934,296.007658,802.323242,408.481506
0.000000,317.751372,814.438192,397.051941
0.000000,344.023726,784.102122,368.052887
176.755315,353.755339,590.274841,344.075012
112.681249,285.400160,657.191772,423.081268
134.464513,235.490660,642.562256,462.823364
163.918645,202.593993,603.497009,513.854736
127.322576,176.261046,629.656189,537.386841
110.283208,158.690367,651.534241,553.817017
88.522558,153.232207,698.431030,559.472839
61.520452,158.783171,730.774597,551.406799
57.844121,178.850432,743.425110,533.204163
44.920049,188.619200,763.599915,521.719360
42.772802,214.023879,765.955444,497.838715
41.816564,233.049925,765.728271,474.230713
34.909795,246.437499,766.291565,463.147705
25.686132,247.573149,783.283325,446.425476
14.088018,254.503951,796.820862,451.030914
11.989538,277.717955,799.352051,413.493774
7.470952,297.476790,808.199036,407.847931
5.515172,307.035704,808.448486,373.724976
8.772008,316.100020,801.320068,376.195465
7.262487,321.964842,796.887207,378.411377
0.000000,320.693053,804.865545,368.644653
11.762912,321.149153,792.114380,368.667755
11.400393,347.994566,810.204651,344.950562
0.000000,361.240141,836.748233,349.742615
0.000000,355.969985,830.280549,309.066620
4.581742,360.083678,833.573853,333.047974
0.000000,357.324828,830.452897,351.819336
0.000000,356.989928,832.882302,312.826538
0.000000,353.668395,830.382557,338.557251
0.000000,326.559645,828.973291,379.649261
0.000000,306.605223,837.634687,399.458252
0.000000,303.331313,815.277884,406.093964
0.085231,302.094710,828.124023,405.998077
0.000000,298.729445,823.305324,412.799896
3.804029,301.049559,817.845459,409.979980
0.000000,296.028960,790.507520,412.577332
0.000000,272.996626,760.329718,412.635895
0.000000,252.751433,739.458652,439.704407
0.000000,242.181303,724.975511,466.244812
0.000000,242.389082,727.465356,465.935699
0.000000,242.063612,726.199963,462.526825
0.000000,241.276000,729.518683,461.380127
0.000000,248.594496,748.844394,445.684540
0.000000,254.846999,785.706529,426.643646
0.000000,252.895186,785.906121,426.800934
0.837246,248.038329,788.406677,426.994629
0.000000,241.113142,783.951779,451.419708
0.000000,244.861021,787.418211,442.075317
1.121734,239.415968,782.974548,446.025970
0.380859,238.295668,784.135010,444.375458
0.000000,244.330916,774.748504,436.454132
0.000000,248.967696,740.972183,442.993561
0.000000,246.896178,723.293709,453.388062
0.000000,244.918684,713.225376,456.129425
0.000000,243.861235,706.748278,461.055603
0.000000,243.898650,706.580102,459.820374
2.760754,241.521208,705.041504,463.867004
13.426342,234.305296,714.851196,484.545410
24.149060,222.254378,717.488525,494.607697
14.063794,212.728148,722.980103,498.216553
6.594037,212.163908,729.111023,499.669006
9.702282,211.370467,727.334717,493.966583
11.015271,211.735930,727.688477,488.024963
1.852185,211.132857,734.100342,498.820709
4.975750,226.276549,696.342468,484.213013
21.506237,260.850646,652.038818,455.346558
80.631421,267.097838,580.469849,452.091431
128.348858,268.502989,514.981750,449.265991
140.307263,266.702422,497.385742,449.473083
152.179379,263.942183,486.967438,454.205719
148.964978,262.753981,488.753418,453.502289
157.365811,236.789168,500.922943,477.552277
179.088818,203.889983,519.006714,513.315491
173.493939,186.392271,528.327820,526.024292
159.878125,183.924315,539.102173,528.118652
144.322857,182.165495,554.750061,531.029358
109.565106,180.290373,589.211609,531.570374
109.821362,177.702177,594.352173,534.024597
115.551037,191.736388,582.397949,519.771606
130.041455,253.390700,540.647827,463.858978
184.486859,274.536803,474.778748,442.160034
215.679684,275.002623,440.233185,443.738159
212.853390,269.811415,440.377472,449.068085
206.919201,267.310317,450.075928,451.164520
200.850094,259.562300,461.686066,458.409088
203.394864,220.664595,494.887054,495.490875
196.516263,216.438750,508.498749,500.084656
159.529461,211.157591,543.550720,506.346924
109.734875,213.956862,589.207275,497.886810
61.895550,213.080565,635.719666,502.134521
54.721875,211.281706,648.190063,506.603088
61.672863,219.548613,639.332275,496.342957
130.177502,247.410872,564.823975,464.958771
176.756421,262.241148,498.330688,454.230347
174.961377,263.742232,493.745483,452.582916
175.845898,263.050749,488.546509,453.610901
156.129971,265.291365,506.282806,448.514923
122.695385,241.933577,552.674927,475.878937
119.188366,200.249999,601.526611,517.317139
104.499585,195.447783,610.453979,519.102478
84.920605,193.418852,626.127563,520.684753
71.273297,196.009093,635.906555,518.927612
75.958081,193.258940,628.729126,517.899353
82.056714,193.904204,621.698364,518.814880
84.143963,205.580061,616.472839,507.858185
101.655987,243.592101,605.663635,475.714478
93.736493,258.855452,599.658630,457.073029
96.791913,258.955199,595.841980,454.281738
89.094067,254.142973,605.776733,457.711853
84.256939,241.393248,623.436096,473.590942
102.879681,216.041167,631.491150,499.850769
118.276837,200.683714,627.205872,515.762695
122.074780,197.575682,626.392944,512.367188
118.094098,199.710799,627.657043,511.614532
117.852856,201.352354,627.034058,511.667603
117.104779,199.380248,625.157410,509.190674
113.514721,205.066802,629.598022,506.256531
134.268506,209.724974,612.726196,499.403076
147.313305,234.147627,596.838501,479.081940
137.797528,256.280364,586.790222,455.353333
136.969433,262.527281,586.322144,450.672485
135.238507,260.581862,589.082092,453.167816
128.369763,253.927641,598.646973,458.794861
130.276806,227.497862,617.464233,488.337524
136.234539,203.853178,631.263367,514.277527
132.016003,190.073363,642.374756,524.342773
126.211255,185.794188,649.046509,523.979004
122.610455,185.420409,652.032043,530.260498
118.488507,183.672453,656.737610,527.944641
105.441967,185.077239,667.944458,524.192444
91.044781,189.925505,681.465637,521.069397
84.142193,206.226622,687.653625,513.171509
40.548962,229.454802,735.929199,486.358948
1.883984,235.375441,780.809937,475.532074
2.448071,233.616621,775.496704,468.204254
0.000000,233.357649,783.100110,478.712189
1.303534,232.177168,779.357544,467.291168
0.000000,231.017485,779.269415,476.161560
0.000000,259.327452,776.896396,444.557251
0.000000,285.840529,804.779741,412.566254
1.016274,298.405608,812.699585,392.755920
1.512215,304.447203,823.974060,391.300659
0.000000,300.689726,819.372353,375.321716
0.000000,290.543059,808.468281,414.046692
0.000000,295.827864,806.736124,390.236603
7.611714,292.554182,800.469971,411.558136
0.206441,299.024733,804.607666,395.974213
7.036641,289.093321,801.995361,415.243774
18.339833,288.808272,788.433655,398.891998
3.124715,287.602705,802.046265,419.464020
0.678029,290.628218,812.029724,386.153961
0.000000,299.336379,843.147451,391.025726
2.104334,321.938765,853.704163,367.502594
13.297511,341.810973,846.686218,357.931519
0.000000,338.194106,866.733241,359.336395
0.000000,334.681410,865.607404,351.092987
0.000000,324.820525,853.694937,381.672424
4.854610,224.458861,799.649536,448.689453
124.515926,175.424880,664.106445,475.117523
18.013820,145.970946,751.325256,547.111816
10.079646,132.727629,756.009766,570.797424
4.854335,133.292632,765.052673,565.308533
0.804897,132.315276,772.004822,554.887756
0.000000,133.942992,772.958522,554.488281
0.000000,131.984862,777.017408,546.135254
0.000000,147.575865,773.747504,543.829224
0.000000,219.820754,803.939182,464.558685
0.000000,251.008955,808.533525,418.508453
0.000000,246.017928,820.559853,415.412628
0.000000,246.593382,816.609150,424.013184
0.000000,241.655226,818.571482,408.870453
0.000000,225.793730,825.470372,473.150818
0.000000,219.287871,824.762316,437.700867
0.000000,211.298674,826.757135,479.897522
0.000000,216.087096,824.816281,451.085571
0.000000,216.437376,826.706419,432.733154
0.000000,210.241332,827.765533,484.014648
0.000000,215.526015,825.823440,449.850555
0.000000,222.906615,822.582710,433.873535
0.000000,226.643446,804.726993,466.811981
0.000000,220.327361,800.064485,444.938049
0.000000,218.605254,806.443894,450.473572
0.000000,214.416563,801.173302,463.341431
2.401104,215.640181,793.390137,442.169342
0.000000,213.906493,800.024212,430.657471
1.020376,206.577696,795.813293,472.577026
7.469381,213.833296,800.732422,432.989410
0.000000,215.138579,864.733450,434.862000
0.000000,215.165053,916.154109,476.527069
2.047117,217.711104,917.607971,493.435699
0.000000,212.278044,927.633268,496.559387
0.000000,219.001967,928.105269,491.952118
0.351920,219.836791,927.785950,495.173828
0.000000,220.542052,932.378410,495.380493
5.904567,221.817763,916.221375,486.094208
19.187526,216.551482,886.872986,495.468323
7.079586,207.293654,882.663574,511.610199
68.908992,206.301634,807.730835,507.786377
126.820064,203.465575,743.934326,510.418701
100.896816,204.210997,767.466614,506.840942
67.976803,203.153380,806.770020,508.437378
164.866848,200.803221,703.830261,508.669922
105.885097,205.738280,747.262268,514.023193
106.270137,196.971190,737.936035,523.028810
123.784420,195.188476,720.411621,523.220459
120.442653,191.115417,715.970886,527.485229
119.755031,192.046752,713.193298,525.277344
112.993557,192.030792,714.395203,524.091003
117.903835,190.836364,713.429382,524.392456
168.303310,199.067809,665.925598,513.179810
151.745449,210.166717,738.711975,507.729065
129.914150,219.564437,784.103821,500.435563
135.917324,214.333961,782.712708,505.666039
111.865444,210.178165,811.398987,509.821835
103.613094,206.350374,816.382935,513.069214
91.257564,203.911898,833.566895,515.172974
87.194729,203.254335,845.320251,515.239075
106.976558,203.773348,816.432373,516.226652
144.488918,213.235780,755.062683,506.764220
130.014003,215.580933,744.112610,500.640320
108.552059,215.425995,761.541138,504.574005
106.743404,211.561463,764.088135,503.558197
61.966274,214.421463,809.205627,505.042053
78.352871,215.069214,791.891174,498.926971
72.024837,220.219376,788.398071,493.653259
72.370083,232.755280,806.849670,483.339752
82.230251,235.782181,812.903748,482.489075
81.501003,231.137757,823.163269,488.862243
75.635555,224.570557,833.629761,488.081604
119.392696,221.642700,787.338379,488.617493
65.772243,222.943024,841.446472,489.385742
21.855343,220.872421,882.791992,495.877777
63.565029,223.447510,835.933899,489.858704
110.515285,233.236099,799.148132,485.742706
253.013515,235.957535,665.462708,468.866730
49.017788,233.552109,861.194397,482.352386
48.089473,226.606903,869.795898,486.526733
13.141018,223.194962,905.727234,487.602570
72.059932,223.482239,838.859619,484.285583
6.202572,219.197647,913.622681,495.540070
0.000000,217.710617,916.834224,494.074188
0.000000,215.941284,917.176084,495.111877
34.790008,220.971726,870.487183,494.563690
57.862700,220.167053,830.645020,490.011902
138.078032,217.346954,748.776123,490.089600
100.437652,217.352127,770.590820,494.589020
27.954772,216.749344,860.645935,499.965485
0.804473,212.941132,904.077881,507.058868
3.999572,207.126328,908.836609,512.258545
0.000000,204.649124,917.084960,508.979797
0.000000,202.636536,918.767730,505.492035
0.000000,207.585312,909.124283,502.957520
0.000000,217.375565,906.498482,498.773987
0.000000,238.744782,881.278995,470.545074
0.000000,241.579590,871.953310,468.532928
0.000000,239.478424,857.722321,468.937164
0.000000,230.350784,867.213028,483.476135
0.000000,217.527054,881.885750,488.401184
0.000000,206.528183,889.681248,503.012207
17.299089,197.659988,876.763489,501.568420
0.000000,198.139145,898.520952,495.902832
0.000000,195.255112,896.493691,496.946777
0.000000,196.743256,888.484395,508.792023
0.000000,208.882828,886.292368,492.133240
0.000000,216.993073,879.932012,481.563141
0.000000,214.264893,874.196017,483.875458
0.000000,213.002289,874.360978,481.115021
0.000000,208.436935,881.750161,485.848755
0.000000,206.264130,910.651112,489.674347
0.491816,205.599564,912.526367,477.747620
0.000000,205.951645,904.318384,490.295166
0.000000,208.737640,907.595990,484.498810
0.000000,209.211136,902.351798,480.981506
0.000000,211.573044,903.931178,482.980347
0.000000,217.093536,894.812269,488.540924
3.694739,221.053497,888.163757,480.110748
0.000000,218.683945,888.789283,479.166992
0.000000,218.569061,887.629627,481.367950
5.140619,217.695847,888.032959,483.289917
0.000000,225.908798,903.125665,476.268799
0.000000,233.423645,917.280606,461.558197
0.000000,236.257675,913.154189,459.873535
0.000000,237.901230,910.182533,454.013184
0.000000,238.913635,913.189380,456.421722
0.000000,241.438232,903.705225,458.167938
0.000000,246.327866,890.693555,457.912109
0.000000,248.593643,867.888159,453.946228
0.000000,245.627350,857.487415,461.035553
0.000000,241.707504,851.139856,464.312256
0.000000,237.267273,865.693158,466.535980
0.000000,227.382492,864.706168,472.158081
0.000000,222.441666,871.147487,475.515076
0.000000,221.877472,873.696210,472.287750
0.209067,222.452347,863.721436,470.528381
0.000000,222.564835,863.047477,478.653992
0.000000,227.671463,861.392024,481.580872
11.541563,240.587235,844.597717,470.632874
12.481199,267.905335,791.340515,451.365082
34.959593,266.958160,747.945740,451.113434
61.238859,262.570602,717.437500,455.643188
84.894560,250.046555,698.298462,468.654663
89.874906,231.833984,715.704468,484.598846
92.812345,219.006912,733.129883,500.722473
85.986082,214.470825,734.028015,505.529175
91.860166,211.374329,733.028625,508.625671
88.581510,208.620087,731.675293,510.930786
88.154661,205.091370,731.927429,512.863464
85.038114,207.303070,718.925903,508.627808
101.247770,242.024048,672.116455,476.409241
140.570615,243.269211,601.096008,472.585175
181.166441,232.059464,555.012512,485.151886
192.881529,226.266296,534.616516,487.072449
175.246763,215.543884,580.432190,499.650330
150.415617,205.579865,629.422852,509.178467
136.247984,201.829880,648.327942,510.468231
128.838224,203.531372,651.163818,509.974915
130.797697,203.496796,645.677490,511.071411
126.669737,204.020126,646.046448,510.496918
119.202299,206.103638,651.359985,508.868225
112.946684,207.931290,655.978149,505.518829
102.882017,212.296021,665.749573,498.393127
67.878111,221.563599,733.868469,492.911438
25.577085,229.300262,798.589905,489.311890
17.407835,231.429764,823.371033,485.509674
36.996549,231.767059,815.439697,486.291626
27.382353,233.996246,835.142456,483.599609
26.272703,227.432632,839.273865,484.560089
35.277891,224.213974,830.768372,487.066254
48.209928,224.368774,815.043945,487.504944
25.278745,224.011490,818.872864,495.164337
0.405180,211.794388,849.040161,504.613922
14.423856,206.460602,825.357788,509.253418
42.530760,205.946762,795.638611,510.911224
12.226011,202.843735,826.362366,510.591156
10.324583,189.766602,820.161560,528.237854
46.746580,184.394074,770.875427,528.282471
19.706571,190.268646,792.774292,529.731354
108.098448,194.249283,706.078430,518.893127
77.131590,203.293228,737.484314,516.463196
88.295377,211.698532,727.703613,507.851807
114.784025,219.943298,700.529053,499.119110
125.445036,226.988602,686.662598,489.819031
125.615965,231.420654,681.486267,487.848969
140.353056,237.817123,658.422241,478.422485
147.103697,237.299133,655.840881,478.653290
153.199674,240.412521,640.102539,475.433350
139.121977,241.864319,648.301636,474.449188
138.888609,244.466614,639.079895,471.951630
126.315855,248.663101,633.032043,466.714905
127.868070,250.468567,616.236694,467.380585
121.389585,254.073410,609.308655,464.558594
120.995054,258.425018,600.222961,460.712799
117.623502,262.320374,599.572021,456.960175
127.464140,262.634888,585.726440,451.026947
122.054929,260.454330,583.114441,455.137573
124.965238,260.589798,579.324097,452.196472
119.548002,261.421433,581.072144,453.720947
122.723783,265.458969,575.462524,451.879272
125.386656,269.833160,565.399475,443.679474
124.995725,272.329681,562.081726,443.090973
128.637541,276.945587,557.283691,439.810333
141.366361,279.946777,549.779663,432.329193
157.790678,285.294418,540.323853,428.582397
187.718961,291.810623,517.921143,422.805603
205.213346,299.411148,508.336426,412.888489
217.018583,306.517593,495.756226,408.675354
228.449842,311.026474,482.625153,403.936646
240.869810,315.883209,469.863342,397.459747
240.994749,319.362442,461.794861,392.350891
246.300291,321.074448,461.431091,394.996704
241.591093,325.596100,456.418091,388.013702
237.481626,326.950974,463.893127,383.856201
235.905149,326.632111,463.785095,384.134308
235.471418,324.605515,459.910126,388.539062
233.379026,323.957962,458.496277,385.888855
225.887830,318.566574,463.783600,394.154785
221.638776,316.103439,467.798553,396.157959
213.191892,312.379791,474.262878,401.352814
204.812681,310.075027,480.240784,400.978210
192.643736,307.893387,492.280090,405.591980
187.282880,307.255142,494.474213,407.532532
186.256147,305.597382,490.993744,407.404449
180.835264,304.793488,495.093323,408.540314
170.006223,303.095200,501.661316,411.521118
169.509474,302.153778,500.158234,411.092438
160.101774,299.868683,503.217041,415.644562
150.276472,296.764069,509.442108,419.160431
143.461485,291.526947,513.350891,421.219635
112.811765,286.690186,537.921814,430.027435
104.183744,282.179306,547.779175,434.231079
72.872984,274.723343,569.291809,442.486267
60.428312,271.670929,584.509277,443.622833
35.031706,267.773788,611.865723,449.520386
30.161924,261.895340,618.538635,454.871033
12.702879,255.086899,640.060974,459.977905
15.915067,247.225006,642.735718,466.609650
20.165312,239.743301,641.541870,468.464905
0.000000,233.840225,669.327024,475.985168
7.081908,234.477097,668.459595,474.651855
0.000000,233.809402,690.314727,462.804626
4.225021,230.560822,694.959656,455.257843
0.000000,227.288284,710.795516,446.750916
1.347984,222.092377,716.358826,447.496979
0.482536,218.742004,726.919067,455.811005
6.977867,217.904037,731.156433,454.725220
2.420982,215.334625,744.620789,452.062286
0.000000,215.582474,751.473991,450.526306
0.000000,212.608902,754.502346,476.616272
0.000000,209.890137,756.222029,449.199554
0.000000,213.023087,752.102927,444.542542
0.000000,207.635132,750.118968,450.012543
1.797949,199.796661,740.894409,449.714630
0.000000,194.862366,737.481054,449.056610
2.069629,194.445297,735.975342,448.893433
0.222674,192.375885,741.677551,465.198273
1.352191,190.131012,745.077698,469.339142
1.844592,182.677383,747.386108,478.834778
15.604510,181.526794,736.027161,455.990936
8.316851,178.897964,747.705261,446.805481
16.032519,169.772385,743.483154,450.262939
35.755084,164.553146,728.120300,431.351074
36.280444,159.728531,730.858154,422.311340
41.261340,151.669495,731.399536,429.695282
54.022265,147.694275,724.203857,428.373993
59.410937,143.817093,725.618896,418.592224
53.499926,139.481552,741.135010,414.242554
55.734271,136.090195,742.494690,433.083618
50.121203,132.745895,751.116333,414.463623
50.355578,131.368515,750.757446,423.216675
62.828387,127.704498,732.721741,453.852570
74.313220,125.955750,718.873413,436.549286
150.986956,129.471771,626.349915,438.051666
150.982348,140.962021,605.563721,452.173706
151.000323,148.331070,587.524353,469.269592
184.270892,155.726227,528.146301,459.392365
270.836886,156.152939,432.695709,522.182739
302.862338,153.238968,408.235382,532.209656
356.747363,159.860916,323.198486,525.787537
358.784655,164.529404,296.292114,521.004761
302.008456,164.133102,337.436920,499.212646
254.901217,162.610977,377.568268,513.111877
273.765139,163.482254,358.454437,524.278015
283.803317,164.757584,353.061432,523.059631
278.233294,168.907913,363.830383,522.518005
285.776049,169.362778,365.429932,519.961548
261.287204,175.816666,396.840485,503.344543
245.459247,180.417313,413.928772,488.910828
240.277316,183.036804,436.215485,477.236542
213.743380,185.941879,472.801422,454.462524
194.270572,188.859695,503.009979,449.813660
179.492541,196.426849,524.059692,413.659821
145.682299,199.983261,559.767578,398.758667
140.479205,198.300385,573.863708,392.534088
130.598895,200.152588,589.897034,377.682465
110.317737,201.520004,621.360474,369.282104
52.404528,200.420547,692.775757,351.523010
184.506976,202.344269,576.779358,281.059113
35.958056,197.926682,736.844604,299.458862
156.866015,194.494247,613.664917,270.650635
156.036303,185.216904,624.194458,269.230713
137.580554,179.966385,640.715698,270.793152
127.738360,172.693359,651.218689,269.296722
121.280475,162.352325,654.484558,273.479279
127.643939,150.987762,645.636780,274.208649
65.251452,141.135986,696.076050,270.495941
21.657855,133.737808,737.261292,267.222717
79.519641,125.360245,678.298706,270.674133
9.187365,117.308243,736.246948,268.001770
1.208575,113.104034,737.166199,276.033478
0.000000,112.898834,732.805377,277.742950
6.069955,117.495361,713.838074,269.419769
0.000000,124.852234,711.779397,268.302216
14.412251,130.205750,689.140930,264.774628
66.907613,132.071167,616.866516,267.525726
140.400014,138.074051,540.262573,263.464172
240.249226,136.663925,434.717712,262.400757
326.942235,143.862213,341.751129,273.320831
457.588490,149.614838,214.171997,276.114044
436.949139,164.094894,236.479019,256.107178
393.276097,179.187729,328.850861,252.629395
315.084416,172.807602,444.798920,237.860718
252.610615,171.461868,443.485657,242.090271
188.451115,171.174118,454.938934,262.168457
94.015279,174.299377,573.063049,257.329926
18.537984,194.559967,580.144714,225.747467
0.531422,192.248276,479.912231,239.552612
0.638859,203.091599,479.352020,278.176636
0.888936,239.533691,535.401184,240.956146
0.000000,241.090858,528.026509,237.671158
0.280711,241.524757,530.627075,248.927505
0.801096,237.073830,524.259277,231.457291
0.000000,231.770248,516.823679,229.745605
0.000000,226.605225,521.463597,204.623627
0.000000,214.572678,447.956576,237.820801
1.358812,214.197464,438.971130,239.017517
6.073625,202.358040,575.196045,244.822098
0.000000,186.480057,611.496293,278.236877
0.000000,162.341599,582.889016,240.903931
0.000000,176.191528,508.778447,253.179047
0.157305,199.190910,494.622406,237.735336
1.737215,201.817535,492.796204,237.453644
0.000000,204.277939,457.486193,239.691650
0.291543,198.236206,460.985992,219.633026
0.619607,193.746063,432.053253,239.433868
0.000000,211.036079,416.309152,235.673172
0.000000,233.379601,418.699666,217.583176
0.099650,249.252441,409.083130,206.668182
3.672480,236.853691,388.335907,185.586411
0.729563,225.780830,379.920349,201.794754
0.089655,196.265083,344.905121,230.638260
0.000000,174.004166,367.452799,262.898132
0.000000,157.168808,297.030461,259.177612
22.146342,143.674515,179.617172,190.938049
87.674685,143.983849,481.711609,169.991013
110.270297,141.317078,632.488281,211.279266
136.985385,138.582710,664.003418,249.510086
189.957278,140.566223,627.490784,256.865326
231.611086,139.039627,624.120911,268.582336
269.963717,140.564056,618.534790,250.561188
303.836672,140.826294,608.288025,246.984955
337.739199,139.395859,599.662537,257.346313
370.769991,140.327545,603.330811,259.206940
402.727145,143.647552,601.372070,260.234650
433.138064,144.898132,599.512268,264.197845
464.235171,145.704819,590.338562,266.656128
497.446902,147.678940,588.579895,262.279297
525.581118,147.434372,586.881531,274.034302
558.897219,152.515625,586.739807,268.520966
592.652957,151.980103,578.587341,277.815155
632.924960,141.389175,567.048462,290.364685
666.331820,136.500320,566.875854,302.176453
690.892672,134.706421,574.983887,311.167084
713.687472,137.847397,566.312528,317.245972
736.615983,134.257553,541.183777,311.321167
763.577867,135.163284,516.422133,314.523376
786.576317,134.027344,490.502747,313.023529
806.021752,131.428162,469.375305,323.336884
821.241677,128.742828,458.218292,320.195587
836.852669,128.019196,443.147331,328.433380
849.777073,131.170105,427.644226,326.130096
847.524311,146.665085,432.475689,305.821899
849.039362,145.672974,430.960638,308.470917
851.661191,146.876923,428.338809,314.270538
859.205077,146.860977,420.794923,309.281311
865.712981,146.771744,414.287019,310.464783
868.668533,150.667053,411.331467,311.567352
868.229027,153.128937,411.770973,316.498199
865.968243,153.532867,414.031757,318.656158
865.714163,152.037598,414.285837,314.652802
866.982387,151.080383,413.017613,307.801361
868.068830,149.195465,411.931170,309.933136
871.196204,146.948151,408.803796,315.087311
871.458881,147.195938,408.541119,316.802551
868.248987,149.158524,411.751013,312.231750
864.958264,145.398407,415.041736,316.835602
864.087958,141.711121,415.912042,313.844818
864.223102,140.481812,415.776898,324.529510
861.779230,141.034271,418.220770,315.119415
863.743863,138.902222,416.256137,321.347137
864.581252,137.635757,415.418748,319.122864
865.804847,136.938751,414.195153,325.996002
855.929432,141.532242,424.070568,314.760559
831.760599,149.878281,448.239401,289.908936
789.841985,149.489319,489.981903,287.247772
747.906819,165.004654,531.566345,297.079529
706.653096,172.016647,570.061340,297.496460
681.918019,164.355103,597.818970,418.338837
662.630086,167.427856,617.369914,380.683807
656.429514,162.640839,623.570486,442.556183
660.378820,159.472031,619.621180,308.114990
690.820330,153.015381,587.106079,323.945038
673.638659,137.629898,606.361341,481.111755
695.981744,124.399490,584.018256,494.510803
730.278989,110.646118,549.721011,375.571503
725.424132,108.766251,546.554749,337.665710
730.076872,106.033295,530.531494,331.469025
725.090239,106.568466,522.615601,319.891846
732.603255,102.309753,501.957123,316.695038
731.670912,100.239929,451.535065,313.110077
734.874449,101.691086,531.793030,327.957764
731.838362,114.149170,493.739716,310.223236
720.674864,138.387497,460.805603,292.717041
715.895277,140.322159,469.784454,282.656921
719.896437,134.780548,477.919342,298.733795
719.372099,134.681686,493.552490,278.691895
725.087050,128.537109,507.756744,312.079437
724.495848,121.968384,537.874207,311.035492
730.472044,109.932938,545.533875,293.724304
728.953307,97.093719,532.059875,322.796906
724.799498,95.908737,547.989075,321.973511
722.276854,97.427048,547.676453,326.028442
722.667815,98.207153,550.944824,303.669891
724.198241,97.060486,549.262878,323.403656
716.038481,104.169785,550.476929,325.491455
712.878050,104.560333,558.674500,301.005280
712.321959,102.832474,558.403137,313.155823
711.150938,107.036209,551.725647,311.731750
709.682860,107.680679,560.802429,316.650574
710.181670,106.723389,567.362183,318.174286
706.651640,112.187836,538.149292,317.999542
712.564268,125.509903,549.020569,305.253601
714.889189,122.275116,562.276978,293.792145
706.067717,119.235168,563.366211,312.280975
712.211150,117.700439,561.014893,295.848724
706.953368,112.317749,559.745178,312.440643
709.469694,108.431519,556.146851,303.779999
707.148894,100.275650,535.519409,320.081970
709.132933,92.785553,531.837463,331.518463
707.016875,89.227737,517.065918,324.068420
713.384123,83.511032,529.931274,360.189575
719.460875,84.426376,556.640076,333.051270
711.737974,83.019440,534.399841,328.905914
705.395323,83.605515,548.189392,337.981567
713.078581,102.948257,562.241333,306.592712
708.103300,122.567017,569.528809,295.714813
702.457304,124.450882,573.235107,308.763733
701.005186,115.335968,574.620056,302.313141
688.683928,104.348022,585.348755,320.884979
676.041258,97.537872,574.210266,327.648590
677.136809,99.254883,573.581421,315.941620
682.005827,95.864731,528.544800,337.505127
677.945891,95.067337,492.351929,322.087219
673.834898,95.101303,539.669861,333.341919
671.065733,99.638275,516.015808,332.007965
670.213835,107.025711,595.336792,321.798279
673.082579,100.745239,602.902527,325.035980
660.167998,101.984604,613.784912,328.287720
658.811339,99.493317,614.570984,323.172150
650.313841,100.597778,619.476624,339.984955
649.028532,100.385773,620.159790,329.701447
639.358458,101.593079,622.751892,334.219940
639.313597,101.831314,624.293518,318.902649
622.098051,111.453522,621.867676,330.688507
616.630919,113.449142,637.852722,299.915527
605.766753,116.424667,644.596924,314.853638
597.311461,116.406006,654.332214,301.808685
593.492552,117.232651,655.496887,327.541626
589.876311,117.661987,666.508667,308.756683
570.690276,125.589355,693.439575,281.167816
554.121397,136.960663,682.476746,268.297516
557.473173,147.606079,572.597168,236.124847
556.562437,149.812302,657.072083,257.893677
557.313994,144.833069,595.583252,256.211273
565.182310,144.745972,619.083923,281.598846
599.598204,145.584335,572.518982,266.291748
603.559904,152.429398,546.255127,284.340027
623.701018,147.658066,482.611572,263.331909
625.017927,156.583801,429.086761,277.912689
630.462508,154.061371,425.374847,290.737213
639.160231,149.965515,368.645050,311.668304
607.998961,194.075729,387.908630,363.308838
568.683958,196.012955,509.704163,422.116272
523.854033,205.835052,739.671143,505.850739
474.193999,154.401505,798.037842,565.598495
574.199889,78.154793,499.346130,464.888550
603.848814,190.852776,387.770203,265.400787
601.551512,195.449257,358.123352,252.807312
599.250090,195.083717,359.557983,260.142029
589.321226,200.847404,393.070862,249.642120
587.558974,203.125786,430.317780,246.562164
591.047407,207.612076,462.175140,214.479843
603.379454,205.235641,487.442322,218.484665
584.686369,192.901665,547.500732,241.029449
616.312529,191.894485,553.242676,234.321274
612.796507,185.356140,595.774963,236.355606
638.124632,175.510818,601.531799,223.922470
605.885710,154.187813,650.744629,224.253662
560.354552,113.739616,713.612244,312.512482
513.355070,91.901375,766.462280,322.679443
527.205809,105.758476,752.794191,308.735504
749.336364,159.840172,530.663636,244.578461
624.511688,165.587456,655.488312,273.549591
598.105087,165.580070,681.894913,240.532135
599.225120,169.482254,678.942688,227.500961
630.837089,171.880547,649.162911,202.925323
630.930599,162.867531,649.069401,216.985535
634.435911,130.092018,643.057434,286.184143
807.507338,180.293045,472.492662,232.554794
647.665290,185.005386,632.334710,228.147690
647.296909,183.347160,632.703091,227.093903
649.893175,183.481766,630.106825,228.562607
651.825585,195.095734,628.174415,212.520096
649.573803,184.638733,630.426197,217.516617
654.753912,176.249138,625.246088,207.376984
696.792300,180.613762,580.920776,261.788239
688.082095,199.789284,591.917905,275.098083
674.505525,224.448433,605.494475,244.832520
693.422349,229.298119,586.577651,235.514252
691.506798,223.518288,588.493202,204.711731
705.814617,219.986305,574.185383,215.043884
732.703238,217.440269,545.543518,236.118378
735.622061,224.022736,541.736023,239.701614
730.941641,227.725815,546.407410,226.285812
718.574423,218.239319,556.720581,237.358902
735.725088,202.641983,544.274912,201.995834
768.377666,198.062134,509.687653,203.318985
792.172603,192.821579,484.578613,235.671188
794.775065,201.757828,485.224935,244.472397
810.523550,191.406631,469.122009,246.755112
807.513677,183.023499,472.486323,248.382095
785.418429,168.802437,494.581571,267.714600
765.789842,161.433189,514.210158,268.495941
761.627709,148.213646,518.372291,283.773041
750.477368,135.221657,529.522632,293.039001
741.493475,131.021339,538.506525,297.988098
743.025455,133.673378,535.339783,291.978088
741.264102,145.665321,511.817810,279.337341
742.375323,150.434227,474.649689,275.258148
728.788745,149.948448,469.806122,276.659393
866.643542,144.665031,294.100311,290.739166
943.462321,143.908363,223.042465,323.007263
938.364070,146.244987,221.938431,322.385284
929.719943,148.210472,223.062012,323.588959
919.252727,146.874855,253.216782,328.402893
905.868152,148.341179,285.182220,337.396393
895.733310,147.862617,291.652100,339.399292
881.733401,144.320641,305.320007,347.660126
865.539706,140.660698,318.515137,351.126617
854.934924,139.038414,332.097748,351.992157
845.746081,140.307655,334.751801,355.991882
839.999179,140.198921,334.966187,354.119385
834.421039,141.729851,343.749786,355.102936
828.489474,143.594048,346.304443,354.765533
822.565738,142.780998,358.674011,360.450592
803.922168,134.631432,383.498505,364.146332
787.581134,133.918205,412.922638,367.465240
780.533694,131.479088,442.529724,372.767914
776.420520,130.714546,453.986176,374.581055
775.971347,132.202950,451.830811,373.597656
774.983905,133.111977,451.848419,372.415588
774.600070,137.186516,452.333374,371.399567
778.343448,154.320152,452.725281,355.987274
785.071231,181.195045,440.280090,331.563904
792.741290,187.336784,414.331818,327.547516
796.888751,190.775337,400.468658,325.285645
796.485309,193.687920,400.533966,324.565948
796.989551,196.326988,402.335419,324.124725
794.737796,197.202766,411.544739,325.007812
765.064136,180.025963,463.559174,345.273895
744.166202,162.485024,505.998596,368.851624
729.837100,151.822365,545.436829,371.039490
728.637851,149.081902,550.697876,378.393219
733.465732,149.740089,545.908813,373.957214
731.061038,149.383705,548.938962,380.356262
731.735384,153.531944,548.264616,375.886444
734.025651,162.068153,542.730469,365.950012
726.309647,203.345055,550.777466,325.290253
714.864243,229.448158,562.700745,306.253723
710.949326,229.369362,566.224182,300.445984
715.952958,229.741585,560.152710,302.824829
716.996293,226.254692,560.765991,305.989288
722.179765,201.428200,557.820235,332.913757
716.145852,164.981133,562.400024,362.112823
712.900612,144.348030,563.226929,386.086304
714.344368,139.508873,564.912659,388.244843
713.880410,139.735847,564.104004,387.069946
718.654030,139.490517,561.345970,386.710266
720.318745,139.317375,558.802917,385.080231
721.473805,138.622505,556.802368,384.341797
724.268757,152.042671,553.154602,380.827393
701.602833,221.294106,578.397167,312.085510
679.745874,244.315987,600.254126,290.837158
700.385205,247.273979,579.614795,290.685822
686.179907,246.864891,593.820093,288.515472
698.261096,247.940956,581.738904,288.174133
706.067011,243.327736,573.932989,290.894470
715.214322,228.261711,564.785678,303.932281
729.983229,220.444038,550.016771,313.636963
737.262916,218.133751,542.737084,315.489716
736.687793,218.533821,541.553345,315.051636
737.809558,218.482231,542.190442,315.804962
737.641687,217.625145,542.099426,314.952484
741.653742,233.577095,537.718628,301.083984
746.671503,260.124901,533.049561,269.179657
750.072138,266.410927,529.927862,265.921570
750.085721,265.621315,528.250305,264.151428
757.031461,261.902489,522.635803,269.006073
759.529569,260.173149,515.834778,270.270050
764.901364,255.626915,515.098636,272.156708
765.688963,218.407372,514.311037,309.122650
766.737640,195.782936,511.068909,328.133728
766.089797,187.665489,510.696014,341.448090
766.339980,186.233131,509.199310,339.618469
767.712005,183.757149,511.195007,344.404663
768.508941,182.190758,509.189514,345.917328
769.057281,182.089882,508.666321,347.577332
773.178512,200.882103,505.146027,329.577850
759.423644,247.378807,519.923340,282.011932
768.257446,262.882729,511.742554,270.398254
764.877746,261.855202,515.122254,268.359192
773.606979,260.559166,506.393021,271.139740
774.556053,259.125206,504.848511,271.230927
780.314125,222.357033,499.685875,311.304871
782.897037,186.785225,493.587189,341.772095
782.818714,167.253700,495.939148,356.766174
784.176197,158.396736,487.477844,369.227905
787.252125,158.744179,486.256653,370.444885
789.858311,159.584648,483.285004,370.900909
793.266468,160.110359,481.702087,368.062134
795.356770,164.600319,482.886963,365.837341
796.304462,187.902321,477.525024,347.928162
784.215855,214.482536,494.207855,322.923248
784.797779,217.680519,495.202221,317.304749
785.354853,218.067314,494.645147,318.072174
782.551969,218.551582,497.448031,319.882812
781.967070,219.033501,498.032930,329.537750
779.964019,231.936760,498.963470,309.412628
775.306915,251.252724,504.693085,293.338196
776.533981,256.719368,500.784607,289.902588
775.307068,258.619942,502.993317,287.838501
775.157562,259.956947,502.107513,287.584534
776.292343,259.285454,501.039856,289.876617
777.739563,261.597969,500.975006,291.057251
776.296524,262.915901,500.655518,297.816284
773.870041,264.678764,503.299011,283.341583
776.652191,263.502663,503.347809,283.431458
770.583908,263.791466,506.584473,284.940521
776.928757,263.183784,502.611572,292.690308
782.050766,262.065941,495.485474,290.642548
781.543594,262.800011,494.278992,289.995697
781.738937,261.440056,498.261063,291.743195
782.340385,263.184441,496.739929,288.261139
780.419411,264.928947,497.243866,287.189117
774.441200,264.756874,505.558800,290.165100
774.086872,266.806175,505.237427,289.830658
772.514729,268.096001,507.163574,290.010284
771.721729,269.294762,508.278271,290.584808
769.861612,269.607719,510.138388,291.405182
768.717732,278.065392,511.282268,284.435394
760.078379,284.820183,517.110413,277.632721
758.901713,286.048195,520.730713,274.579163
758.223734,287.099586,521.040649,274.770447
757.286173,287.849815,520.759399,273.005829
757.076609,286.610435,519.940613,274.292328
753.926676,287.524666,523.237183,273.974731
759.632395,286.817085,516.061829,272.603516
758.684977,288.484322,518.305908,270.045044
757.061686,288.586250,522.093262,270.439453
757.203318,289.376076,520.385925,272.919617
757.465006,289.774910,520.379028,271.576904
759.012278,289.953163,518.048035,272.042053
770.208949,285.904030,507.404816,276.903137
783.400446,284.176552,496.599554,275.060242
788.171323,281.683022,490.162781,273.406311
791.561338,281.150169,488.349060,276.289276
794.095685,279.035393,485.904315,274.491852
794.096625,278.836861,485.903375,275.064331
794.050357,278.380989,485.913879,277.179199
791.034000,274.754173,488.966000,281.447723
791.113725,269.521461,487.720612,282.216003
790.752489,269.986015,489.196503,282.281769
790.863008,268.197487,487.448975,284.455994
793.549898,267.372185,484.031372,284.063507
796.091234,265.099220,481.703461,284.896057
791.747133,261.784508,487.173401,286.525482
781.634737,255.676079,498.132690,294.944733
786.672121,251.362434,493.327879,294.765503
786.152222,254.638161,491.716553,291.549866
785.503266,252.314079,494.496734,294.607819
789.605652,252.136940,490.394348,293.309753
789.758545,253.862404,490.241455,293.314636
783.676346,262.408562,494.534637,283.925079
780.908630,267.206444,497.541016,283.493500
780.972015,266.691826,496.516052,282.711578
781.438950,267.041466,495.306549,283.537079
775.104675,269.159676,501.692627,281.011108
759.856110,285.709587,519.376770,263.530548
755.907837,301.782860,522.599121,259.173309
753.338287,303.392303,525.752380,240.090897
743.198425,306.646431,536.801575,239.152954
744.525085,309.503807,531.477112,236.384003
742.810425,311.499527,531.226868,234.151108
742.403656,310.130447,531.222656,233.449814
741.991577,312.227669,533.610413,228.997070
742.555420,313.189438,534.126282,227.152634
741.727478,310.538895,533.900818,230.880478
743.744507,310.273949,532.909119,229.879974
744.084076,308.720131,532.719604,229.868225
744.054016,307.683105,534.200378,230.259659
744.866180,306.424026,534.690186,231.234604
746.456635,307.562904,529.898193,230.195374
750.298920,307.967819,529.029175,231.152512
777.085220,308.508606,502.914780,229.641983
791.521706,303.592697,486.079651,234.946091
800.073601,288.178719,475.251373,248.616821
803.079353,280.211739,476.230957,260.391113
802.854256,277.268272,477.145744,265.913177
805.776493,276.083733,474.223507,266.937042
806.323229,277.500755,473.676771,268.064911
807.389092,277.776466,472.610908,266.269836
807.599682,279.940468,472.400318,267.045105
808.737173,287.131477,471.262827,259.577148
804.077464,294.447327,475.922536,251.534561
800.622991,296.688316,479.377009,249.501801
799.144641,298.853355,480.855359,248.624969
796.682229,299.189377,481.732330,248.044601
794.769998,299.797882,485.230002,250.172928
782.188161,303.064507,497.125000,246.057037
774.050603,299.568459,505.765594,248.054626
776.544270,298.185616,503.455730,251.132935
773.214228,298.474770,505.795990,252.818298
774.042872,298.131523,502.798126,252.282623
770.746134,297.577232,508.742554,254.418427
769.601847,300.475021,508.381714,253.841721
770.805827,300.050819,509.194173,255.183289
765.765157,302.910263,513.721313,255.316208
772.722921,300.891594,504.858032,256.715973
776.995229,291.406197,501.775452,266.911743
779.241903,285.737099,500.758097,272.671570
779.380580,285.390785,500.619420,275.304016
778.175824,284.965584,501.824176,273.411743
779.920050,285.169075,500.079950,274.728027
775.936725,285.170052,504.063275,272.282104
777.382761,284.311653,502.617239,273.473755
774.720052,284.308556,505.279948,272.975922
771.431025,284.029884,508.568975,272.407166
772.622251,278.906487,506.319092,278.645050
768.686063,268.122688,511.313937,286.407227
771.454253,263.352959,506.998383,301.349640
768.997313,257.953285,511.002687,295.981018
773.047225,258.787682,503.135284,328.240204
772.040679,255.099525,506.201843,295.797791
771.327636,258.626549,507.396362,298.295746
765.754699,256.384438,514.245301,307.567200
760.919098,252.884834,519.080902,319.404785
748.465561,251.760231,531.534439,346.241882
736.419945,261.820885,538.746521,353.187225
748.289177,261.230583,529.087891,360.263092
724.786491,260.958122,550.931641,370.134918
741.645775,260.263344,536.175720,383.388733
672.768181,262.373756,606.729980,379.178894
454.689415,254.627464,816.655823,398.150726
668.414757,259.196693,611.585243,389.049622
472.212017,247.826988,804.811279,446.049286
631.745068,256.324501,648.254932,426.980042
506.883032,251.260475,757.179932,385.896423
477.533361,252.196251,802.466639,440.034149
473.838336,249.782219,801.507568,453.296051
474.762225,237.497627,614.443726,408.689697
461.407321,226.562950,462.562469,369.337616
457.781192,228.825539,460.854523,385.450378
488.382907,235.222832,430.643524,390.659698
474.125262,237.242790,460.711548,464.157135
450.567737,234.422340,497.731873,407.762634
285.653308,240.796455,668.167175,466.360107
243.479327,235.688835,719.311035,467.329010
209.872760,231.908669,742.307129,452.420593
272.224627,228.600227,688.679077,385.303101
271.998797,238.297798,691.225220,301.252441
247.185107,242.926247,715.219788,286.291931
112.565234,256.132164,850.618225,287.560028
92.718738,261.267311,865.266052,268.455261
76.773028,264.717049,883.012207,271.600220
82.948474,264.338844,868.420105,266.605164
70.775592,261.795219,878.371094,271.895782
50.021472,258.742607,886.314148,270.237091
60.347644,255.095253,875.931580,274.256897
39.774676,254.172752,888.023315,268.138763
67.242236,252.427452,849.643860,268.672821
128.656116,251.069054,777.997498,261.573700
109.099109,248.393715,787.735535,266.395081
31.856891,245.110435,848.624023,276.316864
1.818835,247.612099,868.972595,267.339905
0.000000,245.395790,868.050738,273.973694
2.278787,242.792793,860.466309,275.002930
8.113809,240.522133,845.487915,273.237366
4.467599,241.427864,838.010559,268.966675
33.612192,239.793678,812.151062,274.102478
25.468820,241.005348,808.664124,275.503601
27.628854,239.125725,797.600159,278.554108
37.657053,238.632805,785.416565,277.497223
8.935525,235.744041,808.042725,283.315765
17.399820,232.262077,796.409790,278.343414
8.327066,234.100502,793.043335,298.841125
32.114938,229.215508,769.983704,293.665314
4.590097,227.195732,782.996033,290.503448
56.455118,231.891289,717.763306,280.273956
19.809183,227.945000,735.270020,285.336700
15.408365,226.090218,729.842651,289.230103
9.449258,224.337471,731.223999,289.737305
3.981790,222.106544,728.156250,297.624939
2.465799,222.791756,719.779297,297.032104
2.558084,225.683723,718.662842,299.134888
0.000000,226.273491,709.720132,303.038116
0.000000,237.633034,698.036885,298.638123
0.000000,232.642448,691.421122,301.298737
0.000000,236.096611,681.462911,304.044220
0.000000,229.219322,675.564585,316.757050
0.000000,229.001122,661.950689,314.808441
0.000000,231.708809,655.362002,310.363770
0.000000,232.973076,650.884767,310.491730
1.072236,237.714623,644.715393,315.188568
0.631135,236.433922,634.390076,331.504120
0.000000,247.583504,631.783906,324.576782
0.000000,250.231926,625.169998,329.424469
0.000000,255.105217,626.442116,331.074860
0.000000,257.731926,623.050282,335.225983
1.488977,264.391197,618.066467,336.272919
0.793757,270.202827,619.606079,341.625977
0.000000,280.606087,619.907282,342.073608
0.000000,290.674980,614.109372,337.857208
0.000000,296.796822,622.172698,338.269775
0.000000,298.635796,622.134933,332.972198
0.000000,293.850548,612.583122,341.088837
0.987606,299.958534,619.777344,339.551575
0.000000,293.727547,613.747860,342.310425
0.695036,286.170723,616.232788,349.932617
0.000000,292.351479,614.455259,340.000793
0.000000,294.899467,613.543364,338.207550
0.000000,277.233727,620.298507,352.762909
0.000000,273.900368,611.010734,351.863708
0.000000,274.488182,611.126095,351.333344
0.000000,257.940224,613.385893,354.642639
3.864882,253.814644,609.373413,368.655762
1.780501,242.041222,613.630798,358.010223
0.000000,235.518822,620.302108,374.302582
4.750572,227.872002,614.960388,361.680695
0.000000,224.326134,623.042778,373.798309
0.000000,210.015755,624.559566,366.197388
2.380400,210.857994,622.189636,371.819061
2.727995,197.943230,629.364075,375.507233
2.343565,187.301537,623.739624,378.615814
0.331602,186.621773,634.477417,380.217285
1.201506,180.058189,628.858215,380.748749
0.126432,188.649223,636.293274,374.017120
4.785093,177.735207,639.467407,380.783630
0.000000,180.951134,647.364988,376.518280
6.630980,174.661629,642.550537,380.778687
0.022521,171.293129,654.652466,383.212952
2.654967,171.372398,656.159546,387.528046
8.774260,166.259773,654.319153,395.569946
0.000000,167.759605,665.757842,395.620575
0.000000,173.676231,668.939712,396.406952
0.000000,185.573326,659.986030,390.487030
0.000000,195.168831,649.091617,388.899292
0.000000,205.471870,643.644289,385.797119
0.000000,218.718010,639.023377,384.809235
0.000000,228.423576,631.058899,388.162750
0.000000,233.350578,630.469208,389.392242
0.000000,240.204399,626.392899,385.520782
0.041267,245.703102,628.876526,388.338074
1.064888,247.563866,623.765320,388.574799
1.085915,248.209236,617.475952,390.315308
6.303169,250.444466,603.503113,382.599731
1.834084,245.353951,610.550659,394.058350
1.819313,239.161781,609.772339,399.665100
0.000000,240.315300,607.035896,394.386139
0.000000,233.674538,614.190617,399.556824
0.000000,233.788292,612.604982,407.287323
3.004426,230.546364,614.960388,411.596130
7.180329,223.795906,608.944031,406.703247
2.507417,214.817574,609.268127,410.229736
5.441926,210.935020,604.145935,412.032440
6.442231,207.656349,599.916321,420.281921
3.849031,206.895271,599.757507,418.967407
4.945008,206.437462,592.752075,418.804169
5.753053,204.491280,598.729004,422.998291
2.118440,206.296333,579.723816,417.812012
2.982301,211.839897,563.852051,415.783722
2.765107,219.273384,553.863586,408.858398
1.974427,223.520897,550.854614,408.726654
1.085725,228.310188,548.447937,402.186157
2.056031,228.286644,548.881348,403.631927
2.484773,231.408546,549.421814,405.247498
2.374757,236.896553,553.402100,406.163574
3.565614,240.546257,552.354126,406.771881
3.057038,245.147667,554.411804,403.362518
0.000000,248.998955,558.352601,400.662872
2.472168,253.179359,565.000061,403.366028
1.490967,255.985130,588.590881,400.241547
1.407135,255.489906,609.404053,405.653137
1.048249,257.486336,613.974854,411.278931
1.199616,254.545860,618.396484,404.690887
0.000000,254.224968,626.310883,409.927155
2.791397,252.206657,624.272034,419.037262
2.618973,246.458382,622.478455,417.294556
4.493698,247.394066,618.698975,417.514984
6.290970,243.176552,615.981140,419.856506
0.834946,244.781517,611.657349,412.335052
1.249314,249.564095,615.891113,413.665161
4.051041,246.275093,606.297424,401.035889
0.238938,245.434441,604.187256,406.988434
3.084152,245.472282,593.081787,417.390778
4.517472,245.339394,582.927307,413.688782
4.756302,245.086220,586.378113,416.491760
3.967606,247.524086,575.776062,417.809387
0.000000,231.213814,588.731308,434.328125
0.000000,242.276009,561.279869,419.567505
0.285076,222.003334,564.275391,429.961487
0.125561,225.950783,553.372742,446.016296
0.000000,212.455528,564.261852,441.978973
2.241064,213.809196,554.426941,461.700104
2.293005,209.493599,547.417053,451.691162
0.000000,207.326637,560.597082,457.988220
0.000000,208.380074,568.796527,453.364746
0.000000,206.049889,576.538126,454.314667
0.000000,207.022667,589.891988,452.914032
0.000000,206.043236,595.757059,456.251556
0.000000,208.514153,606.021718,456.219391
1.758326,206.307976,612.139343,463.373688
2.931056,206.639030,614.772156,452.436188
0.932490,209.736259,616.061279,456.923126
0.000000,205.448448,629.299342,458.182587
2.476392,209.462883,622.794067,454.704498
4.266492,205.668343,628.041504,459.620728
1.662336,203.602104,626.498840,455.961945
1.336316,199.483513,633.524170,466.225006
1.473066,193.440727,628.809021,465.275421
0.124402,190.593925,639.425781,466.690460
2.627942,189.742836,629.997803,465.125549
1.254194,185.185188,639.320007,465.484985
2.603559,180.197121,631.778015,469.819275
1.247327,177.132179,631.334229,476.041687
1.938398,176.235054,627.824646,474.794678
1.283277,174.497093,627.205933,474.935150
2.855054,173.426674,621.519165,474.937561
1.696088,173.988564,621.756042,472.030090
1.903699,173.526878,620.833252,470.426849
3.035627,172.549644,617.993713,473.644501
2.622388,174.163887,614.494507,472.891602
1.816022,173.907646,621.915833,474.709259
2.898511,176.525612,616.633911,472.905212
2.623822,178.717155,620.873230,476.057281
2.226728,180.780907,622.997986,475.659027
0.890912,183.239815,624.623962,480.515625
0.000000,186.460548,632.229871,472.085388
4.586737,185.682793,627.272949,477.643829
0.000000,187.326103,632.324378,471.971954
4.494190,186.757378,628.965637,479.288605
0.000000,190.182091,631.853168,477.760468
1.156290,189.241890,637.390930,476.049072
0.046579,190.381264,633.570312,474.119690
4.549356,191.276268,634.300598,479.850433
1.311868,193.583992,634.172546,474.701538
3.053720,193.750008,640.464966,481.194946
2.111520,196.704094,633.366699,472.140045
0.362497,195.726463,646.733887,478.473236
1.807596,197.127083,636.417175,470.989868
1.654245,194.454338,645.221680,479.970612
0.690836,195.689522,636.337708,478.807373
3.727091,197.359917,639.799866,480.237091
2.289652,200.004890,636.488708,471.963013
1.935159,197.484413,646.191833,480.877502
0.860117,197.588692,643.058472,469.448975
2.644754,195.733772,646.356140,476.093628
3.859628,195.095070,635.992065,476.029724
