744.000000,253.000000,167.000000,115.000000
737.344955,252.349010,168.325653,113.493019
732.946632,251.538204,169.880417,111.694405
730.444298,249.352913,169.878067,111.340622
727.969627,247.594009,168.885086,112.376068
724.270294,247.065632,170.504822,111.386559
721.889023,246.951927,170.418854,110.379898
720.077461,246.958534,169.984482,109.684799
718.391739,247.084343,169.969513,109.579544
716.702515,246.916893,171.458801,108.953812
716.064423,246.320381,171.343933,107.804794
716.957230,244.607220,168.723236,108.358009
718.375031,241.447803,167.262695,110.639000
717.578682,238.648781,165.673264,112.354904
717.656319,236.225101,165.871384,114.640129
716.592743,232.536472,165.444336,116.195549
717.471840,232.651958,164.709030,115.009499
714.837105,231.874573,165.537521,112.962891
711.012878,229.822575,164.755676,113.485161
710.459442,225.453564,164.469971,115.063515
707.680489,225.699272,165.641891,111.624527
705.804710,221.886578,165.552017,113.940163
706.999847,219.869762,165.599792,113.794228
707.044342,220.771236,165.419983,111.206367
705.994202,218.523090,166.303162,112.685936
705.177773,218.938820,167.569077,110.964279
704.943321,216.865921,169.065140,112.588776
704.564438,215.407143,169.191132,113.440231
704.341522,214.410259,168.577332,113.599831
704.175369,214.760849,170.065887,113.804108
704.523758,211.673538,171.526337,116.350739
703.473930,213.711353,171.259903,113.103905
703.900124,212.706997,172.515305,113.737129
703.120659,212.348885,171.026566,113.146347
702.234001,210.346195,171.622940,114.345879
701.337616,209.449657,170.828979,114.275795
704.285545,205.995358,167.267593,117.547676
704.884132,202.709297,168.691879,121.672775
704.977417,198.864006,167.397156,125.036819
706.201485,197.763138,170.844528,127.690948
707.339111,197.953289,166.402954,125.812782
706.304489,200.429241,166.960236,122.802284
701.488052,204.055099,166.967316,116.798248
701.645782,200.784306,162.155518,120.291557
704.314720,204.429623,157.291275,117.852058
702.032211,203.107174,160.812958,116.238777
701.826195,204.182804,162.385269,113.961906
700.500481,204.719669,161.906693,109.474052
700.094223,208.021961,165.433014,107.270958
699.454857,205.393158,164.387222,105.967285
694.868362,206.513725,168.674957,105.499100
693.547119,206.942211,166.994385,104.761208
690.651817,207.425926,169.062637,103.502518
690.153610,207.050827,168.900787,103.714996
687.570770,208.430386,170.132751,102.787361
685.445900,209.362919,169.448410,104.604729
683.861336,211.273216,169.507736,104.126358
682.119118,213.423229,168.602646,104.651955
680.764626,216.498753,166.238388,104.532341
679.585075,220.723377,162.072647,99.060081
674.498146,228.783993,160.598129,96.060005
667.526466,229.412228,167.623947,95.320320
668.956772,229.218079,164.990753,94.917358
670.379593,220.439266,163.393158,104.943672
669.387177,217.687275,161.593567,109.111473
667.032150,209.025440,166.549347,116.411888
658.388168,198.411232,171.450897,105.407333
648.817703,186.056114,174.354034,123.309036
641.124580,172.644650,165.682236,127.446785
637.309029,164.124397,146.746201,148.875900
634.367325,163.222427,137.585175,158.864410
634.593948,164.685760,143.647308,153.701843
627.445633,162.427078,163.002838,132.532318
622.012718,170.760082,175.397842,120.138771
614.617859,180.020275,179.029968,108.017738
606.164055,183.636719,170.292618,88.781921
596.404457,176.435139,177.564987,96.845909
573.894623,182.868862,204.903015,100.750923
584.115677,163.848160,183.558990,128.920868
582.349449,201.720718,168.798477,111.667999
580.513710,215.456429,172.169968,105.604904
575.977470,218.748444,162.721817,132.765381
566.881157,223.304443,173.517654,132.969788
556.097443,227.578495,189.225159,124.869621
563.762032,226.184242,173.436569,128.009811
565.251526,226.137665,170.706055,112.004089
557.051384,224.813931,165.207047,118.056038
557.045387,224.734741,149.851791,101.863586
558.136780,227.240601,135.933655,108.657837
551.676331,227.075287,132.757385,117.583862
557.223248,228.482006,113.707008,127.231972
558.743217,229.166870,103.771011,128.455688
562.206726,231.653938,91.135376,129.513351
564.026901,235.306206,88.970123,124.582962
565.056072,235.011333,87.115700,122.987587
564.565403,234.855408,86.597404,122.529480
539.131641,238.726055,111.221031,102.428688
568.086506,231.971836,84.893578,122.791130
539.142250,239.258255,116.115952,112.844330
558.754723,237.372875,101.201736,125.443459
540.677414,238.714363,121.552948,106.888229
554.747299,238.204765,106.701019,116.731522
538.650551,239.464741,121.505478,111.352440
543.768608,238.492188,118.797745,124.285828
548.635292,240.288044,114.007309,123.599083
552.607899,239.563187,108.824425,124.211823
551.365967,239.207947,109.509766,125.173706
558.093582,238.205978,102.694977,123.237701
539.294174,238.313831,120.834564,123.013268
544.243958,238.589455,116.039917,126.142990
549.859749,240.741386,110.952988,119.416214
543.130257,236.841049,118.314682,125.158295
544.208260,238.697113,116.370102,119.845947
545.614887,239.054916,113.683556,116.215118
539.856220,236.261196,115.786827,115.555855
546.079308,234.014328,107.933182,127.811432
543.740593,234.989811,107.817154,94.832329
538.153595,235.130314,108.736908,95.966331
537.604893,233.022446,107.930138,101.346985
536.364422,236.226433,107.815132,114.305161
535.780621,234.102058,109.068245,128.858475
535.550415,234.467468,105.655548,89.112518
534.118729,235.455517,102.561493,95.306435
532.515488,236.217159,102.481995,93.264351
531.942818,239.278458,101.671402,94.501862
534.998631,241.040211,86.982445,88.947014
528.521332,244.053589,104.428131,119.880219
524.911362,247.178020,102.379578,121.542854
519.412052,250.816032,101.896324,119.959091
515.436893,255.496857,96.860069,120.777924
509.409187,259.189304,96.204117,114.957726
498.916531,258.231785,94.908638,118.627769
490.881237,257.763927,92.482643,126.838814
479.618893,260.968319,92.856026,123.992104
464.251049,262.783897,94.278389,117.800949
452.837639,261.916355,91.748306,127.404137
445.175488,263.574062,85.289528,113.838173
428.659981,261.801243,90.099472,112.532860
428.214542,258.188927,79.577660,130.476852
422.149117,253.544418,82.094070,136.753265
418.821056,249.479721,81.666817,134.853119
417.852829,244.197479,79.457214,132.779663
418.997993,236.801331,76.301468,136.755310
430.254047,233.053543,72.697197,136.866028
435.818260,225.683769,69.787308,137.599564
438.647968,225.040077,69.949364,134.284225
436.751175,219.891769,77.803070,136.970886
433.523022,215.644409,88.267799,140.901947
455.353893,212.691353,73.334877,146.001541
461.519619,212.093315,79.363960,145.963303
473.165539,210.937263,77.539101,148.813370
485.326477,212.916588,78.612000,147.225266
498.109680,215.153984,80.802490,148.029221
514.888927,215.569847,75.238075,149.871140
527.208874,214.609612,76.402870,149.450119
544.816040,211.532516,71.763306,149.665771
560.681126,211.552437,72.880608,151.759109
575.498234,210.773926,72.751213,150.829620
594.005199,211.644707,73.909645,152.814255
611.476761,214.445061,70.246124,149.172958
624.116333,217.062675,70.535461,155.432297
636.044933,217.192932,68.139076,151.141388
646.576393,218.946808,68.704575,154.186859
654.754597,220.709679,67.582787,149.972031
658.023800,223.025574,68.654915,149.297821
660.424225,223.467590,69.506226,148.380035
659.407185,221.889336,68.785698,146.050674
655.789089,215.743538,68.460915,146.404678
652.550240,212.435341,67.113113,147.347672
647.875870,206.567116,68.371857,145.194412
642.505600,198.408539,68.953888,144.791321
640.832092,195.192467,68.418457,141.949203
637.240799,191.318802,69.016113,138.980591
633.605061,186.313187,69.096947,137.174103
629.118862,183.005920,69.999763,136.420685
626.616600,179.661545,70.740829,137.307037
625.155514,179.031799,69.919807,135.549103
621.159298,182.359612,70.426704,133.981155
621.094273,187.470390,77.466240,130.280716
622.734585,194.421398,82.128761,126.533852
623.863358,201.075684,82.662659,126.002808
623.197235,208.820995,76.652679,126.460915
623.281586,220.756886,83.528076,122.636742
625.983620,229.565796,82.535690,124.216919
630.007210,237.740494,78.139999,126.650665
634.766052,252.635777,75.856567,123.038628
637.040161,264.423470,72.675537,125.802170
638.096039,273.580425,78.199493,125.000771
642.358849,282.814434,75.054977,125.799171
645.524059,292.733494,79.051857,127.034813
644.024784,296.019875,74.712029,128.554184
641.570175,292.766960,72.738037,134.510147
638.039181,296.435020,71.876320,131.536087
631.184326,290.596481,70.143982,132.673248
616.056019,281.377045,73.067039,131.269165
597.803242,263.744720,74.112022,134.991364
579.949993,243.414536,72.821144,139.794159
564.127018,233.274490,69.940605,140.109680
550.892773,221.278397,70.748146,143.907684
538.913696,208.626648,68.326752,148.840210
524.691868,204.507614,70.390221,146.620758
515.598694,198.545616,69.490112,147.764145
509.120182,192.423981,71.379753,149.266144
510.647018,184.214539,70.066437,151.020905
515.110851,180.955910,72.207680,150.661545
520.999676,180.110046,71.100624,151.048767
531.173428,180.154968,68.855537,149.985046
544.522419,181.332024,70.935081,154.052383
559.486679,190.904884,71.774994,151.489670
566.962555,187.805061,79.939758,154.676376
575.946621,181.948372,95.709541,158.169846
591.905018,167.652702,88.038048,171.387527
615.159000,144.142853,97.686638,191.798157
618.323612,118.927040,100.603752,205.197617
600.327732,108.476570,104.477348,175.421371
575.255795,93.871277,126.733650,184.109375
610.459846,85.931732,129.187729,223.135986
616.925835,78.049469,130.726578,230.673218
549.120323,72.402428,181.653152,233.795670
588.151672,63.576164,176.193970,244.918533
550.448845,79.536652,200.172073,229.468018
574.770836,76.913658,188.801285,211.613419
543.497231,71.867355,223.786057,237.187775
557.022110,83.085999,172.207977,183.347656
542.242645,97.679817,187.326294,178.340866
559.110519,112.360580,141.786469,161.739105
527.815170,129.654167,204.687225,159.914322
515.472321,146.990723,168.146362,149.054138
521.952782,184.136513,173.296829,152.929062
525.576897,186.463097,163.727371,167.828140
510.559174,195.242836,151.715515,152.004196
512.952347,208.009918,160.495392,170.558838
507.243683,218.013718,139.515808,167.801239
495.898376,227.120010,148.975220,164.153534
496.070419,237.810989,157.725616,156.748627
490.665848,242.666267,167.848907,134.172592
486.083481,245.341667,179.955109,144.187454
481.919426,249.096725,189.721939,146.388763
474.268539,257.521759,203.229584,134.335022
466.283539,258.262054,216.247375,136.962769
459.833153,254.992546,227.009842,140.149185
467.140045,260.055916,223.907227,133.932053
472.866852,263.209267,219.904968,129.796677
473.526558,265.111515,222.091110,126.691826
474.819435,265.954506,223.057907,128.168198
477.074257,270.850731,223.917343,126.307510
477.286057,271.594421,224.372833,127.775330
479.480812,277.170231,224.440353,125.341301
479.891014,276.850525,224.288834,128.707764
476.527161,282.287289,227.446411,125.889656
471.847038,284.578400,227.433975,125.566162
471.983971,280.099548,224.186234,129.252441
467.447014,283.035637,224.071793,125.696976
463.304886,280.214096,223.731476,127.810211
456.878197,280.493740,222.291031,125.347481
448.276024,280.495354,225.256058,124.484146
443.357338,276.710106,226.102158,129.034012
437.270103,276.959644,225.996414,126.870018
427.296501,273.767998,228.284256,129.368973
421.418755,275.082245,227.792679,127.256042
413.803940,270.316475,228.414825,127.725021
405.328842,269.108444,227.737640,125.955414
399.998230,265.936653,226.473389,128.637558
395.219513,263.488792,227.757446,128.453323
391.996719,261.343636,226.227264,126.935532
388.300911,259.494556,227.736618,125.805382
390.179459,254.762962,224.524811,128.772903
389.066597,256.267300,227.108688,127.047188
388.408028,258.771347,226.007797,124.518829
387.551636,255.505489,225.464539,127.407784
388.110352,257.669415,225.517883,126.834511
388.435448,259.264732,224.746109,126.682205
390.743851,257.436455,224.912872,129.365250
392.774597,258.649780,224.186951,128.967041
395.589401,260.138733,223.963104,129.184387
397.536156,261.738205,222.572586,128.885895
396.961044,261.653267,223.107574,129.335312
396.099861,261.090775,223.570175,130.079926
396.816170,258.552361,218.671677,130.299393
389.401955,255.611053,219.680771,130.954468
391.104301,257.877968,215.805496,129.974411
396.569427,258.531357,205.102844,129.168060
400.226257,260.998474,196.656738,127.564941
400.829636,264.370113,192.911224,125.966621
396.401619,267.283955,198.996201,122.470787
412.110924,268.410431,182.923660,121.455383
410.567825,271.309013,182.309113,119.023941
407.005318,270.839905,190.126694,118.330933
406.456902,270.254173,194.734329,118.154739
415.312019,266.568211,194.921494,120.946465
431.559280,262.251431,191.406525,123.068001
436.736099,243.818916,213.479950,139.967148
451.139404,229.427612,220.926697,151.385864
460.773331,224.795586,223.305756,144.670547
485.020096,222.621399,211.104401,140.539368
506.871765,223.414543,197.791687,162.514603
520.053032,225.993492,188.079971,165.897903
511.498909,226.545319,210.949142,138.101379
548.021301,229.886635,186.312500,136.318588
561.375160,233.140251,186.166061,156.074478
580.922089,235.641266,181.163147,159.202026
588.876915,236.126961,186.161514,161.139816
607.733742,233.619217,174.497116,165.966095
621.335983,244.512863,164.844452,158.330963
629.080307,249.182396,158.785797,153.858047
627.445953,256.284386,167.973145,146.708511
618.301765,258.693619,184.303696,128.501434
620.387238,265.380642,181.825012,126.796944
639.631729,264.857056,180.156830,134.627319
645.760170,262.094181,179.232468,117.322868
672.540291,258.675949,154.299606,139.379852
686.141243,260.550446,141.751205,104.597412
691.775185,262.905533,148.187851,144.493683
717.155235,264.441895,123.783585,153.587891
724.177769,268.335388,125.548027,139.990967
734.526726,269.056374,132.142838,145.648239
747.275414,270.921783,132.932632,144.222839
757.337547,270.283089,125.010818,147.327744
758.649685,276.114044,109.629707,146.053223
761.101814,269.545746,101.704697,149.525391
763.203121,276.954033,95.359749,142.490189
764.609653,269.552719,91.452080,150.534698
765.131611,280.335472,85.757896,129.202713
763.771049,268.973351,85.163589,148.878922
763.312756,268.618782,83.119301,150.482651
759.266129,276.101540,85.277618,140.261520
758.710087,265.354530,84.774040,152.824265
755.162750,276.980721,87.635254,138.437729
755.133080,263.688416,86.776138,153.900757
752.173370,273.177956,88.195068,140.876450
751.179352,267.451073,88.617920,148.253922
748.400639,271.264938,89.997368,143.111298
745.515213,264.181999,90.719025,149.622696
745.691315,265.815392,91.203735,146.600052
742.133812,272.429672,92.165176,139.538300
742.511009,270.191216,91.489334,143.150040
740.237637,275.799591,92.704597,138.822083
737.608734,279.728279,93.199829,138.149948
737.591084,282.326485,93.173363,137.368576
734.762135,285.504272,93.667931,138.104492
727.797977,284.342186,95.093193,139.944168
725.017284,285.578552,94.884682,139.156799
722.029835,281.454079,94.906090,142.737045
721.720230,283.410660,94.066681,137.582184
717.764938,277.464775,94.964935,142.385025
716.584927,280.035645,93.287117,137.508057
714.343697,279.070770,93.286606,138.085144
712.220692,278.039978,93.501671,138.514221
710.467281,275.113091,93.669807,139.500992
711.069759,270.602280,94.675484,139.367889
708.381969,273.004356,98.471962,134.413712
706.795300,270.576004,102.895729,132.411774
712.727165,265.955231,100.865372,132.779236
716.882061,258.342972,100.347206,139.562897
719.639481,257.885002,101.198090,138.079117
725.138363,248.774323,98.894844,144.874146
725.305065,244.183014,102.183144,148.996216
726.515030,245.872414,102.900909,144.916245
727.179924,247.003403,104.110184,140.072479
725.437725,247.243652,104.579506,141.306702
723.812027,242.005905,102.945770,143.291534
718.688274,246.379753,108.204994,135.574051
719.038105,246.471474,106.112938,133.174484
718.641922,244.022858,106.488861,135.539490
720.373558,241.925293,106.680069,138.465210
724.400742,239.244034,105.972382,140.510468
732.622021,237.708618,102.799049,143.224365
735.445065,241.896538,101.945381,134.521561
739.497147,241.248795,100.938934,138.129730
745.889729,242.082260,97.509178,134.781097
746.403435,248.910080,97.372025,132.614716
745.590443,250.491318,96.342552,132.588348
744.358944,252.154671,93.437080,132.067245
755.746601,239.706345,78.086632,148.034210
749.198784,230.071175,87.192337,160.142868
733.019535,214.161995,94.714409,169.955185
717.882172,208.284332,137.734985,157.192993
707.575851,197.779449,165.502472,144.658997
715.158089,188.142097,145.426865,140.921310
708.107658,188.093201,153.089737,164.295166
708.908241,194.611244,154.928329,163.439865
724.276268,199.653000,134.076004,168.249420
743.065399,200.859856,120.393860,164.103714
742.022144,207.339966,119.998924,155.290100
719.688675,202.309067,132.624969,157.261627
696.165230,203.949829,153.320419,153.752319
701.584412,206.706490,147.830688,132.827133
699.465263,207.719040,165.737869,137.337128
700.566422,211.190090,178.345917,118.808174
701.106247,212.399334,182.414093,113.329201
695.664597,210.675983,185.284027,104.935753
693.805313,211.810989,180.733246,101.128754
692.667442,207.225937,173.058731,97.982819
687.818474,204.288963,169.703568,84.885574
686.276680,200.554451,165.836716,94.109055
683.534439,198.335068,162.919281,109.276520
683.146263,199.872307,159.639664,98.729874
680.399170,200.707489,160.742249,109.949341
681.292381,201.238136,158.092300,97.312729
679.253357,199.688839,148.893372,97.963142
681.339127,197.768143,141.874176,93.130219
680.202881,198.367817,133.344421,95.619835
678.703392,194.107212,130.229202,97.513603
678.169678,194.147076,157.990173,96.988869
681.489815,193.914692,122.176865,95.515099
683.226185,191.461491,120.111046,96.128716
684.688267,189.290977,119.000603,96.037369
684.481979,187.739357,120.329803,98.559616
685.421310,187.328751,118.129364,97.443634
684.200989,187.324661,118.860046,99.991058
682.496098,187.566639,119.193657,101.775169
681.319790,187.851044,119.870491,98.912354
680.856468,187.854164,126.128494,104.143356
678.793205,187.783878,127.993851,97.223564
677.328709,189.648617,121.600029,103.462715
675.853798,189.604328,147.006149,101.984520
670.645615,191.583809,130.715729,99.597275
664.188148,190.233860,134.081650,106.894341
658.649109,191.004875,123.701050,100.433914
654.502487,192.636269,121.493256,98.080734
648.536018,194.160240,121.245834,95.343460
641.844513,194.827164,121.995911,95.196991
638.440044,198.191250,120.857033,94.690926
636.213825,199.499161,122.506798,96.967072
633.732712,200.142189,121.117889,93.433517
633.655308,199.959190,122.388542,97.165848
631.960648,199.992397,120.816681,93.790779
630.849567,201.839298,123.617027,102.661613
629.071690,201.495380,121.171318,99.633812
631.132870,208.596912,122.755684,97.805260
634.736809,206.801212,121.642288,112.490471
636.580784,206.904671,120.121208,98.673508
636.817303,207.429863,120.554482,104.683914
639.277100,205.968014,124.502075,120.610786
641.280796,206.763264,119.010735,103.931175
643.475437,204.706799,118.083000,120.442238
643.397205,204.839462,117.977928,105.160309
643.510399,202.363605,120.568375,118.949730
642.698521,203.389874,118.762260,108.208534
639.356113,200.438950,120.275566,115.770599
638.397156,200.987831,117.190430,109.189011
634.105118,198.116837,120.494049,128.601715
624.484436,199.235851,120.356140,113.483803
617.227802,197.359287,122.288658,125.866814
612.642521,195.984337,120.720085,128.205338
605.982197,199.534081,120.843346,128.952042
600.893852,202.769775,111.051956,128.394165
597.354843,208.212917,108.661957,121.836006
593.120415,213.820526,114.202713,115.918152
594.460438,219.992123,112.348961,118.658638
592.446033,225.486710,110.335167,124.016449
589.199970,231.092659,110.561058,123.855820
586.940533,238.223011,110.698586,123.049095
583.374615,243.601940,110.290138,120.446449
581.654572,249.689140,108.822632,121.125809
579.176872,255.440784,108.514969,120.185875
579.527328,261.388027,109.649139,117.478584
578.220333,265.481087,106.835945,120.241318
576.424908,269.090378,108.704140,115.713715
575.204426,271.862659,110.212059,119.652367
572.009907,273.555965,110.948936,119.151741
569.200684,272.479008,115.287170,119.595451
568.920418,273.448120,113.497665,121.509583
568.513481,271.303562,117.420547,120.907829
569.427479,267.727119,116.826378,124.219955
570.273056,264.755291,117.773041,126.068642
571.018658,259.145546,119.380165,130.090927
568.792236,256.103241,120.151550,131.219788
571.596466,252.366470,118.665039,131.898224
571.898369,248.947708,121.003494,131.963104
573.151375,243.477135,119.802231,135.764236
571.869213,239.658409,123.273842,137.301834
575.117428,235.557137,120.976570,138.044785
577.709152,232.216270,121.161591,138.451859
578.418003,228.362167,123.150688,138.125580
579.185238,226.327255,122.524544,135.442780
582.143265,224.111687,122.557037,135.558792
583.436512,222.140434,120.903709,137.636673
584.552349,218.453056,123.098122,134.927933
584.293354,218.942337,121.062706,137.417267
585.936798,215.778946,119.972412,137.196503
585.268387,215.922447,121.165863,135.532852
587.034939,215.723930,119.785469,137.443924
586.072582,214.233528,118.752541,136.765793
587.165424,213.204361,118.406090,137.926239
588.222248,213.923157,118.679771,136.949463
590.179585,214.726952,119.201561,137.047684
593.378441,210.727547,116.572464,135.515915
597.625759,209.484894,119.429329,137.227844
601.649586,206.166389,114.354454,138.888840
605.466747,203.242050,117.609352,137.728851
609.771996,198.463852,114.370193,140.513336
612.782516,194.400261,115.735443,145.531204
615.693565,192.270103,116.332901,139.771988
619.478237,187.839203,114.839363,130.561890
623.953037,189.819801,116.276360,142.041977
624.755234,189.066948,116.629303,144.576004
625.877632,189.827477,118.001266,144.126907
626.840954,191.916603,119.668617,147.597458
624.902485,192.365288,120.625755,142.185806
623.425415,193.996681,120.176208,147.516098
624.931610,192.865814,118.174316,150.461792
625.993523,195.636864,118.935684,151.190445
627.868309,196.477974,117.903641,149.113205
631.476276,198.844040,117.203453,150.138641
634.763912,201.072304,117.454353,149.288620
637.865444,201.612801,117.275032,150.549240
639.819305,202.952812,117.667480,144.177567
641.432713,203.636902,118.282890,147.731018
641.881233,204.085968,120.605148,144.546936
641.768494,202.494690,120.597839,143.212891
645.882107,201.176384,119.060066,146.279129
653.387375,201.623520,117.142426,137.140778
656.606274,202.573029,117.649086,133.574097
661.945869,202.530708,115.444565,129.828110
665.255157,204.911636,116.057922,131.911041
667.665844,205.409653,116.314369,136.257599
671.605812,205.129410,119.413376,130.098541
674.078968,203.633369,115.899193,138.882187
674.985550,205.045448,118.331207,132.893723
678.618557,208.063622,121.562141,134.131973
682.188965,206.043030,116.270386,137.693237
684.464684,207.572166,118.597794,131.685806
684.933514,209.072636,120.330116,126.167534
686.458565,211.209671,120.672958,129.418915
688.807228,214.150223,119.093246,136.247894
690.049400,218.697304,120.018814,130.982529
696.179832,217.046211,115.126297,136.831772
701.288074,226.741089,114.624474,131.908936
705.610210,226.600868,112.847206,140.213852
709.425037,221.618378,109.115135,142.785950
714.528862,217.050362,112.699661,143.855576
719.005642,216.677498,112.531013,141.629868
724.764095,217.055763,110.710701,143.233627
731.870674,207.210045,110.638290,147.532303
739.746662,213.156174,107.751427,147.255890
745.451111,206.697647,108.394043,146.738556
752.614170,207.945778,108.297234,144.668564
758.518486,203.135590,109.547012,151.110107
764.530045,201.856255,107.274384,145.488174
767.189045,201.823608,105.264000,145.154907
764.024960,192.737137,106.940926,151.030365
759.792515,192.654526,108.574821,151.488373
756.162022,188.863731,108.740898,143.618973
752.981956,185.402832,110.885452,151.491577
751.275093,183.304962,109.433212,142.412842
749.303646,179.852478,107.556526,150.492432
746.371544,177.160728,109.010757,142.288101
745.342705,177.833160,106.153763,144.751526
741.764942,170.118477,106.740379,148.151596
738.579514,168.578087,108.400360,142.456985
737.268505,170.467911,108.254921,142.320587
734.496456,170.316872,107.139046,139.538437
731.581123,171.797615,106.243820,136.556747
729.296993,168.652580,105.877327,135.307144
727.446861,166.582870,105.173050,140.728912
726.121929,165.775970,104.422523,139.441040
724.004780,164.759308,104.490013,135.472351
720.996037,165.239098,108.175102,137.222672
718.751572,163.848709,106.374359,134.382233
715.340431,164.228943,106.574753,136.359863
710.063152,164.963921,107.696938,126.834122
704.567379,165.230419,108.274849,125.151833
697.188145,169.256058,111.777031,128.517487
688.447319,172.205070,111.684525,123.142471
678.921928,176.287926,111.825150,129.328079
670.907719,181.261368,110.086662,122.748993
663.142677,185.104572,110.139633,124.265526
655.174435,189.224911,111.115608,119.798592
650.948303,192.226757,108.409790,116.465553
647.196377,197.516758,107.232185,112.569145
644.696999,198.395546,105.539474,110.054855
642.778690,198.888157,108.594109,110.677666
641.334614,199.265953,108.673058,107.969559
639.862415,198.943230,105.179039,104.651932
640.122978,200.271523,105.887405,100.044296
639.809448,193.567753,105.694641,103.338402
640.111427,190.538113,104.012253,100.440285
639.234276,186.337845,101.790359,99.120819
637.692230,178.642418,100.367737,98.415695
637.336609,176.069920,103.437744,97.461021
635.158657,174.261166,101.724403,94.896065
635.778385,169.407669,99.362450,91.333069
635.708755,164.793835,98.566620,93.991096
635.852833,163.499039,95.911278,91.613434
635.107464,162.871845,96.085304,90.928825
633.491535,162.401863,96.508995,90.273788
633.401348,162.104034,95.904945,88.036194
629.825520,164.613365,94.864586,86.926346
625.764748,162.032040,93.596909,88.404579
622.492233,164.109478,95.105774,85.915169
620.686577,166.703094,95.774216,86.018066
619.199272,168.385559,95.424362,85.031403
618.563034,173.609959,94.559814,84.208824
617.712761,175.055828,94.309921,84.249245
616.172733,178.443668,93.972984,83.424187
618.347424,182.042015,88.013313,82.214706
618.826221,186.934933,79.308861,79.918709
618.552513,187.743851,76.612259,80.167114
618.562199,189.830605,75.355217,78.200027
618.798004,195.719734,75.461945,74.128128
619.768951,204.378078,73.326904,67.054512
620.964500,204.365494,69.960403,65.681885
620.764078,199.877647,63.513103,68.919205
623.333551,187.737549,57.174541,74.944183
645.697899,169.368868,60.753220,55.572475
629.638563,142.757561,52.117573,68.456924
642.105768,111.701260,49.359402,88.994881
566.765678,89.832890,135.550903,101.822716
565.008865,73.394295,142.801285,113.566177
638.925804,58.161186,137.956848,135.073898
639.179272,49.273293,114.031578,166.896744
604.582924,37.159279,140.192413,163.551712
560.506027,33.320091,226.403030,161.077072
587.894878,35.290016,122.700951,182.549942
610.959194,42.092957,97.658012,169.500702
602.914501,49.616936,117.872398,159.705551
594.659081,46.956711,140.397644,161.552246
582.333443,40.988495,205.857391,167.505524
579.935699,72.251503,154.235519,143.175797
575.968475,67.377991,158.200485,156.210602
568.410980,114.934711,168.672043,108.318108
564.232086,135.019005,177.727036,89.359116
559.050621,154.613655,185.626587,97.690323
554.972801,173.553921,191.219604,122.177528
559.436462,190.333565,174.476547,111.150162
550.314407,198.272453,181.212296,128.724106
554.029243,219.659294,174.812775,129.369614
549.076836,232.145550,178.327209,119.224983
577.487633,234.810684,164.978943,107.357849
575.235313,236.240803,177.428528,98.374748
593.569420,228.225437,181.453430,102.825523
610.063637,216.940125,164.120026,108.319672
636.085548,198.729317,151.275360,122.093460
655.428871,186.362698,139.253143,119.926125
686.348263,179.556927,121.827873,123.417122
779.578321,174.218399,44.854572,98.510071
799.953785,177.790215,116.002998,161.775558
796.058403,185.616287,99.861450,141.492676
793.195969,191.292728,61.011002,97.609642
814.647434,209.113209,48.678474,77.096245
749.100796,230.016209,121.943336,122.243034
820.912354,244.610893,67.401703,102.611465
763.519855,255.233047,115.707664,107.311920
754.413719,263.214539,123.611649,102.786865
746.442566,264.443550,140.368408,91.299850
740.716934,265.659569,156.015778,83.651077
721.905006,256.084793,162.764877,102.917023
712.582527,242.559746,167.953110,110.222244
702.928902,236.622700,175.032761,119.522362
701.456497,232.836510,171.683929,140.387344
697.549156,229.154930,172.338394,159.819778
698.733177,231.057533,166.122330,158.275009
751.602142,236.130959,110.940613,152.695175
723.328964,233.945816,139.703339,163.354462
752.210094,232.450264,108.254189,165.641953
754.510014,238.469299,104.218803,160.881897
737.982044,237.851860,121.887657,160.426590
745.844780,240.770844,119.662735,156.574158
759.063072,238.347099,108.134476,156.680374
753.096317,232.058662,111.182671,166.585983
747.119080,238.706100,117.819092,154.958527
742.717880,240.174561,125.342194,155.118774
740.834358,239.726547,135.399948,152.862030
742.302307,242.136513,144.622070,146.278000
748.294983,246.088966,147.314514,154.988205
765.876617,255.684105,151.474304,153.976456
784.280861,273.377872,153.172958,122.681694
797.897255,274.085930,152.016953,150.306290
802.947090,275.665558,162.447678,134.916504
800.521545,271.732567,173.198792,161.581192
795.863594,272.068840,189.227341,155.726028
795.051483,271.991043,202.353088,154.273163
796.055275,273.407219,202.774094,160.429214
801.358055,282.378471,194.785538,150.764542
806.781250,290.772713,209.489014,149.303207
811.329582,289.842743,217.162247,163.783508
825.717224,295.496429,211.608765,159.124695
835.445740,296.789154,198.126404,150.811768
843.715393,296.241905,188.844543,150.052872
848.384666,296.562637,176.711258,153.141022
859.858658,297.375778,162.566864,136.579620
868.970917,302.147995,152.761414,165.036346
876.745262,305.690865,141.675491,148.429977
878.306839,310.539360,139.680267,153.065933
877.919044,314.783424,135.312057,153.426498
876.613884,315.062263,132.122940,172.931381
877.208969,321.132195,127.046600,169.134598
881.919945,323.441948,118.680008,136.462296
885.668488,325.612709,114.523315,170.560410
887.320927,329.084923,109.488213,169.129105
884.219120,316.289970,112.843315,183.837906
881.694798,315.745804,122.593925,189.691010
880.442062,313.733223,133.811066,209.968735
878.365128,316.272942,146.811981,185.077896
878.285400,314.522118,159.353149,208.439713
879.197365,316.913193,171.790817,201.124115
879.588974,314.523155,186.421112,209.095169
873.660820,314.104073,194.816299,199.701523
862.801842,312.993881,203.943924,211.911652
848.424095,303.999603,218.183304,201.025513
840.224709,293.201134,229.848068,204.021378
827.285110,283.280716,248.962128,209.132477
817.052536,272.544937,264.388336,205.700348
813.948700,266.422134,270.409607,211.714508
812.749542,263.388115,276.740417,214.784134
817.407242,257.765106,273.624359,192.569702
826.413940,253.851662,267.855103,237.570297
825.530106,250.075310,273.844818,213.235550
829.590332,251.025063,282.854370,217.040512
829.304596,247.012787,289.545593,205.600098
829.299393,249.057487,298.888397,204.897293
828.943604,249.395622,307.012085,204.148636
830.047791,250.821678,311.417847,195.726822
827.859756,254.516258,314.859467,200.242081
828.023529,257.649811,322.609924,194.094482
828.513229,261.209648,315.955841,188.080765
830.440277,260.226822,322.346252,198.120514
828.006790,261.188408,319.747894,199.086990
826.011200,255.704491,325.266052,209.230728
823.194397,253.255180,323.514893,206.350296
821.682587,246.593254,319.111145,207.142288
818.256500,244.429390,322.397034,201.199509
818.131180,242.410332,316.856293,195.642532
811.822479,236.818153,322.860168,187.647812
809.629578,232.811417,321.158691,183.231232
806.674896,228.107765,321.808777,186.097763
804.264313,222.616432,322.548157,181.101059
799.091400,217.764206,323.871765,192.654877
794.433121,211.151955,328.271576,180.485703
790.158630,206.577667,328.778442,199.680786
788.728348,204.370056,332.690155,200.649963
789.758270,193.477913,329.472107,204.557053
783.137772,194.752975,331.566376,177.861176
780.874100,190.413460,333.022186,214.456467
780.811478,192.270714,333.397430,208.126724
775.868790,183.346718,338.897308,220.336655
776.386475,185.520821,341.022217,219.740646
773.310608,184.697578,344.362183,220.578049
765.849762,183.966660,353.432678,220.959564
765.796356,177.556236,352.007141,225.993912
762.484207,173.707054,353.151947,227.591812
756.611511,166.938515,356.632324,231.390610
754.267120,163.856613,361.367493,230.095795
748.210739,162.652313,358.202057,222.929932
744.732162,152.940086,360.795441,226.052994
744.551285,153.224976,362.065277,224.851868
739.818100,149.107025,360.360626,224.858765
736.065872,144.573959,363.744476,226.620575
733.536575,143.580536,360.869598,219.117432
728.756195,138.276627,364.254700,212.310333
726.944855,138.876038,365.882141,214.380432
722.908844,135.192879,367.461609,216.080368
721.724564,134.236725,367.380463,221.085205
718.594193,130.561493,365.689789,224.583252
713.905090,127.146431,369.319336,219.023972
705.098969,126.065254,367.050964,214.516647
698.853928,125.645706,365.622467,216.686920
704.916687,128.855995,353.192261,217.231674
707.830612,128.272095,359.610382,225.763489
707.355362,126.806168,342.606415,221.135651
703.673935,126.059242,339.697052,226.277573
704.802124,118.039780,337.398926,229.527435
706.465927,122.343933,332.743317,225.413757
705.102417,124.665886,331.113647,226.894485
700.809174,122.119888,332.345520,228.456696
700.414093,125.867111,329.557434,222.900360
700.581070,122.317749,335.613739,228.827332
700.223297,122.221878,329.194153,225.283722
696.918182,116.086708,331.123596,224.176498
696.644760,118.950241,330.073273,225.624969
694.127335,115.722641,335.559784,224.922821
689.443802,118.339249,334.496307,225.115143
680.246689,114.113487,326.830475,224.092178
676.169220,110.691154,338.037659,222.892654
674.603760,115.289833,324.264160,219.712631
667.636337,109.301895,336.769928,223.556183
669.776749,114.812393,320.420258,221.633453
666.015396,108.929123,329.786591,226.941742
670.819672,111.516800,325.449036,231.831940
672.883163,108.040924,336.239288,229.573120
683.958954,112.201317,335.930359,224.598160
689.938309,116.572914,321.226044,217.164169
692.715317,117.387428,331.597198,213.612045
697.057693,118.727058,318.840424,215.035690
700.553055,123.285484,317.171112,217.383438
702.466446,126.640076,309.376312,207.948181
704.161758,132.779358,311.418671,196.425354
704.400558,134.956024,322.655060,200.656616
701.579819,134.768181,310.106354,199.982498
699.647263,136.833511,312.040314,204.801544
701.243576,142.039764,311.612091,198.866333
694.905228,143.960114,313.312225,196.730225
694.241608,145.264694,312.884827,197.841278
698.073578,148.478409,306.929138,192.517120
698.715729,150.821030,309.216248,189.738739
705.906479,143.734016,306.105743,191.689987
704.797485,144.551445,314.302979,187.408646
706.576004,144.380547,315.627045,183.920364
708.357361,144.746544,308.374512,190.627335
707.118195,146.826973,328.672791,189.642990
706.499207,149.305367,305.973633,197.632980
702.075317,152.679840,307.564697,192.220337
696.250519,152.894699,308.180115,191.473480
691.661819,156.215332,307.603607,195.141541
688.119690,157.691765,307.975586,191.310745
684.971802,162.136635,307.022827,194.552231
681.452957,166.441025,305.365570,184.732391
678.029282,170.712433,303.956085,190.452515
671.740128,175.709106,304.528534,186.763489
664.556335,181.609383,303.849854,185.479782
658.418060,183.896446,303.471863,192.526993
646.602859,184.736244,303.064667,195.427109
631.866791,189.191780,302.006042,193.483200
618.891418,192.946152,300.548462,194.778168
606.586014,192.499588,304.711029,199.404572
594.778214,188.941254,301.970306,204.804810
581.754120,187.408554,300.737854,210.042816
570.421585,188.944969,303.868134,203.651016
557.155411,175.169670,297.898285,213.715897
550.068665,173.094032,304.136475,206.711288
540.453949,170.456131,300.019836,197.609039
528.936203,164.600677,297.883575,199.668091
515.680649,159.044464,300.781036,201.634766
506.858871,166.680519,301.625397,187.102280
500.165039,162.611855,304.123413,193.244736
492.803772,166.600983,300.257690,186.378906
487.862610,168.743980,299.983154,190.688248
488.705582,165.457626,292.512787,190.303680
486.528702,157.479813,288.829193,204.466583
490.641083,156.349693,275.948792,205.693863
490.539688,156.191551,265.125580,210.232437
490.103012,154.561546,275.879059,207.812271
495.049164,160.493607,268.233093,214.742584
499.399094,156.100151,268.779449,223.081375
511.911362,157.470062,262.837189,220.323730
523.138702,158.973083,266.839417,222.224182
534.155487,163.491394,259.600891,229.613342
544.375290,166.531837,261.914093,227.372421
555.935623,167.697166,259.262665,228.549088
570.579346,168.893166,259.734619,225.712265
585.423141,170.066338,254.944855,228.324173
598.261139,170.253502,256.580627,225.288834
615.268791,165.131813,254.517715,229.699936
625.827499,156.955276,249.328278,236.497223
626.173325,147.954933,259.140045,223.733139
630.934906,137.674644,252.275208,230.544571
645.789459,127.916183,241.775940,230.283783
648.132034,124.130356,240.230927,228.270599
654.221008,118.385178,231.427612,225.936371
661.662117,116.232277,233.368393,234.872787
666.337029,113.625778,236.254288,231.988373
674.700134,110.593460,230.850830,236.163971
681.127289,109.132019,227.871033,235.192688
682.766533,111.112564,233.182266,233.728790
686.883255,112.625999,225.017059,240.563004
692.649467,114.402321,227.019058,234.642319
688.470451,115.973511,229.893448,235.322693
691.741447,115.495605,225.968155,235.721741
690.322189,117.015907,230.847687,234.281967
686.700714,116.629280,227.624695,236.695969
684.181999,116.286781,223.973282,232.748520
677.644653,116.614944,226.609497,226.132233
675.088318,107.996346,223.489136,226.482956
670.980957,110.241875,227.976318,230.882156
659.836174,103.326851,220.231583,217.708176
649.507652,97.994324,227.875076,233.062805
644.443550,99.348282,229.015121,219.043976
641.838394,97.247894,225.958344,223.851685
642.581116,93.289955,230.536987,226.935043
634.304070,92.595772,238.447647,227.363571
627.829094,89.661644,242.694473,228.354019
624.449272,88.388268,233.398941,227.789200
622.925491,85.219719,236.618378,229.712234
619.898766,83.074310,234.631058,228.098145
617.345711,78.088982,244.040268,241.534988
619.403793,69.310440,233.836334,240.094513
620.151291,70.985603,229.822296,254.152023
625.854713,77.945564,232.316818,254.154465
627.284050,98.027870,226.054092,243.142685
639.836403,112.505341,223.783127,250.444824
648.783272,126.579208,227.671616,252.052094
648.343300,135.751495,229.945358,252.922852
650.957886,148.745895,227.211060,251.144501
655.706924,159.948647,227.254974,250.959335
663.946121,173.021553,226.360199,253.199020
667.944443,183.210533,228.465729,253.735977
674.257362,191.346649,233.136398,255.764893
675.506622,200.940781,234.644714,245.517426
683.742943,206.433708,234.231400,250.332596
686.112724,205.516304,236.512222,238.760666
692.128822,207.209564,234.411301,252.082031
694.972229,207.422119,236.892212,243.151550
698.588455,210.788078,238.400726,253.439896
707.350105,213.536713,237.565048,240.001831
713.318390,213.841415,238.427917,251.689301
717.627586,214.702820,239.754715,240.248108
722.676834,217.125015,238.034515,254.158112
726.661026,217.280716,240.279755,242.567169
732.069946,220.477348,240.810425,247.023758
736.269928,217.387520,242.204651,243.005417
735.161514,218.418747,240.305511,249.625214
735.352013,215.823204,242.006668,235.625137
736.647102,215.361870,240.826157,248.330399
739.211319,215.688553,242.137665,237.438873
739.560661,215.104172,242.839981,235.487152
744.766235,219.269012,241.265869,231.717773
751.692871,220.870422,243.595825,226.626038
754.625008,223.360947,245.877670,236.991302
756.908859,223.839317,246.522736,228.404434
754.653152,229.157089,245.027191,233.939423
751.726448,234.937447,248.874252,224.471848
747.881355,234.906639,246.841537,231.031754
743.404167,238.482498,247.425430,228.446930
737.468414,242.380630,242.808655,233.639923
732.529846,246.176422,245.641113,226.201782
728.520409,245.961899,247.564163,228.352997
724.659889,247.012253,250.579636,228.262177
719.917084,248.553665,243.486755,228.354279
723.690697,247.493004,245.764359,226.820206
719.318085,249.042717,248.716248,223.496902
721.870506,249.728722,244.901321,228.670303
724.576981,255.271011,245.649872,224.357819
724.837105,255.767532,249.395004,225.230499
722.774925,258.065155,251.420486,225.833862
729.068619,259.159424,248.538910,226.239319
727.375458,261.457359,249.019836,226.874527
728.509796,261.617218,248.033142,231.433716
728.809311,258.999321,245.184357,227.964310
735.720543,261.221550,243.901199,225.024490
732.482704,261.186028,247.765182,224.858841
732.754295,258.918533,243.931595,225.881500
736.212730,257.681084,241.435135,218.749100
738.859505,257.181290,238.026108,222.581085
739.791138,256.497734,234.937500,221.585648
739.571091,254.733414,234.519928,221.953156
741.237358,256.731163,233.534439,216.234146
740.748192,257.380432,233.730179,216.248352
742.326591,255.747726,229.919937,217.252899
743.779945,257.049110,230.708542,216.456039
747.026527,259.007301,229.540207,212.095444
749.018623,259.164581,226.718002,216.139404
751.410469,260.298225,223.337143,211.566086
751.405609,261.073837,227.370056,212.496063
753.204926,262.933220,224.866028,212.731400
758.583679,261.828011,224.012207,211.801071
764.342155,264.962944,225.091690,213.486526
770.688286,263.003990,220.759903,210.672379
774.139999,259.457932,223.285309,214.689789
774.005867,259.721878,224.890488,212.468903
775.749664,259.152214,224.472473,212.266556
779.152519,258.377625,224.112808,211.751892
781.611259,258.264923,221.391006,211.822388
781.700394,255.542168,224.362885,209.786819
780.068451,257.510841,223.519226,211.999252
779.847572,256.640457,219.697189,208.251007
782.158600,257.897697,218.658630,215.274857
788.690987,257.389946,219.347519,212.919388
785.942116,260.169701,220.810593,213.370499
787.615921,254.605690,221.243500,213.722031
787.981415,254.697601,229.578674,210.070679
790.384811,253.276550,231.326080,216.627625
791.933830,248.219872,223.676163,219.031265
794.155243,247.088196,198.019958,223.473938
794.149384,247.608238,196.181824,219.669571
793.685272,250.445465,199.143127,220.650269
792.449509,250.269791,192.674469,212.775543
791.762794,252.710800,192.089096,215.948578
791.413849,252.597107,193.387878,208.650208
791.000061,254.673241,194.074219,215.184402
790.571922,256.204880,185.107620,203.730560
790.792435,257.744942,190.552643,207.635361
789.181313,260.202660,188.888168,208.136063
786.610619,261.111877,190.403580,193.243713
785.131210,262.136307,187.622162,202.998077
785.232796,262.662910,192.238693,188.761398
781.154488,265.022583,195.236618,202.852539
780.643921,266.309502,193.615906,175.130997
777.582108,269.266586,191.254974,198.358856
775.903603,268.744461,183.964828,168.057831
771.040672,269.356186,184.012466,197.832733
771.589615,268.825836,179.791901,182.413391
770.308754,267.362152,177.974167,201.974609
769.171654,266.043373,180.041092,187.697067
768.817688,262.686096,179.784119,205.426514
768.272263,257.792297,178.466644,197.860779
766.708527,252.531288,181.720337,213.812057
766.860939,246.718025,178.799667,206.439804
767.585220,243.841560,177.134796,222.056870
768.163300,237.017235,177.350220,204.255875
766.076538,238.544151,180.080139,221.710831
766.494347,234.659973,178.122879,224.864075
766.430779,233.732620,177.555313,222.023712
766.500824,235.059753,174.364380,229.548706
766.080811,230.734009,177.370605,206.465637
767.720680,230.815918,171.969040,222.031921
768.088516,235.750954,151.585175,228.705734
766.490791,236.668762,169.252609,196.699707
759.858688,232.128494,196.983368,198.119537
753.445404,226.690369,183.921448,238.011536
756.576538,210.423553,190.481689,253.812744
754.767212,202.950287,204.687012,261.673950
771.525925,201.776733,167.358185,265.557922
796.589539,173.233276,184.156250,277.911438
797.362038,144.789276,193.762375,292.020142
807.956650,121.853653,268.242584,243.194122
701.700226,102.714172,408.367493,297.151306
838.538437,84.171829,239.562775,307.646759
852.356941,74.070831,212.407211,321.082520
854.310539,47.970657,172.996841,347.036774
835.750526,35.877869,224.713181,360.797058
875.733887,16.915649,282.122314,348.584412
884.123024,24.672058,159.101120,340.008850
886.601631,17.900131,219.942123,239.972626
893.114655,15.218811,185.798767,338.836731
895.309967,23.223099,203.166565,318.620636
906.431854,14.467270,265.260803,355.753632
912.369781,41.167816,263.662292,339.667969
920.183701,55.667282,267.838165,316.412811
924.054794,72.325409,311.499664,285.815308
932.577209,102.937958,330.084839,276.627930
938.810104,130.469727,337.472076,264.626892
944.456741,162.626869,324.585297,209.316269
962.273560,176.561333,276.734009,154.076248
951.375244,183.691566,294.387817,218.215927
957.866486,189.102013,309.421692,210.257339
957.315430,225.046982,321.682373,207.915619
943.025360,229.280022,336.974640,148.479568
933.606750,225.246841,345.298065,165.889313
928.559494,223.996941,347.657837,184.720291
920.358032,219.621017,350.289276,216.891205
915.662277,217.462471,352.842041,219.918869
909.822098,215.129807,362.962341,225.141815
902.450287,214.382591,366.730133,219.986221
898.969727,212.137840,368.598358,224.471451
893.749557,214.001434,366.425049,222.432861
889.945770,212.578697,359.949860,217.890274
885.099075,211.912880,358.368469,216.907578
877.456680,209.775826,359.370789,218.211349
865.185562,208.397110,361.703308,214.846466
854.071136,206.164795,361.173981,214.918884
844.969772,203.891670,359.291748,214.804367
834.538315,204.290977,358.233521,213.116714
824.949326,202.813461,353.083496,213.955414
817.956039,201.824036,357.373535,215.049988
815.436691,200.045319,353.527344,212.118042
809.494141,198.595421,357.941864,215.460709
807.157745,198.409363,354.786774,211.685974
799.928757,196.211662,362.545410,214.322098
798.915054,195.110825,359.649963,214.477509
797.637558,195.036858,360.518311,214.308182
795.264633,195.319588,353.771606,215.477585
792.346954,196.531792,364.014069,214.403519
786.104492,195.756737,361.370697,215.415054
786.701935,199.708534,356.122467,213.540024
780.045425,199.539268,360.694153,209.110855
775.046906,198.576248,375.409454,213.649078
774.464798,196.426369,365.743469,214.592514
773.891846,198.657425,361.146210,211.162872
770.971649,197.367805,371.071198,212.245285
772.414185,199.450966,358.148407,212.828598
769.635712,200.166199,365.741486,211.960876
768.115387,199.543182,367.923004,210.815674
768.965576,202.457153,362.949921,209.427551
771.162033,203.263237,364.850342,208.457840
770.329849,201.773315,368.001160,208.920837
767.645203,203.632561,367.193207,208.416702
766.376907,200.226311,370.960266,210.254227
766.341431,194.063972,370.584686,214.937180
769.050446,191.130638,367.250519,216.257950
771.030090,190.006050,366.425018,211.748093
773.201492,188.506744,368.126160,207.482178
778.953705,183.777199,364.769196,207.456406
783.647339,179.412117,362.113983,208.487473
786.526443,177.809410,357.900330,210.411880
789.848862,176.111305,354.742065,210.155991
799.645889,175.595535,343.733948,208.814240
810.576965,164.947754,332.747406,219.768494
817.942322,151.166466,319.998993,224.366348
816.582855,128.842682,287.514557,249.689453
810.300476,82.804184,254.785492,298.474335
798.481865,61.740433,239.797348,315.376617
794.086121,46.285553,245.613495,317.187500
781.212296,36.204483,270.063049,300.268097
789.107956,17.269943,261.644287,275.211395
807.104927,5.487366,217.174637,294.842590
810.319572,81.966492,230.591660,242.485046
810.038498,3.233276,205.434082,196.827698
805.166916,2.198723,228.854553,182.779373
788.473000,2.912659,196.250504,351.585754
789.041245,9.959747,177.930176,347.266357
780.008820,10.695129,187.268463,353.630066
766.908707,22.245468,260.403259,354.484100
746.457703,43.762634,229.898529,330.352722
744.332848,63.988525,224.432541,304.765076
730.779610,94.041199,236.188187,274.794983
728.725517,123.933838,243.258163,245.438904
717.304710,155.652214,248.012131,189.001663
715.930801,183.429665,280.474670,154.082504
705.008392,188.556778,257.794769,165.459869
694.557190,173.015533,270.184357,175.276184
687.185699,154.595215,279.898895,180.695679
679.121918,150.007935,288.154755,168.079956
666.227249,166.355614,299.251709,163.576126
647.220459,138.634216,306.495514,168.434448
622.948318,116.614571,305.642822,252.459091
607.785019,107.108788,311.719299,221.913651
583.343964,96.225807,326.243378,221.997116
572.354538,106.651833,286.778870,233.427170
556.724594,105.044617,267.415588,270.865234
537.162170,105.713867,268.712677,298.671509
522.853973,100.952286,261.583221,309.102142
512.623642,135.398666,247.664612,283.136261
497.323006,145.606949,251.138443,276.381683
483.262032,161.013535,250.909927,260.951813
470.808929,162.658875,244.161469,264.718872
446.110901,160.694717,268.858063,261.466278
427.410370,160.873688,282.651337,263.296326
416.902939,156.172745,296.123230,259.753021
407.376984,159.653175,319.490204,216.109665
402.681961,172.955612,313.074219,175.505890
389.242889,174.020065,315.739960,196.327667
379.767990,175.719315,315.801453,218.723236
369.623016,181.945602,307.623505,225.000031
361.103897,184.538628,317.267700,213.193375
346.160828,192.601799,315.745880,188.754898
336.406876,195.831520,311.705688,200.501999
332.278687,196.899681,305.172760,212.493484
330.287781,195.279404,291.756989,216.481476
323.321075,193.477745,290.432709,219.722488
286.923584,200.243439,316.683258,212.893860
295.564117,199.593391,296.459198,210.731064
285.029541,203.669960,289.297394,229.630417
291.606796,204.843521,267.334045,206.222748
280.942764,206.845116,205.334473,241.628616
280.496483,202.169159,198.936630,231.392029
286.179337,222.486076,206.058594,218.585464
302.882233,225.640251,183.591766,218.924942
314.865334,218.179604,169.490982,240.838425
316.069748,198.722855,154.873718,264.827911
313.536240,188.817673,163.908386,278.209381
303.690659,182.651566,198.425232,276.708221
292.823601,189.815536,199.085373,263.547394
283.221008,188.418320,206.628326,251.163605
267.582191,193.439621,221.400467,237.153595
260.940109,189.669975,208.569763,234.682022
259.725517,187.396767,203.326218,234.272507
254.244339,187.261635,195.425415,228.149216
235.199768,187.878410,201.914093,235.541641
200.908485,189.518585,214.559280,247.204651
217.340881,191.488327,179.297516,244.857086
204.231644,192.372162,185.548340,236.942200
196.987579,190.612160,179.426239,222.066940
194.166031,180.894890,172.323975,216.816971
192.652336,172.043648,167.074936,231.013412
184.453743,168.073860,167.373123,232.477951
163.923965,164.950821,176.178345,245.855865
152.804123,163.148964,174.859619,238.195663
168.687202,172.483688,152.810745,209.178253
182.560242,171.043594,151.901886,211.108917
189.992828,175.731750,155.555450,205.131592
196.959198,181.091438,156.090240,191.492783
200.400101,188.223076,163.767212,173.228409
201.949959,189.735573,177.802139,179.909042
206.084717,182.310303,185.083282,189.580261
202.861694,159.736076,193.812286,218.210220
197.725822,124.807121,218.785080,232.351517
196.793472,93.064117,253.315308,258.045044
247.962799,75.015060,253.545258,286.412689
242.047218,54.620667,246.791336,284.304382
258.912918,48.788284,260.623657,249.955353
266.595810,42.909164,277.632751,225.442108
272.607712,36.222588,297.598694,207.199783
322.045181,44.353592,258.056152,218.962189
363.477364,39.082458,236.830215,236.502502
383.289703,38.335686,242.631683,225.877396
394.277237,61.837082,250.239380,195.682098
393.653824,77.498268,267.008179,200.403793
370.278976,94.686890,301.942932,203.099548
392.059799,99.768547,287.353333,199.372391
417.719559,117.136978,261.366211,218.823273
422.120346,117.255569,255.135559,177.452911
431.278679,109.594109,224.095139,205.803299
425.281281,150.535347,220.918427,225.001144
415.771851,192.754448,221.233673,192.638504
422.553665,189.193047,208.052734,186.147659
421.648285,202.103790,208.071442,180.197449
427.546738,196.628563,205.339600,185.365921
446.702637,190.027771,195.593353,196.990356
469.146942,173.053963,181.503265,199.241440
473.233894,155.874878,185.117569,205.140442
489.621918,152.975044,179.035126,198.464401
502.347397,155.268318,176.587036,202.243088
509.381424,158.158524,183.331055,200.338165
523.995537,169.649521,183.400192,197.710968
529.298759,184.296059,182.079330,190.665634
533.193222,201.527985,181.842468,179.789551
535.407639,185.851051,188.893921,195.934860
550.043839,202.318153,226.771179,185.842941
483.601593,202.766678,306.452728,190.076874
578.186256,203.748245,175.695877,201.692108
590.854362,192.401695,176.952072,201.073013
605.737038,185.340630,203.501297,228.615494
597.065964,184.524506,194.382996,220.756653
599.530899,189.678436,238.413208,218.603088
596.358093,192.236046,219.810089,213.107254
595.143890,200.101860,257.327606,200.950821
574.293785,224.775436,236.499130,169.099762
596.903450,236.115097,215.240921,138.852814
617.744629,243.224892,189.210785,139.672409
615.923820,230.336670,199.356918,160.300964
639.445564,216.368736,190.756485,158.801895
640.154572,202.675430,189.988190,158.015900
709.442444,196.469856,125.969635,150.824570
613.894058,197.146858,245.083069,173.613571
594.882843,204.160439,299.012726,190.544907
589.318130,206.075325,330.029602,201.923630
568.246735,204.078796,380.428619,208.897156
575.111877,207.232368,407.019501,216.775436
625.712585,214.287094,377.254608,204.682831
705.942078,207.766602,287.541229,215.148376
707.541077,208.923264,262.187469,225.080292
703.809677,206.564484,238.593140,216.620483
700.902313,224.661377,265.514801,189.553406
707.421143,234.303040,278.871918,196.766785
701.966309,245.969017,291.403168,183.659439
703.783066,250.450531,247.442261,203.909424
699.787445,257.725739,278.982452,204.532104
702.314148,263.366554,268.310883,194.287094
700.866432,253.992416,255.807510,190.043427
699.799484,265.734688,258.409302,174.056808
695.291824,253.915833,244.764465,179.310608
690.817665,259.927559,217.439651,177.784103
678.331306,263.452690,214.725113,242.441483
676.001869,271.048210,203.669144,232.400589
663.694221,274.484848,184.735611,247.224457
657.474731,284.154289,172.723663,232.905472
653.154030,287.304634,148.296768,241.784775
648.941002,292.652763,130.582321,235.993851
636.521828,289.820625,137.444046,236.934616
624.232361,281.108002,145.327301,242.551758
611.135056,265.207611,157.138611,257.880493
595.510918,247.690933,169.979111,267.846771
578.099747,231.412903,185.330017,259.191406
560.137039,207.671234,194.882263,275.368591
542.441017,189.294861,206.594376,293.394165
527.548317,184.105118,218.841568,291.231903
513.999519,181.918320,231.182449,288.347809
503.980484,179.862656,240.354919,289.911041
496.239304,183.113159,242.090820,287.185547
492.320755,182.420166,244.495300,286.118164
492.327217,183.089890,238.802567,285.318268
492.223946,179.642075,226.103104,282.986237
490.790131,184.272522,218.057159,279.727173
490.692795,184.562286,209.825195,281.182190
488.151154,182.390930,204.485748,279.901978
484.116318,192.558990,201.299438,269.241638
478.131332,199.472778,201.697632,255.291504
472.690117,203.010193,206.313095,236.849854
464.170547,212.646683,213.372864,228.997040
462.870369,210.304771,209.698074,222.794388
459.944038,207.741081,210.996658,217.736954
461.261330,204.243729,208.502457,235.990448
458.579086,204.071396,209.512329,232.724030
456.000778,201.290184,210.948730,235.913162
455.520271,199.668831,212.755081,235.426865
453.076973,197.355721,213.295609,237.660995
450.784744,195.401093,211.968689,239.715149
449.252487,193.238274,210.962891,240.257706
447.686783,188.906693,211.821106,241.558319
447.311821,182.019211,213.289291,243.597198
447.206909,176.539886,214.931122,245.338196
444.963997,172.283150,217.347244,245.270004
441.716522,169.515686,220.834259,245.482178
440.887779,168.190353,221.147018,243.380035
443.063972,171.375145,220.711502,239.756424
444.688370,171.538246,219.229919,233.861374
443.969597,172.869888,219.561142,234.877899
444.279037,171.352463,218.160034,238.205841
445.642250,170.914581,216.227188,223.250061
445.675362,168.553223,216.546341,237.873535
449.003113,168.295769,214.342865,206.739273
443.829330,175.317749,216.569336,235.778564
444.493439,168.010674,210.598297,234.247452
446.968407,167.086723,208.325485,234.355850
453.103508,174.370773,206.482285,240.043732
469.087135,179.572105,206.149673,247.729446
477.581566,183.021805,206.446823,245.571503
480.652550,187.452606,203.793991,242.363098
483.543587,189.252373,203.131424,232.121231
487.892921,187.581200,205.142593,249.119095
490.149727,192.930473,205.619827,243.115738
495.056259,195.669838,205.611084,245.251266
500.844666,199.387375,207.566864,240.661163
508.195229,200.467102,207.803604,243.130371
515.755371,202.417053,207.600433,242.072388
522.334503,205.113693,208.543732,241.275299
530.617134,205.195992,206.610550,242.663071
536.966698,204.828133,208.673752,233.114609
541.662682,204.339844,209.069138,240.736572
543.356728,204.053108,208.079483,222.362045
544.220375,200.571739,210.215958,244.246048
543.681702,197.098579,209.427094,234.204941
540.473015,195.798004,209.229965,245.281799
535.039673,191.362892,209.561127,221.891281
527.156410,188.926300,210.646378,243.169861
521.078293,187.573303,209.720703,210.132690
510.484947,183.862740,210.641403,244.974716
505.149254,180.681473,210.227707,231.787811
501.939125,184.303238,212.275406,232.673065
501.265297,177.512321,210.366714,238.438614
499.305908,171.226486,210.695892,237.584137
494.119141,162.018845,208.613495,239.938873
487.316284,157.682541,210.382660,212.788971
480.910339,150.061485,215.361542,238.145218
479.697426,149.013206,212.585342,212.773270
477.512146,141.816010,214.810028,228.905701
476.359161,140.529060,217.752960,205.723129
474.782326,138.583794,216.435074,222.706314
474.690865,135.066833,219.239700,204.778076
475.449387,135.785408,216.040161,232.216415
479.206642,133.192390,216.362076,214.153549
478.835899,129.030319,218.373093,231.102814
481.238449,129.672676,220.159546,193.078598
482.399292,127.480484,215.920380,229.837738
484.993477,129.182266,218.475418,188.919891
486.027779,127.275444,216.701553,214.971939
487.309731,125.978249,217.270340,209.273239
489.626602,129.076088,215.449341,229.045700
492.877464,129.851524,217.459091,195.699417
498.338760,128.132637,215.563965,224.412704
504.117996,128.030617,216.130737,220.696457
509.373207,127.590279,216.799149,211.451279
514.888535,126.781578,216.720276,232.546341
518.935966,132.051880,218.934250,186.235840
524.160004,136.857788,221.046417,214.517334
526.488495,137.852020,219.894806,205.552551
528.242020,144.730560,221.092224,197.787903
528.640167,145.063194,222.748566,196.562210
526.350830,152.194595,222.341034,192.321014
523.502777,153.171074,224.006378,192.306290
520.775757,153.502831,222.178558,182.038040
516.343842,159.793671,221.655609,209.829285
511.195313,155.829979,220.742096,185.442703
505.540375,164.663727,220.446930,187.055603
501.780762,157.478699,220.821686,162.513428
496.763123,162.202515,219.824677,209.475769
490.808563,156.518204,222.037262,186.558990
483.247925,158.855293,222.040253,197.185349
477.050705,156.035751,223.798340,170.180756
471.847984,160.940071,225.232040,205.688950
468.967041,153.957687,224.333038,179.136261
465.184731,154.330254,224.288528,201.345718
459.080795,146.946732,224.687195,168.375397
456.596138,147.467155,222.397598,220.589188
450.146378,143.089813,223.534546,203.298218
448.147896,139.271347,222.911392,219.012909
446.064171,138.733200,220.476181,193.096649
439.976097,133.932983,222.155075,226.246277
440.069984,129.904152,221.618668,215.942001
436.984482,129.890228,224.534302,205.415283
433.870033,127.976379,226.690689,216.014465
433.845337,127.698135,227.073212,214.173248
435.876968,128.755981,225.532654,208.196838
437.797523,125.476288,225.769547,212.491211
438.139145,124.896263,226.261475,219.386978
440.263031,125.079628,226.852692,211.504013
439.970108,126.829086,227.595032,213.403168
441.219193,126.379326,227.539001,206.412918
442.479752,131.374451,227.071838,219.789978
443.249344,131.718506,228.918518,193.160706
442.652779,134.802063,227.805984,220.399597
443.886871,136.959557,228.740875,187.045670
447.859009,138.024994,231.455170,226.516846
451.264320,138.635742,229.506241,207.049744
453.816742,143.409355,229.612457,209.544998
457.795425,141.021927,228.049866,211.860138
459.629784,146.388390,229.100266,190.646255
461.892639,151.206482,231.644012,219.520935
465.746666,148.287155,230.382858,202.358002
467.881966,164.599319,234.347000,185.259430
473.426376,160.782677,232.522461,170.458817
473.273018,163.939217,234.010818,211.392807
470.893173,162.868065,234.189453,174.241898
469.980598,168.663681,237.243423,204.976959
468.575607,163.206055,237.408508,199.629883
467.015213,166.658455,236.629761,175.914047
464.302437,167.576309,239.922134,156.017609
464.529556,169.930267,239.312805,193.441406
465.511528,158.980888,236.896713,193.299515
460.857941,166.915131,238.495758,152.791992
458.209358,166.158310,240.381912,197.439423
458.154167,156.559494,236.810898,185.684418
451.432205,164.837341,239.515198,140.270264
447.162338,155.870842,241.313477,204.251785
448.970474,158.146729,238.156555,167.214661
446.521996,163.657333,238.026047,178.721100
443.763069,158.348846,239.845047,141.532593
442.595200,150.234436,240.517151,203.139526
442.208824,155.606201,239.252792,169.604370
440.597725,157.195511,240.123550,170.359406
437.679344,156.031883,241.728134,145.407364
436.380417,149.098175,243.663330,206.435242
437.509079,161.262184,243.592285,170.003342
437.130096,168.895996,244.599213,128.300293
435.190063,157.654327,245.483246,189.549927
439.495445,163.860985,243.263718,181.337540
439.462410,165.183823,243.814651,163.321136
439.110107,165.074890,245.835114,132.819641
438.702263,164.189850,244.031418,143.758850
440.854187,161.411819,246.449860,190.323456
443.649330,161.946144,245.203934,182.194138
445.864395,161.158852,245.025757,176.957199
447.159630,160.448212,243.911118,167.321838
446.049133,161.077263,244.176727,151.574173
446.676979,160.800224,244.265030,153.812393
447.915222,161.178116,243.862274,157.230988
450.855003,161.202560,244.080795,157.635590
453.426399,160.785088,244.435196,161.254105
454.037041,161.113663,245.241684,150.548492
456.009369,160.772148,241.403168,159.081436
456.257019,160.702301,240.234283,140.252441
456.723213,159.254753,238.218765,185.803665
457.775314,158.728821,236.357117,163.392761
456.766914,160.689850,238.292740,137.002869
456.584900,158.852531,236.694733,183.539017
458.145569,158.624947,236.448517,174.559006
459.064201,159.008263,233.244553,155.101028
458.566589,160.098221,234.424103,132.902618
458.170639,158.470345,234.400208,179.054245
459.417076,159.117577,232.236557,160.943375
457.329987,160.364868,235.450165,140.408203
457.349709,157.515945,235.997818,181.472443
459.852921,157.873505,231.790466,164.126892
460.587181,159.040115,232.835678,138.983673
459.904831,155.878380,234.393921,177.821976
461.667557,156.528137,231.489563,160.705383
463.950020,157.019455,232.654678,142.722504
463.545189,156.208351,232.673752,139.627182
462.475883,151.695435,234.505783,179.878601
464.648315,151.563354,231.251007,167.637085
466.526627,151.563416,230.232117,138.094543
464.174202,149.218651,230.483475,144.872330
466.138626,148.830078,229.354797,130.849060
463.676132,149.241600,230.248352,130.857193
461.596687,148.536587,230.418961,127.900093
460.514603,148.465477,229.507874,132.946243
457.761780,149.446442,227.914215,137.874756
455.248878,147.804714,226.574844,125.620918
451.407913,146.390244,228.322144,124.376801
449.141388,146.791588,227.895538,144.292618
445.638451,147.219879,228.482529,138.806824
441.488998,146.727768,229.181458,138.566620
436.596603,146.311371,228.822571,125.568848
431.165306,147.989639,229.200424,165.643158
424.795586,149.177711,230.810593,145.606613
419.475159,150.298882,230.716156,127.799759
412.549583,149.962341,232.181320,137.117981
408.002525,151.247292,231.485336,135.675400
405.293060,152.745956,233.217133,141.621613
405.422417,153.547287,231.446396,148.839264
402.171799,155.611240,234.679077,126.122246
400.611191,151.874718,234.496460,174.639908
401.103477,154.860161,236.737595,157.429764
400.486511,152.706024,238.879425,147.337524
398.557343,151.595207,237.269318,149.222122
397.495384,151.337891,236.443283,145.785217
397.637939,150.368233,236.035126,154.124008
396.253014,150.657341,237.071091,133.134476
396.644402,146.754829,233.982651,180.312851
397.347092,146.821548,235.814819,179.138519
397.176056,145.254677,234.093414,180.511765
395.996750,143.688400,234.052979,180.160309
394.108925,142.499016,234.428482,171.992447
393.203171,140.717712,237.875610,164.536011
390.880379,138.088661,237.971390,154.168137
388.939598,138.095947,237.312912,137.056396
388.774681,136.995369,234.446396,182.091476
388.523209,137.393555,236.532104,177.914978
387.904266,136.960037,236.777924,178.814606
388.363846,134.985641,235.757446,177.817108
389.867912,135.512344,235.313644,175.452362
388.675880,135.895332,235.652908,172.241257
388.985855,135.251862,236.273071,167.745300
389.691727,135.715530,233.506348,170.027557
390.657791,135.861565,231.746826,162.020279
388.401588,135.137131,232.174515,159.470734
388.186920,134.317741,233.305817,160.583572
388.110291,132.647995,232.769196,161.404572
389.459267,132.283592,232.455643,162.451614
389.144798,130.937599,230.921616,161.614609
389.197021,129.555618,233.412567,161.978424
389.745590,129.209717,231.979248,159.201355
389.759521,129.904587,232.095123,157.524323
389.084206,129.552124,232.029312,151.961304
388.953163,129.997620,231.454300,156.103699
388.332817,128.823647,231.353378,149.702744
386.678032,129.387886,227.712570,154.290329
386.703949,129.616920,224.572906,140.964157
386.949051,130.214989,218.575867,183.989456
386.466492,131.384789,213.507965,183.132889
385.637878,132.024681,210.924713,180.105667
385.351799,130.586319,208.389267,181.645477
386.404854,130.457558,208.453445,182.196945
387.241814,130.075714,205.405136,179.888489
386.478577,129.563660,205.804413,180.631653
386.774155,129.797661,205.387756,181.432022
388.887039,128.008652,202.580933,180.585297
387.280128,127.841682,203.502151,180.837021
387.133362,128.107933,203.479645,180.565018
387.675156,127.616585,202.364502,179.413132
387.860786,127.477264,202.031143,178.750793
388.498680,127.471901,200.829514,178.964645
387.932434,126.509506,199.832001,179.792511
391.968292,127.703079,196.946808,180.113312
393.327164,126.284492,195.395569,178.454880
394.227684,125.296852,195.653183,177.347153
396.090813,125.564758,196.401413,178.047546
396.890015,123.868614,198.121857,162.420975
399.056236,128.683365,200.158920,128.967621
404.732246,125.477264,197.437698,129.960144
410.215477,125.819370,196.267990,127.133476
418.213097,125.748032,193.546127,132.123688
427.256035,126.300781,191.603378,132.413025
436.524414,125.657356,189.466583,130.019089
444.523682,122.530354,192.963593,127.959618
453.812950,119.479206,196.701218,126.160789
463.401497,116.511852,202.536758,127.699196
468.806358,114.544617,214.868637,179.991333
476.528641,103.909615,216.789307,135.349533
480.658272,95.908485,224.739029,145.568893
480.331367,83.161942,228.749527,153.333221
478.888168,71.573921,227.270874,170.627670
476.216568,61.238853,223.373779,147.017899
471.826584,45.430542,221.632080,152.352417
467.410454,33.056915,221.497971,163.342590
463.591515,18.769585,219.147873,223.534622
457.392418,2.147850,219.766525,226.686661
461.054367,0.000000,223.339966,224.859207
469.127403,0.832382,235.166550,228.057602
472.315964,0.695152,251.857056,224.400543
471.382156,0.949722,267.650940,222.312668
464.009735,0.000000,276.938629,206.573189
454.638611,0.000000,294.600433,200.295834
446.726135,0.000000,309.373138,198.913733
446.313263,0.403346,315.505157,213.032211
440.761078,3.727771,323.411652,223.727966
433.316956,16.617755,332.516449,218.343384
430.042313,35.840724,333.291199,225.098984
432.170319,67.621242,333.448883,210.587387
439.493057,100.721240,333.595032,208.890076
440.942673,131.964786,334.322876,216.532867
440.367065,166.679416,329.364838,200.325531
434.126816,200.280940,329.620361,210.137009
412.688614,218.794276,327.696106,178.679184
383.725357,233.845935,326.896057,211.554016
356.348541,250.592715,325.452667,201.812531
342.712845,268.446765,327.240173,210.806213
335.425247,288.016307,329.727356,208.229752
321.755783,306.014979,325.945557,214.693710
298.181732,330.197696,322.712799,215.020538
277.135651,345.551875,318.857941,212.516281
261.743958,361.840693,314.397186,198.068039
252.310608,372.332698,306.239838,218.885910
241.587631,384.958003,303.263916,213.427780
234.652954,392.596438,300.290009,211.807404
233.260193,399.999743,303.963715,194.897156
236.431900,407.310725,302.693909,169.664352
243.594772,404.179133,297.501343,178.227829
252.469711,383.840075,306.844238,198.422058
287.772079,333.754130,301.820679,240.849930
327.867096,287.081836,300.222443,315.083923
325.491974,249.097903,339.591339,273.986237
346.629059,223.556689,366.868317,274.816467
368.959930,199.673160,385.197540,294.788116
469.268646,190.500796,314.681793,335.361359
554.889099,186.286685,252.120331,365.464020
583.089874,191.892154,245.686676,359.347809
603.342743,180.567966,240.359283,362.105438
645.933807,183.835864,228.098297,337.915955
623.640656,193.147052,299.830475,311.295532
640.597534,169.822742,310.835907,303.592468
665.014679,180.018527,275.072052,287.817719
657.340164,181.138431,275.014587,282.944122
678.068527,177.872622,256.762695,291.858429
730.433441,183.107821,212.580719,279.619110
728.709419,188.663119,196.142044,273.573700
717.396172,186.957309,206.457870,268.004730
738.452629,186.800021,188.296494,262.452484
758.188461,189.060458,174.363770,264.057220
759.726799,200.726550,183.459091,257.916687
764.479080,209.930705,214.226990,255.268753
772.973999,215.411395,212.160736,259.028687
788.396889,227.538409,219.393814,248.837891
801.915276,236.967723,237.039780,245.065811
816.142120,242.908282,250.176300,239.896240
822.124557,250.375422,269.558960,224.509567
827.454819,256.257518,290.618286,227.611710
835.227936,257.835818,302.034088,231.282990
839.492783,255.079021,324.568481,234.476028
847.012665,245.949733,348.701691,220.170761
854.690384,237.189364,323.756287,235.360321
852.713211,225.197436,329.564636,240.568909
854.414963,217.258426,321.689697,239.690704
849.808334,206.872363,310.058472,238.019836
846.249252,196.603412,288.429688,235.130493
847.845444,183.210841,273.483154,238.297836
848.797691,170.382953,252.471848,256.631592
848.365967,161.462512,236.918549,272.984680
846.300125,151.307467,228.972595,282.392670
843.673927,147.743899,239.733292,288.968170
841.340149,155.017917,240.184296,277.635101
841.381607,159.309161,248.210876,280.706299
836.481155,172.317691,267.190979,260.555084
835.085388,181.285663,276.642792,239.551514
837.234970,199.268535,294.143066,222.426956
841.836563,213.526507,314.849182,214.870972
842.255096,229.847751,307.717194,199.619354
841.138443,248.802936,313.924255,228.751099
845.525513,263.598475,328.431610,218.069321
846.362335,276.948199,330.533112,198.142822
840.913498,280.343554,324.758667,201.501648
835.891876,281.601428,308.609039,197.371643
831.936569,283.632228,297.909790,207.272934
824.635590,279.821284,292.734528,212.161667
816.318542,281.448627,287.790131,209.187866
809.403732,275.601588,286.781738,207.814682
805.999527,277.570323,283.308044,204.563614
799.983505,272.757464,278.677734,208.233887
798.106537,270.668796,278.345001,201.952118
795.029861,270.944476,269.687073,189.818359
788.401962,272.530322,278.584961,182.652161
786.339157,276.464755,274.656372,188.910370
786.259827,278.874942,274.291351,192.346222
789.577347,270.784709,276.639709,197.512039
797.534027,273.614802,290.276520,179.528732
810.194275,277.182185,278.532562,188.432785
823.545853,282.053599,281.363098,182.604263
835.046555,289.274463,283.239380,191.879456
844.996155,291.266360,284.198822,200.060333
853.003571,292.519710,282.962555,218.927780
857.265945,288.450191,300.909851,214.995285
860.920807,285.225055,286.815094,220.346680
854.220718,275.151164,292.710876,224.183304
846.978531,265.671618,281.719666,231.483459
839.073441,254.103557,280.922546,233.304520
830.817841,245.914371,275.850128,228.555206
827.528748,235.128123,289.601654,225.750504
823.810883,228.817782,313.786041,227.518646
821.340515,221.914836,271.547699,221.933548
815.041351,218.712062,285.954010,209.269150
817.390167,223.775043,288.876129,196.778687
811.944992,228.781253,313.453613,201.780670
804.108047,227.718898,321.732483,212.603622
803.505615,231.898562,299.797821,211.647125
798.004074,219.091655,294.988159,221.607620
794.624741,217.686007,312.817871,215.315155
801.498322,209.496234,270.091827,221.060913
798.328125,206.522166,303.205536,216.519547
799.460495,200.942088,310.476562,213.345108
797.857330,198.723674,270.871613,218.829910
786.666656,186.995959,315.966583,220.190125
781.993057,174.489215,267.914856,237.902466
771.803223,171.486789,310.957123,221.245697
767.405685,164.596675,309.524170,228.864304
757.379593,162.790614,291.562195,229.166489
749.661377,165.903796,320.172455,213.125183
754.441071,178.190852,314.011261,222.068405
751.506424,186.056895,320.256287,213.965347
752.519897,196.524592,311.335052,227.958054
745.804031,208.073413,328.631409,219.293152
740.741440,220.798053,306.459961,218.243896
740.167114,232.867198,316.557098,223.921036
739.563828,242.583232,327.753662,213.435623
737.972153,250.053912,320.906738,221.648315
742.558365,255.112025,327.242126,213.088852
744.586807,259.797214,319.364319,221.181122
746.716476,261.682506,310.295898,214.697403
751.877762,265.027347,332.881897,213.338654
757.764587,263.727580,326.874359,217.440140
761.944016,263.434070,338.857666,218.401794
764.851456,260.285640,312.798767,221.264572
765.644791,255.522464,295.972717,227.298981
768.517120,250.482432,334.558990,235.062393
773.823822,247.907336,303.708649,228.975281
773.046280,244.560565,294.958069,233.471436
770.192276,243.796336,318.451599,232.299210
779.202072,249.410869,299.563232,234.103226
774.439499,244.627391,307.479614,239.007095
774.932663,246.718570,321.718262,239.788605
772.454819,244.307925,333.685669,236.103302
775.034851,242.771976,293.955414,221.588165
767.966705,238.674136,328.605865,227.707062
768.067856,237.454120,314.591431,235.542725
767.009995,233.160243,292.390015,233.231674
765.844421,228.095286,282.716034,239.082657
767.054871,221.829547,278.274750,237.013184
765.277847,216.267894,284.112488,224.839615
765.742462,208.465693,297.245148,219.989426
771.230713,199.790751,279.401215,223.646072
778.280807,191.641032,266.391724,233.887405
784.235687,184.976901,268.947540,234.159271
785.501526,174.077823,268.950043,241.083771
784.761932,168.958743,266.024445,241.943634
782.524887,162.831836,267.314697,243.778870
783.035141,158.006145,262.433594,248.006790
777.144058,153.268596,266.505432,243.542679
773.215088,149.810847,264.865692,245.579025
765.727829,144.408832,268.166992,241.436401
765.442596,141.475581,265.306183,238.251877
761.411728,137.107608,261.131226,236.567413
761.386078,132.597369,256.857330,245.081299
761.432800,131.204989,265.342621,236.343353
761.556412,127.786235,270.432800,238.761673
763.627594,124.855517,267.990387,239.220276
765.578247,122.347293,263.048309,236.908844
767.467422,120.509944,261.658264,236.082565
769.300919,117.026576,260.706848,234.866684
771.501511,113.836986,265.296021,234.936783
775.159439,109.877063,261.424622,234.350891
777.526978,107.457240,269.069550,235.816757
785.095337,104.041881,264.343353,240.499893
785.511093,103.271510,266.380981,234.940536
794.448441,100.328250,266.025330,235.586456
797.813828,96.947841,268.819702,238.185165
797.346466,94.345637,267.356476,230.849045
798.534836,88.083606,269.547363,238.077209
804.063492,84.959956,265.280945,238.375534
806.940201,82.342952,270.913269,238.452560
806.456390,79.421191,275.168732,230.854065
800.913727,77.316600,274.768463,234.816299
795.949173,76.012218,278.216003,234.946060
792.328125,74.930278,280.804413,231.176712
786.668121,72.425014,277.415436,232.627670
781.553741,71.782138,284.019684,236.498505
780.900772,72.804683,282.136902,230.762375
783.927597,71.142566,275.093994,238.992126
788.607422,74.680804,275.928192,238.888916
788.090317,79.479358,280.207520,238.317444
790.459854,82.813563,280.260315,234.498276
787.683304,83.633250,283.034607,239.029800
788.518539,85.693828,280.949341,229.534988
790.974808,84.617160,276.746521,243.996796
794.433029,84.761455,273.492676,239.943680
790.482208,85.673396,284.314484,228.962570
788.021576,82.136661,278.978790,230.376740
785.216644,80.610629,281.057526,236.574677
782.936127,80.500651,286.653473,228.927444
779.625504,77.786792,280.450012,237.149963
777.573975,77.370234,281.778534,227.842087
775.282959,72.086146,282.335297,228.404037
773.274582,68.450328,283.251831,227.840469
772.363770,66.356334,282.610931,232.382706
771.215607,66.181224,284.797516,226.602554
770.872711,63.153026,279.649078,234.637100
768.138046,63.560237,279.428467,231.126999
767.444901,64.033824,278.076965,233.171768
767.732285,64.645106,278.227661,230.216782
764.294968,64.000140,278.407227,226.426392
762.146927,61.917789,274.049500,233.294220
757.648468,63.900813,274.462555,225.548630
751.915085,65.261981,275.170410,234.233276
740.789490,67.076648,277.361542,226.887146
732.090454,66.774226,276.394745,226.067917
722.547180,65.820796,274.925629,230.986862
709.015488,66.971812,277.340942,228.384048
693.005035,72.226726,283.958771,217.804398
677.974289,81.002795,283.257935,216.524353
666.320145,85.963473,282.418518,216.658661
657.496948,89.622119,284.396698,217.901428
653.711975,96.744563,278.548065,219.537643
652.745209,104.598437,281.390167,218.119812
656.473877,110.465320,286.793549,218.747620
660.389862,115.350467,288.463409,218.954865
662.765976,122.169879,280.957886,224.657837
667.082489,128.846469,282.509674,216.811249
672.369064,133.971545,277.468628,220.223938
676.577271,140.316478,283.855194,220.760391
682.027313,145.367206,280.717316,222.165894
691.775162,151.933543,280.096130,222.113419
698.774185,152.602443,283.632019,227.095688
708.237823,154.953181,279.950348,226.800949
715.592789,163.015758,278.963196,227.016006
715.871002,168.165210,283.271027,223.183289
717.149185,174.482135,283.856506,225.817383
720.647461,184.646678,276.446503,220.226089
722.966644,195.693545,272.019073,215.881866
725.495209,206.726199,269.665436,213.798126
733.207077,215.644885,269.644531,214.715393
742.619461,226.089549,267.770569,210.204117
752.772980,233.327205,266.565948,210.043991
759.999817,240.506679,263.429291,214.777206
767.018005,248.020488,254.824432,208.447220
775.222748,255.746387,260.553741,205.837830
780.693283,262.122859,260.654053,207.256516
782.563942,270.722888,251.281265,204.246277
787.477814,269.696223,243.912506,206.254440
794.612968,273.598437,240.098862,199.848206
800.049637,275.536914,242.959045,197.876770
803.374924,277.780688,246.066406,197.364807
807.081932,274.921870,241.725266,197.103317
811.742989,273.181705,242.060379,198.508331
818.380058,269.244342,250.249130,202.855469
820.387970,262.785380,252.280182,203.412430
824.152031,259.842753,254.303574,199.585648
830.989586,258.522143,254.188278,194.791321
837.430138,254.404773,249.689011,191.616638
843.518799,246.935008,248.750580,193.124039
851.860519,241.348155,247.061157,193.010757
859.219376,236.301410,244.994812,190.435181
863.645889,231.767840,243.361633,190.803467
871.712227,227.021167,240.634354,192.359558
877.878731,218.273509,233.874100,195.326187
881.235596,214.315463,234.535614,190.114960
883.107887,210.887561,230.639420,185.132874
884.727211,207.424251,231.139664,183.032028
884.640892,206.395961,220.849533,180.750107
883.158585,207.446185,222.065613,178.426575
882.424477,208.274730,219.341568,175.474686
880.559479,211.343471,214.157135,173.517014
878.038879,213.008334,214.032257,174.201874
873.769844,213.807399,210.872635,173.996201
868.266701,215.705501,211.155472,174.615097
862.254074,219.578120,209.390137,174.697983
858.482056,223.250773,207.538422,174.491837
855.640694,224.581462,206.255508,175.054886
850.978935,225.857364,197.494858,173.957794
844.243202,226.734347,199.333633,173.618561
838.617920,227.757693,194.440704,173.092133
832.237740,229.111896,192.821548,176.790894
825.429955,228.395297,193.619431,177.887054
818.736626,229.456019,190.378342,177.716110
810.564919,227.727710,191.253922,180.329224
803.332855,225.815349,192.182404,179.954605
796.747948,221.860431,191.669174,182.434509
786.477303,219.174747,196.108353,181.469696
778.542725,214.376811,190.082001,177.632950
770.177765,211.780925,173.539642,177.898941
759.813721,208.159350,180.268158,176.446838
752.165985,202.657977,182.419159,178.010681
747.745529,197.796275,183.299316,170.914871
741.942696,193.192325,156.634720,174.402985
736.110275,190.351909,157.455566,164.736649
730.630325,186.778880,153.583130,163.316299
726.465614,184.540606,151.515823,163.145935
721.320297,182.642863,149.803406,161.930374
718.847221,180.767581,150.395187,163.510590
714.891701,180.223300,153.447159,165.387238
711.585602,178.383731,149.547577,165.072662
708.006012,176.212634,145.345856,165.350525
705.561913,174.838885,145.910385,167.156372
705.334160,176.858996,140.626999,164.042969
702.101387,175.372531,138.183609,162.437653
700.067963,177.584537,137.065460,164.417755
699.047714,178.389285,128.462158,166.796478
696.903900,178.917308,122.334076,167.405594
695.383533,179.174472,118.510857,169.210968
694.763981,181.235614,113.052513,167.786072
694.150814,183.099643,107.958351,165.812531
693.965569,185.715747,104.768845,164.313416
693.449310,187.426784,102.782806,164.479721
693.084709,189.724345,102.804733,167.256790
691.858150,193.200725,102.374672,167.481216
689.552074,196.723506,99.916084,166.873825
687.416882,200.002200,98.297615,169.183014
687.226284,211.251475,98.809425,168.175125
685.687321,221.182216,97.016319,174.886215
681.348850,234.244327,96.523216,172.435944
675.856487,248.319682,95.680794,169.879654
672.455887,257.691005,96.722595,172.325912
672.104622,263.831538,98.240616,174.226425
670.881115,270.160213,100.871773,170.996201
672.538559,273.454761,101.473816,171.523132
679.417847,280.117633,98.452423,171.664551
685.197731,286.842303,96.005203,168.687805
687.736523,284.148852,105.225227,171.616760
691.655842,289.850711,110.584709,169.987701
694.704899,287.235461,100.343224,171.208740
698.804260,283.581332,98.188690,170.973480
702.966110,280.185367,99.339539,172.209686
707.415051,279.160892,100.345772,171.279999
711.145294,277.776530,101.401276,172.496414
714.150997,278.573855,101.814308,172.668732
715.140141,279.597285,103.508263,174.233017
712.114151,281.439830,107.461792,169.895096
710.464241,283.390590,108.651627,171.229843
707.395855,284.410464,110.738106,168.354523
703.763496,285.717952,113.960648,169.881882
701.316109,289.875453,116.364517,166.367294
701.326466,291.692126,116.356438,165.987244
700.800095,295.478717,121.180176,165.738892
704.193245,295.938327,122.974380,169.013702
706.150425,299.515239,121.353050,165.354141
697.552704,300.458453,126.721039,166.289185
696.045479,303.173335,122.946976,168.323166
685.843994,306.514827,130.457733,168.943649
689.480824,307.839351,123.183464,168.461777
679.313850,308.978694,130.162308,171.954697
680.254704,314.015864,125.172630,170.101608
672.724518,317.226520,128.159760,171.127930
679.508202,319.989398,118.064438,173.728577
685.949589,323.226863,106.778099,170.150864
690.081909,322.976527,101.529327,172.654221
691.104095,321.388850,100.198395,176.865768
690.307564,320.119998,102.005997,169.365753
691.369152,322.334308,103.135628,172.923523
688.952209,319.350413,106.413971,167.338272
690.980438,320.424396,106.095856,171.928406
684.686081,315.063762,109.886963,165.700150
681.193405,315.626170,110.727356,168.705521
673.202614,308.088801,114.379349,150.700607
675.365761,304.573367,116.242386,166.578278
677.792984,296.829265,117.342529,162.924820
676.654629,294.716449,119.964088,173.288757
659.511002,290.643847,133.426880,154.584045
666.956158,288.396457,126.108101,153.393219
660.881493,288.648234,132.611618,155.760330
657.960686,286.773822,131.253769,151.688049
654.341759,283.988574,129.485641,159.580811
655.259277,285.191295,123.254425,161.747391
644.952850,286.064563,132.266876,162.484314
645.785248,287.667857,127.896759,153.839310
638.051376,292.125743,131.128357,155.416397
636.575790,296.461490,128.646484,153.904755
627.149681,299.675311,134.432907,157.537048
622.270309,306.151965,135.765381,155.133240
612.764290,310.255115,139.587784,155.803162
621.124054,315.277225,125.560150,158.086700
606.876488,316.139979,137.046188,145.283798
600.143921,319.722926,139.857208,159.027695
614.476883,324.087031,121.656067,154.849167
607.841969,325.165706,123.711479,162.059982
601.614479,326.836604,127.738358,164.677414
611.917404,327.849467,115.609375,164.963882
604.288536,330.953403,119.396225,160.440399
601.237350,333.611049,114.109009,158.960373
596.478325,337.428798,119.677719,158.145004
589.519241,340.029582,123.370667,157.870804
588.784153,343.447597,118.903465,158.418686
585.223328,347.354037,117.162262,150.001434
581.982052,349.488971,114.275795,145.222534
577.558895,350.230136,111.200600,143.908417
580.201241,350.932696,104.840530,144.857422
582.330704,351.042331,101.230774,146.624420
577.902332,351.772525,100.591118,150.334808
571.463089,352.431773,102.297913,151.941971
564.834629,354.671405,103.845848,152.641235
556.892517,357.631816,106.726410,159.208878
553.211395,361.493571,107.174042,159.838455
547.501324,366.446742,108.527046,156.478622
538.695469,368.741549,112.064598,151.472260
536.182812,373.428508,106.783272,149.326920
528.206123,378.116984,109.574417,148.411880
526.152359,382.071269,107.641907,151.799881
521.710590,384.492183,107.493706,145.040024
518.829399,386.160052,104.700363,144.619385
519.738510,388.480304,99.255737,144.006592
516.494324,391.841090,97.424469,141.920578
515.428669,390.409381,97.685905,142.951965
510.893848,389.034572,103.116081,144.541245
512.692520,384.691981,97.114990,148.168503
522.325367,385.757915,85.804680,151.357559
523.338013,384.402293,83.546051,158.725052
522.838524,384.094401,84.757980,158.738602
522.176014,385.671802,84.608330,157.791687
521.554752,385.059344,83.870445,156.517761
520.893452,388.621905,84.914726,154.279663
520.703316,390.510028,85.054947,153.776001
519.138927,391.603328,84.022591,153.299850
516.806053,391.730319,83.360458,154.724335
515.916843,392.039866,82.446434,153.673965
513.375553,395.810802,82.262291,149.712479
511.802567,395.977649,81.910645,151.355286
510.661434,397.052173,82.146034,151.549377
509.732094,396.576045,82.246902,150.540817
511.236069,397.519488,82.039856,149.604004
510.619541,394.584712,81.460411,146.340195
509.658302,391.999469,81.268936,145.694214
506.776402,391.778117,81.384850,147.218277
504.828247,389.904567,80.649506,148.152451
501.151287,388.502406,82.053474,149.076096
500.800369,385.442065,79.649780,153.856506
497.607117,385.607905,80.191254,154.324936
496.065987,385.209048,80.044266,151.408600
494.404213,384.998950,80.189896,152.888184
492.737526,384.032008,80.586868,151.466293
488.929047,383.531611,81.455780,151.608383
486.623619,382.305942,81.655502,153.886139
483.678715,381.368533,81.765831,151.761932
480.724316,379.598147,82.205818,153.833588
478.920319,378.270152,81.264496,152.466446
475.917683,377.986926,81.844963,150.734009
474.318340,378.882297,82.032784,150.552460
472.449959,375.739825,82.352310,150.263062
469.482220,374.728106,83.514534,149.429321
467.583523,373.546702,83.573769,147.804153
468.022770,374.813159,82.894737,144.870728
467.091717,371.392566,83.822884,144.737671
467.597752,372.717120,83.748009,141.210144
469.557812,371.141810,82.742928,141.783981
470.996582,366.374896,81.122284,143.563904
471.691093,363.628367,81.058823,142.144180
473.448647,362.267993,81.106705,140.995300
475.184399,358.497439,81.392708,147.204742
476.510239,355.777637,81.258118,143.152588
479.075329,355.355952,80.388069,139.677231
483.485561,352.536090,80.087502,139.971924
490.636322,349.453639,80.392365,147.125046
501.310555,346.946063,78.860184,144.338684
508.727928,343.672221,79.826462,146.069412
517.924740,337.825694,80.051003,145.440445
528.786068,331.737529,81.009010,143.675980
539.164791,324.863780,81.031837,142.935623
546.811539,320.203494,80.954163,140.248932
555.394394,313.053432,81.782715,140.453537
568.549831,308.437984,81.277504,139.615158
583.145142,305.584056,80.323334,139.407486
598.856197,303.849376,80.315163,136.730545
608.029926,298.543246,82.065727,137.900238
616.413250,294.559604,82.063789,136.983612
624.497780,288.399241,83.323135,137.683121
632.208733,283.939677,82.579758,138.638260
635.144711,280.119388,84.587196,137.105865
638.179859,275.646091,84.790459,138.171539
639.904564,272.156032,86.666672,135.496933
641.657524,269.782580,88.141647,135.890747
641.851841,267.795573,88.886314,137.940201
641.147064,266.216548,90.023102,138.236862
640.137718,264.212955,91.446701,139.903534
635.030037,263.704356,94.548294,138.222000
628.805973,260.245044,97.846214,138.680908
623.935169,258.169124,99.958549,138.540451
621.230175,255.963283,101.153023,139.975571
615.680817,253.111270,105.274689,142.422699
615.356525,249.668452,103.276360,142.282150
613.588516,247.292804,104.632385,142.924133
614.299114,245.991405,104.357307,137.021683
615.840340,244.886256,103.498856,139.201096
615.564423,243.368403,103.639557,142.149521
616.452644,242.647426,102.728836,137.564072
617.578114,241.254077,103.429863,138.288330
618.132362,240.071040,104.902176,141.943954
623.031944,240.586482,99.637924,138.357407
629.023586,239.298923,97.272377,137.803314
632.031422,237.221072,96.827751,141.740448
637.611053,237.448443,93.785431,141.547913
644.373207,236.286273,88.307083,141.706360
644.601627,239.841228,89.808189,137.977432
646.771484,240.781688,88.876678,137.585464
647.338104,241.188693,89.370636,139.559967
651.120449,242.770663,85.438515,139.050934
644.076488,238.735202,89.821175,139.240448
631.035175,236.405948,95.577202,137.571014
629.864624,234.679736,91.161224,136.501343
627.132969,234.299472,94.580894,135.432953
626.982224,232.437572,95.702881,134.574112
622.517521,231.397517,97.850914,121.353561
619.900375,225.279960,100.303833,120.933525
622.526653,222.241225,97.688972,123.413765
621.433582,221.182998,99.530937,125.169075
615.741882,218.033862,102.339142,129.963867
620.349136,213.505687,98.419983,133.814163
617.933903,212.615653,101.992638,126.323235
621.113850,211.455157,101.153984,135.964478
621.309830,209.504764,101.762207,140.534393
620.953697,208.293712,103.264511,139.687576
623.144054,208.008525,102.672615,141.386734
628.926460,211.044566,98.740189,140.086807
629.044521,213.118045,99.250465,137.320404
632.017227,215.963382,96.360596,134.360992
641.690369,220.140933,88.702423,131.112396
648.352989,225.233760,85.433151,131.137741
648.028999,232.223697,88.729996,128.266449
654.942917,237.581683,82.453003,134.715759
653.371132,241.591510,87.315140,136.996338
655.643024,244.058658,85.327202,135.075775
658.426109,246.582828,80.137619,138.673798
659.947342,244.074763,77.364319,141.970444
658.093773,243.275203,77.806381,143.934372
657.653671,244.742473,77.340027,145.246841
661.161697,244.963374,77.372986,147.077744
665.835510,245.839366,77.908356,146.147354
672.301754,248.185916,78.471718,146.522552
676.545082,247.583835,76.576248,143.029266
678.540291,247.446910,76.261185,144.024857
681.459667,250.058230,76.412971,141.537079
682.866390,248.919856,76.308937,143.034409
682.762962,249.407565,75.699387,142.559418
682.082943,248.684550,76.488441,143.050613
683.064865,250.064715,76.546570,142.922424
682.936874,249.441066,75.980225,141.168442
681.420326,248.760898,75.288406,141.653107
678.729572,248.293559,76.119438,141.131058
677.061783,248.049090,77.694336,141.619446
676.192455,246.793338,78.524971,142.434967
672.771862,245.124331,80.913765,142.061554
672.104706,243.080829,81.313385,141.943115
671.365070,240.248340,81.545036,142.810974
668.479874,237.970485,81.204712,143.783371
665.682251,238.234668,80.022491,142.649231
664.660706,237.970218,80.473236,143.043488
664.178802,239.342624,79.749786,142.842010
660.171024,238.708323,79.463280,144.166214
655.557537,238.959033,79.341438,144.613037
652.541138,239.796161,79.449615,143.882507
647.595188,238.632518,80.784935,144.670609
642.194386,238.486270,82.697014,141.951447
636.159492,236.944468,85.051407,140.458572
633.236763,233.690097,87.925308,143.095123
637.150185,232.607936,82.463211,145.022873
633.468739,229.037646,83.541069,146.778687
632.114799,223.535693,83.263107,149.439270
630.681530,216.109851,83.663033,149.971802
630.972847,206.781955,88.521378,154.348907
630.960239,198.154231,89.448875,156.646774
632.762432,191.313090,91.800484,156.829788
633.641788,184.964107,94.764183,157.190536
636.930439,178.330401,94.863518,158.130981
638.057331,173.958835,95.318169,159.709808
638.036694,174.303760,98.430794,156.730286
646.169994,174.058650,93.237801,155.062119
650.342587,169.907649,92.188759,155.091232
655.413342,173.600093,90.273079,146.835983
660.618549,175.407672,87.391594,149.223145
665.140255,170.734256,86.689491,150.711273
662.484627,160.974154,91.704483,157.802704
666.464272,144.684909,95.328323,160.737152
660.502842,125.582637,112.075890,182.031784
677.215691,111.803569,103.701218,194.723160
681.629875,96.222239,114.751633,198.833633
692.419537,84.075191,118.366463,203.200851
697.413872,70.418498,143.702072,195.834976
703.241508,67.880862,144.461227,186.814056
717.203926,61.701709,162.298660,194.752136
731.490448,55.847751,153.699188,223.227570
755.890961,57.684344,137.351654,218.694763
760.637253,58.793216,133.752502,226.238007
769.622532,61.988330,124.984642,225.073853
783.801800,67.745234,115.367989,220.273300
807.298851,75.117114,100.684433,215.921265
828.689922,84.141818,88.841805,203.016205
835.590313,93.684199,92.351143,186.465378
838.509804,106.734691,96.464737,170.643387
849.048279,113.395373,93.555939,162.011536
862.986919,117.504428,85.404976,155.136261
870.131836,119.780688,88.719879,151.166199
880.452644,125.756251,95.570938,157.549606
880.336376,130.738864,95.969795,156.770599
884.908695,136.589282,91.353111,158.667419
888.521053,142.193011,90.052895,159.829773
884.025978,147.069659,97.510818,157.410156
880.981663,155.199077,101.581993,132.510025
878.749847,158.190036,107.154205,149.857697
877.683670,165.987124,112.320862,141.389191
881.025620,169.537570,113.914307,142.972076
887.254501,171.643352,114.929932,144.691605
888.847527,173.337085,115.946213,147.254822
885.104034,157.491076,118.390900,163.975037
875.661667,141.957973,129.436584,185.922409
862.592201,126.323802,145.359207,199.032852
855.471222,125.598750,157.019379,194.363632
851.743546,120.116542,166.570740,189.048630
848.135780,116.771502,169.057571,179.385376
848.946175,113.439197,168.408401,178.067749
846.381584,112.018764,174.787643,183.592453
845.146385,112.537326,173.624008,185.158051
847.454445,116.394237,175.560196,191.559097
849.506561,119.041606,177.704132,189.855545
850.774811,126.346438,175.711761,186.300568
850.407288,131.310840,185.970184,174.472412
845.926300,136.129916,192.507599,166.379669
842.829483,142.214313,195.192993,158.708008
841.863754,148.159465,192.002747,157.676529
835.437416,147.781955,192.341385,153.311676
828.591766,145.520900,197.533844,154.025620
817.037552,143.675113,190.635803,157.614899
809.015419,142.303981,187.466446,160.283310
803.821945,141.763354,190.697815,156.355713
801.535973,145.641429,191.026962,150.225296
792.158493,146.441386,187.067749,140.434891
783.689125,147.198024,193.767105,132.907822
769.754189,144.595614,199.593155,133.898041
755.396423,139.330813,200.177765,135.467133
753.810005,139.738944,197.189590,126.725700
754.431137,139.607135,181.229187,122.802002
756.966286,139.345817,174.064163,120.135979
753.017395,132.552409,157.183929,124.506058
747.944611,124.970351,163.597687,125.896980
739.249329,98.437839,179.383453,129.557770
730.396927,77.985995,172.313477,149.718903
724.087593,57.199473,161.733597,172.198746
721.528809,43.332316,153.289459,166.235306
715.063904,29.227969,161.904388,163.728119
710.870262,20.181834,168.486252,149.599930
709.043037,14.039554,160.830643,154.344208
707.302948,13.338145,140.801788,160.563065
706.456581,11.345210,129.412674,163.266281
699.924145,12.769580,127.889290,157.690308
697.378502,13.684093,133.788620,155.443619
695.626534,15.238231,143.930130,148.006729
688.330025,13.753390,155.729080,139.322174
687.618317,12.790286,160.359406,130.296051
688.098946,19.173236,163.562576,134.037781
685.793762,22.923823,172.758759,150.979172
686.117607,31.656970,175.234848,138.635071
686.859634,35.949077,179.474731,136.987198
692.147018,45.427352,170.622253,122.363472
694.231560,54.247249,170.633957,110.339767
689.682442,52.307246,167.273697,110.637375
682.470627,42.985763,164.551392,123.234932
673.155792,31.510348,155.492828,129.825470
664.310913,20.986819,157.824432,135.599640
656.045837,11.233378,163.556183,130.877029
649.825027,5.475410,155.163452,110.221764
647.537056,0.000000,141.047928,114.853122
638.752796,0.351930,124.815056,126.363739
625.140026,0.000000,114.676094,147.851182
607.903648,0.509209,135.808395,168.003967
597.078835,16.056184,90.988663,159.961044
566.779583,11.306679,116.181404,169.452240
564.379414,16.426728,112.625420,162.043991
558.272053,40.497765,105.058159,129.224426
557.143620,58.773015,100.206261,111.559364
543.708721,61.844033,126.350349,111.203033
529.489662,66.901845,130.314713,101.630989
516.497353,67.311433,140.580338,109.726547
508.725166,46.776147,147.352982,128.597900
500.145348,64.034417,156.100876,108.037537
493.648148,69.362900,163.167114,102.023331
489.029785,64.772752,171.586884,103.544754
485.238388,73.192193,176.854370,98.999756
485.846382,72.090016,176.679642,98.992012
482.281303,77.146954,178.904953,97.183311
480.223526,79.200810,177.833984,98.157692
477.886429,81.734803,178.058472,96.863266
472.062721,82.156529,182.724258,98.939125
471.383949,84.257245,182.617325,98.602440
473.373734,87.420972,182.041931,97.200096
472.757706,88.642106,182.380310,96.762833
471.373596,91.418652,182.743500,95.013817
473.505028,95.268895,180.957748,94.399208
483.955605,99.954316,176.589127,94.402817
491.172066,106.280732,178.479568,95.280869
498.670258,113.186303,178.160187,94.893860
497.147598,117.299271,181.315369,97.206253
496.740891,121.324605,182.098389,96.469002
498.371185,125.683095,181.776703,96.180794
502.172302,128.677998,181.898041,96.882515
504.277336,132.797581,183.014633,96.726845
508.614250,135.503640,182.698044,97.206696
514.388481,137.076436,181.095505,97.147652
513.502136,138.049824,183.791962,97.705879
515.554794,139.722275,182.038513,97.574539
517.214020,140.755761,179.849579,97.711731
514.773010,140.850526,181.626556,98.857407
513.271111,141.075097,182.779770,98.851746
512.606956,140.760297,184.246933,98.578758
511.086166,141.151829,185.177551,98.157570
508.408218,140.179898,187.098694,98.428337
505.406250,140.461415,185.799591,96.936836
502.705193,140.323430,185.219772,94.110878
500.891624,140.036034,184.204330,91.805847
501.531136,143.727834,186.101028,85.528877
507.780006,147.396363,183.714920,91.334946
516.587700,154.328004,182.132919,91.395981
522.742760,160.289189,180.047165,90.822243
523.485909,163.887967,179.734268,90.628838
523.376221,166.677430,181.645782,90.455124
525.327202,170.662953,183.083176,89.795479
526.947960,171.355000,182.849106,90.135506
525.198135,173.204991,184.592957,88.659584
525.732735,174.265519,186.573685,88.293594
527.250237,176.467221,184.383102,86.891350
527.971687,178.093186,181.707352,85.437393
530.699593,178.878999,180.142044,85.388962
532.402878,180.872525,177.864685,84.732597
532.062950,181.170171,174.618332,86.754677
533.455376,181.764130,172.005051,86.130051
534.403580,183.276349,169.803528,87.308311
532.146263,183.049676,167.008896,89.671570
529.746696,182.629842,165.281357,91.204903
528.725197,185.557965,165.548355,91.497581
527.428986,188.754658,165.849701,90.714058
525.091339,192.643075,165.098969,90.826752
520.702660,198.428456,167.293869,91.089973
518.939362,205.109837,165.086945,92.937111
514.279846,213.329964,164.188385,94.252045
507.447151,221.974736,164.726822,93.841713
498.223938,228.466756,164.063995,92.727730
487.485573,234.036671,166.881058,92.112434
478.712189,235.859795,167.363068,91.518555
470.640961,238.688359,167.554352,91.142860
458.960121,240.746545,164.541275,91.952881
437.361404,241.302476,166.176453,91.929398
414.099167,242.033028,169.077881,92.413971
397.349533,241.611882,170.434204,96.002907
384.999336,245.269704,168.656021,96.964241
363.393227,252.003285,170.520096,94.775887
334.795692,258.316613,171.723099,96.944946
309.220161,265.762944,172.652969,98.397499
287.956337,281.304826,172.203812,96.026505
264.607780,292.520722,173.397018,98.246872
239.439125,307.223260,174.581131,97.676331
217.139633,319.004075,173.518982,97.984512
195.045593,330.908261,174.161896,98.217461
176.339737,340.187531,175.351929,98.987656
155.462646,350.736966,175.979462,97.594292
134.632820,358.149644,176.092972,96.785599
109.088631,359.184159,177.693253,99.088760
82.324081,360.312302,178.745300,99.332352
53.184837,362.665936,181.066513,100.618858
