266.000000,202.000000,27.000000,62.000000
267.982265,201.368610,26.670082,63.264519
270.289371,199.793139,27.602732,63.308910
272.368017,199.845066,27.728947,64.124763
274.290880,199.278938,28.236141,63.658844
274.848144,199.239893,28.051592,63.389217
276.709743,198.193913,28.886805,63.306206
278.724063,196.024334,28.195765,63.006020
280.262926,194.183910,28.560802,63.129906
281.029885,191.407045,28.638838,62.548458
281.185804,188.182140,29.485828,62.954018
280.547994,187.525627,30.312674,64.178619
280.659977,186.083626,29.681465,63.601562
280.761320,184.652517,28.709949,63.781635
281.156891,183.006344,28.780472,63.951637
281.737213,182.823681,28.387329,64.572182
282.231041,181.847031,27.955322,64.357178
281.450229,181.780743,27.935770,64.694054
281.928456,181.190514,27.607336,64.594879
281.669145,182.350594,27.435713,64.687485
281.686920,182.467739,26.912033,64.214317
281.965393,182.030989,26.601135,63.674259
281.793303,181.723993,26.149586,63.305935
281.284442,181.929075,26.424616,63.663044
281.870341,180.742208,26.685968,63.671680
281.927790,179.848614,26.008617,63.761421
282.336825,178.695593,26.353006,63.739674
283.310790,177.642101,26.098070,64.362099
284.123039,176.993092,26.111115,64.200066
284.086108,176.242542,26.162333,64.545784
285.407714,175.143787,26.201662,64.472130
285.872149,175.251389,26.785303,64.854691
287.310865,173.851982,27.594913,64.842346
288.830995,172.812321,28.079832,65.209145
288.809416,171.901432,28.540455,65.685829
288.739392,171.694801,28.336798,65.761642
289.471451,170.205772,28.655731,65.095932
289.663714,168.995071,28.888254,66.015945
289.200793,167.671898,30.142420,66.085892
290.676419,166.475620,30.170614,66.334557
290.792841,165.013832,29.555996,66.822617
290.947360,165.250313,30.097361,66.974411
291.787566,164.540478,29.824358,66.899925
291.634253,163.409073,28.882603,66.786423
292.100780,162.744545,28.571955,66.325958
292.049645,162.339157,28.405378,65.997604
289.708473,161.993511,29.271774,65.820396
291.087821,161.725773,28.849062,66.145164
291.109612,161.838268,27.440933,65.763680
291.317439,161.187935,27.356684,65.739548
291.731596,160.311596,27.024998,65.466515
291.044845,159.565994,26.756304,65.367081
291.321407,159.204998,27.214821,65.676277
290.889359,159.059231,27.150236,65.653648
291.088686,158.151237,27.445080,65.879745
290.282949,157.223633,27.346775,65.911285
289.762337,156.397087,27.650711,65.967484
288.469875,156.008919,28.248390,66.126328
289.000703,154.628197,29.116041,66.052246
287.961136,154.366425,29.177124,66.313568
288.563803,153.459774,29.715977,66.681648
288.931498,153.643948,30.509518,67.069023
288.409919,152.521149,31.200594,66.921906
288.954307,154.233578,31.637560,66.886604
290.163691,154.301296,31.406307,66.377739
290.316135,153.905689,31.242882,66.685478
290.633438,152.744747,31.321548,66.528114
291.069277,151.706478,31.339993,66.173241
291.720685,151.927269,31.354559,66.739960
292.450767,151.855984,30.668871,66.479927
292.557124,152.176815,29.523294,66.401512
292.837067,152.322861,30.049683,66.543472
292.570022,152.181080,29.064028,66.192818
291.954452,152.898983,28.900988,66.147804
291.463154,153.342255,28.462379,66.804489
291.303827,153.965603,28.124783,66.498299
290.846078,153.590973,27.306425,66.502975
291.252852,153.795628,27.639269,66.591240
290.062984,153.862518,27.265055,66.236374
289.606543,154.406750,27.640934,66.719215
288.417030,154.073467,27.998291,66.849693
288.101843,154.016594,27.971622,66.659012
287.682098,153.656860,28.643890,66.386032
287.055442,153.372276,28.851412,66.619720
287.963122,151.888340,28.800440,66.846291
287.880704,151.193123,29.960562,67.527832
286.700886,151.203403,31.960930,67.849129
287.885860,150.910854,31.142265,68.300728
288.370804,151.877495,30.880646,68.055328
287.989618,152.243126,31.221539,68.040817
287.609590,151.682060,31.850447,69.422501
287.618339,152.789043,31.386156,69.092476
289.431040,152.222015,31.133358,68.651978
290.162397,151.861454,31.125843,69.041389
290.128243,153.360142,31.352049,69.244698
290.950182,153.345638,31.069012,69.208183
291.479457,153.447674,30.496927,68.954704
290.760132,154.294590,30.308990,69.179115
291.483270,155.240139,30.642836,69.055687
291.516337,155.272621,30.259394,68.611923
290.229080,154.184357,30.630692,69.018723
290.148087,154.313541,30.869003,68.765495
291.296887,154.645756,30.306250,68.642174
291.410528,155.679939,29.856907,68.356369
291.353728,155.743031,29.520922,68.154716
290.432700,156.058876,29.622255,68.685165
291.334233,156.595337,29.071585,67.837753
291.339882,156.384663,29.167526,67.870308
291.541738,156.628788,28.753149,68.498573
290.899498,158.079811,28.309326,68.661270
290.247052,159.741558,28.259359,67.996925
289.979474,160.478363,29.380316,67.968552
289.126092,161.488705,29.684278,67.704521
290.219628,160.827606,29.287382,67.186020
289.152898,161.216629,30.283804,68.407257
286.332424,161.823502,33.329964,69.684204
249.431078,199.898663,52.388882,100.296150
250.964302,200.559910,51.401016,99.768425
252.138426,200.562088,50.182590,100.575226
251.928846,200.322445,50.438114,100.705391
252.211855,201.003235,50.443966,100.183624
252.926615,201.173752,49.616161,100.250763
253.160099,201.657291,48.669853,100.823418
254.384090,202.898838,46.603676,100.383720
254.513630,204.250031,45.367271,100.254333
255.289923,204.563934,45.167988,99.975403
254.630823,205.331291,45.079845,99.420242
254.081718,205.184029,44.970200,99.057358
254.308468,205.059635,44.212532,99.125999
254.945869,203.905807,44.190689,99.156708
253.711729,203.693806,45.230534,99.191460
254.452265,203.541470,44.815166,99.336342
254.313078,203.712097,44.461521,99.910583
254.127069,202.595165,44.816540,100.488045
254.203842,201.718987,45.031219,101.489182
254.896103,201.893108,45.039612,101.693031
255.032907,201.793140,45.553112,101.998405
255.309641,201.687073,45.653179,102.181732
255.914869,201.534611,46.306614,101.613792
255.545208,202.670067,47.720345,102.275925
256.606285,203.114967,48.136307,102.786697
255.680973,202.536057,48.444206,101.802490
256.678167,202.956306,47.517475,101.474319
257.496983,201.978966,47.150505,101.532150
257.093281,201.783287,47.181755,101.562943
256.762682,202.310333,47.584408,101.045349
255.981730,202.213802,47.404858,101.063576
255.104446,201.815727,47.758240,101.244492
254.475389,201.561443,47.273220,101.256569
254.578814,201.332870,47.251736,101.101532
253.908422,200.021587,47.469685,101.688637
252.199024,199.291096,47.790062,101.483086
251.149597,196.119957,47.519501,103.781631
250.373112,194.684074,48.199303,104.514572
248.867426,193.528553,48.710857,105.821251
248.806976,193.155170,48.507629,105.355583
247.256353,190.066551,49.910969,109.007980
245.135637,191.285862,49.820553,107.635612
156.910076,180.091373,39.282158,86.191887
156.696424,179.946995,39.746876,85.525230
155.659016,179.572716,39.595222,85.459183
155.809269,179.759808,39.611214,85.068153
156.109873,179.200535,40.013790,85.938774
156.008999,180.111382,40.866570,86.112045
155.356220,179.009861,41.381660,86.310600
154.717510,179.056862,42.932762,86.621292
155.213285,178.948277,43.123890,86.552544
155.261147,179.683437,43.386169,86.415047
156.476498,178.667145,44.059319,86.971710
155.645319,177.588566,46.834286,87.183311
156.261580,177.353153,45.579823,87.122704
156.377361,176.463505,46.028587,87.142906
156.209854,175.359146,45.703384,87.552338
155.762947,175.891827,46.279755,87.792000
157.199812,176.572029,45.897694,87.402573
157.104687,174.705906,44.916069,87.670219
157.322039,174.800861,44.162212,88.061607
158.700401,175.043045,43.750214,87.608948
157.620691,175.076057,46.227444,88.009232
158.343060,174.916374,44.961143,87.925491
158.216381,175.291542,43.673027,88.151993
157.462147,174.292198,43.066414,88.470535
158.380453,174.693810,42.238438,88.015884
157.227375,174.224197,41.399147,88.440796
157.711163,173.917976,41.584251,88.418442
156.743465,174.059448,40.810020,88.332397
156.420231,173.420231,40.076515,88.295219
157.243185,172.625355,39.914188,88.622124
156.827888,172.734715,40.320953,88.864342
156.321722,172.263405,40.717319,89.229263
155.940155,171.443977,40.897049,89.507828
155.907928,171.503159,40.632858,89.466980
156.232588,171.715878,41.250629,89.470192
156.223860,171.309586,40.819141,90.031250
156.077059,171.135498,42.872051,89.996460
157.051971,169.824306,43.839890,90.094215
157.685331,170.867954,42.689625,90.542290
157.240864,169.563530,44.060677,90.463028
158.310141,170.323586,45.687931,90.169235
158.363586,170.857670,46.571884,89.936943
158.985298,171.068367,46.229950,88.702042
160.136412,170.879059,45.882771,89.759399
160.490545,171.246971,46.858158,89.250107
161.068108,170.742073,47.020264,89.320816
161.285658,170.434597,47.357929,89.364357
161.136255,170.209091,49.815121,89.991486
161.490818,169.199013,48.782051,91.178665
161.154125,168.865906,50.521904,91.839264
161.453840,169.659534,51.437275,91.564445
161.533188,169.726933,51.500168,92.333672
161.110981,170.032654,51.580299,91.766602
161.751980,169.234402,49.395195,91.276192
163.338398,168.892799,49.035591,91.333725
163.308147,169.300583,48.891533,91.834686
161.066744,170.410583,54.950451,92.998688
211.641090,180.917564,47.463470,109.567642
211.448606,180.886467,47.678455,109.744766
211.430010,181.403255,48.068035,109.408150
210.391838,181.464729,49.032867,110.219925
209.788956,181.329693,49.254898,110.126839
209.868519,184.276459,48.811012,107.588470
209.971018,182.759296,49.044216,109.422050
210.503004,182.991043,48.297626,108.253235
209.928535,183.547096,48.252991,108.030136
210.143950,184.218052,47.589375,107.521660
210.264479,184.782394,47.784107,107.762421
210.230061,186.302395,47.591774,108.255135
210.255899,185.452625,47.458950,108.906487
209.800333,186.081570,48.261959,107.911812
211.001513,184.331566,48.327282,107.586960
209.119562,182.839920,49.148830,108.840210
165.175306,169.241146,42.359241,93.559151
167.020052,168.351887,44.724438,93.297539
166.938066,168.235886,45.092693,92.692749
169.909746,168.104774,46.677410,92.225815
171.290789,168.373318,45.065044,92.786781
173.073084,168.607853,46.735622,92.542900
174.479298,169.713062,48.786720,91.863396
176.870123,169.605999,49.748722,92.860176
177.561827,170.589199,53.433033,95.239723
179.644028,171.046272,55.833176,95.685684
210.756025,179.739555,49.362385,109.234299
212.845261,179.510799,48.235703,108.960915
213.294079,179.016350,47.612206,109.575333
212.665949,177.201008,48.021328,110.901817
214.838982,180.080723,47.403259,108.427330
213.094358,177.499981,48.432514,109.976021
214.292458,180.948387,47.410065,107.237686
214.298767,180.051365,47.446732,107.848839
214.230022,180.628052,47.557487,107.192596
214.031664,179.302372,47.291973,107.278099
215.417978,180.826836,46.549374,106.992691
214.648542,178.304291,47.173450,108.313843
213.953505,179.738525,46.986347,107.964569
213.301895,179.825672,47.370621,107.130730
213.473410,178.067890,47.160069,107.775108
212.118805,178.472580,46.198959,107.389923
212.312258,177.404697,47.669506,107.875511
210.931782,176.434464,46.390785,108.638519
210.005480,175.718563,46.338940,109.663246
209.172125,173.378002,46.371403,111.556618
205.776171,169.285713,48.078045,114.781418
201.113152,164.753414,49.919342,116.170418
204.057205,166.992779,47.332169,116.078773
189.018396,161.666416,50.660000,110.303673
185.650347,163.773746,49.857067,104.366997
187.282589,163.557510,51.998070,110.621094
188.854958,163.496357,52.678986,115.315147
188.489519,163.681278,56.948132,121.219261
188.952999,164.142422,57.460533,121.126350
188.460318,164.570873,58.306461,120.867073
189.117502,165.658615,58.805660,120.032715
190.385246,166.598961,59.538330,119.376450
191.685249,167.054729,58.808380,118.706703
191.623863,167.233562,57.840790,119.332741
191.021151,166.911400,57.875683,118.469589
192.715155,166.977276,56.533695,120.065987
193.712698,169.690174,54.242405,119.524101
194.644785,170.991123,53.157833,118.548668
194.799776,169.990547,52.400982,119.116379
194.853546,169.272018,51.738846,118.433350
195.145647,169.986496,51.386242,118.840088
195.088062,169.104473,52.281746,117.805733
195.394611,169.320354,51.081581,117.334419
196.168921,170.663773,50.218235,117.236694
196.715263,171.339050,49.769440,116.578033
195.739870,171.884521,50.280193,115.622925
196.127161,171.221386,49.998074,115.901985
195.384340,172.034515,49.543011,115.511841
194.989870,172.345753,50.324627,116.706322
195.449459,170.712952,50.749870,117.694000
195.604904,171.434074,49.716415,117.283798
195.269096,171.190914,51.208618,116.684029
195.480881,171.036175,50.150131,117.133522
194.571701,173.006420,48.862381,114.886848
193.191793,174.616257,49.485600,116.216980
192.981524,175.642319,51.119274,116.430023
191.542435,177.330090,51.698074,115.386757
191.077820,176.399853,53.452652,117.020515
191.563904,176.658840,52.695694,117.585976
190.632664,178.083611,53.634621,116.271500
188.598385,177.699314,55.492302,116.188072
188.497343,178.393353,55.967854,117.649513
187.798769,179.127151,57.397259,117.565521
187.179968,180.231743,58.086033,118.129990
186.354467,180.234711,57.032078,117.610443
186.163710,183.550644,55.120075,116.356812
186.968733,184.504860,53.725056,114.689713
187.670921,184.992104,51.394745,113.928574
184.368261,184.790707,53.547550,113.619728
183.457729,184.199791,53.675011,114.185501
183.403341,184.412678,55.296360,114.480309
183.432327,184.558414,53.490097,114.896111
182.406456,185.650509,53.859833,114.653358
181.132536,186.168568,52.971851,114.026451
178.764521,185.736782,53.185848,113.217567
177.930433,186.210339,51.827686,112.836830
176.944250,185.539474,52.998386,112.974915
174.146971,185.082790,51.945484,112.733925
172.136908,185.331310,51.477329,112.865028
169.659140,184.274506,52.438999,111.815308
167.216341,186.022621,50.884533,112.846695
165.437687,187.285545,49.967049,111.588577
166.374331,187.652096,49.929699,111.557869
163.483088,188.243214,49.798885,111.178337
160.517025,189.184208,49.478294,110.641380
159.466402,188.061790,50.166821,110.554428
158.366968,186.012177,50.710964,112.277954
156.442705,187.036011,49.249462,111.571564
155.756540,187.553883,51.470608,111.991325
155.295237,186.796040,50.852200,112.323021
153.335766,187.599327,49.626549,111.375046
151.247707,189.249901,51.264000,110.530716
149.587923,188.305931,53.356426,111.234818
148.953062,188.225357,53.168476,111.306213
148.783070,188.638294,53.740791,111.387962
147.102222,188.187180,52.883064,111.571899
146.252554,188.709267,53.675388,111.612228
144.893764,187.371780,54.980614,111.907745
144.352743,187.991142,53.334232,111.369125
143.058229,187.052315,55.819073,112.249161
142.494583,189.608192,52.973373,110.544724
141.709213,188.767616,54.183975,111.501541
139.964893,187.924171,54.784004,112.572708
139.271103,188.207233,52.974472,111.619774
138.817488,188.709965,51.848652,110.691338
138.250694,189.615650,51.333099,109.429649
138.208576,189.559624,51.055763,109.828751
137.781542,189.547085,50.241405,109.854042
137.482687,190.162975,48.784245,109.247017
137.084808,189.443913,49.123032,109.431664
137.068020,189.504444,48.366478,108.899864
136.017941,190.077637,48.912102,109.182983
136.722563,189.425419,49.395527,109.033806
135.897514,190.239719,48.602173,108.422020
135.086885,189.274410,50.557446,109.281136
136.018917,189.376221,48.609917,108.684418
136.430054,189.402058,49.268814,108.131737
136.126978,189.203434,49.893764,108.212639
136.492052,189.728569,49.290020,108.044235
136.426636,189.487633,49.881821,108.178543
137.141304,188.305523,49.711090,108.135811
137.258621,188.670883,49.286209,108.113190
136.880526,189.147755,49.557507,107.850700
135.933805,188.846306,49.793751,108.279678
135.966848,188.802261,49.116520,108.331177
135.515589,189.088055,49.265133,108.556374
135.157887,188.619335,48.990944,108.902901
134.072037,188.023022,48.994339,109.118477
133.639135,187.752377,49.162540,108.535225
133.744654,187.861958,49.268642,108.489677
133.929417,187.956573,49.108284,108.507538
133.068424,187.751884,49.106667,108.174911
133.101059,188.220959,48.897354,108.434090
133.046391,187.914673,49.020638,108.757599
132.539392,188.303112,49.277035,108.997780
132.822382,188.144779,49.536526,109.025749
132.699400,187.626160,49.129292,108.790924
133.014511,187.896420,49.929947,109.112923
132.643110,187.503887,52.739033,109.632851
131.898651,186.374550,50.278030,110.160416
131.679459,185.873260,54.367447,110.754944
131.227320,185.533459,49.656521,112.079201
131.704653,185.541176,50.077038,111.198776
130.876242,185.766331,50.586246,111.582481
131.127331,184.606857,50.763664,112.348419
130.120651,184.153809,51.232895,113.056580
130.641127,183.891563,51.057331,113.663986
129.938774,182.864468,51.689423,114.881172
130.311117,183.316204,51.288151,114.755806
130.833649,182.334568,52.174484,114.869225
131.004770,181.978809,52.282925,115.706444
130.682274,182.376965,54.702972,115.902382
130.732307,181.397820,53.539856,115.965958
130.797939,181.871590,54.596825,116.235672
130.926260,181.623596,54.852848,116.531769
130.851841,181.190426,55.761024,116.324654
130.757887,180.390953,57.074879,116.998764
129.523363,181.207966,59.248394,116.385674
129.840734,181.317581,58.562992,116.414703
129.170677,181.124454,56.681152,116.178246
129.706503,181.310463,55.482975,116.287430
130.487068,182.092445,54.612122,115.787979
128.965246,181.643295,55.087772,115.651917
128.524937,182.610016,53.860786,115.079315
129.389200,182.921955,51.411037,114.674583
128.938156,183.712627,51.972702,113.067055
128.758286,183.761963,51.663376,112.993286
128.363720,183.180687,52.281853,113.420486
127.263334,183.079926,52.809132,113.823669
127.118971,182.978603,52.649433,114.065468
127.924707,182.751514,52.475307,114.315086
127.224024,181.853134,53.711452,115.002594
126.344339,181.586235,54.397945,114.990128
125.953026,181.410324,55.225616,115.653046
125.644564,180.637802,57.753551,116.707367
125.221893,180.678207,58.229935,116.749542
124.281708,179.160885,59.444168,117.396919
124.207548,179.446915,61.196918,117.941223
123.797506,179.474361,61.137760,117.806252
121.710882,179.466152,62.569279,117.786263
123.149158,180.010033,60.564552,117.760330
121.934229,180.241940,61.488369,117.480171
122.057089,180.025017,61.458286,117.346909
121.405388,179.666473,62.935486,117.300873
121.227949,179.935726,62.011585,117.312569
120.114796,179.510578,65.164009,116.631371
120.661957,179.552967,64.001450,116.486076
120.205376,179.584763,65.793243,116.327332
121.220848,180.272411,65.828369,115.931343
119.310837,181.263618,66.633041,115.065872
120.839478,181.371788,65.114273,115.241653
121.209728,181.503796,64.978294,114.990273
120.645370,182.467518,66.251877,114.870476
119.687305,181.931274,66.333076,114.465912
120.015751,182.010803,65.266945,114.571716
120.136486,181.666233,64.395714,114.470573
120.704641,181.675541,63.163578,114.984520
119.753868,181.425358,64.016815,114.883141
120.359989,182.524399,62.546394,115.127136
120.104355,181.757114,62.594406,114.742241
120.099325,182.585098,61.521244,115.106720
120.444534,182.514317,60.425613,114.759178
120.272554,183.399239,59.984356,115.204330
119.940796,183.131062,59.274277,114.266594
118.674709,183.857994,57.781364,114.749252
119.078127,183.792503,59.241680,114.284897
118.324585,184.571568,57.624557,114.195732
119.635391,184.640720,56.449081,112.951195
119.058481,185.377075,56.321682,113.092621
119.782248,185.345505,57.750217,112.702881
118.418087,185.572315,57.484276,112.814873
119.267826,186.540600,56.981667,113.206490
119.502453,187.090820,56.692131,112.222870
120.901854,187.010441,55.943745,112.421501
120.778004,186.944153,56.792274,112.543915
120.221289,187.606758,55.664463,112.609970
120.881145,187.510242,54.809563,112.735832
121.240759,187.817261,55.030308,113.258270
121.021395,188.005703,56.449902,113.298775
121.409813,188.116756,56.699432,112.741371
120.336124,188.833324,56.847542,113.561806
120.862690,188.281528,56.321938,112.861290
120.778820,189.148117,55.843193,113.652649
121.872511,189.774639,55.892994,113.470772
121.886927,189.091560,55.856045,113.057327
121.019749,189.007099,57.003090,113.061729
120.566532,188.827114,56.602669,112.902565
121.116186,190.027241,55.911961,113.286430
121.489586,189.591064,56.882935,113.197479
121.205256,190.490780,56.667507,113.584694
120.402954,190.593136,55.729874,113.051430
120.801359,190.382057,57.032063,112.789536
120.811596,190.438908,55.943443,112.700462
120.409071,190.661442,55.281605,112.755699
120.323336,190.469948,56.134350,112.730972
120.872356,191.170460,54.950768,112.299522
119.883650,191.043919,55.294697,112.496880
120.409384,191.177711,54.858219,112.289597
120.717045,191.190708,55.231972,112.250572
120.112833,191.578274,53.069668,112.606911
119.495089,191.850193,51.912151,112.178764
120.049969,191.857170,49.533501,112.044235
120.032843,192.186108,51.379612,111.937294
118.943916,191.795803,49.180908,111.499245
119.532627,191.800297,49.527107,111.814629
119.512833,191.275257,49.672531,112.050377
120.023457,190.944496,49.651161,112.550674
119.407274,190.523643,50.115765,112.566055
120.116898,190.051731,52.054703,112.803642
119.674824,190.445526,49.766975,112.590210
119.213558,190.459652,50.399498,112.897377
119.892834,190.390678,50.712883,112.621872
119.599445,189.852421,49.773567,112.358360
119.771715,188.671242,50.511822,112.384964
118.246378,188.214226,50.432461,112.308762
119.201614,187.215080,50.645462,112.916824
118.790710,187.690208,51.794235,112.672318
118.736279,187.921936,49.995354,113.479858
119.023127,188.776859,51.721462,113.187553
119.120157,188.573101,52.292019,112.930641
117.931107,187.409267,51.091537,112.609749
119.143290,186.506813,51.448208,112.806320
117.980207,186.872936,53.746204,113.334908
117.909853,185.424446,50.432812,112.642838
117.283228,184.516842,51.615383,112.616371
118.049726,184.054287,50.481556,111.939278
117.730833,184.384964,51.107655,111.799438
117.463665,184.802830,49.995354,111.446648
117.787580,184.311928,49.960041,111.617996
116.677666,183.771172,49.388672,110.953323
116.998652,182.140194,48.730160,111.015022
117.105684,181.735519,48.780437,110.304962
116.477192,182.884613,48.881783,109.731323
117.107922,183.265594,48.616966,109.013733
116.528788,183.674950,48.491024,108.684891
117.094585,183.509029,48.607689,108.913704
117.030153,184.138645,48.543621,108.603539
117.208452,184.279408,48.105053,108.584038
116.915464,181.933197,48.706562,109.108551
116.734180,182.133827,48.703041,107.811295
116.339682,181.737396,49.217930,107.881622
117.527864,181.810669,48.636761,107.994293
117.734360,182.462383,49.380753,107.718452
117.474819,182.509388,48.424004,108.223961
117.158640,183.585526,48.555202,107.871948
117.769999,183.823853,49.585110,107.445343
117.322849,184.677540,48.905861,106.986748
117.133104,184.644150,49.275921,107.053925
117.185928,184.652466,49.189743,107.234528
117.145678,184.896679,49.210522,106.926338
117.742870,184.711273,49.293571,106.870209
117.409369,184.610802,49.900242,106.638779
117.414557,185.118305,49.651035,106.667076
117.656206,184.978977,49.068310,106.981712
117.066587,184.568031,49.542622,107.123001
117.555231,183.779896,49.806911,107.273033
117.798046,184.308830,49.932671,107.462509
117.664268,182.878841,50.256073,108.043373
117.906662,183.839600,49.741196,108.022400
117.752115,183.658844,49.506374,107.890472
117.416691,182.589111,50.337379,107.757843
117.859142,182.803017,49.210167,107.942032
117.831633,183.336643,49.420094,107.381615
118.146055,182.684475,49.753284,107.274391
118.229418,183.289146,50.830181,107.403122
118.075043,182.584179,49.170914,107.505806
118.911751,182.888992,48.993469,107.379456
118.916050,182.303429,50.201485,107.353043
118.751207,181.960323,49.624371,107.690468
118.867924,181.923744,49.919136,107.523605
119.575670,182.118713,49.680523,107.451477
119.818890,182.125854,49.988701,107.388123
120.135040,182.268978,50.206680,107.581642
119.755346,181.842686,50.187290,107.570122
119.647938,181.410549,50.519569,107.174751
119.673662,181.775894,51.803417,107.131866
119.904562,181.570614,50.479465,107.128792
119.706917,181.967415,51.691315,107.139023
119.874336,181.373615,51.665344,107.626579
119.766823,180.852062,50.619751,107.810799
119.133333,180.965454,52.871258,108.491455
118.649174,180.898617,52.740852,108.118019
118.777040,181.069576,51.523540,108.300636
117.709257,181.470352,53.293842,108.585785
118.113228,181.269737,52.421112,108.441513
117.982664,181.020493,52.417896,108.241699
117.517281,181.256268,55.537964,108.092720
118.541424,182.034042,53.646660,108.820679
118.144457,180.962002,57.023083,108.986885
117.535177,181.137508,50.023045,108.581276
117.896683,182.054310,51.295792,107.855064
116.609123,181.999493,49.801605,107.817879
117.130493,181.723564,50.281723,108.486038
116.846605,181.026272,50.140575,108.629311
116.318489,181.430241,51.223480,108.653862
115.873693,181.525742,49.941166,107.899048
115.854704,182.691204,50.208057,107.714973
115.666735,181.912033,49.834057,107.434723
115.099455,182.232426,50.016102,107.474937
114.259464,182.587044,50.435738,107.958389
114.572855,182.145016,49.988857,108.249641
114.068872,182.068619,50.259365,108.130676
113.782677,181.522194,50.274414,108.293777
114.204086,182.339619,50.618057,107.935051
112.610447,181.127544,50.219276,109.259132
113.376709,181.615082,48.888718,108.688538
113.399538,182.056435,49.099682,108.661545
111.969704,181.408772,50.190704,109.678062
112.421511,177.816097,49.085217,113.028419
113.260534,175.598457,48.770908,114.990219
112.333975,177.237560,49.708561,113.030220
112.122963,179.733341,50.564789,110.506187
112.906389,179.472534,51.401501,111.199066
112.024529,180.160664,50.589996,110.132469
112.037352,181.782295,53.095783,108.955521
111.267635,181.703800,54.520897,108.752434
110.534599,182.088863,53.322083,108.903908
111.751570,182.119530,50.321613,108.802567
111.698877,182.375996,51.330410,107.993217
111.344826,182.299622,51.291809,108.170258
111.940628,182.532951,50.249893,108.314072
110.804266,183.153915,49.743168,108.000580
111.285013,182.345970,52.264584,108.187088
110.868353,184.651733,49.472233,107.120789
110.203707,184.212849,49.785259,107.870323
110.321459,183.596581,49.610088,107.526871
110.370792,184.640392,49.282265,107.297310
109.859921,184.486023,48.769127,107.346527
109.637432,184.446857,49.431511,107.156700
109.221228,184.699841,48.815128,107.174385
108.497929,185.030373,48.998695,107.155319
109.094933,184.951164,49.372070,107.712723
108.314352,185.453297,49.188541,106.826591
107.913858,184.866833,49.406704,108.230629
106.791500,184.973106,49.068687,107.616348
107.351753,184.470268,49.302917,108.375961
106.666521,184.537884,49.443829,107.832253
106.746374,185.131191,49.790257,108.773598
105.680111,184.142498,50.479179,108.946205
106.202566,184.509624,50.908970,109.062447
105.557507,183.663837,53.025780,110.003258
104.629044,182.796230,50.523605,110.991554
105.073099,183.211365,50.028225,111.084778
104.170536,183.520908,52.819771,111.186485
103.787121,182.050674,51.381737,112.352753
104.315552,182.056828,51.632309,112.716820
103.656179,181.781494,53.515781,113.130402
104.342104,181.204933,51.758495,113.051376
103.277109,181.545837,52.183926,112.964111
104.003586,181.575943,53.611526,112.997772
103.068232,180.415188,52.962337,113.678413
103.532551,181.217312,53.926643,114.024178
103.393112,180.314632,53.016556,113.958717
104.383774,180.784248,54.464798,114.262497
103.675005,180.902237,54.280865,114.031494
103.338198,180.650967,53.365276,113.703072
103.907333,180.149254,54.136948,114.172470
103.359776,180.757172,53.453835,114.657959
104.209450,180.940632,55.878021,114.242210
103.120602,180.605961,56.131615,114.567589
103.157883,180.534946,53.455063,114.549675
103.673906,180.342636,55.126324,114.469330
102.894014,179.674557,53.257793,114.808815
102.853411,180.287804,53.218365,114.199051
103.369911,180.930779,53.625732,114.632645
101.658131,179.748543,52.641396,114.830734
103.595900,180.420975,53.412769,114.441620
101.614365,180.416630,52.029678,114.920586
102.526030,181.320614,51.910786,114.307350
101.983637,181.544567,50.974850,113.903145
101.187965,181.046200,52.239166,114.098244
101.163321,180.666584,51.595676,113.232079
101.764706,181.230785,50.984337,113.421242
100.718111,181.894070,50.579296,112.666817
101.188694,182.491776,48.745766,112.203400
100.536978,182.443047,49.340794,111.462753
100.436068,182.610382,48.589092,111.256012
100.148239,183.366837,49.174301,110.601532
100.906082,182.893917,48.796707,111.360939
99.919512,182.848251,49.130352,110.527710
99.921011,180.981884,48.777653,110.515602
99.763451,181.776859,48.890961,110.660881
99.222813,182.157913,49.006569,110.493011
98.463877,182.600285,49.180355,110.836357
98.922613,181.976597,49.422703,110.964409
98.489771,182.008801,48.167355,110.854378
97.607040,182.248257,48.531235,110.991432
98.236086,181.032974,48.298382,110.798859
97.987246,180.567616,48.256451,111.013329
97.298222,179.649582,48.169899,111.155518
97.752131,179.984833,47.764156,111.197174
97.200867,179.382568,48.200760,110.696655
96.976959,178.242420,48.286453,111.148247
96.298479,178.651367,48.344036,111.500916
96.850016,178.862724,48.377773,111.331161
95.557863,176.929596,48.166119,112.213684
95.600948,177.298210,48.590141,112.015396
96.280628,174.332512,49.284248,113.299515
95.368914,173.243687,49.048626,113.805046
94.820421,172.193584,48.887096,115.213509
95.256378,170.391884,49.165329,116.051620
94.505766,169.760643,51.961506,116.427719
94.722181,170.059822,52.187641,116.179337
94.056049,168.350662,51.492378,116.830078
93.353653,168.347572,51.584610,117.094650
92.787697,168.245770,52.189606,117.836403
92.951933,167.630436,52.995136,118.529045
91.922180,167.677036,53.232773,118.307152
91.993038,167.653767,53.090965,118.498100
91.602036,167.593067,53.070847,119.267845
91.035717,167.413773,53.743492,118.617981
90.557791,166.488182,53.269016,118.553329
90.642498,166.383091,53.497612,119.047661
90.836742,166.519585,51.549980,118.309586
90.480846,166.843624,52.442497,118.760201
90.040434,167.020939,51.743153,117.970177
90.209654,167.297195,52.125965,117.437225
89.806341,167.991558,52.133945,116.756630
89.236671,168.615349,53.374878,115.884018
88.757559,168.646820,52.044407,115.103363
89.270720,169.461983,53.943287,114.610336
163.353310,167.549198,47.413055,99.644188
163.094944,167.670383,47.474007,99.603905
87.534512,172.590549,50.295479,112.695549
88.558167,173.277767,49.619781,112.276222
88.597591,173.517166,50.174934,112.196289
88.080425,172.731644,52.830910,112.053101
87.844202,172.881611,50.893719,111.798668
88.319817,173.066319,50.736374,112.067039
87.407005,173.501003,51.270981,112.151802
88.170748,173.433002,50.410213,111.797905
88.252916,173.861301,53.257442,112.181419
88.486195,173.581062,51.300835,111.936325
86.997814,173.722553,51.918129,111.803642
88.287228,173.850632,52.289253,111.853516
87.385553,173.907124,50.554119,111.854271
87.558323,174.573135,50.327202,111.387024
87.690239,175.010456,49.963455,111.630302
87.128218,175.444664,49.553074,111.092667
87.903965,176.483128,49.423027,111.295830
87.744366,175.652546,50.782631,111.429405
86.962282,176.179745,50.382839,110.895882
87.475307,176.511520,49.576607,110.542053
87.170940,177.439247,50.382698,110.591080
87.447151,177.162487,50.378952,110.497780
86.692133,177.915462,50.764355,110.485054
86.768360,178.014141,52.147087,109.691597
86.878839,179.553177,50.574230,109.138641
86.860819,179.552055,51.234570,109.174332
86.407362,179.800983,50.851231,109.400169
86.508915,179.572357,50.909752,109.682587
85.526237,180.455002,50.545975,109.102997
85.627214,180.167522,50.293423,109.516243
85.008661,180.512505,50.305401,109.236374
85.210863,180.563183,49.892422,109.314461
85.198490,181.482857,49.358116,109.475357
84.801188,181.890896,49.792156,108.961098
85.123701,181.450829,49.864323,109.349167
84.624775,182.104660,49.903252,109.227509
84.059614,181.815239,49.619358,108.850052
84.427219,182.810650,49.081291,109.178139
84.874371,182.721081,49.593758,109.375587
84.415010,182.911781,49.369473,108.989090
83.711720,183.354130,48.978111,109.225365
84.468260,183.956890,49.607304,109.245552
83.359623,184.373989,49.825768,110.043861
83.198122,185.641972,49.870571,109.385002
82.936344,186.158085,49.919060,109.006126
83.308731,185.922421,50.204163,109.031898
82.437292,186.230137,50.300922,108.914696
82.239529,186.350780,49.898262,108.720467
81.574244,186.681744,49.830914,108.979103
81.568529,186.405979,49.070553,109.293175
80.824587,186.471859,50.838711,109.060860
80.913385,186.300522,50.751995,108.844940
81.213814,187.027889,50.423508,108.922310
80.687313,187.730068,49.710609,109.351509
80.632267,188.078403,50.982903,109.051903
79.822908,188.497288,50.671902,108.774132
80.280607,188.513783,50.589909,109.049309
79.543528,188.653484,50.496441,108.847328
79.977285,188.649502,51.011280,109.276619
79.502295,189.726109,50.261250,109.473900
79.279795,189.964981,50.964458,109.137085
78.941458,190.489643,49.913715,109.170677
78.119987,190.500420,50.672623,109.103195
78.861677,190.367367,51.075138,109.340981
78.094530,190.556484,51.547024,109.221046
77.452669,190.801529,51.465725,109.210388
76.963680,190.530659,52.760597,109.904869
76.455227,189.365429,53.293312,110.872536
75.328529,188.725674,54.100296,111.852882
76.248177,188.631954,53.179642,111.899574
75.102991,187.454124,52.505688,113.043747
75.554291,187.595299,54.483063,113.587662
73.267076,187.333069,54.818264,114.053345
72.095905,187.492912,55.211784,114.131058
70.971083,187.546398,55.065250,114.234383
71.044016,188.012798,55.423779,113.713417
69.234871,187.743103,55.426773,114.436859
142.843479,180.051510,50.172874,104.901253
63.223186,189.109985,56.313210,113.020142
135.281000,179.933765,50.216076,104.794853
54.583439,188.532818,58.062782,113.060493
53.856701,188.190147,55.394859,114.017441
47.168604,187.839092,58.760891,114.527718
41.591547,187.955849,58.735775,115.051163
36.409588,189.845097,56.865990,114.495934
28.680107,192.966049,56.159790,113.578674
22.314350,192.408344,55.787544,114.915855
97.986120,185.716610,52.060703,105.135719
90.243740,185.400124,53.362663,106.849716
9.028395,196.309628,56.316547,113.377785
3.110844,196.739456,54.336372,113.968689
71.717817,187.402328,51.496326,105.434418
62.030769,186.925999,54.227600,106.877953
63.471155,187.570152,50.974087,105.800034
54.644577,189.326859,52.960098,106.401276
48.060757,187.326862,53.614403,107.174706
41.405964,190.141399,52.580696,105.438454
34.150795,190.067337,50.931152,105.214233
27.915701,191.692028,50.994144,104.571877
28.189358,191.936195,51.497063,103.649399
20.705456,190.755337,50.744041,104.174873
15.569586,189.652779,49.574772,104.391098
9.614433,190.249275,50.767548,104.640671
4.345337,191.638992,49.126328,104.448181
0.000000,192.626667,46.573675,104.138359
0.002563,192.479393,51.250618,103.783798
0.000000,192.823490,40.730439,103.401665
0.000000,194.138615,37.697861,103.042778
0.000000,195.034172,33.313517,103.279068
0.000000,195.840702,30.335906,101.909142
0.000000,193.566761,21.957168,112.254204
0.000000,196.568371,23.638987,105.197990
0.000000,194.528950,17.136585,101.747887
73.709490,200.466183,39.444595,121.996040
70.739530,198.973698,50.647453,124.331566
65.640970,198.373177,50.485992,126.569229
60.621546,199.684727,50.532227,126.239616
60.330753,200.338009,50.559246,125.294807
54.424963,201.960514,51.265541,125.388115
49.716726,203.870762,50.751808,124.399376
44.977813,205.392303,50.768208,124.154968
39.577486,206.723377,51.668289,124.188683
34.898161,207.176876,51.864830,124.706429
34.904285,207.921783,52.282635,123.161743
30.095554,206.699963,52.565228,125.014473
26.545536,208.602615,51.856243,124.732147
21.277967,210.052517,52.318382,124.479347
17.978687,210.759827,51.988445,125.307678
12.939668,211.552155,52.485245,124.749542
12.169544,212.009258,53.030315,124.441597
8.710621,211.675491,52.900555,124.397614
5.101286,212.044086,52.480309,124.512901
1.995298,211.521561,51.026512,124.588989
0.824695,211.102192,51.012280,125.304588
0.930521,210.594700,51.914276,125.696861
0.756408,211.098110,51.186024,125.828865
1.735101,212.124901,52.316467,125.211716
2.993437,212.338688,52.794548,125.531609
4.081316,211.847141,53.391037,126.677361
4.412496,211.437706,54.250526,127.219711
5.948000,210.747711,54.758835,128.085907
6.434637,210.779480,54.355782,128.630249
7.973629,209.871300,55.003445,129.151413
9.441658,210.729317,56.085789,129.660049
10.914095,211.006500,55.961105,128.783081
12.551054,211.226540,56.284355,128.622482
14.365757,210.785980,55.393291,128.804901
13.578813,210.542557,56.338211,129.381805
15.871608,210.840149,56.228085,129.249695
18.036022,211.093971,55.929897,129.476578
18.486704,210.835976,56.325531,129.374954
20.082842,210.733170,56.457443,129.443695
22.583681,209.880684,55.805679,129.269119
21.617593,209.080368,56.697021,129.733490
24.272279,208.890823,56.161880,129.274628
26.712105,207.487152,55.741398,128.991333
29.470243,206.786354,55.501854,129.356339
32.602215,207.667793,56.228939,128.665085
35.528677,205.661026,55.444283,128.588409
35.231962,206.084999,55.882378,128.780563
39.343050,205.427551,54.449905,127.944580
42.903925,204.850380,53.710632,128.088852
45.558433,204.012657,54.244114,128.650681
48.189043,204.164833,54.086624,127.588608
52.170305,203.830856,53.008865,127.978149
50.439247,202.525841,54.361149,128.577499
53.543850,204.287086,53.769680,127.804398
55.217170,203.641506,54.441929,127.297707
58.193044,203.739017,53.502632,126.623772
60.304817,202.110126,53.676823,127.034172
62.761324,201.334251,53.299301,127.052780
62.527265,200.673870,54.501549,127.633400
65.467762,201.164860,52.346478,126.785851
67.775217,200.196083,51.858337,126.922256
69.447895,200.087276,51.606152,127.818520
71.566515,202.165726,51.552475,127.495270
73.318519,200.852009,52.179203,127.088921
73.875494,201.095406,51.642159,127.791885
74.491642,199.810429,52.732922,127.637718
75.779535,197.851727,53.170471,127.689125
76.817775,195.500340,53.556179,127.981041
79.127712,195.741653,52.025784,128.066772
79.235515,194.007904,53.723263,128.446869
80.924953,194.194305,52.448666,128.044006
81.832653,193.286057,52.788174,128.875977
82.300749,193.561821,52.932579,128.676285
83.722826,193.692123,52.449600,128.493103
83.638498,192.123840,53.082855,128.753082
83.834339,190.252693,52.627209,128.777054
83.962507,190.784119,52.750359,128.559723
84.889581,190.166000,52.525879,128.548523
85.161030,189.534752,52.422253,128.255203
85.868665,189.081818,52.214745,128.714661
89.117094,190.134308,50.669701,127.263000
89.408939,188.998146,51.792431,127.400803
88.863788,188.947990,51.455029,128.382614
90.125459,187.666271,51.532730,127.559425
91.284671,188.134365,50.841930,127.121040
91.709198,188.035896,51.092304,126.097275
93.634350,188.522144,50.653042,125.456108
95.506342,187.279625,50.039368,125.520309
95.229019,186.982372,49.729755,126.067146
96.839697,187.102566,49.754646,125.636879
98.134262,186.713932,50.167774,125.390770
99.733305,185.922482,50.247581,124.897835
101.781889,184.891239,50.289055,124.528679
103.337717,183.305279,49.855621,125.764351
103.590299,183.604759,49.699852,125.484451
104.559911,183.037430,50.574684,125.167389
105.893882,182.013969,50.727360,125.399307
107.507318,183.830528,50.434509,125.354660
109.358486,183.953568,50.895168,125.236359
111.617756,184.415436,50.608959,124.720551
111.660570,183.734924,50.170944,126.028076
113.292206,184.551849,50.465290,125.176941
114.842664,185.179050,49.980949,125.047783
116.333360,185.150261,50.128128,125.074905
117.807413,185.015862,50.412659,124.824509
118.112953,185.345688,49.917789,123.932892
118.926656,185.584614,49.814552,124.213707
119.787861,185.427116,49.880260,123.537064
121.164533,185.372536,50.376274,123.658096
121.529775,184.848385,50.605843,123.797127
123.078090,184.903057,50.421566,123.359505
124.717001,184.165810,50.929237,124.370499
125.358961,184.700436,50.211906,123.933876
127.097601,183.454464,50.546974,124.829842
129.676607,182.956028,50.818954,124.415733
131.982841,183.218079,50.928349,124.660309
134.160644,183.159103,50.758747,123.863037
136.201900,182.853245,51.435329,123.770592
136.813087,183.182117,51.126286,124.132805
137.981662,182.963493,51.089977,123.616837
139.547764,183.032902,51.021832,123.517845
141.195516,183.669338,50.788307,123.543068
143.285749,183.506054,50.901726,123.349983
144.907846,183.133606,53.022217,123.406342
144.988044,182.982651,53.145817,123.995239
145.916324,182.906612,55.912884,123.932289
148.123140,182.965611,56.769547,123.978996
149.510345,182.267174,57.642384,124.466782
151.840341,181.474102,57.061279,124.379555
154.043911,182.110352,57.475918,123.828796
153.825779,182.535233,57.754650,124.244354
155.427780,181.568394,58.439838,123.744774
156.874622,182.478554,58.591412,123.838364
159.847328,182.169971,58.121342,123.877068
162.173330,180.837955,58.714485,123.879082
164.356947,181.989281,58.346428,123.564255
164.640863,181.668583,59.651642,124.145622
166.860256,180.896137,58.683956,123.490349
169.057031,180.323444,58.617340,123.207268
171.430841,181.356907,57.524170,123.076439
173.009678,180.947014,57.911572,123.324600
175.468153,180.723732,57.551994,122.132736
176.044578,180.789822,57.659916,122.184486
177.996715,180.607327,56.911068,121.660164
180.442074,180.779167,56.688839,120.854111
182.811023,180.084248,56.419384,120.241325
185.538410,177.649902,56.536816,119.301086
188.736417,175.899101,57.017601,118.633774
189.869159,176.428940,56.229565,119.199158
191.191398,174.031628,57.571812,118.819344
193.610145,173.770874,58.533756,118.635437
195.708420,172.101204,59.524586,117.879898
197.506294,171.119411,59.192600,117.849220
199.537039,169.889534,58.506203,117.452438
199.415703,170.249477,58.237827,118.256081
200.882320,167.891026,59.496731,117.662010
202.616485,165.768230,59.535755,117.829201
204.379013,164.425091,60.276325,118.001991
205.372223,162.500069,60.623920,117.938675
207.196409,159.925251,61.170647,117.522514
207.249300,160.237801,60.595322,118.200150
208.787559,158.675262,60.346256,117.360687
211.181047,157.100735,59.997726,117.504463
213.091028,156.791698,58.159149,117.757301
214.666090,155.261993,60.802940,117.357697
216.419178,155.152058,59.429272,117.774773
216.528129,154.342545,60.147892,117.492767
218.324777,153.898293,58.794434,117.306320
219.796875,152.760300,60.695210,116.807068
222.456526,152.860088,60.898796,116.941109
224.630474,151.646633,58.406521,117.268013
226.505851,149.570393,60.627720,116.877495
227.560152,148.701698,57.105911,117.744095
228.912962,145.956181,58.664818,117.609215
230.934641,143.494717,59.744293,118.033852
232.610767,140.095032,60.467297,118.846649
234.609955,136.998016,59.038136,120.104340
237.167902,135.797447,60.377228,121.836716
237.286285,136.132278,60.268513,121.750580
239.350477,133.677628,59.880272,122.820496
241.272243,132.101753,61.933987,123.705338
244.165277,130.690342,64.214081,124.451805
246.072000,128.713421,65.135254,124.491158
248.721811,125.873943,66.534180,124.761940
247.955881,125.765423,69.292450,125.773293
250.971739,123.263836,67.478874,125.509254
252.620359,121.298573,68.507744,125.263939
255.542600,120.903111,69.601036,125.174034
257.891672,121.565857,66.854858,124.920258
260.337164,121.227829,67.699043,123.962433
259.312998,120.956215,67.120148,125.061081
263.608293,122.138641,66.302109,124.726013
265.751871,121.524525,67.129822,124.019310
268.023054,120.535152,67.751701,124.286690
270.618105,119.610325,68.668228,124.638359
272.832922,118.577675,67.761055,124.916183
272.289758,117.315968,69.013153,125.524590
274.209554,117.190372,65.891396,125.153130
276.342634,116.540058,67.356590,124.351494
278.559019,115.172287,67.500114,124.175415
280.819433,114.707329,66.809883,124.304581
281.895708,113.603374,67.464096,124.076607
280.764253,113.413517,65.911026,124.675713
281.447576,112.945099,66.859566,124.010925
280.907247,112.398540,65.285011,124.220741
279.818987,112.078362,65.375565,123.934341
278.252584,112.111748,64.045570,123.935501
278.640882,117.435734,63.889549,122.189323
277.885318,115.810123,62.861614,122.852654
278.077694,118.773647,62.028164,123.758369
277.043762,121.188419,62.727406,123.141197
278.787588,123.105446,61.793404,122.878738
278.114013,124.914276,61.877216,123.105164
278.541847,126.109543,62.942448,122.958405
278.784458,125.742706,63.072308,122.492096
278.754232,126.886742,62.679390,123.441605
277.357416,125.494476,63.798981,122.986908
274.646471,125.766727,66.530807,124.056664
273.206201,125.277706,66.173584,123.994057
270.928564,124.225311,67.461311,124.412842
271.688913,123.823185,65.207977,125.246300
269.108427,125.123547,67.742149,125.712868
267.221780,124.917763,68.390381,125.962509
264.636362,127.947521,70.558441,126.276009
264.615137,128.912605,69.745514,125.869736
262.655580,130.936806,69.619095,126.042130
264.017000,131.198139,67.316788,124.704613
262.663469,132.804260,68.389572,125.248474
261.961000,134.304901,66.500381,124.735870
261.193952,135.250004,65.821190,124.411339
259.515836,137.695297,65.025749,124.362549
260.352747,139.855728,62.293701,123.899994
260.929941,139.850639,63.648102,123.159042
259.633222,142.031395,62.133415,123.176559
258.701244,144.593006,60.383419,122.073235
257.948343,146.202335,60.381104,120.906395
256.750105,147.835617,58.766594,120.163910
253.519653,150.681507,60.825062,120.633171
255.369352,151.023441,58.464317,119.967979
252.027713,152.003017,59.905254,120.348763
250.208967,154.224678,60.380180,121.366531
247.514372,156.626144,60.408867,120.989655
245.899244,158.228760,60.147697,120.826355
245.243295,158.780132,59.286469,121.078194
244.877458,159.024670,59.729080,120.941292
244.501362,160.756557,59.500896,121.359749
242.988992,162.911816,59.896454,121.562996
244.123316,164.538418,58.442322,121.594215
242.891414,166.374020,58.865566,121.075417
242.660722,168.359722,59.125320,120.375343
242.954696,167.065453,58.396626,120.089371
241.790886,169.850399,59.443333,120.379677
240.892568,170.782360,59.419502,120.574623
239.948993,172.191750,58.946941,120.682358
240.656536,172.943451,57.936031,121.027924
238.614534,174.297264,58.725143,121.200882
239.196872,174.277309,57.978832,120.890144
237.682871,175.430782,59.407166,121.739876
237.753116,176.907013,60.761730,122.506165
236.847389,176.709293,60.730534,122.389397
236.915518,176.236092,62.211739,122.245041
234.105428,175.697296,64.400948,123.205627
236.091778,176.212109,63.755825,123.413612
234.242029,177.321411,65.070068,124.269196
234.852256,179.723427,63.898441,123.537521
234.385084,181.025791,64.292259,123.633781
232.475885,181.997181,63.954681,123.895653
234.081787,182.734646,62.973255,122.851479
232.021240,182.975147,63.226307,122.696953
233.263977,182.345795,61.051563,122.539032
231.844429,184.531155,61.364689,122.116829
230.404140,184.789730,61.216396,121.395943
230.200912,187.351112,60.028156,120.744675
230.180731,187.669548,58.136421,119.045151
230.592651,188.351036,57.166523,119.079330
227.367231,190.298824,59.993858,118.776924
229.019640,191.447845,58.414505,118.709717
226.911943,191.562302,54.806808,118.681763
227.959881,191.874500,57.055691,118.550560
227.531856,192.872971,55.910397,118.670624
227.374515,192.795170,58.083416,118.705681
226.716497,193.817928,56.848213,119.098152
226.188347,194.466064,55.400761,118.792694
225.285642,193.957336,58.362175,119.550781
225.734842,193.979488,56.195038,119.944771
225.481056,195.294582,56.816746,120.342079
225.016439,195.349609,57.039345,120.489349
224.665872,195.257977,57.380585,120.713966
223.716303,195.311485,58.417450,120.871902
224.492037,194.100620,57.902542,121.447411
224.200836,192.806988,58.434956,121.559822
224.076511,192.833027,57.669933,121.086479
224.426367,193.684540,56.608742,121.004547
223.746465,194.349731,56.899422,120.330017
223.968013,194.198280,57.281246,120.067612
222.204565,194.472675,57.171272,119.318871
223.826866,193.533520,55.574039,118.870003
223.246067,194.345348,52.754192,118.563423
222.429233,193.821301,53.352001,118.243721
222.665086,193.408676,53.397995,119.152557
222.428453,194.096138,52.831741,119.245102
223.270824,194.185295,52.167049,119.413956
221.777069,194.710266,53.498219,119.791351
222.765302,194.341679,52.429832,119.479240
222.099640,194.873405,52.915638,119.092178
222.457887,193.232491,52.369614,119.334702
221.804270,192.200150,53.467133,119.649445
221.721269,190.614914,53.561630,121.233154
222.333276,190.442486,54.186127,121.522713
222.630060,189.969570,55.587250,122.447578
223.111364,189.207127,53.837196,122.867821
223.970003,190.063053,54.843369,123.570641
225.760462,189.168674,55.756104,124.080070
226.988117,187.475754,55.226025,125.011902
229.063881,186.945484,54.713017,124.530937
230.848194,185.966145,55.069103,124.590141
230.870128,186.717045,54.732510,123.870872
233.737421,187.746635,53.589996,122.610947
234.149086,189.802010,54.482883,121.598618
235.144565,191.607647,54.419384,120.936195
237.796793,193.452713,53.417908,119.656128
238.114145,194.651970,52.734650,119.392807
238.742159,194.259487,52.480606,119.468361
239.460092,193.876503,52.991455,119.369247
240.540825,194.257530,53.096622,118.405045
240.596605,194.029701,53.056107,118.851578
241.542614,194.530743,52.714474,118.615608
241.484348,194.786030,52.997173,118.994926
241.580759,195.128624,52.945587,119.193893
242.273994,195.445786,52.719883,119.691254
241.784973,196.422874,52.965778,120.415512
242.217987,195.780056,53.617268,120.298378
242.960798,195.974060,53.277641,120.040039
241.839950,194.936283,54.403522,121.455223
242.335230,194.819405,53.563477,121.719131
243.050214,193.333015,53.880882,121.831467
243.434494,193.004238,54.119831,122.160439
243.051288,193.055721,54.526409,121.751625
243.448318,194.298637,54.154621,121.106613
243.847553,195.898235,54.010632,120.089760
243.693636,196.182037,53.598221,119.770477
243.027912,195.478886,54.397686,119.193993
243.457040,195.430950,54.706421,120.114815
243.839712,197.116936,54.948402,120.104630
244.154756,196.851978,53.558823,119.615929
244.989202,197.237247,53.759315,121.250664
244.279442,197.598118,53.788609,120.122795
244.433998,197.501694,54.213352,120.612427
245.371715,198.442341,53.081814,120.793694
245.839998,198.305565,53.294632,120.658157
246.363998,197.190804,51.685993,120.920639
246.838808,196.230858,51.339493,120.750504
246.401510,196.142406,51.069740,121.353218
247.048376,195.921513,50.952980,121.530052
247.324444,196.330624,50.286831,121.985390
248.113092,197.286350,50.276398,123.138268
248.381994,197.265419,50.039040,123.444962
247.657219,197.208115,50.496677,123.650543
247.678909,197.019718,50.513660,123.045189
248.154590,196.527779,50.376263,122.064651
247.318056,195.550339,51.105240,122.877716
247.822435,195.413628,50.515762,122.640823
247.797899,194.930492,50.442612,122.644051
248.633579,195.228165,49.525890,122.799469
248.946544,194.976852,50.044125,122.396240
248.752083,195.494820,49.769810,122.775009
249.631651,196.167831,49.089134,122.627808
248.838766,196.196964,49.998116,122.690147
248.332637,195.469296,50.389370,121.572884
248.605674,194.652714,50.094639,122.236931
248.735164,194.110542,50.036160,122.274612
248.942474,193.804016,49.718647,122.110382
248.552290,193.002052,50.738548,122.904495
249.530966,192.432713,51.068428,123.317162
248.358083,191.749077,52.309914,123.855209
249.509016,191.414433,52.011559,123.659264
249.038166,190.967903,53.133343,123.660965
248.431789,189.672054,59.241848,123.348824
248.078533,188.249714,62.498440,124.407677
247.538133,186.666462,66.012131,124.651207
247.169206,186.362816,64.501419,124.329758
248.048807,185.943150,64.290436,124.763573
247.154741,186.463589,64.499527,125.269508
247.430517,186.660233,63.938454,124.275513
246.882271,185.940319,62.883732,123.582497
244.709079,185.604656,63.896801,123.830391
245.920719,185.290718,62.178204,123.223831
245.750930,184.555252,61.253681,122.603088
246.402813,185.146626,60.759853,122.220940
246.006178,183.644501,59.791130,122.926666
245.683292,184.461777,59.279064,122.821503
245.039104,186.391365,58.789822,122.659103
244.921043,187.625835,57.407322,122.541298
244.372850,185.958076,58.031326,123.137772
244.913175,186.218174,57.729240,122.886345
244.332575,184.096676,56.987366,123.788795
244.327703,183.081577,56.039864,123.437340
245.035417,181.561989,54.882401,123.450546
245.101183,181.289856,52.911972,122.883728
244.534591,180.881374,52.432697,123.171761
244.977594,181.486042,52.880463,123.310265
244.660085,182.119991,53.118385,122.683571
244.163763,182.445553,52.732796,121.782295
245.238517,180.943462,50.670353,122.930946
244.806188,180.892799,51.682259,123.004959
244.491548,181.111538,52.356186,122.479012
244.739311,180.852367,52.126377,122.733559
244.077745,181.625484,53.749557,122.072273
243.380520,180.625824,54.740292,122.252625
243.510896,181.528175,54.455948,121.634750
245.788913,182.732708,52.728252,121.238228
246.920421,183.360325,51.851437,120.341331
246.950218,182.614075,51.972782,121.743744
246.317924,183.307137,51.778996,121.750015
246.819524,183.465698,51.156990,121.267181
248.209541,184.214600,50.580479,120.889801
248.518821,184.467876,50.404026,121.057869
249.429302,184.630142,50.132442,121.345734
249.052519,184.449409,50.685783,121.553665
249.724367,184.040035,50.183365,120.759377
248.491174,184.440510,51.027252,121.441124
250.309166,184.608078,49.451054,120.812927
248.104906,184.867725,50.883835,119.801109
249.956112,185.928711,49.940212,119.361694
249.567564,185.623219,50.390434,119.686699
250.050735,185.836544,49.666798,119.304176
250.093687,186.191856,49.860527,119.538345
249.773557,187.274143,49.624718,119.009789
249.072557,187.606407,50.905777,118.516891
249.455005,187.920631,50.743206,117.606644
249.706339,187.749222,50.637482,117.896393
247.623268,187.987194,52.070255,117.475533
247.815588,188.085526,52.474007,116.750702
247.148758,189.316296,53.842823,116.537178
248.015812,188.820190,52.412731,116.166656
247.633758,190.215752,53.844166,116.248886
247.025455,189.633717,53.921642,116.899223
247.693559,188.998547,54.033127,116.335823
243.966247,190.032810,57.511738,115.769402
247.138542,190.180779,53.594425,115.819962
244.506323,190.292610,56.219460,116.035385
246.378063,190.403934,54.489590,116.773369
245.268593,190.493233,55.870609,116.416794
245.999527,189.923885,55.281239,116.470314
244.976825,190.893158,55.818798,116.221832
247.210001,189.981136,54.477234,116.455513
249.946546,189.580471,51.913963,117.390297
251.453712,189.331181,51.118565,118.290367
250.484869,189.503242,50.586678,118.221298
250.939169,189.654377,51.474892,118.785606
251.193216,188.623169,50.996735,119.247467
249.174053,188.024925,53.298824,120.579514
250.153652,186.947964,53.480587,121.138527
250.643820,186.751389,53.562660,121.201965
250.316547,186.526783,52.977856,121.408897
250.835022,186.144176,53.679890,121.395760
250.597015,184.927017,53.545490,121.762817
251.322298,183.261574,54.019943,122.128922
251.489860,181.596176,53.129093,121.973480
250.303808,181.422535,54.111580,121.399834
251.589420,181.464359,54.228130,121.355217
250.416591,181.139038,55.185848,121.271301
251.518978,180.819061,54.492733,120.909271
252.464782,181.856491,53.869068,119.957977
253.229036,180.194225,54.016769,120.706093
253.318065,179.876179,53.664639,120.257439
254.246164,181.264420,52.749725,118.903229
254.993957,180.074390,51.290211,119.521629
254.845968,179.250519,51.455269,119.510590
255.690908,178.121098,51.449440,119.146263
255.133915,176.764122,52.679394,120.351608
255.291902,177.736927,51.906815,119.243614
255.436233,177.908047,52.303272,119.064186
256.587858,175.778519,51.151817,119.258331
256.842800,174.952869,51.105312,119.364616
257.746631,173.185566,50.430340,120.040428
257.184036,172.166092,51.621357,120.894379
257.417858,170.776768,52.251431,120.889305
257.442419,170.587391,51.245583,121.392601
257.245800,169.798775,52.602352,122.175491
258.262027,170.612667,52.461010,121.383705
258.859026,170.370895,52.403305,121.643036
259.464157,170.518166,52.283131,122.339828
259.244501,170.320366,52.308014,121.838181
260.171955,170.655071,52.332531,121.999641
259.872589,170.840096,52.994892,121.023209
261.210317,169.497780,51.396553,122.237411
262.033577,170.259426,52.260319,121.171272
259.348448,168.792240,55.157219,121.736534
260.382772,168.799763,54.495674,121.256462
263.026344,169.671219,51.738407,120.333618
260.019903,169.593323,55.763832,119.326691
261.215559,169.107952,54.772209,118.884346
264.126333,168.815773,52.093819,117.989090
262.799699,168.657902,54.723099,118.729729
265.558634,168.993416,52.760986,118.467453
264.388384,169.384632,53.658157,118.489433
265.436432,169.422157,52.707600,117.899124
265.524788,168.871086,54.174168,119.163589
267.065296,168.940155,52.897625,117.186462
268.862625,166.426548,51.685993,117.742119
270.240167,164.966354,52.367889,117.685883
268.084428,164.916489,54.114243,118.754730
268.809564,162.622124,53.893555,118.974838
270.535000,160.713989,53.950039,119.293030
270.930473,160.503170,54.640354,118.757057
272.918802,160.864685,54.081543,118.945923
273.279363,161.990887,55.020241,119.080421
275.083181,161.659836,53.316566,118.632629
274.775247,162.769146,54.115936,118.854469
273.037521,165.104221,56.816486,116.247520
275.063337,165.450264,55.408531,115.261612
277.564575,166.291653,53.153553,114.542458
278.167253,167.560165,52.901962,113.492035
278.589115,167.577988,52.285137,113.983276
279.423118,167.313019,52.519291,113.332550
280.279220,168.031029,52.363056,112.548538
281.690023,169.630222,52.194557,110.653130
280.688884,169.026768,52.903103,110.563530
280.725305,169.310917,53.512482,109.402702
281.059416,169.022072,53.520561,109.432632
282.354786,169.560677,53.274853,109.115067
282.467209,169.240520,53.289112,109.487770
283.370269,169.320015,52.818592,108.643967
283.378147,169.177608,53.901318,108.558052
283.125238,168.684532,54.060577,108.633041
283.943166,168.812668,53.535164,108.452118
284.282463,167.715672,54.205570,108.833702
284.234091,166.900497,54.396278,109.212250
284.588463,166.544376,54.845646,109.840904
285.249429,170.648216,54.547821,105.511703
284.293205,170.878689,55.477726,105.965096
285.736427,169.817322,54.197422,105.751831
285.200754,169.282612,55.731934,106.702599
286.043302,167.768143,55.352623,107.172699
286.184715,168.472698,55.133854,106.719795
285.822357,167.876328,56.317554,105.682983
284.198211,167.093201,57.775990,106.447174
286.184181,167.793602,56.280979,105.763046
285.551025,167.057953,57.228199,105.851105
285.419326,167.562515,57.010700,105.973145
287.304516,167.335808,56.098629,105.535385
285.455064,167.254650,56.963699,105.090706
286.169460,167.386719,56.787228,105.186981
286.026605,167.763618,56.895905,105.149185
286.958921,167.003223,55.934776,104.161400
285.981010,166.955292,56.778843,104.538513
287.946384,167.276592,55.235973,103.029335
284.345695,165.424961,57.608860,104.398949
287.147974,164.833427,55.687988,103.857803
287.428564,166.392189,55.263161,102.907211
286.040847,164.166759,57.886616,103.940193
286.461609,164.301060,56.001759,102.835655
285.476932,161.367840,58.145489,103.683266
283.358463,160.500626,59.146069,101.952789
283.096739,160.378300,59.255394,101.751732
282.904951,160.248493,59.285820,101.679344
280.699787,159.914661,60.409374,101.859703
278.378679,160.085442,61.545486,103.229935
275.766451,160.826828,62.511154,103.124542
274.300293,160.764263,63.395527,102.818184
273.264082,158.396252,62.946159,104.143745
273.717094,158.046783,63.477573,105.096436
272.353538,157.728794,62.820560,103.904564
271.100998,155.850204,62.844746,105.303345
270.250772,155.206303,63.196106,106.560112
269.389013,154.515965,63.384193,106.084404
268.143743,153.166656,62.230476,107.377258
267.581848,153.576191,63.812763,107.956200
266.774265,151.177937,62.955669,108.718834
266.317943,150.100376,63.370113,109.610466
265.883745,150.006931,62.306534,110.366051
265.598243,149.019547,61.218906,109.788513
266.042642,148.903610,61.031067,110.057068
265.652162,149.145214,60.924332,109.800362
264.888529,147.401115,60.899536,110.542923
265.325214,147.056763,60.091717,111.275085
263.891523,146.796932,61.281395,110.919044
264.883590,145.417923,59.541676,111.474304
263.969829,145.368774,59.263882,112.224548
264.104522,145.729900,59.080372,112.216164
264.267952,144.177296,58.004551,112.552483
265.281213,144.709400,57.276337,113.112358
267.703518,142.441063,54.411678,114.176559
267.532499,142.595688,53.777275,114.208679
268.113708,141.270203,52.759785,114.813629
268.567245,140.984501,52.681263,115.110680
268.233162,140.809822,52.109959,114.762863
267.891172,140.270645,51.732903,115.331390
268.209074,140.950951,51.693535,115.544693
266.758300,140.950802,51.823292,115.223946
267.174316,140.160896,51.715809,115.522141
266.062412,140.608124,52.379253,115.857483
266.791776,139.457886,51.882164,115.725647
266.029659,141.350685,51.871609,115.479630
266.630176,140.804897,51.200878,115.016182
265.625459,141.238907,52.092056,115.827240
265.268629,141.324890,51.566490,115.047699
265.172968,141.507809,51.647400,115.436470
265.834619,142.701817,51.105316,114.736229
264.710245,143.483013,51.682648,115.383705
264.838800,145.242294,51.031250,114.882385
264.057211,146.917904,51.128365,114.606575
263.750505,147.066048,51.371689,114.266373
264.700878,147.516670,50.432613,114.342911
263.752901,147.365540,50.617233,114.408630
263.151931,148.036354,50.423603,114.024429
263.270508,148.300434,50.464161,114.668907
262.218651,149.302219,51.135868,114.494072
262.082912,150.261723,50.803463,114.618095
262.315658,149.338966,50.506550,114.901077
261.534706,151.662174,50.981297,114.968651
260.356315,152.590660,50.893223,114.419876
260.458067,153.266773,50.643150,114.639030
260.205511,154.818356,50.698524,114.236153
259.540415,155.583263,50.844971,114.082222
260.024894,154.989574,50.688389,114.200447
258.853357,155.330524,50.671265,114.283165
258.495411,156.214291,50.620495,114.172279
258.517646,156.081371,50.700657,114.338478
257.898725,156.707340,50.655937,114.396690
257.137203,157.892391,50.210812,114.244423
256.936758,156.975693,50.448738,114.147430
257.787801,158.767788,49.716499,114.128273
256.582208,160.881596,50.625244,113.479546
256.740370,161.296017,50.534081,112.790932
255.946167,161.505936,50.668507,113.128571
255.440431,162.011730,51.602921,112.638985
255.836616,162.756744,51.445438,112.771271
255.557987,162.569626,51.810375,112.692657
255.267564,164.279552,53.805557,112.899361
255.605171,164.705727,53.593113,112.123367
255.853170,165.914474,52.056129,111.299622
255.370096,167.726128,51.544250,109.553757
255.320568,166.774662,50.927151,109.620445
254.220596,167.488865,51.577320,108.436913
254.168562,167.571033,51.732414,108.311913
253.300714,168.307266,52.398499,107.932770
253.750623,167.638622,52.005272,108.458229
253.378353,169.322685,51.785519,107.242691
253.645824,169.717682,51.777828,107.347961
253.915348,168.510048,51.265636,108.014114
254.149210,169.497860,51.402008,107.292305
253.850313,168.600605,50.509842,107.902489
255.049770,168.053555,50.133907,107.987190
254.631645,169.761162,50.246891,107.328598
254.349729,170.190350,49.984337,107.172340
255.294046,169.932598,49.467285,107.167671
254.233732,171.260708,49.665001,106.303627
254.487350,172.260513,49.871021,106.345001
254.066364,172.483139,53.109020,105.574890
253.681987,171.265892,54.329067,106.880386
253.377451,171.323711,54.002075,106.940071
253.591556,171.913063,54.122356,106.472946
252.976230,173.015339,54.086224,106.098778
252.296154,172.416084,55.004726,105.994339
253.108139,174.214931,55.262867,105.186317
252.283596,174.177101,58.022488,105.293503
252.121107,174.037830,57.884789,105.897179
252.396171,174.388103,59.152103,105.906807
251.640468,174.938606,60.819302,105.805923
252.609380,174.231422,60.615425,106.176712
251.604856,175.313969,61.643150,105.077690
250.930965,174.376122,62.622921,106.467636
251.040699,173.600708,62.902386,107.964172
251.269258,172.921001,62.812180,108.633308
251.060821,174.812637,62.537189,106.978790
251.981651,174.146297,62.232517,106.761787
252.074482,172.952507,62.704144,108.039627
252.062849,173.464569,63.459496,107.544952
251.343343,173.841225,64.064980,107.828964
252.725837,172.260811,63.601536,108.325851
251.050302,173.043091,64.840332,108.881927
252.003849,172.913456,63.575909,108.527245
250.956682,173.180027,63.281357,108.887352
251.801347,171.691956,61.674637,110.638794
251.270694,173.044682,61.868664,108.517601
252.376098,172.817703,61.126484,109.335724
252.205314,171.748135,61.095982,110.564003
252.237823,172.269073,59.866230,109.661652
252.604809,172.847679,58.961452,109.120071
252.807628,173.341633,57.680264,109.162865
252.761442,173.765793,57.538994,108.657928
251.418495,173.373505,57.283482,109.005615
253.335071,173.014965,55.339855,108.842934
251.616731,173.070084,55.537918,109.175415
253.494966,172.424603,54.803085,109.509682
252.031454,173.191666,55.712807,109.553436
253.610885,173.600872,54.668842,109.383003
252.760946,172.669975,54.362862,109.314468
252.463798,173.026237,53.902561,110.006607
253.066114,172.127983,52.809868,110.016403
253.254795,172.034748,50.697124,109.813744
252.652994,171.445629,48.820282,109.938118
252.243198,171.190067,50.056652,110.863640
252.680805,171.060295,49.316509,110.725632
253.263544,170.965252,49.656891,111.505684
252.939336,171.167503,48.897957,110.610794
253.552385,170.869930,49.613785,112.192543
253.513157,170.589294,49.028088,111.435699
253.177816,170.841076,49.006416,111.740517
253.744449,170.652531,48.652020,111.546715
253.098049,170.331917,48.405148,111.807968
253.763422,170.497654,48.947784,112.084770
253.104002,170.393532,48.586784,111.642288
253.153223,169.758995,48.666321,112.304062
253.868129,169.721756,49.098171,112.434723
253.365064,169.736229,48.856865,112.629562
253.098798,169.396366,48.848961,112.372734
252.934492,169.467266,48.468773,112.789101
252.953855,169.069962,49.055290,113.083069
252.785812,168.964291,48.530598,113.193886
252.280531,169.096581,48.680443,113.125412
252.237404,168.533310,49.001987,113.873169
252.544759,169.220512,48.614418,114.198074
253.101415,168.617329,48.855598,113.976311
252.719555,168.135620,48.413479,114.068634
252.896927,168.715382,48.878437,114.561424
252.926881,168.810398,48.405502,114.524162
252.684040,168.027756,48.785503,114.352661
253.080526,168.973152,48.813698,114.525711
253.662811,169.255444,48.991047,114.383186
252.862526,168.379593,48.973118,115.123016
254.152792,169.220242,48.396095,114.257607
253.746463,169.275291,48.838085,115.103897
253.131025,169.240936,48.747307,114.656982
253.052414,168.722939,48.765308,114.286911
254.243065,169.720493,48.528080,113.668114
252.787624,169.293766,49.363308,114.305809
254.308784,170.913471,49.067539,113.533867
253.179863,169.913406,49.637089,113.658325
253.783756,170.667877,49.216290,113.050781
253.684215,170.091511,49.553921,113.450218
253.638458,170.758858,49.787495,113.561752
253.416626,169.207626,49.733418,113.647614
254.786970,169.892082,49.260063,113.540726
254.934114,168.921444,49.557510,114.067757
253.643488,169.290329,49.964203,113.873413
253.842775,168.358276,50.281815,114.817505
254.233171,167.741928,50.220383,114.929962
254.934847,167.248871,49.799789,116.078888
255.412197,165.817719,49.712521,116.457581
254.424873,165.615997,49.861851,116.106873
254.682892,164.266380,49.497425,118.475082
255.172882,163.182259,49.262836,118.100906
255.089782,162.853020,49.352131,118.454880
255.754451,161.799053,49.590115,118.481606
254.938814,162.662193,49.754776,118.495834
256.543937,162.904900,48.639439,117.779678
256.087152,163.857891,51.096161,118.379189
256.371841,163.750374,51.542316,117.582047
257.637434,165.289867,51.772667,115.678658
258.622225,165.236015,53.613480,114.278793
258.997472,166.472149,58.679665,114.118660
258.395965,165.078415,58.391865,114.625183
257.631277,165.686314,61.607765,114.633537
259.300678,163.647560,61.637615,115.926224
261.087751,164.083279,60.794731,116.812202
263.142690,163.305164,59.110542,116.841362
263.626730,162.231499,57.522377,116.349838
264.294805,163.239197,58.442940,116.827911
264.491737,161.434532,56.159794,116.643478
266.197939,161.720421,54.439499,116.683762
266.884885,160.097019,52.650658,116.405724
268.707002,159.983932,52.391373,120.327881
269.990867,159.224281,51.187107,123.574661
269.324154,159.854519,51.487057,122.428719
269.528705,159.135860,52.287273,123.473793
268.370542,158.628723,54.897209,124.058380
267.601980,158.162369,57.805061,124.942627
269.500959,157.369709,57.239220,125.197716
271.734169,156.820545,56.211796,124.800591
272.542310,156.758129,55.354607,124.569862
277.964361,157.062286,50.613411,125.395050
279.937114,158.638954,50.208157,122.897598
280.974090,158.486156,50.751637,123.522896
282.797470,159.576622,51.492390,123.591476
282.894834,159.936852,52.275475,123.494217
283.062240,159.725044,52.176380,123.186020
283.863420,159.138790,52.489273,124.076210
284.941229,158.929718,53.000923,124.563660
285.761205,157.582172,52.867256,125.273949
287.356905,157.443417,52.112564,124.944801
289.429712,157.360554,51.548889,124.570427
288.350252,157.997147,52.039444,124.389465
289.551906,157.520927,51.550747,124.004868
290.548685,157.602520,51.167206,123.719917
290.662286,158.149651,51.039917,123.424026
290.800647,158.751415,50.268444,122.779976
291.386982,158.250233,50.646008,124.157310
291.526851,158.283749,49.915401,123.687172
291.112173,158.590164,50.589943,125.342102
291.124273,158.814438,50.411415,126.101624
291.319496,160.167358,50.222782,124.985870
291.526602,159.856686,50.455666,125.210487
291.164884,159.777538,51.135765,125.438118
292.175140,159.392361,50.446796,125.324196
291.536945,159.022686,51.943737,125.449196
291.729032,158.189426,51.318901,125.987206
292.080656,158.329361,51.494499,125.212982
292.478080,158.569469,51.497715,126.203682
293.656967,158.244926,50.719868,126.947067
293.322920,158.332119,50.959526,126.863258
293.926677,159.739838,51.341793,126.282745
293.973798,159.833008,51.078331,126.516937
294.371919,161.119972,51.508316,127.222794
295.691448,161.770218,51.325863,127.136963
297.439411,162.372356,51.713757,126.623390
296.467581,161.843613,51.319771,127.714935
296.938322,162.366859,52.243523,127.657608
296.921705,161.944180,53.184685,127.065376
296.955341,162.207855,53.715466,127.725800
297.295097,161.358139,54.332157,127.767517
296.635603,161.397846,54.544212,127.707695
296.431284,161.628548,55.035553,127.835464
297.681246,161.050755,54.017899,127.799492
296.145462,161.728443,54.850819,127.510063
297.780611,162.396965,53.772598,127.061417
295.972198,162.466846,54.420643,127.303703
295.276718,162.727402,54.618427,128.292450
295.993187,163.410286,54.593937,128.657059
294.882776,163.672440,55.099762,127.730408
294.540743,163.701382,54.755997,127.851875
292.311941,164.734959,55.739754,127.265953
288.432272,164.535362,59.368813,127.053513
285.444473,163.486004,62.090809,127.695168
288.911150,163.747108,58.507858,128.319107
277.709902,163.644703,70.498795,127.702477
289.164964,163.708015,57.694748,128.373001
280.905279,163.928135,64.853645,127.648399
287.902460,162.765594,56.998291,128.268463
283.250406,162.735756,60.871460,128.340408
284.904703,162.674324,59.217346,129.231583
282.217792,162.835815,60.581005,130.657837
286.278940,162.450989,57.669067,129.300873
285.500602,162.835861,57.003971,129.510101
284.307735,163.066818,58.027279,129.587524
284.644672,163.840996,57.519176,129.307968
285.093883,164.682343,57.105038,129.276733
283.777395,164.868507,57.529823,129.157059
284.430252,165.423019,57.515308,128.848450
282.542871,166.242149,58.785431,128.169876
285.821731,165.804039,56.725574,128.585953
283.068168,166.243378,58.291142,128.653015
284.065143,165.947639,56.869732,129.003250
283.010906,165.410477,57.311764,129.050537
283.441585,165.254860,57.413052,130.577560
282.651334,165.040817,56.796684,130.694336
283.590557,164.689507,56.290493,130.629990
284.668659,164.206337,55.571148,130.825394
283.968948,164.726776,55.639423,131.005676
284.138345,164.380936,55.708038,131.163940
281.984564,164.410042,56.119057,132.623123
280.423717,164.970169,57.078823,131.905884
279.100065,165.814995,57.493858,131.661880
277.444217,165.354973,58.071087,132.991257
279.568432,165.851784,56.679440,132.522903
274.025358,165.729279,59.737968,134.027130
272.360573,166.163658,60.517643,133.455215
270.063135,166.848099,61.518280,133.162323
268.128721,167.032669,62.856285,133.749542
265.262743,167.003876,64.354752,133.883881
266.436077,167.469345,63.162258,133.198853
261.032476,165.422256,67.036476,134.232483
260.350053,165.225861,66.921890,135.258026
257.731683,164.041420,67.398529,136.106277
261.349107,164.690910,63.654495,136.138901
258.892339,164.948128,64.796486,135.672806
258.785944,165.485321,64.645752,135.680359
258.572376,165.750603,63.654797,135.727280
254.753526,166.279434,66.358871,135.217834
184.512985,160.057106,56.715687,126.632156
186.221092,159.807281,55.705784,127.001862
186.179573,159.553383,55.676945,127.247940
186.099237,159.416767,55.773621,127.275291
187.322649,160.022228,55.570786,127.413887
187.471275,160.622707,54.766483,127.208138
188.020338,161.264900,54.982323,126.579208
187.786886,160.993847,54.645241,126.201912
188.151277,162.059364,55.702652,126.688217
188.380974,162.189911,54.758213,126.229248
188.357794,163.149632,54.733101,126.794243
189.736940,163.858566,54.161514,126.366669
190.652904,164.693451,51.911861,126.064056
191.087475,165.478439,50.471920,126.233826
191.363737,165.636616,49.757500,126.163445
190.691993,166.313835,49.816990,125.974167
191.364082,166.417698,49.970676,125.998039
190.784473,167.186966,50.273144,125.509613
190.922596,167.342537,51.008862,125.745193
191.712862,167.354820,50.910507,125.647537
192.315515,167.967079,51.060730,124.881638
192.342060,168.286976,50.825878,125.263542
193.110458,168.322899,51.904560,125.415543
193.947885,168.358601,52.635376,125.937035
195.332586,169.110386,54.625618,126.928459
196.725958,169.589108,55.234291,127.095375
197.780851,170.772194,56.081627,128.093948
198.635874,170.556053,54.129456,129.251541
199.194339,170.787056,56.558239,129.641769
202.227886,171.031578,52.885860,128.510178
204.628238,171.376129,52.174603,127.226440
205.285749,171.624184,53.534752,126.611526
206.260166,171.302559,54.813702,126.226974
205.494150,170.805256,55.538361,126.439629
207.018532,169.410515,55.484531,126.487411
209.389457,169.473221,55.572025,127.901489
210.489973,168.961441,56.827354,128.083801
212.281637,168.487991,55.427711,130.292786
214.018621,168.512375,56.701790,134.118622
212.689722,168.624939,57.847290,134.260071
214.792089,169.014854,58.056007,135.250320
215.712589,168.623497,58.644024,136.598221
218.955465,170.857468,64.655403,137.727936
257.324373,176.314331,59.332016,143.190735
257.374492,177.948540,59.769405,140.217117
256.578024,177.988670,60.087471,139.919266
257.248251,178.486847,59.269569,138.520752
256.490654,178.856735,59.010624,137.855560
253.990602,179.600548,59.618759,138.581131
220.680792,170.956734,50.729805,131.428879
223.872280,170.881706,55.181637,137.723862
258.988275,179.863579,56.465851,142.839676
258.078129,178.341713,56.880627,141.105576
221.408069,170.702873,50.687664,130.818771
225.948038,170.891518,51.719818,134.838760
257.791855,177.608795,57.019764,144.692383
258.050747,176.822556,57.140957,143.850037
257.725101,176.620346,57.060802,143.534821
258.544178,176.872604,56.595440,144.413177
259.915067,176.652115,56.073570,143.550690
259.498764,176.218231,57.023518,143.012787
256.931717,175.770134,57.170643,141.387161
260.765215,176.108124,56.009689,144.155792
258.196237,175.860512,57.270752,143.051346
148.748016,159.792412,54.192371,143.552170
148.801593,162.950272,53.788830,139.257324
148.849998,164.666939,54.822727,136.404007
148.501415,165.110565,56.719204,136.039185
149.537231,168.006165,57.102772,132.348816
148.531479,164.661636,58.398182,135.508148
150.827905,167.690918,57.684052,132.983002
150.772249,173.067177,59.240860,128.024216
152.971658,175.104691,58.381470,126.737823
152.934047,175.004539,60.677944,129.092636
153.858366,178.071575,60.840630,126.461494
153.467737,176.955696,60.373413,127.371811
155.328232,179.124920,59.975239,125.775917
155.045267,178.955662,58.443237,125.688591
154.923073,178.693165,60.276127,126.459587
154.277605,178.231110,63.116104,127.306732
266.332334,183.565201,57.900505,142.806641
263.866825,182.841331,58.692455,142.177933
263.783109,182.728432,58.144554,142.715652
263.690769,181.787521,57.667217,143.684509
261.707786,180.490097,59.265202,144.573944
261.952114,179.149681,58.746883,146.944870
260.383697,176.589378,60.861286,148.796066
261.263977,177.151573,59.488758,148.201981
257.380827,173.295120,63.225426,152.474396
247.455846,170.081474,73.344856,156.476028
247.820707,168.956009,72.224205,158.046478
247.797926,168.190430,73.569206,159.426331
248.684759,168.064575,73.865303,159.209778
249.111852,168.225792,73.890266,159.568680
248.451811,168.381615,74.397423,160.068436
250.730051,170.848991,75.145203,160.699539
253.752859,173.130035,75.399696,157.796021
253.985704,175.505966,79.572433,155.681671
255.582658,173.069611,80.003036,157.684875
252.296812,172.930519,83.752037,158.745041
253.178091,172.436195,84.534950,158.612778
255.628401,178.912056,84.722221,152.263046
259.274126,179.854645,81.597275,151.567017
255.955999,174.574615,83.700386,156.833557
260.803323,179.488892,77.195679,153.482544
257.210199,174.334007,81.728546,156.712357
260.268289,180.835243,77.913574,151.109665
262.466287,176.940140,75.516724,154.622650
260.208711,176.423943,77.261856,154.737808
261.626051,180.650337,72.592705,154.616196
266.023912,181.742912,71.786728,154.489334
263.495310,179.828537,73.753479,156.394257
260.171083,181.256119,74.372513,156.476776
266.380319,185.551666,69.214478,154.718750
261.831434,184.794670,68.623375,152.190689
260.370931,184.498161,70.701942,154.548721
257.450750,183.522156,71.798531,154.400818
259.375551,182.828667,68.513565,154.218338
259.699289,181.145340,70.536316,158.255707
259.759271,178.319450,69.970917,161.835892
259.085317,178.922707,67.708351,159.392014
261.686998,175.920868,70.640732,162.903625
262.392786,175.771805,70.977814,163.644867
263.609434,176.185074,71.342430,163.498505
264.822221,175.815102,70.480637,163.907822
265.661730,174.643227,72.575180,163.903915
266.354467,171.647980,73.990852,164.350952
268.042806,169.736816,72.789711,165.773132
268.160200,171.602577,72.787468,162.885605
267.056207,170.540901,73.705536,163.450668
268.218992,168.625992,73.151817,164.525360
267.420191,169.442513,73.841156,161.648727
266.374567,163.787384,74.127533,164.674866
266.011926,162.351234,75.194122,163.155807
260.369455,160.382950,79.055054,162.897125
262.537977,160.753021,76.062370,162.352966
150.113676,167.633751,68.763908,137.329239
149.747087,168.203514,68.975357,136.563156
148.752481,167.655670,69.200836,137.080872
147.761675,164.911278,70.320114,137.144363
147.795309,164.907097,70.024330,138.391891
147.998560,163.096237,69.774597,138.416626
148.073583,163.141266,69.530617,139.207520
146.965784,160.331711,67.841125,138.898438
146.886217,160.713860,69.281784,138.823196
69.639679,126.965843,57.633106,109.845627
72.779691,126.278473,54.159264,108.214539
71.658329,125.996201,55.053051,108.724365
69.270158,124.299618,54.532852,109.767830
69.256988,122.308624,54.061298,110.111023
66.462976,120.722427,55.461426,110.673798
65.346878,118.809269,55.362904,111.859825
63.962660,116.951801,55.375877,112.604057
64.327356,117.473667,55.455841,112.067314
61.310995,115.896557,56.148445,113.282234
60.369510,115.086742,56.666698,114.066536
57.977712,113.304729,57.727425,115.038826
55.371618,111.282181,59.177956,115.798248
52.970367,112.260948,60.674305,114.987259
52.688595,111.495693,61.826565,115.761909
50.332092,111.924030,62.335163,115.139732
48.277837,112.465546,63.331917,114.738525
47.043558,112.439411,63.042847,114.958946
46.200302,113.707062,61.779743,113.643463
45.169248,114.132931,61.144310,113.314339
43.815971,114.525677,63.461216,113.533394
44.451278,114.242840,61.112629,112.105659
44.823328,113.954945,59.695099,111.629417
44.028661,113.519791,59.575600,111.922394
44.249342,113.458149,57.285118,111.085991
42.522640,112.176846,57.490322,111.079994
42.679374,112.793129,57.211033,110.797989
41.944162,111.907204,55.954742,111.183487
42.303573,110.448887,55.462910,112.522209
40.448320,109.247128,54.068619,113.439980
40.449346,107.191185,54.783241,114.851181
38.835302,105.767799,55.261543,115.587296
37.951603,105.158119,56.017071,115.841080
35.797426,103.834969,57.451859,116.669235
33.105577,103.970177,58.682755,116.869919
30.827038,103.443398,61.135403,117.407639
29.734445,104.467098,61.591400,117.321144
28.276741,105.681904,61.795933,116.994469
30.483614,105.307854,60.263687,117.607010
27.475788,104.726528,62.365612,116.779366
26.969803,103.527020,62.212727,116.997169
25.363208,103.184937,62.618603,116.682678
24.351774,103.453041,63.210320,117.048843
24.248295,105.267956,62.753338,116.748817
23.792646,104.019695,62.319389,116.159889
23.169504,105.136501,62.742676,116.743385
22.832376,103.043316,61.420074,117.516701
23.551763,103.795338,60.552345,118.012993
23.905130,103.588722,59.998901,118.365036
21.490617,102.763031,60.909134,118.673065
22.421205,103.129463,60.298660,118.822739
20.425157,102.748367,61.231308,119.364899
20.507341,103.643391,61.648453,119.273735
20.830101,102.416161,61.893070,119.921219
22.335039,102.525528,61.565536,119.665649
20.414655,103.698574,64.454369,119.371315
22.528970,103.087257,62.363007,119.127853
23.444090,103.396210,62.276299,119.380341
24.649503,103.885254,61.272881,119.050446
26.030376,105.933048,61.516537,117.879539
28.283275,106.960583,59.766445,116.936226
29.777504,109.838840,59.203342,114.957695
30.377607,108.268818,58.144463,115.550682
30.968446,111.419762,59.860031,113.649673
35.721439,111.855568,55.454174,112.915726
38.577755,113.528011,52.596676,111.613960
38.108587,113.516464,52.297035,111.252167
41.388248,114.916431,49.462048,110.073814
40.230509,114.625572,49.107697,111.264755
41.612541,114.958904,48.969517,110.402748
42.371259,115.504433,48.077751,109.746445
43.485914,115.717834,48.280113,109.582642
42.891853,113.854904,47.846012,110.169556
43.196787,113.105236,47.963654,110.030891
43.372888,113.255501,47.777710,110.212967
42.811928,111.216389,47.890690,110.906883
42.970392,111.119503,48.113251,110.871193
42.412353,110.016724,47.622608,111.498810
41.904407,112.323406,47.970165,110.449623
42.096967,111.478104,47.125664,111.245758
42.401731,111.577156,47.499413,110.948563
41.162573,112.869694,47.698555,110.584282
41.266378,113.591969,47.313271,109.817162
40.995088,113.093460,47.879257,110.232086
39.951822,112.895302,47.459167,110.545364
39.327287,111.262154,47.900009,110.843613
39.020876,111.979504,47.810501,110.627235
38.467754,111.013954,47.768337,111.852524
38.319061,110.713985,47.643299,111.864571
37.463001,111.829281,47.413494,112.455330
36.864879,112.339119,47.385494,112.615189
35.053705,111.752628,48.112000,112.759850
35.525589,111.901798,47.444386,112.294914
34.471803,110.958641,47.458603,112.706650
34.396423,112.311493,47.211903,113.224396
33.073999,114.109241,47.206573,112.539482
31.595121,115.891594,47.736168,111.887619
29.877481,118.445660,48.011841,110.929298
29.868192,119.007519,47.966820,110.985176
27.104900,120.933380,47.788540,109.838593
24.854965,122.736752,47.717854,109.275063
21.334858,124.825920,48.075024,108.145370
19.116703,127.133823,47.627483,107.467155
16.674665,128.565933,46.991417,107.162598
16.324691,128.356197,47.388416,107.247993
13.968521,132.125660,47.289387,106.425926
12.136774,133.060036,47.567841,107.012589
10.429823,135.614391,47.037621,106.997749
7.960859,136.465923,47.461937,106.795723
4.317411,136.823765,47.906639,106.884972
6.229139,137.410110,46.767387,106.522430
3.052730,137.247944,47.743160,106.242729
3.543878,137.069008,45.887360,106.390396
2.329515,138.693417,45.659378,106.362404
0.616300,139.995312,45.110008,105.897499
0.759561,140.827599,44.035034,105.505539
0.815637,141.235577,44.267181,105.372108
0.124447,141.602154,43.353756,104.762947
0.098118,142.304371,42.094250,104.690971
0.000000,142.503017,40.976145,104.240883
0.000000,143.950573,39.997687,103.962868
0.000000,146.425785,39.253044,103.145531
0.000000,146.398266,38.689951,103.384743
0.000000,147.104813,37.796887,103.082733
0.000000,149.305065,36.884289,102.730873
0.000000,150.240364,35.569050,102.756393
0.000000,151.318783,34.036907,102.551155
0.000000,151.127125,32.766485,102.678978
0.000000,151.330528,32.586656,102.689560
0.000000,151.708057,31.499218,103.233330
0.000000,153.544571,30.354510,103.778748
0.000000,155.196350,28.727770,104.056580
0.000000,157.602722,27.547363,104.215271
0.000000,160.823597,25.236171,102.944328
0.000000,160.500496,25.589356,103.183441
0.000000,163.284050,23.706983,102.101807
0.000000,166.857792,21.861259,99.770149
0.000000,167.096622,20.348929,98.616066
0.000000,168.730114,18.877049,97.988548
0.071565,178.841465,17.850176,87.375298
0.000000,177.486790,17.752799,89.008598
0.000000,179.801239,17.403943,88.502213
0.000000,178.557983,16.413247,87.640259
0.000000,178.979126,15.841503,86.127579
0.264384,177.605873,15.491401,87.521881
0.000000,178.663574,14.641539,85.853363
0.304395,177.992416,15.578204,86.012192
0.000000,176.823692,15.417553,89.104355
0.000000,173.172585,15.413756,95.264343
0.000000,168.065353,16.155871,100.731049
0.014981,165.655087,17.741096,102.890755
0.000000,163.608704,17.584006,102.970261
0.171949,163.645954,18.252575,102.158348
0.000000,159.490643,18.548750,102.943703
0.000000,156.439259,19.105456,102.911079
0.000000,152.157719,20.134821,104.202751
0.000000,148.963882,20.606264,104.052719
0.000000,145.678474,22.999161,104.234192
0.000000,142.793247,21.810753,108.175087
0.000000,140.871140,24.230249,107.796814
0.000000,137.995560,25.110115,107.060043
0.000000,135.681797,23.888197,106.599129
0.000000,134.259472,26.671454,107.680794
0.000000,133.163670,24.422103,106.238701
0.000000,132.726528,23.484933,106.206306
0.000000,132.759121,23.007704,108.806709
0.000000,132.467903,23.748389,107.208130
0.000000,131.317436,24.624624,105.774002
0.000000,129.647350,25.756182,105.450035
0.000000,126.344055,26.662118,104.372894
0.000000,123.995544,26.587789,105.999237
0.000000,121.767635,26.453300,104.339027
0.000000,118.855858,25.791413,105.180862
0.000000,116.616543,26.896057,106.271248
0.000000,115.943031,27.537622,106.905807
0.000000,116.791801,28.606698,106.932541
0.000000,116.544605,28.483842,106.739281
0.000000,115.338402,29.956395,107.820663
0.011219,114.526016,30.648617,109.003387
0.000000,114.242802,30.748531,108.867485
0.229635,114.879730,31.491684,108.463501
0.000000,115.021278,32.406381,108.215958
0.000000,114.877533,31.954165,108.580780
0.000000,115.181316,33.489616,108.501228
0.000000,115.832924,33.544183,108.679153
0.000000,115.032207,34.292439,108.617622
0.000000,114.089165,35.334351,108.659866
0.000000,113.686855,35.079878,108.327736
0.000000,113.345940,35.330628,108.791122
0.000000,112.349461,35.101536,108.545341
0.000000,112.121819,35.136013,108.545242
0.000000,111.481110,35.031267,108.273651
0.000000,111.306046,34.665809,107.601532
0.000000,111.685089,35.356950,110.975494
0.000000,111.877754,35.190161,110.016403
0.000000,111.919403,35.721958,109.337158
0.000000,112.091213,38.088016,109.188393
0.000000,112.233955,38.232504,108.747574
0.000000,111.810658,39.477759,108.741814
0.000000,111.048321,40.532739,109.120583
0.000000,110.625114,40.495938,109.704727
0.000000,110.252525,42.778065,110.316879
0.000000,109.504280,44.452761,110.301407
0.000000,109.072563,44.911487,109.795059
0.120540,108.194324,47.355190,110.229881
0.269775,108.769268,47.783588,109.357216
0.675130,108.926239,47.750587,109.303833
0.187923,109.142365,49.694576,109.481323
1.299884,109.715626,50.656750,110.657585
3.645681,108.816563,50.988197,110.826408
5.477581,109.894459,50.750484,110.286125
8.124639,110.043068,50.377754,109.425583
7.146181,110.411465,50.893387,109.289223
9.321529,110.481316,50.907223,109.184036
11.077030,110.831924,51.564922,109.871552
12.507513,112.772350,52.109718,110.185829
13.464111,114.136944,51.885609,109.137276
14.479776,112.641804,52.446625,109.830070
14.610860,111.582302,51.878700,110.070229
16.093711,112.288128,52.613926,110.597267
19.316032,112.469852,52.357548,110.570000
21.507741,114.710495,51.760170,110.397217
23.804729,115.136513,52.375179,110.164566
26.699199,116.125641,50.598965,110.369934
27.283294,116.768364,50.244251,109.732132
29.372179,116.653702,50.321671,112.768951
31.675788,116.880085,49.527225,112.518700
34.366973,117.941502,49.064655,111.906120
36.803878,117.920368,48.694660,111.498405
38.085451,118.164928,49.261032,111.664314
38.663034,118.743546,49.327362,111.383240
40.568718,118.819962,49.282291,111.294373
42.198814,120.623104,49.508060,110.971046
44.694915,121.453438,49.188953,111.061935
45.893598,122.519756,49.582390,110.902016
47.050445,121.859680,49.698414,111.977295
47.096792,121.973042,49.831612,111.604912
47.380325,120.759872,50.142353,111.686523
48.829385,120.050873,50.851410,112.176514
50.409561,120.124393,51.273853,111.644859
51.359302,120.873295,52.114391,111.756981
54.042190,121.224186,52.446430,111.732872
53.697786,121.252190,51.651443,111.111221
55.419117,122.198452,52.356060,111.190773
57.189331,121.886799,50.967335,110.371025
59.134132,122.466236,50.599735,110.696861
61.070480,122.226025,50.560596,110.025948
63.086887,121.543766,50.108959,109.834801
63.006141,121.671112,49.809422,110.040558
65.563362,122.056023,49.705357,109.594681
67.018026,121.950768,50.165291,108.935806
68.132433,122.736832,49.458359,109.081726
68.771356,122.817017,49.249084,107.618713
71.206102,122.426159,50.103439,109.751320
71.206615,121.592857,50.183987,110.246445
73.785381,121.777596,52.806667,112.060074
72.298034,122.390213,55.561604,115.856628
79.120470,133.765945,83.271530,169.699036
199.876615,132.714958,80.443016,172.441208
297.381883,133.146545,71.334641,156.931244
297.792341,133.137863,70.006828,157.334351
298.486101,133.093002,69.774277,156.989624
298.389909,131.856323,70.057846,157.493011
298.823507,131.894646,69.624184,157.716232
298.168684,130.691460,69.824150,158.621872
298.672704,130.624176,69.978157,158.499542
299.465326,131.781425,69.802887,158.416489
299.592905,130.259171,70.167175,158.903748
299.511400,129.199081,69.874680,159.476379
301.354311,128.666595,69.171829,160.919037
300.709745,128.598152,69.991722,160.333206
300.731828,127.710762,69.903610,161.119766
301.609239,127.717781,69.494980,161.089920
302.198286,128.257103,69.520500,160.801071
302.880422,127.738564,69.519753,161.394363
302.079427,127.481743,70.074867,161.130173
303.594789,127.307266,69.099197,161.277588
303.887163,127.658478,69.596664,160.731537
303.895937,126.852905,69.644608,160.938141
303.276704,127.621506,70.428238,160.690796
305.597707,127.443436,69.165382,161.388306
304.325388,126.782173,70.555603,161.186295
305.539434,128.101852,69.803108,160.280029
306.527036,126.885193,69.696556,161.089813
306.886545,127.989311,69.408020,160.148361
306.035059,127.360519,69.964508,161.044739
307.734094,127.689720,68.767365,160.560532
308.577604,127.351448,69.101585,161.001419
308.662431,127.343384,69.638779,160.510406
309.171590,127.652916,69.514931,160.089890
309.130888,127.196693,69.561241,160.328506
310.421964,127.575256,69.347191,160.433868
310.280321,127.471985,70.128464,160.247467
310.612058,128.205017,69.971886,160.135773
310.836877,129.085159,70.216766,159.934753
312.498010,129.604591,69.706268,159.904373
312.538751,129.022743,70.271576,160.061172
312.942758,129.824226,69.917236,159.659744
314.327814,129.578377,69.822113,160.259659
313.967668,128.608185,70.391403,160.207306
315.456274,129.449745,69.574348,159.612076
316.261186,129.069824,70.103317,160.425690
315.926694,129.032928,70.525780,160.338837
318.340620,130.446289,68.996452,159.307831
318.526041,129.489983,69.981201,159.436264
319.291055,129.570213,70.032410,159.412704
319.928312,129.741646,70.090660,159.418411
322.058862,130.096443,69.142120,160.353775
320.862825,129.964249,70.455704,160.100525
323.114496,129.743675,69.062347,160.304489
323.686422,130.295670,69.388710,159.253113
324.869504,129.635818,69.365257,160.259888
324.767477,130.431015,69.399574,159.759888
326.460912,130.387329,69.291939,161.372894
325.643766,130.730202,69.886864,160.280777
327.419775,131.651314,69.069710,160.269119
329.067033,132.455460,69.601242,160.985107
329.752252,131.721794,69.748566,161.004868
330.622407,131.550507,69.736221,160.993256
332.951288,131.402023,69.339996,161.661804
331.471361,132.269287,70.034531,160.276581
333.905042,131.321457,69.348076,162.295166
335.191057,131.120338,69.255966,161.882278
336.754983,132.535149,68.666931,160.516586
337.501234,132.847099,69.329948,160.923080
339.029279,133.509529,68.953178,161.034927
338.734045,133.033340,69.759468,161.895752
340.451894,134.310486,68.884743,160.997650
342.311273,134.457870,69.479523,161.828308
342.864225,134.182587,69.670006,161.708466
344.978799,133.958527,69.527283,162.052032
346.427110,134.699913,69.784470,161.268845
345.297109,134.211517,70.461037,161.087311
347.978536,135.665443,69.694984,161.387283
349.539224,135.564728,70.941895,161.659210
352.277872,135.945282,70.294006,161.745026
354.126066,135.597771,70.543724,160.946457
355.507062,135.029655,70.882927,161.758835
355.289285,136.110458,70.902527,160.847290
356.592905,135.323044,70.987000,161.291443
358.895765,136.429405,70.733025,161.111374
360.273496,136.356407,70.662498,161.301315
360.807577,136.016182,71.233009,161.337112
363.992429,136.546043,70.112328,161.791794
362.520319,136.789879,71.132843,160.665390
364.629674,135.637962,70.309334,161.654892
366.544035,137.441566,70.187096,160.917801
367.696725,135.643066,70.654053,162.201019
369.465757,136.495811,70.354149,161.147446
370.236536,136.775116,70.813812,161.103119
369.964727,137.045700,71.086189,161.015686
371.659879,137.617592,70.467796,161.110550
372.971422,137.061554,70.552719,161.420990
373.431665,138.401741,70.624298,160.886490
374.192884,139.406700,70.377983,160.584274
374.953870,137.865425,71.039726,161.891617
373.938207,139.174034,71.622200,160.666122
375.285024,139.565346,70.831215,161.158524
374.859937,139.269852,70.893303,161.407410
373.571992,141.183182,71.452164,161.485352
372.426221,142.303139,72.487297,160.887466
371.897371,142.519272,71.631546,161.328979
372.371378,142.944214,71.409119,161.585663
371.826822,143.384277,72.244263,161.174957
371.507974,143.388176,71.409241,161.038498
370.759134,143.063293,71.337708,161.649933
369.471757,141.938400,72.367722,161.870117
368.412546,143.079758,71.878174,161.674500
368.441263,143.900917,72.486633,161.383987
369.133550,146.767509,71.363289,161.353439
368.786184,151.158875,71.873268,160.858917
369.347292,155.805420,71.420975,161.126495
369.396257,161.216576,71.591537,159.732773
369.687826,164.967896,71.823097,159.431610
367.077959,165.846107,75.151352,159.854385
370.451883,169.226234,72.396729,158.061600
369.228414,171.609985,74.036476,158.225250
370.594472,172.847656,73.102882,157.300446
368.254530,172.790321,75.716545,156.674698
370.192136,172.609825,74.206932,156.803513
369.531454,173.581993,75.514198,156.342575
370.754316,172.402496,76.204704,155.707062
370.928590,172.814079,77.360306,155.539963
369.877554,174.702492,81.820412,155.623306
370.835390,176.056450,81.437393,153.692795
365.364305,178.273407,85.910141,152.073212
370.858667,178.019157,82.872284,151.805038
368.984705,180.691444,81.983978,150.135269
371.755231,181.390480,82.605034,149.531326
371.485418,183.138657,81.718941,147.305847
371.532953,184.881760,82.056671,145.637573
370.497552,185.505241,81.906464,145.410446
371.420305,185.301697,82.304184,145.367889
370.416639,188.788750,82.676262,143.134872
370.619382,189.977890,81.865318,140.148010
367.210306,190.774155,83.074524,137.474060
369.531820,189.190750,82.510597,137.056274
362.649137,185.325203,86.893211,138.994827
370.301984,188.673615,80.876884,134.378448
369.492288,186.300346,79.031860,135.895004
367.937147,183.988380,79.701408,135.863358
367.763814,181.938568,81.001259,135.089569
362.763879,176.209290,87.055878,138.252045
365.746053,173.149986,83.689186,137.083542
272.251077,153.509338,71.640198,168.563080
143.914918,111.718079,56.210831,128.465088
144.604274,110.157585,53.619534,128.850906
145.957101,108.940147,52.482574,128.033890
145.833215,109.343925,51.982635,126.899216
146.329799,107.915913,52.148983,125.808647
145.603530,108.619289,51.616077,125.425240
145.592577,106.414169,51.483841,124.433594
145.371778,106.036804,52.193810,124.777893
146.022356,106.566471,52.583572,124.440392
139.146577,105.207596,52.402817,125.047241
139.286136,105.503639,51.899853,124.762222
139.158401,105.503201,51.996265,124.983253
136.772178,104.015423,51.390659,125.450874
134.992910,102.473591,51.249489,125.421379
132.854765,101.053829,51.344109,125.853493
130.504968,100.927532,51.339355,125.588387
129.035379,100.266270,51.336609,125.791313
128.086328,100.542614,52.420105,125.984688
126.149606,100.468113,51.536896,126.452843
124.144279,100.719131,51.506260,126.165314
122.233907,101.248142,51.770271,126.826073
121.411773,102.684460,51.703297,126.071449
121.079248,103.448563,51.871094,125.584167
120.800245,103.988132,51.945580,125.601891
120.437284,104.022076,51.697838,125.034370
120.539489,104.369167,51.721088,124.486000
120.458904,104.665928,51.389309,124.139000
119.699112,104.873203,51.488850,123.998283
120.136505,105.285744,51.541553,123.616592
119.456560,105.403606,51.388474,123.631233
119.458391,105.005852,50.537918,123.813278
118.973903,105.687710,51.542507,124.338417
119.415748,107.160622,51.816380,124.824966
118.787672,106.502354,50.934959,125.148918
118.495082,106.567913,52.597256,124.957619
118.094175,106.214859,52.045677,125.271851
117.957090,105.326996,51.924431,125.739746
117.663148,105.473869,52.195114,125.722092
116.910484,107.642693,52.796635,125.646530
117.395710,110.221031,53.200298,125.131699
117.058347,112.063595,51.796745,124.210915
117.005159,112.765968,52.392990,123.873398
116.660633,114.219692,51.314953,123.566414
117.150020,114.737080,50.049191,121.466270
116.986852,115.205315,51.361885,120.622726
116.542156,112.554558,50.269100,119.491226
115.643304,112.375401,51.362701,120.166252
116.009775,112.212574,51.164124,119.747063
115.595632,112.724785,50.783150,119.755569
116.088382,112.139317,51.183147,119.598656
115.381136,112.860111,50.837296,119.291405
115.272787,112.121208,51.557228,119.274521
115.090457,113.082241,50.800762,119.382271
115.760456,112.267193,51.633495,119.397530
115.496072,112.909527,50.905914,119.346687
114.667440,111.229565,51.012459,119.764168
114.131334,111.217663,51.525864,119.651833
114.693208,111.138775,51.368698,119.575233
114.738901,111.350407,50.475677,119.762840
114.593088,111.226913,50.857330,119.560242
113.996587,111.545422,50.742195,119.661568
114.360553,111.930656,50.241467,119.805679
113.202373,111.426071,51.062679,119.511566
112.886201,111.818939,50.704697,119.114441
112.359254,112.593140,50.407181,119.259888
111.711160,112.859894,50.938202,119.259094
112.001989,113.797104,51.101540,118.856781
110.830566,114.325317,51.438984,118.930481
110.599258,115.323502,51.031116,118.687256
110.590763,114.921585,51.167309,118.496674
110.480487,114.212788,50.791515,118.569054
110.588050,114.120396,51.035007,118.443108
109.854587,113.710396,50.686474,118.377426
110.303939,114.011135,51.098316,118.376350
110.790033,114.243721,50.589539,118.133377
109.806842,114.794083,50.789776,117.816833
110.043973,115.678196,50.907494,117.710808
110.806903,114.686359,51.199383,118.153404
110.694622,117.198936,50.831570,117.538803
110.375686,118.833916,51.072010,117.555069
110.785240,120.172119,51.401646,118.035522
111.507829,123.699749,51.738388,116.798286
111.298788,123.205986,50.979958,117.446640
112.039234,124.391209,51.059399,117.105675
111.923139,124.714733,50.996025,117.426704
112.268684,124.930759,51.179630,117.739677
113.257265,126.635162,51.192368,117.566254
112.520395,126.704971,51.657379,117.888611
113.113893,126.274910,51.452469,118.272354
113.618986,126.002888,51.461845,118.316978
113.501545,126.498375,51.039104,118.864761
113.658262,126.582462,51.216057,119.350395
113.655424,126.049328,51.046562,119.203346
113.779636,126.210979,50.931713,119.479378
113.536138,126.088512,51.352760,119.479012
113.999473,125.223007,51.115360,119.542572
114.561426,124.595638,50.559479,119.775276
114.049909,123.741364,51.037682,120.303467
113.699997,123.217892,51.114460,120.222694
114.895267,124.151890,50.691357,120.113640
114.319624,124.318802,51.137230,119.500336
114.819887,124.205276,51.314835,119.425568
115.481586,124.408230,50.723522,119.741829
115.030059,125.666462,50.934742,119.225426
115.676546,125.240097,51.223526,119.711700
116.033069,124.958263,50.682659,119.499916
116.413457,124.833984,50.605690,119.234528
116.629427,125.284634,50.349106,119.061440
116.618534,125.373837,50.677074,119.422646
118.066717,125.289364,50.423714,119.562416
118.115928,125.903618,50.783787,119.434402
118.711656,125.762466,50.503616,119.782043
120.483505,126.865505,50.522144,119.279610
120.151170,126.652367,50.362015,119.365585
120.562755,127.241619,50.620327,119.364113
121.286398,127.366646,50.148872,119.021408
121.015955,127.359543,50.487579,119.219330
121.644842,126.890354,50.607307,118.638634
121.854366,126.978416,50.871059,118.851395
121.848899,126.697823,50.646824,118.811661
122.527246,125.984303,50.412659,118.944481
122.154863,124.294407,51.192917,118.348778
122.840189,122.584854,50.725586,118.138641
123.931747,120.269020,50.788593,117.563187
124.065845,118.711033,50.398174,119.064659
124.518922,119.536930,50.814285,119.048790
125.063980,118.021847,50.415943,119.586494
124.864162,117.718418,50.471706,119.731987
124.799730,115.877487,50.586502,121.227509
125.480241,114.254204,50.569260,121.354355
125.591714,111.156914,50.125366,121.606308
125.791606,111.999092,50.838070,121.281052
125.470291,109.508160,50.530140,121.832161
126.567277,106.360226,50.780197,121.361671
127.110385,103.750351,50.727489,122.413422
127.186807,104.601208,50.424622,121.909157
127.470989,104.558559,50.395657,120.827400
127.916996,104.908619,50.089428,120.883720
128.032577,106.912838,50.395222,120.670296
129.870990,108.123104,50.805126,119.982216
132.242422,108.466408,51.164833,119.094986
136.371208,108.125633,50.996525,118.536606
139.867399,107.934536,50.870476,117.901436
140.072868,107.848709,50.876835,117.843384
142.528957,105.663960,50.737606,117.170219
146.069015,105.367371,50.660267,116.927704
148.837505,103.807594,50.921841,115.826004
152.461753,102.923012,50.861515,116.202072
154.478618,103.211582,51.755245,115.652000
154.188163,103.176384,51.648380,115.443344
156.272111,104.904911,51.152695,114.935722
158.270135,104.278160,50.522583,113.114700
159.284996,101.749027,50.348545,114.368126
161.046533,100.370934,50.439362,113.501785
161.654848,97.887516,50.946915,113.849236
161.534544,98.768654,50.358971,114.180649
162.529275,97.035259,50.387970,114.176033
163.771940,96.402264,50.221031,114.167732
165.300802,95.034222,50.898445,113.974251
166.666557,92.250526,50.816196,113.683182
167.076337,89.454670,50.746117,113.719872
167.811737,90.416172,50.609974,113.715050
168.280183,87.799088,50.641342,113.558136
168.398120,83.625996,50.871441,113.625481
170.390558,80.661491,50.314514,113.867569
170.497881,78.090488,50.779312,113.892693
171.276537,77.774292,50.639145,114.505798
171.061245,77.604256,50.819088,114.392654
172.401958,78.598305,50.312374,113.837448
172.012743,79.928410,50.464188,114.608208
171.009328,80.055195,50.805763,113.788780
169.543685,79.940247,51.170490,113.822205
168.255760,78.331657,51.424992,113.252609
168.129558,78.348038,51.333920,113.606689
166.715181,77.609570,51.084274,113.449440
164.663316,76.236767,51.198471,113.079689
162.449388,75.912079,51.316513,113.355621
160.780019,74.497673,51.190315,113.083542
159.264429,73.288795,51.510345,113.324234
158.988695,74.462769,50.850327,113.348419
159.268016,73.049458,50.692745,113.195000
158.716049,72.591625,50.961445,112.721870
158.001983,72.305653,51.344135,112.654472
158.542972,71.147163,50.990398,112.686935
157.997882,71.572189,50.811443,112.837585
157.956665,71.694061,51.192158,112.742493
157.193809,69.775978,50.603397,112.812576
157.281274,69.188484,50.509796,112.874954
156.320484,67.390167,50.391521,113.209473
156.104263,67.823006,50.969318,112.519272
156.884540,68.340775,50.722301,112.837189
156.510679,69.074574,50.592613,112.744743
156.665739,72.544567,51.047173,113.474373
156.311214,75.962261,51.252316,112.910683
157.718689,78.764477,50.809864,112.794411
157.288686,80.488403,50.809334,112.262543
157.623025,80.740944,50.859619,111.186600
158.197828,81.431343,50.911034,111.286575
158.214887,78.726406,51.412712,111.477913
158.865259,78.500702,50.968323,111.191833
158.495847,78.807804,51.337151,110.945061
159.001482,79.636883,51.268082,111.086617
158.324686,78.434204,51.294434,110.837006
158.726114,77.963821,51.389099,110.978119
159.140106,78.890285,51.525043,110.722939
158.875925,78.472141,50.762787,110.462425
159.092676,79.100193,50.864349,110.048637
159.643114,78.848190,50.721085,109.285065
159.786300,81.925068,50.589405,109.047935
160.517450,82.334991,50.402252,108.618347
161.210422,84.425346,49.906506,105.708176
164.584890,88.281067,47.375893,102.323517
169.691639,94.090088,44.791912,96.835175
175.686624,103.140137,42.215057,88.706207
181.423448,111.301075,39.153152,81.124748
181.757669,110.626541,38.819214,81.094116
186.804220,117.746479,36.398109,73.539055
191.044033,123.364624,33.843868,67.688446
194.034399,127.375662,32.828316,63.521534
194.963139,126.385971,31.547342,64.146622
195.265738,126.859871,31.400198,64.276260
195.482238,127.378719,31.379292,64.290199
194.448035,126.288101,31.586874,64.243439
194.962257,128.055984,31.833302,64.372238
195.314045,127.010162,31.587046,64.625870
194.767282,128.548229,31.991501,65.026070
194.805084,128.581211,32.202549,64.865929
195.021980,128.508263,32.214970,64.865768
194.268730,130.497372,32.721500,65.554039
193.806821,130.221001,33.228279,65.727921
194.502136,130.242905,33.202869,65.572296
193.932598,130.852333,33.759090,65.813293
192.767669,130.660233,34.265324,66.199234
193.579172,131.585220,33.921173,65.617981
191.789901,132.813835,34.023518,66.000717
191.049945,134.216942,34.215267,65.576248
188.524938,134.041100,35.269325,66.110382
188.437582,134.245255,34.736580,65.950241
187.325532,135.235542,34.989548,66.034790
188.036851,134.761883,34.307068,65.808846
187.284099,133.763565,34.896435,66.809906
186.681186,135.606300,34.997845,66.393555
187.058961,133.829842,34.597626,67.109818
186.457437,136.111130,34.944839,66.576782
187.393833,137.000504,34.096737,66.852005
187.388395,136.413887,34.396690,67.015091
187.099969,139.324795,35.515793,67.842369
188.000225,141.583076,33.348400,66.192627
188.945247,143.157196,33.489758,66.099167
189.801920,144.135384,31.291565,65.918411
189.901963,143.920399,31.907457,65.934990
189.345099,143.106594,31.671164,66.580803
188.877742,144.959976,31.995602,66.321289
188.963976,143.174667,31.152967,66.009766
187.103157,144.451664,32.545368,66.318230
186.853867,144.828907,31.789507,66.496040
185.923509,146.282082,31.882324,66.770554
187.039360,147.029533,32.104694,66.019318
183.631864,146.562157,32.646217,66.752335
183.133144,148.730083,33.069302,66.645195
182.270380,146.925503,32.152206,67.157112
180.784817,145.474964,31.853708,67.118202
179.234048,143.681210,32.225784,67.541451
180.373796,144.416622,32.144821,67.218391
177.863487,142.239838,31.791889,67.425232
176.864097,142.873878,32.268147,67.356583
176.272195,141.589005,32.059601,66.349075
174.919837,139.069679,31.907766,66.434509
174.571653,135.802933,32.494240,65.886780
174.409358,135.167370,31.838591,65.664467
173.208440,132.387302,32.062782,66.075844
172.523216,128.274517,32.584568,66.256905
172.202024,126.565849,32.163948,65.542786
171.615766,123.986671,32.274651,66.088959
171.086772,121.636787,31.946714,65.518906
170.477260,121.542576,32.169521,65.589836
169.918977,119.485497,31.469513,65.886047
169.290927,118.164375,31.941191,65.750504
169.612093,115.939472,31.740660,66.075294
169.169748,114.551323,31.950851,65.587830
170.047533,112.013458,32.493088,65.593750
170.947577,111.929169,31.805944,65.730545
173.355262,112.632763,34.837330,64.317940
177.369684,110.749901,34.245544,65.289627
181.347122,110.935284,35.876896,64.135063
183.604276,112.255322,39.756142,63.717461
190.835418,110.903379,35.445591,63.652256
188.917463,110.678761,36.727089,65.282280
194.295173,110.376560,36.117176,64.868965
196.357774,109.872463,36.264267,66.366829
194.176046,109.823700,39.657722,66.635559
196.856372,107.961811,37.618359,65.262825
196.160677,107.560051,38.897522,66.410126
195.239976,108.362175,40.499786,65.742508
188.378540,111.160648,50.598621,66.156792
195.263610,115.236963,42.481190,62.222118
197.076654,112.687057,40.968994,64.018845
199.076562,111.198837,38.421936,64.270752
199.148939,109.287304,34.847939,65.348915
199.970340,109.316410,33.889080,65.671410
188.698009,110.075417,42.534847,65.078888
185.982057,106.564186,39.330368,66.806122
181.359560,104.845390,35.687912,65.420319
176.683706,102.697510,33.265480,65.772888
172.719470,101.608265,31.847837,67.395103
172.887641,102.695118,31.372702,67.343025
168.449892,100.513309,32.131577,66.770699
166.948197,96.538048,31.271975,66.826401
166.374418,93.287048,31.984032,66.949371
166.514301,89.967918,31.883022,67.375320
167.161178,89.649239,31.332829,66.450790
166.907473,90.394989,31.389845,66.934372
166.515891,91.128128,31.890188,66.851746
167.218787,95.288124,31.761328,66.503876
167.637907,95.030632,31.536980,66.169968
167.830790,96.178745,31.712706,67.584511
167.775610,102.566856,31.561760,66.758774
167.865109,102.211174,31.301462,66.727432
168.158119,108.773548,32.007725,66.428871
168.205492,114.731453,32.223984,66.966049
168.880888,118.398388,32.074150,66.556740
169.452774,121.136314,31.925480,66.746445
169.635519,123.668003,32.628181,66.659615
169.548187,124.490772,32.709126,65.932823
170.125740,126.169559,32.358997,67.102730
169.986099,129.852943,32.018040,67.136307
170.617797,134.055389,32.145893,67.147110
170.871637,136.819950,32.424377,68.505760
171.089408,139.062035,32.511936,69.348602
171.476776,138.730240,31.585209,68.443893
170.654680,140.316006,32.341980,69.695763
170.994155,141.280277,32.403996,68.921852
171.091104,142.434662,32.437668,70.088562
171.692164,144.578575,31.726332,69.314697
171.822141,146.124783,31.637871,69.663246
171.911340,146.699291,31.381866,69.767876
171.171432,148.530338,32.329151,69.965324
172.199769,149.872616,31.957994,68.715523
171.429760,149.592411,31.661221,68.915321
172.431200,151.203594,31.294708,68.824226
170.848909,153.274361,32.629044,69.526672
171.578960,153.198372,31.299816,67.912003
171.329479,155.577351,32.567989,68.717613
171.721244,159.560482,32.630146,67.664711
171.037458,161.162773,32.469475,67.844620
171.206239,163.535900,32.391449,66.999229
171.117906,164.778019,32.978073,67.625648
171.160163,165.527729,32.931675,66.958015
171.537376,166.374138,32.869328,67.924759
171.256250,167.840656,33.380569,67.598534
170.623920,166.956177,32.765362,67.310547
170.422283,167.449055,33.318020,68.080559
170.349918,166.068653,32.026394,67.404427
170.908920,166.295300,32.562763,68.264320
171.140388,164.972931,32.540714,67.637939
170.482339,162.294243,33.098114,68.159286
170.801920,160.195816,32.318954,68.124374
171.094831,157.588139,32.769218,68.726067
171.340841,155.782600,31.974571,67.992325
171.165700,154.982399,32.453560,67.502533
170.534080,152.952854,32.669178,67.796669
170.915679,150.222889,32.219807,68.010780
170.377603,148.519138,32.520355,67.994362
170.535114,147.108967,32.444439,68.073067
171.406211,147.663982,32.676212,67.515816
171.435010,147.645149,32.629646,67.747192
171.202766,146.629448,32.491138,67.870270
171.855835,146.750183,32.265415,68.926926
171.677902,147.046867,32.429478,68.262344
171.549297,147.029716,32.771587,67.954941
172.232658,145.506966,32.019489,68.620422
172.049535,144.732071,32.024895,70.504150
172.179714,144.001293,32.668758,69.325417
171.625011,142.528133,32.819576,70.552711
171.936985,142.034012,32.161602,71.623871
172.097953,142.026554,33.011250,71.046135
172.377803,141.541656,32.683117,71.696915
172.445056,141.303055,32.737057,71.803268
172.742693,141.132938,32.531693,71.943428
172.676460,142.346966,32.665836,71.767143
171.900430,141.980309,33.058762,71.739182
173.052465,143.521515,33.260124,71.204147
172.282314,142.554958,32.652630,72.135994
173.007865,142.721821,32.991917,72.488960
172.822502,142.515606,32.521412,72.355400
172.503952,141.668980,32.922138,72.561195
173.166507,141.077801,33.661510,73.012428
172.736026,138.584290,33.709881,72.783203
172.810817,136.687340,33.835903,74.588684
172.314096,138.028076,33.318375,73.837585
172.377344,137.267101,35.371109,73.610832
172.234815,135.300716,36.338539,74.474876
171.815538,135.582150,37.224335,74.205589
172.160387,135.165047,37.148315,74.213165
172.547580,134.049541,37.151699,74.396202
171.362854,134.358528,38.538609,74.344788
166.493537,136.602451,41.909779,72.404884
135.499986,169.016579,49.463806,96.508179
135.084505,168.358757,50.821838,96.282440
134.688093,167.290237,50.395180,96.783676
134.320873,166.577126,50.487347,96.244263
135.142067,167.472572,49.660572,96.212799
134.130584,166.801517,51.054661,95.679268
134.485906,166.109329,50.339745,96.123367
135.665973,166.725376,49.047512,96.172401
135.693880,167.275192,49.701080,95.995590
135.401647,168.765026,49.270439,96.508263
135.157915,168.132957,50.754456,96.169708
134.933815,169.120350,49.959370,96.718300
135.225116,169.284489,50.165646,97.187263
135.676490,169.206745,50.461201,96.716743
135.341703,168.551838,50.879616,97.199837
135.302434,169.597626,49.618950,95.950912
135.224350,168.946129,50.823887,96.929962
136.145044,168.390522,50.191147,97.248055
136.929201,167.669739,50.446930,97.488480
136.126255,167.031277,49.952602,96.966087
137.954715,165.739555,49.814083,97.536163
137.543535,165.148678,48.833099,98.108635
137.262800,164.665874,49.429085,98.188957
136.951906,164.344143,50.067291,98.990013
135.800844,162.473866,51.846680,100.765297
133.498333,159.234074,57.040051,104.988014
132.932275,158.282902,57.715805,105.836830
131.502328,158.388920,64.902420,105.257759
128.703249,158.977272,68.238922,106.609589
123.084901,153.574203,91.487061,117.003799
129.635652,162.132874,59.455750,103.843307
129.810270,157.331726,65.522926,109.020950
125.465700,158.528893,77.024475,108.257080
130.359771,161.458004,60.288670,104.505638
129.267154,159.620445,59.032772,106.385620
129.217882,157.956871,65.135834,108.933838
124.646898,155.014877,84.617584,114.142899
307.355403,143.062683,56.187634,100.131149
307.757465,142.092865,57.259670,101.858780
307.723939,142.130829,57.227234,101.471634
307.712123,141.994732,57.233349,101.462578
307.325031,141.741035,58.550533,101.719757
306.372146,142.129986,58.015995,101.881493
306.838111,142.601749,59.237934,101.741859
306.471830,143.677803,57.926003,101.223969
306.546587,142.874931,58.952148,101.835327
306.573772,142.882072,58.950024,101.809448
306.634012,142.351944,59.564774,102.142380
306.232715,142.624439,59.219906,102.392281
306.627807,142.408562,59.746464,102.882568
306.784156,143.281525,58.226063,102.141739
306.640716,143.959373,57.318974,101.855499
306.850009,143.873917,58.174892,102.193985
306.795593,143.979038,58.672581,102.013313
306.759857,146.339279,55.384495,99.785782
308.137777,146.113304,54.570000,100.603333
307.735929,146.988434,54.181374,98.958084
307.766765,148.246277,47.491222,98.134720
307.878965,148.272148,51.061043,97.844025
308.801683,148.444035,49.903534,97.779671
308.103855,149.983315,48.878017,96.355865
307.953987,149.324429,48.969532,96.554649
309.842987,150.978054,47.434940,94.385521
308.924047,151.191059,44.421745,93.645302
308.858825,151.072346,44.043552,93.816444
309.578193,151.104996,44.497425,93.589737
309.865057,150.174328,45.417320,93.946007
309.781389,148.064327,44.603790,94.350121
308.717638,147.024132,45.162598,94.157471
309.357458,145.822952,46.421654,94.512985
308.214990,146.496872,46.972244,94.399338
309.450168,145.926678,46.650845,94.659050
308.372171,144.307766,48.257492,95.044853
308.258188,144.199772,49.319168,96.351692
308.880928,142.664032,48.998127,96.714401
308.335456,141.432167,49.948536,96.694275
307.726526,142.206158,51.774551,96.394890
307.465160,141.785263,50.670483,96.781357
307.832811,140.677048,50.748749,96.745010
307.254356,140.789330,47.371387,96.495361
307.978012,141.903919,48.803257,96.144112
306.846939,142.899822,51.905186,95.699333
307.289852,142.646824,51.895519,96.154945
307.182365,142.083767,45.082661,96.026299
307.696180,142.364170,49.048195,94.930061
306.507677,142.891941,51.365295,94.958992
306.660396,142.965092,51.910290,95.582924
306.154296,142.872444,52.813847,95.959595
305.509206,142.430111,52.272026,95.947624
306.340658,142.973366,50.292198,96.128082
306.735313,143.646832,48.208363,95.737053
305.817096,143.377636,46.189053,95.210014
306.673219,144.442833,46.722778,95.274384
305.952297,144.869629,47.998058,95.055435
305.414669,145.225899,48.368176,95.033020
305.769899,145.501862,46.229889,95.036148
305.735387,145.111591,47.401390,95.282478
305.104473,146.049187,48.175426,94.955627
305.170934,145.523544,46.690361,94.893936
305.658781,146.397797,47.278969,94.838852
304.644687,146.240696,46.380886,94.566872
305.483303,146.173035,46.492535,94.425552
304.553014,147.430836,47.208427,95.203865
304.982076,147.654808,45.606834,94.660614
305.062879,148.104618,46.026558,94.787148
303.956316,147.908958,44.860931,94.423828
305.235729,148.084896,44.395763,94.287071
304.972992,148.569710,43.652775,94.316772
304.710155,148.711937,43.636669,93.997986
303.669778,149.012260,44.126175,94.193726
303.996173,148.556446,43.472439,94.166298
303.044752,149.052864,45.124702,93.839722
303.307184,149.246246,44.905197,93.851059
303.375337,149.235008,44.638092,94.013641
303.247333,150.492832,42.774807,93.516548
303.171642,150.795185,41.192150,92.816689
302.999700,151.277267,39.807945,93.195572
303.000639,151.969997,39.985817,92.566704
303.040363,151.487064,40.274807,92.717323
302.775737,151.856033,39.985638,92.613235
302.767906,152.226143,40.184406,92.478851
302.932733,152.563641,40.101852,92.711296
303.132854,153.345352,39.629681,92.335403
302.926170,153.327690,39.735218,91.895203
302.776336,153.098003,39.745701,91.865318
302.566032,153.062519,39.694813,92.163765
302.357494,153.303520,39.834667,92.156250
302.213621,153.636929,39.975807,92.255608
302.368896,153.526001,40.222935,92.506332
302.244672,153.982643,40.262947,92.564697
302.708824,154.063297,40.042561,92.112740
302.135324,153.989887,40.201492,92.393959
302.228662,153.898460,39.967484,92.451111
302.602010,154.336300,39.748405,92.701683
302.890386,154.282581,39.766075,92.106850
302.906374,154.715351,39.556885,92.132820
302.190715,154.930752,39.695080,91.787773
302.750717,155.065121,39.517002,91.721458
302.296930,155.064735,39.873093,92.221497
303.123550,155.762863,39.415562,91.349045
303.224449,155.446712,39.607227,91.566063
303.111299,156.076214,39.400970,91.310051
302.861320,155.631069,39.839954,91.235283
303.002376,156.339642,39.363964,91.248344
302.879697,156.061310,39.898354,91.166153
303.019413,155.658703,40.117306,91.418938
302.920055,155.963341,39.446636,91.167786
302.782119,155.602650,40.191196,91.046974
303.643644,155.523884,39.583687,91.224648
303.146581,155.206112,39.845360,91.142693
303.460256,155.001884,39.356468,90.916351
303.814313,156.105293,39.068581,90.622986
303.741344,155.813145,38.996166,90.743996
303.366811,155.018578,39.070457,90.337738
302.924768,154.861237,39.028702,90.471298
303.718435,154.058552,39.130211,90.516640
303.350418,152.748337,39.123722,91.136398
302.914102,152.566353,39.625595,90.841675
302.234794,152.872257,39.428883,90.931252
302.666437,153.741238,39.160538,90.997246
302.292759,153.162262,39.212612,90.780045
303.213333,154.023327,38.836430,90.999504
302.007135,153.833759,39.064041,91.339638
302.163719,154.796730,39.234211,90.927094
302.383066,154.737457,39.142563,90.784683
302.171178,154.523678,39.397972,91.326073
301.657426,155.210140,39.496033,91.327354
301.660413,155.230034,39.144661,91.003601
301.197683,154.930496,39.132622,90.714005
301.045288,155.295067,39.263828,90.571594
301.233854,155.055111,39.344368,90.736900
301.437212,154.865917,38.990326,90.725548
301.003091,155.041206,39.068588,90.825958
300.216018,154.741642,39.610630,90.722481
300.659750,154.708752,39.486168,90.511406
300.325090,154.874050,39.394073,91.010094
300.176298,155.412540,39.569313,90.870827
300.077159,155.114433,39.310955,90.894958
300.426796,155.427204,38.946705,90.744667
299.766424,155.467110,39.302055,90.716156
299.895784,156.152954,39.074219,90.654800
300.215265,156.135376,39.252884,90.756760
299.985578,155.582756,39.463539,90.666443
299.200935,155.403381,39.359547,90.765396
299.735307,156.127319,39.182251,90.541550
299.549249,155.256577,39.141861,90.846909
298.431089,154.570587,39.590523,90.952530
298.616430,154.400745,39.089317,91.025429
298.478174,156.069126,39.003708,90.778328
298.496440,155.820610,38.930065,90.833130
298.467371,155.602463,38.901718,90.805344
298.210767,155.128403,38.986427,90.939682
297.818746,154.745323,39.127190,90.836273
297.560052,154.929562,39.256454,91.007957
297.087715,155.436558,39.208485,90.927925
297.583746,156.130424,39.021049,90.640076
297.453542,156.125484,39.052177,90.547997
297.180973,155.954834,38.895748,90.730057
296.583849,156.087128,39.123993,90.424118
297.047029,156.233887,39.102478,90.544052
296.031372,155.181343,38.995152,90.610107
295.652393,156.341896,39.135036,90.386261
296.078081,154.976112,39.689362,90.863068
296.295526,155.137756,39.219589,90.719681
295.864973,154.414837,39.387856,90.839775
295.056211,154.189678,39.167397,90.725670
295.323835,154.639732,39.629951,90.777222
295.492559,154.806515,39.383995,90.703789
294.966024,154.485889,39.432701,90.639961
295.550359,155.014168,39.294060,90.890625
294.885011,154.742107,39.524658,90.534172
294.731475,154.881077,39.639164,90.577675
295.022001,155.470528,39.288338,90.840027
295.570686,156.122334,39.362843,90.821175
294.975898,155.875660,39.535511,90.809547
295.168945,156.350937,39.226444,90.643143
295.817510,156.424377,39.806114,90.423843
295.474592,155.749538,39.526039,90.645561
296.103366,156.255638,39.797695,90.547607
295.692115,156.006886,39.345020,90.271767
296.566633,156.239437,39.551399,90.400414
296.384796,156.079319,39.515202,90.074654
296.382791,155.280712,39.636093,90.575737
297.252231,155.067066,39.799709,90.432442
297.414815,155.319389,39.696648,90.844025
297.285757,155.932777,39.649986,90.132568
296.923828,156.222191,39.923862,90.183838
297.970417,156.235359,40.299831,90.246033
297.978284,157.294746,39.806892,89.540405
298.724580,156.824982,39.995911,89.229050
298.799209,157.243126,40.183384,89.128418
298.914094,157.059998,40.042450,88.950363
299.479923,157.263054,39.781277,89.207092
299.334531,158.100883,40.731483,88.324982
298.919323,158.415409,40.316082,88.389290
298.921136,159.438564,40.738846,87.066978
299.651765,160.398643,41.010284,85.864319
299.607990,160.875469,40.664516,85.372978
300.431840,160.819817,40.776917,85.543427
299.594575,161.406059,40.957367,84.868561
299.854484,162.263573,41.167377,84.589691
300.693288,161.959602,41.520134,84.249573
300.696165,163.079876,41.500618,83.525993
244.949197,160.682121,46.215820,93.138885
244.144842,160.520882,48.801460,92.391479
243.535856,159.810314,46.020500,93.342186
244.153074,160.972095,47.730400,93.195045
245.100536,160.040226,48.902645,92.751656
303.434633,163.495682,40.300705,82.521713
301.980978,164.042015,42.353279,83.223480
301.627897,163.521488,42.064995,83.407448
302.501091,162.949120,42.246525,83.374725
302.877088,164.220055,42.053520,82.705658
302.937778,164.749962,42.588024,82.485718
302.749280,164.844959,42.041801,82.836281
303.166095,164.801060,42.209545,82.728035
303.738720,164.373520,42.315762,83.089767
303.745845,164.339211,42.452267,83.312042
303.790371,164.310253,41.975216,82.935143
303.783023,164.329643,42.300945,82.825562
304.265031,164.769543,41.896591,82.686913
304.066240,165.403160,42.233047,81.588684
304.598430,166.120831,42.444393,81.825706
304.698452,165.276115,41.952938,81.814423
304.323156,165.182644,42.419289,82.250084
303.386917,164.747288,42.982471,83.323708
303.857530,163.704700,42.786606,84.430458
304.385572,163.753616,42.333031,84.428909
304.598415,163.903004,42.438534,84.389290
304.765672,163.032040,41.847244,84.675316
304.804855,163.393532,41.645252,84.896759
304.973945,162.633942,41.549076,84.847153
305.334375,162.009563,41.572296,85.255394
305.458095,161.842480,41.355221,85.559166
305.458351,161.820400,41.397099,85.569084
305.469530,161.030838,41.178207,85.821487
305.155563,160.480907,41.394123,85.560905
304.737356,159.654652,41.396370,85.937874
304.684345,158.871365,41.022350,86.427361
305.175886,158.620316,40.835808,86.433334
304.571580,158.548695,40.643478,86.360023
305.247192,158.850639,40.886402,86.527222
304.791177,158.795750,40.556000,86.571510
304.235813,157.667122,41.090832,86.539612
304.944467,158.494339,41.043884,87.056900
304.597684,157.578465,40.815208,86.706764
304.578138,157.877682,41.079765,86.504692
304.389797,157.581306,40.837734,86.793732
304.650781,158.070324,40.776672,86.948296
304.925602,157.556118,40.717358,86.623131
304.548652,157.243496,40.598392,86.619835
305.093332,156.474224,40.650085,86.499840
304.849172,156.498772,40.571510,86.761780
304.693553,155.724575,40.164364,86.966881
304.974392,155.072075,40.236019,86.913452
305.278034,153.221127,40.109020,87.476402
304.585430,153.950825,40.544033,87.459267
304.794960,153.133453,40.396946,87.454758
305.006067,153.391991,40.404297,87.443237
305.239515,153.349468,40.242668,86.807396
305.439811,152.174049,40.234318,87.198029
305.151140,152.515846,40.002243,87.308441
305.282321,152.343269,40.043926,86.874084
304.924724,152.545837,40.152554,87.063339
305.137762,152.305485,40.153450,86.835213
305.305687,151.692242,40.145298,87.234245
305.434417,152.264496,39.796589,87.367661
304.634532,152.684635,40.034054,87.408333
304.485775,152.705868,39.956234,87.088188
304.476879,151.764343,40.148678,87.148270
303.914775,152.207829,40.334255,87.606422
304.322565,151.662125,39.866058,87.485733
304.682226,152.356514,39.711189,87.786896
303.560421,152.332737,39.811306,87.607307
304.447172,152.151165,39.616997,88.055656
304.242816,153.149086,39.567486,88.076019
303.800479,153.176075,39.805523,87.995949
303.257797,153.730061,40.207447,88.107948
304.087694,153.211178,39.925766,87.868156
302.930687,153.377998,39.819859,87.715515
303.422977,153.835255,39.938976,87.940285
303.391347,153.855217,39.966042,87.878174
303.357702,153.881664,39.959175,87.859337
303.369659,154.015324,39.351887,87.870522
303.005456,153.992554,39.510498,88.091049
303.571430,152.920383,39.799633,88.034920
303.805524,153.355671,39.581108,87.926826
303.292577,152.926624,39.721931,88.374428
302.842790,152.613262,39.744461,88.456261
303.518325,153.545643,39.394428,88.265358
302.784685,153.293140,39.604141,88.302711
302.743129,153.477154,39.553310,88.422691
302.711320,152.603676,39.653152,88.419159
302.893938,153.277546,39.759293,88.364204
303.189119,152.780838,39.679245,88.534103
302.364505,152.485115,39.514874,88.344849
302.983858,152.548275,39.597305,88.584312
303.252126,153.304214,39.406502,88.295181
303.237804,152.789249,39.721584,88.703743
302.266275,152.542706,39.579132,88.440208
302.784507,152.529957,39.725559,88.881660
302.017961,152.444260,39.352982,89.002670
302.261240,152.473812,39.447449,88.900505
302.795330,153.028172,39.582180,88.789253
302.026203,152.493351,39.812695,88.908943
301.776069,152.527122,39.623325,88.810364
302.171028,152.910961,39.387486,88.727928
301.775646,152.735641,39.344082,89.165329
301.538768,152.056572,39.796749,89.305969
301.339273,152.518753,39.903015,89.202194
301.238704,151.773354,39.364925,89.763184
301.330680,152.222149,39.266605,89.237480
301.462825,152.499973,39.247372,89.197243
301.585453,152.793301,39.274059,89.122307
301.602981,152.712234,39.416920,89.191727
301.036777,152.008011,39.587353,89.421829
300.941186,152.063091,39.051147,89.071587
301.315570,152.478592,38.946575,89.368454
301.232097,151.913086,39.432766,89.500320
300.711097,152.075661,39.540043,89.491852
301.640945,152.546658,39.163990,89.233116
301.022464,152.778862,38.912579,89.257507
300.558105,152.440311,39.313587,89.514687
300.325101,152.280781,39.277641,89.465492
301.285856,151.999653,39.182671,89.598579
301.291919,153.065849,38.817822,89.125214
300.628183,152.816647,39.419800,89.481163
300.178125,152.885887,39.555695,89.342773
300.369758,152.268116,39.173100,89.485085
300.788770,152.272881,39.492455,89.462372
299.388872,152.639275,39.544510,89.826385
300.611454,152.380016,39.353832,89.584343
299.735153,152.377907,39.537922,89.722717
299.768253,153.150841,39.111462,89.347321
300.585659,152.503174,39.485928,90.020493
299.693403,152.778721,39.676598,89.845467
300.379047,152.904137,39.427441,89.812897
300.010667,152.559662,39.683426,89.781998
300.485326,152.818306,39.620399,89.674408
299.670465,152.914520,39.715454,89.978287
299.958404,152.964035,39.702198,89.956039
300.214618,153.300041,39.583904,89.756805
298.930910,152.232880,40.240189,90.248459
299.922861,152.786297,39.525696,90.134605
300.120630,152.949478,39.562958,89.975357
300.300502,152.992874,39.524654,90.008499
299.477691,153.425915,39.409565,89.977348
299.856723,153.250980,39.680676,89.926979
299.697858,152.469063,40.100548,90.163330
300.033474,152.914837,39.379604,89.725029
299.630437,152.604992,39.305397,90.118553
300.273204,152.675964,39.245174,89.843094
300.331831,153.082146,39.292168,89.966034
299.748975,152.779198,39.404411,90.686554
299.542314,152.307125,39.740799,90.518059
300.304327,152.188332,39.113045,90.287018
299.510870,153.521591,39.264137,90.695206
299.214531,153.070259,39.791203,90.846558
299.237426,152.968983,39.558704,90.871040
299.699901,153.822655,39.491146,90.464661
299.301080,152.654667,39.861633,90.744026
299.078622,152.860550,39.717682,90.592545
299.653345,153.687641,39.368256,90.710701
299.034374,153.284561,39.966396,90.768906
299.470096,153.419872,39.557690,90.870445
299.575174,153.916931,39.882904,90.799728
299.086097,153.945129,40.200657,90.989670
298.923420,154.191566,40.025890,90.740814
299.521350,153.755989,39.654980,90.954346
299.507696,154.055107,39.316170,91.086182
299.855283,153.826603,39.562981,91.462074
299.947151,154.226486,39.440281,91.793045
299.806322,153.810078,39.635178,91.704536
299.339656,153.696510,39.415371,92.116913
299.808553,153.593971,39.254280,92.126251
299.739662,153.877003,39.703922,92.713783
299.697576,154.422581,39.346474,92.546761
300.279535,154.122463,39.806671,92.546013
300.130001,154.482578,39.799221,93.085091
299.686616,154.056995,39.924026,92.825600
300.726213,155.207920,39.515915,91.952278
300.910595,155.696598,39.896755,92.077339
300.150173,155.733074,40.485775,91.885155
301.115396,156.923622,39.856812,91.332306
300.882799,156.223240,40.145645,91.230507
301.586189,157.368484,39.748264,91.093613
301.228849,157.788750,39.489464,91.077545
300.933115,157.558716,40.325134,91.001083
300.996927,157.029808,40.168213,90.819977
301.703464,158.222382,39.755688,90.353256
300.773887,157.931488,40.214451,90.790329
301.804775,157.120605,40.040462,90.962204
301.234323,157.075539,40.073761,90.821411
302.274486,158.303936,39.323971,90.430931
302.029911,157.617428,40.148968,90.921623
301.430925,157.272659,39.531204,90.751328
302.166290,157.417862,39.524830,90.621841
301.821880,157.868881,39.529903,90.341202
301.876623,157.586441,39.816231,90.873795
301.968776,157.545601,39.807796,90.914337
302.038345,157.684456,39.808643,90.777802
302.149957,157.612957,39.815521,90.954460
301.053249,157.730637,39.932583,91.141861
302.038515,158.597931,39.364853,90.550003
301.990551,158.619915,39.790676,90.930565
301.928117,157.610802,40.155075,91.166809
301.401308,157.931927,39.367142,90.799309
301.572504,158.718510,39.448700,90.676888
302.190754,158.876469,39.645367,90.622383
301.734397,158.862057,39.658146,90.827873
301.695520,158.726669,39.590698,90.897202
302.294523,159.380268,39.516563,90.619972
301.756076,159.145187,39.398510,90.815842
302.051662,159.423885,39.789730,90.722740
302.405828,160.321503,39.415230,90.428024
301.612314,159.475952,39.385681,91.174271
302.501607,160.317200,39.365913,90.874313
302.668611,159.122166,39.352829,91.367378
303.054052,159.864124,39.146431,90.943245
302.903261,160.284950,38.791275,90.803925
302.555090,160.599400,38.864998,90.826210
302.651292,160.461819,39.121567,90.936485
302.457185,161.126095,38.959091,90.541252
303.278657,160.072426,39.303421,91.121887
302.706152,159.991734,39.299019,90.974892
302.814231,160.706818,38.995182,90.647598
303.378976,160.634731,39.161835,90.599174
302.887735,160.441753,39.342743,90.859489
303.305191,161.518936,39.063679,90.442032
303.181243,160.612293,39.058552,90.867592
303.192451,161.290081,38.774448,90.674797
303.680969,161.596939,38.969746,91.020065
303.659788,161.443577,38.985252,90.881935
303.667759,161.301678,39.240795,90.605949
303.295805,161.597870,39.101006,90.778580
303.427854,161.561611,39.442039,90.506523
303.608205,162.177738,39.359291,90.766396
303.452615,161.770401,39.667389,91.189621
303.479497,161.517555,39.600319,91.287109
303.491420,161.387154,39.565609,91.185120
303.798244,162.584286,39.254543,90.383751
304.341417,161.183628,39.475082,91.304024
303.404722,162.170353,39.453575,90.817879
304.003669,160.642879,39.489140,91.524467
304.288517,161.589664,39.251324,90.694862
304.412084,161.146126,39.275368,91.689423
303.605064,160.648560,39.258060,92.248123
303.872720,159.970100,39.068298,92.462097
303.795658,158.726303,39.762280,93.823990
303.448982,157.676235,39.416416,94.735832
304.101877,158.436787,39.474609,94.377693
304.102645,157.060200,39.613087,95.458900
304.333417,156.630726,39.374870,96.067207
304.441358,156.417854,39.374992,96.407837
304.114452,156.257191,39.482449,97.698891
305.268859,156.582581,39.278553,96.277237
304.633392,155.997116,39.389301,97.461929
305.206508,156.767994,39.067257,96.428688
304.878034,157.252491,39.671196,96.787270
304.862279,156.517670,39.058723,96.530289
305.242384,157.579964,39.401878,95.751923
304.813728,157.809063,39.360630,96.258415
305.574140,158.072536,39.330986,95.156792
305.257509,157.834694,39.378403,95.375946
305.216045,158.207172,39.580257,95.223763
304.199338,158.514519,39.766136,95.351410
305.176658,158.945007,39.274143,94.515060
305.381057,158.547062,39.190052,94.142220
304.903358,158.310230,39.247623,94.477943
304.774066,158.619652,39.250469,94.038269
305.034639,158.530945,39.249527,93.431900
304.664312,158.235031,39.411446,93.771652
304.194103,159.909508,39.538601,93.534882
304.246683,159.977966,39.877502,93.403183
303.918445,159.638348,39.766338,93.129082
304.073150,159.434025,39.860981,93.334846
303.030923,159.198002,39.913910,93.563911
303.842277,159.732330,39.894260,93.263718
304.058094,159.542530,39.800549,93.189369
304.271978,159.277718,39.749550,93.345886
303.011627,159.957401,40.055744,93.860634
303.387134,159.929733,39.610973,93.449387
303.687185,159.877510,39.408913,93.924622
303.729000,160.004726,39.628292,93.953850
303.650919,159.589966,39.291626,94.077347
304.625730,159.569645,39.120018,93.553658
304.046093,159.473183,39.158779,94.398407
304.207672,159.609108,39.219563,93.312531
304.654174,158.202484,39.383381,93.653030
305.003654,156.286476,39.595921,93.932129
305.351188,154.330830,39.500462,93.497139
305.103218,154.443859,40.182835,93.539543
304.998468,153.884270,39.759796,93.826599
305.343690,154.553143,39.776382,93.711266
305.801263,156.224957,40.170013,92.843193
305.939735,154.791847,39.992496,93.417206
306.033660,154.709206,39.770832,93.658691
306.114786,155.307297,40.064636,93.158890
306.306076,155.653843,40.115223,93.179420
306.629930,156.293419,40.245651,93.213959
306.749893,156.926308,40.370747,92.814148
307.220972,156.638351,40.102875,92.878525
307.104488,156.923946,39.910275,92.670738
306.890924,156.202545,40.058167,92.547165
307.840959,156.580299,39.786514,92.536499
306.817388,156.518822,40.347206,92.697784
306.944379,156.476540,40.499687,92.756805
306.852563,157.323811,40.159454,92.668404
307.124786,157.859142,40.097309,91.770683
307.016628,158.115108,40.527920,91.577293
306.961034,158.848495,40.132484,91.393723
307.123449,157.630363,39.696053,91.270050
307.732883,156.406998,40.129070,90.880142
306.995464,156.332951,40.125118,91.340675
306.462837,157.061802,40.484104,90.895576
306.605129,158.522453,40.650143,90.816193
306.898088,158.770390,40.547165,91.029091
306.888345,159.689407,40.731201,91.068558
252.449588,172.507805,40.554058,96.735596
251.907602,173.208092,43.057281,96.669281
252.598354,173.043556,44.077206,97.083221
252.951843,171.438538,44.997211,98.403976
307.954198,159.093159,40.933754,92.781044
307.538538,159.244648,40.961700,92.049599
307.764822,159.919659,40.872505,92.261864
308.879245,160.273754,40.765881,91.641075
309.339841,160.201656,40.580040,91.715721
308.504674,160.487591,40.992409,91.422112
309.274318,160.084267,40.151150,91.089905
309.937795,160.074841,39.826820,91.639641
310.511514,161.430214,39.852570,90.793091
310.227172,161.258286,40.397755,90.970352
311.135507,161.002136,40.807648,90.397873
308.299417,162.039684,42.372589,90.568932
310.556736,162.040092,41.578350,89.628387
311.593074,161.088547,40.614956,90.324265
311.050243,161.252838,41.063717,90.164078
311.702190,159.906639,40.828030,91.902313
311.329519,157.428715,41.261391,95.338661
312.577219,155.789196,40.202850,96.432182
312.279287,156.122414,40.391548,95.812592
313.205108,155.253979,41.503101,96.864525
313.270731,155.558781,42.494629,95.731819
313.486789,156.530201,43.185101,95.384834
313.147996,156.835754,46.245438,94.357437
313.666446,155.987450,49.096386,93.390778
313.485790,156.194298,49.527309,94.036743
314.492599,157.188305,50.106800,93.001213
314.009065,158.227703,50.070999,91.066246
314.886793,159.358685,51.519859,88.928490
314.707826,161.639317,54.529465,87.291359
315.681381,163.978149,55.070332,83.356552
314.790859,164.185993,54.542019,84.673042
315.406324,164.431961,55.406090,82.388199
315.970560,165.795914,53.409912,82.116196
315.908927,167.318119,52.633396,80.044289
315.421192,168.797398,52.678051,80.142555
316.142406,170.869923,51.674892,79.300362
316.321147,170.573593,51.690273,78.418961
316.655565,171.634933,51.159195,78.615891
317.505512,171.447407,50.650463,78.336098
317.970256,171.856831,50.323483,78.467262
317.670023,170.849869,49.764618,77.704117
317.811033,171.484428,50.100487,79.867889
318.350696,171.009605,50.363964,78.157745
317.983917,170.495590,49.423664,78.974319
318.045705,170.581070,49.791023,80.845108
276.209573,173.169220,47.913696,98.631271
276.371557,174.001522,48.596474,99.060783
277.580238,173.769600,49.488926,99.263031
277.031417,173.705803,48.831257,99.126495
278.642231,174.798275,49.301891,98.310173
278.537008,174.384460,49.538795,98.283585
279.696857,173.982727,50.274944,97.698471
281.245090,174.161312,50.631786,98.000542
281.423616,173.193359,51.379440,98.043198
281.914506,173.919384,49.983139,97.597496
282.120336,173.729137,52.149422,97.623161
282.960851,173.151333,52.466438,98.390739
285.403251,172.825180,51.182316,98.706039
285.760446,170.947338,51.029327,100.760704
287.050714,170.146111,49.377930,100.220245
286.939168,170.536457,49.664375,99.703712
287.936502,170.511223,48.647644,99.765289
288.371883,169.581520,47.905544,100.372070
288.394868,171.127258,48.358810,98.934555
288.291771,169.709606,48.996952,99.287132
288.171701,168.370190,51.879395,99.883842
290.304126,171.554237,46.544628,98.110626
290.480600,168.936626,48.345825,102.384026
290.970453,172.323933,46.962708,102.579811
292.213897,173.068993,46.240498,99.248230
292.134334,175.241272,45.646145,99.692429
292.355199,174.157280,46.596230,100.785278
292.300735,174.611710,46.074909,100.112106
292.564638,172.154064,47.565750,102.936668
292.461919,175.115429,47.039040,99.882774
293.444873,171.874985,47.706860,103.820328
292.857383,174.423168,47.894382,101.544731
294.575681,173.227375,47.322472,102.263802
293.553024,174.151817,48.033741,101.257812
294.078897,173.666367,48.170990,102.716568
296.470615,173.990578,46.470318,101.916138
296.861425,174.284298,48.039284,102.429832
298.866670,173.237736,48.536880,102.918190
299.709966,169.634415,51.193703,108.160446
299.433511,164.014336,53.684418,115.380554
300.498268,163.152657,53.129581,116.665131
302.490614,160.947159,53.809258,119.611923
303.578487,159.479095,53.767269,120.351364
304.239807,160.622410,54.439777,120.183907
305.092994,160.828537,55.834904,120.554611
304.134992,159.953194,56.319603,120.855011
306.534788,159.794975,55.977226,120.735260
306.843586,159.815022,58.439190,121.482155
308.309499,161.445549,57.598915,119.243744
308.872806,167.197712,57.511913,113.768837
310.420223,169.097206,58.759640,112.348633
310.224582,166.207985,61.055828,115.987152
310.386394,164.573345,58.263638,117.758232
309.699586,167.670219,56.541611,115.242096
310.268917,175.200504,57.809170,106.353127
308.332019,173.801502,61.536480,109.619331
309.674566,178.795284,59.975929,107.001213
309.575420,180.493004,59.380215,105.192139
309.211029,180.799824,59.294788,106.209084
309.511001,176.571156,58.057331,110.969856
310.265333,180.534351,53.608238,107.132362
312.610185,179.516804,54.920822,107.979805
315.157733,180.388844,50.852001,107.022774
310.161155,180.364731,55.397312,106.782181
318.336029,180.098492,50.086170,108.020256
318.594802,181.341660,49.858784,106.417343
319.051929,180.957504,49.646984,107.682571
320.273975,180.558540,49.634594,107.837860
321.418405,182.272648,53.044342,107.172401
321.721103,181.730358,52.207043,106.885246
323.411872,183.164463,54.239231,105.644630
324.968849,183.896309,57.681828,106.110962
326.346397,183.663654,60.470615,105.662514
329.718971,185.706181,60.182896,104.228340
332.314607,184.623425,59.408188,105.003838
331.485138,184.298454,57.930042,104.478760
332.697202,183.989803,60.471916,104.346703
332.997226,182.821583,60.752117,104.775887
334.332841,181.429123,61.353043,104.443161
334.119554,180.584995,60.299545,105.343452
334.969289,180.452808,60.468269,106.065773
334.938894,180.672775,60.482979,105.840866
337.099241,180.614197,57.639275,106.924026
338.862581,180.028244,56.879501,107.506729
338.604564,180.032234,58.549343,107.410156
338.393776,180.178493,58.483646,108.170158
335.124006,180.160015,58.622551,108.524590
335.872737,179.984474,57.123623,108.164398
334.340469,181.179241,58.064411,105.387291
331.441967,180.588219,58.493069,108.518097
326.619854,181.992714,58.524075,105.889374
322.380489,182.457180,59.490688,103.432426
319.032344,181.335667,58.193539,107.124123
318.811393,182.206314,58.338322,107.626480
316.039848,181.188198,58.820408,105.842979
308.769365,180.584385,60.404617,105.604164
306.712152,182.255226,58.829132,104.351929
300.823190,183.451439,61.751984,98.060120
300.465477,181.731102,57.130619,102.009796
286.881109,181.088684,70.591347,96.913589
302.461250,180.326279,54.234501,97.313553
290.847465,177.581238,61.147007,105.454758
297.672222,179.180016,52.450649,108.132965
292.496212,176.023735,51.509060,110.567657
289.419706,178.803310,54.174553,106.643761
283.042064,178.966713,62.157406,99.699188
282.800525,178.088688,58.472973,104.892342
152.194669,139.136505,26.712166,58.501236
150.393597,140.473392,26.277964,58.209480
148.823357,139.707752,26.336931,58.424828
148.210140,140.776134,26.407238,58.619469
147.291174,140.328320,26.886742,58.068535
146.040494,141.823404,27.750177,58.063351
145.121378,142.572153,29.218796,57.322994
143.696565,142.701391,29.297195,57.525272
142.770439,144.586779,29.378971,58.015591
139.642513,145.311928,31.842495,57.214188
140.446853,145.020617,29.820026,57.612164
140.163881,145.640339,30.230255,56.642113
138.497930,146.502005,31.107338,57.148273
137.195104,145.295580,31.868797,57.356701
136.577724,145.712206,32.142590,57.596539
135.279890,145.176262,31.348289,58.372955
135.194509,146.271511,31.350166,58.156853
134.079585,146.159433,31.384809,58.715878
133.045159,146.012274,31.006136,58.394321
131.801448,146.247133,32.456005,58.523037
130.354543,146.978064,36.198982,57.858601
128.888818,149.041809,30.706604,56.593826
128.807307,148.096840,31.000624,57.291885
127.895020,149.381544,31.087496,58.907032
127.096471,150.020330,30.512444,58.030140
126.092122,149.552986,31.683115,58.297668
125.173793,150.460058,31.660549,58.460133
123.782273,149.796871,29.366503,58.778023
123.901265,150.340397,28.908335,59.004692
122.871696,150.403170,28.653782,59.210400
122.181176,149.811399,29.451616,59.352192
121.804215,150.595024,28.703707,59.234146
122.006774,150.065434,29.226568,58.964256
122.866274,150.514635,29.449522,58.833767
123.482993,151.247440,29.275061,59.009529
124.120954,151.010946,29.457527,58.600086
124.595421,152.395458,29.917986,58.536613
124.771685,152.320492,30.653929,58.377007
125.666317,152.940321,31.043194,57.990238
125.626803,154.107033,30.735319,57.974457
126.015270,153.860056,31.427258,57.793255
125.487671,153.614645,30.170092,57.716663
125.023047,153.003931,31.307272,58.416409
125.157516,152.678102,30.559940,59.179470
124.999003,151.924946,31.002806,59.457741
124.824406,151.577364,31.053705,60.564724
124.590056,151.851225,31.178549,60.397724
124.206870,150.630175,30.446920,60.656277
123.881776,152.036686,29.241348,60.426903
123.429431,150.623610,29.287548,60.936207
123.180614,151.290941,28.649837,61.511791
122.244526,151.847006,28.767878,61.669529
122.696667,151.784136,29.574823,62.135921
121.768333,152.537876,28.763767,61.358940
121.014989,152.706907,27.990349,60.588749
120.509273,153.315577,27.653637,60.903866
119.426732,153.027687,28.577402,61.051193
118.772473,152.547506,27.975183,60.745716
118.799161,152.968147,28.086603,61.057449
117.333232,151.908133,28.277508,61.234989
116.662772,149.918873,28.009481,61.506340
115.617475,147.999401,27.669365,62.150475
114.981689,147.667747,28.657368,62.525894
113.960595,146.726196,28.696703,62.429382
113.710989,146.890013,29.147148,62.052845
112.831843,147.020464,28.908812,61.964870
112.543413,147.176571,30.125763,61.344994
111.919129,147.738070,31.943468,61.625027
110.743950,147.078907,31.860720,61.844444
110.218528,148.083754,32.102207,61.999485
111.127416,148.122402,31.110283,61.967567
109.538080,149.110052,32.727966,61.467075
109.615385,149.741796,31.237663,61.284199
108.614199,149.542717,30.664991,61.755600
107.871323,150.860935,30.533098,62.038368
107.550735,149.495457,30.073704,62.324959
107.347397,150.075243,30.798937,62.755627
106.547341,149.358356,29.566439,63.361382
105.344268,147.670422,30.463352,64.165245
104.367750,147.397888,30.537453,64.964478
104.226800,148.469624,30.659012,64.470695
103.613970,147.643814,29.731871,64.842728
104.320138,148.226463,29.715363,64.055557
103.012275,147.527130,28.994877,64.506622
102.451154,149.193825,29.512352,64.057419
102.103973,149.652184,29.231327,64.975357
101.361281,150.791172,28.312368,64.672600
101.059843,151.411953,28.311089,63.915718
101.180456,151.157686,28.421028,63.865780
101.224012,152.080502,28.958183,64.268532
100.191641,151.923019,27.537451,63.704361
99.240884,151.778866,27.720688,64.022911
97.930384,152.248840,27.790998,64.263321
97.228200,152.033897,27.708580,64.766693
97.336319,151.883076,27.924244,64.842903
96.659313,150.583344,27.517254,65.471558
95.966871,149.888607,27.675362,66.169731
95.157197,149.316769,28.044512,67.251106
95.161364,148.413982,28.220091,67.990700
94.960345,148.214985,28.259153,69.165565
94.783289,147.640072,28.223694,69.171318
94.832048,147.696350,28.337830,69.208145
94.297789,148.778339,29.259024,68.312279
93.833530,148.957005,30.613659,68.312187
93.099074,149.293983,30.923025,68.018951
93.117414,151.434956,30.980156,68.075706
93.203158,151.393791,31.530958,67.913208
93.424312,153.629780,31.453701,67.860680
93.728474,154.159050,31.979868,67.455704
93.694585,153.603523,32.245293,67.466370
93.381873,152.260456,31.870565,67.676262
92.841913,151.266048,32.987518,68.254646
93.530635,152.299809,33.211040,67.906502
92.750377,151.512424,33.480236,69.144981
91.939527,150.361984,33.964119,69.893829
91.698297,150.947750,32.959579,69.817116
91.189077,150.123009,31.785408,70.662277
90.010351,149.426800,31.353951,71.503700
90.510004,149.174046,31.258698,71.733833
89.627640,148.609409,31.362902,71.935219
90.304482,147.880177,30.456667,72.798882
88.946602,148.710796,30.404497,72.776665
88.958238,148.909153,30.123123,72.929634
88.126794,149.536469,30.384598,71.537933
89.081898,150.324677,29.580591,71.363022
88.082452,151.012089,29.979889,70.574501
88.362411,152.243454,29.629276,69.616730
88.339887,152.960735,29.659035,68.615364
88.782333,153.613228,29.551624,68.186157
89.393784,153.368687,29.469561,68.101250
89.576101,153.606506,29.000542,68.046494
89.007880,153.017933,29.719290,68.428825
89.326582,152.989704,29.610861,68.369545
88.569589,151.950970,29.961670,68.688271
88.578636,151.043949,30.122318,68.499809
87.899067,148.730492,29.262369,68.901855
88.208860,147.880806,29.722649,69.266449
87.266488,146.310478,30.179552,68.789719
87.809069,143.865509,30.403959,69.045410
87.209467,143.628254,30.135511,69.575768
87.157086,144.489906,29.804743,70.235947
86.706365,145.789745,29.783531,69.878120
87.328662,146.176632,29.632381,69.501137
86.089775,146.257439,30.286762,69.992813
85.829857,146.473297,29.829714,70.082489
86.215710,147.626041,29.807215,69.955132
84.698576,148.276810,30.399651,69.838760
84.757951,148.652412,30.231827,69.819138
84.037951,148.558205,30.383757,69.994354
82.773815,149.227894,30.081005,70.564919
82.346003,149.379299,29.871122,70.170937
79.621764,148.501053,30.359213,71.014786
77.087448,147.666080,31.141071,70.670723
74.133627,146.099583,31.072317,70.787987
74.464533,146.136616,30.343321,71.228600
70.259566,143.821594,31.236410,71.522537
66.368434,142.118706,31.451778,71.748123
62.296738,140.790833,31.154268,71.945267
58.504361,141.268978,31.600794,73.286247
54.600868,143.708157,31.866871,73.525566
54.541978,143.383034,31.999481,72.987961
50.114450,145.861843,32.480881,72.984856
47.323494,146.574757,32.328144,71.894753
44.081747,146.307014,33.253960,71.662659
40.854406,147.988914,33.166435,72.280197
38.507989,149.087273,32.837448,71.746307
38.884380,149.904709,32.720333,71.992371
36.219780,149.285492,32.699329,71.831177
34.754626,147.128475,31.734541,72.606789
32.354509,146.651558,32.174377,72.876099
30.010368,147.145214,32.468281,72.969917
28.453149,147.362423,32.349579,72.487556
28.176343,147.717812,32.185432,72.946381
26.081109,145.670895,31.705507,72.898628
25.144896,144.579613,31.392401,73.069717
22.745906,145.726372,31.445812,73.845566
21.002582,148.453030,33.065365,73.295677
20.880374,148.139603,31.647243,72.985855
21.112844,148.716393,31.550392,73.189697
21.500364,148.513069,31.752388,73.288330
22.381402,149.635914,31.679506,72.720757
23.709283,149.712158,31.470917,72.993988
25.809670,151.098015,31.171740,72.310211
26.844616,151.656380,31.515728,72.594543
26.087078,151.324146,31.801739,72.829750
27.989727,152.438908,31.236858,72.667259
28.396128,153.329327,31.289427,72.462349
27.935373,153.556599,31.331284,72.652428
28.514070,155.016037,31.425247,72.430099
27.916652,155.808231,31.350002,73.111885
27.894308,156.442963,31.152458,73.040421
27.360877,158.166759,31.784628,72.877266
27.000749,158.066872,32.082489,72.844788
27.134449,158.340733,31.464031,73.061607
26.769196,158.500690,30.904131,72.758598
26.908245,158.838951,31.187466,72.424667
26.343919,158.911831,30.764832,72.679008
27.061561,158.347588,31.215183,72.503067
26.787990,157.353817,32.193874,72.695229
27.694624,157.281113,32.026543,72.261963
29.507247,157.339508,30.994465,72.182129
30.018475,157.383152,31.051294,72.121117
30.586229,157.431583,31.009430,72.056770
31.190268,158.720177,31.212683,72.081924
32.678093,159.833790,30.596180,72.435860
33.990785,161.604549,30.403976,72.275826
35.100888,162.254784,30.307962,72.250458
36.830931,162.590862,29.893377,71.936104
36.316178,161.828999,30.482836,72.176277
38.063287,162.419033,29.936722,72.089943
38.029331,161.378910,30.536404,72.642052
39.531071,160.585602,30.219400,72.519043
40.442296,160.477898,30.352716,73.595673
41.544925,159.777386,30.122768,73.368431
40.887497,160.238777,30.697453,73.670105
42.925031,160.024033,30.177498,73.437485
43.041899,159.120049,31.108496,73.751907
43.974199,159.246021,30.887604,73.833839
45.318041,159.206432,30.298964,74.032387
46.005734,159.595318,30.893732,74.137032
46.540543,159.576576,31.038790,73.977768
46.826677,159.728912,31.154022,73.774414
47.251014,159.906403,31.612797,74.042068
47.839819,160.036476,31.629921,74.247803
48.002513,159.564442,32.184231,74.654091
48.715433,160.061771,32.464508,74.564247
48.587961,159.849491,32.902756,74.840782
48.127906,159.918583,32.879002,74.766243
48.481468,161.117039,33.531605,74.403877
49.623880,161.308723,33.523987,74.304596
49.640516,161.984703,34.775383,74.019806
50.270517,161.736542,33.766327,73.415863
50.158973,161.826588,33.279545,73.506279
50.827112,161.589649,33.755676,73.369621
51.527675,161.448589,33.769329,73.687065
51.774236,161.734978,34.372337,73.838547
51.855375,160.783970,33.879448,74.282326
53.786306,161.722572,33.358543,74.251312
53.072862,161.595238,33.006500,74.337891
52.583013,161.098602,33.343971,74.473801
53.673269,161.780785,33.441444,74.460403
54.023244,161.275360,33.806160,74.390671
54.306583,161.088070,33.587337,74.946205
54.535919,161.041485,32.335651,74.588585
54.545473,161.357502,32.957672,74.710014
54.438366,161.123463,32.955120,74.749214
55.524299,160.721947,33.068913,74.581909
55.153024,160.341801,32.124466,74.485649
57.025800,160.797485,32.039467,73.633850
57.048822,160.829586,31.498947,73.696602
57.602827,160.959267,32.313820,73.672318
57.371522,160.254536,31.998781,73.678566
57.584096,159.506893,32.618446,73.831139
58.560133,160.245575,31.242500,73.836349
59.208254,159.295788,31.169844,73.993279
60.355835,159.673641,30.910114,73.707130
60.696326,159.823521,30.479330,73.653114
61.261349,159.645023,30.369944,74.080849
61.475394,158.962334,30.178320,74.178009
61.309783,158.357952,30.077734,74.265175
61.331824,158.249222,30.053045,74.635193
61.491046,157.861698,30.033123,74.565086
61.660421,157.440598,30.035698,74.563980
62.166534,157.522217,30.086002,74.487915
61.938058,156.924709,29.395477,74.659798
62.431840,156.959915,29.899918,73.859940
62.345880,156.919144,29.763565,74.452988
62.794704,156.801922,30.077419,73.943260
62.396529,156.206802,29.533026,74.248535
62.241425,155.482590,29.584002,74.088425
62.055138,155.375244,30.238909,74.666412
62.901355,155.311317,29.899059,74.636261
63.250494,155.250187,29.756523,75.187279
62.507310,154.929947,30.014053,75.583023
62.822453,154.917858,29.690958,75.372276
62.948371,154.743305,29.648640,75.424904
62.934652,154.541359,29.839043,75.439972
62.521967,154.233074,29.707718,75.787849
63.244507,153.775372,29.662569,75.655037
62.382591,153.533661,29.886005,75.848175
62.448659,153.261250,30.053276,75.914436
62.378126,152.568283,29.522270,76.125198
62.659940,152.394135,29.584587,75.922241
62.238820,152.251411,30.025980,75.909317
62.066149,151.992542,29.455549,76.243050
62.289632,151.806290,30.079979,75.735916
62.046506,152.218033,29.645363,76.054916
61.901603,151.831253,29.997517,76.171219
61.855354,151.492256,29.603077,76.050354
61.480103,151.191101,29.807634,75.683380
62.032547,151.564125,30.174915,75.935089
61.750457,150.683762,29.464741,75.776688
61.719031,150.887318,29.658804,76.088356
60.959918,150.311001,30.027128,76.273689
61.453959,150.230549,29.868544,76.750389
61.875953,149.385956,29.914173,76.045853
61.905799,149.069393,29.912556,76.682610
61.456110,149.182076,29.449112,76.718002
61.752743,148.698788,29.724939,76.020805
60.733402,148.429245,29.789349,76.763870
60.903596,148.356014,29.804474,76.407127
61.364492,148.360348,30.718224,76.668541
60.971745,148.176720,30.340403,77.062622
60.831229,147.851456,30.302191,76.446411
61.117166,147.747364,30.634323,76.485710
60.376909,148.246063,31.125244,76.721100
60.496913,147.617290,30.335737,76.441628
60.009684,147.693562,31.694914,76.382332
59.957245,147.193378,30.831911,77.045052
59.667242,146.591579,30.790916,76.529625
58.794733,146.812572,30.805313,77.311897
58.781520,146.372681,31.116604,76.871429
58.522863,146.286572,31.273003,76.869179
58.601883,145.652813,30.750080,76.743660
58.918657,145.226265,30.660889,76.604004
58.350450,145.153786,30.034256,76.925842
58.453378,145.181183,30.208786,77.069443
58.031575,145.070465,30.233774,76.412079
58.098204,145.002003,30.030935,76.601295
58.640842,145.754868,30.176006,76.279495
58.150013,145.668766,29.997690,75.956612
58.122127,146.587330,30.295559,75.099403
58.187322,146.235867,30.144005,74.838112
58.741022,146.326538,29.929260,74.682419
58.563076,146.958748,30.215343,74.627655
57.924671,147.418396,30.048260,74.292435
58.589719,147.599636,30.057152,73.833900
58.021910,146.906437,30.146704,73.965828
57.909851,147.541698,30.027500,74.460869
58.601173,147.849903,30.167500,73.803383
58.099746,147.183739,30.101414,73.956299
58.516862,147.498840,30.259369,73.706619
58.652184,146.516338,30.040377,73.884682
58.013283,146.882187,30.816683,74.311874
58.793584,146.545151,30.290916,74.050156
59.077538,146.340233,30.270662,74.090744
58.620784,145.978340,29.873562,74.014603
58.779994,146.039711,30.242460,74.183899
59.805154,146.098019,30.091446,73.707909
59.883382,146.357391,30.614037,73.787292
60.193508,146.596687,30.912991,73.802902
60.537696,146.400513,30.168461,73.846634
60.468679,146.866718,30.535912,73.386803
61.439390,146.566513,30.301659,73.329041
61.380619,146.825748,29.938198,73.275017
61.818489,146.829746,30.642048,72.970009
61.774347,146.455814,30.644485,73.246452
62.251106,146.409492,30.575581,73.053696
62.998251,147.456081,31.113640,73.281807
63.660164,146.763947,31.252596,73.104355
64.638301,146.721409,30.627636,73.276268
66.276947,146.704548,30.783421,72.423042
66.872955,147.064930,30.198322,72.632057
68.435148,146.669769,30.644554,72.193405
69.989680,146.412689,30.949049,72.550873
72.274097,146.913948,30.898312,72.475800
74.054018,146.562687,30.913925,72.334862
75.070306,147.649567,31.260925,72.563095
75.979643,147.809315,30.689123,72.681206
76.948823,147.008621,30.809984,72.317215
77.954136,146.683159,30.991083,72.386795
79.961346,147.307785,30.540384,72.050323
81.561511,147.071514,30.464827,72.110939
83.944787,147.850658,29.991854,71.964455
84.805428,148.227886,30.058153,72.406960
85.889356,149.152035,29.972710,72.214989
87.843633,149.847397,29.752586,71.711365
89.198439,150.657604,29.341024,71.559959
90.191861,151.388733,29.081217,71.234390
90.957276,151.375629,29.960207,70.972237
91.554503,151.687206,30.342154,70.877739
92.121418,151.694042,30.311092,71.019402
92.826550,152.400532,30.361521,70.969383
93.403358,153.070183,29.672459,70.744659
94.539811,154.311607,30.748293,70.561310
95.567405,154.835102,31.238575,70.618492
95.646189,154.575089,30.641279,69.762955
96.648788,155.270275,30.836826,70.562111
97.889308,154.723820,31.267286,69.486992
97.725587,155.193741,32.244507,70.978424
99.074933,155.141476,31.916849,69.832832
96.392286,156.017021,35.583031,71.496185
90.546064,155.641525,40.404884,80.964523
100.996844,157.885815,31.229918,68.770531
101.897361,158.292011,30.250980,69.439964
103.225560,158.904377,29.154993,69.019951
97.450391,159.440002,35.300896,75.371841
81.751960,160.858238,49.141911,88.889496
80.815902,160.270962,49.902576,90.460442
79.849582,160.996338,51.310711,89.691391
80.210199,161.756321,51.202698,89.480415
80.487325,162.135323,52.041786,89.028625
80.940395,162.822575,51.378231,88.410744
82.821664,162.747368,48.958435,87.835602
84.022411,163.627552,46.693172,86.906441
83.822059,163.189548,47.865086,87.244057
83.458702,163.343666,47.623478,86.540222
84.253915,163.704670,46.557861,86.207680
84.445337,163.223824,45.922699,85.484619
85.646974,163.228966,44.904465,84.949585
84.594213,163.569374,45.464027,85.237610
86.066957,164.141918,44.266464,84.509850
86.244646,164.946701,44.355667,84.648819
85.388866,165.067883,44.460018,84.223106
84.765419,165.698601,44.525791,83.831268
85.242410,164.558464,44.557007,83.687805
85.683404,165.464851,43.023804,83.919342
85.172763,164.910545,43.626873,83.810913
86.129850,165.679794,42.960289,83.359451
85.145933,166.110920,42.519066,82.371376
85.338502,166.279015,42.016281,82.126312
86.096695,166.404598,41.169575,81.615501
84.700862,166.489902,42.162624,81.414314
85.247341,165.316753,41.829433,82.240013
85.153877,166.352333,42.157108,82.104095
85.435890,165.512096,41.358982,81.921501
85.989433,166.375446,41.135166,81.935188
85.917400,165.675873,41.187191,82.177139
87.046539,166.413193,39.983723,82.047775
86.476074,166.049507,40.421162,81.943970
85.602304,166.437881,40.881958,81.973831
84.431886,166.710285,42.985855,81.916176
84.857181,166.106579,43.117748,82.177330
85.767366,165.675133,41.851486,82.323212
84.752994,165.560322,42.083050,82.320076
85.187248,165.770603,42.952457,82.513954
85.634128,165.341515,41.971874,82.586731
87.112892,165.313023,41.241337,83.222084
87.604448,165.414780,40.922470,83.492538
87.292646,164.076744,41.084221,84.142517
87.820310,165.079170,41.020775,83.809845
89.695976,164.163284,40.767948,83.725266
88.454813,163.330105,41.320465,84.329033
91.205944,164.964760,39.413235,83.752960
91.245292,163.757004,39.041050,83.653671
91.418254,163.589920,38.863338,83.643143
91.367065,164.666092,39.240314,83.538559
92.349254,163.510456,40.666653,84.096718
93.908369,165.552269,39.967888,82.282349
94.548755,168.642220,39.873058,78.891357
93.936550,168.610283,39.867458,77.913818
94.739009,170.397354,40.046780,76.489792
94.707912,169.595226,39.618801,77.155907
94.585659,169.351246,39.718044,76.818550
94.722803,169.471958,40.070282,77.086617
94.321876,167.910866,40.578617,78.746155
94.436100,169.648037,41.361858,76.343651
94.285944,171.025837,40.226410,75.076546
94.205965,169.592396,41.057053,76.576149
95.146947,172.390930,39.932594,73.807053
94.149053,168.815838,41.886208,77.289268
93.748361,168.098854,40.968842,77.732208
94.304426,170.796066,40.417381,74.584946
93.481929,168.923527,42.467464,76.195869
94.076692,168.859776,40.885635,76.092842
94.387054,171.714134,40.644032,73.526672
93.498506,168.732037,41.946396,76.830437
94.657344,170.531784,41.261166,74.537094
94.584409,169.117970,41.519402,76.005165
94.380962,169.067505,40.352962,75.555832
94.041891,171.181026,40.994423,74.047020
93.945705,170.666725,41.364254,74.542969
94.609113,169.735573,40.425560,75.408112
94.472269,169.502499,41.287476,75.168388
94.398677,166.790482,40.265133,77.560959
93.913911,166.551670,39.762466,77.593910
94.754974,170.269329,39.480976,74.596275
95.021410,167.242210,40.431290,76.505432
94.754518,165.758602,39.029984,77.468681
94.279483,168.126774,39.699413,75.025856
93.772358,166.670998,40.922131,76.451630
94.238063,166.160858,41.274380,77.641006
94.130369,167.976154,40.622002,75.234657
93.954336,165.686848,42.735756,77.439430
95.248169,169.489952,40.598591,73.396515
93.159677,165.049831,43.768494,77.169060
93.876165,168.444313,41.755745,73.366547
93.711202,164.341969,42.330086,77.560371
94.932594,167.252274,40.738071,74.032913
92.923088,163.445423,44.670322,76.927834
94.578123,164.381268,42.023064,75.630699
94.750202,164.126991,41.376141,75.314362
95.823762,164.301163,41.454758,74.428513
94.725689,162.933456,42.264889,75.092514
96.391908,165.687363,40.323318,73.371109
94.657926,162.941006,41.961388,75.540306
95.102338,162.635723,41.184654,74.857750
95.187143,162.843548,41.419434,74.030876
95.707170,160.245964,42.008560,75.872375
96.181728,160.221439,41.680325,74.731453
96.373006,160.737576,41.479591,74.262474
96.770599,160.378227,41.155994,74.716309
97.114837,159.437016,40.904835,75.585243
96.042707,161.365105,43.458122,74.750153
96.906494,161.659000,42.314411,75.226906
95.331453,160.031082,48.589493,76.267410
96.533428,161.425842,43.914791,74.740555
97.370716,161.899170,42.081036,74.427048
97.562692,160.747944,45.698151,75.320229
98.417940,162.006184,41.681198,74.303658
97.824789,160.115223,43.058418,75.418434
99.756395,161.498844,39.472214,74.213875
99.343042,160.339054,40.579010,74.961006
99.774723,159.415829,44.258587,75.763664
100.825712,160.616165,39.295769,74.954330
101.675636,158.625450,38.092869,76.614441
102.472183,159.639297,40.603168,76.371017
102.112665,159.469112,41.001526,75.226250
102.068508,159.160793,42.346951,75.440086
102.707603,158.820221,43.457554,75.873886
102.583749,157.268570,40.091522,77.293198
104.202922,157.563892,41.125942,77.166664
104.242157,157.922005,37.637592,75.584045
105.202167,157.044338,36.321819,77.160576
105.845785,156.969635,35.756630,77.087875
106.096574,156.199059,36.781509,77.461273
106.485408,156.668106,36.572231,77.341110
107.584243,156.246178,35.513386,77.434662
107.586380,155.950508,36.188251,77.690308
108.354360,155.402832,35.618690,77.648819
108.603330,155.321762,35.698082,77.669540
109.068924,155.499504,36.761921,77.848694
109.898675,155.571148,36.716064,78.085167
109.784807,154.664379,37.137558,78.341362
110.132709,154.892910,37.134502,78.216789
110.771503,155.062469,35.917370,77.902084
111.201162,154.523037,36.319832,77.812950
111.136699,154.602592,37.307217,78.676941
111.781915,154.757019,36.807709,78.473679
110.840368,154.094170,38.664101,79.376068
113.223733,153.778423,35.626465,79.430809
111.959455,153.545654,38.014030,79.921677
113.664728,153.135921,34.608002,79.229973
113.974851,152.938446,35.662376,79.713791
114.497434,153.058136,36.417564,80.138565
114.333007,152.247829,37.466145,80.166191
114.088508,151.753304,36.064182,81.084290
114.437173,152.483894,35.064636,80.449371
114.542669,152.294189,35.136452,80.196945
114.813173,152.476772,35.048019,80.996758
114.923368,152.454758,35.671532,81.944687
115.197193,152.470108,36.288311,81.383530
117.212900,152.965778,34.324860,80.841072
116.724071,152.778534,35.423946,81.584641
116.623981,152.464569,34.901440,81.325546
115.908346,151.923096,35.445961,82.180893
117.304548,152.505703,33.848259,82.755608
112.944074,153.866581,38.702080,82.628944
115.518993,153.929836,36.784573,82.986900
116.206722,154.081684,36.492062,83.261391
116.213022,153.945896,36.685150,82.939888
118.375467,153.612835,35.090118,83.749321
118.715509,153.129341,35.176331,83.772400
119.168619,152.067928,35.679993,83.624535
117.791683,151.692711,37.642147,83.661682
117.223772,151.244492,38.653793,84.474411
116.330350,151.588966,38.979057,84.596008
117.865131,150.831356,37.450756,85.265190
117.818458,151.512688,36.789799,86.106415
118.105178,151.488251,36.512867,85.395615
118.947036,151.410717,36.351948,85.967064
117.979648,151.158680,39.668987,85.849709
116.926351,150.442783,41.898170,86.216682
116.759754,150.739159,41.045849,86.018127
118.766719,150.884048,38.528133,85.873001
116.785154,150.960392,40.651909,86.343666
117.033933,150.550568,38.148186,86.998672
117.001089,150.812889,37.768318,87.545746
116.964059,150.874786,37.499146,87.506821
116.089996,150.664410,39.190144,88.478294
116.189199,150.859589,39.359261,88.024796
116.229543,150.690956,38.089882,88.121490
114.426977,150.306950,39.743568,87.943306
112.379234,150.726181,39.472141,88.158157
112.219980,150.451733,39.234802,88.304131
113.047409,150.358791,37.903706,88.577477
112.935691,149.512669,35.082829,89.417702
112.937414,149.527454,34.609413,89.549843
112.201086,149.265667,37.038002,89.942345
111.310075,148.475765,37.711838,91.116447
111.659841,148.945602,36.077553,90.903580
111.203811,148.373222,33.698841,91.589417
109.229295,149.547253,39.774002,91.086205
108.037376,150.035439,37.277256,90.152588
107.786590,148.697147,36.034657,91.812965
107.958921,148.313076,35.576805,92.157524
108.463563,148.252396,35.033005,92.224411
107.639341,148.961826,35.535484,92.038063
108.033695,148.441906,35.175243,92.503349
107.809063,148.484524,33.562435,92.117912
106.640598,148.520821,34.890240,92.347717
106.514310,148.776905,35.552422,91.844948
106.516492,148.474689,35.805229,92.392982
103.190788,147.484138,39.498020,93.806702
107.440258,148.299221,34.405758,93.564415
106.619989,149.537292,34.330200,92.700699
106.863029,149.796955,34.665257,92.515450
105.067705,149.595776,36.434280,92.819725
105.059608,149.339020,36.126194,92.708817
106.332347,148.606003,34.726986,93.096512
107.813573,149.503658,32.588203,92.146935
105.272478,151.813686,34.297745,90.377281
104.449037,150.892303,35.719223,91.857376
104.641676,149.140186,33.876274,93.597755
105.134153,149.119167,33.218468,92.863701
106.181791,148.953114,33.044334,92.983803
104.431428,150.239964,33.258804,93.687447
104.274566,151.205982,35.441059,92.215553
104.219125,150.476139,35.682739,93.928291
103.583709,151.188438,37.707264,92.914398
104.311924,151.420166,36.164654,91.812363
101.117122,152.117798,43.282497,91.999466
174.044181,181.265091,37.829716,86.425522
172.626007,182.391487,38.554707,85.458984
170.839426,181.899361,38.289703,86.427368
169.288465,181.589470,38.280693,86.127869
169.459129,181.141640,38.831577,86.659180
168.028333,180.571167,38.988152,87.218765
165.936504,180.371975,40.157528,87.816277
164.488767,179.482388,41.299828,88.216179
164.661960,179.157139,41.604046,88.591682
163.861440,179.919025,41.545235,89.314522
163.376361,179.576199,41.335674,88.732231
161.762926,179.832253,41.186356,89.844025
160.101223,179.770374,41.503109,89.682899
158.412616,179.337700,42.188976,89.782166
156.823116,180.299335,42.005093,89.778603
155.686775,180.378853,42.287571,90.361481
156.359943,179.740555,41.534740,91.050644
156.015007,180.657566,41.348850,90.986305
154.803546,180.706005,42.501415,91.181419
154.694385,181.580601,42.331860,90.970772
155.188627,181.261360,41.882286,90.887451
154.857414,182.640438,40.905643,90.201439
155.021139,181.993607,41.908211,90.294418
154.976488,182.705368,41.430344,89.940109
154.458622,182.161827,41.221386,89.801727
154.222330,182.088631,40.306793,90.007660
155.305913,182.200939,39.931862,90.559929
153.681722,182.041859,40.185005,91.626808
153.865747,181.608280,40.676361,91.065529
152.900894,181.356586,40.668690,91.604164
152.934448,182.044056,40.362110,91.185036
151.529598,181.388950,40.293270,91.519020
150.143751,181.475380,40.422173,92.198242
150.487978,181.041534,40.148544,91.741623
149.495515,181.169209,40.331558,92.252541
149.252695,181.540787,40.582062,91.298904
148.400423,181.752876,40.268723,91.107178
147.696277,182.130390,40.024364,91.992256
146.459810,182.736626,40.087784,92.775452
145.200193,182.387100,40.373528,92.417404
146.283666,182.375759,39.408760,92.463615
144.361909,182.151566,40.134384,92.235580
143.477706,182.133553,40.174091,92.518250
141.987642,181.834763,41.714554,92.340469
141.086719,181.336617,43.108196,92.459534
139.367231,181.055737,44.195122,93.255455
139.453626,181.422649,44.248558,93.672295
138.171497,181.218136,45.220196,94.259880
139.880077,180.392979,43.786282,95.038643
138.220390,180.555882,44.971745,94.553444
137.847574,180.382515,45.458801,95.049927
138.325906,180.283401,46.003937,96.003128
138.683364,179.577740,45.549427,95.606010
142.721096,180.635963,44.859280,96.126129
146.359024,179.155128,44.086079,95.443085
152.309642,179.730751,44.677395,96.533813
158.536205,181.533356,44.948116,96.121262
165.534671,181.411995,44.634106,95.876282
239.667579,173.772438,37.612614,85.189545
247.223535,173.814064,38.070984,84.579742
253.528434,174.871620,38.432102,85.034729
258.781412,176.528511,38.588043,84.636444
266.717115,176.815266,37.445549,85.319496
271.428823,177.613777,37.799110,84.955139
272.383482,178.172791,36.521019,85.211380
276.459028,178.512444,38.031181,85.260620
281.189153,177.848442,37.659798,85.943054
285.104122,178.748760,37.986202,86.821159
289.275266,178.881744,38.375114,87.176956
292.917411,179.219807,38.198704,87.392281
292.678138,178.857910,36.987125,87.642715
295.785942,178.490059,37.925785,87.523560
298.649091,177.847679,38.327904,88.399994
299.848901,178.828388,38.071503,88.298866
302.063110,178.461079,38.028217,89.032173
303.588506,178.462791,37.975410,89.713654
229.495428,192.346901,41.132515,96.198944
230.374309,192.499832,41.000118,97.040665
231.952007,192.995674,40.540249,96.134766
232.055322,192.739239,41.172333,96.190331
233.514577,194.190983,41.297737,96.480415
234.053213,194.433796,41.938454,96.943703
233.213111,194.465202,42.126713,96.770142
234.841022,194.676285,42.894482,96.617813
236.121921,195.031719,43.386852,96.201408
234.814338,194.522877,43.855167,96.902901
237.429555,192.467464,44.182808,98.183342
236.025413,191.804726,45.449772,97.824799
237.453216,191.866497,44.185902,98.168358
235.759800,191.769512,46.318340,98.852501
237.067255,192.221947,46.530090,99.963257
236.646894,193.513229,45.328423,100.143478
236.543088,193.957970,44.521812,99.043915
237.542362,193.883080,44.329723,99.096497
236.553226,194.124432,44.306561,99.466545
237.358060,192.974625,43.858513,99.228043
238.149080,192.014351,43.595047,99.382965
236.927377,191.873161,44.009766,99.659821
237.014869,192.054554,43.787510,99.590309
236.680456,193.113365,44.458382,99.330872
237.368808,193.129959,43.470867,99.285080
235.859291,193.276230,43.151951,99.803055
235.792596,193.113041,42.687775,98.927834
234.853082,193.515327,42.734772,99.212097
235.013694,193.891766,42.426212,99.000267
232.864881,193.996616,43.779594,99.306007
233.837226,193.630264,42.880131,98.830276
233.923418,194.174324,43.185806,99.005280
232.549182,194.753437,43.760906,99.018318
232.785715,195.078419,43.861237,98.491615
232.155578,194.297176,43.721424,98.854546
231.121536,194.835327,43.578053,99.306625
232.493093,194.842926,43.686317,99.113113
231.509952,195.264240,44.577526,98.744179
230.495407,194.734127,44.096668,98.329857
230.140235,194.717834,44.413456,98.602249
230.230115,194.977734,43.436241,97.854179
230.571580,195.173481,43.168045,98.585060
230.042039,195.394051,43.186386,98.135345
230.152710,195.358334,43.202808,98.824608
231.642969,195.516994,42.975037,98.631493
231.094051,195.352726,42.616817,97.909248
231.018098,194.965145,43.630234,98.732384
231.907331,195.086147,42.973686,98.647484
232.120912,195.659008,42.306168,98.695061
232.237340,195.359463,43.199501,98.491966
232.563579,195.699585,42.734066,98.178329
232.524772,195.360832,42.651737,98.137207
232.500013,195.907597,43.144127,98.380470
232.991478,195.502750,42.921879,97.974495
232.982955,195.719303,42.880085,97.899117
233.680267,195.089973,43.272572,97.788910
233.809513,195.606419,43.522869,98.196205
233.619974,195.850281,42.580872,97.403183
234.439477,195.458508,42.979401,97.680229
233.613504,195.920216,42.752625,97.557716
234.660148,195.658047,43.002506,97.565453
233.702888,196.264080,42.806248,97.308708
232.343597,196.683243,42.910358,96.813950
232.765031,195.384434,42.515274,96.947975
