547.000000,238.000000,22.000000,23.000000
547.742764,237.272111,20.765272,24.913206
548.486977,237.194521,20.624962,24.983822
548.196259,237.114826,20.708168,24.980888
547.823913,237.434124,21.224512,24.707573
548.442560,238.395501,21.190159,24.607924
548.197779,238.994018,21.388248,24.287470
548.551920,239.880264,21.924389,24.225479
548.613933,240.726180,21.976107,23.821199
550.111260,241.900073,21.432325,23.342012
550.096189,242.495341,21.967869,23.326906
551.359328,244.184873,21.430193,22.805189
551.283328,245.162078,21.672632,22.577036
551.953191,246.033163,21.618391,22.030178
553.506436,246.996256,21.233992,22.751163
555.100471,248.363200,20.284426,22.845896
556.289355,248.554288,19.510035,23.119474
556.652111,248.992911,19.598885,22.834513
558.510880,250.570404,19.348816,22.484283
558.097030,250.836853,19.750803,22.449112
559.748572,250.723473,19.149813,22.780479
559.871409,250.377086,19.157679,23.180124
561.254864,250.972338,19.236534,22.514095
561.781695,250.658913,19.018885,22.567604
561.798036,250.509956,19.109266,23.463028
562.460389,250.923344,19.021269,22.517487
562.722505,250.631285,18.946783,22.566746
562.988089,249.846412,19.264187,22.706766
562.716734,249.150602,19.074848,22.621159
563.001600,249.325246,19.266857,22.426306
561.063066,247.622525,20.533689,22.916067
561.326674,247.119209,20.195169,22.137779
561.498118,247.388004,20.340265,22.128189
560.222990,246.963179,20.823109,22.211567
558.652834,246.421197,21.501919,22.297766
559.739345,245.800282,20.575212,21.838554
557.903253,246.047708,21.560369,21.636114
557.180923,246.365861,22.069603,23.039862
557.076365,247.239058,21.339458,23.202997
555.399433,247.174747,23.201683,23.103394
554.265134,247.028812,24.558401,23.870148
552.611593,247.469565,23.862919,24.286226
551.906091,248.131489,24.945883,24.285507
551.014150,248.533855,25.185728,24.285599
549.146842,248.435425,23.178881,25.195343
548.525140,248.876404,22.501905,25.009346
547.288565,250.015361,22.155315,24.752344
546.711605,251.705578,21.027588,23.743706
545.103598,250.854159,21.318172,24.439180
544.695762,252.150476,21.344622,23.724880
543.614860,252.935189,21.514086,23.646482
542.387778,253.275289,22.274256,25.193609
542.374719,253.788950,22.622358,25.342190
541.058084,254.708597,23.152233,24.715450
540.746358,254.241495,23.320829,25.858181
540.604210,255.004242,23.794571,24.718468
540.545525,256.038527,23.620979,25.906597
541.062250,256.253861,23.712948,25.570127
541.143240,257.710402,22.502010,24.461727
541.416645,257.320127,23.026718,25.317091
541.688027,259.675970,23.086943,24.745663
541.616386,260.005320,22.537704,25.205738
541.844161,261.827934,23.053072,24.623573
543.757648,261.315958,21.619316,25.070652
544.127283,262.294257,21.193104,24.629717
545.312549,263.072454,21.074129,24.155163
546.259313,262.235383,20.546881,24.445463
546.986293,263.634864,20.734644,25.619135
548.391598,264.522759,21.379189,23.728445
548.801960,264.349803,20.299545,23.701426
550.402912,265.565371,20.596497,23.384029
551.248285,266.341914,20.474468,23.069460
552.531255,266.889641,20.886106,24.103043
553.728113,267.171066,20.515446,24.584763
554.416828,267.305398,20.417595,24.494268
554.495337,267.345127,19.843441,23.851250
555.462786,267.735721,20.017956,26.327173
555.938641,268.316589,20.575119,25.526344
556.498864,267.533765,19.829252,26.510305
556.677341,267.847347,19.976700,25.391563
557.187499,267.345776,20.071192,25.115250
557.296816,267.258054,19.719273,26.051916
557.527312,266.790689,19.963663,26.701139
557.128989,266.900883,19.820551,26.466003
556.932605,266.243088,20.072412,27.435204
556.765371,266.496074,20.201138,27.336893
556.488788,266.803642,20.047617,25.999802
555.800826,267.241619,19.982904,25.837868
554.681013,267.743298,20.342594,24.983948
554.873299,267.239420,20.180923,25.553768
554.193412,267.363391,20.238276,25.923639
553.287086,267.701520,20.424288,25.138021
553.376678,268.514127,20.473688,25.303518
551.041962,268.336525,20.904488,25.018440
551.537964,268.565792,20.228867,24.619591
550.116193,268.032176,20.845793,24.263468
549.740536,267.353691,20.686691,24.842163
549.502139,266.168818,20.357317,27.201220
548.655138,267.622934,20.283596,24.626225
548.547485,267.266311,20.540390,25.293360
547.502441,266.688513,20.842346,27.460041
547.351928,266.822077,20.778475,26.390728
547.347414,266.797690,20.223156,25.181253
546.909620,266.426580,20.488224,25.119923
547.197414,266.515690,20.410263,25.344780
547.374492,266.604649,20.776392,25.106689
547.290026,266.274546,20.168690,24.696064
547.306611,267.064302,20.775496,24.493793
547.217686,266.577445,20.727837,24.772966
547.040257,266.392813,20.219078,24.444546
547.773658,265.816705,20.370066,24.480177
547.852486,266.424934,20.216034,24.319084
547.672230,266.256119,21.224342,24.297836
548.072287,267.672663,21.129292,23.107113
548.915799,266.851198,20.306540,23.889240
548.468077,267.656702,20.699574,24.086811
549.583324,267.528268,20.337952,23.717939
550.372437,268.839512,20.426710,23.651627
550.734559,268.051984,20.650366,24.151823
552.313675,268.863384,20.037537,24.139038
552.890859,269.026950,20.214987,25.036356
553.057793,269.068856,20.649620,25.940290
553.499464,269.529717,20.217480,25.082029
553.152428,269.016317,20.495392,26.137447
553.867886,269.763949,20.266617,26.378290
553.870881,269.407589,20.168562,27.015167
554.551483,269.753647,20.325150,26.035042
553.914854,268.962584,20.860653,27.636423
554.131075,269.059888,20.550892,28.087736
554.014195,268.241884,21.589582,28.564541
554.720810,268.137456,21.077995,28.583517
553.876061,267.807941,21.742643,31.330429
554.206348,266.280966,21.724464,26.718189
553.191170,266.127357,21.730957,26.833305
552.709305,265.578256,20.859024,26.832243
551.692331,264.869379,21.542164,25.724003
552.313924,263.780638,20.944403,25.818752
551.891713,263.368455,21.251921,25.122427
550.336798,262.277766,22.049427,24.870371
550.573312,262.003398,22.181479,24.919451
549.307304,262.041189,22.306595,26.218868
548.729178,261.745597,22.398760,25.882669
548.602313,262.544042,21.947397,24.987509
546.483845,262.010387,23.538551,26.494774
546.238900,262.455852,22.030310,25.431551
545.658941,262.739862,21.053143,25.132977
545.361769,263.178323,21.513607,25.392210
543.957071,263.774804,21.546329,24.535185
544.491533,262.828650,20.821224,24.961094
542.909525,263.743644,21.693409,24.169397
542.915951,263.752065,21.118042,25.304991
542.690157,263.674376,20.951015,25.203524
541.343117,262.905222,20.538223,25.305904
540.463791,262.489491,20.994820,24.972677
540.908864,263.214467,21.126158,25.302626
540.229287,262.477697,21.418814,25.769382
539.675411,262.768537,21.397835,25.901228
539.809627,261.820925,21.255281,26.120571
539.979099,261.440518,20.991272,25.426802
540.062897,260.950336,20.481209,25.040718
539.574004,260.899699,20.892443,24.910463
538.996294,259.428119,20.599773,25.416658
538.883754,258.536343,20.753107,25.253044
539.518563,258.131349,20.273069,25.222982
539.173633,257.039798,20.797258,25.538881
539.526237,256.118733,21.126945,25.872198
540.034228,255.023213,21.099703,26.022696
540.646420,255.104492,21.340385,25.475540
541.487490,255.140688,20.705112,24.389423
542.315487,254.208803,21.837852,24.406010
543.098904,253.507455,21.452637,24.549650
543.636032,253.280169,21.854843,23.686329
543.281312,252.360855,21.810125,23.097565
544.298720,252.073457,21.056192,23.382063
545.913893,251.884838,20.700657,22.602203
545.713722,250.270618,20.902489,21.945045
547.343064,250.152083,20.384771,22.913858
547.814991,248.896033,20.874321,22.781031
549.571376,248.048989,20.171755,21.782988
550.437190,248.083006,20.163538,21.943630
550.247315,246.932128,20.875692,21.967783
551.337589,246.035223,20.662773,21.739498
552.164758,244.931241,20.745825,21.983999
553.346724,244.772130,20.863972,21.503653
554.191895,242.829718,20.369886,21.206493
555.555305,242.918886,19.986551,21.048260
556.283730,241.126076,19.724991,21.675919
556.968558,239.902667,19.895288,21.279657
556.880730,239.659609,20.439003,20.646175
557.451967,239.411875,19.752628,20.166470
558.200695,238.902961,20.059891,20.040102
557.384577,238.367165,20.780117,20.300789
558.731097,236.769413,20.067652,21.034363
558.700849,236.034329,20.689817,20.177900
557.628844,235.635969,21.017962,20.064495
558.031833,235.846952,20.822474,20.308399
558.690423,234.031977,20.578947,21.078915
559.509858,235.117561,20.220640,20.228661
557.992094,234.384308,20.379116,20.677643
558.641298,233.914799,19.786510,20.249435
558.368839,233.011477,20.075279,20.577829
558.708899,234.398548,19.577129,21.048119
558.312984,233.211625,19.452545,20.384771
556.407248,234.494751,20.592058,20.346313
556.776008,233.594796,19.402727,20.729582
555.026901,234.150095,20.432106,21.057812
554.284100,232.809288,20.667641,21.241249
553.221180,233.420441,20.601799,21.231911
552.665964,232.555425,20.597637,20.806921
551.775443,232.611149,20.713060,21.283928
550.415542,232.437190,20.951021,21.515703
550.356905,232.083300,21.074627,21.652424
549.918751,232.628812,20.873459,21.023298
548.266033,231.509336,21.321823,22.120083
548.681933,231.513477,20.696985,21.045982
546.818143,230.668531,21.139647,21.260387
547.916365,231.047873,20.637081,20.544788
546.069169,230.153994,21.462851,21.854923
546.392416,229.445028,21.349201,20.985279
546.163533,229.818359,21.583235,21.212006
546.604871,229.459743,21.250700,21.052156
546.878074,229.276223,20.913294,20.845304
546.679677,229.371615,20.664976,20.837465
547.083166,228.886115,20.916378,20.739054
548.074784,228.809877,20.491682,20.715977
548.910562,229.166737,20.686972,20.663086
549.524163,229.510128,20.985197,20.749901
549.225707,229.342178,21.289377,20.798386
551.068997,228.336180,20.662237,21.262638
551.691358,229.218790,21.097517,20.595257
552.424761,228.649040,21.120258,20.605766
554.534252,229.256621,20.717674,20.585108
554.870023,227.647257,20.501120,20.823505
556.503663,228.459897,19.793242,20.549910
556.783826,227.736908,20.103842,20.614761
557.490177,227.111650,20.057686,20.665874
557.472503,227.664800,20.378794,20.368093
558.541423,226.726381,19.982126,20.139843
559.003553,227.148706,20.532162,20.306232
559.115111,226.004615,20.272760,19.993586
559.759030,224.926416,19.980070,20.419476
560.768323,225.107368,19.649069,19.739595
560.522224,225.362806,20.265831,20.407665
560.468602,224.616668,19.528456,19.705179
560.809846,224.461387,19.813498,19.819590
560.933989,224.773653,19.762585,20.070606
561.037339,224.137758,19.743269,19.686108
561.867203,224.961904,19.739922,20.154646
561.441625,224.089087,19.419416,19.395594
561.918295,223.882646,19.639774,19.656752
562.473856,224.247465,19.480556,19.916164
561.984949,223.623682,19.127987,19.264156
562.015958,224.179884,19.504782,19.463795
562.413248,223.639930,19.101192,19.154345
561.767554,223.827259,20.088457,19.481804
562.173011,223.502252,19.708918,19.029463
561.109474,222.351607,19.653275,19.447588
561.085811,222.938055,20.214800,19.596294
560.832765,222.497902,20.204916,18.754250
560.595480,222.192660,19.826450,19.353365
559.957685,221.438519,19.699537,19.655380
560.791343,220.766143,19.560656,19.264894
559.480450,221.242222,19.920753,19.349884
560.051649,219.887251,19.875927,20.221523
560.186211,219.229384,19.912552,20.397699
558.913857,217.793230,19.925774,20.369511
559.126660,219.077283,20.336355,19.782866
558.657771,217.259616,20.067141,20.519823
557.894835,216.843052,20.426250,19.743019
558.042652,217.752969,20.117050,19.232702
557.751973,216.645329,20.053961,19.522911
558.440119,216.710154,19.864803,19.465794
558.048421,216.326593,20.429930,19.944233
558.361132,217.184350,20.021885,19.141340
559.589212,217.781864,19.642132,19.105598
558.958967,218.312235,20.027027,19.351208
559.525357,220.017958,19.982176,18.526394
559.184330,218.687451,20.153954,19.139471
558.541334,218.849428,20.615932,19.894337
558.900832,219.673954,20.271608,19.599594
560.178011,220.636471,19.512135,19.294212
560.351727,220.980359,19.852415,19.747145
560.147500,220.871613,20.364035,19.798660
561.313056,220.998241,19.881037,19.738556
562.945680,220.795715,19.307371,18.283363
562.405132,220.510799,19.948746,19.243980
564.224721,220.937145,19.629698,18.218742
564.599123,219.953100,19.454914,18.170345
565.963689,218.839192,19.225035,18.060865
565.855318,219.395470,19.820438,18.387360
566.349147,218.173500,19.957987,18.258591
568.048739,217.259660,19.618608,18.194426
569.006263,216.392755,19.431925,18.501387
570.029924,216.523696,19.103794,18.722765
569.749347,215.152342,20.014055,18.919117
570.553649,214.419078,19.361246,18.800859
571.300625,215.529083,19.433914,18.122299
572.313682,214.654548,18.716852,17.765985
573.474525,216.370662,17.986961,17.083963
574.292317,215.397641,18.740042,18.253134
574.217519,215.974080,19.390417,18.539724
575.405107,215.276842,19.224232,18.847149
575.452736,213.396404,19.935432,20.851250
576.543074,215.095996,19.428394,20.014330
576.190251,213.948223,19.886709,20.387299
576.453518,214.242201,19.859894,20.059368
577.473984,215.108955,19.726723,20.011185
577.764709,214.899046,19.435259,19.213566
577.530658,214.701040,19.475176,18.743145
577.914996,214.900822,18.947969,18.479561
577.601922,214.934680,19.156713,18.799997
576.165092,214.853630,19.347031,18.187653
576.151796,214.951374,19.449375,18.113861
575.823901,214.804369,19.487436,17.594402
575.470831,214.971876,19.426167,17.785397
574.068977,215.182683,19.901955,17.514273
575.266214,214.153122,18.894138,17.871925
574.249348,213.553967,19.398964,19.018967
574.344132,212.935680,19.308836,18.813980
573.445094,214.849128,19.287104,17.966440
574.058770,213.370877,18.141195,17.951811
572.537655,213.127179,19.051926,18.626905
572.383473,213.267361,19.200361,17.806633
572.794692,212.507483,19.315615,19.047649
572.086138,214.499562,19.878117,18.026091
571.806394,213.791841,19.064428,18.006262
571.580592,213.633488,19.366838,18.704277
571.912291,213.826864,19.236256,18.033146
570.388541,213.107141,19.825228,19.279829
570.933463,214.079400,19.413240,18.403730
570.042844,213.865903,20.008512,18.547483
569.463559,213.966629,19.695921,18.378777
570.222779,214.283706,19.477804,18.860590
569.938889,213.541498,19.449432,18.976948
569.854059,214.137437,19.651142,18.457266
569.337979,215.064493,19.664152,18.316540
568.597485,212.971460,20.712730,19.272465
569.089396,213.452537,20.452251,19.039820
569.604568,214.979821,19.255325,18.090879
569.846433,213.781389,19.080763,18.226009
570.660642,213.305288,18.422247,18.012012
569.545560,211.942183,19.726042,20.091839
570.958334,211.960196,19.303143,18.680185
570.742908,210.856573,19.383080,19.307446
569.483258,212.441860,20.285330,18.699692
569.809459,212.898791,19.121813,17.387407
571.357236,212.494936,18.164404,17.555782
570.118845,213.296207,18.454945,17.308609
570.262390,213.292900,17.726288,17.853722
568.968328,213.189747,17.855175,17.889503
569.673219,213.923488,16.592390,17.270296
569.265613,213.370675,18.043482,18.117872
567.341471,214.305853,18.631443,17.486256
568.658322,214.602075,16.484739,17.356459
567.051169,214.177553,17.186228,17.312748
564.750410,215.283853,18.623768,17.577002
564.481049,213.363060,17.714775,18.449181
562.791823,214.682504,19.036348,18.413084
562.913848,214.030521,18.767664,19.470879
561.776889,213.767099,19.107828,19.857372
560.745834,214.402994,18.842148,19.168339
559.331150,215.299462,19.220940,18.891790
559.071133,214.795152,18.286240,19.203817
558.201359,216.028944,18.450310,19.211895
556.527517,215.391829,19.174870,19.648561
556.776472,215.621696,18.303463,19.606203
556.321961,215.125751,18.289175,19.989763
554.420277,214.992624,19.172989,20.461048
553.506685,215.221428,18.858356,19.809731
552.570219,214.199526,19.286442,20.788937
551.189724,214.556982,18.415817,20.089413
550.034935,214.014129,19.150612,20.647104
547.014805,214.532508,20.416542,20.648432
545.762683,214.624976,20.555933,20.963587
544.719900,214.203090,21.075382,20.826090
543.804105,214.174824,20.816160,20.473137
543.801789,214.473481,20.151533,20.684607
543.143709,214.646975,19.778965,20.351757
541.305398,214.880178,20.016317,21.040867
540.448165,214.433972,19.947237,20.740454
539.787868,214.527984,19.865616,21.198992
538.708217,214.604507,19.646784,20.238419
536.089360,214.813380,20.285124,20.065508
535.946632,216.302408,19.983353,20.082012
535.636388,215.177950,20.136152,21.544392
535.005153,216.363482,19.707552,20.046335
531.783976,217.208350,21.396503,20.895006
531.773918,215.294654,20.944954,22.283121
529.495224,215.523195,21.095276,22.334560
528.451500,215.602379,21.277893,23.203041
527.363326,216.231936,22.189928,22.273113
527.134473,216.305870,21.473059,22.938690
526.172858,216.448874,21.669794,22.195620
524.803585,215.468419,22.680382,22.150740
523.427294,215.251971,22.565334,21.664019
523.375226,214.599210,22.142653,20.559134
521.120512,214.641296,22.528011,22.085182
522.498528,212.515435,20.967299,21.364531
520.718237,213.408634,22.598560,21.371002
519.229547,213.161205,23.418524,21.528938
519.337829,213.582787,21.920565,21.239555
518.319233,213.484862,22.432610,21.420359
517.164191,213.897301,21.935381,21.550011
516.628898,214.079361,22.310266,21.337204
516.582630,213.901319,22.718651,22.111006
517.326184,214.776634,22.554716,21.884315
515.957944,214.634003,22.955587,21.782562
517.535553,214.923171,22.871864,21.633387
516.447181,215.324183,23.584566,22.329792
516.471372,215.640048,23.502821,22.356676
516.586079,216.439856,23.378510,21.815670
516.620429,216.506166,23.233835,21.967314
516.531296,216.828439,23.386871,23.078917
515.881878,217.068195,23.798248,22.562950
515.146627,217.271999,24.765659,23.334030
515.539896,217.453070,24.486568,22.486408
515.087010,216.935760,24.610212,22.085802
514.891468,217.432857,24.790482,22.228014
514.845494,216.437673,25.136236,22.552557
514.887603,216.517430,23.842752,22.238836
513.485878,216.417553,24.712708,23.329399
514.204514,215.985384,24.517105,22.807110
513.510749,216.323272,24.863420,22.348978
513.380817,216.904181,24.531853,23.002726
512.509138,216.232809,25.804035,23.006435
513.511284,216.259912,24.754639,21.863064
513.395238,216.233435,23.865591,22.502468
511.988904,216.846480,24.950399,23.260668
512.077549,216.494176,23.977707,21.936865
511.688570,216.524469,23.353077,22.491589
511.669556,217.060504,22.900444,21.956911
510.636890,216.277218,23.280151,22.175819
510.754789,217.244730,23.106945,22.721676
510.125096,217.298777,22.631613,21.830379
510.363400,217.638041,22.701475,22.015680
508.599892,216.870906,22.874680,22.218882
507.734542,217.739591,23.215624,22.773825
506.384114,217.088013,24.579237,22.818474
507.929683,217.515067,22.879778,21.563211
507.381590,217.620203,23.090839,22.521397
507.029980,217.686220,22.828865,21.775318
505.944466,216.779704,23.526657,21.992083
504.547025,216.768559,23.562704,22.567429
504.838791,216.863898,23.569481,22.658503
503.421041,216.768220,23.600117,23.049589
503.585535,216.538532,23.287609,22.264366
503.488575,216.058939,23.347557,22.018185
503.223379,216.206203,23.358356,22.585197
503.438133,216.079207,23.519211,22.182543
502.444565,215.681149,23.340149,21.822021
503.301368,215.935960,22.546717,22.065435
502.791461,215.840428,22.952547,22.528753
503.530037,215.983088,22.773170,22.587658
502.977664,216.265819,22.742426,22.752062
503.309051,215.560118,23.184046,22.925068
502.904291,216.195518,22.844723,22.576385
503.475073,216.781560,22.784885,22.029112
503.490994,216.711984,22.904959,22.388784
502.577031,216.403595,23.611380,22.366455
502.607456,216.647791,23.445824,22.788525
502.957846,216.696273,23.583279,23.138292
503.184034,216.572389,23.665455,22.769430
502.897003,217.588244,22.804993,21.833628
503.846639,216.602357,23.677771,22.101347
503.669559,217.068688,23.541214,22.608679
503.803869,217.328569,24.025784,22.978756
503.631528,216.934325,23.689924,22.388689
504.316104,217.125898,24.244806,22.487995
504.120497,217.135018,23.860737,22.202787
504.693869,217.303190,23.894672,22.456425
504.188850,216.690092,23.732277,22.225903
504.042119,217.004888,23.725035,22.557699
503.740059,216.771294,24.506180,23.180458
504.292765,216.914451,24.140057,22.565348
503.988883,216.039367,24.182138,22.458757
503.671523,215.953926,23.985590,22.154953
503.585518,216.098497,24.206932,22.588932
504.274616,216.155832,24.186325,22.109692
504.420596,216.437778,24.192049,23.030258
504.063027,216.939859,23.579550,21.934002
503.512981,216.581715,23.941727,21.984703
503.406395,216.681396,23.783707,22.283165
503.353689,216.410755,23.953220,22.651276
503.009122,217.108954,23.432264,22.011026
502.458669,216.875064,23.834761,22.506174
503.034520,217.047989,23.965155,23.331627
502.471625,217.499377,23.344660,22.110147
502.829666,217.088637,24.017166,22.787889
502.875838,217.494777,23.482088,22.200296
502.791309,217.653404,23.200241,22.261406
502.918263,217.325512,23.197783,21.985008
502.554336,217.367414,22.895426,22.324064
501.905870,217.068856,23.614437,22.334440
502.128654,217.143531,23.791565,22.714312
501.492329,217.323709,23.739639,22.704235
502.375485,217.385872,23.402639,22.449059
502.104587,217.157524,23.408434,22.730934
501.887426,216.461022,24.083218,23.333426
503.564084,216.486812,23.206839,22.724024
502.510230,217.115364,23.584925,22.821281
503.949836,216.122910,23.929964,22.386261
503.878623,216.853426,23.629526,22.218830
504.541960,216.953216,23.336704,22.191706
504.783049,216.651584,23.747517,22.273195
504.921831,216.792764,23.639309,21.860037
504.640748,216.225721,23.626074,22.208218
504.961444,216.181560,23.678553,22.113192
505.619452,216.021158,23.529741,22.027653
505.574591,216.341158,23.411869,22.118587
505.495030,216.631327,23.261374,22.121761
505.612976,215.896014,23.041351,22.226763
504.361329,216.254784,24.311956,22.331169
504.433243,215.926192,23.951630,22.647646
504.148507,215.926259,23.583754,21.992476
504.039967,215.838980,23.383209,22.320408
504.437840,216.205712,23.129156,21.992674
502.646739,215.163364,23.968660,22.424896
502.526763,215.051221,23.796053,22.444510
503.573340,214.334384,24.039507,23.432535
503.535292,213.679916,23.255169,22.016129
502.975350,213.290075,23.964445,22.578083
502.514654,213.359768,24.735447,23.481689
502.634414,212.534294,24.367945,23.102692
503.011181,212.077279,24.117645,23.600378
500.986973,212.212431,25.777451,24.045956
503.128201,212.089023,23.831282,22.076876
502.148425,211.967028,23.564371,21.940655
501.597482,212.100033,24.133284,22.846718
497.976204,211.295699,27.231651,24.190195
500.508241,211.986384,24.434179,23.057177
498.761975,211.847262,26.026503,23.513575
500.874948,211.657012,22.819128,22.006014
500.213717,212.153489,23.376368,22.481878
499.079774,211.709419,25.015242,23.568604
499.005261,212.368209,23.609961,22.497293
499.422342,211.455995,23.777180,22.752668
498.710959,211.990460,24.343149,23.709021
499.746655,212.001824,23.815390,23.042288
498.522716,211.206160,24.354517,23.555210
499.211396,211.495872,23.967512,23.322113
499.119824,211.009747,24.164877,23.317017
499.826373,211.566581,24.065203,22.802988
500.069512,211.451394,24.183294,22.485746
499.391603,211.682880,24.750797,23.025116
500.576641,211.560112,24.115959,22.522942
500.783319,211.674531,24.575384,23.229727
501.218443,211.669161,24.561802,23.091831
502.802307,211.602341,23.732590,22.472183
501.523159,211.016149,24.519180,22.701628
502.889357,211.510298,23.584888,22.214184
502.622763,211.008937,24.848568,23.438967
503.205419,210.912200,23.842878,22.419428
504.002167,210.521976,23.708847,22.324844
502.676538,210.128811,24.928556,22.739136
503.996337,210.891253,23.767015,22.825779
504.130353,210.364758,24.009222,22.252983
503.170371,210.862793,24.575830,23.672424
504.138006,210.715176,24.002300,22.534111
504.341413,211.009040,23.664860,22.333696
503.659639,210.110966,24.753788,23.511223
503.210209,210.741488,25.318481,23.867922
503.632934,210.736763,26.195238,23.520882
505.189926,210.620904,24.374542,22.958532
505.606342,210.262074,23.634857,22.103338
506.234780,210.133320,23.143217,22.125282
505.953477,210.465122,23.583479,23.260704
506.364237,210.429344,23.435970,22.777672
506.679156,210.114249,23.714052,23.068155
507.353559,210.525713,23.271612,22.921291
507.095836,210.678369,23.830675,22.106833
508.019892,211.054743,22.560551,22.018566
509.101938,210.697633,22.831783,21.047178
508.639805,210.634022,22.339394,22.032242
509.446669,210.389902,22.454693,22.368908
509.726599,210.371307,22.048351,21.390251
510.025779,209.881306,22.355013,21.963844
509.617903,210.584811,22.264431,21.587809
509.704369,210.605492,22.511993,22.009262
510.370637,210.027030,22.577589,21.677996
511.138122,210.426398,22.066607,21.541719
511.060942,210.129912,22.503826,21.696871
511.429315,210.689257,21.926764,21.088970
511.993198,209.791339,22.172340,21.682459
511.674006,208.969506,22.346125,21.493101
511.483377,209.142094,23.165150,22.528023
512.049754,209.089121,22.828783,21.821011
512.915133,209.225227,22.942844,22.221527
513.244784,208.759603,22.240564,21.570112
513.980560,208.626108,22.260231,21.558247
513.851456,209.293386,22.347084,21.759098
513.694909,208.551229,22.192968,21.223372
514.708772,208.617312,22.376913,21.915094
515.339486,208.813180,22.395514,21.918898
516.525308,209.172140,21.276457,21.389492
516.982116,209.113566,21.384752,21.114954
517.874984,208.935626,21.610682,21.413935
518.744378,208.542628,21.045782,21.354227
519.665745,209.006376,21.363396,21.667042
520.551227,208.735467,21.162981,20.878981
521.302833,208.863415,20.637476,21.090454
521.338257,208.747179,21.283722,20.427349
521.651900,208.992984,21.802614,21.806078
521.568106,208.571081,21.542271,21.388416
523.154664,208.849242,22.182379,21.293749
523.327795,208.426557,21.586147,21.652006
523.639668,208.202943,21.808571,20.885260
524.808292,208.724242,21.714165,19.915232
525.152186,207.510057,21.442583,19.462261
526.608344,207.466819,21.330248,20.938372
527.795661,207.353533,20.824465,20.240177
527.427734,207.279440,21.335945,21.014881
527.601744,206.424941,22.066982,21.353891
528.657273,206.158712,21.508131,20.844204
529.757846,206.436936,21.206873,22.238440
530.312750,206.941457,20.802090,20.772512
530.550835,207.297415,20.644249,21.243916
531.679099,207.609364,20.293680,20.863831
533.201436,206.766088,18.577085,20.121733
533.402260,207.691450,18.273857,20.372501
533.643949,207.928815,18.574408,19.409628
534.586287,207.514706,18.289972,19.134506
534.012864,207.757306,18.826376,19.438009
535.131883,208.193757,19.618078,20.732969
535.327419,207.533225,19.682198,19.345789
535.247252,207.717163,19.651896,19.936142
534.678979,207.826178,20.174116,20.244473
534.440896,207.446492,21.154409,19.453161
535.583807,207.677504,20.574512,20.404957
536.537866,208.125314,20.437155,19.853498
536.795765,207.511439,20.659050,20.371233
536.546579,208.223462,20.728687,19.438620
538.357694,208.474030,20.352552,19.739723
537.830924,207.375575,20.499315,19.934168
538.646188,207.757159,20.245764,19.591425
538.773325,207.028390,20.573696,19.241491
539.648503,207.306114,20.241941,19.584045
539.759102,207.765785,20.558311,19.192711
540.253853,208.070153,20.790642,19.023756
541.354920,207.624536,19.811064,18.409124
541.760616,207.984235,20.474571,18.345381
544.183903,208.104942,18.663361,17.704811
545.364336,209.263311,17.888325,17.928722
545.286941,209.104857,19.051317,17.823038
546.373027,208.662500,18.169100,17.264431
545.448194,208.644549,20.240301,18.222551
547.004241,209.157565,19.394670,17.891268
547.338008,209.346643,19.637995,17.419918
548.567580,209.227135,18.969828,16.541840
549.668330,208.950817,18.560167,17.020844
551.208850,208.785598,19.288820,16.941141
552.264283,209.500366,19.194555,16.183594
553.487023,209.355968,18.850546,16.470644
554.385491,208.708734,19.473394,17.620199
553.534050,209.479125,20.660728,18.138956
557.006433,210.961370,19.697315,16.505468
558.441535,210.446027,19.468935,17.297949
559.687072,211.300928,19.400942,17.097698
561.724607,211.901094,19.815802,16.787052
563.281648,211.355919,18.645704,17.305412
564.185209,212.066603,19.230701,18.567341
567.495416,211.009473,18.137762,16.829939
567.880746,212.221717,17.857206,17.165094
568.935158,210.642495,19.031250,18.950613
569.916188,209.242779,20.043699,19.974327
572.533774,210.822938,18.833117,17.722624
573.255055,210.815309,19.391829,18.267073
575.119926,211.794545,19.241570,18.668097
575.967650,211.021316,18.983736,17.483881
577.416895,210.399150,18.839367,18.805857
578.982785,209.042911,18.987478,20.557467
580.000128,208.211841,18.990025,21.417742
581.223553,209.567605,18.566574,20.897932
582.364906,209.163801,18.723373,20.616642
583.968743,209.057127,18.495573,21.329700
584.901015,208.878935,18.825846,21.558964
585.701466,212.324212,19.273048,19.604658
586.663517,209.657129,19.377380,21.593998
587.531192,211.531499,20.337099,20.999937
588.355872,212.014938,19.917627,20.312630
589.081725,212.016017,20.585680,19.749201
589.890407,212.426500,21.216311,20.818058
591.475262,212.776750,19.649437,19.300215
592.157753,213.348341,20.053917,19.561573
592.264519,213.195131,20.386917,19.791851
592.774038,211.891656,19.485012,20.056822
594.034818,212.518511,19.409666,19.676090
594.491351,212.478984,19.658663,20.128725
596.208161,210.887238,18.638021,20.674232
596.933000,211.371914,17.818632,19.737328
597.398199,212.080070,20.713909,20.263962
598.162539,211.196824,21.486818,21.396139
598.741020,211.636610,21.817520,21.112431
598.541132,212.386415,23.035480,22.517797
599.512002,211.212967,22.235510,22.083862
599.845325,211.802620,22.529678,22.431213
599.606912,211.185265,22.570051,23.117508
600.784659,211.985376,22.226030,22.446064
600.570270,212.040567,22.449625,21.723141
601.359625,212.276656,21.578312,21.816683
600.769897,211.092512,22.410019,22.511562
602.044847,211.008912,21.997784,22.604933
601.273111,212.032788,22.482616,21.589933
601.533638,212.328256,22.119743,21.464895
601.695708,211.719023,22.159708,21.958385
601.922167,212.352644,22.231953,21.836803
601.191566,212.161901,22.135933,21.401669
601.412829,212.858997,22.126329,21.616470
602.561482,212.095824,21.390005,21.763277
602.658387,212.431555,21.328337,21.145512
602.255684,211.891073,21.564110,21.275150
602.224001,212.079915,21.822628,21.705168
601.615913,212.741116,21.982574,21.489647
602.349107,212.106104,20.934950,21.690380
602.476002,212.620584,21.105080,20.925686
601.671046,212.114249,21.168085,21.262812
601.505208,212.366002,20.525023,21.241789
601.901234,212.647475,20.487068,20.712809
600.520097,211.331601,20.232290,21.046873
600.161073,212.146867,20.271711,21.170332
599.814922,211.497469,20.705132,20.969875
598.692865,212.432232,20.964672,20.240616
598.887616,211.685494,20.454733,20.302160
598.262352,211.549397,21.126755,20.491835
597.728904,211.840016,21.077456,20.418333
597.130252,211.646032,20.912378,19.752132
595.621855,211.327301,21.783680,20.692459
596.145011,211.737006,20.832850,20.652483
594.657516,211.745617,21.837181,20.228981
594.827264,211.789597,20.961218,20.394585
595.688730,211.870891,19.909306,20.129625
594.150235,212.500267,20.848089,19.958557
593.374612,212.577122,20.773474,20.181007
594.385177,212.360996,20.349649,19.924606
593.445806,212.083469,20.732985,20.069313
593.110255,212.494320,20.907930,19.827568
592.494630,212.730369,21.445211,19.944666
592.740258,211.740788,21.287580,19.725975
592.439399,212.431528,21.283884,19.552181
592.184403,212.055739,21.500784,19.550898
592.321950,212.068916,21.476095,19.472473
591.211329,211.762166,21.087526,19.819540
591.384772,211.342742,21.179941,19.766512
591.037997,210.455635,21.198778,19.524521
589.756368,210.642157,20.222906,19.904156
589.835464,210.552202,20.219719,19.420444
589.270147,210.629662,20.348782,18.805740
589.535473,210.433806,20.367477,18.199945
588.928380,208.788689,20.029699,19.773087
588.350668,208.509126,20.617687,19.245810
587.581221,208.933992,20.720181,18.543255
587.646539,207.977209,19.837538,18.407307
586.419619,207.133810,21.046291,19.084209
586.748413,207.274685,20.365891,19.022507
587.369905,208.646651,19.693701,17.905260
585.463333,205.541954,20.462326,19.236931
585.922376,205.845578,18.636511,19.472334
585.414597,205.151399,19.541412,20.029806
583.928194,205.812592,19.410221,19.857071
584.661524,206.774206,18.730244,18.647327
583.403790,206.812967,18.251953,17.549793
581.868353,206.291497,19.093876,18.039198
582.311430,207.194304,18.519093,18.006975
581.041926,207.508022,18.310419,18.614143
580.658351,208.199692,18.993990,18.661224
579.755782,208.244128,18.454653,18.190363
578.964704,208.047707,18.999807,18.522781
578.238851,208.163071,19.196226,19.225723
577.345420,207.922968,18.904894,18.405994
574.906890,207.699986,19.465387,18.901655
573.137698,208.235134,19.657228,18.889481
573.358172,207.952429,18.627718,18.751125
570.797122,208.402836,19.290758,18.173309
570.417033,208.896656,19.204523,17.667175
568.029504,208.616796,18.705618,18.431110
566.803124,209.633355,19.126417,17.146643
565.989377,209.005886,18.609900,17.538498
563.799006,209.971042,19.460314,17.473375
563.729325,209.645036,18.466360,17.710135
562.588920,209.616628,19.175173,17.418158
561.528904,210.437613,19.241119,16.802675
560.304822,209.957822,19.325644,16.278257
559.742713,209.989645,19.231943,15.945355
558.497019,209.825500,19.619160,17.507555
557.011717,210.628454,19.305920,15.932424
555.709482,209.566557,19.457226,16.440083
556.699637,209.852501,19.001093,16.483093
554.896751,209.021832,19.458633,17.427031
554.444869,209.193782,19.950159,18.658892
553.087900,209.345219,19.638065,17.614380
552.969149,208.679325,18.998112,17.755585
553.145050,208.080433,18.699150,18.258499
550.974372,208.618101,19.311884,17.819759
550.226599,208.420509,19.139507,18.338028
548.952601,207.722305,19.323885,18.771584
547.286154,208.822828,19.613964,18.462681
547.415084,208.730428,19.178461,18.475065
546.629474,208.864384,18.341761,18.873810
544.873508,209.128980,19.673759,18.829542
544.965217,209.110028,19.086763,18.361326
544.218147,209.879337,18.195366,18.201393
544.018650,210.278982,18.260445,19.125736
543.887651,209.557170,17.727001,19.690042
542.602849,210.719052,17.684629,19.668631
541.383100,209.841959,19.371550,20.544193
540.667694,211.012774,18.729622,19.682079
539.623905,210.713676,19.407227,19.928459
538.729371,211.593451,19.348333,19.866734
538.798317,211.540309,18.931038,19.596872
537.877018,211.280166,19.345978,20.158228
537.538863,211.708958,18.871607,19.521500
536.707974,212.859359,19.214338,18.996210
535.170586,212.776398,20.200859,20.230072
535.402337,212.394189,19.585241,19.631475
533.930292,212.494120,19.301838,20.465649
533.010470,212.303738,20.201227,20.212883
533.068294,212.970935,20.281298,20.683893
532.683685,212.354709,19.770950,20.523134
532.441073,212.179062,19.950144,21.116051
531.656139,212.371188,20.186302,21.154177
530.915378,211.697874,20.355448,19.961483
529.775462,211.897402,20.291399,20.006039
529.141159,212.122430,21.037743,21.548773
528.263113,212.154679,20.825497,20.385458
527.033517,212.449384,21.022917,20.836302
526.595901,212.015350,20.891365,21.201454
525.861383,211.360485,20.894070,20.927971
524.294151,212.565419,21.481949,21.320127
524.560323,212.211324,20.788137,21.656492
524.438159,211.863762,20.734301,21.156670
523.404408,211.970864,21.176367,21.969633
522.506571,211.988930,20.903370,21.880836
522.269173,212.513056,20.815735,22.297138
521.059679,211.707518,20.993603,21.729267
521.376402,211.811893,20.911686,22.487305
520.132186,211.593978,22.613642,22.419489
519.618265,212.470936,22.001400,22.397606
519.387175,212.010195,21.637218,21.906651
518.440008,212.507681,22.171581,22.299282
517.572550,211.840685,22.251667,21.851818
517.130625,212.812205,23.041004,22.440470
516.697552,212.362907,21.993210,22.002663
516.097744,212.861577,22.040131,22.436537
515.520054,212.348896,22.645927,22.386757
515.162145,212.218777,23.020903,22.233109
514.051237,212.409204,23.009975,22.857359
513.660974,211.966422,23.507162,22.815828
513.952365,211.684255,23.157015,22.414465
512.669694,211.104539,23.663038,22.986563
513.454112,210.945368,23.093485,22.320591
513.654850,210.977492,22.739601,22.049997
513.310031,210.874187,23.169916,21.542543
513.822838,210.492422,22.569511,21.851871
514.068329,211.079515,22.687813,21.907064
514.200166,210.930865,22.935469,21.797922
513.705062,210.946635,22.732553,21.384890
513.506402,211.311055,22.849752,21.220221
514.754855,211.942299,22.447962,22.421043
514.788816,211.450854,23.044109,22.251032
514.367865,211.717790,23.097401,22.054380
515.385527,212.899447,22.255833,21.811373
515.030350,212.941840,22.559410,21.760408
515.152668,213.197066,22.457520,21.512484
516.355158,212.863944,21.689625,21.514162
515.608591,213.045638,22.464703,23.119982
515.695599,212.340173,22.889946,22.321882
516.816654,212.400434,22.100021,22.319021
517.361823,212.515743,21.710772,22.058266
518.434852,212.357100,21.495584,21.914690
517.940679,212.141812,21.640860,22.596373
519.071631,211.912643,21.335711,22.287895
518.774015,212.055310,21.440014,22.696272
519.436156,211.732903,21.016352,22.515417
520.032551,211.990881,21.652657,22.691280
521.124242,211.110006,21.145506,21.740284
521.436342,211.324254,20.580608,21.889418
522.253830,211.002571,21.097916,21.222572
522.800284,210.926062,20.806337,21.632305
523.387503,211.610045,20.967060,21.518625
525.119617,211.487378,20.508240,21.311750
525.816820,211.648918,19.993908,20.596519
526.869700,212.160872,19.804911,21.087473
527.599345,212.628327,20.146463,20.074171
528.783643,212.818204,19.696417,20.191511
528.285290,212.762407,20.661339,20.056339
530.870106,212.838138,19.235107,20.411852
532.811524,213.357293,18.566923,19.893896
532.247296,213.522525,19.091902,19.773600
533.192808,214.151812,18.986317,19.815838
534.419962,213.413555,18.981091,18.998367
535.926177,214.226530,18.672289,19.354137
535.194842,214.123592,19.926119,18.732544
536.045428,214.232949,19.605280,19.168661
537.984101,214.283802,19.264914,19.227684
540.084549,213.712286,17.887146,19.198437
539.224286,212.983343,18.782370,18.978527
540.578318,213.014433,18.877880,18.992031
540.736526,212.942824,19.015657,18.561457
542.158731,212.493073,19.203159,18.803404
542.263882,212.295008,19.345306,18.151981
542.499337,212.385506,19.440939,18.647827
542.825771,211.662212,20.222862,18.560921
544.424300,211.890566,19.823679,19.077564
545.223003,212.121571,19.574554,18.353859
545.022345,211.674357,19.525257,17.972147
546.017381,211.548586,19.278502,18.284138
546.835441,211.839180,19.154985,18.273834
548.126780,212.343834,19.106495,18.190948
548.086322,213.218954,19.290247,18.026402
548.788111,213.345650,19.201519,18.245819
550.164923,213.970703,18.947773,18.140976
550.725340,213.064204,19.172894,18.066904
551.498899,214.280587,19.072002,18.161558
552.231702,214.546121,19.020613,18.551466
552.098677,214.116208,19.789371,18.801954
554.033587,214.622929,19.284420,18.408531
554.889999,215.111593,19.128883,18.388714
555.521694,215.594139,19.316650,18.345924
555.569100,215.510663,19.166929,18.272696
556.331045,215.204739,19.463932,18.423203
556.412463,215.665907,19.196787,18.540379
556.920492,216.513564,19.268917,18.899790
557.187644,216.281988,19.377085,18.304630
558.380651,216.461681,19.386290,18.745667
558.335657,216.531177,19.475391,19.237429
557.719336,216.860210,19.669918,19.370949
557.187383,217.455897,20.139204,19.425615
557.229843,218.490767,20.337822,19.316189
558.304891,219.449997,19.795805,18.980286
556.783970,220.886773,20.438789,19.080809
556.550574,220.539219,20.022783,19.299210
556.828704,220.957332,20.079348,19.484369
556.790126,222.467130,20.097536,19.331083
555.855722,222.188889,20.470310,19.756462
554.671517,222.494879,20.448896,20.283047
553.934859,222.789575,20.777544,20.731169
554.056509,223.643940,20.695026,20.604797
553.304414,223.836610,20.716322,21.018744
552.558094,224.036549,20.663399,21.145050
552.164269,224.228436,20.762815,21.656517
551.742051,224.144458,20.284727,21.119501
550.364622,224.683892,21.165531,21.379271
550.301465,225.179730,21.240095,21.559637
549.899306,225.971057,21.262766,22.098551
549.618032,225.419228,20.605688,21.973824
549.466490,226.005265,21.121410,22.900679
548.735572,226.952765,21.225809,22.247934
548.828274,225.714844,20.744110,23.068604
549.464447,227.051919,20.433662,22.092245
548.610334,226.480803,21.146038,22.307590
547.966504,227.482022,21.368338,22.513365
547.365277,227.658408,21.400137,23.168306
546.854277,228.590448,21.624332,22.445583
546.499595,229.836528,21.581141,23.418383
544.306199,230.334918,23.381300,24.159807
544.508000,231.156487,23.799437,24.922035
543.757303,232.644996,24.549183,25.281672
540.303449,233.582577,25.024244,25.606758
540.879153,234.975129,26.443254,26.597303
538.604760,236.189647,26.523870,25.563868
538.229357,239.004586,25.714802,22.735487
536.599121,238.517205,22.696930,23.545713
536.966200,238.386501,22.714802,23.417961
535.926439,240.900498,21.489735,21.354223
534.433435,241.567379,21.180775,20.828232
533.819079,241.716950,22.300119,22.275122
532.182948,239.069544,23.491869,26.353748
530.783742,240.242189,24.137739,26.247990
529.369041,240.560638,25.082367,26.265800
528.150821,243.191762,24.899912,25.269163
526.895858,242.608640,24.172304,24.096045
527.308683,242.807251,23.905819,25.047417
525.564188,242.741765,21.864925,26.453314
525.014948,243.902487,21.725368,26.175472
524.484861,243.494152,21.078968,25.535042
522.654322,244.016445,21.724285,25.614899
522.596427,244.394929,21.486773,25.666365
522.474402,244.800052,21.899179,25.163065
522.209045,245.271887,21.934044,25.563221
521.379395,244.539006,21.817009,24.724119
521.108740,245.663181,22.133526,24.596512
520.852681,245.635573,21.889013,24.458330
519.969220,245.076818,23.002432,24.233326
519.900719,244.946164,23.083405,24.431257
519.548000,244.947515,22.174179,25.002028
518.958496,245.695377,22.599480,24.540077
518.985327,245.513384,22.037434,24.560360
517.780867,245.865237,22.463245,24.455446
518.006696,245.571480,22.339727,23.803352
517.873575,245.859500,22.059162,24.280939
516.947497,245.256869,22.288019,24.611391
517.457525,244.709459,21.757603,24.660107
517.275503,245.086950,21.630062,24.943119
516.313774,244.929471,21.395531,25.082731
516.243083,245.231608,22.209879,24.502596
515.951560,244.342979,21.580294,24.397560
516.171649,244.472808,22.217340,24.724848
515.632387,243.554185,22.215061,25.379568
515.601211,243.736231,22.232859,25.504070
514.972430,244.335102,22.067499,25.915672
515.249426,244.168436,22.971867,25.670376
514.787210,243.927527,22.621000,26.327578
514.792193,243.225654,22.682848,25.349268
515.209929,243.998346,21.962564,26.058025
515.416136,243.857872,22.205761,25.386368
515.045755,244.397738,22.475071,26.424906
514.793916,243.640951,22.953245,25.339802
515.130175,243.992832,21.948406,25.180092
514.759413,243.902822,22.677471,26.391346
514.406897,243.818503,23.063053,26.011148
515.198052,244.258719,22.739218,25.954569
514.153298,243.839358,22.622656,25.440470
515.098108,242.897573,22.773861,24.971325
515.189358,243.608095,22.599297,24.705204
514.411952,243.359161,22.670237,24.925049
515.077551,242.854949,22.181431,24.713594
514.713215,242.534361,22.099098,25.125362
514.262037,241.970502,22.035641,24.875242
514.885217,242.115032,22.183493,25.216293
515.276738,241.767627,21.707975,25.377527
514.887673,241.951416,21.611937,25.849373
515.204356,241.904909,21.906313,24.955326
514.704381,241.486919,21.357336,25.793785
515.713557,241.939607,21.900370,25.373251
514.728746,241.008372,22.157673,25.617823
515.975765,241.870835,21.131241,24.536200
515.937495,241.693424,21.982729,24.690208
517.075738,241.514729,21.385160,24.496582
516.865214,242.001079,21.620356,24.600367
516.636769,242.222417,20.854376,25.642675
517.489321,241.658560,20.984165,24.536785
517.351444,241.926992,20.720367,24.798512
517.216315,242.450512,20.544657,25.704247
517.185184,241.732448,20.582224,24.822367
517.836601,242.207692,20.811050,25.192564
517.391558,242.184953,20.965557,25.363752
517.732441,241.539233,20.498268,24.722132
518.826534,242.367688,20.559387,25.326017
517.612824,241.453782,20.588667,25.763586
519.972102,242.423126,21.718599,24.510139
518.895103,242.176309,21.274910,24.403303
518.230134,241.994554,21.213507,24.724783
519.099722,241.400579,21.425747,25.092785
518.533925,241.696362,21.502806,25.820984
519.556779,241.206277,20.506742,24.413130
519.451175,242.029221,20.889086,24.944778
519.995799,241.562393,20.922907,24.589203
520.067615,241.348825,20.263697,25.267292
519.775437,241.466404,20.272818,25.319588
519.547376,241.565508,20.355764,25.270298
519.320986,241.751134,20.251705,25.121298
520.173905,240.783678,21.397017,24.548244
520.465283,240.617157,21.265425,24.639915
520.128132,241.514858,21.625549,24.472023
520.387122,240.865886,21.411951,24.719423
520.497526,242.336462,21.119305,24.543888
521.283117,241.213260,21.357723,24.275270
520.840894,242.039587,20.948980,24.289356
520.483696,242.157830,20.654388,24.429098
521.149515,241.486695,21.518093,24.518209
520.961443,241.449349,21.748661,24.814711
520.943834,242.509962,21.856152,24.322720
520.310667,241.170395,20.784641,24.164864
520.695867,241.436527,21.622297,24.550491
520.058859,241.391009,20.356937,24.451632
520.606941,241.270614,21.841171,23.862795
520.147998,241.456697,21.247629,24.478193
520.303574,241.950002,22.144760,24.442305
519.759887,240.443861,20.722681,24.867931
519.942605,240.656052,21.798506,24.251244
520.094238,241.139496,21.801437,24.654434
519.483002,241.410999,22.113632,24.663666
519.735553,241.131448,21.855455,24.577559
518.645923,241.526370,22.993036,24.371477
519.632280,241.324100,22.321941,24.380716
519.399162,241.788615,22.337677,24.272524
518.938526,241.766610,22.695137,24.746923
518.645548,240.685975,22.107624,24.612959
518.604273,242.157270,23.018208,24.450291
518.711493,241.344511,22.311106,24.106129
517.920074,242.200998,21.969431,24.421062
517.967347,242.240928,22.680937,24.798853
518.021549,241.184465,22.259422,24.491741
517.485571,241.668262,22.466839,25.478104
517.287691,241.723583,22.492710,24.663162
517.079826,240.847592,22.506157,24.570662
518.131174,241.770003,21.619884,24.635736
517.264271,241.784436,22.504478,24.907797
517.469146,241.290829,22.041338,24.390121
518.083975,242.106047,21.186138,25.366665
517.052038,240.891093,22.711422,24.330194
517.960777,241.724966,21.652618,25.352428
518.445324,241.590680,22.542061,25.171904
517.349763,242.189388,22.308561,25.072464
519.416196,242.107025,22.282408,24.447853
518.189926,241.311971,22.605240,24.978361
519.573861,241.782132,22.034788,24.949003
517.968137,241.848298,21.956022,25.361540
519.658182,241.265725,21.740536,24.776091
518.786656,242.346620,21.591558,24.091269
519.001618,241.886829,22.000654,24.500542
517.719113,242.476535,21.818617,24.810930
518.380895,243.153358,21.955832,24.374496
518.507845,243.572316,22.579540,25.791082
518.925381,243.733128,22.647270,25.009193
518.852197,243.322044,22.024672,24.685219
520.395700,244.268948,21.201565,26.082649
520.597651,244.127246,22.021671,25.733812
521.080725,244.434306,23.266750,26.392076
522.049318,244.150403,21.957363,24.118170
523.478828,244.409877,21.029175,24.387369
524.946234,244.842977,21.628460,24.407637
524.809501,244.204888,20.339350,24.105856
525.095687,244.308563,20.997522,23.995705
525.502748,244.352607,19.790464,23.862062
524.945016,244.627273,20.136976,24.326036
526.040626,245.242930,20.095133,24.034685
526.643734,246.437345,18.332245,23.269827
527.460175,246.020493,19.429604,22.665779
528.676548,249.294933,19.412857,21.111435
529.162797,252.795573,18.049726,18.759096
528.493754,252.721222,20.525171,20.361809
527.619294,253.933933,25.221312,21.782028
521.183559,258.385760,27.675079,19.512499
531.814557,253.298171,23.119383,21.472765
534.561867,252.022654,22.414536,21.452114
535.262935,252.274799,19.121317,18.729935
535.615634,251.721835,23.555498,21.399179
536.175751,251.700629,22.657967,20.201906
536.919106,252.775698,21.971146,20.007465
537.834198,251.831417,22.878151,19.817642
538.153089,252.658316,22.660383,20.153515
538.967823,252.854284,22.378166,19.433170
539.033584,248.432664,22.757822,22.859892
540.187139,250.346043,22.137877,22.604889
540.703789,248.805911,21.920265,22.640558
539.536487,248.550847,22.883211,23.906904
540.477148,250.199556,21.663647,21.618320
540.209047,247.825373,21.548771,22.392048
539.007094,248.660753,22.899668,22.449078
541.308116,248.315562,21.283342,22.909349
540.598949,248.038961,21.855377,22.977985
541.721684,247.532644,21.487265,23.427868
541.619635,247.190310,21.327335,22.251484
541.905926,247.305377,21.630249,22.637514
541.550400,248.154602,21.127075,22.633476
541.427099,247.552179,21.385479,23.261806
541.188225,247.219253,21.934395,23.354189
541.318551,245.394123,20.586569,23.620987
540.809149,245.483724,21.022434,22.846838
540.812567,244.580060,20.676785,23.118467
541.076473,242.993945,20.649918,23.634439
540.564686,242.779466,21.342125,22.970839
540.554372,240.628602,20.097082,24.194662
540.595097,239.534552,21.526093,24.312656
540.270200,239.710979,21.086210,24.109209
541.055723,238.310261,20.905071,24.451683
540.301299,236.851480,21.204714,24.847645
541.368465,234.444145,20.864952,25.300873
541.000196,233.549246,21.237133,25.346348
540.151031,233.168150,21.657282,23.408718
540.229722,232.552015,21.495619,23.163898
539.791199,231.412944,21.299065,23.133348
540.142546,231.138579,21.436634,24.064539
541.335483,230.595593,20.991594,24.057661
542.550640,229.947308,20.803314,23.599586
544.171308,229.774214,20.786222,24.066715
544.483973,229.123359,21.351055,22.770449
546.325920,228.809382,20.846306,23.643000
547.597716,228.195096,20.640276,23.219183
548.469922,228.047754,21.337957,22.340847
551.064489,227.543650,20.689838,21.891872
552.197361,226.830427,20.851479,22.265102
553.321253,226.354653,21.444012,21.853765
554.307274,225.301447,21.788162,22.026012
556.402216,224.783007,21.995518,21.144634
557.472172,224.865559,22.791069,22.584892
560.298597,223.957060,22.062984,22.486835
563.093956,224.054502,22.124435,22.991367
565.549892,223.595038,21.205399,22.449579
569.159240,222.810840,20.514711,21.616709
572.152389,221.883574,20.095926,22.326792
575.206110,221.697594,19.869892,20.680542
578.021404,221.057582,19.622368,19.493372
582.299313,220.112523,17.974426,18.459341
585.236106,219.814100,19.370081,18.180286
589.956475,218.741623,17.939627,18.714745
593.529058,217.835303,18.954800,19.352976
597.635359,216.945190,19.909206,19.436333
601.840686,217.015429,19.166269,18.183369
606.746326,215.474981,19.121651,19.315617
609.766388,214.621346,19.567520,17.983154
614.104762,213.669587,18.053286,18.045576
618.493816,213.615133,18.201874,18.659504
623.430912,213.612577,17.831772,19.485126
627.653026,213.449400,18.540049,19.580181
631.509293,212.883486,19.306786,20.110889
634.979851,213.019426,20.096176,19.720989
639.268990,211.964101,20.735596,21.205748
641.770593,211.947901,21.326544,23.929523
646.828780,211.815387,22.692713,23.508974
651.788149,210.515019,21.290279,26.030569
656.195933,211.286157,19.856974,26.742071
659.799484,211.398661,20.521835,26.733990
662.568464,211.419693,20.820492,24.790169
666.188499,210.989312,21.312233,27.084066
670.542432,211.304976,20.698805,25.250362
673.576710,211.731655,21.059196,25.520798
676.282304,211.173758,21.510138,27.126049
678.716546,211.347225,21.199911,23.255669
682.338842,210.573481,21.498905,24.023518
684.921726,210.540401,22.308655,25.971130
687.432156,210.871213,21.400772,23.746328
689.742924,211.723669,22.022850,23.491856
692.289317,212.022832,21.630167,23.590254
694.598050,211.669407,21.679831,24.789238
697.901810,211.473371,21.624489,26.129560
699.559899,211.055804,21.007345,21.761950
700.669138,211.214202,20.792660,23.150324
702.971426,210.660635,21.361881,23.403355
703.495943,211.256210,21.073795,23.932739
705.142924,210.442764,20.471994,24.338600
707.161934,209.925281,20.654037,23.480867
708.340552,210.703712,20.571947,23.499855
709.203830,211.199461,20.638765,22.666012
710.514527,210.319488,21.001730,23.253801
711.543435,210.613324,20.774740,22.755369
713.586905,210.015680,20.838327,24.196186
714.350990,209.964302,19.844055,21.820930
716.046742,210.676589,19.975103,21.149355
716.985128,210.277469,20.456005,24.474878
718.964684,209.754051,21.039902,25.340309
720.503968,210.463735,21.533628,25.438475
721.853294,210.603699,21.839424,24.789047
723.300348,210.786236,22.588871,26.429062
724.383024,209.355423,21.634663,22.686234
726.076802,209.376529,21.326277,25.525141
727.615484,209.810880,22.570049,25.690199
728.937851,209.947365,22.504997,25.213005
730.629226,209.192268,21.780367,22.377174
732.620398,208.191294,21.679180,22.623203
734.456249,208.175637,20.803185,21.079695
737.080647,208.202703,20.817053,21.728064
738.201165,207.007890,20.512632,24.107840
739.888046,207.141653,20.158318,23.176319
742.642922,206.990641,20.287428,22.075962
743.797971,206.143786,20.466200,22.606852
746.675253,205.728526,20.218754,21.715593
749.233863,205.602124,19.608965,22.616827
751.328873,204.702110,20.879616,23.484314
753.695593,203.972697,20.205334,23.116961
756.694447,203.376320,21.072174,24.853958
758.328263,203.437285,20.308195,21.472300
761.534992,202.993093,21.570595,22.709806
763.806166,202.888091,19.367458,22.593256
765.985557,202.209582,20.928606,22.512064
768.351738,202.880724,24.628311,24.290142
772.202430,203.060558,22.665453,25.940674
770.631314,202.796139,21.017523,25.430008
774.286063,203.229029,23.159998,25.437778
775.803835,204.234915,23.716671,25.238445
784.667592,214.929902,17.678473,16.302832
783.593947,212.314472,20.614748,17.762337
780.367530,201.454328,23.618006,25.709913
781.367964,200.211921,23.329212,27.312166
781.794068,200.249302,24.322050,27.180084
783.708806,200.735558,24.048910,25.377434
784.870892,199.847382,23.548454,26.653473
787.531138,199.624163,24.672327,26.513058
789.535215,199.849964,23.932606,24.905045
792.839844,199.573090,23.844772,25.384766
796.003526,200.475078,22.122587,22.364893
799.700757,200.591453,24.095625,23.145777
805.175900,199.850332,23.109100,23.190670
809.014680,201.108314,22.501654,25.039598
814.021358,200.690202,22.306475,26.015585
818.875001,200.916192,23.388693,25.497053
824.136605,200.259065,22.544851,25.322561
829.595942,200.635045,22.341936,25.505087
833.673494,201.412498,20.334110,22.363945
838.939999,200.760208,20.858147,23.904839
845.090427,202.539811,23.062737,24.695578
857.105213,211.692235,20.516045,17.442915
858.319309,200.617993,20.382416,23.055166
865.223783,200.740343,20.945812,24.101131
882.017239,212.036586,16.578629,15.174317
888.649442,210.982379,16.458197,15.134035
895.751975,210.358229,15.935679,14.849124
901.920945,209.404414,15.809012,14.920748
907.879853,208.859318,15.384444,14.582359
911.498930,206.290417,17.945934,16.079453
908.439508,193.120453,19.516262,24.592056
912.932925,193.118443,21.999987,25.862251
917.430311,193.332730,22.174877,25.604002
919.738977,192.534348,24.814106,24.616804
923.027547,192.274925,24.501478,26.331459
925.667608,192.926128,23.272610,26.539078
928.037133,192.898863,19.354277,23.697262
929.993299,192.217984,22.495800,23.338476
933.714252,193.099137,22.023996,24.217077
936.852126,193.038830,21.832033,24.611244
937.967503,193.717066,22.393341,24.899944
938.760628,192.090263,24.641243,23.767189
943.817392,192.222941,24.381992,29.540392
944.306107,193.360751,23.916786,27.716860
946.789852,192.923894,21.235901,23.001860
948.327980,193.004890,22.304535,21.915321
950.563598,193.902602,21.373926,20.968332
953.053598,194.037787,19.535496,20.577173
954.180237,193.098425,21.661583,22.219410
954.587879,194.303552,21.935287,21.592299
956.335393,192.941871,22.032736,21.589792
957.091316,194.194876,21.624886,22.002171
959.170647,194.603136,21.035400,21.678547
958.629139,194.256652,21.824860,21.502092
957.485394,194.160828,20.990112,21.747841
957.214523,195.883894,21.503197,21.868137
956.405857,197.316053,20.578293,21.378979
956.157728,197.327435,21.863735,22.725250
954.938612,197.795259,21.724155,22.972960
953.569541,199.001086,21.843584,23.508364
952.613693,200.059264,22.970711,25.371973
949.091639,202.942443,21.566128,23.656191
947.897974,207.246846,21.947803,24.837118
939.764270,206.701171,23.721506,26.039743
932.199238,205.230646,24.185829,24.693707
916.176564,198.599714,23.035627,26.502872
908.444616,197.788136,21.478046,25.325781
899.992125,195.593199,20.132099,25.178196
893.164454,193.203661,20.179171,23.711384
887.625875,191.565269,20.224546,22.671379
884.577068,190.351298,19.873619,22.607454
880.053513,189.182854,20.303574,22.022270
877.851890,188.409309,18.678904,21.228897
874.639508,187.189898,18.974615,21.758945
873.106272,186.956264,19.734074,22.144274
873.079517,185.951582,19.714447,22.664181
872.469456,187.000128,20.816795,22.274868
873.109304,186.107394,20.958248,22.879709
874.082363,185.135781,20.735657,23.279577
875.706113,184.505175,21.678122,23.306454
875.919950,183.978520,21.745090,24.610357
875.387895,184.234735,22.377516,24.054104
875.297638,185.420917,22.478867,25.290934
874.725066,186.213604,22.340975,24.335785
875.987932,185.807296,21.867458,23.680941
874.208967,186.229615,22.624836,24.468664
873.488488,187.009626,22.330236,24.306858
872.447186,186.581159,22.686981,23.556059
868.456216,186.504602,22.285757,26.080601
865.239468,185.887292,22.596176,26.782866
861.924688,184.646061,21.671001,23.454605
860.718293,185.031915,21.868483,23.009565
859.978412,184.160650,21.396395,23.193935
857.927143,184.340971,21.805618,23.515362
857.749425,185.116466,21.395582,25.151773
857.828099,184.253171,21.538610,23.001646
856.501972,184.298237,21.570084,23.622269
857.170438,183.572353,20.752554,21.530632
856.974911,184.299387,21.247955,21.441181
858.370777,183.202391,21.272263,22.611919
858.809210,182.939585,21.027264,23.689335
859.866476,182.980727,21.379147,24.986032
860.289984,183.119286,20.852772,22.725914
861.465733,182.611547,21.657951,25.081648
861.773946,181.393843,20.404295,21.296673
862.923876,180.897556,20.397961,21.054337
862.310015,181.798416,21.942196,26.007271
863.230313,180.636801,22.274206,25.946156
863.863001,182.542277,24.330868,24.898928
865.917353,183.603584,24.527508,25.170685
866.688604,183.990601,25.547443,25.277634
869.084036,184.743368,26.488804,25.167454
871.163032,186.768307,24.536150,24.332451
871.729083,187.790743,21.533014,23.381390
872.109923,188.810014,21.121469,22.699591
871.155302,189.561785,22.404980,24.067684
872.140522,190.787507,21.332733,21.774847
871.786054,191.058044,21.556631,22.498390
872.729551,191.940703,21.235523,20.956987
873.647063,194.045667,21.987474,23.343069
872.921135,194.215893,20.730896,20.832428
873.813972,194.854890,20.450775,20.036215
874.128097,195.702107,19.827219,20.068800
874.711267,196.059216,19.860516,19.636755
874.704896,197.353721,21.015028,22.176409
875.496417,197.347369,20.503153,20.318384
876.624912,197.926597,20.605118,22.617945
877.839822,198.983914,20.428923,21.156179
877.131108,198.846567,22.251616,22.353390
878.733688,200.166208,21.304176,21.984196
878.976739,199.163513,21.263655,24.661957
879.336191,201.200930,21.072048,23.310780
879.270656,201.277878,21.613077,24.723900
878.250455,202.617608,21.792868,23.805265
876.782961,203.679262,21.877918,25.986874
875.337667,203.864693,21.584959,24.235054
872.272696,205.340087,22.446047,23.488604
871.605951,204.463147,21.883755,23.252195
868.360915,205.491615,22.865320,24.460136
865.528588,207.254096,24.254484,26.663012
861.682806,207.009861,25.152210,27.847588
859.065207,208.254691,25.299328,28.475985
858.152239,206.865335,22.678318,23.681683
856.472004,208.932808,21.766090,21.275154
851.576420,210.656913,23.312263,20.701036
848.459542,211.222427,23.217932,20.673607
846.014813,210.056393,21.994642,20.215836
843.771211,207.868078,22.708868,21.093281
842.064528,207.469191,20.894527,20.552990
837.867814,207.298269,22.405180,22.322865
835.887722,206.642612,23.609200,22.024530
832.532872,206.308534,25.015760,22.850607
829.219515,206.042107,25.660938,22.714775
827.051296,205.678204,23.453430,24.381256
826.576756,205.844544,21.214104,21.505774
821.838680,205.965577,23.271645,22.713675
819.348579,205.459938,23.519569,23.516884
815.515521,206.407867,24.343950,22.605644
811.937244,206.086885,24.458275,23.132412
810.847946,206.438969,22.085205,23.598358
808.544047,205.802817,23.365717,22.892511
804.726062,205.399326,21.610781,21.508331
800.025195,200.532378,23.313799,25.361917
799.192872,198.544513,22.533133,24.241472
796.094547,199.693279,26.215103,25.944778
793.102649,199.843168,25.664148,25.650158
791.566124,198.697515,26.769646,23.452587
789.010707,198.738767,28.514391,26.817259
786.369383,198.393641,28.299664,26.778904
784.024954,199.050735,29.747921,26.302561
782.983398,198.779893,30.958153,26.405676
780.843079,199.909620,24.956963,26.409618
779.724712,199.033496,26.075508,26.164316
778.336465,199.164331,22.921461,24.941189
776.322762,199.165381,27.197340,25.091753
776.070647,198.310736,30.471224,25.347492
773.836601,199.355142,30.132233,25.324858
772.275148,198.289618,27.594631,27.092836
771.180194,199.821228,25.198008,26.357056
770.649805,200.366835,23.877697,25.488850
768.026769,199.270390,24.533087,26.061569
768.321578,199.031117,24.150606,23.056273
767.483940,198.896557,23.583565,22.079445
765.555011,199.676214,22.284655,24.321430
764.154419,199.763266,23.348297,25.437191
763.123734,199.857930,23.168303,25.449804
761.589156,198.596089,23.417200,24.891348
761.180053,198.926891,23.505671,25.199226
759.434928,198.438806,24.582987,25.210882
759.559896,198.976093,23.072348,24.315750
757.631282,198.872584,23.635668,24.249918
757.356133,199.057035,23.664909,24.732075
755.732876,198.583755,26.836143,24.609573
754.663756,199.593502,22.402521,24.644737
753.806758,197.855733,22.972483,24.615164
753.968788,196.936749,21.813232,24.320105
753.632931,197.872014,22.334755,24.832754
753.671152,197.139573,21.803646,24.566923
752.523978,197.317292,22.726793,24.358030
753.237576,196.911145,22.816504,24.770025
753.426693,195.725012,21.763916,24.914059
752.815529,195.574100,24.044830,25.229660
752.810504,196.575543,24.126879,25.606146
753.880667,194.675511,22.133465,25.473059
753.547067,196.257092,23.628126,24.641127
752.922696,195.597980,23.286985,24.382273
752.934782,196.294512,23.905071,24.835064
753.797779,195.514478,23.734909,25.607527
754.241513,197.072696,21.366629,21.241228
754.846133,196.897486,22.967119,23.022228
754.727605,195.448052,24.500807,25.103529
755.963849,196.239546,23.995893,26.893040
755.718180,194.718102,23.651989,25.464310
755.770168,194.984020,25.169182,26.510513
756.549656,194.928274,27.635048,26.136242
757.489008,194.622965,25.858715,23.759296
758.900988,193.043768,32.540127,25.584629
757.968616,192.310340,32.011299,30.064104
758.881132,191.309350,34.094273,30.649260
760.294249,191.787560,30.601536,24.834806
760.796773,192.549037,29.208273,26.796213
766.866491,191.173048,21.663090,22.343571
766.263623,191.997253,21.746962,22.563049
767.169213,191.429528,26.582701,23.604834
767.555825,192.110600,22.631285,24.472319
770.032148,191.621032,23.311855,21.811060
769.420750,191.097974,25.086090,23.491758
769.535744,190.853378,23.955727,25.176392
771.485925,190.789953,27.767691,23.066639
772.433035,190.937684,27.644680,25.878035
774.192004,190.652107,25.476381,22.293091
775.071651,190.479074,24.332636,23.397640
776.872091,190.865608,26.936039,22.877579
777.491527,190.443622,25.012430,24.168833
779.430582,190.618328,26.654827,23.429802
780.523314,190.003902,27.415714,23.630272
781.378656,189.784589,25.526806,24.768179
784.749238,190.188203,26.697660,23.364912
783.554648,190.748281,28.049326,24.503033
784.567421,190.688665,28.556114,23.531506
784.840174,190.825405,27.609989,24.513779
786.588241,190.347329,27.034708,24.398092
786.029875,190.460958,27.237881,25.098766
788.604559,189.868579,26.632397,24.123232
788.235368,190.524116,26.863134,27.417536
789.913912,190.387751,25.672657,25.307377
790.620726,189.870348,24.481808,23.103771
792.251080,190.045385,23.560104,25.520123
791.936073,191.287064,23.894356,24.212738
793.421083,190.349984,23.498936,24.435095
795.145311,190.983871,22.119556,22.459528
794.605242,191.327241,23.493137,27.411871
795.238396,190.765007,21.977287,24.711136
796.028547,190.775052,21.411884,24.082350
796.687432,191.127576,20.725904,24.631971
797.193522,191.638802,19.956537,24.019714
798.211486,191.309361,19.243418,24.535368
798.686544,191.788957,18.896832,24.827528
798.790216,192.307572,18.157375,23.007223
799.729669,192.346242,18.012442,25.164701
799.641336,193.245813,17.587482,24.917866
799.495723,192.989111,17.521364,25.174335
799.740544,191.800486,17.007910,26.296490
799.439433,193.126342,17.296373,26.014444
798.638031,192.577184,16.763741,26.861364
797.558417,192.288520,17.097132,27.549768
796.824929,191.386594,17.372679,28.950323
796.664291,192.728373,16.808220,26.684986
796.088473,193.980186,16.929361,26.470879
794.288764,192.878700,17.229471,27.623146
792.675091,193.324605,17.586632,26.933424
791.755339,193.522457,18.107105,27.922104
790.844908,193.937904,18.181980,25.405167
788.527875,192.774666,18.833944,26.176895
787.459906,192.918444,19.175694,26.579281
784.804935,192.579363,21.295464,27.258121
784.158664,192.492802,21.373743,26.311180
781.737846,192.618650,21.265968,28.263767
778.603778,193.335140,23.391520,28.950981
777.267157,193.306070,22.491756,28.811871
775.002619,191.683224,23.734074,25.889458
773.105173,190.908182,23.399899,27.880108
771.649720,191.923074,23.274092,25.799299
770.810136,192.574195,21.483824,24.983828
768.069653,191.611808,21.767471,24.870432
768.330044,191.858862,21.172119,24.137959
766.391038,192.267327,21.526243,24.221815
764.416034,192.101245,21.118349,26.538004
762.412375,192.177655,22.506006,25.187384
761.440189,192.295348,21.590607,24.484560
759.513562,191.986834,22.573767,25.719944
758.319558,192.311338,24.070799,24.250004
756.383520,191.693596,24.466129,24.925468
752.511122,192.030323,26.819447,26.980858
752.578709,190.225889,25.994301,25.234104
749.178216,191.978190,27.042471,28.143930
746.018480,191.993140,26.889545,28.209246
744.725261,192.045183,26.311052,24.405651
742.329416,191.667850,26.526943,25.691957
737.595732,193.147728,27.840466,27.160683
733.945246,193.492544,27.585178,28.256725
730.885580,193.323334,26.844891,27.245567
726.760305,196.191751,27.626675,29.308645
722.596609,198.435747,26.163570,27.696095
718.470422,196.263853,25.983809,28.699337
713.579883,195.386137,25.966722,31.596264
707.887410,195.979696,25.727308,31.501553
703.177901,201.267246,26.324060,27.010666
695.826484,200.836763,27.933313,30.989323
685.921783,209.739854,27.883324,28.182989
678.872300,206.201475,28.491491,34.266491
670.698983,203.744553,28.100500,32.565926
666.780834,203.892364,24.504379,31.890863
656.996409,203.974290,26.343264,24.532202
647.928452,204.631393,27.242697,31.441231
643.077880,205.344005,24.014582,27.392122
633.667106,202.817460,22.496134,26.737593
626.158859,201.734486,23.712738,26.416435
620.726240,199.826220,21.501751,24.692402
610.277192,198.823922,25.162199,28.458822
605.074815,199.204638,22.929594,28.751087
597.387072,197.715231,26.238659,32.005215
591.935264,197.264997,24.210878,29.900984
588.649293,197.617539,22.145247,25.747946
583.572518,198.179930,21.026869,26.675854
578.525980,197.920860,20.108158,26.524330
572.193609,199.363741,21.358913,30.701199
563.990971,199.801884,24.332588,33.923088
564.118002,199.710292,18.844669,25.780329
558.563408,201.072461,20.351852,29.388792
554.000267,201.864068,19.859802,28.043386
548.098985,202.919493,20.701124,28.162289
543.316669,203.601913,19.991381,28.491821
537.732001,205.428190,20.669420,32.460178
533.058902,209.483559,19.061525,27.569092
528.611006,207.753702,17.266537,29.837353
523.406059,207.977905,16.276878,30.058952
517.586589,208.447044,16.082026,31.549652
512.902180,209.460432,14.740706,29.969372
506.162578,210.340351,15.311792,31.006599
496.902077,210.296783,17.284599,33.505775
493.466091,208.441225,14.350038,29.335766
485.410181,207.382210,14.957592,30.017853
479.206297,205.507496,14.852504,33.895966
468.536199,207.877831,18.174253,34.199249
465.276233,207.011839,15.460198,35.658665
452.752189,206.647278,27.214243,38.135864
447.223141,205.636276,24.156876,36.513428
447.388500,207.187277,16.145752,34.087742
442.740038,207.269897,16.569386,33.735916
436.060306,207.457146,17.763842,34.184578
433.256111,209.039850,16.899933,32.417461
426.135450,208.129131,19.431675,34.386421
421.676207,208.617064,19.981792,32.199696
416.865314,209.909012,20.619303,31.294800
410.241864,210.449270,22.501600,30.654194
404.183552,211.322693,25.964798,31.699463
395.745005,214.209347,28.924122,33.704445
392.516246,211.979479,26.187990,35.037014
388.187791,212.938402,24.653402,34.777309
383.361223,213.377537,23.201618,34.931084
376.610390,214.392282,24.064079,36.337002
370.121343,215.101824,22.751234,34.986385
358.219125,215.795673,28.799063,37.611336
359.804064,220.385536,23.870670,27.770187
357.355627,213.504972,23.480923,33.063297
352.515791,213.668505,20.639828,24.641735
344.077466,212.554806,21.559652,24.159859
336.794852,210.568819,21.585443,26.020153
329.183050,207.873560,26.480206,32.645664
321.340053,205.884753,24.478365,30.297274
314.727869,203.947554,28.544415,32.101177
310.004499,204.228794,28.627262,32.895782
305.002237,203.595100,29.224209,32.442772
300.379248,202.651377,27.890293,32.906727
296.398140,203.156319,25.882111,31.154610
294.458894,203.607994,23.682631,27.790627
291.144100,203.457393,26.997032,31.031099
290.789832,203.814284,28.469271,29.569864
290.501698,203.612490,31.816458,31.809635
290.158542,204.574215,26.169779,27.935287
292.131750,206.732990,21.894169,24.275604
293.922116,206.622289,25.176199,29.180830
292.664052,210.320262,25.402884,27.127962
295.258684,210.472989,24.297298,26.456785
296.278325,210.577253,24.329473,26.352718
298.026430,211.051972,24.717983,24.551916
302.189852,211.955950,22.922970,25.146595
304.120662,211.326874,24.304415,23.824081
306.304091,210.939235,27.489405,25.789072
309.233787,210.689159,26.488276,23.703499
313.920793,207.971958,24.311972,27.139107
311.834558,207.338368,26.373196,26.344198
308.966558,207.050862,27.823111,31.473104
314.272793,205.189022,25.892693,25.643501
315.779936,203.465070,22.578068,25.627707
317.895134,202.480682,21.898048,23.911377
317.732550,201.596852,23.160252,25.838133
319.070563,199.634344,22.102701,24.179020
300.818974,179.514790,37.967888,24.558014
315.933804,176.661796,32.971291,28.312311
311.754223,158.045952,71.594856,84.270287
433.229977,232.583965,49.611671,63.664047
471.143455,186.125881,26.930193,26.862732
451.411505,185.258396,30.333088,34.970200
460.734130,183.160554,23.840914,28.532766
464.711564,181.381519,23.092283,25.607971
477.176883,180.374234,19.864115,23.570929
489.262582,178.058947,20.973295,25.864048
500.020293,176.949483,22.783968,26.716177
510.547976,176.450502,21.654215,24.995998
516.599800,175.308055,22.939072,26.561304
530.352296,174.212998,22.231932,28.631239
551.577588,167.938837,19.476385,32.714619
582.073983,173.101194,20.963789,26.778347
594.666679,172.254639,22.645569,23.850349
599.524403,171.110172,22.784103,23.564651
601.599468,171.618686,22.629784,24.354502
603.661697,171.756602,22.664459,24.060045
605.213454,172.368322,22.212610,23.472416
603.854557,171.873218,21.877831,23.466158
601.242935,171.900851,22.851456,25.548220
598.133102,172.177068,23.709328,25.365652
594.044298,165.354776,28.180096,37.587864
586.380488,169.477975,26.459192,31.850882
576.068707,171.352077,28.153425,34.270676
566.765515,173.018508,27.498625,28.150827
553.087624,174.135792,28.030647,29.416870
543.681014,175.218229,29.759874,30.410076
540.160855,176.107267,31.809744,33.077572
545.730810,176.395308,26.592609,31.478708
555.198312,176.685165,27.030577,33.309013
562.963345,176.809689,23.538322,31.570999
566.080741,177.501501,23.790773,32.137386
569.199140,177.261419,22.434423,25.123608
579.882543,180.805452,30.994772,33.710148
625.345186,179.585352,35.761105,36.902973
654.332406,179.147648,29.136351,33.620499
672.320207,178.792727,22.678968,22.354525
672.192450,177.965086,23.642635,23.016247
670.710404,178.331339,23.596563,23.914227
668.784922,177.667518,24.378948,24.258371
664.859865,177.666718,24.265163,24.452019
657.367220,177.843596,23.595943,24.968386
647.108639,178.896107,22.842270,24.205276
629.388337,179.596712,26.963369,31.821743
618.539058,180.819003,25.789766,29.113810
606.505429,182.218760,27.540236,31.946270
599.409134,182.686913,26.609718,31.865141
595.890027,183.990510,25.183851,27.030500
592.092255,185.005884,25.291527,28.531368
590.885008,185.048162,23.984570,24.214954
588.328535,185.745842,23.773540,23.813049
585.740396,186.918983,23.290531,24.282387
583.936447,187.565934,22.841881,23.593336
582.893059,188.642282,22.606834,23.354664
583.385000,189.510850,23.045971,23.705778
586.550172,190.397612,22.998075,22.612926
588.175040,191.622218,22.756014,22.842081
588.829771,191.866634,23.082371,23.944702
590.462488,193.177081,23.068684,24.093744
590.382903,193.950293,22.566462,23.434299
591.184625,194.641997,23.149855,24.218180
591.790451,195.182737,23.144104,24.453968
592.485550,194.714215,22.761818,21.323385
593.947973,195.249243,22.177364,21.350163
592.798404,195.844334,22.349375,22.262222
592.167415,195.487322,22.662355,22.011967
591.871085,195.610149,21.952539,21.362152
590.999527,194.510172,22.064034,21.496502
589.826949,194.444128,22.306231,21.709545
590.941964,194.320042,21.936148,21.601807
590.387401,193.271620,22.462854,22.301441
588.788835,194.202009,22.741842,22.824131
589.763612,192.990328,22.174124,22.736538
589.838184,193.022535,22.494766,22.942913
588.436421,193.651207,23.425138,24.694443
587.894241,193.142913,22.676491,23.624018
588.845475,192.571193,21.634542,23.007647
587.261505,192.913991,21.651398,22.690626
586.439456,192.445516,22.318110,22.727720
587.114891,193.205152,21.414337,21.886541
586.291528,192.798409,21.865232,23.205559
584.606785,193.007781,22.174477,23.425814
583.404030,193.151379,22.345856,23.486084
584.142844,193.665409,21.766733,23.078178
582.027966,193.200140,22.403784,24.988605
582.179009,193.219185,21.448339,24.613083
582.333727,193.570918,21.572216,24.393763
580.319407,194.109029,22.512819,25.427748
579.646322,193.825938,22.183224,26.079607
579.892409,195.633060,20.637163,25.627373
580.562323,195.357738,21.146687,20.632074
579.567603,197.476656,16.891626,18.495815
579.126639,199.364951,18.168642,19.520784
577.250848,200.002849,21.493635,23.864580
578.641122,199.319942,21.016096,23.017448
578.119146,196.902840,22.020679,25.361206
577.459533,195.276827,22.097979,27.208866
577.156288,195.495124,22.313194,24.872766
576.918705,194.328342,22.204750,25.140533
575.395753,194.792138,22.567564,24.994947
575.582898,193.647371,22.750273,24.334217
575.818750,194.028893,21.534824,24.146400
575.020370,193.515738,22.067833,24.337923
575.181911,194.052664,21.430208,24.693172
575.051939,195.609432,20.756474,23.519455
574.799211,194.914176,20.905287,24.461679
574.868017,196.134126,20.709034,24.943815
574.011787,196.244349,20.915771,24.714510
574.369007,197.295245,20.513763,24.355989
573.281506,199.550710,20.322113,23.841124
572.505503,199.050686,20.617184,24.837219
571.408393,201.381086,20.483805,22.756313
570.096373,200.480315,20.695194,24.026361
570.300383,202.416581,20.192242,23.468534
567.873978,201.478981,21.099449,23.669754
567.238038,202.867091,20.796461,24.034639
565.120655,202.932496,20.970116,24.294058
564.696342,202.577713,20.875193,24.033554
563.071127,203.024683,20.971622,23.246334
562.253976,203.825103,20.613928,22.546747
560.521323,203.599866,20.768930,22.370642
559.950546,203.343745,20.684166,22.955988
559.086624,203.794694,20.563080,23.430525
558.865054,202.359683,20.624811,24.216822
557.606539,203.038793,21.014988,23.909941
556.259680,202.658452,21.353840,24.591276
557.154246,201.821957,20.969751,24.667595
555.944441,201.883986,20.977535,24.700962
556.635531,201.776978,20.829111,24.594116
555.149847,201.415181,21.313877,25.022902
554.516842,201.431304,21.224968,24.908327
553.688925,201.903032,21.109303,24.763615
553.556365,200.954149,20.661837,24.460392
553.151333,201.199605,20.785217,23.929716
551.569484,201.391009,20.860392,23.646662
551.765111,202.680528,20.257727,23.575209
550.699975,202.373109,20.801008,24.417379
550.475797,202.259998,20.473494,23.841583
551.004333,201.704166,19.964609,24.112221
550.899686,202.171091,20.079573,23.575726
551.204217,203.069409,20.443205,24.116171
550.736030,203.419566,20.710970,23.986361
550.879833,203.215620,20.733269,24.546345
550.556156,203.003209,20.718506,24.616102
551.900000,203.031599,20.572071,23.266376
551.784512,203.001976,20.955124,23.998505
552.180258,202.775908,20.713200,23.314922
552.109138,203.629907,20.945114,23.062078
552.359916,203.736588,20.802477,22.697096
553.108871,203.022115,20.905518,22.387022
552.791592,202.507651,20.853531,23.375399
552.163076,202.411696,20.768017,24.180559
552.648680,202.405770,20.755032,24.204069
551.835948,202.460601,20.697878,24.234705
552.405259,201.362347,20.666403,23.547516
551.593367,201.440374,20.947910,24.313137
550.772341,201.555100,20.881008,24.470594
551.337037,200.796022,20.731749,25.066776
550.956070,200.738106,20.587059,23.197220
551.040100,200.843863,21.084282,24.435869
549.956266,200.049424,21.701374,24.417356
551.226316,199.806666,20.759624,21.965219
551.165971,200.136677,21.394819,22.896973
551.730743,199.322924,21.412315,24.749081
552.035224,198.508484,21.714327,23.549950
551.255014,199.445696,22.107990,23.495281
552.585945,199.034523,22.025322,23.112114
552.476114,198.341247,21.816265,22.989786
552.677833,198.207942,22.075640,23.545420
551.733591,198.099771,22.296139,23.722507
553.526505,197.651390,21.481153,22.876427
553.257757,196.269122,21.480030,23.350489
553.010334,196.274566,22.381638,23.694155
554.359820,196.243667,21.629587,22.085672
554.206974,195.477042,22.183884,22.775370
553.583593,195.088196,22.418652,22.947090
555.307415,193.820376,20.662132,22.398966
555.356973,193.285992,20.640188,21.643799
555.813276,193.335391,19.994045,19.748789
555.934737,193.180490,20.293581,20.708530
555.151412,192.686660,20.912600,21.324610
554.501522,193.380091,21.316460,21.941357
554.756648,191.844553,20.801188,20.120701
554.546070,192.575797,20.967896,21.007853
554.244347,191.318920,20.924545,19.969315
554.650528,191.954866,21.376572,21.808926
555.175581,192.403599,20.653248,20.794685
552.956850,192.099491,21.456898,21.854881
553.601915,191.887482,20.847561,21.755325
552.414493,193.120352,20.684885,21.932148
553.094146,192.721316,21.139231,22.270777
553.108927,193.598372,21.339161,20.160130
552.576533,192.907731,21.806147,21.437292
552.010876,193.707829,22.398247,21.243164
552.166476,194.080816,22.133654,21.349461
551.502398,194.285345,21.883562,21.770115
551.898347,194.838577,21.748343,22.424957
550.629867,194.410119,22.517359,24.437918
549.725538,194.268481,22.511944,24.201677
550.034167,195.187490,22.206957,23.137615
548.213511,195.051030,22.423487,24.510633
546.803707,195.655448,23.267677,24.750452
545.495745,195.381635,22.866932,23.322218
543.567636,195.976052,22.895552,23.192747
542.753750,196.014194,22.291283,22.241074
541.266959,197.280998,22.503176,22.088646
539.490685,198.394927,22.820860,22.144129
539.191484,198.346639,22.873829,22.265844
538.538877,199.120010,22.659679,21.740555
537.876398,200.354752,23.057446,22.230385
536.892210,201.107018,23.621502,22.487450
535.491129,201.585324,23.193371,22.150862
534.700104,201.722251,23.883942,22.855753
533.724123,202.076487,23.712276,23.149532
532.066033,202.244616,23.767935,23.310566
531.900820,202.407234,24.227261,22.911797
531.012497,202.467984,24.171097,23.639875
530.360465,202.775723,23.941744,23.368065
529.216829,202.046100,24.268093,23.025324
528.866701,202.085735,23.884708,22.488838
528.485819,202.364143,23.843235,22.797424
527.494730,201.988554,24.072620,22.324398
526.170997,201.701160,23.960703,22.366829
525.278926,201.236032,24.174570,22.480673
524.002915,200.958796,23.805868,22.490414
523.344110,201.199249,22.750235,22.365524
522.124162,200.551851,22.368086,22.520130
519.801135,200.595184,22.425684,22.655159
515.640231,200.451462,23.996759,23.397568
514.136364,199.199367,24.223541,24.152262
511.156525,198.638052,24.449104,24.015240
510.528019,198.557640,23.183525,22.438789
507.208277,198.410135,23.181339,22.901783
505.068620,197.518925,22.858427,23.299149
502.720831,197.534199,23.276760,24.655220
500.668444,196.933336,21.407566,21.788158
496.657991,197.080022,23.003513,23.266401
493.376889,197.023755,23.444502,22.058973
490.275624,197.404035,22.779959,22.101057
487.783664,196.781559,22.022547,20.995789
484.573371,195.617830,22.397326,22.846493
481.851386,195.029802,23.416544,22.932133
479.529444,194.778917,24.184711,23.794094
476.524233,193.499590,24.503185,24.583248
474.883512,195.162210,24.316580,23.773764
472.134479,194.428453,24.021738,23.219433
470.167186,194.229507,23.478029,23.253845
468.874851,195.929943,23.795700,23.269409
466.077616,194.774134,23.556683,23.574917
464.378896,194.787670,23.130033,22.611588
462.581700,194.994243,23.575262,22.784494
460.883812,196.000314,23.484756,22.170752
459.661240,195.502566,23.191650,23.185946
458.123337,196.779066,23.155724,22.900517
453.953803,195.834117,26.192118,26.229685
453.208945,196.292724,25.660868,25.883806
474.041274,183.908347,31.185709,21.293795
470.222170,184.484222,34.710148,22.788208
470.829298,185.077218,33.635632,21.237913
471.498205,184.285420,32.845181,19.552237
475.726749,184.161858,26.338181,16.590424
475.969366,184.516982,23.643581,14.865038
474.126635,184.570992,23.978886,16.023735
444.487711,198.882922,23.279079,23.024996
443.458923,199.086412,23.177574,23.290501
441.478198,198.887722,23.720568,23.865768
440.107159,199.369419,23.665558,23.214546
439.767741,199.426929,24.257677,24.413111
437.926167,199.407396,24.630287,25.224255
436.349840,199.518950,25.318638,26.082470
435.910816,200.162699,24.485962,24.918690
436.072100,199.993215,25.070621,26.190565
435.359816,199.954525,24.559978,26.521729
434.264696,200.647585,24.542263,25.667286
434.321240,201.156137,24.715384,26.963505
434.232824,199.908955,24.927921,24.561203
434.627247,200.598458,23.907242,25.521627
434.134341,200.700571,24.234690,24.306347
435.285750,200.472814,24.036875,25.128263
434.582758,199.911683,23.839146,24.098143
434.939260,200.386715,23.400257,24.723846
436.121251,200.823132,23.259665,24.925125
436.540482,200.224810,22.450714,22.305393
436.526966,200.694803,23.613976,23.200283
437.447510,200.553478,23.415474,25.002228
437.283701,199.351571,22.778599,22.598669
438.499238,199.658963,22.709913,23.655981
439.860330,200.291356,22.301443,22.417379
440.821720,198.804916,21.742424,21.710724
442.010673,199.390325,22.141764,23.054022
443.295796,199.643273,21.704718,22.347723
443.873590,199.177969,21.895506,22.361248
444.830882,198.441512,21.800455,22.394068
445.589470,198.355188,22.313667,23.506733
447.133326,197.513069,22.403141,23.129784
449.161593,197.609245,21.596102,22.754387
449.782426,197.538982,22.173109,23.412308
449.840037,196.622834,23.540285,26.062307
451.632279,196.177492,22.683050,24.117664
452.678988,194.335678,27.181292,27.865898
454.687269,197.062751,23.216457,23.552393
454.229991,195.481256,25.739748,28.710186
457.053263,196.877136,22.952396,23.916550
455.070725,196.704192,26.569601,27.460405
460.300599,196.785536,24.942755,26.339878
463.239594,196.598829,24.766472,26.365986
467.501980,196.022820,22.883484,23.449974
470.835178,195.194133,22.404099,23.827135
474.186963,196.754808,22.483953,23.579166
476.705052,195.505409,23.622335,24.630379
478.789530,194.468528,24.342129,26.749369
481.588288,194.248788,23.327497,25.228209
484.360452,194.765385,22.740881,25.053772
486.039232,196.137142,22.517338,24.818489
488.321429,196.675521,22.216135,23.504282
490.760585,198.198470,22.174761,23.341700
493.177451,197.262127,21.198130,23.913910
495.985704,196.624793,21.791004,25.058802
497.951993,196.187114,21.174826,25.133478
499.037107,196.080014,21.009665,24.574263
500.124042,196.786249,22.566500,25.724735
501.961428,196.486965,22.134312,24.783188
503.007789,196.291574,21.942064,24.687710
504.732358,196.822920,22.677061,27.216473
503.065064,196.835161,24.910711,27.312260
504.816206,197.171748,25.044827,27.348879
504.831136,197.540316,24.677290,27.144855
505.299303,197.357048,24.814320,27.592400
505.992957,196.627385,24.573847,27.193266
505.250285,196.692777,24.105761,28.341581
504.440636,196.172623,23.665733,28.145851
505.174220,195.754822,22.432665,26.896271
505.325208,194.763459,21.665098,24.814512
503.792800,195.517136,22.215227,26.286613
503.350365,194.797137,21.850410,25.219217
502.224719,195.808366,22.250528,24.104071
499.442783,194.602189,23.689819,25.177305
496.861006,195.501582,23.621258,23.754511
493.259488,196.849720,23.245527,24.316910
491.765670,195.823894,22.663897,23.300013
487.516595,194.177526,23.796972,25.160435
484.757088,195.231115,23.543304,24.090618
481.757113,193.614335,21.728046,24.699041
478.131393,193.247644,22.595978,24.159809
474.734211,193.686603,23.007362,23.633905
471.159039,194.042941,21.603119,22.640131
467.692549,193.874041,22.081875,22.416706
461.191630,191.254832,25.975710,27.924532
457.943770,192.229529,24.347460,25.874216
454.751509,190.691375,26.262783,28.335382
451.025538,192.724578,24.586931,25.892878
447.586057,193.439816,21.616301,22.255112
444.582435,193.322397,21.894274,21.211460
438.959898,193.524652,23.811352,24.933109
435.245990,193.877114,24.197260,24.457541
431.794340,194.035470,23.205647,23.462164
427.845224,194.241139,22.857174,23.435667
424.033685,194.111710,23.386992,23.346451
420.907119,194.420734,23.173899,23.345970
417.753175,193.717663,23.456381,23.578033
414.690749,194.403667,23.878901,23.343262
411.742757,194.677592,23.728193,23.310495
408.309968,195.521015,23.589636,22.613785
405.911695,195.569565,24.313856,23.656624
403.045174,196.438663,24.218918,22.969452
400.942746,196.384735,23.921103,22.867828
398.559209,197.270010,24.500280,23.029598
395.856901,197.856179,24.526981,22.714979
393.084820,197.834188,24.530510,23.525913
391.652638,199.407131,24.094053,22.873756
388.816257,199.676622,24.096926,23.054714
387.205552,200.681510,24.128103,22.935213
385.570950,201.198282,23.912796,22.653652
382.628893,201.396657,24.357128,22.813490
380.339825,201.875812,24.316376,22.761538
378.955414,202.529655,24.364136,22.954210
375.847462,202.378967,24.099518,23.624054
374.657508,203.732089,24.039690,23.199778
372.853186,204.194060,24.835842,23.198320
371.130918,205.108212,24.636999,23.513777
370.225252,205.852159,24.415333,23.726896
368.730205,205.851962,24.963831,24.263811
368.655015,205.866467,24.298315,23.869299
369.114115,206.212489,23.975010,24.545252
368.452310,206.852373,24.125204,23.617718
367.506554,206.330957,24.380974,23.668079
368.513191,206.254805,24.150482,24.349552
368.169229,207.036664,24.166456,24.106787
369.121574,206.605410,23.813095,22.871052
368.823218,206.496567,24.691126,24.864609
370.954358,207.071774,23.818037,24.431540
371.183465,207.133053,24.603285,24.838676
372.773031,207.102544,24.377445,24.906797
373.667878,207.276289,24.170118,25.156368
374.881677,207.646259,24.249990,25.176346
376.550336,208.064920,24.714216,25.748188
378.751931,208.791034,25.216513,25.984209
380.862245,208.628297,24.545294,25.121130
382.301852,208.909958,24.552912,25.757935
384.126964,209.516217,24.871897,25.378363
386.406539,210.166521,24.615618,26.207607
389.352078,210.231744,24.586081,25.292898
391.459673,211.072192,24.246822,25.508478
393.552757,211.616828,24.284271,25.365259
395.599895,211.529406,24.603144,25.853909
398.847916,212.832951,24.174469,24.588783
400.729423,213.388844,23.621469,25.456945
402.479063,213.434089,24.224796,25.270174
404.771658,214.971475,23.827168,24.702574
407.175672,215.419893,23.363981,24.572445
409.597157,214.989595,23.264189,24.182735
411.761583,215.728678,23.651104,23.927570
414.150701,216.741050,23.753942,24.978960
416.268539,217.159659,23.576950,25.481485
417.690647,217.750505,24.066475,27.549969
419.805289,217.896225,24.133944,27.468826
422.235988,217.853852,22.074610,25.413794
423.075336,217.296819,24.345728,28.994795
426.192453,218.421743,20.590939,22.927883
426.690275,218.485338,22.522198,26.438938
427.588576,218.728470,23.699900,28.760208
428.583992,218.862144,22.412331,24.538675
428.896016,219.608521,22.956587,25.088186
430.028636,219.813623,22.752275,25.093899
430.268100,219.956425,22.860659,25.217422
430.122429,219.573624,23.004089,25.223984
429.916039,218.805682,24.194122,26.507700
431.037067,218.229703,22.976936,24.389166
431.386170,218.040730,23.623198,25.694534
430.612432,217.382726,25.225521,27.927153
429.827724,217.144595,25.980364,27.169756
430.896372,217.288195,25.666325,26.526340
432.455745,216.038278,23.536654,25.946424
431.909590,217.018211,22.706181,25.427452
429.445409,216.741336,23.457800,26.322107
428.172401,216.736133,23.838181,27.390879
427.415659,216.956881,23.275944,26.332424
425.341326,216.244302,24.105892,27.168104
423.169710,215.141118,23.934040,27.033895
421.557607,214.154068,22.694792,25.655685
418.857232,214.020369,23.091063,26.595539
416.242748,212.109776,22.466248,24.420431
414.034464,211.275925,22.166508,23.649330
411.223456,209.975629,21.762987,23.768415
409.214864,209.538208,22.156195,23.842407
407.121807,208.951037,22.097359,23.401415
405.539159,207.825568,22.257757,23.491709
403.516265,207.672773,22.628061,24.094212
402.123943,207.671791,23.023521,24.226471
401.166656,207.641303,22.696312,24.355280
399.586914,207.377265,22.417160,23.691484
398.134542,207.495154,22.943579,24.878626
396.670969,207.471869,22.958698,24.284031
395.014434,207.710726,23.402002,24.834743
394.632459,207.454482,23.026335,24.297297
392.695573,208.386649,22.825994,24.715929
390.928249,209.187883,23.076378,24.881451
390.691316,209.581141,22.997236,25.036724
388.827951,211.438597,23.401943,25.644962
387.439507,211.418164,23.159086,25.380598
386.911456,212.632310,23.195833,25.834539
385.873806,212.956240,23.050629,25.874203
384.963917,213.277839,22.950935,25.361155
383.334949,213.808928,23.538378,26.527592
382.396805,213.505034,22.870056,24.679590
381.087611,214.448065,22.903086,25.319889
379.347873,214.053240,22.517824,24.989101
377.536307,215.074702,22.733255,24.952654
376.495693,214.921873,21.997856,24.128483
374.612551,215.514460,22.872440,25.620380
372.318302,216.063428,22.586952,24.955816
370.946236,215.865950,21.987404,24.802181
368.712083,216.218812,22.231489,24.558424
366.465112,216.681866,22.011740,24.089600
364.328280,216.589713,21.542925,23.900438
360.891150,216.632416,21.655437,24.148277
357.268817,217.269832,22.062555,25.025873
354.032199,216.874920,21.852282,24.975456
350.570798,216.801628,21.619940,24.143837
346.241370,216.792384,21.807764,24.124353
341.461049,215.986676,21.678411,24.315001
337.004926,214.333753,21.423788,23.498846
332.225127,213.517554,21.965830,24.421778
328.258360,212.299335,21.262897,23.988253
323.866343,211.311020,21.311298,24.001663
318.060277,211.242008,21.605886,23.606163
315.063154,209.889994,21.168850,23.628101
309.279964,209.803272,22.129402,24.031212
306.096569,209.211875,21.397163,24.026636
302.137951,209.695011,20.992783,23.416176
298.339272,209.080579,21.154335,24.056684
294.984270,209.019020,21.504681,24.026222
291.324065,209.442474,20.925776,23.539536
288.333535,209.696058,21.191938,23.518574
285.266961,210.524971,21.164534,23.781509
282.744761,210.274843,21.523167,23.966923
279.619040,211.063369,21.248569,24.416025
277.873770,211.915312,21.649578,24.884686
275.776927,212.060283,21.631678,24.760408
272.674217,212.961002,22.259315,25.508713
271.944485,213.119392,21.333069,23.231064
270.219854,213.679317,21.691235,24.647179
270.481009,214.198089,21.029047,23.741602
269.932434,214.694939,21.288979,23.460732
270.512152,216.385909,21.067150,24.083948
273.918962,217.694304,20.919331,24.147821
276.312053,219.400149,20.523081,23.958330
280.147579,219.174113,18.628769,22.848223
281.555755,218.927032,18.394060,23.709038
282.358644,219.683803,17.783001,24.722925
283.664341,219.099766,17.490517,24.553223
287.230378,220.209532,16.215322,25.138981
290.612793,224.800636,15.064041,27.965538
290.802679,238.850989,15.792897,31.082834
293.302628,257.601055,17.627075,33.210724
295.981156,270.361046,14.778998,34.929665
295.856991,277.542160,25.708107,37.315666
302.327592,279.001183,12.669263,29.864998
303.991879,282.055135,16.229874,31.790876
301.628603,280.772610,19.840588,35.030960
305.319736,281.080770,20.293375,33.316753
310.174938,280.397642,12.220100,32.560268
311.331761,278.968856,15.823081,28.790400
315.979633,276.999795,12.759804,28.117270
315.997826,274.743926,23.623741,31.966913
318.810143,267.066450,47.808678,52.973431
341.271177,200.930634,60.652966,45.158058
343.296690,200.308317,60.862072,48.657940
345.651955,200.496553,59.724815,42.844608
346.410969,199.839560,60.202988,41.641216
347.552465,199.984375,60.452099,44.579811
347.832546,199.878080,60.579315,42.520550
349.726046,200.303925,60.977619,44.964363
350.254789,199.613518,61.609188,46.668602
349.745638,199.990635,61.816059,48.790192
352.146950,198.253643,60.285286,43.255875
352.803806,198.322151,60.478043,42.293724
352.306097,198.324129,60.884136,42.697132
352.819418,198.880636,62.678509,49.734356
353.746984,199.262806,63.294048,48.592209
354.571999,197.431778,66.127998,56.287315
354.332554,193.334921,64.687180,50.158520
358.605185,186.759577,62.014690,40.444462
360.748186,186.042801,61.032810,42.869453
360.973181,184.403938,62.420650,48.098045
339.761657,253.192689,14.666071,30.725775
339.374057,249.344842,14.969416,30.042662
340.119676,241.932072,14.843130,29.529350
339.629864,230.517804,15.381270,30.101454
339.044714,218.654867,15.723453,29.116413
338.305668,210.249104,15.607475,29.386969
336.782602,205.089235,15.915813,29.190182
336.641445,200.867861,15.371881,29.011189
336.720911,199.355986,15.649586,27.812260
336.120392,197.263910,15.493904,26.944508
335.885075,196.246177,15.230361,27.345438
335.761405,195.552588,14.855165,27.592745
335.004642,194.965733,14.784195,26.578735
335.312972,194.175360,13.771372,26.935917
334.047035,193.066902,13.344750,28.032883
334.363097,191.536089,13.014437,28.699589
334.613813,192.315188,12.667951,27.330759
333.819920,192.455183,12.260162,27.369617
333.193974,192.440935,13.584732,27.337971
333.236681,192.124251,12.586315,28.196939
331.506543,192.615565,12.784292,27.950747
330.621915,194.091466,18.882467,30.969633
330.236665,192.435124,14.970296,28.747519
330.234766,192.427163,10.976590,25.149740
328.905407,192.245552,13.806334,28.194138
324.934781,191.853882,31.517256,36.990753
344.062037,125.357828,63.384998,53.003761
342.677557,121.569334,59.958523,43.884521
342.110882,122.159630,60.484085,40.726971
342.849873,122.308662,59.989914,43.793499
342.300713,122.015259,60.372444,42.333111
343.467644,122.650377,59.987129,44.307442
348.106342,123.331953,57.481339,40.521759
355.324972,124.128307,60.181408,57.510685
383.521181,124.906981,56.868061,44.613098
397.387375,125.916203,60.519035,56.232716
404.099670,125.843584,62.316002,59.433220
423.385723,127.965675,59.195496,56.092419
449.621893,127.532898,57.482647,53.028255
468.927675,128.518282,58.558369,52.756920
478.602119,129.333660,58.109718,43.547581
484.060408,129.308062,58.412807,44.007088
489.523491,130.634869,57.704018,43.186741
492.483482,129.795776,57.387032,42.176922
492.821798,129.356909,59.912807,45.259857
495.703907,129.651348,56.962494,42.375721
495.250366,128.188313,60.452324,46.708714
509.358250,127.186167,65.083450,59.933617
534.436537,125.891052,58.228146,45.764477
550.527372,126.498793,57.716549,45.495132
556.712915,125.736254,59.928532,49.159859
563.139662,125.730433,57.063931,41.703819
569.058432,124.631567,58.610760,45.950500
595.042341,124.876568,58.105404,44.141041
624.647676,125.337950,55.643970,44.697769
636.212461,125.223293,56.660793,43.165775
635.284470,125.146502,57.419731,41.531700
632.379395,126.529821,56.411354,43.852493
625.358625,127.188873,55.752346,41.773174
616.041550,128.480793,56.475212,44.690708
606.449516,129.212210,56.444725,43.871429
595.766161,129.094189,58.313709,46.773335
591.194489,131.037027,55.923302,42.751244
584.596802,130.212658,56.712288,42.737064
580.701088,129.817514,56.137169,43.200890
577.005016,130.281942,56.453262,42.603500
574.620071,129.730495,56.695839,42.686039
573.402443,130.440105,56.967033,44.272205
572.587929,131.041838,57.769661,49.070694
572.373926,132.129887,57.969090,48.904697
570.671989,132.182226,58.887093,51.623505
571.068527,132.401911,58.869041,53.428429
570.322504,132.743690,59.309971,54.357906
570.580296,132.860600,59.705582,55.940922
571.065496,133.040600,58.824688,55.491138
572.019552,132.945444,59.706890,51.832848
572.189693,133.347380,58.830719,53.932907
572.425261,134.004059,58.399197,53.441357
575.961142,131.406855,55.425121,42.892601
576.369747,131.521307,55.028549,38.719513
577.108208,131.805468,56.909828,39.504707
579.351105,131.817970,55.583900,39.373867
581.118349,132.180387,55.303074,40.232010
581.410707,132.252752,56.195484,41.606949
582.893538,132.571707,54.336040,39.135101
582.589493,132.116169,55.997749,41.545170
584.015026,132.208954,54.257523,38.311855
585.144119,132.936636,55.323265,40.738083
585.143137,133.030983,55.308994,40.979565
585.540020,132.939953,55.772415,40.734760
584.347591,132.955791,57.452972,49.401386
583.107573,132.204792,60.125637,51.355900
583.845280,132.127686,59.916397,53.000805
573.944035,134.705423,68.337234,63.260216
585.554682,132.540779,57.889774,47.312313
571.925941,132.203850,70.441109,58.398067
561.394224,212.162209,26.953732,47.567715
564.309178,209.237504,18.003035,29.699686
563.603198,209.570152,19.055887,30.609646
562.420052,209.816295,19.666710,29.545019
562.430361,209.581525,19.595562,27.521975
560.624700,210.216412,20.428572,27.550404
560.529422,209.800702,20.537569,27.582895
558.289289,209.873000,20.737019,25.921118
556.843673,210.680242,20.619524,25.407724
555.975400,210.607040,20.153280,24.032665
554.428586,211.792379,20.394545,23.511719
552.231357,211.122342,20.764589,23.419611
551.283283,211.725355,20.822708,22.895439
549.049477,212.318056,20.996719,23.663017
546.589919,211.926994,21.955462,25.071209
545.687132,212.470078,21.431400,23.665455
544.730924,211.808674,21.597204,23.913181
542.685006,211.741976,21.818609,23.937469
541.208442,212.179853,22.692430,24.050110
539.488571,211.472981,23.160202,24.814554
538.836074,211.388960,22.686930,23.783119
536.523598,211.057629,23.143799,24.293896
534.912827,210.893808,23.280106,23.762291
534.700104,211.064270,22.444397,23.154842
534.074079,210.652946,22.623175,22.647442
532.754190,210.705983,23.123219,23.851648
533.629112,210.507291,21.917336,21.975092
531.474771,210.636325,22.469160,22.352224
531.982847,210.590806,21.934750,22.422350
531.209447,210.361889,22.456343,22.254505
530.362413,210.114407,22.439465,22.639278
529.721847,209.397202,22.233263,22.771082
529.722404,209.559345,22.189493,22.646008
529.241376,209.084263,22.408155,22.753422
527.979116,208.414755,22.743946,22.622360
528.653487,207.777057,22.270555,22.373755
527.593627,207.598310,22.704325,22.583956
528.365801,206.991765,22.279110,21.884859
527.859147,207.050311,22.919394,23.194914
528.065681,205.841236,23.050377,23.203800
527.352390,206.003938,22.905190,22.772715
528.063123,205.223638,22.980177,22.615763
526.741205,204.587156,22.900349,22.645309
527.952894,204.621508,22.629986,22.598053
527.899708,204.662305,22.361633,22.066492
527.176968,204.112855,22.796913,22.358553
527.268131,204.003219,22.342033,22.726439
526.402092,204.514942,22.574768,22.514088
525.915860,205.299343,22.994368,23.041523
525.838395,204.541537,22.355673,22.714979
524.297224,205.335970,22.866558,23.346107
524.330294,205.251964,21.992832,22.286291
523.969437,205.377587,21.867355,22.652636
523.489580,205.531948,21.844898,22.502148
523.000624,206.442049,21.712749,22.449425
522.540280,206.859846,21.827490,22.441322
521.570661,206.590537,21.779974,21.773054
520.495530,206.960986,22.266973,22.505751
520.194080,207.165255,21.730652,21.825928
519.191399,206.817685,22.155533,22.005381
519.533620,207.705418,21.922918,22.264469
519.934061,207.917091,21.846142,21.905506
520.177169,207.585866,21.755487,22.110178
520.680784,207.792168,21.436680,22.266445
521.085157,208.244568,22.025417,22.700649
521.353363,207.902762,21.356102,21.691435
521.445023,208.561574,21.982880,22.695230
522.239264,208.645706,21.571222,22.533207
521.441177,209.428226,21.481575,22.029951
521.889763,209.525593,22.075989,21.886860
522.398588,210.157915,21.250713,21.789047
522.279073,209.857487,21.325239,21.935726
522.744414,209.876662,21.468721,21.885862
522.103049,210.014869,20.881762,21.789618
522.511550,209.966604,20.748812,21.812256
522.941176,209.846248,21.012735,21.779440
522.155688,210.275914,20.484713,21.210489
521.801792,210.664921,20.254585,21.240986
521.730429,210.102362,20.756672,22.046715
521.465845,211.009531,18.578197,20.848160
521.950759,211.352748,18.308588,20.123350
520.669857,213.130168,17.753433,18.943464
519.512002,212.205262,17.172224,17.868082
518.752259,213.052089,16.696028,17.875616
517.673601,213.275299,18.268398,18.929684
516.913291,212.479912,18.623980,20.577572
515.905022,210.650198,23.077309,21.045807
514.913381,209.869876,23.875319,20.544699
514.117720,210.074409,21.318317,20.051352
512.802031,210.046792,23.073414,21.678446
513.083270,207.756605,24.067568,21.077515
511.343994,207.446721,23.178215,23.290148
511.392239,209.274835,22.707230,20.850031
509.788088,209.206810,21.667675,21.921200
509.830102,209.024066,19.571699,20.415815
508.959888,209.174297,20.737907,19.728626
508.744310,209.231948,20.158360,20.962523
509.154285,208.228421,19.191330,20.776011
508.244698,210.148794,18.824142,20.024750
508.067850,210.907595,19.410931,20.091270
507.557204,211.404104,19.432161,20.184212
507.494637,210.252850,20.790283,21.826351
508.728467,208.866603,19.845381,21.000463
507.394877,209.294907,19.838015,19.480778
506.552355,208.770377,20.300732,20.509649
506.700228,208.999986,20.815098,21.716593
505.757615,209.893266,21.297148,23.432718
506.521977,208.644099,22.060003,24.234533
506.712587,209.123652,21.051380,21.734383
506.981806,209.619272,21.127346,22.468300
508.100118,209.297366,20.401640,22.421972
507.858416,208.659433,20.631741,22.137390
508.108670,208.728696,20.231848,21.398821
508.128930,208.109190,20.194304,21.623749
507.890594,209.065749,20.245239,21.636419
507.575737,208.894433,20.075706,22.325594
507.189167,208.577020,19.898872,22.848581
505.509014,208.269131,21.466148,23.805981
506.644615,209.065645,20.267136,23.030663
506.215480,208.786627,20.603716,23.061798
505.559225,208.634367,20.788830,22.729584
505.694695,209.433735,20.477758,23.188229
505.269608,208.469994,20.902983,23.933727
505.614245,209.763176,19.380236,21.661259
506.028762,209.856511,18.792658,21.113436
505.143727,210.583534,20.005667,22.404720
503.951875,209.944691,20.741835,23.301060
504.632430,209.875099,19.763369,21.875912
503.871450,209.413333,19.548222,22.139952
503.947386,209.442075,19.697681,22.649721
503.114266,209.252781,19.800543,21.393658
502.402926,210.141590,19.901178,21.829838
501.809369,209.280947,20.426458,22.022682
502.008608,209.347736,19.349163,20.575336
501.576653,209.254120,19.408104,20.861217
500.598373,209.824284,20.050415,21.751293
500.418903,209.867290,19.840286,21.965788
499.221677,210.122267,20.320143,22.348541
497.968682,209.688289,21.165808,21.956717
497.617950,209.935377,20.329445,21.982956
497.590593,210.102018,20.444126,22.000832
497.145491,209.339654,21.263103,22.944017
497.913350,210.075577,20.183050,22.221485
497.449175,210.106655,20.248585,22.033840
497.375901,210.192506,19.657705,21.073862
497.724677,210.092957,19.909929,21.418140
497.050180,209.773751,19.916378,21.287722
497.575381,209.974379,18.941179,20.937126
497.406038,211.042521,19.439091,21.036308
497.216630,209.685910,19.804991,21.156527
497.633754,209.901629,19.155436,21.409445
497.477653,209.965199,19.950495,22.592157
497.733562,210.027367,19.453094,21.323788
497.753861,210.051318,19.882452,21.811750
498.002214,210.615695,19.237110,21.353292
497.218653,210.615221,19.576702,20.956047
497.750924,210.311113,19.254438,21.285088
498.098404,210.294437,19.189445,20.894932
498.287374,210.625160,18.798376,20.225582
497.463116,210.023655,19.227516,20.513775
497.827502,210.671102,19.120142,20.834963
497.867727,210.363136,19.647099,21.199604
498.084671,210.493767,19.365822,21.069134
498.153030,209.521597,19.465942,21.271622
497.407454,210.291226,19.936085,21.814562
497.594440,209.868127,20.051729,21.682360
497.690512,210.295747,20.172985,22.850679
497.209488,209.741425,20.385155,22.769726
497.954531,210.345345,20.405033,22.577539
498.465855,209.597580,19.598061,21.573956
498.405307,210.087224,19.480829,21.181795
498.302443,209.678245,19.630642,21.778929
497.673486,209.828673,20.153570,22.124121
498.008143,209.970691,19.382608,20.894117
498.656732,210.147330,18.851721,20.661467
498.000989,210.224020,19.078314,20.682030
497.937753,209.626709,19.033079,20.805424
498.083531,210.451941,19.699476,21.860472
497.352029,210.657851,19.929121,21.777990
497.593611,210.222594,19.457897,21.044264
498.234606,210.144188,19.342266,21.012737
498.402267,210.489189,18.978601,20.804585
498.153790,210.495060,18.672043,20.624516
496.861200,211.146670,20.228718,22.330427
497.638721,211.175756,19.725052,22.027023
497.767357,211.285164,19.552330,21.562504
497.681063,211.650729,19.831181,22.056448
498.091114,212.807211,19.643486,22.335175
498.816859,213.076882,19.798540,22.870874
499.046515,213.417589,19.916798,23.178879
500.052857,214.281629,19.757414,23.223917
501.572844,215.057464,19.264347,22.184156
502.189292,216.094655,20.574060,23.382540
504.703941,216.984225,19.511528,22.510824
507.139152,217.954093,18.674776,21.257849
508.548606,218.647171,19.739931,23.589916
509.834403,221.638776,20.239962,24.725252
512.068440,221.385657,19.285498,24.509108
514.601990,224.167187,20.447372,26.011120
516.895631,231.534891,18.672735,22.457275
520.335842,227.416674,18.421257,25.589546
523.443459,236.898024,15.049431,17.065628
526.849803,239.312998,14.830735,16.387703
531.480102,231.125363,15.627290,14.943335
534.976917,232.165902,16.367302,14.839918
540.315796,232.522327,17.146317,16.082367
541.287988,233.502954,20.768385,19.301632
547.613395,233.199999,21.501360,20.660801
552.997171,234.116652,20.873180,19.400896
557.089110,234.528260,22.524187,21.128340
567.445045,239.048046,19.725471,18.379456
570.254274,237.998319,23.045742,20.761145
579.574824,242.552082,20.199884,19.218498
586.859737,241.511429,20.204140,22.416740
593.458608,244.751801,19.180456,20.200407
598.928406,244.732197,20.497826,23.394119
605.436895,238.589505,23.360592,30.437750
612.332269,238.184085,28.026236,29.707071
621.876045,237.536071,27.802498,30.477388
633.086692,237.379250,23.322275,25.906799
640.040152,233.552887,28.518063,30.871925
631.994839,231.215393,41.093445,36.860420
655.977441,236.633321,23.565344,31.984663
662.246683,238.249476,24.109913,28.218340
669.484622,240.002135,25.392519,26.343592
677.863753,242.879067,24.315500,26.180593
682.303280,245.955296,25.193481,28.850189
689.591874,248.143375,23.682409,26.531998
695.106153,251.920608,23.863676,29.706553
700.482393,255.213916,22.892048,28.476198
686.799511,262.127930,37.932152,38.388466
700.734097,261.695082,30.165047,36.703884
707.027181,265.481586,28.310568,38.847992
715.428700,268.229561,25.862097,39.039818
720.904273,271.774729,25.046328,35.763004
723.866918,273.341656,27.308432,32.769836
732.481938,273.002934,25.873205,33.975403
742.572043,272.714006,23.172594,27.659657
749.869633,271.159262,22.929131,27.425274
757.524213,268.642509,23.729376,31.565430
767.530779,267.520942,21.441174,24.590929
774.001171,265.638844,22.728645,29.844236
784.054295,265.455087,19.955544,24.188864
791.581717,263.724486,20.411936,31.276468
800.315278,264.324757,18.862814,24.769348
806.212349,264.371129,20.401535,26.898252
814.066826,265.076567,19.111679,24.281788
820.409687,266.960803,20.490242,23.457819
827.490183,267.251032,19.169071,26.993572
832.223177,268.184866,23.183277,40.231510
838.618951,271.377221,23.692083,25.124846
847.063251,275.576203,20.131851,25.739088
848.665104,278.422085,23.762321,25.302071
854.106225,283.933131,19.336409,22.109629
853.327841,289.051497,19.613026,21.729496
857.976555,292.718668,19.598137,23.443493
864.377917,295.554889,19.316248,23.515253
870.681180,294.512236,19.322500,24.117664
877.799752,292.106782,19.960402,24.392126
881.465108,290.795672,20.002714,24.146997
884.990050,288.073739,19.800791,25.151060
890.181192,284.793398,19.772579,28.068203
897.331116,281.872779,19.573257,24.364901
902.390642,278.462973,19.955402,27.045704
906.575448,276.334298,20.061117,24.198622
911.600761,272.672529,19.828835,23.831181
915.975979,270.770337,19.860886,22.919226
920.242641,268.971702,19.005775,25.502520
922.790693,268.526659,21.648411,27.021053
924.432795,268.383033,21.841251,25.289408
926.046770,270.451896,20.739307,24.526094
924.903494,272.317729,19.331188,25.854357
921.972590,275.577725,22.280527,31.598059
919.668489,276.776821,27.979658,30.826881
923.134481,277.909199,26.195713,31.068275
921.883188,279.580978,26.331036,37.184769
917.044016,276.737989,39.148891,34.007175
868.479883,242.570803,41.880566,35.219868
793.097620,242.400543,40.070511,38.049889
754.122921,271.941660,56.069088,59.569309
729.860752,282.522137,52.249584,53.878052
690.930374,279.985676,40.894764,43.695312
689.169359,287.302258,32.803833,31.532057
646.529682,290.535140,29.699284,29.050043
626.779064,288.928158,36.690243,34.505478
593.852541,281.246145,39.923309,37.387157
610.973704,286.555048,27.239775,34.853336
607.966831,291.658293,32.840923,32.840740
605.267311,283.843500,42.078114,40.781712
625.130799,297.458197,31.230959,34.575665
628.588856,301.668528,32.394543,33.540882
633.376219,260.978159,44.833443,36.095829
616.955935,306.259758,33.999466,34.476082
606.555872,308.782996,27.680618,31.356699
596.236402,262.213469,26.934961,33.798130
547.333597,260.189341,76.480446,62.101070
520.032927,296.435307,71.993317,63.848427
515.479488,300.171917,57.172886,54.985466
488.722044,291.680431,72.667755,59.182304
521.043871,290.970745,51.247002,47.780418
534.213133,289.927628,34.721436,39.573853
570.672567,303.518272,31.563858,26.095123
543.799767,303.352380,24.309031,26.733885
513.830812,303.365407,20.768654,27.369131
488.563002,300.795225,32.985428,33.409061
456.445395,272.260000,35.384964,36.685909
453.694103,260.355738,30.478336,39.098972
456.435595,257.294510,44.195122,40.627098
463.597620,252.252422,38.370155,36.849472
472.688225,254.303476,40.488247,34.764133
475.558680,244.590178,27.372597,30.802227
481.104815,238.778630,25.441460,27.132826
490.741364,236.490385,26.607067,27.981228
504.260976,232.316051,26.665453,26.884348
521.596382,227.423715,24.667736,25.828444
530.802956,224.046228,26.266598,23.935543
539.365247,215.340407,25.342394,25.798075
549.824561,212.788002,22.797880,22.525223
555.634655,208.135501,23.942699,23.075098
561.245535,205.413006,22.890907,22.804756
564.062528,202.955499,23.758715,22.618422
565.423901,200.099018,24.157719,22.570442
565.432690,198.589026,24.896374,22.794085
565.830707,199.711193,26.200361,24.074417
566.824952,200.568334,26.884874,23.706381
567.252004,203.079105,28.033030,22.885124
570.936599,206.382558,25.025671,24.079016
574.261553,208.836742,25.968887,22.706772
575.733260,210.576395,26.779249,22.707340
577.386149,211.260182,27.281607,23.138945
580.422927,210.914989,27.411039,22.432558
583.953513,209.017737,25.017164,23.286310
586.873715,207.475477,23.300745,23.017879
588.880403,205.816157,22.989817,22.321138
592.060059,203.470321,22.437672,23.430498
593.133362,202.116602,22.045193,22.136311
594.298280,200.461236,21.581339,22.282560
595.761293,199.954645,21.887573,21.847279
596.307140,199.479364,21.592403,22.096996
598.231995,198.668539,20.975796,21.773083
598.993328,199.452453,21.749493,22.016756
599.673382,200.919094,22.471127,22.162521
600.006711,202.198157,22.247728,22.393267
600.393326,205.556979,24.353115,22.286341
599.574587,207.819214,25.087463,22.211693
598.116176,211.275528,25.202444,22.154190
596.496642,212.482918,27.064817,22.442131
594.739419,213.331771,24.878664,22.961588
592.463962,212.730125,26.638060,22.736359
590.708361,210.770982,26.139572,21.518301
589.142241,207.570461,25.617018,21.884247
588.506189,206.370473,27.403137,21.638006
587.466269,204.955105,26.455626,23.224426
586.398476,203.899988,26.204762,23.259617
585.418769,202.914011,25.432570,22.892696
584.988723,202.489534,26.673056,24.005512
584.138972,202.501897,27.426069,23.908979
583.113871,203.143929,29.018845,24.471977
582.201283,205.283964,28.395138,24.906185
581.369361,207.731244,27.168753,23.869108
579.973235,211.217985,28.398252,23.923992
577.421633,214.689668,29.277420,24.847082
575.210007,216.498640,29.404087,24.858105
574.371314,217.757517,28.920340,24.780384
572.842993,217.466701,26.001854,24.465670
570.557076,215.663498,28.241549,24.335320
567.349284,213.481523,27.980299,23.366468
563.830306,211.899686,25.681707,21.918104
558.917449,211.140437,26.133589,21.551157
554.000083,209.265772,27.965590,23.018833
549.245255,208.198235,26.288868,23.402939
543.661218,207.070091,26.937006,22.803192
539.182734,206.669818,28.513762,23.420984
534.048767,206.481462,27.061115,22.339397
527.951197,206.692071,26.861519,24.889692
522.859406,208.557564,26.622379,21.931366
516.485691,210.235541,27.603939,21.624460
510.592731,212.289286,25.445904,21.761265
504.879521,215.620821,25.310183,23.107311
498.894670,218.583949,27.112368,22.598597
492.725646,221.485226,26.891058,20.490181
486.538963,222.466962,25.240467,21.534590
480.541349,221.981881,24.629997,21.984289
475.598978,220.529882,24.140236,22.508472
469.752686,219.059392,24.309597,22.640867
463.978394,217.164042,25.104168,24.383625
458.887617,216.257305,25.463730,24.796837
455.419120,215.213552,25.072706,21.757587
452.765587,213.846694,25.962986,23.416086
449.373273,213.023875,25.715784,24.013712
446.155314,212.567973,26.884054,23.831835
443.539545,212.658550,23.669693,24.280968
440.867915,213.312352,20.319624,24.057882
437.430936,215.773943,19.895716,23.082317
434.870440,220.525169,18.448774,21.384224
431.353420,223.038589,18.439678,21.378801
426.775383,226.145958,18.620174,21.594933
421.525935,230.215547,23.112776,22.635206
416.842758,231.261410,24.129940,22.766289
410.344831,231.185586,26.485094,24.403387
403.921802,231.478898,28.703100,24.402914
395.927166,229.500874,25.817471,22.393005
386.903835,226.939154,25.997318,20.159145
375.673108,225.013747,23.607370,20.215448
360.142529,224.333573,24.790598,20.393446
344.840345,224.228592,24.412361,19.224533
330.568272,224.383690,21.696270,16.838341
316.590184,223.704054,22.268450,15.025738
302.921601,224.149174,21.002253,17.211128
290.023768,225.688430,21.551077,18.630358
272.156376,225.772668,26.410061,20.994650
262.803384,227.532822,23.397203,22.929100
249.584081,230.067698,24.056154,24.483234
237.858921,232.591769,24.796902,25.428316
225.424260,234.543545,26.695002,25.404526
210.084937,237.286645,29.221678,26.190344
198.615267,238.532917,26.568993,26.614029
186.014729,238.800024,25.497219,27.993938
172.276595,238.860027,25.132841,27.227020
157.811728,237.873541,27.216154,27.454021
144.009856,236.311007,27.621756,28.610310
131.523320,236.407108,28.365282,28.090607
121.537940,236.986273,28.329222,28.318356
118.144850,237.057921,30.507080,30.270990
125.443609,239.794127,28.879776,29.528255
137.523356,246.064899,25.696081,26.343033
151.690751,252.715090,27.305918,25.807621
168.775300,260.545431,28.571726,25.457455
187.929373,267.301683,22.492401,22.146244
205.567481,274.219808,21.727858,21.448690
220.506916,278.823636,21.298206,20.947866
235.054289,284.396211,20.319275,19.246542
242.090650,286.391765,20.689829,19.449984
236.428744,285.891769,19.877424,19.427933
227.224499,285.468647,20.996159,20.487427
219.301281,284.837854,20.507153,19.672520
210.420423,284.750107,21.693834,20.137177
203.263468,284.531446,21.220879,20.318974
195.221887,284.239528,21.506784,20.336016
188.998260,284.515441,21.554913,20.277559
181.651352,285.078600,21.795994,20.422367
173.913804,285.381900,21.631960,20.440241
167.895270,285.479922,21.318640,20.104654
160.510417,286.634143,22.091337,20.119722
153.302219,288.062961,22.859715,20.365305
147.265666,289.838801,21.854223,20.064600
140.541299,291.359919,21.579294,20.138065
134.076719,292.705564,21.605888,20.145216
126.214593,294.629029,22.189470,20.696081
119.191515,295.895666,21.558830,20.383343
111.774479,296.594420,21.088512,20.382326
103.999808,297.694795,20.223204,19.975813
95.717191,297.628234,19.513758,20.203554
87.498680,296.638900,20.213009,19.793535
79.181262,294.679405,19.879408,21.261635
70.756839,292.985534,22.653875,21.813265
61.255092,294.421977,28.219328,21.819315
53.426864,294.630587,23.418303,20.151134
47.241009,293.988360,22.704327,20.641420
39.073027,292.608444,23.363060,20.137947
30.418066,273.132271,32.885765,35.970520
27.980943,276.589655,27.893190,35.705334
25.853622,274.414102,23.762257,28.244047
7.243200,290.774199,39.938492,28.903139
0.000000,292.817884,33.233744,27.297001
14.084416,268.492032,22.139893,20.862745
12.603314,270.036277,18.657303,19.005716
0.000000,286.765524,19.568441,32.255337
0.000000,265.615232,35.601502,53.597858
37.498154,244.700680,44.425537,34.570213
36.883969,245.567859,44.136818,31.371561
34.368586,241.659248,55.689785,42.357254
42.545582,278.089087,51.437584,40.396595
67.292838,241.393927,50.445118,44.758839
127.761778,237.680668,49.525120,46.145012
112.521203,224.148529,145.077347,98.791138
245.514920,220.115955,99.987068,74.020103
285.154118,231.463402,80.536674,84.524002
314.986226,230.798447,87.121788,79.757507
357.359086,223.851788,87.727112,83.391090
393.983304,233.244537,81.975136,79.137787
456.038853,235.883152,77.281517,77.211998
457.481465,303.573338,106.946098,77.302574
518.842253,263.720284,57.414341,54.760635
534.204764,267.418320,36.181599,37.299469
540.742779,265.822401,33.443962,37.945438
535.935278,263.615572,38.722202,41.861446
481.662463,246.547558,48.777988,37.153709
485.228652,246.487875,49.475201,40.350834
497.922469,247.716057,37.471310,33.214569
506.212094,248.837321,39.369080,30.896570
532.917902,285.715552,28.694401,25.069078
527.828219,286.217691,22.574543,22.002453
520.628424,286.566180,21.484341,20.793650
514.114741,285.081552,22.039486,20.212004
507.162836,282.456519,24.896925,23.262346
504.580474,279.653021,26.704058,24.423038
519.397382,243.184848,20.588705,18.121649
501.509467,275.246521,24.764050,23.032772
511.106419,276.221817,22.523682,20.963779
512.308473,274.970969,23.420225,21.201574
511.042173,270.836925,22.730108,23.706114
509.469153,272.372295,22.043880,20.673923
511.365304,266.379033,29.628250,23.953402
509.102289,265.570132,25.676962,24.901846
505.283906,264.568181,23.710403,22.112131
505.296583,263.097672,24.687696,21.696505
516.920846,257.646588,26.033806,23.790262
526.658192,255.569214,29.273819,24.716801
528.393260,253.271229,27.606937,25.982143
530.879282,253.661777,22.035513,20.760542
519.237465,248.874519,42.413589,36.588108
516.311863,203.151695,78.099785,56.839695
594.367444,174.722710,45.573189,36.795200
623.006536,175.745289,27.364340,23.669903
644.282313,172.369387,27.623623,23.697617
650.637723,173.663633,25.934011,22.200859
655.559416,169.071968,22.169712,24.329678
638.898514,139.822306,59.427383,51.429878
670.228863,170.829020,62.424583,51.284431
662.778126,151.580839,76.012703,80.995056
645.569546,135.030701,94.066368,62.404507
670.362139,130.611362,48.051739,39.350025
591.275600,127.735828,27.073313,32.054020
589.984164,119.092262,25.856960,30.130337
590.153065,106.484106,22.519402,29.304947
587.000567,97.093654,24.903828,26.810759
584.485622,85.019435,24.677454,29.798872
559.321887,112.453455,35.733723,35.698425
555.795092,109.802328,36.855534,37.966408
554.404137,110.148973,32.544579,34.922562
557.703806,111.987951,26.695545,36.048271
517.222599,156.152519,30.600061,28.183002
491.279116,170.049253,43.830257,45.752388
482.063843,118.440676,131.862854,99.127625
575.066590,226.907898,75.871277,54.633488
599.311339,234.861353,57.208805,42.012039
606.700741,228.147308,50.339546,50.115650
613.417002,236.332129,46.551617,40.666389
623.973864,246.891783,35.763073,33.024986
630.831780,232.894005,50.817169,48.319111
654.598614,239.751793,55.948235,52.725941
626.010712,246.711996,64.807999,43.650902
620.351235,250.153908,33.245895,32.620258
618.487488,250.867382,34.554230,34.575130
619.167955,252.353225,28.341719,28.858587
618.133999,252.901669,27.243217,29.147381
617.109166,245.737095,35.836769,34.968288
618.267105,251.895812,29.207354,30.841467
618.668370,251.951883,29.487999,29.380524
612.267701,249.952896,33.522583,33.738041
609.585631,253.844463,37.141270,37.589809
619.289011,214.320255,34.670345,34.439495
637.003416,175.234556,25.245749,29.352036
636.073308,177.780338,18.502859,25.442280
605.562090,143.968527,32.232243,35.820011
602.436927,134.940016,31.995447,29.037098
604.922484,139.381800,27.670681,32.278637
604.888662,134.908274,28.551283,24.340893
606.176405,136.605374,23.273693,23.650976
604.157534,136.883344,23.095020,27.169096
552.680280,135.480741,23.438137,18.952559
544.447286,162.411188,21.684902,19.003361
542.758333,162.702016,25.937550,25.535414
568.854033,177.630824,19.369211,23.739687
541.304089,162.707859,24.218130,20.596313
539.966277,163.409836,31.150721,39.217110
538.956161,162.547409,28.042427,43.351280
526.556648,159.844931,34.878044,33.916927
523.806029,162.656000,28.379816,35.751957
529.576741,179.486200,17.736799,29.384739
526.316522,179.335116,15.769291,21.349504
518.397686,174.966949,25.204338,29.257278
500.280385,181.226645,38.719143,33.762226
505.902394,183.456598,19.621397,29.710369
500.719089,184.598911,18.298592,23.928215
486.342679,182.521498,29.869528,32.580219
449.970919,170.256355,29.360338,34.507126
444.781738,166.957914,39.359917,37.532551
445.410568,171.616024,73.099388,65.587990
503.394851,130.573532,59.621574,47.793625
468.352708,188.832163,23.782551,25.075222
462.450152,190.244022,22.670588,21.456703
456.713374,190.939007,24.161028,23.660217
452.697344,189.968362,23.100489,23.213980
449.486330,190.474408,22.265591,24.255072
444.222490,191.743040,22.863178,21.486706
439.164566,190.976397,22.599785,20.998074
435.625770,190.781846,20.689865,19.473120
429.514814,190.758298,21.500202,20.619215
424.296831,188.393154,20.119511,20.030273
417.699608,186.203780,21.437773,23.211290
412.413739,184.853443,21.513823,21.589066
406.105317,183.494522,23.184866,23.437279
400.343321,184.089532,25.060099,25.376478
394.445818,184.423495,25.900194,23.221979
364.968433,180.433287,24.355564,22.015888
365.892293,180.722349,26.231430,20.379192
377.379361,182.873378,28.848528,27.026041
368.038293,183.067016,31.810562,28.779329
369.994483,181.958750,25.313253,28.134258
365.164222,185.439467,25.663891,24.832827
363.445209,186.145388,24.586040,23.976063
355.907832,188.547841,24.596128,21.781073
355.813143,187.663103,20.287802,21.244778
344.397520,185.768495,28.296753,27.142485
336.466419,181.560556,34.315876,35.434582
299.099735,179.606665,47.466145,36.893101
294.718379,179.549599,55.392811,43.357117
300.125776,179.439730,45.132568,39.661831
304.731906,180.501425,38.787449,42.427067
304.112062,180.344379,39.637291,44.115807
305.624355,182.190462,33.609226,42.062008
305.169179,178.977914,33.881180,30.336363
316.190937,190.587054,32.159016,25.889414
346.772068,189.263816,26.835926,23.898043
358.966505,183.754770,31.610565,26.628712
370.222343,182.593450,30.288097,26.127943
388.791297,181.790179,24.486629,21.955309
392.821883,180.491076,24.565657,21.768076
397.390785,181.966261,23.731434,22.489201
407.045660,182.802484,22.918434,22.616552
419.924728,183.981759,22.868305,23.810637
424.794873,184.389198,24.522516,22.671280
429.118006,184.116540,21.385420,21.605986
427.793372,183.595758,24.204824,23.363842
408.693893,181.690290,52.525349,46.009434
389.803953,144.851398,109.769310,93.377724
517.204778,124.973028,56.150826,46.222904
543.113340,126.839706,39.192436,37.891983
532.901803,119.414913,63.214432,51.117699
545.344657,127.727673,40.565998,40.073143
536.206638,114.064705,50.431515,50.644989
516.321222,108.158157,81.017242,71.271255
546.526002,119.788242,56.065872,45.154579
532.962001,123.725460,37.220440,40.555229
475.106470,191.068283,32.584518,33.005295
507.791269,196.398890,24.093597,23.862207
508.609568,198.084543,21.342535,20.943920
507.520547,196.412440,19.631271,20.038691
506.538896,195.763874,20.559990,21.483124
510.362171,194.839830,20.458988,21.393749
520.254212,195.006838,22.465227,20.697407
525.898624,193.847741,20.123821,22.626944
528.061252,193.661211,19.067699,21.561840
527.430444,194.707105,18.216049,19.940641
522.311632,194.154470,22.500488,21.919598
517.374854,196.263080,27.380194,21.114229
523.985189,197.245407,27.496162,21.617142
535.963621,196.387417,24.339104,22.597580
548.901282,197.867992,22.370840,21.359604
557.031474,197.935325,20.808561,21.450312
560.680972,198.224452,19.804350,19.328562
561.214774,199.011783,19.643019,18.553194
564.447946,199.782516,18.632576,17.879740
567.439367,199.982182,19.007362,19.164513
572.041138,200.865225,17.888865,18.446705
575.304930,200.900849,17.119535,18.414785
575.685213,200.105021,17.843773,18.486454
575.975467,199.844610,18.294147,18.931973
575.157394,200.531013,19.102901,19.457024
574.283170,199.353034,19.473450,19.968035
572.904752,199.620218,20.114143,19.496197
571.761859,200.382020,20.082920,19.083647
571.435835,199.675436,19.802610,18.957790
570.794471,199.577080,20.103024,19.518356
570.637439,200.228892,20.210323,19.919077
570.283599,199.705531,20.852764,20.858973
572.237798,200.037512,19.429985,18.954906
571.603952,200.054750,19.657700,19.112324
573.144531,200.018338,18.851849,18.442450
573.855895,200.260334,19.187864,18.463654
575.295745,200.375113,19.742474,17.196733
576.681152,199.963786,19.415874,18.185297
578.618728,199.879281,19.145947,17.466833
579.868745,200.093895,18.968117,16.333023
581.504454,198.953533,18.867903,16.622643
583.321387,198.820533,19.511015,17.309191
585.194301,198.541323,18.962994,17.385639
587.852425,198.316389,18.047029,15.952801
589.139856,197.904023,18.961990,16.870184
589.728887,198.048431,19.619560,17.607224
593.394553,198.128963,19.131491,16.359344
596.780452,197.970409,18.443211,14.934509
598.269997,197.522749,18.090822,15.795199
601.916359,197.263701,17.704462,14.837588
602.896694,196.414702,18.226009,15.926157
605.238439,197.333165,19.255547,16.509520
609.167078,196.644489,16.957243,14.750466
610.685875,196.993891,18.675318,16.879475
612.722136,196.399323,18.129538,15.880080
616.006558,195.864907,18.620569,16.877691
617.748829,195.847803,18.467440,18.139523
620.505646,196.314674,18.853899,18.527451
622.097303,194.227385,18.368446,17.700825
624.224741,195.345175,17.619789,17.216595
626.257419,195.803387,17.793713,16.874115
627.462549,194.835885,18.143593,18.348951
628.704815,195.232311,18.655222,19.065575
629.995534,195.786716,19.083138,19.389620
633.015172,195.591333,17.211685,19.068943
633.406485,195.784113,17.644529,19.721317
633.965562,196.379104,18.385178,19.248201
633.261446,195.968688,18.165909,19.086954
634.411967,196.442251,18.624632,20.194065
634.955981,196.950261,18.854834,20.547209
634.945104,196.736149,18.680946,19.838875
634.426198,197.865870,19.599174,19.778093
633.580752,198.450859,19.389555,20.426689
633.150185,197.808313,19.827532,20.899708
630.970241,199.210405,21.038807,20.818394
631.094360,198.782376,19.514820,21.439054
629.224605,199.082182,20.967777,20.935101
627.090909,199.895102,21.818520,21.072025
625.219141,199.793502,23.878149,22.352007
623.620157,198.754025,24.088005,24.369980
621.005831,200.969282,23.036711,22.899143
614.028443,202.159887,25.010767,22.401745
615.888784,204.750255,23.051468,21.191195
612.466802,206.328307,20.825340,20.850931
609.928187,207.420196,23.887930,22.241083
602.753530,204.164153,26.112297,25.615892
597.546625,207.444308,26.743149,25.280558
595.596535,208.181008,24.188730,23.827528
592.369442,209.683689,21.510042,23.590332
588.256430,211.727798,21.299101,23.000122
583.316204,211.369787,24.005718,25.226521
580.774535,213.643281,24.536757,24.926664
577.056693,211.602723,22.793722,25.584875
573.215256,213.441584,22.360918,23.041309
570.458942,214.772969,22.057407,23.296583
565.509758,211.458287,24.280901,28.453802
561.353167,213.145325,27.249098,25.409225
557.307724,214.315317,24.629795,25.063168
552.662892,219.286447,21.138018,23.523375
548.015295,220.727410,20.979553,22.675535
541.647228,223.238231,24.056301,21.452555
537.307394,224.070797,21.502319,22.394722
533.334706,227.313710,20.900446,23.962339
526.639642,229.034548,20.698875,22.191593
522.256634,231.983219,19.445993,19.130165
516.649692,231.908957,19.645451,21.293550
509.709391,232.403102,18.264654,20.294863
498.747276,228.237325,17.481373,18.791212
486.571920,224.734848,21.185905,22.122917
476.241523,222.843375,19.083714,20.166117
465.542803,219.906928,21.650984,21.811792
454.310494,217.317876,19.648043,21.187757
444.603491,215.387819,19.858892,20.533550
434.888084,212.784363,21.255093,20.001640
426.102432,213.146191,18.116146,17.061157
417.201389,210.447275,19.423588,17.085133
408.534847,208.510143,19.397915,16.728821
401.068556,209.513088,19.233183,16.606216
392.557103,209.234167,19.023912,15.536076
384.842743,208.869172,20.415445,17.187208
377.767056,211.155037,19.883463,16.165947
368.480314,211.865386,21.248802,17.900553
362.128660,212.834653,20.067528,17.818823
354.175155,215.047702,20.411037,17.282938
348.482039,216.624314,19.581083,17.100790
339.088941,219.110373,21.631905,18.664333
327.554220,221.408051,20.613754,17.224411
313.585010,223.597451,18.655079,16.889074
303.915554,250.152542,26.440357,20.951195
302.041265,255.124650,21.467499,18.175566
301.325149,270.044815,20.211361,16.829971
297.347277,276.612198,19.945395,16.609665
292.773433,279.814870,19.043606,15.720060
294.446441,281.555083,18.649899,15.101572
287.115587,278.746054,31.291962,29.139202
321.380874,279.872602,39.181187,33.109509
303.340791,235.179325,80.837509,83.886154
381.820936,198.096149,74.865074,87.118454
399.778955,198.226662,78.595642,83.563393
419.342809,194.331139,78.929634,90.441963
444.990091,194.999119,73.629730,61.714157
462.495023,191.248096,78.560997,73.695572
485.421865,191.503609,79.120064,79.053932
503.796960,192.636555,75.565674,77.568405
529.974811,191.629477,58.393627,53.280651
525.749685,190.451899,71.199867,60.429691
528.625047,185.468357,77.740433,68.216141
540.777170,184.053040,77.452332,75.954094
556.023283,185.402863,72.664146,71.483208
565.610078,184.152031,73.859055,81.241188
563.315286,193.475521,77.456726,66.152924
568.796690,191.940067,76.472679,75.366776
583.755010,186.085239,70.891212,67.388992
591.999992,263.038387,35.139683,35.487732
611.189756,264.545401,27.637825,33.795071
618.805310,264.291326,22.761255,19.772001
622.004138,264.764440,20.401556,20.031187
629.749660,265.197609,22.328190,18.432457
644.090254,264.069456,24.253889,19.166721
664.017637,261.601374,24.924759,20.471752
676.394404,260.320940,22.198278,21.028767
678.390536,259.994132,21.657064,20.273157
678.963274,258.915079,22.443007,21.607746
687.800006,258.462095,22.730755,19.503361
709.527762,255.315501,22.362127,22.287897
722.223558,256.618165,24.043167,22.764395
732.347728,256.921213,23.138973,22.401012
736.821298,257.952536,22.702888,23.069134
738.491922,259.030408,22.929123,22.314070
737.844169,260.237415,23.474499,23.317520
731.800333,261.478911,22.123528,21.504984
719.502621,262.356768,24.214891,22.378246
712.355725,263.053836,24.545656,22.591082
703.276310,264.289588,24.244280,22.926264
696.797945,265.032421,24.662832,23.420776
690.106071,266.769318,24.134983,23.008080
684.182086,269.120311,23.382053,21.882624
678.357142,269.802115,22.956305,22.465822
672.044624,271.550169,23.161015,21.994167
665.882599,272.901546,23.283823,21.694071
658.715705,275.147866,23.114567,20.976202
651.504546,275.709032,23.003729,21.745182
645.412315,275.937401,23.088276,21.843361
639.076440,277.122957,23.079247,21.624882
632.428556,277.317892,22.232033,20.829411
625.834244,277.166787,22.866137,20.294767
620.152170,277.401166,22.395935,19.474157
612.430343,274.801343,23.362049,20.495970
607.583069,272.924965,22.540758,19.216286
602.316804,270.864851,22.336174,18.530109
596.470425,269.719271,23.144838,18.614513
592.642386,269.178210,21.729353,17.116098
588.893115,269.002460,20.774504,16.515825
583.573213,268.113154,22.781250,18.295542
581.678168,268.058631,22.328535,18.044222
579.916738,267.375253,21.871063,18.969351
578.167993,269.022398,22.179901,19.482464
578.987463,270.420664,21.455061,18.817959
578.660170,273.016831,21.676291,19.131460
579.144902,273.000772,20.762812,19.878063
575.475263,274.730471,22.901161,21.840343
575.593867,277.092784,23.455885,23.144075
574.848821,277.847198,23.521828,21.948677
575.364608,278.531625,22.679119,21.253462
575.525458,279.821993,22.515120,23.010754
574.103877,279.633476,23.685316,20.535507
575.135918,281.099849,23.921419,21.799494
574.263752,281.711137,23.959452,24.571539
576.325174,282.760214,22.318367,22.114063
578.698134,284.594931,23.539129,23.414135
580.415022,285.247828,21.709898,22.849466
580.871428,285.357387,22.287260,23.560862
578.281028,286.136118,24.629253,22.923000
580.920599,286.905824,24.009476,23.750746
583.619403,285.779919,22.398174,23.327576
587.185096,285.275455,22.950253,22.882370
586.960583,283.234362,23.759439,23.891987
586.037269,282.420567,23.605328,22.296829
585.295451,281.048660,25.714224,22.705299
586.887606,280.184551,23.478827,22.974770
590.635562,282.287777,23.554356,20.291443
594.215595,283.067735,23.606899,22.010939
598.106889,285.593511,22.900040,20.117437
597.428247,287.543541,23.504288,23.393867
595.498938,290.674645,24.216627,23.696409
592.254940,292.186228,23.968395,21.139103
590.008686,294.668588,23.239162,21.049147
587.784828,295.361593,23.900341,23.499760
588.284344,297.707738,23.460947,21.958014
588.737791,297.666383,23.372108,22.628973
589.609162,299.225327,23.302225,22.936180
590.105531,300.777213,21.817513,20.660913
586.176122,302.863966,22.736023,19.322147
584.390115,304.080060,22.155602,20.602430
579.920066,304.462985,23.264141,22.833849
575.128544,304.267821,24.402353,24.562273
572.134181,305.012932,22.646002,22.797997
568.659554,307.133840,22.521479,20.150579
562.939979,306.907510,22.900608,22.277670
557.721165,307.458614,22.445711,18.572792
553.738119,308.978930,23.525764,21.568933
550.471800,307.912077,22.419340,21.272793
546.716547,306.256606,22.559538,21.586168
549.576423,305.732439,23.350239,22.830181
503.095451,271.969412,28.819134,35.029865
451.176322,216.305691,59.251209,45.581997
498.009357,151.068649,62.573299,49.555119
545.218122,151.545254,53.025093,47.729748
555.139192,152.985641,52.985382,49.692966
558.570093,136.313860,88.633896,74.601334
559.050699,115.981264,136.831802,144.374161
603.213769,159.287386,233.663681,231.549698
575.439226,207.809092,257.175171,226.368225
626.944269,222.100550,212.304367,187.665314
696.515909,218.020555,86.537064,95.150986
752.467550,248.597261,59.550407,72.845627
768.716758,298.001445,28.533588,27.198423
766.277503,298.269437,26.527472,25.970255
762.588279,297.127859,25.272831,27.545998
760.907875,296.751486,26.221333,26.388527
759.219287,296.543126,26.379162,26.461954
757.811947,296.154130,27.062586,27.010485
757.352407,295.720332,27.576942,27.175352
754.749706,294.725703,25.452206,27.486494
753.926740,294.179600,24.426521,25.806652
751.718268,295.508307,26.420286,26.049093
750.841143,294.685148,26.916311,26.251839
748.697955,292.771808,26.305044,27.425215
748.723993,291.980239,26.155342,26.675253
748.933445,291.635962,23.419039,23.950232
746.268493,289.277438,25.248737,26.401419
746.322484,289.526180,25.305916,23.187702
746.718870,289.019617,24.619789,23.140106
747.037508,286.462597,23.348654,21.799908
745.415319,286.255959,25.528481,23.320126
745.467741,285.710314,25.361816,22.051170
744.609450,283.889346,25.987295,24.027929
746.418114,284.798079,24.535563,20.486105
747.458519,284.347161,24.462709,22.219530
747.472164,283.675051,25.331387,22.977448
747.792161,283.803397,24.715334,22.891706
748.255302,283.904432,24.733379,22.949272
747.724023,283.045658,25.528137,23.961170
749.467421,283.592853,25.208593,23.563551
749.728945,284.262318,25.273588,23.769154
749.218627,283.652992,25.894779,23.068302
749.452430,283.991956,25.079273,22.307695
750.004725,284.269025,25.329954,21.435358
749.020961,284.737902,25.035847,20.967415
747.681372,283.542714,25.158583,20.446398
747.470623,282.274755,24.706179,22.616884
745.811483,280.942908,25.006828,22.547201
743.819323,282.993874,25.561834,22.498501
742.511816,284.084908,25.360016,20.484600
740.898953,286.431120,24.657801,21.313896
738.112398,285.973856,24.908188,22.588676
735.271415,288.908884,23.951038,20.133095
733.604805,287.643643,22.761194,21.253656
727.596139,287.624421,24.923454,23.874582
723.017361,286.856267,26.665331,24.477030
720.437023,286.102110,26.342838,25.725540
717.008229,287.292587,26.609293,25.722393
713.536095,285.839620,27.128359,25.531336
711.735754,285.425804,26.810110,28.516666
709.115670,287.096429,25.279787,28.371019
705.307094,287.337500,26.011898,27.800850
703.305792,286.839677,25.099508,27.858873
699.605103,288.649795,25.326204,27.786261
696.270442,287.486485,25.006140,29.538416
676.531732,274.430159,41.660263,44.858971
678.766967,275.858755,38.642673,46.869255
679.474422,278.270746,36.715343,44.355148
680.621809,294.887678,31.594902,30.451164
680.690109,298.038368,25.561771,28.241474
675.627543,299.345381,26.307989,28.972038
670.919911,301.375696,28.119616,29.179886
665.332862,302.692280,28.398998,27.604031
659.686222,301.063775,30.606617,30.344896
659.323666,299.859568,28.409822,25.352234
659.615289,296.208882,28.622902,25.132326
647.704160,298.479674,21.944099,20.411482
645.423339,295.335990,27.812267,28.774191
640.703913,294.372245,30.706015,29.489950
636.560428,293.088666,30.690617,31.057596
637.186595,292.662157,27.747883,31.052063
634.359206,292.104654,29.244017,30.106094
635.040295,292.372913,28.869722,29.667736
636.111095,292.373019,27.772160,29.301039
637.455292,292.708772,27.278147,28.325014
636.921061,294.086338,28.172888,28.494274
638.739334,295.012509,27.068020,27.632746
639.669827,296.416727,26.587603,28.722946
640.909193,296.363078,26.679291,29.061857
642.513553,296.248102,24.950809,28.859421
644.405183,297.082602,20.199409,29.011314
642.603680,297.587858,17.199373,30.959908
636.612679,300.861992,22.053133,41.241108
629.841251,272.438156,26.447140,34.286594
584.911808,236.379598,18.093430,20.923922
584.224036,236.845928,18.103014,20.599712
584.334466,236.883757,17.679594,20.335632
583.773057,237.164093,18.011189,19.923702
585.306440,237.317474,17.341404,19.928394
584.418774,237.142738,18.262518,20.448978
584.310834,237.085304,18.000294,20.397999
584.563405,237.918924,18.177450,20.249275
584.672560,236.944536,17.158998,20.674858
584.081105,236.379645,17.824713,20.968023
585.032047,237.696757,17.588821,19.916471
583.982414,236.661244,18.046349,20.250055
584.196454,236.323931,18.154264,20.923157
584.090069,236.800152,18.494795,20.487202
584.073617,237.757668,18.869658,20.366047
584.197827,236.377787,18.306456,21.719627
585.980992,237.375344,16.960623,20.977938
585.240894,237.219118,16.701805,21.078812
584.850393,236.784446,16.257954,19.592253
578.827441,240.299174,17.792185,19.643843
581.485693,235.268096,20.060970,24.169928
581.792387,204.655626,43.617580,43.155960
598.350461,198.063280,45.152538,47.986969
596.164045,202.192707,63.793697,57.784679
589.738182,201.464670,58.687721,61.745361
531.698093,286.191441,40.470795,39.042522
538.205163,288.826450,32.424320,37.511745
532.154567,289.160244,39.718384,35.791348
533.923858,287.954622,36.121361,38.710999
533.043537,288.271254,38.996704,38.841621
533.639448,288.498247,38.493862,40.476974
532.860227,288.073263,40.047054,41.174110
534.354080,288.400146,38.869102,39.961048
533.142395,288.866840,39.179115,41.213879
533.359510,288.613373,39.496639,37.802967
532.105453,288.348803,41.048485,42.301544
530.742530,288.563570,43.061012,37.434357
531.281288,288.504747,41.613640,40.048676
533.294668,288.654558,39.163586,38.258224
530.086561,288.687504,44.418530,40.311825
531.231113,287.778385,43.005432,38.386547
530.344608,288.853922,43.698502,38.885086
528.518283,288.116619,44.731049,40.679058
531.749540,288.932039,41.359051,40.321014
535.530130,288.212511,37.781284,38.979584
535.015693,288.337713,39.348534,38.922447
533.109680,288.457882,40.187263,40.133465
531.828224,289.184984,41.231041,39.298126
533.129123,288.736639,41.342133,39.424309
533.420175,289.414560,39.751926,38.513931
530.888813,288.566202,44.092911,40.257294
531.280502,288.809862,42.468117,39.399811
532.556743,288.567303,41.211395,39.189953
533.604164,288.631266,39.955482,37.240875
536.802429,288.281986,36.553078,36.515820
527.437374,288.990602,46.183899,37.830566
538.138895,288.777802,35.818684,40.290440
534.137592,288.811352,40.230850,38.448910
531.908622,288.504299,42.291054,38.344265
532.207258,288.604538,41.509518,39.942204
528.530803,288.447407,46.964233,39.563030
536.678815,288.919701,37.248470,37.680897
535.670110,289.085171,38.340511,37.996746
534.340456,288.511763,39.454517,38.979317
531.742273,288.676636,41.206181,39.209232
531.862705,288.888639,40.061920,39.678749
530.471481,288.808369,42.674339,39.077374
536.069957,288.376432,36.737854,39.495949
532.036239,289.256565,41.722008,40.643063
533.374141,288.664351,40.363098,40.907249
533.534082,289.518005,38.666645,40.473698
530.941646,289.010592,42.438339,40.203629
531.107339,288.793409,42.184727,39.149620
533.802047,289.049692,39.289299,38.222992
533.966491,289.058805,39.774239,40.317055
533.111248,288.818436,41.143555,41.374775
532.868898,289.194654,40.064610,42.887276
531.466506,288.471359,42.274773,42.383732
530.014791,288.737837,43.110180,43.278389
532.475132,289.165186,40.232498,39.723801
532.450763,289.099798,40.536514,38.789192
534.662286,288.895655,38.301212,40.235229
532.899711,288.803457,40.488289,42.276817
532.665399,289.387533,40.053532,46.536476
533.089572,287.951044,39.877090,35.977325
532.211700,288.452103,41.718452,36.379688
530.887392,288.487263,39.295444,38.447918
530.609054,288.713840,39.300209,36.119900
529.286844,288.862211,40.691975,35.860222
532.439546,288.341536,38.997517,37.123253
530.866140,288.718616,41.683880,37.038265
529.365402,288.215464,42.772102,36.503311
530.529560,288.991999,40.667587,34.828415
529.698171,288.646538,43.680157,35.708378
526.379322,287.973234,45.961075,35.250069
533.201992,288.179174,39.254456,37.414467
530.235271,288.068974,41.255798,40.337505
530.599800,289.067770,41.852837,35.201271
527.764320,288.350565,44.374199,35.078979
530.791885,288.856276,41.205238,38.522026
530.121389,289.118032,42.839642,34.497841
530.252609,288.577623,41.640053,36.182968
527.298809,289.249613,44.264999,34.626556
530.958139,288.092382,41.224522,37.192009
525.334524,288.198769,46.373028,41.081089
530.800493,289.567923,39.625126,36.727348
528.637632,289.727785,43.621181,35.859131
527.713531,289.243526,44.834785,36.783825
528.377313,288.842455,42.956333,35.623718
526.370960,288.651577,45.542999,38.052700
529.086143,289.697010,41.008904,34.579342
527.278230,289.562593,44.241566,38.301910
528.862178,289.626141,42.616730,34.772594
524.333131,288.879389,46.741673,38.257172
530.587572,289.787817,39.220036,35.225899
526.089990,289.712540,45.489231,39.842762
528.125366,290.144535,42.539207,36.738384
526.354328,289.709766,45.450272,36.022091
527.464242,289.377121,42.736439,43.032139
528.274930,290.722208,42.775234,51.721878
529.303243,289.472479,40.636684,41.185310
524.248632,290.749857,48.236889,48.525955
531.159545,289.377001,39.623451,36.811905
526.044431,289.497345,46.303326,41.439732
525.598039,290.507929,46.208271,54.335281
529.417482,289.028685,41.175007,42.620995
524.903736,291.318312,46.751724,49.666862
530.592851,289.099295,39.214115,35.828926
526.282979,289.595089,45.050488,42.436810
522.698423,290.775082,49.170925,55.453503
529.747701,289.110371,41.508617,37.340023
524.994945,289.736893,46.695053,38.193378
527.948179,290.143681,43.964504,37.350262
528.254138,290.642212,43.834686,35.021214
530.225133,290.235271,41.116436,34.177624
529.360748,290.084404,42.315498,36.680515
530.081867,289.656702,41.511627,36.623596
527.795913,290.228163,43.760338,34.995934
527.118276,289.637829,42.999722,35.988476
527.256828,289.935072,42.458260,38.456261
526.699193,290.149057,40.654934,34.891281
522.289569,290.872011,43.097000,35.666687
521.847345,291.063496,42.951527,35.645367
520.255910,291.335083,44.106167,38.173512
516.629182,291.620554,44.129124,35.072327
508.039001,291.421202,51.226295,38.553352
510.600797,291.945925,43.054607,36.893906
486.976045,256.765175,49.624165,49.097431
441.403968,261.535233,32.534935,41.690632
452.216968,271.657612,44.730179,45.532284
491.811933,247.961660,59.318722,45.271431
563.296239,202.636539,54.940380,63.031521
549.708789,201.176973,55.482498,53.943787
543.246059,199.622082,58.455139,62.194866
538.848791,201.636324,53.376110,49.936676
535.788826,198.667564,57.513954,54.458759
530.257602,196.232964,62.980911,58.153065
528.380964,202.857691,58.459560,63.527237
530.317457,208.109207,53.909115,55.651768
525.409126,207.992273,60.050941,62.139420
523.393848,207.537821,69.700577,75.181290
523.132921,213.859325,61.352436,53.729809
514.032909,216.841330,71.653748,67.532188
528.073568,217.255997,52.597698,50.924595
464.001678,234.728224,74.068108,68.003273
503.370059,213.502508,81.634415,66.483391
525.191915,206.639004,51.627087,53.674725
551.872386,189.228405,44.950134,45.232388
546.056100,190.833334,50.873920,42.031090
485.549264,163.564804,40.833126,39.113667
487.057069,163.599518,39.613552,32.206150
489.017877,163.589101,40.093975,30.454935
488.669391,163.524918,39.631035,32.994114
488.269506,162.025352,40.279469,38.294590
488.307964,163.129713,41.638954,37.248451
489.802192,164.469446,40.728821,40.229919
495.859642,164.983421,38.253632,36.299122
496.080654,164.354080,41.799446,36.513325
497.451948,163.817371,39.772861,36.248241
498.636356,165.053871,38.707146,36.805454
499.844200,164.836235,38.996979,36.649860
500.255243,166.341333,41.637386,39.470398
501.898590,164.892162,40.477234,36.382229
503.974798,166.837637,40.512806,37.450142
502.498207,166.063831,42.690475,40.448101
505.096618,168.471458,41.302658,40.569294
505.622446,167.946985,42.055050,37.869476
499.083019,166.239012,50.310555,47.062828
505.759382,167.300888,44.140751,38.918903
499.501945,164.187069,52.084595,49.038860
501.554153,166.730911,54.255753,40.990604
510.002464,169.582043,39.301193,40.636349
509.320465,169.452822,41.825500,39.964279
508.653039,169.962851,44.107800,43.098579
512.209968,170.131300,40.391022,36.874321
511.679670,171.935999,41.430668,36.352798
512.898979,171.372305,41.002686,38.893852
514.851083,171.108686,40.513653,38.936440
512.518781,171.359722,41.318790,35.904232
514.975231,173.116924,39.766777,37.673534
514.615757,172.224224,40.340508,35.643856
513.529281,173.717579,39.645432,35.798183
513.818323,173.409657,40.017773,37.830425
513.926223,173.442331,40.193024,37.484329
510.680208,173.076632,40.575619,35.774948
513.469585,175.561731,36.756783,33.941650
510.226255,175.314259,40.596561,36.167522
511.325080,174.947397,37.661255,32.670166
509.066984,175.380865,39.439228,33.953758
509.663784,174.881832,38.525398,34.674160
507.915742,174.501570,38.114574,35.002281
507.298774,174.504843,39.452713,35.464333
507.497039,176.636131,38.188858,34.618824
506.826036,175.953634,38.148327,33.757988
507.421339,175.153145,36.422703,33.431309
506.967618,176.209539,37.756458,32.342659
507.078281,176.174648,38.072411,33.581585
504.106143,176.611691,38.460274,34.416149
506.024292,177.229748,38.699188,33.546841
505.296180,176.701550,38.762344,34.477734
505.710927,178.789951,39.898396,35.637447
506.330368,177.574768,38.895538,34.413319
505.785905,177.721037,37.367184,34.937813
504.940689,177.187122,37.703125,34.057720
505.357490,179.334946,37.436768,33.588993
505.640247,177.911072,37.470467,33.962788
504.717491,179.407150,36.168686,33.317036
504.429655,178.272905,36.108601,33.614288
504.986784,178.713202,37.701908,33.505547
506.089153,180.472496,38.248589,33.467319
505.193389,178.793859,37.725571,32.129524
506.020656,180.532862,37.497200,32.267654
506.156765,179.056839,36.343254,31.368656
505.912031,179.166584,37.877262,32.008419
506.764865,178.856579,37.096016,32.584866
505.739477,178.964411,38.383884,34.852875
507.303266,178.959314,35.315388,32.051117
506.015623,179.979097,38.245289,32.312698
506.535020,179.755032,37.070568,32.833080
506.028482,178.950058,38.230907,33.878666
505.859659,178.996336,36.858059,33.716667
505.766283,179.251839,37.179089,32.700520
505.803499,179.019350,36.961697,32.793335
505.218101,178.699883,37.721146,33.339558
506.796218,180.282885,35.813828,32.329224
506.658184,179.439461,37.041252,31.987888
505.371189,178.227451,37.785576,33.032940
506.486463,179.874260,36.386250,32.194859
506.223791,179.850210,37.127888,32.123589
505.819400,179.091337,37.646858,32.733864
505.349388,179.702791,38.511703,32.825668
504.680439,178.762714,37.302711,33.143902
505.966281,181.066496,37.113731,32.077354
504.986417,179.168612,37.581211,33.033417
505.854442,179.586773,37.030922,33.620693
506.295455,178.961174,34.889175,33.566212
506.186864,179.282911,37.065937,32.414375
505.194341,179.384024,39.128849,33.986839
506.207159,178.980900,37.406773,35.464046
506.195333,179.344612,36.688663,35.604877
503.699735,178.808966,38.591282,34.229836
504.248832,180.342150,38.143417,33.842407
504.371837,179.502563,37.917427,34.146824
504.248456,178.487694,38.780521,34.002262
505.119007,180.326306,37.091576,31.793848
504.100507,179.321083,38.012302,32.811100
505.112503,180.522429,36.921692,33.124046
505.694862,179.096582,37.454865,33.710037
506.323015,180.552559,37.913906,33.338795
505.828119,180.357050,36.040630,33.784012
506.328275,179.700830,36.155109,33.875992
505.599351,180.225343,35.458828,31.803988
505.101432,180.704441,38.216034,33.034420
505.680603,180.637022,36.107880,33.384132
505.320690,180.737480,36.393059,32.598560
505.756492,180.216928,35.648834,33.097366
504.362218,180.712704,39.566822,34.944363
503.248298,181.352982,39.290802,36.537601
497.431213,179.996870,43.960968,42.084587
488.578182,183.798544,58.095558,48.140846
488.749139,187.717997,58.357861,53.084656
439.207542,167.822828,131.064270,102.347282
360.457244,363.770994,88.748001,71.542015
335.494541,378.546938,105.630226,97.478317
316.741947,388.073160,102.828102,99.959442
292.524135,389.950666,99.342857,95.259361
263.375740,397.564192,106.700378,97.389000
207.787998,377.465021,108.913734,113.256073
155.304992,395.003210,111.831650,88.701180
121.291214,403.060343,99.598373,92.253174
65.946800,373.946142,156.441681,123.010567
185.726348,337.451456,207.146988,148.269165
82.364418,205.866510,438.813782,323.721771
31.741233,235.226770,393.055756,390.595123
477.323928,156.828859,204.289536,164.620804
711.869491,237.826048,82.497971,104.391441
736.496879,291.179886,80.954803,61.654530
738.322275,297.049036,61.682766,39.581757
782.370811,296.066973,31.979675,26.601273
773.893236,297.375377,28.128681,25.178587
766.740098,261.006298,34.548687,32.147663
798.141244,278.329935,44.561916,45.291374
759.790481,277.172903,44.253220,44.273529
769.098262,251.211161,86.438225,80.467949
623.978687,298.675499,63.973434,62.404476
563.784252,241.088598,62.656281,43.474915
552.570741,238.111254,60.572865,45.898994
560.045488,239.200346,50.236103,37.260178
556.892509,234.894123,66.164238,46.351246
577.902172,228.791084,70.161423,52.184582
594.472156,229.218149,64.619263,50.236488
606.172498,222.551243,63.628094,48.186909
616.603706,220.041288,66.722160,52.878967
626.522441,222.909966,71.450272,57.838421
654.302845,200.316198,39.320282,35.037735
656.440647,201.561654,28.244034,26.015574
657.002525,201.929295,23.083656,21.515537
659.261923,201.437819,20.836222,23.471733
653.411562,200.824034,27.152521,32.291336
630.851999,197.699142,49.209927,39.694073
672.425575,218.280678,47.660095,39.674007
664.194612,220.470226,46.196514,38.633793
633.222526,214.115303,70.425262,62.443356
639.257612,222.861671,55.768452,46.416500
716.463830,279.291922,51.325405,50.190735
719.951330,232.401827,41.512943,36.910500
703.785205,212.709646,57.271156,49.678116
636.841819,218.810989,64.707184,58.618343
598.361411,311.215284,30.283739,42.526855
586.112766,309.009027,30.367882,45.458382
570.269012,258.073284,42.065826,46.994976
549.312959,259.171455,40.894253,41.752033
531.662569,257.255423,41.107952,46.605766
548.205741,300.687189,32.336731,37.185623
517.718412,257.740887,56.012730,48.900669
529.630332,299.527195,38.033340,39.942463
513.065158,295.526262,43.427513,49.777779
506.522312,297.591166,39.729118,42.181419
474.429119,294.164762,63.316887,79.316467
432.388641,288.659212,126.655502,104.991539
466.576217,300.431349,78.099747,92.696350
473.647817,299.840998,48.039036,57.358650
461.613939,304.763174,57.433376,70.043045
472.965265,304.690336,42.261639,57.138062
470.866052,307.226225,47.741589,56.769119
476.458255,307.563992,42.578362,56.209522
479.291082,306.418568,41.830616,54.345173
436.789321,351.738800,42.158798,41.342037
439.320611,354.808731,44.004513,36.446072
440.159883,354.951225,43.452908,36.596630
441.023111,355.454597,54.032528,40.637249
439.814235,355.738194,55.407433,46.549107
439.782020,354.577194,58.275940,51.589611
512.177427,292.458179,42.943897,59.422276
496.467304,291.046095,69.472496,76.851578
503.648849,288.603106,79.164276,74.829292
443.476890,353.805258,57.913483,48.404816
439.694601,350.104963,63.580204,58.336929
443.778060,351.707716,58.017044,53.100571
444.793994,351.413441,58.451729,55.121220
443.872821,350.438656,57.789650,56.100727
448.118501,355.072361,54.705486,51.579197
447.981903,353.312584,55.501389,53.102779
445.264768,349.298323,57.926777,59.529160
449.001321,354.934738,53.680660,48.203106
447.572528,352.084093,57.228539,55.338387
447.539745,351.378647,57.781746,54.575420
450.476425,355.291271,55.578400,53.392414
448.649896,354.380127,57.750469,57.539867
449.648021,353.512039,56.984291,55.064617
446.942945,350.025631,59.820194,59.915333
450.558633,354.187931,54.430401,51.035404
446.538526,350.676437,55.584538,56.076244
435.652332,355.432562,62.484215,60.234985
381.675975,341.683584,104.172020,92.867981
352.921707,278.021284,158.582718,165.179001
553.560314,208.383265,72.476036,61.884117
528.421051,193.604338,105.890579,82.264389
552.356124,208.630373,65.473526,52.430489
545.379310,214.711372,64.610840,48.540493
548.737052,207.535067,69.993195,59.576241
549.433414,209.766878,71.701942,53.277016
558.918632,213.418427,55.970398,43.887981
560.282829,214.023333,62.142365,56.174294
562.870821,212.744692,62.139324,57.328438
566.168590,213.769276,65.058006,47.054783
562.253437,217.731525,72.753914,59.203587
554.685588,202.168219,105.593132,108.621307
571.381038,222.657578,71.320213,53.351513
615.494497,188.807053,42.719700,39.324062
636.413259,198.715613,21.981037,24.125288
638.377444,200.153450,17.724703,20.824543
635.320790,196.460194,24.927778,24.994869
629.688037,186.239594,62.668823,62.887150
598.993631,211.664700,59.311466,51.278240
611.982196,201.431404,51.935226,38.737522
673.588470,253.222805,33.998375,29.158932
681.781312,252.623405,23.534140,22.957890
687.032739,253.206462,21.310207,19.934378
693.173478,255.360143,21.376143,20.075518
698.848184,255.352901,24.173382,21.966892
706.170569,254.854534,23.393969,21.942638
710.529434,255.336227,26.669365,24.223019
720.580822,257.825943,20.431976,21.937771
721.540812,257.295474,25.046946,22.769018
721.821490,258.728268,28.652010,25.034191
724.826919,259.277177,31.749687,25.296892
738.559658,260.488369,19.562912,20.939297
733.569936,221.987862,20.178043,25.222240
732.646445,221.530142,21.941164,24.517036
759.327458,263.015625,20.653814,21.133259
787.265945,258.897856,24.483551,19.611580
783.725346,257.861724,25.064512,21.429159
782.120965,256.763777,23.979055,20.927719
779.593256,255.871973,20.916927,20.300011
780.149926,253.832623,20.196768,19.768991
778.821873,251.155808,19.547522,21.112078
778.689711,249.508259,27.193712,22.174999
774.544195,248.680072,20.756527,20.647200
767.320581,247.060546,20.711002,20.100660
754.031497,244.776211,20.559464,19.144451
737.684146,245.060519,21.592216,20.703360
726.013946,244.998329,22.744789,21.027058
722.775456,243.928905,20.986601,21.548254
723.979853,244.438852,17.922220,19.930771
726.116299,242.692842,22.309134,22.115089
730.784382,242.019081,22.652151,22.047184
733.816878,241.828416,23.259172,21.962046
734.876850,242.547658,24.560989,21.677965
736.983072,243.328831,24.905643,21.409069
750.159232,244.243026,18.175348,18.438307
757.016569,241.252913,23.760189,20.287619
760.272967,240.787808,20.516947,18.654856
764.104363,238.502113,21.418097,20.257053
771.501057,238.019349,20.230040,20.231867
775.811737,223.729634,27.336746,24.459185
767.386730,219.710246,29.246201,25.118849
768.955230,220.046656,26.421349,26.404984
769.473039,222.300818,22.685459,25.471334
772.249362,221.783559,25.911699,24.830111
793.178795,231.503301,26.691778,21.465792
801.222784,226.206232,28.284206,24.594658
801.949272,225.608594,23.378700,22.541384
795.456649,225.710535,25.925224,23.675682
790.570701,225.470862,34.768349,24.698400
799.265947,229.036652,29.247074,22.832539
837.689785,230.435659,28.955902,23.959587
842.366873,264.182567,26.469248,21.390501
806.305053,239.259334,32.135921,31.768393
826.870882,229.340245,35.742424,25.610201
817.328413,228.926624,35.741577,26.939655
806.013837,230.183118,39.417465,29.676165
799.299406,228.647001,36.206177,24.525467
799.579105,228.714010,34.065311,25.246246
800.205017,228.090707,32.573666,23.494226
794.466451,181.431139,43.206467,50.834702
729.638296,192.382158,49.953568,56.401535
712.802566,216.756611,49.738949,39.609875
637.902536,141.104136,83.332779,52.767899
606.578729,125.187925,102.584885,90.239571
685.767620,233.712763,51.427013,50.541702
657.796991,198.535250,82.304565,53.367340
661.933252,224.791979,55.619904,50.728180
648.325918,199.494726,52.501961,47.204811
621.948858,198.645891,45.437431,47.226685
600.831960,199.379862,44.352119,43.204071
610.181134,227.900713,25.438639,21.093307
606.131918,228.719215,17.147787,19.813061
607.610201,230.646519,16.539083,17.400646
612.470124,230.407678,17.262331,19.149866
616.653699,224.347994,21.464134,29.153290
623.463758,224.440708,39.031868,34.145321
632.780511,229.612876,35.618011,28.143927
633.290227,212.673281,34.879677,38.634735
642.426427,218.264746,28.463081,30.652489
652.131801,234.494417,30.378231,25.280167
675.522269,237.715671,19.637732,20.074644
684.853900,236.775909,17.456669,20.061695
688.621385,235.136376,20.730339,18.815973
701.825332,233.861302,16.493061,19.424616
709.816388,232.257234,16.105982,18.234865
717.326916,230.808194,16.686289,18.686144
723.261484,227.683810,19.191483,21.575644
722.379215,226.588015,19.368366,21.274536
721.449715,225.217760,19.724955,20.865479
723.177243,223.996201,18.591394,20.018101
726.854837,222.727489,18.621002,20.597425
731.116109,222.765184,18.577789,20.505096
736.041855,222.045228,18.921373,20.654192
740.338600,221.907759,17.815228,19.586853
747.175768,222.341726,17.236204,19.050774
751.654606,223.909380,17.983858,19.400307
752.604434,223.303720,17.755665,19.428024
755.734455,224.103845,17.961948,19.872049
760.589709,224.773006,17.915724,19.369686
765.325778,226.677140,17.436787,19.226686
772.320047,226.676085,16.907478,19.115660
777.228966,227.041697,17.528559,19.645760
780.583045,226.544753,17.909588,19.513960
781.149946,225.418324,18.182526,19.786671
781.787299,223.344635,17.857664,19.421398
784.078576,221.437961,18.926943,20.511831
788.266405,219.094774,19.545769,20.398178
793.795650,217.163448,17.485157,18.309322
798.696475,215.272286,17.743376,17.351358
804.495301,212.961879,15.568017,15.902493
806.479366,210.781332,24.681431,22.266586
793.514062,197.618683,56.900963,52.676525
813.132925,205.064976,40.428223,35.364201
826.675739,207.208261,21.198902,19.749855
831.856457,206.870778,17.725512,18.226862
837.261072,207.848498,17.434044,17.828451
835.427625,208.652697,15.323395,17.894150
807.556066,231.477290,25.812340,26.045591
758.292898,241.243982,32.562351,24.072647
736.651483,221.498745,20.234737,18.717419
727.500268,221.463017,21.060400,19.276911
720.640881,223.556800,19.116980,18.813009
717.476080,226.824389,16.931543,16.314863
712.230041,228.131187,19.624214,18.809948
708.016928,230.593864,20.943506,19.577282
704.762519,233.282454,19.941719,19.657837
700.434751,233.812378,21.357670,19.839825
697.152247,234.829132,20.367403,19.630268
694.396578,234.399317,20.654879,19.454552
691.241827,233.445147,20.469830,18.667282
687.969961,229.510813,21.219082,18.974533
682.436486,224.065890,21.613096,20.172720
680.313813,219.703065,20.058996,19.177454
661.097384,202.356396,24.399691,28.018787
673.582818,216.552869,30.667486,29.385866
676.159936,217.105947,30.967289,28.004000
675.667503,217.397142,45.644432,40.689140
685.256166,222.310108,26.875584,21.245228
692.485481,223.585772,21.054268,20.643486
692.053783,224.630505,19.272354,20.847157
692.489480,224.094382,19.651501,22.433592
688.647810,225.497559,21.641573,22.852146
687.890278,227.170847,20.547697,22.549828
684.759179,229.809274,21.581694,22.599840
691.575158,236.798121,28.739790,27.155470
670.553493,229.768641,24.131401,25.540588
665.662601,230.463228,24.133713,25.215393
660.531818,240.531621,30.276001,29.469873
657.598528,231.268897,21.934313,18.117468
652.750506,230.418962,20.630747,20.193262
652.763566,227.615584,21.320341,23.240721
641.677030,229.387596,21.024570,20.210644
633.608604,229.686499,19.577988,18.555351
623.957888,229.247596,28.535334,22.095442
615.185630,230.920132,30.164719,20.045666
620.229667,234.063578,17.833267,17.459915
612.147547,236.365784,16.159319,14.431079
589.264560,234.471475,20.603737,19.418222
584.730848,238.775424,17.596569,18.385565
572.213107,241.398223,18.037233,17.069143
564.618369,243.283260,16.668039,16.056301
554.814574,244.784241,16.653387,15.354518
546.172247,245.140577,15.183455,15.553490
534.764525,244.860416,17.557905,16.501652
526.340485,244.130289,17.581369,16.470703
521.332992,243.544919,15.448986,15.697551
514.131551,243.128192,15.343167,15.275579
507.935077,242.746485,13.982144,13.850043
501.330660,242.657534,16.103521,13.602051
497.208169,243.814906,14.328149,12.938437
493.191762,244.876022,14.102010,12.900678
489.717074,246.460187,13.162148,12.333750
486.366552,247.443802,13.925868,12.442370
483.369825,248.853511,13.548782,12.760152
478.365732,251.402173,16.074543,13.869517
475.543612,251.184532,14.400384,13.777744
470.896118,252.214702,12.914833,12.965756
466.775035,254.938855,13.662052,13.082431
463.436178,259.203632,14.225638,12.913349
458.262627,261.200211,13.983668,11.477008
454.344100,261.460139,14.257973,13.386366
449.787980,264.892319,15.280133,12.940655
444.851197,266.508487,13.585603,11.086760
439.218896,267.899493,15.451859,13.665396
435.428026,265.600665,15.408027,13.967750
432.743875,267.096178,13.705789,12.326112
428.835917,266.069274,13.899767,11.235269
428.644913,265.796149,12.539824,10.995543
427.113520,266.180310,12.798151,10.108371
426.042878,266.382706,13.440782,10.126305
426.865462,267.409569,13.093450,10.938419
427.294568,268.628436,12.796587,10.000000
429.346844,271.622051,13.234897,10.000000
431.471132,275.640574,13.730797,11.037302
439.610001,279.098429,12.152972,11.019182
443.544004,281.835233,14.938110,12.444027
452.683523,286.123707,13.758102,12.660850
456.647398,290.971489,17.686659,17.508039
462.468536,294.787846,24.989674,26.618773
476.658551,296.601816,15.380212,14.833133
487.514289,301.044842,17.778179,16.632170
492.935074,303.994441,16.465128,15.711847
494.680512,306.765739,16.082285,15.263039
499.151749,309.762647,15.730188,15.774503
501.656678,314.013149,15.491883,14.539131
513.906662,317.934507,16.120678,15.658206
525.452178,322.001488,15.638645,14.653662
529.273318,326.995830,15.145033,13.507028
530.607077,327.005141,14.329519,13.955003
534.406450,327.972847,13.611068,14.134687
538.839323,327.541665,15.149429,14.128629
541.953266,329.128793,16.472439,16.374119
546.294116,324.982277,17.271795,15.658186
553.824581,323.373080,17.656681,16.798937
562.291420,314.682052,16.760370,14.778642
573.980746,311.584207,20.810781,18.795681
596.519248,301.393587,19.055632,15.365016
623.666785,295.900167,17.895567,15.214566
646.213908,294.464556,24.557623,20.032434
656.066566,280.616500,17.834621,16.294006
662.089807,273.544493,17.042862,14.909784
669.057597,271.649155,16.327436,15.038290
677.886727,262.298579,16.229967,14.899267
686.717226,265.418227,15.824181,14.156461
695.027780,257.713673,14.967934,15.139708
699.853626,255.287203,15.832294,15.094118
704.836555,253.134061,15.175755,14.353330
707.664413,252.976121,15.273983,15.985416
707.631052,251.697500,15.837806,16.138767
706.986976,250.329265,17.203518,17.700912
707.361044,250.040257,17.263723,18.117285
707.998498,250.107746,17.883858,18.135597
708.655571,250.196870,17.127888,17.945820
707.202748,251.754054,18.937166,17.896288
707.920029,251.449522,18.813799,17.734522
708.621215,251.600519,18.198154,16.906452
708.524095,251.141301,18.669319,15.860136
708.744660,249.255795,18.839594,16.562056
710.254394,247.366298,16.756451,16.277374
712.085410,245.924774,16.672522,15.307945
712.857224,243.990834,17.089624,15.719000
711.819798,243.316179,18.958963,17.029781
713.761142,242.650996,18.469753,17.159624
715.099756,243.399524,18.010353,16.764626
718.309460,244.172017,15.906725,16.802496
720.690374,245.400192,16.234879,16.870575
723.166194,246.673562,16.117733,16.426008
724.515111,246.082772,16.363266,17.169012
725.751041,245.807160,16.640873,17.503828
727.910365,245.554741,16.782072,17.502806
730.434241,245.954379,16.347654,16.891550
730.700922,246.267877,16.188492,16.866550
733.277713,246.138985,16.740520,17.017859
735.286481,246.097931,17.248337,17.614531
736.845775,247.391544,17.117512,17.161133
739.559648,248.863544,17.474144,17.760345
742.399732,250.874624,17.066071,17.434742
746.695537,252.355352,17.536037,17.846844
749.932385,252.542139,17.768778,18.500729
754.382154,252.324823,17.805191,18.727032
757.239988,251.014863,18.375404,18.728666
760.566736,249.704617,18.390266,18.974493
764.512837,248.636063,18.638788,18.604597
768.534930,247.615777,19.141867,18.632109
772.542467,246.942714,18.867775,18.722893
777.753687,245.848539,19.302313,18.272579
781.679951,244.732587,19.612879,18.671307
785.510645,244.774549,19.482145,18.876842
789.375959,244.641466,18.681938,18.449329
792.643536,244.873747,19.213892,18.451639
795.484682,244.519474,19.518074,18.589714
800.015190,244.717390,19.254337,19.146702
803.968438,245.750817,19.503130,18.969397
808.027374,246.919507,20.546047,19.154264
812.803749,248.166028,20.518482,19.279287
817.303014,248.301097,20.504082,19.577003
821.069623,249.929369,20.655968,18.973902
826.149638,251.077723,19.805655,18.345659
830.839152,252.085567,19.008184,18.202522
835.802737,253.612354,18.047606,17.787865
840.538758,253.534416,17.993418,17.197792
845.430284,255.219269,17.480301,18.188841
851.563791,257.099697,19.674034,17.945610
858.720980,258.033935,20.325979,17.825333
865.295927,257.938193,20.752350,17.896509
873.791128,258.199089,20.826141,17.238525
881.574931,256.579870,20.639135,17.388256
890.280836,254.295553,20.506081,17.358158
898.588295,252.774606,19.473680,17.695431
905.181191,250.908720,19.306223,16.900311
913.687592,249.239116,19.367128,17.513199
918.509222,248.693564,20.316795,17.776262
924.206970,247.107913,20.244160,18.051765
929.211133,246.425521,20.089905,17.250015
933.774160,244.943728,20.217499,17.321566
937.257075,243.704648,20.563124,17.735935
940.537939,243.323178,20.625671,18.779280
944.801329,243.491876,19.587225,18.294498
947.877047,243.747614,18.644171,18.053988
951.138182,243.894076,18.665426,17.669130
953.600977,244.726342,20.174353,17.763327
954.532953,245.638058,20.597603,17.778357
957.953556,245.278748,17.816944,17.997206
958.862524,246.696427,18.572449,17.204695
962.122667,246.956269,19.296822,17.887518
964.799152,247.077190,21.040638,18.467911
966.850315,246.225173,20.748173,18.851250
965.255610,246.639208,20.638548,18.521669
948.678925,247.360970,18.499746,17.315756
924.213180,247.508605,17.428429,16.702936
906.615785,249.809227,44.373981,43.001419
847.158511,246.312845,21.463762,18.274258
838.045565,246.786600,18.832544,18.114155
825.353796,246.536537,19.863689,18.553627
817.450214,244.132699,20.297577,18.658215
809.799057,243.887028,21.272100,18.480169
800.328554,242.026765,21.161480,18.247944
789.398736,239.431386,17.941557,18.150745
782.015507,238.600192,20.122557,18.516672
780.394389,238.265165,21.178698,19.067127
782.931139,237.035969,21.094318,19.061323
785.649347,236.268124,20.552273,19.458281
785.875855,235.586569,22.789503,19.543856
791.596067,235.282909,21.447681,19.083565
796.348740,235.189616,17.996946,18.817896
797.298568,235.652039,21.149200,18.900145
798.009292,235.742205,22.000290,18.486696
802.406326,237.078475,23.935753,19.339577
802.520434,236.998704,26.422960,20.265484
814.615082,239.771196,20.361441,17.931919
817.539096,239.651042,20.598785,17.459656
816.170597,238.708079,25.824799,19.387667
816.232866,238.604276,19.379459,19.765400
808.447166,238.938628,18.782845,18.819750
803.269189,239.500201,19.620846,18.472338
800.102504,239.790712,19.407776,18.129566
801.463168,240.952963,19.099909,18.186403
803.404247,241.311907,20.182587,21.315607
801.520443,241.450314,26.733099,27.370863
799.125545,241.231489,29.567299,27.678082
799.973821,240.578568,25.804081,26.610769
801.269600,239.698601,20.868544,23.349340
804.060119,237.210559,19.554977,21.284286
805.943360,237.352039,20.362791,23.742363
