749.000000,290.000000,215.000000,52.000000
742.462914,289.574724,213.329361,56.242275
730.409386,291.132042,214.611649,57.125137
722.621704,294.024315,212.261047,56.019913
710.985245,298.665394,210.289948,54.113060
704.386559,300.168411,206.125137,54.477753
693.424446,303.685492,204.663803,52.638660
681.710831,304.671301,205.529480,51.315540
670.382774,307.432243,205.795517,51.992203
658.298370,309.309753,208.527649,50.547058
649.715736,314.511343,206.880661,46.334370
636.108330,318.685215,220.034348,42.011620
629.774124,321.482714,209.793182,40.611355
614.809143,322.319473,224.126129,40.621277
609.563416,324.202232,214.859924,38.918106
596.914642,324.230059,213.496613,39.876583
591.437851,328.288401,210.220428,37.762493
579.085327,326.863510,209.490875,39.266724
572.605751,327.644274,209.399246,39.532742
561.569702,326.621059,210.161896,39.686134
556.601555,327.154902,206.165451,40.149517
544.077538,327.276752,208.328873,40.050652
539.496849,326.998251,204.675552,41.088856
527.826462,328.607857,206.460754,39.440811
520.000122,327.975842,202.659302,39.762703
511.556999,327.756578,197.957077,40.316097
500.768883,327.409546,199.762924,41.085754
491.608490,326.467022,199.257324,40.906502
482.461868,325.175329,197.772797,42.104267
472.630684,324.402231,197.841537,42.486217
461.943138,323.817299,198.764877,44.466019
450.917618,323.465374,205.327271,41.639839
441.166298,322.246412,202.563309,43.377567
432.466118,322.339886,201.731308,43.683846
421.015358,320.024509,210.450485,44.371422
411.717438,318.854864,213.013336,44.975636
406.033012,317.546024,205.006577,47.277885
398.025543,314.017693,200.648865,49.364365
390.207817,312.514921,197.285355,51.045200
378.423988,311.426071,200.631882,52.269318
368.947922,308.871157,205.563141,55.052670
358.511131,307.490845,206.625809,55.329712
348.398712,303.960300,203.716309,55.592827
340.106918,301.848383,201.977753,56.546642
323.185692,299.037664,203.443741,56.361317
312.328270,297.687778,202.032120,55.155876
302.804375,295.205641,202.307297,56.491734
290.547523,294.045294,203.216476,54.294910
276.797050,291.109129,209.347183,54.901188
267.961449,288.658924,208.659012,54.052086
258.421791,286.369947,207.415359,53.346043
246.874626,282.257668,209.539352,55.738754
235.788208,278.290928,211.706451,58.089592
225.191429,275.980671,209.730820,58.218773
214.957375,273.053024,209.623489,60.662567
202.960381,271.494303,212.033798,61.542156
192.507027,268.643562,213.572586,62.866745
184.908386,264.655846,214.233185,66.342239
175.265839,261.711529,219.302887,67.567787
160.846710,258.343464,227.079559,67.225975
150.763199,254.627151,227.747925,70.433685
138.509109,252.652874,231.772278,70.528847
134.195267,251.089169,228.021179,69.181648
126.387856,246.876022,220.499466,67.865936
114.190430,244.235401,222.044403,66.377831
98.963913,241.717590,222.981201,67.970703
89.550018,239.219837,226.897858,67.110985
82.711945,237.056728,226.881683,68.356697
89.876259,235.799042,211.979263,66.545044
106.275177,236.824432,195.201996,64.018677
130.053581,238.194302,164.286484,58.981087
136.379173,249.057285,137.115372,41.351707
144.054157,241.968588,117.483055,48.474445
152.757191,239.662230,91.888206,46.876865
153.832619,236.850918,98.830948,46.940498
157.955486,236.172195,101.759224,45.724182
158.099377,235.598146,112.926277,44.829769
159.385777,235.859631,120.141014,45.457649
160.580238,235.196207,129.784805,46.701488
159.034843,233.331650,142.642685,48.093018
157.881996,233.404106,150.252151,49.016495
157.158630,233.336187,159.870728,48.954395
165.042862,237.756599,158.403198,44.956100
171.324791,238.839975,158.557907,45.607403
191.857147,238.589314,146.322601,45.454185
204.647720,238.624683,142.538116,45.399498
217.609550,237.534077,139.150925,47.881432
229.075119,238.348139,137.104858,48.500378
240.165977,238.924908,135.209152,48.455666
250.608620,239.278118,134.786667,49.441231
258.809624,240.991091,137.060287,49.847530
267.566734,241.853971,138.872055,49.184177
273.517426,244.183661,142.139435,48.958241
278.210930,242.944164,146.199203,51.126167
282.339882,244.827726,153.048630,51.079105
286.761215,244.321632,160.104248,52.271378
291.756561,247.417852,167.089294,50.869923
299.544167,248.349665,171.881149,51.641979
310.453056,248.137245,175.497452,53.177444
326.383621,250.379389,173.835663,51.212322
333.613380,250.062506,181.814346,52.566120
341.506950,250.140728,187.118790,53.761513
347.666924,251.759726,195.329666,52.962055
352.041878,252.038357,205.204575,53.400276
356.740852,254.401188,214.426254,52.494133
363.410233,255.803692,222.947662,53.958595
357.854866,257.806229,240.642258,52.383514
359.620644,258.026117,254.694077,53.498425
362.962280,258.896994,263.311951,53.686665
371.427719,259.280964,269.695709,55.911766
387.630356,260.798044,271.431366,57.319378
406.438629,261.580702,265.509583,58.845982
422.799438,262.819435,258.312866,59.089462
433.638016,267.255678,264.921295,58.415401
440.527756,266.844833,270.931366,59.388092
448.704880,269.853148,280.633453,58.363895
453.486084,270.134354,287.432556,59.698029
467.420624,272.662863,286.579712,59.595356
480.045639,274.916153,288.990509,59.250031
498.219727,274.960594,281.081482,58.346451
516.146469,276.645632,273.824493,57.830807
526.201111,277.899378,278.077393,56.768078
535.187790,278.559322,278.111725,57.024483
546.536575,278.910442,276.094635,56.627724
554.377945,278.344521,279.878815,57.757065
567.096573,278.895884,275.042206,57.398540
573.253937,278.229441,276.256592,57.532146
578.426331,279.377281,279.350830,56.599991
586.198318,277.538219,279.121307,55.993446
595.791336,277.996363,278.386932,55.907482
603.832428,278.092834,280.160889,54.548950
614.621857,278.837648,280.588440,52.830441
621.653442,278.766773,285.858459,51.530907
636.640671,279.057888,277.325043,51.953133
644.130310,280.036997,277.524475,49.724346
659.625061,280.676258,272.837097,48.329185
673.425278,281.762562,267.222260,47.532249
680.940338,281.220034,267.376648,45.296871
685.776413,280.892891,274.269684,46.848801
698.350647,278.681776,272.768433,47.181614
711.148483,277.481216,270.164398,49.640839
723.187546,276.023466,274.713898,50.025211
738.259048,272.301954,267.327118,54.099705
743.362732,271.879620,275.358521,54.799477
752.364746,267.580803,278.248779,57.716568
761.880966,264.665422,285.008026,59.877834
770.357666,262.559925,300.773376,61.034691
776.579834,258.847271,325.314148,64.821327
793.457260,252.983528,343.798676,68.668747
800.365601,252.310787,347.830750,70.026192
820.681992,251.606136,324.886749,68.669014
833.051636,257.055576,312.555115,63.550346
848.874481,250.056328,298.880859,70.387161
866.300369,254.468483,280.091339,63.576401
879.767914,249.791084,263.991089,66.363327
891.648788,252.202068,250.023834,61.274452
905.967522,250.922920,228.028214,61.178207
924.194260,248.328999,219.156708,61.319481
935.167107,246.402163,217.818253,62.170956
945.575798,246.427456,209.002823,64.119209
942.805046,241.557922,218.441483,68.400940
964.843140,240.703018,202.560486,69.152313
977.676704,241.274231,194.365707,67.955078
985.936127,237.398384,190.775024,72.801315
988.826759,235.916779,192.069321,71.088562
986.283699,235.578640,196.521408,65.084175
986.139565,235.483780,198.839951,64.747772
816.547676,280.378647,200.237183,46.029999
810.238228,282.637480,205.092438,42.759098
800.787247,282.406790,220.242661,44.250904
794.690300,284.659609,221.203094,43.292965
788.455528,285.289581,224.850433,44.138062
783.434654,287.534809,221.321808,41.603050
777.617661,287.944302,218.344345,42.933846
768.382538,288.741142,221.743576,41.582077
760.065727,290.915155,218.311737,40.192547
753.728683,289.584848,211.070297,41.223431
744.872185,289.802080,217.694427,43.942410
740.495911,289.726538,215.482834,43.421650
734.413292,291.582254,215.443848,43.239666
729.431801,289.273756,211.967041,45.082615
720.663277,290.126396,215.370819,47.494827
716.299606,289.954943,212.880356,46.597683
709.685722,293.224861,214.273590,45.814011
704.138916,291.531202,212.114639,46.843662
696.580406,294.590662,214.366333,45.832836
691.760818,293.555363,209.845230,45.579460
685.790710,294.410316,211.084488,46.316818
677.887764,294.191612,215.488922,47.138138
667.410988,292.575764,222.222992,51.343163
659.912125,292.807001,220.707535,52.135448
658.373474,293.460836,214.568100,50.790363
652.883850,292.216127,215.172745,52.347469
644.144226,291.549614,220.880386,53.601456
637.883621,290.532726,219.984909,55.017372
636.886543,289.803410,212.955444,55.249626
630.609573,289.714930,208.840988,54.757885
623.205643,288.963024,210.800461,55.709267
617.243027,290.039803,213.326523,54.548874
616.077446,291.107576,203.370148,54.666012
608.179565,289.481106,205.450333,56.489021
603.776611,289.722383,199.077164,56.358578
598.040375,289.859873,198.650711,55.040264
590.940643,288.055155,206.907730,57.662762
584.481262,288.194099,206.992020,57.724045
581.011131,289.102211,206.121063,56.350327
573.056999,289.744724,210.726776,55.512260
568.304260,289.071125,208.965408,55.967674
564.145149,288.313780,209.177002,55.747074
558.138138,289.098980,211.749924,56.397560
553.792625,287.697495,208.371368,57.209137
548.342712,287.042736,207.929520,58.720436
543.973145,286.242647,210.651932,59.797176
540.100830,286.255617,207.558487,58.811581
533.570419,286.247988,205.256638,58.616634
528.249535,285.589180,203.931427,60.816452
526.181297,285.825060,199.546967,61.022366
522.086479,285.693722,200.158234,59.423531
517.481483,284.791489,198.655090,59.046295
512.928734,282.936039,200.443451,60.193108
509.686501,281.830194,199.736206,60.548168
502.957962,280.359432,202.318832,62.827888
502.055786,279.408869,200.952591,63.956738
497.073593,278.529461,207.251755,67.203468
495.319267,278.864136,206.537018,66.935425
492.568352,279.281174,201.382294,69.246552
487.851173,279.068714,202.369385,70.180260
482.513176,277.642120,202.323029,72.231873
475.847595,276.999046,201.681839,75.785416
474.981400,276.330517,200.943344,78.361122
470.062622,276.124687,205.770645,77.543533
466.415924,275.925758,204.703568,77.936752
463.710403,275.795666,203.032272,76.325172
460.633255,276.308002,203.473618,75.902061
456.838547,275.127930,205.218979,73.072632
450.418106,274.126755,202.853683,72.536163
447.956306,272.220310,215.618896,77.191460
444.951843,271.628235,211.641861,75.822021
439.496201,269.648174,217.222214,76.683937
438.473152,270.875568,206.914673,73.822655
431.405151,269.975578,209.205887,75.552628
429.877731,269.974327,204.570724,74.522354
426.892654,270.404671,198.509750,70.571579
416.587997,269.081230,211.570236,71.438126
417.013344,270.040115,197.833435,70.049225
410.335205,268.145306,204.538895,71.661354
404.460098,268.616051,207.882980,70.322159
401.476891,268.680370,204.521515,67.811378
398.786499,267.855324,205.398758,68.356491
393.863121,266.725834,206.821320,67.588249
392.079544,266.009766,206.815109,66.360535
385.881409,265.639244,211.294632,65.742874
382.646416,264.686340,210.009735,65.696899
377.776756,263.402084,212.459015,64.776337
370.874435,262.656601,212.965805,65.677155
369.040955,262.106197,212.107742,66.933113
366.125648,260.663124,207.024353,66.764694
357.444298,259.025990,209.897308,68.325218
358.327339,257.939693,202.841431,69.170784
354.061272,256.220119,204.320526,70.359016
510.490120,336.305258,193.334717,56.745625
505.398178,334.138929,193.526169,57.030369
499.445305,332.761702,188.750732,59.086765
494.739609,332.436333,187.255386,58.481461
488.641563,332.092314,188.522400,58.731571
482.207237,331.609114,187.995789,58.453770
474.983734,330.743942,185.857468,59.171478
469.722519,328.509640,186.716263,59.388924
461.924156,327.995642,194.347473,59.125721
456.241409,327.104559,198.937759,59.162952
451.521515,328.437332,192.601486,56.911713
444.403648,328.691919,194.668640,55.257824
438.884430,328.670187,207.692978,55.596394
430.684662,327.607780,204.846115,56.094925
423.290642,326.184546,208.253967,55.676929
418.732376,325.424366,206.422379,55.575951
414.248726,326.813776,204.559357,54.380138
407.364410,325.020321,203.102036,55.186165
403.652565,324.028034,199.981476,54.575462
398.571442,324.403076,201.669174,53.977478
395.312614,324.420717,201.303101,55.372250
387.436798,323.152288,202.607101,55.800892
382.852249,321.815073,197.736893,55.701031
382.562927,321.433388,192.787766,55.884018
376.877007,320.547487,196.093872,56.956661
372.357254,319.547766,194.333572,58.161671
366.340805,319.376343,193.366898,57.895630
359.498947,318.929897,194.244766,56.991585
351.751610,318.049423,195.807800,55.903656
346.434364,317.725586,193.747070,55.345032
340.860649,318.041464,197.901062,54.608540
335.404465,318.581543,195.356827,50.071899
329.991745,318.114161,194.507401,47.783062
322.677216,318.064922,198.586685,45.558327
311.641563,319.501728,207.128204,42.435387
200.452034,210.562790,204.884277,78.447632
193.306664,208.065495,205.137299,79.848595
188.060356,208.481369,211.456329,78.634949
182.591400,209.123196,210.678604,75.465736
178.626007,208.458500,214.091263,75.060631
174.138512,208.530491,217.299408,73.040123
170.853073,207.703491,219.769089,72.586090
168.444061,207.764313,213.306290,68.398712
163.624367,207.141239,213.950073,66.221092
161.221252,208.209684,210.256729,63.048496
155.032097,206.666056,215.929169,61.330822
156.682068,207.122169,219.107254,61.540298
157.128990,207.788717,207.370697,59.894093
160.753242,205.564976,205.417358,61.168297
163.743553,205.855848,198.111786,60.232487
164.820847,206.160954,193.141464,63.114342
163.767456,205.716852,191.445755,63.485271
164.355507,205.535095,188.620728,63.295197
163.605690,202.008022,188.546692,67.716835
163.877144,202.043041,186.048523,68.922615
164.440788,200.397160,176.758698,70.055260
160.498573,198.961948,174.952637,70.431114
157.653122,197.890587,170.975632,71.050095
154.764404,195.874565,166.717056,73.391708
147.514008,191.036507,169.384537,77.727066
144.920189,300.670425,227.773773,54.931641
124.185768,298.930201,241.734619,56.414288
126.165810,300.105839,228.364868,54.561058
128.334557,182.012241,177.194550,87.624046
119.728416,179.274036,175.626862,90.997734
131.367134,181.459454,162.338867,90.164314
113.806122,177.499729,175.956497,99.872704
98.190102,297.717085,211.472046,48.661747
92.701340,297.412735,210.314713,47.766174
88.742653,297.335920,203.730896,47.456913
84.530243,294.233847,197.268936,48.992786
83.363594,292.912359,183.379486,47.593220
79.329636,289.984476,183.178635,50.933727
77.447845,289.104778,166.094101,52.315071
72.176903,287.073753,162.248383,52.547409
103.588867,173.235477,175.421341,97.450279
103.455765,172.860039,169.039169,101.725754
98.519531,168.169163,171.904800,100.987938
95.353447,165.323692,167.716644,102.959885
89.275620,163.036274,168.745468,104.704399
85.860725,159.906227,167.997864,105.546768
83.137337,162.057316,165.366211,103.792625
81.562996,159.626648,166.528442,102.022064
80.908997,159.532845,168.960770,105.191605
82.642380,155.949394,163.152084,101.918015
81.082153,157.642414,170.017838,108.456474
85.895103,157.806366,166.184662,100.237701
87.846901,156.447388,169.142151,106.590363
89.517349,156.656948,170.659164,107.335304
90.136398,156.271111,173.256760,109.962326
90.029427,156.881248,175.655457,110.882126
87.889259,156.942459,174.894348,110.787354
84.965492,155.085190,173.507568,111.538879
83.131752,153.824146,171.140320,111.890251
79.849297,153.514286,170.686981,110.170189
79.468941,153.614399,169.298401,109.232170
77.708366,153.744087,166.917328,108.361649
75.897255,153.943844,163.090454,104.692482
74.176033,153.540375,161.895874,105.679413
72.983391,149.939236,159.624420,109.377785
72.108528,148.649353,160.132996,107.683990
70.808594,148.667316,164.584305,106.676628
71.183022,147.363670,165.343567,107.022629
72.416069,145.088169,168.128326,109.888695
73.239143,145.725464,172.069458,112.595734
74.736824,145.691658,175.337219,115.197586
75.152138,148.805290,172.714111,108.086105
76.604683,147.209263,170.858826,113.440819
76.201454,150.047226,171.983093,106.227173
85.305573,150.179203,163.204849,105.602806
84.182411,145.830021,159.176392,108.645836
42.687607,258.746967,247.002670,59.822929
38.501335,261.875622,264.470673,58.811958
43.616600,264.375420,275.758148,58.658737
55.797646,269.136860,278.613647,54.614922
68.926125,269.831781,276.567688,54.698162
81.055702,272.690407,280.420959,54.151016
105.924294,276.625374,270.938721,53.669083
101.998116,105.778938,86.482513,136.261459
105.417667,123.174007,94.398293,127.617317
109.064568,116.616150,81.173889,133.182434
112.829754,130.093262,82.911461,114.533569
104.751019,141.541397,104.973900,105.045868
97.402786,124.763672,137.265762,107.435791
181.876625,284.695379,288.080048,54.004749
217.009270,284.462038,291.283081,52.329342
230.855751,284.693237,291.244659,52.812988
248.129662,284.323734,289.762512,53.492302
266.410927,284.229012,286.081268,53.852951
281.081642,284.787928,285.442474,54.006237
302.427742,285.469126,279.247528,52.964520
315.332481,286.306229,278.323425,52.753754
335.607201,284.193649,270.762146,54.851410
351.804741,285.520775,267.986572,52.704849
364.818794,286.240070,273.359833,53.537193
378.392250,286.419409,272.526520,52.246387
391.495735,288.274399,272.265411,51.960724
395.272575,288.328972,283.819824,51.094437
406.765251,288.799244,282.868530,51.741966
417.545158,287.959316,285.132690,52.387642
430.597221,287.219194,282.551819,54.012173
440.643288,286.742790,283.846344,55.988846
450.039848,285.701466,282.661011,55.558067
460.965019,284.545149,278.595276,58.324680
473.084038,283.733536,274.079834,58.707123
482.434044,285.177431,274.442993,57.122066
489.157936,284.734056,276.196869,58.998257
500.774300,283.677935,271.524384,59.680080
505.811882,284.452909,276.347900,59.889896
516.597969,284.774544,274.756195,61.954330
526.612373,286.318068,277.031769,59.947849
531.922218,288.052750,283.441376,60.069427
548.728050,289.009779,276.773315,59.398411
555.815636,290.328421,281.780701,58.400227
561.156364,290.558689,289.665710,57.825432
567.827873,290.043715,291.800659,59.311069
576.838509,291.255295,288.725250,56.762970
589.749504,291.024485,283.928528,57.116802
598.371864,291.718945,284.168610,55.639442
608.571892,292.461153,281.164978,54.798580
615.594444,291.337112,286.682983,54.347504
627.318947,289.702932,282.855072,54.978168
638.994881,289.778223,279.038422,55.176464
645.044289,287.828051,283.147736,54.852993
654.008614,287.917601,282.538483,55.625126
662.675713,287.544960,287.252197,55.251694
670.111320,286.608234,289.766541,55.243309
683.016762,286.650446,288.489105,52.807446
693.889366,287.126120,286.961548,54.612019
703.360451,286.238440,285.434784,54.197742
711.223152,285.832815,290.109222,54.513569
717.464561,284.866791,296.080261,52.145508
728.353020,284.870028,294.729126,52.573299
740.060509,284.745773,296.236450,50.478607
752.072243,286.392603,292.970001,48.223156
761.541100,285.759430,295.314148,49.349182
778.241920,285.952084,288.542511,48.728645
788.384468,283.409918,286.252411,48.263599
799.142174,282.561153,286.690002,47.999702
810.302437,281.827957,287.312592,48.818756
825.054268,280.416052,283.685150,47.619801
826.604439,278.566233,294.256073,47.513531
841.861168,278.319710,282.734558,48.545029
859.984840,277.211544,269.079742,48.301949
859.378227,277.632380,280.062744,47.542553
875.598869,277.245739,269.528870,46.624611
891.895851,276.586607,261.401398,47.501957
900.890099,275.773577,264.505188,47.819180
909.183617,274.524851,263.276917,47.028423
924.216476,273.986448,253.900650,47.300724
937.056610,274.018404,248.203232,46.427059
946.905205,272.995432,244.804688,47.093975
957.195732,272.368820,236.662231,48.058197
965.835869,272.607109,230.359802,46.609634
969.289688,271.014137,228.419937,46.764389
981.545517,270.981798,216.070877,44.743191
995.040787,271.248055,202.715042,44.201279
1008.923645,269.900583,188.273239,44.708904
1019.919403,269.695930,175.153549,43.713669
1040.674957,269.056097,153.285507,44.476521
1054.998260,270.047817,138.357407,43.568153
1070.759193,270.742537,121.714935,42.836857
1087.826607,270.376564,102.784851,43.373703
1110.404537,269.018682,79.434776,44.992359
1118.896992,270.997999,68.708534,46.150974
1127.953287,270.448999,59.129391,44.792095
1132.605127,269.214375,58.449886,44.198204
1134.206717,267.047974,56.768131,47.285446
1109.918591,268.053631,95.358696,45.465965
1102.159740,268.895082,97.842186,45.450024
1090.322994,268.854872,125.313927,48.114491
1079.485760,269.521837,119.755974,46.530193
1067.335991,268.481134,133.541534,47.777157
1053.074272,272.936775,152.449402,45.593994
1045.542244,271.091866,167.068787,47.362000
1030.962425,270.885895,246.242706,45.197922
1023.585396,272.163212,221.819031,44.532692
1018.024437,268.494038,206.426727,48.332680
1002.906219,272.303093,213.730301,46.500854
994.903748,274.350903,219.233780,45.746758
981.209557,274.807287,224.045502,45.070866
966.519485,277.812704,225.547470,42.556828
958.528572,278.918789,217.475616,43.671928
943.597061,278.634859,219.729019,42.933758
929.502724,280.009130,219.784637,43.546421
919.527718,280.244850,213.876221,43.281586
907.428680,279.383503,212.889481,45.811256
896.444855,281.369877,211.441177,46.192635
883.670441,281.911102,224.167130,46.845627
870.416824,283.333643,230.307846,47.908688
859.781715,286.625849,231.357330,47.095028
847.842560,287.557549,242.894394,46.730957
833.761826,288.891378,244.167831,47.537357
823.862427,289.570551,233.471359,48.283443
809.890778,293.271980,234.702499,46.783783
799.433403,297.791698,231.608795,43.453697
789.303314,299.737226,226.388138,41.334583
779.229813,301.470675,218.355026,41.638836
760.418671,303.351959,228.411209,40.517654
752.395638,301.953615,222.451385,41.193310
740.222374,303.382341,223.324036,39.909344
733.107391,301.407530,214.982346,41.817616
720.809601,301.585312,216.511703,41.420914
712.087349,301.828079,213.198120,42.328812
698.011154,301.015480,212.902725,43.955963
688.589813,300.481144,216.079575,45.470131
674.847931,300.461227,211.107834,43.359879
659.951569,299.504353,212.873886,43.942268
649.127319,299.362322,212.732559,42.794567
638.712769,298.355326,214.680710,43.192837
625.147362,296.942593,218.165894,43.724297
620.849152,297.073044,211.121109,45.894058
608.290550,296.284184,214.087494,43.989174
589.482613,297.530678,222.774994,43.705383
580.717415,297.635929,217.291626,42.953407
570.446533,296.258266,215.392807,44.512383
557.103394,296.901903,219.599106,42.911694
546.698235,297.655394,213.801636,43.611012
536.634636,296.796173,217.423340,43.813278
523.590698,297.733519,219.922531,43.927570
509.970123,296.738230,220.997360,43.267452
499.717125,297.032505,219.951447,43.346016
487.637817,296.450056,219.201462,45.349171
474.610771,295.490959,220.596558,43.853363
462.714729,294.976280,224.263458,45.039429
452.727013,293.900339,223.603058,46.174648
442.031403,293.227402,221.506393,47.403824
428.458450,291.823219,230.434586,48.068481
418.634148,290.738585,224.560638,48.989399
405.650818,288.475346,227.347824,50.244514
394.422112,288.175371,225.636932,49.684856
382.470360,285.346136,231.243347,51.577946
373.216408,284.158264,226.291229,51.751602
361.353081,281.849424,229.922302,53.060688
350.101662,280.293987,225.837494,52.959892
338.297531,277.412436,227.535172,54.977573
332.133690,275.453342,222.727783,55.592415
324.778053,273.399965,219.903534,55.716625
320.834473,271.566740,210.553024,58.498676
316.085480,270.992056,203.380356,58.259922
315.904198,268.743481,191.312622,57.261894
311.287697,267.959562,184.113220,56.656757
306.595840,265.173508,179.093613,57.162674
301.656021,264.019718,165.946823,54.811775
291.771751,262.012358,168.708221,53.860401
284.835175,261.157467,156.396469,52.721306
273.589500,259.249435,156.299225,52.688797
263.575378,256.414375,155.422195,51.016266
252.277679,254.572365,161.709244,49.786713
243.141357,253.317812,161.829208,49.828838
227.726189,250.779858,174.889282,49.940147
218.211998,248.829615,180.259796,48.912655
210.297310,247.815554,186.101807,47.334942
203.045105,246.862944,192.870132,47.698505
194.839020,243.543079,200.214554,50.128944
184.493874,242.953176,205.963104,49.350193
176.014488,240.626755,217.596191,50.323166
164.857788,239.602509,218.204086,49.957596
156.296822,236.785963,225.717987,51.239124
146.546577,236.927393,225.368805,49.645779
137.753548,235.298590,227.852020,50.353764
132.864029,233.049133,226.192947,50.709000
120.050438,231.102886,230.648132,50.621696
121.015579,229.563583,217.077164,50.188400
116.182014,227.598940,215.648773,51.382275
116.357445,226.620934,206.190613,52.009918
120.837120,226.741352,195.542664,49.900673
118.369118,226.530132,192.237885,48.484215
118.578255,227.528061,181.387024,46.708084
116.266205,227.742216,171.743881,45.325520
110.493820,228.060528,169.691208,42.308647
107.524399,227.983034,161.695633,40.256969
103.398720,228.599897,154.383759,38.127827
98.905174,228.770943,147.415771,39.488739
90.676865,229.351271,148.699844,40.512287
83.811920,229.544123,147.130569,40.025387
77.669090,228.197105,148.015350,41.045593
71.763420,227.004927,148.937622,43.975574
64.328735,226.790983,149.876205,46.433735
58.119934,225.671003,157.559341,48.437824
52.087715,225.517036,167.440338,49.550476
47.155754,224.046013,173.159393,51.611603
40.943428,222.752913,176.245880,54.237568
39.094490,222.605965,171.823151,51.588898
36.303230,221.492426,167.631470,50.238491
29.866783,220.353018,165.123260,51.602299
29.366661,219.108238,156.174591,53.129333
30.194511,216.779741,144.075226,52.846020
32.043167,216.717194,138.659470,52.498367
27.137573,215.753998,141.867691,54.714401
40.669659,213.142300,123.273277,57.016838
24.519302,206.177443,128.225479,58.612415
0.441452,193.255291,141.128128,69.787132
49.993843,203.576271,100.233612,72.397247
49.417034,203.598734,104.571678,62.374355
40.086586,210.478643,126.540558,58.708561
46.949806,214.169491,128.455750,54.505821
36.614456,212.189354,150.815842,56.476166
50.960381,213.411325,156.284058,56.058193
0.000000,196.881027,226.220306,69.083237
80.643555,218.455734,172.773102,56.693100
77.299072,218.656424,195.317322,58.614079
71.629196,220.100080,222.521393,61.879902
67.783279,225.398968,246.816071,59.822533
69.823578,229.548975,266.352295,62.052731
70.847778,232.207993,289.287048,62.553177
78.008667,235.606256,301.736389,61.639400
106.763504,242.085737,294.646637,59.434895
121.198517,242.739580,297.832947,61.990673
149.401169,248.102537,293.901764,60.737537
170.913071,250.420439,297.184052,62.170094
428.038589,215.554811,226.769196,62.414043
422.609825,216.777346,218.860977,59.041973
419.445030,216.358353,212.886307,58.617630
417.533371,216.480789,212.911713,59.039383
411.313568,216.006973,215.127258,60.205948
405.059494,216.309294,214.254486,60.309315
402.017296,217.368553,206.450211,58.243164
394.730392,217.701338,211.335480,58.159809
388.806122,211.481325,210.858032,63.953472
392.412521,214.507986,199.321136,60.801029
395.638992,216.079655,194.321564,64.428444
375.212265,220.401714,209.604034,57.902122
371.023659,218.201277,205.552597,58.837605
360.805321,215.613356,210.106461,63.924397
356.418694,215.401405,213.120193,76.160675
354.740715,208.213409,208.437820,87.745773
385.303085,198.951527,169.345428,114.944405
394.840210,197.097679,154.359680,100.063904
330.605362,215.692593,223.134613,70.568108
359.646202,146.879776,171.782547,137.219681
395.024227,140.719849,122.311043,140.393295
395.129032,138.810852,115.054253,138.749008
371.701897,137.616753,146.975662,141.993408
388.504383,99.987488,104.107140,156.058640
309.976006,221.552187,211.592300,63.564373
304.422226,222.725906,213.090851,62.105362
299.814537,220.191605,215.666519,65.394669
295.642052,218.898891,216.010574,67.581169
289.509354,219.427319,218.144012,68.478844
285.845917,217.424980,217.958740,68.991333
280.230240,218.174629,219.823639,68.050751
271.375732,219.032639,224.157471,66.162674
266.938194,218.279881,222.387711,66.087013
261.364746,218.092325,218.640076,63.976040
257.180984,217.060726,217.347015,65.663628
251.936035,216.528973,217.678711,65.353722
246.682022,216.301121,217.495148,65.452553
239.167442,215.244926,220.448685,64.358521
233.426071,215.035416,219.739166,65.779434
230.237679,214.816669,217.854843,65.656258
222.982697,214.305252,220.505981,65.013199
215.682869,213.879749,224.354050,66.069038
212.161118,212.368626,225.629547,67.003334
206.574440,210.881496,227.899094,67.472160
203.192276,211.421150,225.906036,66.271515
196.811928,210.465233,225.125900,66.284363
195.070091,209.704815,221.983963,66.415611
191.951408,209.165199,218.927750,66.368256
188.008133,207.824539,217.541290,68.952835
183.826454,206.027840,219.303146,70.396027
181.281494,205.359917,218.168152,70.829773
175.621513,204.400822,219.128738,72.165749
174.495934,204.099583,209.793289,71.888527
168.593056,203.688065,218.943588,73.779007
168.555672,201.875782,209.400986,74.282051
163.883179,202.355324,214.490356,74.603241
159.883034,200.459774,210.509567,76.399529
154.643509,199.222103,209.354706,76.462212
148.921890,199.295002,212.633881,75.989876
145.054367,198.047333,210.489288,75.287338
141.855125,195.708424,209.545242,74.964302
139.297913,196.016617,207.569702,73.876846
134.934204,196.447933,205.555359,73.020866
131.742218,195.951946,208.876709,74.337791
127.465134,194.977669,209.155060,73.367523
123.335358,193.545769,211.177734,74.306519
118.523834,193.595829,214.848877,74.539040
117.185387,192.358524,215.057388,75.898232
119.115494,191.560780,204.652924,71.330391
118.340240,191.585861,200.776245,70.658829
116.521187,191.863670,199.060715,68.929321
115.224022,191.953068,194.263321,66.495155
112.849754,191.461151,192.648575,65.207077
112.426552,191.237923,179.817368,64.349518
109.409698,191.598419,179.510132,63.042770
107.114212,190.577190,173.657928,61.353600
102.279846,189.933735,172.092194,60.856758
93.390167,190.460970,175.172913,60.012615
87.770744,189.987770,176.165359,60.244171
87.543457,188.912895,171.741425,61.329102
83.287247,189.056616,174.426849,60.692173
83.451004,188.351734,170.513184,61.421089
78.259430,188.816689,174.280701,62.547028
79.511246,189.262335,171.852997,63.268528
82.525223,189.817785,167.881622,62.881687
83.411514,188.401810,166.632599,62.750565
83.559875,185.147537,164.010559,66.456711
86.109650,188.269739,154.100037,62.734646
87.499359,191.103432,152.243439,59.804230
90.005913,193.509462,141.357925,57.020397
93.237511,196.182396,131.615677,53.059021
86.805382,196.405712,129.093491,53.267204
66.159760,194.266710,141.145325,54.363628
94.947319,202.228737,103.706161,48.416473
95.096989,212.381996,99.300987,36.517822
85.190067,210.592279,98.755333,38.533504
83.461288,209.466082,90.750519,38.589428
89.928555,204.584227,79.697273,44.102100
94.093864,208.050135,74.932480,39.541531
88.847416,199.497633,76.669701,50.282948
96.550817,192.241417,61.311848,55.680420
78.559471,193.661322,80.468063,57.090672
0.000000,166.082901,95.666553,82.070084
79.750761,186.236633,82.695366,70.151474
0.000000,158.272060,105.899332,95.726280
2.943894,151.649082,106.517647,86.534920
0.000000,140.960022,126.868772,132.211197
183.801459,183.975471,202.583969,53.934875
176.463416,180.169489,215.185837,55.236965
171.348052,175.939041,209.618713,57.737961
165.622405,174.381903,203.772949,58.320866
162.937506,170.609507,192.102097,59.314205
155.441092,167.905430,189.137222,61.477913
132.969649,163.963377,200.681915,62.826252
118.042861,159.603413,206.541046,66.052345
124.880248,152.607037,187.107727,71.707451
120.867735,147.081448,185.998718,76.739647
116.938651,143.270329,183.659073,78.569832
123.667944,138.918343,173.182114,79.779785
97.204024,145.506233,198.567169,78.145874
91.722708,170.698027,190.768143,57.790913
77.776587,178.116831,187.910629,57.666622
82.918067,190.015661,186.966660,52.306767
82.662413,188.482252,193.849121,58.629566
106.116263,192.552189,182.990616,54.775032
136.773718,190.218773,168.234299,53.736816
142.252470,135.296797,155.916443,53.671223
140.378211,137.697966,169.238815,55.210468
136.710593,139.268877,184.869370,55.624859
135.236792,141.443577,201.023026,56.829109
136.427886,143.917974,213.474518,57.580875
138.313590,145.012058,226.468002,59.047066
143.514502,146.318720,238.857742,61.332119
148.157759,151.163944,251.717590,61.235359
145.781874,210.565987,290.703491,58.235291
161.009657,218.170481,288.899170,55.582516
175.629118,221.742477,290.096771,52.056931
185.835967,221.696733,295.179657,53.947247
210.712660,222.734720,282.615417,52.817989
233.203505,224.604250,270.187195,51.818798
247.889708,223.460112,270.503998,52.971882
261.621459,222.864065,270.153290,53.718174
273.943556,218.675800,271.228638,60.168922
284.459242,211.711273,275.887878,64.734879
300.084044,213.933958,270.351715,63.997395
310.767821,216.240904,271.831024,63.523823
321.178572,208.784462,273.547607,68.250488
330.881011,217.652336,275.664703,62.509613
342.647810,210.222061,272.883606,69.369553
354.952361,209.607536,275.129059,72.477570
368.243468,213.953354,272.787201,68.825363
373.252974,209.091953,278.892700,74.724068
388.030318,208.860077,277.753723,78.030899
401.330733,209.331699,275.346008,81.271614
410.893034,205.167286,276.545074,77.073158
423.872694,210.426712,275.849182,80.118393
432.544997,205.244949,269.837769,78.036789
442.598525,201.000801,275.322998,95.625244
447.738127,198.054554,282.434601,98.265480
454.894484,196.415466,287.909668,116.401566
475.928572,189.702328,268.118958,91.589928
477.260481,187.720707,275.250916,93.362251
480.450438,183.870686,280.440704,96.493690
484.776946,179.772942,286.935150,98.670563
488.464659,174.893032,290.301849,103.075157
489.362578,170.695786,297.610565,108.948410
495.870268,169.132908,301.198395,97.611824
511.666975,162.919300,296.382019,102.255226
614.971457,285.422415,249.618271,55.147434
627.927733,288.768169,241.897736,51.471123
650.960585,285.656794,226.019836,54.748318
641.622946,283.421398,245.792770,58.703545
644.167220,281.648235,247.807617,61.833916
653.162032,279.691235,243.731140,65.298454
659.984519,276.825905,244.002487,67.783203
667.472243,274.801785,243.831970,70.747398
675.613257,271.568733,243.402969,71.268860
685.517905,269.022278,237.512802,73.959854
691.144194,267.236683,237.963776,75.634254
701.670874,262.586510,234.472610,79.459259
711.008170,256.927536,232.600021,84.434372
721.891448,252.668034,228.141754,88.909004
725.371504,248.066517,230.737000,95.316078
730.802954,243.323692,232.435318,101.404938
738.173445,240.468811,233.927185,105.214432
742.352271,240.393654,240.075943,102.282227
749.243384,237.191494,243.413406,103.566185
755.395476,236.636501,248.646149,100.995934
758.825041,235.301003,258.138031,99.746399
767.615645,235.048672,260.483032,96.985435
782.767844,233.852959,255.046860,94.221283
791.825560,234.647907,255.312225,89.542763
802.406920,234.563225,251.952545,85.696747
812.749876,233.848019,251.902313,81.977440
815.150237,234.853218,260.692047,77.733704
823.332549,231.575676,263.777374,75.378021
829.026198,229.964088,267.494568,75.978149
837.497939,228.537861,269.059814,79.186684
861.352675,225.580353,257.287903,77.612442
879.852164,221.344364,252.811203,81.363594
887.633757,219.102390,256.889740,80.714485
895.886763,215.173744,264.183044,82.119202
904.127791,210.356297,268.596741,84.116646
913.222594,209.156837,266.210052,82.844788
924.367217,206.860443,265.376740,81.059402
939.453444,205.159969,256.610901,79.745140
951.823905,204.061680,249.579025,76.843758
966.284285,200.811161,226.360779,76.941475
980.776289,198.961845,201.333801,74.313446
988.223380,198.313129,190.030075,70.427284
1002.803488,197.250202,166.593857,68.240700
1014.990889,199.572657,142.933533,62.037380
1039.140952,199.953417,110.657700,57.316967
1060.655715,202.848316,98.774994,51.128731
1133.656077,212.860584,116.115456,40.806343
1158.645606,215.216383,98.338638,36.558277
1151.944083,218.117365,96.591904,34.695309
1133.721625,216.650425,115.782486,38.052773
1083.513644,182.447556,68.738014,72.006790
1067.479361,199.247072,76.656799,58.647106
1064.626158,175.650780,138.070023,86.139038
1049.674395,178.778652,101.364388,88.780205
1044.100779,209.894703,124.466911,60.190681
1142.734557,216.249573,107.424698,53.902969
1037.740935,211.935720,125.642380,54.785130
1024.355208,217.555910,151.516525,52.517651
1018.324011,214.608232,153.275177,56.952801
991.266165,196.581448,165.785248,83.399925
963.598952,213.657040,145.123947,72.186363
948.016982,231.953457,153.608566,59.066673
929.930068,234.556162,178.111252,62.238522
916.846922,235.485697,197.380020,63.813839
895.777808,239.375444,217.004578,60.475079
870.912108,248.510208,227.130447,57.818588
851.551009,244.091833,229.102402,63.440372
833.243468,255.878109,212.191177,57.233238
812.055777,258.460030,210.049683,55.104980
789.853720,261.071339,223.013031,54.101112
775.745421,260.408049,210.816452,55.365070
754.391997,274.506872,208.522293,44.148991
728.856040,277.107971,214.220856,42.382095
717.622756,279.723450,205.795364,40.947983
696.398245,280.289919,208.303040,40.841747
678.614218,280.213739,203.156067,42.773678
664.358038,283.238636,201.084595,41.394081
642.277922,282.659676,209.468185,40.914978
623.277846,281.220776,213.109024,40.378197
611.085631,281.858253,202.186996,39.409271
592.834494,281.465458,200.117828,40.381905
577.191733,283.667093,199.873749,39.026180
561.526961,285.923782,191.674332,36.883743
542.092627,283.945599,200.625793,38.209190
524.986754,285.076441,204.428452,37.363888
510.112769,283.698214,207.067139,38.779675
498.401373,284.558500,204.965485,37.589588
483.531500,284.282156,201.015778,37.352116
470.410376,282.048645,195.461700,39.538742
456.977065,282.541460,194.537399,38.173443
444.072234,281.167013,197.213486,39.113499
428.174735,280.808624,202.858398,37.741714
415.175498,279.972267,203.710480,36.987183
405.550292,280.108377,204.781387,35.896328
393.012396,277.968044,204.344330,36.690147
385.095694,277.051802,200.576996,37.828571
373.182463,276.391661,200.471390,39.130970
363.351492,275.332365,197.987030,40.353138
353.615668,273.815323,197.129944,40.722977
343.448721,272.621727,198.894501,41.020386
333.874625,272.228340,200.705078,39.640869
321.890471,271.955494,202.625717,38.475960
311.663870,270.761177,202.042297,38.868042
303.743041,271.109888,204.752609,37.923092
290.536841,270.513428,212.351929,37.349167
278.121016,270.734037,222.635086,37.679371
274.547461,270.148300,218.937958,38.164963
261.491454,270.755348,225.173386,39.801117
257.947302,269.479206,216.248688,41.511086
244.026206,270.270929,217.171722,41.226040
234.409033,270.091347,215.577881,40.944550
222.524474,269.531986,213.517593,40.465462
213.596838,271.448620,209.087433,39.244926
203.353613,269.618721,209.494141,40.111389
193.024252,271.950241,211.918610,37.833237
184.506751,270.966326,208.708466,38.750835
174.741797,272.376047,208.980316,37.437283
163.264685,270.024033,212.734131,38.072281
152.764304,270.174259,213.162842,38.296669
141.358099,266.833918,213.136475,42.659634
135.153365,265.777420,210.779221,43.657272
129.302557,264.382881,206.593353,46.239136
116.335722,263.468714,208.299698,48.714046
108.116705,260.908106,218.446075,49.053860
87.661261,258.304104,227.535248,51.991661
87.001669,257.351141,216.778748,51.459415
91.524649,255.288586,201.810303,52.157097
92.791838,254.473942,191.941513,53.904915
90.911818,254.445686,175.993942,54.703369
81.722556,253.446262,175.238525,56.406837
81.445181,252.469582,168.130890,59.591095
83.989958,250.869003,166.909897,64.072250
83.763525,249.601673,176.861908,67.675209
81.126502,249.571503,179.410004,70.377090
78.459265,248.074982,168.061554,69.456192
70.956435,248.078167,161.558853,62.064079
63.124495,247.272345,153.317978,55.918674
54.484625,245.627672,154.850220,56.125530
46.451308,245.320374,162.187424,57.152267
40.820830,244.198763,168.029221,58.040630
36.225249,242.719011,175.622574,59.322094
31.820326,241.221378,178.012222,61.694374
27.312315,240.302731,178.721420,61.277214
25.401259,239.468912,172.081680,59.867519
26.512228,239.892839,169.056793,58.803570
26.726050,240.493076,155.728180,54.484200
29.903929,241.667707,142.023422,51.009205
27.459944,242.267824,141.178268,51.014874
31.094603,241.302954,133.364304,52.902348
47.776518,239.567627,103.777695,53.116043
51.062369,239.009136,100.856598,60.580437
38.393775,241.874960,128.312225,55.608433
42.250891,242.196913,143.812347,52.811298
48.494780,240.570997,156.004684,51.930256
50.282370,238.769585,171.829468,53.944641
50.230658,238.146854,187.184784,57.583961
49.164160,238.536261,202.193451,60.329502
34.609747,244.081738,231.970856,56.498070
30.730376,245.259340,254.251938,55.614666
29.750876,243.143196,279.331482,60.939606
29.833914,242.151537,307.359558,63.643627
94.742606,251.837528,269.830017,62.473366
125.766364,258.031387,267.057587,63.427444
129.936545,262.323170,289.391968,64.896431
147.283011,264.891151,309.596008,66.342377
177.419867,267.484844,311.403595,65.442772
218.480841,271.518925,302.063141,66.884315
253.344168,279.456600,298.876160,60.363213
505.149451,244.351389,211.722504,52.771877
496.110266,244.904345,214.934723,50.863171
484.893973,243.933714,217.869385,51.984425
472.084097,242.943840,221.536743,53.007996
465.075224,242.097925,229.876816,53.663326
464.659926,241.313065,230.228470,53.878922
466.164984,240.636984,216.546783,53.535099
455.391837,240.488527,203.093994,49.485027
442.300765,239.506390,219.550583,54.622032
439.959960,238.944193,223.626053,54.690090
432.569266,238.467823,210.805023,53.147102
421.124785,237.444689,223.032669,53.086376
413.055426,236.596624,222.830200,53.856541
404.842009,235.204575,226.322708,54.987991
402.298728,233.886021,212.667023,59.457985
395.453925,234.142080,224.765320,58.597660
387.647353,234.507252,234.938217,59.554268
379.861159,233.444807,228.483383,58.267597
375.039679,232.229515,224.425171,58.288452
371.854704,230.517576,218.768936,58.357349
365.103499,228.746313,220.447311,59.242893
360.004019,226.797949,217.552582,61.488682
351.051161,226.323423,221.453537,61.094166
344.004309,225.282816,223.640137,61.796291
340.335082,225.228107,222.678421,62.477425
335.039603,225.611992,225.113373,61.832886
327.233191,224.455442,228.429749,61.411793
322.667700,223.820183,227.654480,61.833252
318.290305,223.062906,225.315643,61.822903
311.575034,223.739885,227.231110,61.031750
305.358626,222.966957,228.746078,60.698029
298.367011,223.383501,229.710205,59.114330
294.591689,223.048138,226.833359,57.944664
289.526412,222.386736,227.200119,56.749462
286.814078,221.841969,228.895844,56.618172
284.652747,221.999964,222.516113,56.861080
279.928137,220.177420,218.615540,57.337711
279.165938,219.800436,212.422165,57.606815
275.547034,219.111393,206.413879,57.476723
276.503378,219.487593,198.977203,57.458759
270.594573,218.617390,200.492264,57.015450
269.752295,218.270691,192.226624,56.203171
266.954436,218.886572,188.556168,56.529514
257.429343,217.930330,193.324219,56.826031
254.566191,217.471165,190.732468,56.960182
249.409789,217.216852,190.299698,57.382137
247.614920,217.194199,185.289948,57.378494
241.757452,216.711452,181.975525,57.037407
237.929434,216.866661,178.830505,57.181671
234.378638,216.281088,178.039337,58.852390
228.945708,215.103441,178.286972,59.122570
224.978369,213.804089,173.238190,60.037743
218.818327,213.301886,175.162003,61.264286
214.279616,211.727859,175.815536,62.654526
208.641303,208.906178,176.561035,65.566628
202.747870,206.094997,179.134277,68.198082
199.759467,203.901939,175.131226,69.511261
195.524008,199.601555,180.506805,72.807037
190.960814,196.468010,180.102615,75.876923
187.269545,193.700829,180.501511,78.450165
182.892310,191.405811,181.971619,81.505348
177.922659,186.331928,186.975800,85.272499
173.441741,182.182838,190.445938,89.513611
168.738928,178.733795,189.448059,92.397903
159.878783,173.544312,194.057022,97.730911
155.672911,170.738541,191.198380,97.087143
147.816985,170.241554,191.804092,98.306641
138.968703,167.447803,199.036667,100.637733
133.680060,164.883160,198.625977,103.413933
127.983611,163.181747,204.616043,107.845688
123.974936,161.176353,204.772491,108.279022
118.967818,159.085983,210.379135,111.645798
115.458197,157.168098,215.904968,115.396851
106.948004,154.744328,231.127136,119.013680
100.852095,155.207977,233.379562,120.577774
91.706046,153.738693,239.198212,120.731308
84.614691,152.608906,240.754272,121.178871
80.737380,152.419540,237.419052,116.228378
75.831870,149.788120,246.835602,120.686592
68.862525,146.678658,248.224121,119.547058
62.449317,147.677444,255.142212,119.144028
56.043181,151.035622,254.059341,111.743896
52.923071,147.038940,256.143372,116.108902
60.680258,151.518917,251.682343,109.194481
61.080847,141.116791,254.234009,118.936722
73.018439,146.967636,240.293640,111.344650
76.182478,152.104469,238.587265,109.073792
79.996146,155.749187,234.398773,106.476067
84.459692,155.363098,226.006409,106.718155
88.099761,163.804192,216.462234,101.432709
91.164168,163.078995,209.125107,102.954941
100.341773,168.123669,196.823303,100.961418
118.170615,170.412586,175.424591,101.061195
130.038924,175.420197,165.013229,97.145523
131.593092,176.786686,164.993149,94.499702
136.122412,174.223667,161.187744,96.470161
137.830023,179.678661,159.320007,91.142082
140.280638,173.357117,154.772842,95.165054
144.026404,175.307117,141.698975,92.402382
150.867926,181.695374,130.009766,83.246109
150.694724,181.259071,127.857025,83.261230
155.336054,186.742043,118.675499,76.245605
155.588713,184.164623,115.379776,79.236900
158.215220,184.361076,108.342339,77.652802
158.818518,185.731270,101.077118,72.030731
162.001715,183.308701,99.834534,76.013657
163.080912,190.284508,97.546532,67.961121
162.060217,194.954754,102.321136,62.164543
161.471884,184.193314,103.245300,68.966507
158.550379,183.462555,111.124626,74.391983
160.160136,189.056824,102.830376,62.921921
163.666754,191.915735,101.687378,61.586605
156.449538,193.153214,106.732742,51.978134
162.767371,191.395876,103.445709,60.046093
161.645960,193.349611,126.968590,51.944988
160.257491,193.271788,126.496536,51.089283
161.971266,201.811607,135.373001,42.222046
165.115942,199.472818,141.070526,45.546444
164.387183,200.679819,148.399109,43.831783
179.878005,200.849426,138.301834,44.140182
178.278914,203.946182,144.158218,43.104141
177.699553,205.812895,149.734726,41.983814
176.019408,207.480581,157.111404,42.089603
172.738303,209.006786,167.149994,41.122002
173.088187,209.547165,172.247711,40.810349
174.297575,210.730402,177.370071,40.063381
177.043540,209.283970,182.907532,40.867104
189.261176,213.091097,181.746918,38.479443
195.939055,213.028906,184.027817,37.208286
207.404433,212.950098,181.834854,37.302883
208.498930,212.973148,189.134842,37.568275
211.161017,213.387236,195.137543,38.259785
212.017958,214.650728,203.406082,38.276073
214.496787,215.050444,206.290710,38.197987
217.367987,215.925497,209.544952,38.501194
220.687186,217.502533,214.267090,38.126022
226.813292,217.566683,214.923538,37.737438
232.515387,219.067200,216.095734,37.149612
237.043509,219.181549,218.728912,37.264908
242.317870,220.587065,221.108475,36.117634
244.610045,220.532831,226.049973,36.774410
250.324576,220.043669,228.348846,37.491383
254.614821,220.649265,230.426437,38.000679
265.448744,219.112190,223.685074,37.996307
268.799696,219.623430,229.600021,38.436199
274.209258,220.122753,233.646805,38.600853
280.372443,220.647970,234.350067,39.208683
288.978949,221.954624,229.876282,38.806618
298.872427,220.337902,226.736023,38.758141
303.400275,221.706461,230.135742,39.278286
309.369421,221.879311,229.174744,39.303406
314.636351,222.862467,226.380356,39.184475
319.607810,223.291929,226.512482,39.966419
327.031332,223.272650,221.500702,42.222874
334.423094,223.235916,218.287552,41.890610
341.223593,221.669134,216.953064,43.365726
351.543646,223.023680,212.612061,42.979328
346.031462,221.714540,224.130325,44.586926
349.279250,223.015871,228.813034,45.384258
359.069388,221.211073,222.369598,45.956562
364.356505,222.377899,225.200455,46.194016
365.871352,222.517323,230.557114,45.548195
374.638510,220.706776,227.738434,45.978096
386.116705,220.776257,220.722717,43.952293
397.486502,222.207497,218.386017,43.418427
403.720770,221.260391,219.622253,43.183640
412.994200,222.919270,217.544754,42.556221
418.865912,222.853512,214.403290,40.701164
422.279822,223.684437,219.741394,39.926460
431.364073,223.271683,216.815811,40.039658
444.525473,223.547756,214.649475,41.135887
447.303999,224.899162,222.471237,39.062622
457.182364,224.268177,216.273102,40.208565
463.384772,224.187464,214.610168,40.575680
471.942542,225.984587,209.648010,39.196095
475.837622,225.307362,214.129364,40.766151
482.616629,225.503773,211.019104,40.486244
491.539298,226.806417,207.855438,40.388889
500.263274,225.978186,204.646774,40.740086
507.568976,227.950035,203.260803,39.440247
516.352103,228.470423,201.693542,39.379330
523.056304,228.250654,201.173019,40.919361
531.551100,227.920639,197.554977,41.646713
541.970755,229.070791,196.803314,41.104771
547.944304,227.677832,198.441177,42.250889
556.254653,228.451645,197.118973,42.248184
562.370017,226.997799,199.264771,43.316307
569.723898,227.338377,196.494232,45.707355
578.648489,227.501236,194.059052,45.082016
580.820868,229.022181,199.362305,45.285641
585.002799,228.289198,202.539368,46.220570
594.294386,228.567915,200.026596,46.774036
596.434744,227.784733,204.853394,47.530464
603.040625,230.765223,207.812317,45.275356
605.479590,231.647671,213.931671,46.488884
607.837187,232.093048,221.951859,47.575455
612.250258,231.477669,225.218430,49.560669
617.583785,230.489519,227.078476,51.037151
623.965056,229.915129,227.033035,51.469501
633.577940,230.808174,224.901199,50.718384
642.084517,229.580769,222.599289,51.705177
650.569258,229.307533,221.977707,52.120605
659.559309,231.215422,221.257858,50.683979
668.057555,229.207752,219.970779,52.251869
676.259680,231.488325,218.094971,50.642872
687.374342,231.343035,211.351303,51.151165
696.632704,230.469973,207.776962,52.268383
701.328757,230.249475,211.370575,52.341824
713.345908,229.438614,206.528656,53.865036
722.540274,231.451168,203.600250,52.758018
730.877676,231.394527,202.300690,51.985497
739.135588,231.391695,201.376297,53.683544
747.277152,229.605204,202.970001,54.826778
758.343588,230.142347,199.084503,53.552479
764.518431,229.055132,201.067947,55.847088
768.666129,227.979898,206.584503,56.248592
777.063086,227.880835,208.568848,57.071415
785.947119,227.246592,209.053162,58.390987
793.248938,226.710423,209.681458,59.963264
794.510878,226.023630,215.943527,60.161373
798.711249,224.495623,221.598267,61.046062
805.872275,223.597839,222.440704,61.310196
814.419775,222.753630,222.925171,61.366413
822.184058,221.438667,225.246338,64.891846
828.935950,220.382252,225.210388,66.600502
832.475264,219.853394,229.292099,67.380020
837.920424,218.881191,232.858261,66.043968
842.385085,219.023884,238.772812,65.302223
849.414877,217.463043,237.173737,67.271988
853.518149,214.798145,239.312347,68.798866
856.882140,213.274323,244.213089,69.038528
862.481802,212.135201,244.675751,69.562927
865.363356,212.289822,248.896103,70.265221
868.328169,209.155869,253.341965,73.309433
871.120581,208.192589,257.757629,73.687042
877.419775,208.489807,258.715698,73.957474
888.505530,207.494164,252.894592,75.083527
898.537947,203.601967,251.171677,78.585693
905.911124,204.787033,248.090363,76.828293
913.894965,201.877811,249.520447,79.748055
919.879477,202.314152,245.941803,77.427559
924.177718,201.342297,248.309250,78.333855
928.009314,200.294117,247.946167,78.346169
934.887106,201.246326,246.074127,76.359779
939.324973,201.326756,242.516327,73.848824
945.528815,200.456688,235.279480,72.201813
951.137228,200.056435,229.600739,71.107239
956.518927,201.770664,224.120972,68.809639
960.561408,200.631680,220.521667,68.296532
963.531378,202.064217,218.966980,66.073120
967.148009,202.725319,217.490860,65.234375
972.228728,202.624701,209.353043,63.579288
984.276579,202.976280,192.706375,60.707611
986.945494,201.796606,181.815445,57.516605
1002.255881,203.343697,165.136322,51.863037
1010.977713,205.492964,151.114441,51.351551
1018.068915,206.772261,143.255310,50.591816
1026.058264,210.160084,132.708099,48.188057
1049.375079,210.336695,108.593300,48.183773
1049.576735,213.865461,107.586227,46.390308
1063.711104,213.617279,104.377640,44.643631
1076.992148,213.192314,102.841309,45.119354
1086.912611,217.253124,88.009903,40.540062
1157.543360,211.844780,121.735405,43.042603
1155.934954,215.446533,124.065046,44.749710
1156.448426,215.733940,123.391159,44.295837
1154.727689,216.131792,124.972038,45.900433
1154.471833,216.495684,124.048325,44.343090
1156.480680,220.226440,122.846123,40.345779
1154.547582,216.901405,125.452418,44.723480
1085.148615,217.859579,194.851385,46.420933
1089.369771,221.912180,190.630229,43.090389
1064.225516,223.331642,106.458626,43.533936
1060.076438,222.339453,117.965767,43.461613
1075.999015,114.003632,71.027657,157.044495
1044.173392,110.155388,110.968452,149.847855
1033.182337,96.816536,158.809692,147.294724
1020.663516,211.487728,188.556442,63.902901
1017.457423,224.565729,182.713562,46.638012
1018.061160,221.159893,182.666306,50.865425
1007.743838,225.241600,216.419174,48.357834
998.095965,228.948435,189.796555,44.576488
997.863330,227.555676,195.792099,47.809456
990.005992,227.966211,179.312897,50.556744
978.046633,225.332647,191.936447,52.813923
972.920748,228.241503,189.672836,52.230984
966.075251,229.727205,192.951080,50.258358
960.807131,230.102127,197.082291,50.182098
956.058306,231.139832,201.970596,51.211670
797.179408,273.570984,257.232574,81.268372
798.533763,251.461124,324.772034,97.487053
826.999583,247.355499,315.895325,100.876709
831.414652,238.870075,313.270752,108.778648
843.354014,243.189610,304.611450,99.609673
849.928462,243.830334,284.422272,96.491493
863.364039,243.041386,253.744171,90.945671
870.499133,240.602703,247.577011,87.626686
870.117892,240.582375,246.096817,84.996323
871.212451,237.541153,249.952316,83.857330
874.701098,233.785103,253.187607,84.343307
878.786151,231.068535,252.782944,82.780472
892.785746,228.424698,245.943237,82.286469
923.062060,224.707798,221.965683,82.135674
957.216921,220.779255,186.448257,82.319725
974.420565,216.200077,166.948135,85.862236
992.716937,211.664734,151.403793,86.433411
1007.823863,208.737926,140.676208,92.755836
813.760195,257.665075,190.284607,41.421192
812.712504,257.878143,199.415726,43.043182
810.461497,259.384331,209.694382,43.712631
802.543963,260.921425,204.969360,40.969528
801.016757,261.193460,196.979156,43.050121
795.282519,261.557152,195.368195,45.026443
789.068980,262.862823,196.922256,44.381744
780.766932,265.936794,193.639206,42.503883
775.277682,265.395555,194.158447,44.356014
766.277667,264.908863,197.168976,44.723961
760.008845,265.380186,189.128494,44.647312
755.465975,263.245193,190.721344,47.245148
750.402857,263.210024,182.163254,47.557034
740.129794,262.859299,188.740234,47.704285
736.384394,261.018919,184.446243,49.048130
728.875628,259.206348,184.451202,49.782249
724.472689,259.363214,182.207031,49.630260
716.360675,258.470573,184.521027,50.298233
710.386370,258.626114,182.397156,47.522400
704.613978,258.793718,185.397812,46.773067
700.798785,257.638672,187.469849,48.187866
693.316645,257.534744,192.423843,46.880981
687.535807,257.571104,194.783066,47.017673
682.510012,256.481241,196.676422,48.251080
676.997363,256.670387,198.079834,48.428543
669.535403,256.718199,201.017365,48.214603
662.877551,256.360437,200.959076,48.603985
661.095393,255.584953,197.803665,50.344620
659.267535,255.884396,195.542511,49.658058
657.823489,254.988787,191.013397,50.417446
658.848818,254.852499,183.127991,50.493732
659.613040,255.153561,176.188263,50.431618
663.078585,256.337917,163.914795,49.724892
666.987582,257.014936,151.712555,48.894169
669.905429,256.939140,144.236359,47.419724
671.428858,258.469273,133.463699,46.261314
675.112342,258.920399,120.556114,48.960564
679.023650,256.728617,113.257545,52.540142
677.388713,256.092678,100.869614,53.712624
678.527110,257.653166,92.237137,51.248234
677.241679,256.719046,88.106522,51.833942
673.551634,255.714172,101.335976,51.228973
667.605670,254.169720,131.831512,53.577919
672.774119,253.043890,118.617233,53.811512
675.577632,251.919781,114.022598,58.311958
674.906336,250.258595,123.290421,59.931175
765.469767,266.716150,184.929611,55.262005
769.932925,272.302698,203.588684,52.740154
761.375437,274.129725,206.050797,51.145000
744.510508,280.174744,207.118790,46.223846
730.955767,282.041925,207.419312,44.571758
723.143664,285.617079,209.082977,40.578892
707.183406,286.259386,214.085495,41.745541
707.236521,286.504850,208.001266,40.613895
704.361552,290.071220,205.342239,37.671402
695.281253,287.625408,201.697021,41.062386
692.858378,289.790350,200.174728,39.408955
678.930796,288.600950,204.328049,38.885136
676.321200,278.560303,213.060242,48.533447
662.531420,285.238510,207.551666,45.351898
671.965960,279.237171,191.348724,47.693993
649.133776,282.115444,201.712921,45.091621
678.203051,226.952869,280.794952,74.344444
681.804766,221.871105,282.751740,80.787514
695.263995,219.589752,276.459808,77.287964
692.302783,219.218853,287.768646,77.542946
696.011965,217.738800,293.172363,80.257080
703.451510,213.069515,299.911987,86.094795
713.078066,211.332222,297.537537,88.155991
728.920458,209.173290,291.419281,86.021584
733.540408,208.466156,298.283325,83.494080
748.070407,207.442913,292.056335,83.902199
757.419909,205.580055,292.260223,83.780930
764.418643,204.832493,296.833740,85.246330
771.275759,203.798405,299.737244,86.499016
781.166735,203.515949,295.527069,86.519249
539.818270,248.014179,183.578659,63.257713
538.937724,249.903961,167.969208,59.061829
538.829775,250.043184,164.307266,57.672909
540.577662,250.910278,152.191498,56.911255
541.310496,251.463615,142.108337,55.022903
544.029673,252.073614,128.333282,53.885273
547.565730,254.009329,116.879974,51.183949
551.467723,253.375544,103.259399,49.207073
557.919352,251.277082,89.680878,51.944553
561.580187,251.143005,82.457138,53.957550
563.936022,251.576017,75.559219,59.415470
560.991908,247.976532,92.616882,57.979340
562.771056,250.223639,96.177727,48.099079
560.755221,249.850609,102.722336,47.360062
563.329795,249.188906,108.537086,51.393337
566.983248,250.139624,113.543411,48.525471
569.218779,250.427277,118.365410,47.679077
570.018508,249.954679,126.756218,49.074650
570.395960,250.947096,135.368500,48.873417
572.211245,249.822201,142.236801,51.040535
578.349139,249.532753,148.949112,51.670822
581.531397,248.701616,157.963531,52.228725
593.363925,248.053684,159.424881,53.093071
600.618632,248.977638,166.467377,52.538712
604.713381,247.876415,174.564835,53.806038
612.842433,248.306133,183.975769,53.477272
611.035212,246.481272,199.140381,54.607708
615.907008,245.991945,207.893066,53.222591
620.466151,243.794430,218.710632,54.660591
621.887530,240.521236,230.344315,57.744026
621.922274,242.437660,242.519394,56.040207
620.267192,241.901754,258.368500,55.652546
625.153117,240.349222,266.359955,55.892254
626.292964,239.855101,276.391785,58.453739
629.352076,240.725147,287.252258,57.252769
637.675501,240.968410,289.008362,58.740547
651.640254,239.664970,286.033508,59.477493
666.288966,239.239403,286.702332,63.125076
677.693034,239.387436,285.268524,63.190521
690.517695,239.088711,283.087952,66.702461
703.189585,240.097595,276.804657,68.438049
712.958323,240.387291,274.589447,70.282913
723.572352,240.645515,269.876953,74.078964
735.428355,240.481716,264.853851,77.627266
742.041911,241.154312,264.960052,78.873260
746.998530,243.306808,258.717712,79.250824
751.911181,245.415257,253.852127,77.351250
756.530230,246.251995,248.384964,76.685402
756.260241,248.251034,248.229996,76.336861
758.449931,250.107986,243.725433,75.297699
764.186701,251.067581,245.174011,74.719879
765.087252,253.957848,249.725449,73.340652
767.632304,255.466988,253.586578,72.760605
772.936587,256.795013,252.787521,72.703552
772.603770,259.479309,258.364166,71.612183
774.631556,260.546391,263.812073,70.692131
785.270686,263.106438,261.480774,71.174881
784.958506,264.769650,270.699005,71.891548
795.131327,267.174435,267.435333,72.415718
798.078700,269.801270,269.464172,73.252686
809.591105,271.650810,264.299225,71.528152
809.863093,274.223907,273.107544,71.115662
821.069255,279.005482,270.814545,67.889671
825.881709,280.726986,275.119446,69.528145
831.735850,284.091766,278.888336,70.542480
837.178645,286.777733,278.815979,68.075699
843.981242,288.600872,279.183380,70.341347
849.535594,292.271034,280.776825,68.240463
854.996455,295.090710,283.124756,66.525002
862.863612,297.744083,281.082153,66.049065
865.781565,300.334892,286.656403,66.393448
868.218165,301.865807,298.497192,65.905411
874.653788,303.989487,303.352570,64.107147
883.256510,307.294399,305.711029,62.182137
890.112498,310.280008,301.689789,63.626812
900.144526,314.988092,291.171204,59.280224
914.810588,320.074747,282.876495,59.303570
923.909281,323.485510,277.293732,59.706165
933.231700,326.710478,271.700043,56.302128
940.711192,328.531326,270.332306,53.048676
946.037242,328.456896,269.331757,52.835720
963.109782,331.021204,253.291229,53.206249
974.845095,330.659262,246.104172,50.274372
987.320902,330.120525,236.293610,52.153297
999.318293,329.926567,227.621521,54.140152
1067.488421,211.413712,139.141068,80.243134
1061.945681,212.804508,135.383224,67.684990
1062.464183,213.168831,125.312561,67.381088
1058.542205,214.197556,118.243309,65.189240
1053.173030,215.552330,118.445496,61.442642
1044.031935,215.175137,121.900932,59.041451
1036.733348,216.059935,128.372162,59.183537
1027.054186,216.249891,141.316574,54.176975
1020.656947,217.629566,142.874786,58.389091
1009.111415,217.333586,152.595337,53.499516
1002.638316,215.673946,156.694214,48.959999
993.332873,211.204580,165.227798,47.032154
990.490946,214.208166,173.599030,48.273823
984.576602,218.122814,185.322556,49.862129
977.223216,225.632666,192.491791,49.984211
973.978030,227.745728,194.964798,48.023193
968.678050,229.560785,202.111511,47.914318
959.223300,234.006546,214.867722,47.666779
952.278567,234.626959,221.031082,48.198627
943.739337,237.124638,225.648575,46.225670
935.717753,236.191927,220.688232,45.968929
925.702746,234.579029,224.376175,48.170860
913.729785,237.488306,221.573318,42.679455
906.938906,238.361095,220.418869,44.377327
901.567744,238.259756,215.342712,43.669147
895.458384,238.248299,205.591949,43.268387
891.506106,239.635099,204.147110,41.499363
885.373934,237.916037,207.493942,43.079578
879.241877,241.133598,207.759094,43.190720
874.246211,241.927639,209.846558,42.757271
865.736766,243.536049,220.982452,42.741013
862.895327,242.080893,223.657547,44.608906
858.618228,242.990118,229.424728,44.638599
848.954463,240.564037,241.215637,45.763222
910.084002,328.450310,208.143509,43.392960
901.901499,327.470367,213.209442,42.642517
886.096957,326.350525,221.795364,44.399902
875.583430,325.772665,233.536133,45.718128
865.227572,325.904722,237.622726,45.279697
855.500369,327.393396,237.117874,43.716839
845.897044,329.070948,231.682526,41.347851
838.056613,327.695999,220.485611,42.326630
828.916293,327.480169,225.463943,42.208485
810.812510,326.902622,234.973572,42.325401
806.583178,325.317331,221.525162,42.615582
792.823786,323.729603,224.703156,43.570488
778.876628,323.900881,225.624176,43.366604
765.806422,322.242136,223.442413,43.467052
762.311785,322.317011,217.874313,42.393505
753.574999,320.932209,213.321793,42.058159
739.000765,321.619934,219.708359,40.961060
732.454402,320.949322,212.561005,40.132729
722.725978,321.905083,220.214569,39.267075
713.320986,224.998486,216.708389,49.092506
704.824549,222.204559,220.544464,50.176941
699.631755,222.560236,217.010315,50.842663
687.795825,221.663120,228.032455,51.293938
676.630152,314.633894,215.110870,44.313328
668.388667,312.239395,205.896820,45.232117
656.471690,309.269598,216.959717,47.800312
652.759905,306.768576,213.679276,49.802326
648.483058,305.301109,203.236755,49.843826
639.084193,303.266270,207.235291,51.760155
632.266741,302.149521,193.977249,52.278442
621.032839,301.253145,197.357498,51.481838
618.309359,298.999645,184.603561,51.270363
611.614588,221.209581,228.664490,49.883846
602.478205,295.102160,173.927368,49.349911
599.258639,295.495659,166.002396,47.832047
585.889949,220.753057,229.358154,50.282612
580.422663,218.198236,231.105835,54.068218
577.582995,217.264965,225.364090,52.293098
574.518504,215.376921,222.092804,53.478245
571.173899,214.295370,220.009979,52.711109
563.880526,213.239201,218.290756,53.175682
557.900530,212.523703,219.782364,53.486256
554.328959,210.826563,217.374054,53.580914
547.589175,209.502363,218.038559,53.165836
543.323718,208.084631,217.575821,53.484394
538.969348,207.056332,213.105545,53.733070
533.294482,206.382673,213.766312,54.145023
531.365672,205.315002,209.602692,54.888519
527.677043,203.272305,205.599396,54.972084
529.770922,200.818815,197.914871,57.606541
524.494410,197.597601,195.953308,60.764362
524.098239,197.976511,188.407700,60.314770
521.652774,195.812057,185.719772,62.759521
532.654635,194.578348,165.418137,62.106457
545.034716,200.828238,145.391312,57.388233
546.405665,198.863089,136.878723,59.667988
527.179835,200.492111,151.753937,60.413208
571.348155,332.544628,236.505066,68.845406
579.830149,336.763897,242.740845,68.150032
581.702952,337.628185,259.816956,65.710030
585.184230,343.900751,277.850128,59.784100
592.773356,346.058371,279.141235,57.361439
617.401057,349.408630,265.390045,56.355255
627.563166,350.174976,267.359894,55.361565
650.510569,350.808533,251.594910,56.338470
669.253634,351.317205,244.305801,56.369526
681.807254,351.957155,240.828506,51.508022
703.404566,354.036161,227.253143,49.818882
718.586939,354.525915,218.176178,47.762959
738.151812,355.509693,203.868942,47.102776
752.549212,356.239508,196.279037,46.141376
768.792803,357.238077,182.084427,45.231457
779.717646,357.158188,174.554810,42.898621
789.194056,354.959105,165.792999,46.147465
798.759799,351.316013,152.298019,48.745354
806.270014,351.323530,142.575531,50.495518
816.538802,348.915979,126.743034,50.570568
829.930602,345.582699,113.878258,51.767159
842.289145,339.078320,104.671486,56.916725
852.723288,334.984356,96.403450,61.229958
836.532794,334.879761,115.703720,60.706024
826.873397,332.084534,126.912804,62.267273
833.145346,330.260761,122.916908,69.311302
825.242755,326.294033,132.906540,66.203773
812.248263,322.415859,150.873947,66.720894
799.394984,322.003654,156.216583,59.645370
792.247355,320.040503,167.105621,59.780109
778.983615,316.132736,162.016830,56.598602
770.638095,312.172604,161.614639,55.747292
761.788653,304.616840,167.831284,62.158012
591.654841,215.041767,226.410034,81.764580
586.815844,215.225548,236.828262,81.506027
591.258113,214.031883,238.531311,83.493271
598.385714,213.085567,239.384567,84.677834
597.609423,212.045830,249.806168,89.374069
609.807833,209.284336,242.700485,92.751915
615.799662,207.419720,249.189178,97.125130
625.400546,201.733353,251.134079,105.649719
640.369952,203.291939,250.923904,117.989578
646.765643,199.060024,240.850540,112.448341
655.990496,196.534027,227.905777,105.038727
660.953723,196.885185,230.511185,100.997421
666.543925,194.134819,229.268585,95.085068
663.734698,191.761658,238.162613,95.982208
670.806063,189.536354,240.322433,94.891983
673.242541,187.425140,246.400894,98.989899
681.317835,185.374859,246.928711,101.863350
700.427989,184.795387,230.257599,100.969925
714.118174,182.307224,216.708527,101.416283
718.482501,177.312881,214.569473,104.377441
719.576472,180.052906,203.308350,101.726555
728.224642,169.541702,198.277512,109.009155
733.760913,185.405602,185.529617,95.599960
742.523516,191.105217,157.741043,91.178635
746.491702,181.634789,159.197800,114.552292
759.978182,192.957382,154.095261,93.502869
759.583174,274.607170,114.146812,71.436142
769.519629,275.210018,104.514992,74.162697
776.349497,275.611698,101.541107,74.210442
789.584376,270.864628,85.280151,80.045280
795.652396,258.542702,79.777992,90.262619
798.492591,261.678040,75.098030,87.605652
794.862197,264.504475,75.661888,92.177147
794.891184,269.857327,70.435852,88.393349
789.652442,265.489635,75.948372,95.016640
780.043418,267.946678,87.849220,92.072678
768.178935,265.426666,105.632385,94.719513
757.445716,263.999161,121.777016,93.069763
746.523181,261.694920,133.364090,85.331810
729.066058,166.463047,185.663162,106.112053
715.538653,168.680485,198.098099,103.660149
722.606928,254.819363,171.199158,92.204720
707.964228,244.480778,194.059326,102.858147
701.138728,247.582287,201.199768,95.941322
689.776812,246.280464,211.579971,97.779343
675.632060,242.317112,219.271942,101.023186
662.056285,238.583488,223.342133,103.841019
648.194201,235.868443,224.664749,102.231194
632.973635,233.659912,229.843430,100.459717
623.661639,231.472813,224.807510,93.806816
612.415133,230.970222,234.313156,92.235275
600.244380,228.250965,241.020325,92.099815
589.558489,224.581749,250.905716,91.547562
579.453211,221.573242,263.602356,89.786987
560.926829,218.068634,285.666107,88.373413
552.808009,217.291286,285.529724,84.939644
539.987040,217.324936,288.777557,82.096161
528.721797,216.656059,279.962585,75.455887
517.443385,213.902721,282.050171,73.092140
499.611735,211.304916,295.465240,71.855560
497.643840,209.266861,268.157257,67.421661
487.610682,205.926208,281.267090,65.986267
584.657153,134.188004,231.155960,80.968475
590.598735,135.604515,226.698273,81.668839
599.300471,136.596878,227.912231,76.810944
598.795649,137.180634,212.226379,73.457275
596.033976,133.606541,199.559296,73.606194
596.237033,142.373243,197.432236,63.826084
600.721484,143.167412,177.827469,60.855728
596.773020,140.756746,175.309723,58.660030
594.545466,142.084505,173.261932,59.686092
593.025653,141.691916,155.091995,59.635761
585.795329,137.404757,160.863373,61.823238
579.409892,139.554991,156.563873,56.264713
575.954447,129.109390,153.485657,65.655731
575.338320,129.508846,141.344498,68.608498
570.186099,118.062737,145.728256,87.141220
582.553965,134.659237,129.306305,71.005653
573.272303,138.897930,144.939911,72.487373
567.367800,123.714615,136.488815,82.889221
574.638339,136.832798,137.407150,75.439476
564.281764,121.913734,135.938965,90.085831
592.293753,148.466297,108.307381,69.682915
598.776656,145.849968,89.962730,74.431137
599.530883,138.757809,73.765282,77.370399
508.953604,135.184715,107.546288,146.216476
506.781027,142.909203,123.185631,143.680344
486.353930,143.547829,132.060028,149.098404
480.024790,144.968254,131.097275,147.117661
476.991954,143.945488,136.821335,137.091171
474.118609,152.018745,133.962189,127.298965
475.977046,146.287548,146.524918,123.462471
571.153918,155.930546,157.794586,70.053490
493.607958,164.275276,241.207062,75.435013
495.993998,167.082104,248.917038,74.855354
564.947207,177.344788,194.848267,65.157196
609.037394,184.950985,161.207504,64.557716
613.424349,190.777119,167.046204,63.165398
627.180873,199.385201,163.440811,59.554092
622.716281,205.356312,178.478455,57.266869
637.888728,209.817823,170.067642,55.766209
636.292315,215.400372,182.600342,54.303841
645.854548,218.268160,180.066696,53.740841
651.226535,221.341413,186.125183,54.278080
659.054911,225.984186,187.076889,49.369884
667.415888,229.744850,187.425980,46.476395
676.928889,234.135435,182.607498,45.211002
690.555766,235.291636,179.071396,43.450359
706.268679,236.930809,172.675232,43.458725
708.157038,238.124073,178.431961,41.861931
725.490748,238.000385,164.927902,42.133110
738.333346,238.476446,161.610260,41.849201
737.056864,239.965364,169.025589,42.809048
749.179080,239.120811,162.328217,41.788071
758.450091,239.327085,158.267517,44.729313
765.509883,241.000555,162.262741,44.076344
774.796603,241.572264,165.488556,44.023746
777.038584,243.195980,183.741043,43.577888
781.511401,243.255383,189.238647,43.451515
789.335284,243.490541,201.700775,45.379452
794.170451,244.341236,207.022873,47.069328
796.344248,246.549170,213.360367,46.694355
800.338275,248.974422,216.322052,47.643166
817.956805,247.783127,204.948578,48.665283
825.391925,248.716944,204.726166,48.117474
837.480586,250.271082,197.516190,48.115643
851.356982,250.555065,188.343323,50.128883
871.478373,251.330017,171.999374,50.567169
880.757296,253.958780,164.954803,50.600750
897.974398,255.457184,148.087646,50.435944
905.361804,256.843054,142.282318,50.748646
918.362528,256.661427,130.915573,50.417351
926.317267,258.530979,120.322746,48.576958
939.853480,261.742863,108.677719,47.192924
947.786627,260.278347,97.746483,47.922157
960.372378,261.315519,83.094208,47.743046
970.098544,262.357031,71.529938,47.259113
971.112914,264.119204,67.941963,46.990170
965.510897,263.797129,73.384857,47.986431
954.347296,264.158047,86.272911,48.638588
946.102877,267.971405,98.825043,45.830780
935.781306,262.424892,112.281174,51.277229
923.510783,260.732782,132.097183,52.997997
916.387904,258.868523,137.656967,53.155167
908.673052,257.047026,144.346771,56.361546
901.916339,255.279427,153.960114,56.153519
895.745219,251.661894,162.580734,61.074406
887.503955,247.849091,172.991852,67.552216
877.687487,244.710278,187.569550,69.418098
870.175082,239.471466,197.337952,72.838226
861.777011,236.191177,207.974670,73.223511
848.596926,232.271961,223.455811,74.320854
841.059199,228.094929,223.766922,77.839287
831.479083,224.816250,229.226959,79.910439
814.031840,221.260101,230.641342,80.028717
800.401568,217.842953,236.448334,80.170143
789.613162,215.482357,239.606323,79.447609
777.465068,212.063343,245.210556,77.225945
760.212710,208.770130,263.691223,77.156242
753.194445,206.091179,271.420074,76.893234
740.653720,203.775833,282.531189,76.157227
729.433535,202.066952,287.482788,73.008095
715.528369,198.846287,298.022614,68.536156
708.141818,197.078300,301.762268,65.164108
696.137728,198.916939,313.226562,61.231522
682.616595,197.076624,315.662140,60.863262
672.764147,192.988255,317.641693,60.498009
663.313662,193.183449,312.884949,60.837723
656.796450,191.594622,313.686707,58.576290
646.596224,189.640888,316.859802,59.198723
641.869067,188.645313,296.683990,58.656242
630.708209,186.741957,309.459198,58.801151
617.721545,185.110006,313.865204,58.101307
618.183596,182.658461,302.807800,59.024845
608.979678,179.228989,300.794556,60.945068
604.754885,176.300060,294.405640,65.560799
600.895510,174.157703,291.836304,67.777458
596.735202,168.853924,278.698181,74.246651
598.915240,163.946182,265.734955,79.591675
594.498980,159.469326,260.767487,85.745338
586.439791,153.708767,265.298828,95.697975
579.658534,149.204952,253.269974,101.287453
573.701266,147.249432,256.793518,104.200386
565.456858,146.940266,255.018234,105.550652
557.770243,146.564274,253.713181,108.791771
545.014941,145.916130,258.016937,113.229782
533.685458,145.425560,257.543396,112.601547
522.833422,145.401440,254.676483,112.522408
511.433077,144.965897,257.674377,113.660645
504.462466,144.565254,257.807678,112.016312
494.611514,143.968685,258.338684,108.792641
486.157427,143.478741,266.467499,109.920113
478.422061,142.701008,267.385437,108.265312
472.799151,142.906067,266.982880,105.730682
465.188433,141.500675,273.249481,107.483543
458.036303,140.386143,274.152374,106.950340
449.326129,141.077579,277.833160,107.891808
440.694323,140.474766,281.496002,100.594322
428.207324,138.709576,289.107086,104.979317
421.863711,138.868053,284.866089,102.859138
411.821795,138.175808,287.777435,107.483315
402.104159,138.047199,282.692566,98.294304
395.242983,137.898384,285.878906,100.551163
383.323168,137.640781,290.966705,97.001854
373.048922,135.122524,290.439331,97.260841
366.722033,136.292034,284.660309,95.002937
356.795581,137.657429,291.964691,96.617241
350.381213,136.680107,282.301910,97.905197
339.564974,136.565472,283.243408,97.137459
331.772631,135.717075,287.438995,96.468224
401.371615,314.369358,208.235168,51.141197
415.500109,320.850283,204.640533,44.585964
425.285838,322.997936,204.491043,44.021523
435.222445,322.548214,206.433838,44.706795
446.544894,324.264067,206.608368,45.582310
459.015986,325.105982,204.318039,45.198437
469.684832,323.289700,201.399323,48.687050
481.796649,324.202208,198.020477,49.396152
491.567477,327.497602,198.393127,46.975132
502.929667,329.761959,200.522781,45.658577
511.757273,329.695698,200.370499,45.246208
520.660762,333.839880,202.408890,42.196735
533.657023,335.318720,200.812424,43.538769
539.947840,335.640635,204.610855,45.084576
549.532626,335.951618,204.936401,46.278435
559.351145,337.511791,205.528824,47.905220
570.394816,338.894312,204.592850,47.788219
580.153224,341.460388,196.620590,49.292419
596.024958,341.659935,189.808517,50.381363
606.400561,344.867662,197.552246,51.183468
619.380755,345.531601,193.723206,51.011749
630.991061,349.229942,190.846710,49.157974
645.685137,352.094944,187.087585,48.781914
658.396487,354.448214,181.620544,48.847713
667.342883,355.788937,184.725525,50.099068
676.568606,360.184006,183.961761,47.309387
683.388537,353.578131,180.610748,55.340595
691.353808,355.172947,180.404510,53.282433
699.082316,358.759811,188.938339,49.880829
705.224940,361.219215,195.239914,47.210495
712.519007,361.943235,195.028763,49.322788
715.982470,363.394138,199.813446,47.752708
724.621165,365.357470,198.389969,45.339230
732.578540,364.682566,197.426910,49.011822
735.562716,365.142414,203.003052,50.827019
757.940707,368.175924,190.266785,47.334309
773.173602,371.848574,184.940521,47.678707
783.862849,373.464060,184.605392,45.422710
791.031924,375.202217,187.194458,43.300888
803.446078,375.525610,185.130707,46.702473
808.227992,376.419155,189.764969,46.775612
813.387004,376.398190,194.858902,47.958443
820.151332,378.185678,196.504837,46.513866
821.200068,378.629478,206.435867,45.028915
823.521174,379.081711,212.784470,42.500397
827.241534,378.018530,217.015594,45.911304
833.237406,375.698725,217.225876,48.491558
835.893954,373.998970,221.551208,48.533463
842.069529,371.124002,222.075851,52.034069
845.529963,368.502094,226.265396,53.916435
856.905253,367.441336,220.510849,54.410572
864.333911,365.144419,216.125702,56.253124
887.981860,364.428486,194.283539,57.918633
894.357730,361.498407,185.395752,58.812664
898.913767,359.900570,177.093552,60.420448
914.989390,358.708380,154.672348,60.510639
924.711558,361.518438,137.691452,54.667194
939.831378,358.304577,116.562775,58.524818
945.035693,357.960253,117.409821,60.266750
945.666423,356.323540,120.670792,56.310379
933.695315,354.714149,138.646576,59.031631
921.529116,352.633387,148.289825,58.743420
913.455706,351.794346,159.694397,58.988121
900.323802,351.174511,176.138321,58.778786
888.222972,349.678682,191.597610,59.713772
880.928424,351.183226,200.496521,57.530491
863.945109,352.472450,223.334183,57.314713
852.707713,351.782650,238.909683,58.699257
839.752696,350.459398,254.352676,59.935970
826.259570,352.474369,270.382019,58.831871
808.582583,353.378498,286.448151,60.920097
805.830966,354.961437,278.969635,61.977608
797.178515,357.654755,270.397583,61.373810
784.296038,359.646986,277.252808,62.406559
769.954257,361.681551,286.895721,61.665066
760.979739,362.840483,294.782928,61.499058
749.295321,363.125837,302.254120,62.979740
737.830599,363.256428,309.184601,62.943840
725.162600,365.619110,308.981842,64.906769
713.773745,368.980881,317.507660,64.116821
706.945101,370.931229,308.086273,64.821533
695.360171,373.017021,305.753571,65.286240
684.891986,373.800163,304.214111,65.441391
672.466845,376.453243,305.756775,63.023781
661.123889,375.880100,309.166260,63.832787
653.573123,378.776804,294.536346,61.278576
639.744464,382.092827,300.039673,60.889328
627.451480,382.281004,300.394012,61.587437
613.919009,383.448187,305.974640,61.516132
602.465411,383.330124,324.098450,62.737549
470.612857,254.864325,208.718964,42.203205
486.979678,255.873577,199.575226,42.267250
496.213435,257.327906,195.416000,41.438335
505.541415,257.159451,194.306488,41.734413
515.880725,258.233381,189.878601,40.845402
523.380747,259.038736,194.572922,42.259167
531.273982,259.769377,192.821976,42.164890
539.579508,260.466915,196.869919,41.624306
548.201998,260.346684,193.506775,42.387077
563.424662,262.888405,189.831650,41.364487
565.653430,262.344276,196.693268,41.697037
572.885714,262.302429,200.149597,43.643677
585.108218,263.632059,199.508911,44.950298
592.778201,261.619831,201.103210,47.873985
599.895693,264.341726,203.070892,48.412159
601.996920,263.501947,208.728638,50.868603
605.847514,264.798532,214.349594,52.228069
608.779177,268.226765,220.782898,49.336205
616.464007,269.356928,221.644867,49.296886
622.613970,271.045752,223.130280,49.115833
633.488230,271.453482,218.368515,49.776508
648.550540,273.453136,208.327271,50.226051
660.023608,272.800358,203.819977,51.422234
672.448077,273.656633,198.659393,52.766567
685.815859,276.038347,190.489136,52.776455
693.771655,279.403410,190.702179,51.401615
718.313899,280.272989,176.409378,51.831646
728.585459,279.742149,175.935318,52.378036
737.760195,279.763210,175.396179,53.247719
753.674815,280.062527,170.307083,53.426704
762.331683,278.868149,172.015472,55.628784
776.773806,276.884993,166.760376,57.046970
783.002474,276.026382,170.181915,59.040375
793.987155,272.718464,166.930817,63.132256
801.730441,272.363674,168.245148,64.512428
813.163806,270.043571,167.408875,65.402512
821.278803,267.946239,167.728012,66.409492
828.460566,265.826130,169.832260,69.018303
835.144396,262.722015,172.601868,73.814301
838.960925,259.754044,174.217285,75.015137
846.129611,256.342789,176.066620,76.415344
847.438738,252.181931,181.218018,77.711060
849.113200,248.472660,189.876114,81.304832
849.122615,245.580673,197.854172,84.946777
852.135897,242.201111,201.622955,88.551056
855.799197,238.998608,208.247223,94.511665
856.249896,235.649837,212.119141,97.036232
859.909625,232.212494,217.102356,99.996735
863.712367,228.665977,220.316147,104.472092
868.331629,226.325623,222.679855,106.866608
869.823207,222.358616,226.986557,107.913902
883.848391,219.761200,219.199371,106.960846
880.008532,216.870811,231.804138,117.499863
890.045458,210.506615,226.490723,123.889206
897.484934,208.103622,225.736099,126.659729
898.563456,204.014206,230.522659,121.798645
900.584658,200.946339,233.204315,119.147636
902.045115,197.857620,236.557816,117.586548
902.561366,193.451984,241.367538,121.541985
901.512355,188.037453,248.245407,127.058792
900.686068,185.331482,256.047089,130.448578
900.995394,183.042694,261.070221,132.509979
901.202868,183.567101,268.983887,129.452072
912.619982,182.758705,263.252502,126.874283
925.047206,182.006077,254.665146,123.975609
935.109416,180.671528,250.098587,121.515862
937.286891,181.119411,251.915329,119.408119
938.600650,178.032188,255.892242,114.208298
931.455706,177.703182,271.467590,114.769997
925.922045,176.189701,282.275085,116.365318
921.600497,174.826195,290.010834,120.039719
914.068453,173.815796,304.766632,121.791962
913.983843,170.673122,311.883606,126.007668
914.469821,169.939503,317.849762,124.400688
913.310214,169.053642,326.317230,124.590500
912.305422,167.048546,333.980133,124.642624
927.945239,164.917366,324.512756,115.538223
922.111468,163.648838,328.244019,116.975914
936.110858,162.662025,320.779175,115.961075
941.921069,172.121738,201.159424,104.926048
948.434909,162.696560,303.726349,108.189430
653.836360,336.534651,199.474197,51.555119
665.324046,345.773134,194.852646,45.982571
677.073916,346.657610,188.962494,45.091488
684.418437,347.724871,188.268814,47.352444
690.130839,348.011507,192.151199,46.099667
703.954333,350.681515,184.483154,46.293770
719.875643,349.192997,175.483185,49.126488
726.277857,352.131285,178.790817,48.318089
743.254061,354.844927,170.124969,46.126064
746.026118,353.896078,176.527328,48.358021
768.261561,357.860155,163.640457,45.822475
779.853488,359.103865,162.636475,44.825443
781.650576,358.904079,169.475952,44.977058
796.865649,360.172951,165.171661,46.082138
801.304827,359.209127,172.466522,47.550373
809.443148,361.808672,178.648590,46.920803
813.274790,363.293570,183.872696,44.962513
818.076571,363.747797,189.868866,46.733990
821.085131,364.313202,200.929382,45.209778
824.774523,364.691401,207.363037,46.284130
829.963282,364.413807,217.586594,44.997398
835.420764,364.326675,222.667328,46.984863
838.628733,365.164722,231.615402,46.736137
848.358058,364.923882,237.552750,49.660141
851.257785,365.833406,248.911743,48.379177
869.885356,365.124165,240.687485,50.786674
869.345256,363.879456,249.590439,51.373627
885.063014,363.754175,248.189163,53.341351
903.847186,364.446974,240.565277,52.813419
919.815486,362.601261,236.867874,54.354881
929.078807,363.316353,238.038498,54.242813
940.748736,362.082840,236.411774,57.175354
948.964099,361.468491,241.771393,56.140198
959.713557,360.853640,252.055618,59.119839
971.698870,360.446718,246.741241,55.417934
986.008135,358.602013,251.873688,60.910690
993.266162,358.314295,256.099274,58.367474
999.760623,358.528887,259.959290,58.994381
1004.767703,356.586527,261.606201,62.621899
1007.134341,354.960703,266.364197,63.946545
1015.236834,353.088028,259.999054,66.406250
1019.610278,350.212616,257.303558,69.040924
1028.307780,349.728767,251.575912,71.842484
1034.918231,348.252918,245.081769,72.538628
1044.901513,346.471321,235.098487,75.858963
1069.894635,346.440071,210.105365,75.651138
1089.071242,344.378746,190.928758,77.822189
1105.639968,344.998611,173.702682,77.793030
1112.792007,344.419559,167.207993,76.887901
1125.296409,343.608727,154.703591,78.131210
1137.880977,342.149632,142.119023,77.002342
1152.818247,341.891026,126.544960,74.571495
1162.317358,342.738937,117.579880,72.761963
1166.627764,342.285168,112.616508,70.881203
1171.068563,342.415325,108.611404,69.229317
1176.504171,339.448044,102.362930,70.681335
1185.787313,348.925695,93.438644,59.780750
1197.437345,341.125847,81.401886,65.993393
1208.474287,346.132221,71.525713,63.004326
1206.063598,332.581884,73.936402,58.201649
1195.982307,333.360275,82.851303,51.144287
1163.300716,336.585804,116.699284,65.627983
1093.600569,226.900223,186.043945,57.983871
1080.107610,228.746197,198.792587,58.781487
1070.860967,229.763683,208.523422,59.568169
1060.857366,233.526796,219.142634,57.363049
1052.638797,234.323769,226.024841,58.295166
1044.140399,236.341988,231.349152,58.135742
1036.845561,237.178312,242.134445,59.463947
1022.578166,237.282953,252.363205,61.069912
1016.633242,242.328869,257.642395,57.756950
1004.136157,241.560900,256.011322,59.350384
991.155032,245.449898,270.869446,56.627625
982.250277,247.821808,264.557007,52.966080
976.441302,247.756378,263.545685,55.074966
967.364978,250.769445,247.064362,51.799686
960.144870,253.865417,237.303833,50.182388
946.620120,252.059290,254.338257,53.093838
938.280864,254.149467,243.966904,50.943695
930.567126,255.550737,231.555695,51.711773
919.701625,258.179377,227.482803,50.088223
907.246997,258.412136,243.299286,50.057457
901.395465,259.789427,242.083771,49.060505
891.023120,261.073605,237.091827,47.693199
878.800319,262.413324,234.433212,46.648342
869.304362,261.086079,233.556473,48.595741
861.300013,262.522291,229.938828,47.751392
852.207240,263.637444,233.998520,49.803680
842.532191,265.010014,236.111130,47.931709
834.619700,267.629784,235.933792,46.596039
826.865481,267.998058,235.002045,46.932426
817.726588,269.294090,236.597519,46.623383
808.610896,270.583191,225.854172,43.740494
799.106089,270.492088,223.158493,43.976288
787.169604,272.470507,236.519135,43.701488
779.414744,271.359547,227.487991,43.932594
765.815287,271.202497,244.881393,45.729786
763.455226,272.592556,227.284683,44.223717
750.432544,272.367403,227.897583,43.978405
740.969111,270.194654,231.778885,47.796253
729.928569,268.780018,236.707047,49.424721
722.915782,269.741222,232.700821,48.765800
714.661273,270.249588,228.160034,47.569016
713.501971,271.576963,225.128357,46.794270
696.170222,273.133724,234.936142,44.993004
695.531527,270.899920,221.621429,48.371258
686.563105,273.734777,215.896194,44.583073
675.090297,271.516356,216.041367,47.318378
665.391971,273.804987,222.456146,46.157406
649.806819,270.352142,227.680496,49.040909
647.827090,274.509916,222.282776,45.872334
638.114177,271.452112,226.901779,48.571651
627.179393,274.606337,225.915970,46.364765
617.877345,271.741274,224.373093,50.087688
616.603206,273.157396,218.273544,50.010021
607.969508,270.323912,219.929031,51.518421
607.424716,270.876081,204.888916,49.310139
593.999026,269.334410,213.753693,52.387287
591.514369,267.501038,207.590561,53.583694
584.486346,266.362103,205.982788,55.933830
574.822726,264.121321,209.682709,58.250111
569.411815,262.716713,208.171036,59.602844
562.552371,261.565117,206.505585,61.434967
556.147364,260.564877,202.707138,61.035118
548.739055,258.865599,199.117813,59.951557
543.063487,258.067759,205.519852,59.633114
533.293139,256.310120,206.972900,59.674698
527.933146,254.906740,207.502762,60.195019
522.749240,253.072268,203.816986,60.494946
513.867823,252.510126,206.362106,60.554470
510.245303,251.112633,206.040497,61.929413
502.116252,248.765913,210.011368,62.828175
493.489184,247.539007,211.430420,62.569950
486.314692,246.415308,212.699753,62.373013
479.794215,245.373440,211.837326,62.283653
476.583156,244.178207,208.203903,61.905197
466.435260,243.345787,215.261108,61.180328
459.225482,241.628325,216.045105,60.101093
451.917811,240.505804,214.729172,58.051517
447.850551,239.691559,214.048996,57.155228
441.215350,239.025467,212.823547,55.657272
437.101245,238.474716,212.603516,53.630600
431.102122,237.964588,223.628799,52.839943
424.885577,237.327841,214.638184,52.000767
411.341395,235.500916,243.606003,53.348465
413.132411,234.472483,212.974289,53.643185
398.545169,234.022038,246.622223,53.393806
400.889117,232.157743,214.405029,55.607807
388.532779,232.460020,232.074432,53.208576
384.959735,232.774675,225.868408,54.433880
382.144137,232.579908,220.146942,54.994007
376.941134,231.481236,215.757660,54.486153
375.251613,231.729429,210.738998,53.824848
371.001643,231.241346,212.673325,53.804493
366.616748,230.159088,204.806702,53.166397
366.668475,231.318047,200.432190,51.489166
360.782199,230.812023,204.690643,52.021416
359.514827,230.866213,198.284256,51.344982
354.141154,231.064270,199.292252,51.461288
351.168841,231.399380,195.820343,50.872429
345.275767,229.948914,196.655472,51.376907
340.541026,230.430246,196.709885,51.450344
337.401767,229.273924,187.317871,50.787037
329.306559,228.096060,192.360245,51.422398
322.502726,226.616140,193.405746,52.023808
314.780444,224.734476,192.075714,52.501492
309.390353,222.884937,190.907318,55.129219
304.926295,220.292410,192.168564,57.936924
393.315753,320.968449,189.282043,53.241158
382.922839,321.154961,188.840210,50.831848
377.088527,320.151495,189.865677,49.403019
371.825168,319.921150,187.260345,49.141907
367.133799,319.487164,187.444229,48.142143
364.623561,319.110632,184.347702,46.677097
357.901507,319.050451,187.139557,45.192692
356.791667,318.301714,184.370285,43.439648
350.629092,318.683773,185.232758,41.531151
346.692576,318.428974,181.371964,40.082924
343.633067,317.824987,179.025681,40.222599
337.729220,318.280920,177.461609,38.697788
336.081485,318.847504,171.974579,38.419144
331.508883,318.067307,169.881439,38.388138
324.486415,320.275780,171.516434,40.102173
321.023242,319.803604,169.920807,39.727585
221.777842,190.449120,200.725998,82.200455
219.735644,188.981380,190.822052,81.480476
301.653811,321.450069,174.842896,40.756538
293.315310,324.070648,172.355530,40.810791
291.345851,324.055573,173.104599,40.993408
283.019847,324.314190,174.195724,40.497017
273.435702,323.430275,188.105469,41.680222
272.685138,323.058041,182.491486,42.243172
193.742083,186.155651,193.083710,79.887978
186.666057,182.893402,181.382187,77.581238
185.554950,180.328491,175.968903,76.058411
181.151957,176.944057,178.202133,77.550850
174.935862,175.728504,179.724533,77.506493
171.969325,172.969448,179.891678,78.254280
169.347705,171.706455,181.688324,79.124809
171.801234,170.953541,175.193192,79.995934
173.780787,170.670189,173.417252,80.626480
178.563273,171.472073,168.464523,81.992683
185.339206,172.694416,158.579651,79.439842
188.422473,173.730152,144.464569,75.283165
206.758990,321.272827,177.844330,44.164490
204.036982,319.485386,176.921280,45.759972
200.923571,319.101336,177.763367,46.096401
194.370410,318.595844,183.181946,46.609978
197.075580,320.048994,179.715149,46.712070
200.747455,320.143494,168.110413,44.976837
200.158816,320.338442,163.784851,44.218105
197.377147,319.301905,156.594406,46.452953
201.973857,321.002737,138.720657,41.734028
198.525332,320.081747,131.302734,42.866291
202.783221,320.021292,117.078583,39.460072
203.850749,320.007021,107.151627,42.763119
201.345054,319.956785,104.560143,45.825352
208.154498,319.663006,85.176819,48.129921
210.683654,315.632174,80.435799,55.281979
209.214358,310.773733,83.793091,57.964222
207.445891,309.513214,95.890633,59.929016
226.397014,178.958668,212.855209,63.661835
224.115870,183.760021,227.840042,59.496140
227.854525,184.004845,235.237915,61.137291
229.075541,185.263069,248.456100,62.026970
230.132815,190.988958,261.909241,57.912777
225.620944,192.645277,278.758606,59.468792
233.572146,196.267641,281.640015,56.700199
240.170184,197.548565,290.823761,55.439804
256.717257,199.972055,290.283936,55.697315
278.480334,199.002800,278.232086,56.199974
302.255175,199.006893,270.072418,58.125626
326.929690,198.899059,260.832520,57.413010
336.940127,199.026985,269.722961,58.810173
353.296603,201.449635,268.690735,56.167206
367.581790,200.406796,270.584473,57.084122
239.718623,295.649408,224.964127,55.798664
241.692775,299.095600,235.810196,54.361359
233.064723,299.096905,254.936050,54.224045
236.833773,300.793432,262.430969,54.778744
247.405063,301.105656,261.774292,56.375427
243.427127,301.779722,281.819702,57.508129
259.878909,303.076363,278.625610,57.548759
268.439319,303.133200,283.483063,55.747097
287.953555,304.774237,275.488892,57.186031
303.942477,306.691233,273.400879,58.081776
320.806170,307.023739,266.019257,56.949234
332.532901,308.538641,271.424500,56.986629
350.832415,309.722778,265.992462,57.073189
362.165255,309.933958,267.402405,57.800732
379.020114,310.995054,265.311157,58.436108
386.054660,312.443121,272.548279,57.800045
403.475589,314.682152,269.699463,56.671532
411.148837,313.279970,277.242310,59.093266
423.784976,314.791986,281.877075,59.897785
442.817447,316.298946,278.553040,58.688797
451.296664,317.720203,279.363953,58.031342
471.068301,318.766024,278.281189,57.999210
487.257525,320.652910,277.721161,57.175632
502.435916,321.720406,272.385620,57.373100
519.206729,323.254696,269.592346,58.483353
529.235690,324.054531,274.334045,60.224686
541.993213,323.937639,277.703522,61.098545
557.718264,327.529613,276.422791,62.405075
571.072513,329.218596,275.392700,60.090221
684.521106,206.569847,315.281830,56.588341
713.190371,208.838095,292.085266,54.152065
735.340075,210.294224,282.196503,53.963318
740.646304,209.927637,286.579834,52.425495
755.136187,210.973686,291.465485,53.834740
761.503848,211.875751,294.524536,53.980988
766.078784,211.675108,290.827118,53.592358
767.873965,210.889311,300.787170,55.569103
776.269000,212.896950,295.286835,56.687492
803.274279,212.701096,274.225555,57.491005
792.522815,213.240946,284.614410,56.597828
819.260959,215.191513,254.757874,54.191566
824.808261,215.420927,251.135681,54.920300
843.050700,217.099657,232.805283,52.455296
850.490794,218.243074,227.204880,52.646488
865.088908,219.241560,213.366562,53.924541
877.911731,218.586998,205.683380,53.691734
906.495295,219.678041,177.965652,53.325443
906.574084,220.173986,182.917114,51.487759
933.478709,220.489494,156.506180,51.490898
950.123698,221.234703,139.690567,50.643974
967.168223,220.230814,124.764236,52.434254
977.860751,217.947132,113.879181,55.512024
981.069026,213.370987,111.829788,61.595772
939.009517,179.717148,152.438980,96.930031
950.679660,165.018475,132.745422,114.393417
957.555026,360.086401,299.723938,54.739986
984.782916,363.032963,278.121368,54.444763
997.990252,365.866041,274.666534,52.183880
1013.317553,366.063341,265.984039,53.879307
1025.247393,366.461542,254.752607,51.730183
1051.267572,367.055040,228.732428,52.840244
1056.399991,365.843426,223.600009,54.844528
1071.911383,361.830450,208.088617,58.470882
1084.327274,358.491180,195.672726,64.164680
1092.351213,353.168091,187.648787,69.243599
1102.808083,349.666077,177.191917,70.416634
1134.243786,343.386147,145.032486,78.996086
1154.498349,341.994755,125.311508,77.718506
1174.524769,339.316406,105.475231,79.365211
1188.580286,332.889027,90.329376,85.226379
1203.561880,331.404305,75.589729,86.473717
1213.710398,329.267189,64.510254,90.087639
1222.751690,339.246216,55.977718,76.734688
1222.286003,339.308342,57.681889,77.464989
1227.148951,324.396534,51.542908,84.990173
1231.061819,319.184399,48.938181,92.401810
1227.009288,316.012352,52.990712,90.181114
1224.986415,313.313599,54.415424,105.337776
1223.126066,308.428776,55.091812,120.992462
1227.733163,305.200855,50.835960,122.082031
1236.897604,306.412380,42.155426,119.220779
1235.610448,309.255520,43.207031,114.716293
1235.189689,301.121449,43.567532,118.001251
1238.413005,297.203056,40.574879,107.833824
1234.239530,294.330433,45.173264,103.570526
1229.119918,290.387833,50.157970,73.166786
1226.735921,290.327686,51.782562,68.221954
1225.658678,285.445354,52.902718,62.779007
1223.072258,284.362520,55.217037,58.445408
1220.644247,278.830132,58.389923,63.139885
1214.430568,276.602400,63.704792,58.634350
1206.284906,274.995522,72.784447,63.343712
1202.002050,273.783421,76.503845,67.417267
1190.121389,271.938213,88.678406,62.246384
1179.114320,270.615200,100.265327,56.227524
1168.408308,267.888342,109.709610,52.508816
1158.237093,265.998367,119.936897,51.542549
1149.105527,263.410641,129.093307,50.277023
1141.875532,261.144943,136.311874,49.261024
1134.144125,259.734512,145.306732,49.702003
1126.097036,258.683903,153.902964,49.573273
1118.200228,258.414389,160.728104,48.474392
1108.570086,258.014969,170.971451,47.316811
1101.639964,257.938997,178.277527,45.442020
1095.086573,258.130451,184.913427,45.079041
1089.003736,258.028683,190.827759,44.522995
1080.074674,256.119568,199.925326,45.881111
1073.031684,255.446730,206.534622,46.322857
1065.617293,255.229275,214.382707,46.791397
1058.315200,256.818710,221.684800,47.401527
1050.727325,258.281153,229.272675,46.799152
1041.243423,257.697792,238.620605,45.458183
1031.531708,257.825634,244.737854,45.581894
1026.355118,256.314922,244.030731,48.166367
1016.992866,257.279634,240.206833,47.677738
1010.177223,259.436592,243.902878,47.014214
1001.349533,258.230349,237.370880,48.804691
993.632385,262.850950,239.911621,46.024670
989.152504,262.206810,239.330795,47.469627
983.184479,262.455816,240.448608,48.653133
976.695350,262.800222,245.560959,47.977871
970.885200,262.718523,245.983444,48.622349
963.176803,262.998852,235.661530,49.447189
959.830391,265.190941,234.075912,48.802574
955.061973,266.566654,233.911453,49.390442
940.346855,266.914616,242.633316,50.612122
929.942871,269.273893,250.231079,49.247143
922.954819,270.763840,247.323273,50.109169
919.782677,272.568890,241.433975,51.149094
913.225174,272.876268,239.359528,52.466343
911.162659,273.143253,233.017395,52.541931
901.679390,275.818544,236.663376,53.729313
893.221618,276.181652,234.244385,52.849228
887.232040,277.584896,233.219147,52.834122
885.196037,278.081526,227.235428,54.190228
875.499183,279.669146,228.956284,54.006809
869.004944,281.940342,228.266968,53.291809
862.730308,283.249355,226.521927,53.392960
859.657745,284.876226,224.549561,53.587460
854.099037,286.836079,225.731613,52.728729
845.745262,288.782204,229.058792,51.950737
840.148712,291.244270,227.374756,50.946098
835.062828,294.062149,226.024002,49.469276
827.879806,296.316916,226.790131,48.217861
818.761223,297.427521,230.307358,47.743965
813.964195,299.823614,227.440781,46.645443
807.238823,300.986006,226.514938,46.640301
801.999779,302.920559,225.492081,46.212967
795.662102,304.282179,226.476395,44.793743
789.601555,306.480101,226.143753,44.385143
782.404686,308.153425,225.560593,43.875134
775.528335,310.555605,224.506165,41.706150
768.526840,310.984924,219.017700,42.500191
756.983116,312.298779,229.736771,42.030289
754.532844,314.912735,226.586960,41.140663
753.059891,315.609270,225.882996,41.286900
743.829086,315.337023,232.161682,41.637943
739.924530,316.740942,232.132141,42.071621
735.092178,316.244585,229.362854,44.063480
732.745308,316.584885,216.075760,44.008949
723.803497,316.934351,216.070892,44.446949
717.362274,318.380629,218.857361,43.635571
712.740677,318.585152,214.779938,43.502586
709.776321,320.103973,207.953461,42.904366
699.201065,320.739338,208.311127,42.176941
690.103248,319.980440,215.349228,42.850864
680.869003,319.721130,214.736053,43.283333
673.777466,319.129379,212.804840,44.387337
670.272827,319.494013,209.165192,44.560627
661.843300,320.576788,214.307907,43.856289
656.120354,319.554146,215.149643,43.820824
646.165603,319.431555,219.459442,46.184353
644.537369,319.224674,214.944824,44.251892
636.701019,320.978790,218.042725,44.806343
628.595123,319.715271,220.251740,45.635323
623.379066,319.698412,218.819565,45.571842
617.827896,320.368065,218.188995,46.093651
609.996612,319.697605,219.226624,45.695190
606.688980,318.889418,216.969788,45.923077
598.657478,318.948368,220.572922,45.040344
594.924812,318.682438,219.705154,44.637054
587.580963,318.006840,219.063080,45.181732
585.615867,318.531168,213.577896,44.039478
580.980423,318.656580,208.943878,44.123707
578.618324,318.244686,210.406570,44.034622
571.609711,316.532398,208.700684,44.620361
561.938980,318.485645,214.862152,43.093811
564.343330,316.787973,205.696426,44.311176
557.828026,315.539032,201.982681,44.355232
548.511406,315.665401,206.297836,44.623367
549.917015,315.955736,194.304977,44.209782
540.956970,315.881575,199.675964,44.136272
542.417145,314.469582,194.567932,45.795860
534.297989,314.352491,188.519867,45.949596
529.471542,313.814478,192.776886,46.579853
523.154648,313.445234,185.967773,46.961895
512.818329,313.276299,188.607880,46.819725
503.549599,312.435949,195.026718,46.830074
493.326912,312.682083,201.894119,47.583748
488.980224,312.623936,196.093018,45.701050
477.930244,313.182600,204.255417,46.598125
412.407173,202.126106,189.909714,46.261894
412.180565,207.945621,196.453201,41.535767
419.765030,207.239107,195.439667,42.511784
427.487274,211.485973,194.173645,39.919174
435.325813,208.911680,191.736008,43.039837
441.483200,212.826408,192.452454,40.516167
444.935310,211.573063,196.181046,42.808838
436.056709,313.260857,206.171219,47.398582
433.203361,312.596359,201.556992,49.179939
425.125976,311.838942,208.834290,48.634380
416.950859,312.735430,206.739334,46.397495
416.270172,311.798462,204.089966,47.698219
411.486336,310.911123,200.731949,48.014065
408.473335,313.085770,194.130478,46.534615
397.357376,312.097033,194.929901,46.802158
387.234978,310.905851,204.689011,48.137524
386.128769,312.112959,190.345367,46.471722
379.107078,310.538980,192.188889,46.781391
371.644081,310.729370,188.791977,46.812599
363.815948,309.194996,193.502472,47.030701
359.128868,309.806805,192.439651,45.433243
351.742782,307.875761,196.884796,46.323254
347.538666,307.756769,189.266449,46.205036
341.342010,307.122955,194.673706,45.712440
336.276283,306.862329,187.447556,46.006550
330.286049,305.834278,188.102829,47.058289
326.210853,304.982925,187.828476,47.338448
320.091995,304.657637,186.113586,46.421459
314.042427,304.663788,189.626144,46.484261
308.935974,303.602432,187.693085,46.160652
301.461876,302.706499,191.112778,46.384953
295.933472,304.956957,192.364288,44.799503
290.928947,304.462280,191.925827,45.067207
287.245003,304.561850,190.827499,45.092159
283.112449,304.672758,190.136673,44.465191
276.015312,303.513666,192.259354,45.369129
270.152496,303.949177,193.479401,45.497955
264.518822,304.079922,195.869492,45.446701
259.953194,302.186226,196.263321,47.817223
251.921676,302.489273,201.223480,48.410042
249.262955,303.900202,201.771912,46.207508
245.113548,304.160175,200.530258,45.303253
241.483589,304.532721,198.772751,45.615353
243.345848,303.247051,187.028641,46.438492
240.734016,304.238230,184.608261,45.239826
239.575706,304.150326,180.572159,45.678543
237.989456,305.702845,171.655243,44.449207
233.033859,304.752260,169.257324,44.744541
230.066200,304.145920,164.929520,44.489815
228.944031,304.796394,159.163727,45.243401
227.500976,304.907667,154.602966,45.387157
226.066017,305.818045,148.630692,45.185482
223.469681,305.732225,143.679443,45.712681
221.896400,306.017462,138.534836,46.634335
219.245704,306.978130,135.338943,46.676163
215.058143,308.154417,134.007645,46.243664
214.721107,309.573812,131.787247,46.406002
212.258629,308.987337,128.326096,46.667789
208.415741,309.050688,128.507355,45.782513
203.938248,308.064707,131.389954,45.842457
203.302276,307.650095,128.032684,46.804707
201.444862,307.465605,127.495773,46.553783
201.677463,306.583889,126.400444,46.300369
201.817543,305.719709,129.039627,46.709301
203.263317,304.878298,125.776772,44.666416
204.187435,306.307623,125.365639,47.476864
206.899113,306.078999,111.705040,46.564453
209.469372,304.657942,99.765327,49.312542
206.592369,304.228117,96.526810,50.741283
209.602604,302.918907,85.682274,54.581657
208.043140,305.314104,87.708885,55.423435
208.725239,305.663786,90.490898,59.263836
206.523620,304.949293,96.661804,50.160900
205.009392,303.395132,104.379166,53.729824
202.624710,304.920191,113.259888,53.492512
201.118599,305.070919,125.368393,53.589127
202.726051,305.751518,134.123489,53.698631
205.841614,308.204279,146.676025,55.678364
204.041191,308.159626,161.180252,57.170929
218.775444,310.230827,161.466141,56.784019
217.397690,309.934870,174.363068,53.253407
217.195595,308.351107,186.686081,56.628269
210.884415,310.610565,205.305328,59.060524
215.466026,309.708023,211.686722,59.587654
211.846786,310.929831,225.571686,59.532833
209.053200,312.631502,239.808701,58.256077
212.727035,314.081848,250.889679,58.776649
208.532516,315.993025,266.531586,58.843395
212.781814,316.940130,276.381866,58.294521
212.180160,317.953798,287.603058,57.530613
217.106903,319.288916,293.087280,56.776028
221.989960,318.506536,303.312866,57.139248
228.694885,317.129658,308.727722,59.292725
258.057678,321.077341,290.744751,58.584736
275.604874,321.668072,286.465851,57.318192
289.893295,323.791504,285.282990,55.258156
301.738617,324.402443,286.409729,56.726524
318.198730,324.891668,283.171265,55.841274
328.815536,326.496977,284.612579,56.284710
340.853088,326.216753,287.324036,56.180851
355.026245,328.330303,283.183167,55.543716
367.935440,329.622799,282.481049,54.793015
376.730148,330.187008,286.611420,53.103195
393.294617,331.226526,280.112366,54.120960
402.212387,332.881706,283.286469,54.664665
414.828018,334.284590,277.255524,53.117931
427.714462,335.432930,273.615936,54.742455
438.049438,337.561983,276.464294,52.790318
449.715484,339.578014,273.196350,54.235184
458.756027,340.719511,277.236298,52.373333
470.557419,342.692484,274.924164,53.704670
483.079880,342.198236,276.645416,54.444630
496.114578,344.814560,274.738129,53.411140
499.763519,344.885052,283.124329,52.385269
511.223175,345.781145,277.977539,52.350101
522.481216,345.751650,279.200897,53.471348
535.060669,345.326532,278.718323,52.216541
539.528061,345.491116,289.951996,53.318588
554.456711,344.789003,284.719757,53.032566
570.408783,343.856039,279.739929,52.527035
581.124359,344.442488,280.834839,51.654736
591.486786,343.356104,281.831482,52.816273
602.506149,342.330875,280.456146,54.213165
608.306045,340.869263,287.294525,53.801979
613.171036,340.387543,291.575226,55.951698
612.511383,340.138708,311.249390,54.973232
627.235519,341.149622,300.787567,54.626575
640.451401,340.057903,296.671906,55.513382
652.671692,338.634682,293.135681,57.424217
664.471237,336.375135,290.042084,59.202526
672.061111,336.296398,300.991058,59.304642
684.963150,333.586533,299.866547,62.199043
703.141205,333.734781,285.000977,60.456867
701.288162,333.987740,299.526825,61.690819
714.069504,330.579967,290.555267,63.217850
728.534851,327.468410,285.241943,66.100143
738.297287,323.040367,283.976776,70.172234
749.786102,318.254215,280.816040,72.612457
760.254791,315.056019,280.156189,73.064697
769.710159,312.664467,278.916229,73.619347
777.021698,310.624447,278.990601,75.301193
781.839706,307.599697,282.301544,75.437607
789.816223,306.202251,282.130554,73.623734
804.199829,302.092293,276.863220,75.198814
866.668548,187.962708,257.687744,45.824928
874.798324,187.065060,244.053314,44.111984
870.109749,185.825819,246.003799,44.834240
867.236938,187.577360,241.442535,44.423687
859.230903,186.674112,232.762192,45.164021
852.888603,187.303276,237.883102,45.683952
843.064476,188.915577,234.440140,45.837769
834.708908,191.529125,241.181305,45.578629
827.449661,191.484795,235.811493,44.365715
818.369499,192.647148,234.987045,43.931877
812.466812,192.269922,236.929871,46.103107
806.817665,194.135139,228.049789,43.870842
798.818947,191.205605,223.109604,45.108971
789.091659,193.766138,230.450012,42.735096
783.042030,193.719975,228.901016,42.190735
778.582954,194.095463,227.080643,42.575134
770.507858,193.616020,232.367889,43.352562
763.286033,193.769449,238.343857,42.984821
757.616867,191.446810,228.386444,44.263767
751.344124,191.210114,233.185623,43.105782
740.222282,189.157900,233.925644,45.170475
735.428741,187.910721,235.635834,45.781166
729.277420,187.447149,228.327911,45.963497
725.893143,186.465656,224.851562,46.710571
721.214828,186.061211,223.751129,47.365410
713.768959,184.926739,228.091415,48.371109
708.591385,184.930515,221.370209,47.991730
699.856987,185.453596,218.069778,47.314159
692.755333,185.908262,224.997177,47.301678
690.262260,185.473196,222.863815,48.544918
683.921989,187.342245,225.906082,49.567196
676.907448,186.176247,222.896896,50.012962
670.594734,187.192371,225.938583,50.150452
660.889915,186.733740,226.302933,52.057400
661.906662,186.889740,216.866730,52.951576
657.358948,185.979422,214.934570,53.474606
652.858673,186.514765,214.588806,53.308826
648.292656,184.963173,214.757217,55.996666
644.015426,186.309368,215.725311,55.278641
638.274139,185.789816,214.374756,54.703915
632.202225,183.915569,216.788971,57.089615
627.342247,183.122679,214.077896,55.559795
625.649658,182.258465,217.886047,56.979691
618.381828,181.141594,219.118729,56.734489
614.993912,179.241140,216.743866,57.724300
612.995979,176.959843,208.059128,60.041046
610.446617,174.756741,206.137466,62.030502
608.162659,169.982151,197.497986,64.268585
604.948250,167.843632,193.955368,65.082245
602.229530,165.671894,187.145859,66.788330
599.271904,161.719952,180.422989,68.616348
596.345985,159.008247,179.410019,73.028465
594.438988,157.678127,168.957352,72.414841
589.265945,154.521675,169.327484,74.247276
587.120865,153.947620,167.316132,76.080444
582.146293,150.789635,163.384537,76.913017
579.436333,148.575893,160.462662,76.229111
576.435234,147.625099,158.023514,78.247948
573.829788,146.231701,154.293793,77.312576
570.705726,145.275547,152.088486,79.005096
567.597534,142.302536,150.901001,81.414619
562.372726,139.791241,148.652252,82.550186
555.581749,139.618607,147.722855,82.398384
552.412079,138.042854,147.607910,79.115623
544.380722,136.595654,154.022430,80.991653
542.316719,134.750629,150.576828,79.058899
538.931373,134.465588,151.921982,79.913528
537.101013,133.174274,151.963135,80.026062
531.846863,132.667656,154.288025,79.467216
526.623276,132.155140,156.713715,77.977173
529.097168,130.955650,152.572937,75.380852
520.939033,131.096130,162.866623,76.487099
513.582237,129.951923,171.664993,72.105286
506.120155,129.021778,179.969772,73.316040
502.925796,130.004524,181.536163,71.429771
503.293281,130.675884,179.008163,68.391739
496.220878,125.699707,182.841263,74.555824
491.035499,128.208736,183.900620,70.781418
487.816582,127.994221,190.844803,70.121765
493.497154,127.555042,180.564957,69.243713
491.694748,123.421417,180.149078,72.819252
488.534698,116.787399,176.803040,78.921455
489.827926,116.700378,178.085846,79.470314
504.188469,125.366405,159.868301,70.757156
497.983490,117.194340,158.082764,80.898529
494.005562,111.338974,156.457932,87.500679
487.670524,111.008186,157.279861,92.018578
491.399704,107.998852,149.552582,100.740555
496.574066,104.263466,133.734192,103.084679
499.718231,101.782211,124.773743,103.155769
479.084282,93.204449,135.449417,107.236282
477.664955,99.753826,139.707260,100.683914
483.810585,95.033691,124.596115,107.689735
488.873070,129.895828,121.904190,77.329781
486.828216,121.922749,126.524475,86.204926
486.854500,121.325844,119.435593,87.905327
506.538528,87.191154,97.168976,124.352104
512.181206,98.902916,90.526321,118.276482
517.731918,109.771957,75.958954,101.388191
518.272384,71.405506,69.797241,136.698212
513.696796,88.573074,78.851494,122.266640
502.939670,95.898705,107.275627,109.853722
486.927482,82.457935,149.287674,149.378815
738.404640,278.449228,196.378891,49.358997
731.327453,280.268560,226.366302,47.349270
727.644928,282.066225,224.566742,46.532383
722.816009,282.603111,226.407318,46.009758
714.586441,281.582413,224.077148,46.852303
705.779205,283.239286,228.324371,46.079571
704.624641,282.207432,219.880478,47.673004
697.853569,283.786085,221.365829,46.952465
689.887405,284.683126,222.965698,45.952480
684.352341,283.464128,224.869354,47.470097
684.130188,284.002802,220.378113,47.157642
678.143898,284.209826,220.472397,47.570255
675.602920,286.956861,218.908203,46.758556
667.771065,286.760023,222.645187,47.127270
665.766044,285.974155,218.204910,48.172943
661.945457,286.256643,219.130447,48.828243
654.956512,288.203754,217.504395,46.740784
651.760696,288.208805,216.248077,48.542694
650.173714,288.076767,211.548538,49.666084
646.203636,288.212687,212.256943,51.057270
639.092178,288.102245,213.380554,49.616959
636.107506,288.373522,214.170334,50.179752
629.654693,288.556522,218.172516,49.232758
624.110260,287.772192,219.261841,51.179958
620.511909,289.285643,206.823410,49.996014
617.913994,288.197544,210.608170,49.679016
614.082855,288.763550,202.551636,49.127449
607.467110,287.208664,203.224686,49.910744
603.912987,287.698338,202.056503,49.066833
600.733635,288.115875,192.062820,47.139381
592.444465,286.306581,201.454941,48.590336
588.151581,287.090996,198.378082,48.619804
585.382439,287.348576,186.986374,47.063629
577.547623,285.263126,192.980896,49.774139
570.901466,285.142227,188.887741,48.550667
566.608284,285.257589,187.796982,50.598537
558.498215,283.155027,196.051605,52.376904
553.967460,285.347513,194.792740,50.259296
548.216720,284.148954,196.140686,51.093700
542.265671,283.995747,193.588806,51.401703
535.270668,282.659483,196.982773,52.788311
525.828796,282.206112,200.130737,53.602249
524.731582,282.629318,194.023529,52.738136
518.174461,281.179001,193.152847,54.984993
514.022575,279.922903,192.434647,55.951412
507.283386,281.383541,196.492218,54.595322
501.176979,279.569517,200.912796,56.599895
495.962196,279.315327,199.873123,57.039185
488.425880,278.622051,199.451675,56.030533
485.098701,279.160845,196.262100,54.873783
477.912529,278.052896,197.028091,55.513874
475.109978,278.669855,192.734695,53.906971
468.575722,277.576706,195.162155,53.229591
465.065742,277.703358,191.592606,52.973694
459.988113,278.639668,193.198578,51.773254
455.157539,278.420120,189.347519,49.139992
448.642387,278.088373,194.240738,49.151081
439.528557,277.654089,206.205429,49.315304
437.141670,277.168184,196.234940,48.785343
432.747780,275.992538,205.696213,49.214729
426.344101,275.207066,199.121887,49.936493
419.844269,274.528763,196.737152,49.935280
407.874389,273.722660,211.775970,52.425049
403.166122,273.223448,205.633575,52.236584
397.724541,272.384157,212.232803,51.900150
393.944633,272.562031,212.725723,51.850433
392.210777,273.622992,210.729324,51.641720
385.835693,271.041000,207.278137,54.427101
376.711334,268.821569,216.958679,55.146420
369.302040,267.175558,214.960678,55.588833
367.237411,267.098288,211.441681,57.042141
361.376068,266.136606,213.090637,55.519703
359.005920,266.285973,208.430054,55.621117
355.099327,265.634468,206.340103,55.821159
350.388161,264.401480,203.917709,56.959072
345.951408,264.589582,205.029190,57.631329
348.471413,264.069914,197.009262,57.248791
341.763649,262.631763,201.085617,58.345123
341.383530,261.870510,193.919098,59.000015
337.992340,261.525129,193.381897,59.103802
335.229225,260.787830,190.605270,58.855499
329.876114,261.247334,192.193268,58.345612
321.760345,260.099691,195.519714,57.735989
318.968567,259.263685,195.665466,56.611675
314.311767,258.329933,198.771912,56.324150
308.790916,258.157061,195.507645,55.457554
307.738815,255.961023,195.135834,58.636616
301.179657,253.898214,196.496582,60.648525
296.953049,253.708822,195.922150,62.413235
295.289467,253.837101,195.833420,62.365051
292.733871,252.055115,193.605011,63.114082
290.747703,252.950512,191.483414,64.213669
290.663582,252.099747,189.263351,62.349342
281.733078,252.269875,195.564545,62.812920
278.871651,251.950871,196.938583,63.467896
276.759102,251.868423,192.511276,63.574745
272.497337,251.915970,192.873428,62.669044
269.131142,251.415499,189.894943,62.111515
262.132797,250.929682,190.625031,61.924763
259.463020,250.337820,188.353806,60.286465
257.942787,249.269054,186.190414,58.506210
249.574783,247.663145,190.612305,57.149487
250.268814,247.281923,186.747375,55.722965
246.188408,245.579109,181.461960,54.680748
242.964378,243.724182,174.680740,56.071663
237.268654,241.044455,172.567886,58.758816
231.241028,240.796734,175.946289,58.519943
229.582184,239.296494,173.629211,59.245186
227.156692,237.248638,170.771179,60.181259
223.841278,236.002153,174.808319,60.498753
227.356018,235.930820,169.073029,59.907410
227.387733,235.530647,165.454941,57.154045
225.339844,234.922535,161.371063,56.223358
224.467224,233.184015,152.946381,56.760487
221.196625,232.406000,142.017487,55.792194
218.129684,232.432619,133.483582,55.413975
215.752739,231.076338,124.214005,54.313885
213.499439,230.928003,117.197624,53.365742
210.588352,230.630463,112.704704,53.087257
208.662739,230.379181,106.800865,52.814827
205.380737,229.360214,103.414154,52.998695
201.953415,228.883289,99.398712,54.403503
200.353481,227.272072,96.010384,56.893608
199.751510,226.792622,98.071838,56.600830
203.937229,227.842848,96.393059,52.534496
207.747558,224.143875,99.385834,57.926582
207.025413,222.412807,99.508560,56.480576
201.521961,221.924824,97.660057,55.534790
194.370972,221.777561,113.269135,51.745697
192.212589,220.586487,119.842949,52.543068
91.700035,217.067337,213.188187,55.834450
195.234253,216.655773,137.487732,52.830673
111.728103,208.939917,236.176117,56.506954
150.647606,216.979963,201.840408,52.024700
203.698883,218.278112,154.877930,50.140865
107.328361,176.884991,153.154556,80.848373
232.908249,218.066830,152.574738,51.033585
238.990005,216.234251,161.915771,52.747356
246.512070,216.962267,169.732727,52.629002
247.081444,216.084656,183.899033,54.966896
246.375183,217.819929,201.475067,54.334301
245.073677,218.049723,219.669876,55.841999
246.109894,220.536390,232.978180,56.268505
240.881523,220.931545,247.950302,58.170334
241.472229,221.781200,265.312592,56.961380
245.154632,224.659153,277.550873,55.742279
262.407181,224.565767,271.106750,58.014256
277.246078,224.849033,270.743835,59.634003
281.013962,223.979837,286.537170,60.934956
316.631882,225.372700,257.142395,60.851746
334.045196,226.969635,257.026093,58.684303
337.147247,226.512451,271.687347,58.945534
347.019653,228.790287,276.469147,59.285492
357.792984,227.945581,285.898438,60.255543
367.155914,226.306868,290.884308,63.491161
385.894119,228.506409,266.736450,60.739357
394.564545,229.683773,272.913788,59.825729
400.105255,229.078541,283.475128,58.696228
413.925979,229.265814,282.257568,57.778774
421.479935,227.497372,277.079651,58.686203
428.364761,228.793303,282.854553,57.854168
445.378891,228.997543,280.872192,57.192940
459.911377,227.580313,276.248016,58.015316
466.178879,227.332306,279.212219,58.025307
469.323929,225.879440,289.567871,59.576424
478.128662,225.908806,285.177399,58.534843
483.745392,225.043037,291.597443,57.537376
493.255661,223.860508,289.031738,58.007721
505.620376,223.306784,286.145020,56.370846
513.215545,223.481754,288.293732,55.969940
520.214691,221.603107,290.120880,58.586304
526.378998,217.166996,292.906097,61.522308
537.340027,217.801134,283.914276,59.419071
543.276413,215.002535,289.381470,59.671909
556.789566,214.618702,281.953064,59.604004
563.623489,214.307451,283.275208,59.051456
569.251251,213.311022,285.116180,60.103214
577.857422,211.576059,286.465302,60.218281
585.702438,211.526861,285.467285,59.151394
592.626953,210.554794,290.496185,58.623238
594.773071,209.817205,299.405304,61.175014
605.894928,211.908606,291.462433,58.469387
607.100555,211.349644,296.010651,58.515656
616.276581,212.214254,293.072296,58.927425
617.904129,210.942038,297.746338,60.767269
624.715591,213.373442,296.676880,57.824261
636.993118,214.781656,284.049622,57.915180
641.644058,210.554279,274.449402,68.167664
649.473297,198.434025,241.843964,86.797760
690.872818,181.935890,209.939697,112.782555
699.683967,172.947800,220.188492,125.036690
710.740158,168.059406,226.652893,126.586182
724.258613,163.457462,224.557022,121.446869
746.450439,158.441639,216.295258,107.354431
768.844330,154.469276,208.041473,98.429832
797.238037,151.788921,193.645172,83.268509
883.614387,274.789913,222.686295,66.906601
896.155449,271.707371,205.517441,65.391083
913.896705,278.149311,183.672195,55.563660
935.219040,280.244059,149.173767,54.271290
957.872253,282.981049,152.023834,50.277748
984.109794,282.460194,96.026382,58.199341
1001.870258,279.675919,80.272545,65.294716
918.077232,152.965473,197.564529,52.632225
929.269859,155.001186,200.220474,48.090919
943.371246,154.517963,209.716797,46.301384
954.986290,155.928419,216.282303,47.491337
966.558281,156.401796,228.378922,45.948483
979.704269,154.580109,234.014679,46.452606
986.146309,153.096279,247.461960,46.249977
996.903206,154.305559,250.333420,45.200985
1009.849640,154.250637,247.046936,45.710793
1023.662483,149.094418,235.050705,51.339516
1041.736687,149.876896,217.720413,48.176537
1067.007019,152.444754,195.237366,47.205067
1084.791786,146.135689,176.812485,49.795578
1100.164818,152.730057,166.892929,46.540985
1110.905647,148.216795,158.949417,50.762577
1136.971413,146.761332,137.800491,53.712658
1158.573894,147.847010,118.571236,52.593456
1165.878349,144.600334,112.236465,56.136002
1175.359482,141.662474,103.197723,60.175938
1181.732483,143.813873,97.204010,57.902069
1188.027969,143.672314,90.518463,58.471474
1187.003277,133.071781,88.031502,72.898460
1184.115303,130.537289,89.753830,82.914192
1183.166420,122.006805,82.618210,84.385773
1189.908233,147.706633,77.331024,57.940800
1174.856190,149.896458,93.663109,58.286217
1156.243389,146.321913,116.786903,61.195316
1140.230728,146.068419,134.748199,63.456303
1120.055153,145.096146,155.082169,65.968781
1102.238899,144.428410,173.561264,68.513634
1084.923477,141.714802,193.452057,70.868706
1066.225044,135.892776,213.774956,77.447876
1051.349857,142.949036,228.650143,71.407928
1035.534800,144.805992,243.944260,71.670517
1016.222322,145.949318,260.882141,72.039871
1000.976870,145.122906,275.679504,81.016365
981.071077,141.427071,291.664368,86.936539
970.448168,139.661716,291.454987,90.447227
961.683107,133.977245,282.040222,94.773506
948.024263,131.779926,294.504822,98.548454
931.684450,127.452267,302.041870,102.631447
914.963350,122.930172,304.624268,108.047462
901.885729,118.116150,303.613983,112.363556
889.829821,117.243801,301.991730,113.363197
877.791445,117.481972,303.075500,115.021500
865.217226,113.394547,307.932800,119.610229
850.175432,120.873074,306.128265,114.994850
836.580812,124.354939,312.987122,111.894951
824.731325,132.071220,302.183228,105.716599
811.036806,135.200108,305.238220,104.465843
797.902407,139.965916,307.185974,100.417137
783.642199,145.648949,307.736481,95.314255
770.608660,148.056118,306.666168,94.785072
756.210863,155.574047,299.358673,88.276009
743.933199,159.439838,300.934814,86.461296
732.118029,162.490574,297.542694,85.668785
719.730257,166.202942,296.047791,84.847626
703.091433,167.362713,312.975952,86.273872
689.236437,170.229218,302.257416,82.111664
677.872072,170.897537,301.578613,83.163330
664.290972,169.906261,298.534393,84.030403
652.402422,170.445038,299.318329,84.850433
637.451021,172.837578,305.388977,83.616623
627.473894,172.333889,308.609833,85.608315
614.486528,172.689526,313.852692,85.118538
601.624147,176.229591,304.141235,80.405716
587.336412,179.568127,296.473846,77.353218
574.364626,179.443428,299.839294,79.300430
560.996798,181.550678,307.449768,77.260674
551.698259,185.425934,293.347443,74.637909
538.628054,187.035843,291.653076,76.598755
526.885866,190.236553,293.950439,73.890633
516.796389,190.826599,286.945251,74.141693
505.376848,193.627071,283.679535,71.999306
489.929201,195.950558,291.961670,71.668800
480.582537,194.840214,289.956879,75.751305
468.268526,195.452457,293.493286,75.789513
456.693132,199.660912,292.190765,72.728561
442.550615,197.953934,295.345490,74.649719
296.737612,236.275806,209.792969,66.320854
287.743898,235.063053,213.686340,68.256371
279.974764,236.268974,213.936829,66.373398
281.602503,237.511162,208.677628,65.337936
279.736605,235.169460,208.525574,65.423439
280.692858,234.589359,223.192474,62.912498
353.004000,218.561668,290.542175,59.227707
358.200090,221.504637,276.502045,58.853611
347.792116,222.420488,277.220154,61.663326
300.509630,225.322304,309.248749,64.075150
264.311495,226.084242,330.154236,62.487919
278.377916,228.595623,296.833954,64.788216
289.388704,228.910538,266.433777,65.068542
254.241228,226.195820,282.613983,69.350945
271.812273,228.833302,248.923431,65.428642
314.589647,235.388763,193.828033,58.823578
310.149500,234.664808,184.559464,59.240299
242.331652,225.762539,229.277557,73.205727
217.165842,219.533451,223.699631,71.152367
218.698168,219.776520,225.804962,71.622650
287.672571,232.788368,167.033768,61.754349
207.142542,212.218399,168.859116,75.508301
200.397692,211.126297,237.986755,79.967590
199.158632,209.228199,234.664093,81.724174
190.665628,206.869438,222.412613,82.908066
188.301424,202.927917,181.907928,86.235748
185.699396,202.028008,175.295944,83.436447
189.443254,200.692055,168.162964,81.944168
192.763758,197.483395,179.862289,87.088600
189.744410,191.959591,190.658371,96.673500
191.246263,190.535736,164.256348,93.068573
198.514467,187.153439,161.519135,96.118385
201.641565,186.051476,158.053940,98.735031
202.722643,180.446857,152.406311,103.264885
204.600603,182.136757,146.965881,101.734634
210.049067,184.545300,144.308823,101.082954
217.234407,183.473976,139.116547,105.315933
218.545397,182.752247,135.186279,106.156731
223.968248,185.894779,128.882263,106.056297
351.636721,245.541668,177.460663,47.203133
358.374559,247.938055,183.119354,45.399830
364.824808,247.553215,183.712387,44.724258
365.274210,248.909903,195.886398,44.625050
371.597734,251.149622,196.767059,43.235119
383.226244,249.980053,194.139801,44.816933
386.116304,252.365845,202.845001,42.647736
389.313707,253.379747,213.812592,41.684872
398.686609,253.620537,204.073410,42.302780
405.401010,255.627241,207.666000,41.351078
412.708490,255.997303,209.101028,41.290947
421.203928,256.690340,211.547714,41.733181
430.064188,257.027897,210.837753,41.118034
438.751642,258.145897,211.763168,41.116287
454.359102,258.982586,203.845581,42.247292
460.029055,258.758392,205.335693,42.174164
470.242327,261.132479,201.230988,41.297176
479.379297,261.181860,199.924728,41.804096
488.562899,261.115757,198.617950,42.608513
496.691019,262.986639,200.002670,42.084827
505.063181,262.025475,201.405075,43.011734
513.230082,263.575182,202.582199,42.453457
520.536524,265.085436,204.262527,42.703701
526.907221,265.928850,209.308029,43.224789
538.568743,267.106289,205.463257,42.599312
547.702501,269.257767,206.923279,42.413147
556.575006,268.576075,203.670059,42.809399
570.671686,270.395504,197.886307,44.731728
572.674189,273.105818,204.962601,42.091740
580.127359,270.949160,206.209335,43.463223
592.173929,271.974161,200.525040,43.697674
594.404581,273.537827,204.513840,44.057831
600.075968,275.620026,206.915482,42.032776
608.210985,276.904652,205.017303,41.862572
624.632708,276.596033,195.123383,44.652325
639.960253,276.709429,187.386169,45.652523
652.002474,278.599228,183.289185,45.221741
661.174059,277.154274,180.009369,48.402359
668.418413,278.456738,182.191162,46.977333
678.276941,279.377424,183.349899,48.556309
692.455728,278.109041,178.393875,49.975338
697.046679,283.186831,185.890594,46.231380
705.051844,285.700977,187.656662,45.437828
716.089815,285.390089,188.334778,46.966343
729.842874,288.192451,187.032944,45.475876
740.711496,289.273558,191.495071,46.164707
752.822603,288.838850,193.971619,47.576298
758.708704,290.345446,198.281815,47.596066
762.234781,292.144444,210.163620,45.657890
768.695734,291.091724,215.840958,48.181786
774.503908,292.344128,221.417786,47.835365
783.335825,292.526653,228.287399,51.154945
788.257494,292.845890,234.015472,48.710869
793.934870,293.561666,243.479691,49.717793
800.244379,294.769629,249.131424,50.615406
803.288317,295.302490,255.794403,51.023315
805.541597,295.636633,266.658325,52.912769
820.736086,297.108408,264.320557,53.142193
838.285509,298.172146,253.341278,53.096565
850.257654,298.357042,250.062637,54.153713
862.000528,300.088457,254.560959,56.072048
873.886660,299.172117,256.560852,55.862553
887.967295,300.522043,249.257736,56.404217
889.691515,299.996784,258.699799,59.584007
899.112200,300.992725,261.763519,61.031334
906.869768,300.718588,265.439667,61.742573
912.997393,301.765436,270.126740,63.380688
922.350756,301.813513,270.020599,62.214405
932.026735,301.368362,270.437988,67.462799
941.651018,299.912296,272.225128,69.481621
952.498430,297.743912,266.504059,70.935822
963.435686,296.205158,260.244904,71.120995
975.329134,294.333031,252.454895,70.874649
987.882570,292.354862,243.267883,69.793633
1000.843302,290.318512,234.265854,68.716064
1012.262789,288.913696,229.457642,68.036499
1020.827059,285.472584,222.664673,68.637840
1031.532686,282.771454,214.015808,66.120300
1038.661112,280.793270,211.121872,67.464851
1055.113481,277.762890,199.975433,68.396889
1067.025637,275.565212,188.549194,68.341682
1080.049227,273.924664,177.197449,67.199745
1090.320299,273.175316,167.882599,65.624039
1098.735071,272.821571,160.516251,64.848129
1106.579645,271.887432,152.923843,64.448524
1120.424669,270.954773,137.696198,65.844299
1130.046282,271.529102,126.553497,65.049095
1133.774851,271.179533,121.683762,63.620121
1132.780725,270.306889,119.165848,64.964073
1132.674402,270.959766,120.592789,62.651207
1136.855310,270.259518,111.342575,63.506935
1139.752295,268.605938,104.677299,63.745949
1148.360456,266.094269,104.740486,66.225830
1158.200064,267.749466,93.869682,62.574951
1152.024622,264.766464,106.081650,62.807159
1130.561579,262.244576,131.781021,66.897629
1141.387133,265.821234,125.682404,61.457111
1136.436014,266.312452,133.285080,55.253056
1122.665445,265.330490,149.889877,65.620392
1113.622713,264.614378,163.379456,62.240665
1104.798708,264.511257,174.722595,60.264442
1097.909220,262.802122,180.948624,52.154087
1090.750215,263.975100,181.712219,49.897579
1085.234110,264.946293,191.280228,49.165916
1077.505564,266.078411,199.303391,47.859016
1067.841509,265.772875,212.158491,48.239315
1060.397630,265.898180,219.602370,48.538601
1046.618073,265.460020,233.381927,49.268131
1043.919716,265.729290,236.080284,47.634010
1042.289501,266.020155,237.710499,49.253452
893.125456,267.644119,165.627029,102.592926
882.890783,262.071846,180.760620,115.696091
935.706739,254.808384,132.755722,110.346733
933.855208,248.100323,139.346786,114.328285
917.555441,242.280025,158.043060,123.966866
925.285170,237.828018,153.092758,129.954071
922.885519,233.188835,154.385651,139.924026
925.005018,229.180977,151.630234,146.524033
921.777433,229.437294,155.681595,151.451096
925.094893,230.218399,149.455185,157.427826
929.604788,230.706398,142.199432,151.030136
925.215200,229.984695,140.628082,153.106232
918.212614,230.285522,142.794388,160.600586
920.101934,269.691666,117.889160,112.663605
922.381308,279.096117,234.545807,47.394253
912.012915,258.075768,227.471771,70.108719
909.528174,231.481194,158.635651,159.545120
921.950056,237.188866,123.786453,149.970840
932.812365,232.805260,121.312996,148.476883
919.557539,228.147247,127.880142,149.249329
909.452337,231.209076,143.565887,141.168640
895.382414,232.948189,164.787399,142.038010
882.602598,235.332840,185.469894,131.932159
870.200735,236.187111,204.205139,133.836411
857.055471,236.807610,220.401855,130.052139
850.895804,239.037430,235.960327,124.483246
839.865637,239.059410,252.701141,109.883926
834.573309,239.650043,263.393341,109.939964
823.327780,240.648197,279.879883,104.951775
808.707510,245.636665,298.746216,95.292648
802.060049,241.867706,309.166870,100.826904
789.422537,242.269493,312.950989,92.051956
779.253927,240.647858,310.290955,88.391724
771.251852,240.533371,303.318420,87.631866
760.406881,239.970154,302.792603,83.831665
749.035162,239.776592,305.389313,79.285378
737.225836,237.515415,309.142731,80.087395
725.653860,238.907906,309.346130,78.016403
715.098715,239.473480,307.789673,77.336060
706.280356,238.519356,304.613159,78.503830
689.313742,237.805397,306.002563,81.929001
679.826407,238.323639,307.457397,79.275635
668.395620,240.438328,306.802246,77.686821
660.971151,238.938660,303.748657,79.650696
649.491858,239.884327,304.251251,77.896385
639.593466,239.608696,301.652283,78.098770
631.451559,240.306637,299.365173,77.516609
624.870108,242.515461,297.552185,75.329735
625.554098,246.627071,293.374451,74.485970
617.824392,248.017456,285.083008,79.285828
597.046515,248.139084,300.675873,82.846649
593.060644,247.705235,292.080658,84.131584
584.514456,248.762539,293.235107,81.764046
573.434774,245.987637,294.044678,82.270638
561.922705,246.741173,299.495270,79.838272
554.504416,246.607666,302.219910,79.572205
548.411230,257.470898,304.721893,81.745827
538.559424,260.876965,299.978668,82.081032
545.353979,283.881084,287.290863,66.196327
523.911444,249.287651,294.937836,72.128922
502.382010,248.575935,313.658997,75.912643
505.103125,243.174355,301.976410,89.234238
495.200094,242.441589,305.457336,90.770569
487.475714,243.415722,307.064545,89.875160
479.529821,243.405495,310.917206,88.748093
472.956259,244.024212,312.143250,91.328407
461.462286,243.707760,319.908417,90.109993
457.598883,245.820904,315.495575,89.172462
448.812201,246.391926,317.712555,93.373924
442.604513,248.164383,316.758667,91.374115
436.295187,251.297489,317.364380,92.038017
441.937094,268.090954,305.489014,78.265724
498.510832,300.690710,234.447678,53.776966
510.623884,308.391123,220.866287,43.951092
505.305510,308.180130,225.042740,44.320038
503.139120,307.722858,217.858337,45.094749
497.709150,307.037254,218.294632,44.989090
492.891920,305.760271,214.523819,45.152859
488.301481,305.026659,208.321396,45.220791
453.769766,300.783537,234.427429,51.769169
493.590086,302.419357,190.067429,49.212189
462.710592,301.206654,213.318146,51.993340
472.903677,302.503017,199.983246,48.866188
446.702734,301.951336,217.771545,51.692848
444.714468,299.121134,213.931793,52.635357
364.163885,267.795135,283.535980,78.015991
434.065168,295.555313,215.359207,56.305634
344.285696,257.363598,296.267029,92.310249
404.164686,285.855061,234.545547,65.990593
330.588293,254.102402,290.262970,89.674622
338.153448,255.353554,283.053131,93.005753
330.154181,255.654934,289.780670,90.504799
326.365408,256.035519,288.228516,90.106483
322.993933,258.164581,285.183441,85.710846
309.174688,251.321404,289.921539,93.545395
312.791998,255.624123,285.734711,90.104202
303.927908,251.352783,286.301392,95.176239
304.528433,257.480469,280.252441,87.583221
294.477163,246.343372,284.101746,99.748955
297.097158,253.116116,269.666931,90.088295
290.419210,243.208206,271.774231,99.203613
294.233847,244.353905,256.408203,95.535324
295.602072,242.811188,243.807800,94.491852
295.009337,241.428719,242.848679,96.146194
293.893194,248.831711,243.056610,89.331543
306.513067,262.127773,227.426483,75.381569
325.823195,279.015179,198.159683,58.222908
318.319319,270.322239,200.952774,66.813255
314.940291,270.262051,201.923355,65.592079
315.506102,280.196688,198.921249,56.149441
307.139502,269.398071,190.836243,58.444275
311.553701,285.190599,195.782257,48.452419
302.164305,274.073181,199.207779,58.856262
299.077490,282.212378,198.715332,52.316822
292.312773,281.678194,205.823746,52.295681
291.247122,281.980379,199.049133,52.009548
287.302504,278.038855,198.499557,57.368702
285.147978,279.321648,194.110672,55.149796
282.456953,281.528503,190.950394,55.439819
279.939879,251.529444,189.252548,54.520580
285.433889,279.027533,186.803467,61.488453
274.278448,269.828869,202.753510,67.289528
262.804319,259.182926,222.287399,44.370781
261.049666,258.653793,229.979446,46.440765
261.611418,260.964220,238.116074,44.265835
266.719290,262.717337,237.373108,44.492390
276.727453,265.140869,238.071686,41.417358
283.009687,265.586199,242.880020,43.292049
294.587446,265.754232,235.956985,41.997669
296.287375,266.642443,244.218964,42.082027
299.530378,267.861940,250.460373,43.089016
310.044340,269.397631,247.984940,41.140011
330.005667,268.087578,234.099335,42.291092
329.636763,269.221539,242.004318,42.294411
339.227377,268.980129,243.173370,42.771065
354.244993,268.735619,235.146255,42.415817
357.048903,268.891304,243.340805,42.920700
372.115698,267.522236,235.999817,43.140312
373.740561,267.787634,245.152557,43.220783
378.542509,267.518181,250.435684,44.916733
398.167921,267.884571,236.428513,45.915947
415.784514,267.567993,226.475296,45.818085
413.955893,268.223522,237.201996,46.456490
428.872229,267.260960,230.381775,47.133568
437.178053,269.434795,227.604965,45.293404
440.553907,269.403214,230.687668,46.538727
449.688124,271.389973,226.459274,44.769127
456.018675,271.448690,231.658096,44.395649
465.350943,271.555119,227.974030,44.563560
478.520567,273.195328,221.789688,42.728699
481.267233,274.160679,231.048431,43.855492
491.310743,274.521786,230.360153,43.593391
500.079641,276.159012,232.332611,43.277100
506.683523,275.665754,232.149933,44.206303
513.297461,276.164179,235.673706,44.629894
520.700232,277.119909,236.541382,44.147388
529.025152,276.540499,238.491577,46.062649
535.423773,278.955317,237.031738,45.065838
541.754400,278.819365,238.452271,46.264683
551.050665,279.230509,237.172302,47.138988
561.523619,282.052773,236.060257,46.627640
572.364058,280.483459,233.446762,48.250397
584.398581,283.175171,227.771332,48.214203
597.625959,285.499050,222.427780,46.954689
602.309080,286.011299,227.627274,47.860428
617.796255,288.681370,218.594391,45.443382
627.144011,290.473232,219.303177,45.827614
636.571074,293.625080,215.072952,44.863976
647.564520,294.697794,211.930695,44.618023
654.326574,296.199617,219.025909,45.551632
664.930914,298.180101,213.679962,44.708706
671.782805,299.483309,217.024643,45.188717
678.364775,299.799986,220.249435,46.969578
689.667303,301.053297,219.980255,46.349155
700.553206,300.462141,221.122635,48.756168
710.182066,300.649363,218.673935,49.136242
716.418432,300.181175,221.251740,51.629868
725.661779,300.449181,219.798370,53.957626
732.017286,300.013948,224.806412,54.019985
739.689116,298.983385,227.654831,54.947506
748.669325,299.776711,228.493179,54.894913
757.899084,299.627401,228.420807,54.816395
765.501158,298.801519,232.374191,57.058613
773.173384,298.835884,234.669571,59.089737
777.680708,297.414202,242.144852,60.018368
783.329031,297.826460,246.713684,60.587528
790.388876,297.506006,248.229187,62.523540
797.062521,296.353363,253.415588,64.784454
804.197775,296.691616,256.707764,65.399757
807.748541,295.707672,263.165070,68.306488
814.418600,294.616821,264.330261,72.058075
821.776983,292.723618,267.944305,76.467285
828.319052,292.064663,268.957886,77.162331
835.537710,290.754341,270.784546,82.352066
844.485785,289.964127,269.382721,86.491211
851.646185,287.196301,267.058990,87.700508
856.260962,283.612965,267.769684,89.456047
879.516203,283.446049,248.026169,86.169579
886.935118,282.368210,242.036301,85.740845
900.746328,279.659817,232.166870,88.219521
919.444853,277.302734,213.319382,85.671539
930.627188,276.234573,204.119446,86.564331
938.827772,273.808918,200.114578,86.305107
951.187643,270.995583,188.277954,87.931229
959.563063,269.685261,180.800369,90.443596
966.168249,268.440071,172.473419,91.147781
976.316267,267.408615,158.969315,91.646790
976.471579,269.162735,154.633667,90.417542
981.737272,266.604210,145.463120,91.425644
1001.635775,266.319984,123.716103,91.091385
1020.458761,271.327755,101.772522,87.583351
1027.613134,272.446125,96.207977,86.983025
1021.852064,272.105179,105.032120,81.313782
1012.428522,272.285942,118.507347,79.075089
1005.997137,273.997345,129.387329,79.289886
995.319807,275.688354,141.787643,67.540314
990.660498,274.034069,150.069000,75.463142
983.268538,274.566837,157.279495,70.267784
974.817495,271.618961,166.878052,68.388023
966.973089,271.629423,175.146393,63.859043
958.589109,271.176949,185.171677,64.956009
946.872129,270.431011,196.719162,66.884163
936.944426,268.674496,208.209702,70.079628
923.637640,268.302563,220.990326,69.985970
913.759672,267.054813,232.357468,72.288658
904.349073,264.849026,232.682388,70.850929
894.975340,264.003761,230.219650,69.952835
881.628943,264.816862,242.447479,63.229771
874.161459,263.290424,249.359802,64.306877
864.944510,264.039345,260.093445,62.463455
855.369131,262.007637,277.675903,65.069473
849.338949,262.023670,284.779907,63.132378
838.524542,260.013256,300.253326,64.682503
830.157309,260.120613,305.064453,64.490555
822.425299,259.015770,316.084381,65.846359
818.452292,256.515366,321.152222,65.498108
809.742117,254.621983,318.988647,65.731102
803.422186,252.895248,320.469696,64.611450
792.560309,251.419113,304.403656,63.654724
781.925024,249.408382,311.211578,63.896584
768.364676,248.887371,319.844421,64.508247
761.171026,244.662998,307.816925,66.300133
748.080648,246.335711,314.069092,63.799007
737.601141,245.102531,312.154449,64.669357
727.400091,243.922092,312.225006,65.087059
712.171377,243.357025,322.251953,65.441254
711.891058,240.873001,309.427277,68.044189
698.209463,240.654507,313.396973,66.572243
695.965521,240.410553,305.880768,66.168732
683.754507,240.657581,300.513977,62.557671
675.775427,240.439405,306.831757,63.834293
671.594900,239.451691,297.310669,65.602570
659.625158,241.606543,301.064728,63.130756
652.966101,242.479950,298.947845,64.220123
644.866110,245.845634,296.893188,59.926987
636.152685,245.859526,297.993378,58.706333
626.494268,247.925913,291.249359,56.532360
619.664999,250.553713,294.335999,56.784451
612.688833,251.163549,290.328613,57.628132
599.304846,252.073435,286.204315,56.806896
594.914434,253.881144,287.452545,56.782055
583.584982,255.029438,278.899414,56.345634
576.136740,254.959240,276.149109,56.970711
570.330664,255.889307,274.016693,57.922161
566.960928,255.770792,266.306030,58.575512
559.158148,255.391380,267.507233,59.397324
556.673002,256.004778,255.415634,59.895382
549.915701,259.679981,250.507446,58.084831
549.331877,261.072531,228.711288,56.747974
542.536947,261.054167,222.491394,57.350071
533.066122,261.125893,219.114746,57.457718
529.534185,261.754869,205.024017,59.425594
524.597715,262.049471,198.451157,60.128139
520.096571,262.281969,188.202225,59.465511
516.078520,262.937380,173.021469,58.734768
510.574102,262.964003,162.499786,59.043278
509.224211,263.755537,153.957932,58.030521
506.642271,263.710421,151.033066,58.067562
504.533941,263.334055,144.059814,60.360455
502.065184,262.953249,132.172165,56.558712
499.449942,263.393749,130.142090,55.429176
497.184900,262.777372,125.603905,54.803715
497.727892,262.322474,121.557899,56.038830
496.868200,261.975706,117.133820,55.826878
496.782244,262.716265,114.311775,57.330318
498.506350,264.607250,108.519753,53.104347
500.157637,264.107651,99.209579,52.010284
502.627462,263.589651,89.402863,54.182667
504.097601,266.154827,82.170715,52.836067
503.890913,266.564226,81.043320,57.935757
503.806524,265.999487,71.192230,52.100574
505.248579,265.004953,63.577225,58.214611
505.003794,263.026375,69.817406,56.849228
504.935999,249.971409,79.685844,71.958244
507.280542,253.734930,75.171196,62.653309
484.425753,266.165571,104.807289,44.690220
491.995703,267.361923,105.354889,43.762817
495.166765,267.726040,108.768532,44.664009
498.041945,267.295872,114.094498,44.790123
501.090635,268.153709,117.672806,44.043625
500.115496,269.344236,127.825722,43.406040
499.357298,268.800640,135.909164,44.514931
500.394774,270.416254,142.486435,43.775249
511.741362,271.451027,136.902664,44.120560
508.684362,272.350622,145.597809,44.299335
506.181089,274.368664,156.107346,43.105507
498.333296,278.959373,170.018326,41.772598
496.627539,276.884960,176.705292,44.071541
503.474455,279.176765,178.042221,47.092911
511.625517,280.054132,177.150467,48.523418
523.426046,282.314346,173.863434,50.998749
534.947836,285.763842,167.565247,50.762112
541.585424,287.146740,168.903137,52.264748
544.560423,290.660851,178.028366,53.066238
545.930479,292.864044,180.019974,53.162048
548.557043,294.541443,185.838470,54.979889
550.471495,295.539127,191.335739,56.759727
548.581366,298.491491,204.293549,56.376301
550.930922,299.427513,209.273941,57.817429
556.020941,302.347424,213.418182,59.684700
563.022131,300.978069,215.257660,61.973091
571.097578,307.427864,214.439896,59.160660
579.779181,306.341522,213.910919,62.027985
588.251288,309.473135,215.724518,63.411427
600.571249,310.321817,211.403687,63.415783
607.593512,315.663036,212.101105,61.391609
621.036505,318.019156,205.232086,60.009388
628.435354,319.933475,204.753906,61.496788
638.434744,323.178751,200.077576,59.880260
649.233885,327.046959,195.789169,58.093002
660.269316,329.583406,190.749924,56.317959
666.822836,330.239134,192.929138,58.394627
676.238951,329.295696,190.377792,59.696724
685.802763,334.262037,184.298325,55.086735
693.802549,335.629808,185.393234,54.223507
705.474455,335.988514,184.651657,55.757988
716.643354,343.580660,177.286575,48.208645
730.755156,345.320261,170.513077,49.933544
739.146071,349.021454,169.943039,45.204376
746.461317,349.124493,167.246841,47.610237
751.142782,354.387617,167.722534,45.353428
751.999571,352.478771,169.229599,45.541878
757.474417,353.313707,171.653656,47.181637
769.571821,356.831656,159.689926,42.620319
774.946974,356.516399,153.811661,41.700783
780.263914,359.523838,152.411301,40.578972
784.860342,361.274343,150.267212,41.266926
794.570486,362.952303,147.253601,39.470760
800.366728,363.930489,144.929001,36.702560
803.950247,363.795090,145.227051,38.131653
822.606901,363.504898,131.966629,38.953888
824.597738,363.198647,136.701660,41.298203
835.897772,361.966406,129.876740,40.159748
840.283262,358.460283,130.602249,47.649441
843.465002,358.136326,132.218964,48.230827
856.179751,357.206669,123.706825,47.618217
871.980776,357.309319,115.435249,46.843399
871.773554,353.265009,120.398888,51.467175
883.880323,351.381472,113.506546,54.182339
908.193388,259.012859,226.482956,51.428398
900.661261,259.188084,226.043854,48.181831
892.458883,259.294205,226.339050,48.205063
885.898108,259.471336,224.184448,47.108307
879.243445,258.726068,221.767548,48.424831
867.980444,260.134394,219.630310,47.488918
856.852545,261.208879,230.760742,46.616131
849.120375,260.951519,235.251755,47.379936
842.911444,259.816395,232.637085,47.431984
834.575460,260.141529,235.907623,47.201576
821.875464,261.312586,243.624969,47.712002
818.394499,261.903166,240.448105,47.359699
809.721212,262.238991,245.301147,47.146790
809.758741,264.122786,220.748550,45.517262
804.656973,264.004812,221.833588,46.948368
923.814795,268.852455,137.800110,130.456757
788.305929,262.872553,235.942230,49.902218
785.685942,265.968212,215.337662,46.117821
779.216269,266.002792,208.967743,44.892136
774.530134,266.620417,214.318771,46.131588
767.004789,267.445314,218.711655,46.242748
762.111998,268.883915,206.192398,44.292366
755.667219,269.368990,191.448715,43.472759
747.057005,268.801939,195.820999,44.550770
739.081236,270.240887,206.522263,44.231163
731.979925,270.151903,218.610077,44.845592
726.941977,270.927246,221.877747,44.774185
719.752501,273.102760,225.267227,42.771301
715.159590,274.939840,221.715469,42.008396
704.501799,276.008478,221.721481,41.567715
698.902174,277.099646,222.937119,42.540073
692.240149,277.136696,215.547302,41.814087
681.476843,277.431087,222.705566,42.402519
675.454092,279.674950,222.231110,41.310974
667.833021,280.069405,211.683884,41.923889
657.744360,280.638514,220.004150,42.900509
650.771902,280.683727,209.831116,43.241112
641.201620,281.625914,210.851837,42.288044
629.600424,281.295725,200.120728,43.838985
614.548170,280.487366,215.148087,44.363815
606.674955,281.411177,215.200638,44.080891
597.098845,281.859587,211.450729,44.058247
586.589911,281.320766,209.951050,43.956444
582.309576,279.813961,210.410767,44.251518
568.493559,278.597820,212.281296,45.697380
565.911055,276.935423,209.099716,45.141438
552.274862,274.277159,211.009247,45.914173
548.215056,272.346405,206.185928,47.139236
536.246946,272.097061,204.545547,48.585281
531.559584,268.343498,202.055801,47.982391
524.861280,265.659029,196.279129,52.725292
515.214346,262.677683,198.194153,54.048031
507.446600,260.582464,195.918610,55.741764
497.745894,258.686768,194.837418,56.544266
490.925406,257.891888,197.111572,56.689079
485.340910,255.716724,194.804611,57.818398
476.109655,253.655602,193.636688,58.342804
471.480368,252.289618,191.562134,57.871220
460.313025,250.418633,196.096283,56.859283
451.544249,249.430969,198.194687,54.755264
446.125403,248.634348,198.130035,54.612118
