261.000000,332.000000,39.000000,38.000000
252.865837,320.354546,41.003326,39.668900
265.177187,316.235132,38.967785,38.190792
276.361496,314.918253,36.963623,38.771740
285.669033,316.922602,38.216545,39.883709
294.755882,322.278931,40.035187,38.445969
306.835588,329.511204,39.857922,38.128868
319.332401,340.569662,38.670769,38.394321
329.716078,354.674210,37.854725,39.578323
338.794287,371.333109,40.328342,41.625347
346.585037,391.278162,42.881668,43.387951
359.465822,416.061634,38.538982,39.906059
369.451410,441.932541,37.468441,37.766815
354.044006,427.034266,39.466064,40.036037
337.157749,413.044306,37.071480,38.709179
317.640295,403.817402,37.872257,39.666359
298.427839,396.998829,39.737431,40.392097
280.468088,394.779007,39.132915,37.934967
259.933907,394.513987,40.606064,37.781414
255.147631,394.250292,40.210644,39.105602
269.719879,396.223770,39.690582,38.222031
284.461443,400.046391,40.535152,38.006615
273.182295,446.782038,44.597126,47.199871
251.851257,439.323952,46.104721,46.777451
230.752718,435.487947,44.349911,46.244442
227.950935,433.804090,46.548813,46.236866
244.097628,434.521059,46.898006,45.877819
259.820456,439.487165,44.830830,46.181614
276.156910,446.476667,45.475212,47.089649
289.590199,459.403515,47.387199,47.040764
311.035894,473.782473,41.734364,48.248913
327.366325,493.974676,40.124100,46.194675
313.201096,480.618082,43.379578,50.016232
287.843479,463.096146,45.836113,49.248627
264.815765,446.958403,45.514145,47.923588
243.665155,434.104061,44.471416,45.681358
221.755421,425.785072,45.353676,46.361298
233.398279,420.743715,49.470577,46.099636
250.635990,420.642456,47.978462,46.745575
269.414082,422.942390,46.373726,46.324951
284.531488,430.454536,46.563351,46.028687
305.358765,437.760788,45.753983,49.213608
322.387035,451.831905,42.043571,47.004875
336.518126,466.956310,46.235111,48.109978
337.570044,475.460360,45.673954,46.671246
313.239996,463.269625,47.900776,47.558880
290.044022,454.124388,45.086823,48.197834
266.769590,450.110733,47.408070,46.807785
245.415852,447.017017,51.844902,46.517052
220.652111,450.574528,48.164726,45.316505
231.763285,449.898272,49.217831,47.017986
249.825529,453.899122,50.132496,45.952305
268.163067,460.602703,47.899742,46.931511
286.015097,472.099007,46.942142,46.295837
305.568710,486.474581,47.088547,47.132488
323.570389,505.252079,44.743698,45.133339
305.418522,484.942265,48.049599,47.209602
284.437263,464.982798,48.144409,48.046062
263.705124,446.501802,48.618912,49.243542
243.400091,434.041489,47.706745,46.630737
223.684811,424.631754,45.132927,45.595684
236.263987,420.711628,47.029766,45.085304
253.706224,420.856279,47.626003,43.796352
270.374296,425.339775,42.645634,42.406052
287.206202,431.391981,43.339397,43.014088
305.134121,440.911175,44.863426,44.797905
322.547140,454.765680,44.398960,44.595303
338.500765,471.383720,45.332546,44.699097
330.334732,464.299978,44.735855,46.475208
307.681543,446.441317,43.846386,46.069378
283.873857,434.312859,45.670284,44.516403
263.532021,424.393745,46.943314,42.951141
241.847239,415.825869,48.116085,44.920895
226.981684,409.952860,46.112698,45.735287
246.843946,408.410995,44.808430,44.356064
264.756151,409.252007,42.597210,45.342834
280.599308,413.820978,44.498116,45.207882
296.669353,422.494770,46.209526,44.344032
313.885506,434.483931,44.656860,45.084446
329.700659,446.958778,44.050816,46.189133
344.988363,465.774918,43.738041,43.695007
326.841154,448.069195,43.384556,46.821312
304.297707,431.781372,43.603561,46.989349
283.199362,419.091002,45.613316,44.872776
265.495304,410.249094,43.828957,44.116070
245.978111,404.034277,44.459900,42.967747
231.917627,400.806223,42.175533,43.556896
250.529690,399.217733,43.404015,42.815937
268.293812,400.932201,42.608223,42.979744
283.923155,407.772869,42.961124,43.785027
304.921028,417.854090,38.981461,42.348186
326.588688,379.914164,37.885185,40.042721
312.283512,373.928267,36.517540,40.556263
295.036684,372.897945,41.590130,38.052010
281.345041,372.419239,41.711330,39.948967
267.865507,376.241362,40.012913,38.161076
252.238884,382.864580,41.546799,39.152798
257.804071,389.361189,41.318249,42.007389
268.071863,396.268608,46.346630,43.611252
253.510363,390.683472,46.132305,46.657440
235.324802,388.963100,45.866508,45.183266
231.666441,388.814964,43.257130,44.448044
244.324505,390.859390,45.353050,44.125687
257.458904,395.750961,44.827583,43.969986
270.070608,403.750706,44.076359,43.652443
281.830343,414.327766,44.671803,42.533951
294.836708,427.601267,48.036209,47.299084
308.609474,447.014614,45.377304,47.006538
315.802282,461.191833,44.073246,44.793640
295.294025,437.297482,49.689568,46.755074
278.722483,417.923552,46.883663,48.471210
263.392483,401.870918,46.804466,49.282471
245.346899,384.942017,50.126225,51.854691
229.084829,383.352541,43.696598,46.630718
226.697964,378.536524,47.627647,46.108868
240.924784,378.908001,47.757870,45.522881
254.104839,380.878321,48.448296,45.940105
267.397400,386.808147,46.780350,46.503197
279.346531,396.166962,48.408607,46.873871
291.900694,409.568773,48.679157,47.394772
305.675739,425.773460,48.808052,48.015121
318.232231,448.372013,49.713593,44.934746
326.500782,462.204912,46.274681,46.735500
304.311811,440.340006,48.572330,46.527752
283.645399,426.640022,48.039249,44.370010
266.107862,413.584858,46.396839,47.801796
245.409288,405.288363,49.392300,46.779766
223.593964,400.939270,48.498856,46.628876
228.803705,400.118174,46.355206,45.883007
247.100264,400.490534,47.502354,46.193813
263.631649,406.878925,46.344612,45.871300
280.075342,416.839283,46.355511,42.979408
295.511105,428.015707,45.803917,45.470020
311.948908,442.558495,45.824947,45.944107
326.777969,463.413246,47.972122,44.989243
322.898291,457.535934,45.609821,46.089890
302.426052,436.611517,48.317101,47.727360
286.760281,422.497793,46.888908,46.796192
270.307367,412.925158,45.899227,46.619839
252.865900,406.024803,47.313137,45.807693
234.765520,401.424316,48.554241,46.940170
221.150801,401.694399,49.052189,46.580349
236.368719,403.463404,49.937519,46.552929
251.941654,410.381899,48.456535,45.209698
265.844086,419.632990,45.737732,46.421810
279.752323,431.350088,45.895195,48.218113
292.313234,449.220205,48.108852,46.497868
306.884813,467.185997,44.419552,47.001801
316.777035,486.746275,44.374611,43.213825
294.959064,458.586622,45.594200,46.508686
274.791254,437.108416,44.598980,46.979137
257.328478,420.443449,47.289898,45.317524
238.490257,405.725693,46.356613,45.324524
224.876291,394.616360,47.288357,46.630745
247.587978,390.487888,43.153984,45.626808
262.574734,389.356720,43.799065,44.692200
274.886662,390.969225,46.963585,46.826626
252.722080,400.901686,39.823830,39.116764
257.153446,397.766792,41.599968,38.164978
268.211510,396.372429,41.232590,37.673904
278.607113,397.780846,41.044472,38.962372
289.527893,402.518890,40.915970,38.834915
301.518700,408.957052,39.630997,39.732853
304.759094,419.938299,48.897705,51.001438
280.792084,415.830395,50.301163,46.713951
257.629539,409.631716,47.811935,46.318142
234.092449,408.757410,48.089470,43.852581
224.366102,406.087528,46.095661,45.982384
241.672638,407.208366,48.811813,45.489441
261.577400,412.047712,47.102020,45.488575
280.480101,419.282589,45.687214,45.318535
298.445738,429.706079,46.092457,45.695385
317.647972,444.666906,44.880951,45.601368
333.079088,462.405327,46.011883,46.846970
317.936031,440.666290,43.995079,44.572647
298.106379,419.888327,44.518383,44.309849
279.619326,403.066202,44.282742,43.802120
260.357187,391.025780,49.949459,46.772888
240.626022,380.324532,50.130920,48.171021
220.636347,375.793732,48.210873,46.490692
227.798136,373.744835,47.839046,46.578995
243.338711,376.297590,49.156456,46.479206
260.006819,383.447758,46.475361,46.164680
274.296127,391.818298,48.613907,47.835709
288.047180,407.435614,56.605942,45.721287
304.035976,421.181339,46.394249,48.689796
318.820000,445.539925,48.027496,44.380249
329.704939,465.094130,46.074482,43.913410
311.892467,443.311518,45.332512,43.519680
290.394043,423.514812,48.532150,44.239052
272.021500,406.066536,48.442383,48.707184
251.801037,395.199776,48.953865,48.729218
233.052242,388.521782,47.512154,46.248352
220.809938,384.023840,47.845730,47.028507
236.568108,383.183571,48.673355,46.064560
252.888672,386.551416,48.602325,46.382107
268.171545,392.228380,44.995014,46.474514
282.289700,402.261957,46.292061,46.701168
297.528488,415.910131,47.794159,46.191166
314.508873,433.006100,47.377975,46.020683
332.753431,448.544937,45.274723,50.072769
323.893448,438.520485,53.318085,51.790985
306.799831,422.148594,53.117241,51.942299
288.619905,406.919838,50.872143,51.204102
273.954836,396.138969,46.990856,50.821075
256.150949,392.703691,46.759518,46.801876
237.156219,387.852253,47.576141,46.649666
220.053751,387.252432,46.887569,46.909428
228.037981,388.599031,45.907681,46.824017
241.518925,393.604950,47.765892,45.398453
255.188887,399.725748,48.176792,47.072903
268.364492,409.740755,47.688068,49.445263
280.491865,426.339050,46.556797,48.224197
293.699160,446.443764,48.442898,47.547211
308.266346,465.318130,47.407219,49.421738
300.533693,463.081116,50.543850,48.918015
284.467617,449.378803,51.052925,49.788780
269.295860,436.340282,49.915527,47.920387
253.126047,428.981977,50.322033,47.376774
236.966408,424.808094,50.435577,46.857826
221.611345,423.747078,48.787487,46.179230
224.919083,424.066216,48.272293,46.145966
238.511654,428.000404,49.695915,46.743561
252.244757,434.829666,48.952854,46.980042
265.133736,446.102798,47.179901,48.315063
278.123240,459.782900,47.834927,50.290737
289.957701,477.527908,49.848164,48.057648
288.485346,476.521858,51.059063,47.322418
269.335840,448.479239,48.439709,49.755665
248.577902,424.691212,48.559772,48.202614
227.572186,403.261190,48.067299,46.140415
227.233494,389.093161,47.915062,46.751362
245.061689,381.807566,49.491825,46.766964
262.717020,379.869564,49.512066,45.095131
280.155045,380.584698,50.630768,45.799812
296.433624,383.285141,47.426666,45.562424
317.173931,390.649956,46.732948,45.143356
333.339664,400.147461,46.956291,46.876740
350.613319,413.842493,46.352432,46.578533
370.302708,434.309532,41.581078,41.912369
353.469971,423.671507,46.119156,42.852970
329.575853,405.345373,47.454479,43.653019
303.920015,391.970612,45.701275,44.140778
276.034826,381.895508,49.506962,44.976883
250.696001,377.335472,46.363476,43.490387
224.645504,370.445597,49.271584,45.798382
227.705515,368.682791,46.849941,45.982639
247.688223,368.111809,51.138615,46.946884
267.578600,371.168791,49.779125,47.137150
286.548231,377.394165,51.488331,48.509216
307.831451,388.586035,50.122849,45.580616
328.699289,402.846415,46.501766,45.090618
348.927187,418.879606,45.883282,45.625767
359.633904,431.387068,47.885178,43.344700
339.249369,410.553808,48.551693,44.749866
315.920853,391.079494,48.165344,49.479958
293.594196,377.151121,50.886559,50.652775
275.408966,362.415676,50.894440,58.599327
254.745071,366.206251,48.631546,46.337605
234.713379,366.146690,49.403870,45.218323
218.024532,367.060038,48.726082,45.166012
235.015383,368.866858,49.966915,45.448261
252.898321,375.295061,49.865528,45.479183
269.107138,384.529419,47.072346,44.674042
283.573677,398.274799,49.058640,45.159142
300.914196,415.104557,40.653450,44.756676
318.622437,435.938396,47.912384,44.731316
334.523916,459.122814,45.881733,45.476952
322.574203,440.558565,46.351654,45.703274
306.346056,417.179291,45.527889,47.572418
287.677139,400.629253,48.126663,46.300652
273.868555,387.233305,46.712521,45.082432
257.470419,375.292719,48.675587,44.426327
241.777779,368.654877,48.659729,44.161972
225.223566,365.724167,47.907513,43.207230
225.664928,366.253408,47.720863,45.762836
239.301144,370.695866,48.073036,44.603050
252.615562,378.416382,48.358719,44.293289
264.906868,389.275917,47.157104,44.125732
277.012627,404.531557,48.691833,45.073650
289.361328,422.166002,48.634323,45.710033
303.031456,444.916687,44.342987,46.519791
334.701399,403.576323,38.163990,41.034534
319.834570,385.502932,36.853336,40.264629
305.119841,370.805145,38.567844,40.539413
265.581394,406.965406,46.920555,46.641804
248.734657,395.961559,49.470596,45.255836
231.978268,386.149414,47.805809,46.567688
221.185452,382.383514,47.610695,45.655701
237.304480,379.528099,48.631763,47.474991
251.515009,382.369658,48.013287,46.462940
265.438438,388.043041,44.469772,47.545433
278.351658,396.401264,44.617180,47.856850
292.019064,411.082476,44.051289,45.085491
306.962749,425.956854,43.952904,47.050007
320.072372,446.468599,44.547653,44.050930
329.660376,463.744896,42.116718,43.229248
351.341225,434.072748,40.716553,37.984600
340.507565,411.861532,40.380989,38.533176
324.927841,394.360584,41.792801,38.359474
312.395037,379.575367,40.831158,39.317299
298.512379,368.343021,40.500175,39.771996
285.715349,360.898632,39.929287,38.738487
273.014553,354.887264,38.694649,39.382332
259.756094,352.319456,43.046391,38.601871
249.525845,351.813892,42.173424,40.472130
260.892296,353.367002,41.265320,40.548466
271.219627,358.490515,39.643921,40.648884
280.834190,364.973410,38.506165,41.355564
291.692167,375.191864,38.144550,40.918701
301.925121,387.715927,38.172371,40.358673
312.888809,403.632536,37.439407,33.983570
290.237274,407.043503,47.023666,45.065155
271.512028,389.022289,47.870186,44.951347
248.593191,374.951857,50.352726,46.887653
226.026819,363.392076,49.258038,47.758785
225.438725,358.666851,48.331841,47.561668
243.369402,357.815794,46.041409,46.252308
261.950495,359.258430,59.406689,47.579971
271.796766,353.758406,50.153049,58.386692
295.426058,374.692785,44.556637,45.997486
314.700872,386.650026,43.598804,48.244183
330.543800,401.537321,47.676529,48.040546
346.987293,420.729506,48.852043,48.211140
365.043825,447.346661,45.732204,44.707451
347.419022,442.603386,48.210587,44.521347
323.116259,429.838703,42.387630,45.154091
295.684107,421.649666,45.176876,45.162613
272.230682,416.582405,43.903885,45.192734
244.514946,416.524406,49.635529,44.237686
219.816471,417.502581,47.472099,47.357235
238.621572,417.964043,47.888691,46.799011
261.468819,421.312416,46.311203,45.661957
280.481802,427.405094,45.354481,47.665916
300.669567,438.949200,45.258644,45.984184
321.901934,453.667654,44.952236,44.889927
336.780159,467.793190,42.240814,46.460785
316.991652,446.819643,42.124882,47.040462
296.009378,432.654821,42.165524,43.283344
278.359156,416.588970,42.996655,47.342094
258.006813,405.751015,44.567368,48.211395
237.373857,400.104473,48.862576,45.917351
219.452372,396.255226,46.299938,46.720886
232.676376,395.084743,50.190674,46.562401
249.206308,398.794762,49.432812,46.831680
266.472015,403.305916,45.164093,47.388412
281.845644,413.527323,45.786221,46.897945
297.464521,426.721113,46.664646,47.348774
316.035652,446.071730,46.540939,45.007557
329.723255,462.347233,46.164757,46.945320
314.666201,438.167862,47.252178,48.131088
294.817522,413.609711,44.779858,47.064102
275.507435,392.164017,46.835121,48.293259
259.058119,375.281214,48.684162,50.157116
241.343576,354.063869,50.612804,55.928520
223.375263,355.198450,48.227394,45.471798
236.117435,347.617136,48.321236,48.454067
252.027292,350.290035,42.124020,46.109093
266.149036,352.149313,43.677483,47.682102
280.211180,355.781176,52.524387,50.209957
294.168343,367.601845,47.636063,46.921036
311.743231,381.821072,45.390064,46.048347
323.876057,400.757584,47.472145,44.644958
336.049397,417.259893,49.131294,46.150959
346.449823,442.627319,50.763058,45.743622
333.754993,422.560919,46.355324,45.665134
312.872631,405.182878,46.848000,43.292706
287.992439,383.513504,58.499329,48.180008
268.118343,373.186686,49.529366,44.039974
245.134960,363.298195,49.331154,46.291473
221.920948,355.319027,50.908134,48.169395
228.324572,352.354549,46.494015,48.407082
245.072432,338.981157,49.340214,60.535107
260.345980,342.519474,47.893063,60.751320
271.328905,342.619253,46.640224,51.813541
279.070950,347.555992,42.453224,39.105637
289.746002,356.797970,41.391663,38.682930
298.871954,366.999662,42.513874,39.797199
310.511515,382.027622,40.078732,40.092445
319.525919,399.402079,38.788830,38.840527
315.819675,413.024263,53.370094,49.349987
289.370728,401.784151,50.612640,47.035458
267.976660,395.024529,52.084644,47.815170
246.397863,390.997110,53.429188,46.706570
224.823580,390.645281,49.081539,46.197247
226.332275,391.764744,47.024124,45.551338
245.207151,394.656504,48.145313,44.254177
263.996658,399.722521,46.930161,47.116726
282.926535,408.146128,46.847263,48.023876
300.426218,422.880789,46.792599,46.817310
319.350872,440.238680,46.598045,45.737881
341.562233,458.342236,41.165863,43.721016
347.212818,461.926575,43.502663,46.549957
360.258286,468.392490,43.398071,44.545204
372.764669,472.705402,41.045658,39.636635
378.613415,472.873848,44.380180,44.029846
389.751694,484.420092,37.448517,41.352398
393.691889,487.254053,38.984615,40.250439
396.925379,490.914328,39.373516,42.013416
397.025545,491.350063,41.877758,45.371788
399.088831,491.750704,42.743328,47.015347
406.721815,494.759493,36.293186,40.752254
406.228052,495.425070,38.818813,41.445850
405.936155,496.701866,40.183933,40.759399
403.857895,497.331646,41.243256,40.528160
402.523346,498.893942,44.901260,40.579395
401.093483,498.575548,45.733459,41.376034
398.591494,500.317205,45.783337,40.149891
399.671888,500.730217,45.584980,39.576675
397.716961,502.868799,45.561913,41.426647
398.262548,502.361719,44.027531,43.213207
397.957005,505.306000,43.786339,42.674774
397.949570,507.049479,42.514755,44.373379
396.606884,507.808029,45.053764,45.533829
395.966379,509.964577,44.304195,45.865204
395.411098,510.056511,46.124229,47.334564
397.285923,511.154652,43.125069,47.129494
397.007574,512.043978,45.308704,47.643841
396.995691,511.873823,44.970196,49.229893
398.994022,515.431868,44.674324,47.960621
400.259418,519.008936,44.422630,47.223736
402.539963,523.388323,44.039459,47.656536
402.060873,529.116699,44.647190,47.464951
406.297628,537.595795,40.974094,45.400162
404.030762,540.528368,42.153732,46.071987
401.468918,540.032440,40.663803,46.437134
399.970184,537.667685,39.291336,47.304249
396.552162,536.706434,41.381775,48.857655
397.277504,537.131786,40.799210,48.327629
399.353014,540.161829,40.208996,48.168743
401.400454,543.657114,39.836056,48.085857
401.724684,548.716309,41.618931,46.050766
402.923298,551.922022,40.669304,45.958828
402.339787,550.864513,41.434792,47.396767
399.315664,547.868847,41.839909,45.566017
392.995644,542.089050,38.050049,45.158859
379.704147,530.246765,43.343369,47.807449
366.360977,516.411325,43.285568,46.434826
342.550564,494.353813,46.999413,50.321075
327.216608,467.641705,45.812603,51.731133
307.897572,444.836460,43.095299,50.047127
289.175478,425.062372,43.485912,49.371624
265.254175,408.367767,46.272198,49.152390
246.091854,398.055393,49.298515,48.092827
224.893108,388.395977,48.200157,48.457054
220.134281,383.350718,47.320442,48.592815
235.182110,382.545542,47.419518,48.721828
251.935942,388.098862,48.055561,47.288437
267.675888,394.466999,46.621506,47.336830
282.223743,404.232857,48.174660,46.071655
296.368227,417.632708,51.523724,47.805462
313.964409,435.531315,49.774841,47.947151
333.630219,457.865204,45.573410,50.011215
333.746935,474.311975,51.353680,49.910030
308.598774,461.384165,50.168922,48.375423
279.208895,450.767694,49.960232,49.760067
253.586527,444.932878,49.571575,45.935360
226.629259,441.032288,46.160000,47.513229
223.284678,439.162487,47.838299,46.946892
246.558033,438.752851,46.768303,46.645741
266.333895,441.889278,48.724758,48.289253
293.765884,448.821400,43.015747,52.110283
314.243771,459.704458,43.435921,48.439442
332.102196,474.565319,49.830826,47.873878
339.674297,484.800852,51.255226,46.708141
314.488728,459.754076,48.690102,45.540707
282.848915,439.039999,50.651306,45.216038
255.183498,420.377094,51.882637,50.005684
227.579729,408.149323,51.800686,47.810059
222.031248,399.553270,49.392353,46.552837
245.432327,396.382591,48.848709,46.316879
268.444592,394.878008,47.638664,46.800579
291.039265,399.061975,45.615364,43.242977
314.504938,405.266947,46.504299,46.172207
335.633247,414.393162,47.674347,48.532021
355.398878,427.273592,49.539906,49.933941
378.124365,444.828188,47.977695,49.248486
358.005259,440.578249,46.600018,45.759624
329.263308,427.598360,44.653698,44.603863
297.744381,416.048733,49.243965,46.468620
270.227760,411.479780,45.970749,44.327869
236.402897,407.448727,52.572716,47.333412
214.645393,407.109056,50.995728,47.022045
238.909655,405.525106,54.715343,46.301838
264.985952,407.451954,49.368870,45.322517
246.371149,351.539284,42.226818,40.186378
264.542459,340.165859,40.859509,40.520767
284.149790,334.789227,39.185863,40.668213
301.089911,331.300264,41.579166,39.300907
326.422123,331.125528,38.411018,37.424885
341.024603,332.849154,42.018696,40.079029
359.906570,339.170097,44.315521,38.777184
381.043407,345.743387,39.248283,40.348316
401.457499,357.480953,42.389721,40.110321
414.783140,368.712008,44.080738,41.082127
438.106316,388.082497,36.992569,26.792229
456.303164,395.690549,25.972118,21.245298
455.089975,394.045399,30.767673,24.043121
457.120829,394.443015,32.911839,26.407862
458.645243,396.947758,34.098423,27.466965
462.651969,400.564347,31.787516,24.828787
466.005831,406.956434,29.356724,23.887997
464.411533,407.718658,31.849915,24.651634
463.784616,407.817581,32.869846,25.517601
468.391089,409.379896,28.283747,25.007046
474.120553,412.918187,23.256567,20.782911
475.159791,413.895810,22.127668,21.199049
481.557281,423.547017,13.862427,13.227187
485.236166,424.975710,10.957508,13.075580
476.049852,409.490687,21.365349,27.283308
438.035646,399.220560,35.498081,28.148361
437.755028,387.934530,46.006035,42.624809
349.636923,417.273170,29.799721,41.475330
354.126738,427.964176,47.858299,43.794353
377.372114,443.566668,46.136162,45.782028
365.415651,428.993599,45.983078,48.323902
344.137707,408.658531,43.039440,48.571354
315.549633,391.980160,45.223064,45.812878
283.737257,376.432365,49.588310,47.311527
256.471964,364.621422,48.522324,46.867771
232.522348,360.768017,49.117035,42.989483
229.078369,354.606178,45.464100,45.867695
251.646782,353.107754,46.195316,45.786617
269.443823,354.969194,46.842049,46.330765
289.858868,360.560162,46.917385,45.503521
311.522688,370.244059,45.062614,46.800308
330.591669,382.671227,48.778473,50.038197
347.190897,405.141960,47.642242,40.764454
374.019323,418.435539,45.093788,47.960117
396.291157,444.022512,43.265423,46.009254
381.430349,430.192867,44.519234,47.267040
352.038710,406.318890,49.370964,46.150814
327.625668,382.008825,50.655560,48.587654
301.918175,364.104248,51.145329,46.378895
282.442152,349.087278,44.565025,48.272911
248.287601,339.539564,52.634594,47.509911
223.755404,330.574711,50.614105,49.286007
218.638052,328.568596,51.243446,47.843449
239.404041,329.042435,52.076824,48.361622
258.871225,332.633488,50.811676,47.519238
281.373480,339.286158,46.857307,47.855347
300.701483,349.222778,48.062721,48.665211
322.015581,363.877539,45.081223,46.899605
340.363674,383.658009,47.984982,47.404736
356.157774,405.448931,53.192772,45.336472
351.164726,410.649393,41.025959,44.304764
362.479939,436.135529,58.764828,44.111973
344.303335,418.811256,49.399742,54.861744
311.521761,421.249039,50.179764,46.970798
279.277313,420.605711,51.006062,46.019661
251.092968,420.702360,54.724728,46.584572
223.024263,427.914249,50.297379,46.479977
227.898563,431.831770,52.147305,46.626961
253.195524,436.771040,51.550056,47.374214
275.758312,447.135176,48.904583,48.012398
298.848494,460.479080,51.877754,45.142765
324.332279,478.422939,50.034969,45.220287
340.778551,490.576292,48.218811,44.196510
317.241358,460.857889,50.036316,47.138687
291.536682,439.533949,51.319538,43.307045
270.962307,416.001915,47.882488,49.661472
247.321030,401.292580,51.281300,48.164219
225.002419,388.408207,47.318043,47.324718
235.208769,384.780409,49.911537,45.952278
254.858759,384.432936,49.362442,46.016579
272.797310,389.053686,48.621998,46.604591
289.872391,397.354753,48.412418,44.023254
311.392052,407.364799,45.513142,44.196964
330.952538,423.167053,46.112507,43.166584
292.748158,411.672354,39.052197,43.429192
277.341057,392.576954,41.364750,45.030361
261.873960,377.751860,42.754082,41.662895
246.583815,363.874048,41.394844,41.015137
253.714802,356.746414,42.487606,41.405643
258.984400,396.876738,48.269012,45.038643
232.715706,391.419228,43.826374,42.811710
234.097143,383.515684,49.627815,46.453682
256.166353,382.781527,48.693375,45.032028
280.454771,382.954058,43.722649,46.652603
302.075766,390.566534,43.662514,43.249290
323.779402,393.153852,56.094261,49.317757
344.341837,406.806929,52.428467,50.609505
363.842649,431.461838,43.928795,42.072636
382.764565,446.571850,43.546070,43.637218
355.098259,428.401550,50.301441,46.573002
328.625801,347.043272,40.457233,41.319565
318.224979,332.470390,40.932476,41.974514
303.659328,321.036295,39.821072,40.974083
293.417192,310.698477,39.566803,41.175461
283.277924,305.277187,41.327168,41.376041
271.875729,301.883297,43.044827,42.266758
260.693516,301.897736,42.622448,40.886272
248.940287,304.920052,41.285706,40.633938
240.335299,311.083374,45.458160,40.853786
249.460186,317.618935,44.725780,40.833294
258.218708,325.521667,44.459087,43.784847
268.129623,339.753410,41.270267,43.399273
276.608435,358.033775,40.612862,41.722240
284.665134,371.809801,41.247509,47.282448
293.674309,395.933237,40.688114,42.011620
287.980362,403.907217,51.186344,46.788666
313.243288,449.681364,40.475250,43.148636
321.250450,481.575645,41.674564,43.665920
325.574947,502.892735,42.127422,41.181644
328.176765,511.094128,42.084492,42.760761
328.907700,516.937349,42.107288,42.853325
331.072197,521.377985,42.054066,42.798271
331.353561,527.055466,41.845097,40.905254
333.604061,531.014938,41.574215,40.626736
339.388563,536.218840,41.365425,40.510056
346.929285,541.025255,39.477371,40.197487
354.901848,544.043226,35.858250,40.281052
361.616089,543.902027,36.281208,40.499454
363.460821,540.601225,37.251381,38.666534
360.135080,530.830128,34.269836,37.118443
350.497644,514.672527,33.609116,35.343739
338.927965,485.349783,36.334091,39.067276
329.463001,449.220055,38.035931,41.357250
311.078283,410.765425,42.825386,45.534309
273.152691,393.015177,48.279873,46.853271
295.256975,399.147930,47.320816,46.954220
319.472698,408.349539,49.216579,46.556892
343.723806,420.010393,47.529915,47.411697
367.502432,436.821829,45.874458,49.066963
386.090521,459.242708,45.497902,45.378525
363.257523,451.388474,44.925724,44.537983
332.201637,442.788412,41.988926,41.559410
297.469200,438.394041,47.361362,42.041862
268.548031,438.266579,43.848248,42.822117
237.375366,439.421085,46.766560,42.146084
241.417116,440.971775,46.369003,42.714748
267.262686,442.309601,44.249336,41.265415
295.729496,447.364769,42.065319,42.453251
320.972910,456.957150,40.912811,41.673382
338.195316,468.162363,46.482784,43.454987
362.160696,481.937508,41.348808,44.393681
383.080542,498.688074,46.268364,43.751678
406.548103,518.778944,39.400990,40.600517
420.477248,536.919058,27.741537,38.931282
429.968716,550.316027,42.933819,49.477951
443.974718,517.410227,41.996399,39.864319
454.079603,516.006769,18.939507,20.725464
448.670152,517.849729,24.876879,19.773958
454.609648,523.850177,20.050110,15.736731
456.496966,526.250129,17.310575,11.916281
456.071350,528.832307,14.415623,10.000000
456.196503,519.760582,35.922466,28.076429
445.223657,562.039451,29.375086,23.111282
448.045114,575.206577,25.035517,26.523260
449.590603,577.611381,20.642666,23.724487
449.193208,576.317668,20.032747,19.472649
455.436592,575.855509,17.244205,15.993502
455.895952,577.026592,14.831146,15.396353
454.970454,576.367176,14.623617,21.460623
453.040749,575.386893,17.743877,21.142097
445.530059,572.825318,27.779669,25.574757
420.408139,571.293479,31.163874,38.389763
419.322522,572.842713,29.624781,38.031757
418.727057,573.602834,29.721640,39.048061
419.023461,572.712537,31.870836,40.302471
417.092419,572.656137,33.892040,39.336018
411.726664,567.591468,38.691544,39.609032
404.496767,560.163783,33.400879,39.620636
390.896645,540.538726,31.657383,32.792458
372.838036,516.638619,30.636791,35.026440
351.047445,488.444177,41.071503,45.476551
330.783659,462.520047,46.130173,49.361385
312.455269,439.245254,45.074383,47.060677
290.578022,418.582530,46.591969,49.581894
272.085596,403.100429,46.432304,48.325272
250.623926,391.798757,51.220619,46.296642
230.525015,382.454715,52.008942,47.674423
211.914797,377.141223,51.040154,48.324860
227.536135,377.318307,52.211998,47.387363
243.251022,380.060019,51.875118,47.198692
258.649900,388.154727,50.641876,46.627319
274.577625,397.675479,50.573963,49.297180
289.038435,412.732738,50.489624,47.909836
305.595881,429.673259,48.898293,50.060593
320.569847,455.149411,49.100750,45.145153
336.833078,477.870118,47.350990,49.035709
314.119781,469.531394,51.448162,47.760674
289.163092,462.013888,48.511505,48.345383
272.333603,457.012872,44.327496,47.415714
250.208643,454.336892,48.434547,47.104282
225.288631,455.983134,48.896839,48.256241
228.905195,457.106145,45.339081,47.644970
249.835232,462.197631,45.802708,46.199409
264.333248,467.702950,47.796940,47.281330
285.499542,478.089955,45.877499,47.717709
302.422701,490.956120,46.363884,46.677944
319.566635,507.900790,47.410213,46.630188
337.863178,528.535043,47.295704,44.742939
311.705812,504.638116,47.561394,49.992252
277.616007,483.382363,50.128075,45.264210
250.616785,463.466903,51.836433,46.987190
223.067429,449.471478,46.198391,45.110546
245.030035,443.331435,46.447495,43.883400
271.297031,440.784530,47.150562,45.012520
297.637983,440.213904,45.915405,44.168663
324.188190,445.511758,42.615406,43.116917
347.274303,453.099383,44.007359,41.250488
370.147739,462.336293,45.199879,43.462811
376.418737,465.500112,41.286301,41.991344
346.405958,447.965858,46.440262,49.535927
320.286882,439.050149,42.712532,42.175007
287.404621,427.284934,47.528660,44.307228
258.029242,420.515203,50.756439,45.764446
229.313341,418.425670,49.187004,45.419540
233.355753,414.116170,49.271935,46.194210
257.201849,414.415175,47.397736,44.807137
280.152397,415.654359,45.677303,45.853886
302.245132,420.603141,44.665600,46.286858
325.606264,430.165313,44.093025,44.329933
348.933273,445.221070,48.607555,44.585011
371.883472,459.394965,44.075199,47.528877
395.327797,477.849494,47.192471,49.767006
413.351347,499.244927,42.149551,40.363438
422.693340,509.844031,34.681782,33.855446
420.449720,506.667239,39.284744,41.161224
421.090965,506.895677,42.606350,42.588749
421.391932,507.532125,41.906395,41.777340
420.964745,512.410048,42.253963,43.157265
419.548494,517.396228,41.723320,37.775726
417.541574,523.273934,42.228371,39.882862
416.133001,531.645417,38.032593,39.122272
411.653505,534.306354,39.028587,40.181335
403.886631,530.892909,39.319614,38.629562
387.740007,520.891921,41.698418,38.942863
370.082222,504.195226,43.538555,39.259792
350.909969,472.154252,45.713093,43.009647
331.223043,446.208829,45.019058,41.592358
314.865211,417.841584,44.680050,45.806278
290.021477,396.403188,48.794643,45.825787
274.463640,379.828683,46.368416,45.805454
255.999109,367.571128,45.782646,46.695015
234.673897,356.536363,45.808224,46.993717
217.033895,350.964898,49.271591,48.687443
235.122705,350.204719,47.929451,47.362083
252.127514,353.769544,44.597172,46.528484
267.112326,359.165132,44.956131,47.823109
280.740356,368.377706,45.440029,48.436001
295.376127,382.720819,46.007751,48.196461
311.356323,398.569308,45.031643,47.981842
325.439749,420.245761,44.660446,47.934479
339.981537,448.851779,44.953426,42.130310
350.679817,469.141351,44.011303,45.790028
322.252178,443.509122,47.888157,44.626125
292.062197,416.980405,48.676399,46.159664
268.609659,398.229234,50.429054,48.060596
241.457569,381.620639,54.151890,48.080215
217.115150,371.473983,50.441677,46.951942
234.915794,365.815347,50.119930,45.078541
256.879654,363.041427,46.156048,45.844978
278.546352,363.408362,46.018970,46.746498
297.512175,367.097253,55.124466,46.237598
318.738766,374.882358,44.496021,46.802887
340.762075,386.322644,45.816986,46.671612
358.225298,400.607886,43.992805,44.088615
376.898069,420.353654,41.183777,43.015720
399.324570,438.747586,40.676037,47.353786
404.431030,452.099381,41.976070,41.572437
389.215670,435.775731,44.048363,47.262814
369.625416,424.230659,44.099033,47.454247
350.099899,420.266843,46.781384,45.699780
329.512230,416.882501,49.883755,44.741047
311.689960,415.812795,43.806629,46.892544
291.624300,421.812387,46.991203,45.227436
276.192091,429.943097,46.094742,46.111691
258.403070,439.746655,46.589684,48.541759
239.188816,454.069953,47.490086,47.231804
219.464495,472.988547,50.430534,47.972588
224.432756,488.585191,48.199425,46.406223
237.858007,501.433585,51.720749,47.579124
253.323435,516.336431,50.181984,46.443691
268.489529,534.918487,48.406132,45.041115
284.096035,558.203803,46.704350,47.825615
300.172466,585.589040,44.484715,48.349728
313.940229,612.730386,44.961792,48.361347
325.120050,591.910693,46.100136,48.023926
336.486715,575.213691,46.101089,45.304893
348.148716,559.256757,46.859196,46.706860
360.851416,544.230107,42.358109,43.589321
367.879642,533.427075,43.837681,48.817074
370.283131,530.973956,43.654713,48.347198
372.661142,533.685384,44.052589,48.259029
378.326630,541.548713,42.104198,45.712730
385.227278,549.376653,43.118942,44.002789
394.598740,557.208579,41.630337,44.068367
399.000542,560.142365,42.536907,46.729908
399.938023,559.644263,41.071552,47.288857
394.764036,553.582299,38.965744,43.757221
382.024496,538.297891,36.392807,44.210194
360.176838,515.631650,42.210911,50.706417
336.375420,484.298934,45.332699,54.379738
313.322849,458.653148,46.367985,51.674225
287.034451,435.557689,50.373722,51.441757
266.273710,417.648747,46.610611,48.970425
243.173359,403.410878,51.644321,49.852428
218.614098,392.158845,51.725231,50.409260
215.729528,387.125770,52.748810,50.333061
234.226002,386.296716,52.715702,49.842518
253.544765,388.923635,51.078785,49.492977
272.655529,395.281487,49.650135,49.748859
287.999723,405.307446,51.476578,49.653362
307.401485,421.349975,48.758717,47.886940
328.479261,439.949531,45.766800,45.790794
344.846491,459.968778,48.459435,48.182781
350.040407,475.268340,46.842384,45.934822
317.545139,462.494054,50.909870,49.279736
285.970093,454.070172,47.701138,49.261959
258.787718,450.709245,52.792023,46.990025
231.184835,446.843413,46.540192,48.357872
217.705914,446.729970,49.808872,48.119396
241.672787,446.275992,49.055241,48.341698
265.890669,450.065324,48.019318,49.663273
290.380648,457.344628,49.266655,47.989765
313.883261,467.083520,49.085770,49.071491
335.668455,480.687793,49.629303,50.251984
340.847086,483.214601,50.981667,49.892780
314.284094,456.573216,50.898468,54.045483
293.005585,440.018907,44.874783,44.049976
259.436670,416.748185,50.589729,47.113865
233.583050,403.259151,53.226383,46.866699
218.241968,392.893363,50.843925,49.128654
239.965860,390.096421,49.629570,47.375889
262.156214,389.699388,47.885185,46.301273
284.453646,391.472150,44.213448,46.282909
303.565853,397.198617,53.391743,47.357258
324.550829,407.233315,56.026466,53.495960
343.149933,421.141208,55.374950,48.068481
371.000141,440.192264,47.065159,47.122375
387.547794,457.791974,47.149937,45.666698
360.523159,441.307853,44.944981,48.617363
326.916656,423.779054,49.500851,47.550129
295.393564,413.485843,49.072853,47.821671
266.076756,404.980838,48.329197,48.025665
231.237646,403.823031,51.386154,46.074661
217.268837,400.842650,51.773113,46.353951
243.660486,398.989594,50.021645,47.232639
268.001482,402.467319,50.061058,46.796356
289.340107,409.761888,52.537922,47.025272
317.523760,420.456449,46.739891,46.731457
339.640463,434.922517,48.722610,46.189121
365.036829,453.281661,46.192207,45.627083
377.013254,461.020204,44.405342,48.678150
350.078064,437.238803,40.912136,45.911545
323.008936,414.023135,48.508965,50.280396
292.540730,404.574637,48.795872,46.712181
268.818882,393.555045,49.795643,46.725975
241.226435,384.458192,50.756340,46.174549
219.825323,381.266320,47.883087,47.537754
240.313387,377.832635,51.334663,45.777851
262.975697,380.462556,47.558811,44.770832
281.664972,386.070607,50.072685,44.093563
304.062477,393.608014,47.654507,45.038113
326.147675,406.387841,46.371960,44.016483
350.360117,420.796676,42.456261,44.768547
369.839565,437.606421,41.915852,44.900063
388.802773,456.495521,40.475552,44.457344
364.461842,432.052396,37.230259,48.420849
338.955025,413.121392,39.108685,46.001987
311.429207,393.805707,44.007946,47.245632
282.370171,382.534308,45.758801,46.254814
257.351187,372.333249,46.061462,44.806087
230.934193,361.311215,50.649097,47.893581
224.208708,358.306867,44.795761,47.446804
244.348330,357.433702,51.419228,46.530918
263.466507,360.024545,49.245770,47.275990
285.117281,367.117488,48.035378,46.673737
304.869410,373.591611,48.946739,50.014080
329.591984,390.306737,47.655766,44.840511
353.135265,405.556973,43.353382,48.197887
375.387548,427.129247,39.540344,42.734005
393.873238,460.717540,41.708935,38.808914
406.273184,469.474856,40.861420,36.375061
417.731026,473.690045,40.215435,35.053509
423.459721,481.253072,36.805027,36.200756
426.120367,482.753663,35.252960,33.747196
424.194115,485.358892,36.732677,31.142237
423.480398,487.481605,36.796371,31.527901
423.300095,488.118844,36.675976,32.324085
422.085188,488.336683,36.872742,31.269800
421.768305,488.886555,35.849205,30.012541
422.190666,490.156707,35.041302,30.390648
422.644907,491.104469,33.676460,30.198538
424.505026,491.628266,32.993942,34.002811
425.291807,492.259826,30.198990,32.124504
426.714943,493.077537,29.479046,30.984184
431.499112,493.409675,25.797335,26.973763
431.910069,493.789083,26.371645,29.268656
430.774703,493.533092,28.073530,30.547150
431.946842,493.890454,28.064426,30.288158
430.574990,493.981460,28.097086,32.640999
432.394636,493.864145,24.400253,26.828539
414.151787,510.345531,18.056263,20.892044
418.278887,499.312551,32.036850,31.973736
417.273220,486.391424,32.588985,27.430750
416.704205,483.393085,28.483578,25.223648
415.363876,479.768503,26.511051,24.888384
412.718916,476.462013,24.963081,27.228170
409.179137,473.016133,24.814375,30.620960
406.510999,469.808074,25.017473,32.934357
398.762154,465.233329,30.792049,38.386429
391.631609,459.187427,37.137444,39.054909
385.772686,454.143716,39.535175,39.806332
383.271996,449.772906,38.681393,39.223442
379.522100,446.884467,40.006470,40.086716
377.627417,444.040484,40.305161,40.496086
378.047075,439.968307,40.083549,40.902863
379.611065,437.282130,39.005741,39.753090
382.333193,432.759170,37.321800,39.656891
385.582567,429.247254,33.037712,39.415768
388.913828,427.289706,37.150429,40.423851
393.487230,425.755939,37.339302,41.357506
397.001396,425.996612,37.533672,41.826065
402.296917,426.169236,37.480305,41.070400
406.498539,425.548223,37.613026,40.622700
412.100754,424.042102,36.756084,39.823418
416.496782,421.545409,37.834923,40.569107
420.243061,418.329816,36.316471,40.618702
422.614479,415.674159,36.638821,40.678413
424.668865,413.404178,35.999638,38.300377
426.564238,408.861539,36.232391,38.903324
429.046629,407.346478,35.014206,38.857563
431.065536,404.780389,36.567791,39.023098
433.728474,401.642234,36.042896,39.761108
436.159571,400.321670,38.089760,39.597015
438.918825,400.248620,37.472054,38.927822
442.780773,400.097991,37.714573,39.213577
446.293535,399.951613,36.655281,39.306274
449.205959,399.576058,35.639942,38.603619
453.136564,400.710589,34.502533,37.883781
457.009876,402.244824,33.427311,37.183445
459.983299,405.023822,31.479565,35.285942
463.430721,408.570632,32.079655,36.870926
467.357706,413.705976,33.096535,37.415638
470.690086,419.986547,34.855694,37.174015
475.847837,425.875525,35.934250,35.813568
482.649639,432.872794,34.656528,35.647369
487.271545,439.867630,34.034573,31.271299
489.402832,436.178041,34.954830,33.394543
486.370289,432.562980,35.780918,33.594147
482.817039,422.877725,35.354916,34.542950
481.613741,411.092250,34.633415,36.217003
482.185526,398.603391,35.853127,36.760563
483.979906,389.961839,36.442772,37.096615
485.868132,382.183532,36.114807,36.577271
488.719641,378.889405,36.466034,37.802151
490.082266,376.725421,37.341797,37.077110
492.775444,376.900266,35.456966,36.445377
495.027796,378.279735,34.493660,37.615883
497.069622,380.931306,34.405613,35.069485
499.476280,382.860810,34.679272,34.560909
498.610329,382.619115,37.900234,36.978123
499.847094,384.939818,36.469154,34.911606
500.027214,385.945111,37.976025,35.380116
500.693956,387.273713,38.141762,35.516979
500.323025,387.501870,38.854496,37.326366
499.108408,388.706895,38.631966,37.323055
498.323174,390.306104,39.462917,37.371235
551.067696,389.947864,45.982143,47.653557
547.398508,401.183257,45.456871,47.435730
541.961540,422.254037,45.370358,47.328869
537.780899,449.636378,42.984432,49.534065
533.192112,485.963992,44.488483,43.607933
528.669474,524.257764,43.157021,43.359959
524.792334,565.147557,41.308853,46.665028
522.419230,609.625196,44.530876,44.352207
524.585321,579.214847,43.466438,43.113716
525.433037,549.371686,42.077709,43.750935
526.556368,525.063495,43.140846,41.156151
526.367144,502.650350,43.774757,42.609272
528.774075,481.846158,44.289539,45.938602
529.358744,464.259059,44.403740,46.334465
530.156776,455.555366,44.943447,41.780594
531.934246,443.525243,44.490376,45.332325
532.780518,436.140681,45.138485,46.694618
534.231375,436.589705,43.938828,46.725601
534.946716,437.588162,43.695721,45.520527
535.144630,437.076148,46.104153,45.587479
535.532570,434.808734,46.148464,46.419518
536.321920,432.363309,46.166245,46.468449
539.022495,429.402244,45.377720,46.428986
540.142805,427.599648,45.118286,46.737179
541.993544,427.105796,45.013031,46.051041
543.258274,426.573415,44.485004,44.180973
544.339022,426.061929,44.870232,45.268459
545.845978,425.581235,44.219021,45.184345
546.293533,425.522109,43.762203,45.088257
545.809286,424.126765,43.854935,45.157570
546.355110,423.536742,43.542416,46.072952
546.311605,421.867188,43.709152,45.916500
545.442160,420.689725,44.110931,47.067707
545.723658,420.731341,43.948860,46.517708
545.445082,420.028989,43.193253,47.127247
545.315893,418.899787,43.764587,47.256332
545.452570,418.449685,43.597771,47.497326
545.392252,419.027705,43.570930,47.294701
544.543221,419.087794,42.869350,47.260735
544.451391,418.828618,43.046341,47.426548
543.467295,418.663486,43.115807,47.416054
542.439981,418.860274,42.087669,47.098999
541.409758,418.492936,41.524139,47.572247
538.326971,418.273389,42.897842,47.580402
536.116787,418.271483,42.556904,47.828781
533.342945,418.659286,43.991611,48.107422
530.496391,418.653781,43.964916,47.116920
527.592525,418.033959,42.991337,47.044689
523.092052,418.406600,43.017063,47.006821
519.917246,419.652091,42.250542,46.882187
514.591736,419.389991,44.314571,45.311005
511.177608,419.673188,42.604633,46.764736
504.961063,421.843369,45.934437,47.251141
501.414976,424.946633,43.721115,46.005581
496.541769,429.318973,44.955521,45.682777
493.943411,432.127482,41.862259,44.602440
493.133232,439.765630,41.878613,44.397709
492.504911,449.186511,41.742981,44.902184
495.721189,461.402488,39.879898,44.821487
498.908890,472.998881,38.408367,44.857262
500.176956,482.871060,38.548077,45.219868
496.285904,487.700299,42.037502,45.835224
488.968876,489.957036,40.250233,44.892902
474.644468,488.668622,42.430923,44.416279
456.472010,479.626897,47.159996,44.854725
434.033819,461.452571,46.979156,45.830498
412.710098,435.364102,44.225872,45.296558
389.465416,403.682345,48.942593,46.530586
367.070658,368.703061,48.522148,50.937763
344.245413,341.174890,51.178650,49.744534
324.299328,316.620858,50.601200,49.164745
300.532200,299.277907,50.237324,46.869766
279.654926,279.996276,49.414433,50.304321
258.556089,266.833247,51.579819,50.056053
235.035677,260.638194,54.099312,46.213799
208.452475,256.086320,53.642441,45.617672
223.232096,255.269477,46.983406,45.672134
239.274422,256.249022,53.517345,47.305664
257.643827,260.769858,51.273285,49.089279
273.548096,269.816535,49.990688,50.533615
290.221853,286.316051,50.381699,47.444649
308.990877,303.995769,49.778008,47.276283
325.380337,323.521739,50.843693,48.419502
341.941339,348.008882,51.646034,50.030178
359.072874,373.995021,48.497101,52.357704
374.438644,410.771586,49.710476,45.065712
355.216696,383.329421,51.187820,52.076950
332.993746,359.579186,51.758125,49.737972
311.836617,341.796082,51.180004,48.148357
286.734087,324.467357,52.482582,48.946602
268.261019,310.324063,49.101936,49.789402
245.033461,301.968457,53.207672,47.809818
223.760956,297.982142,49.488384,46.776009
221.359262,296.906909,49.024757,46.048561
240.330915,298.850019,50.697998,46.691822
258.046272,304.656745,49.976116,47.784119
274.650087,314.636228,50.011681,48.984394
291.211258,330.420838,51.082821,45.193401
312.190670,345.671395,48.076756,46.498470
328.963717,369.193578,43.983879,43.501163
347.259094,393.073972,44.880337,44.317158
362.919195,418.084104,45.826233,45.818409
368.736307,430.653390,47.338005,46.402569
347.642685,395.626199,48.552044,49.141232
325.842146,362.571315,50.695358,45.603935
306.385321,331.282365,46.747559,45.241573
284.549906,303.216161,47.619820,45.633411
260.736086,280.951072,49.754768,47.363312
237.108604,262.500237,53.152447,47.323818
211.752665,246.711482,52.755089,48.299538
223.720066,239.450320,49.386417,48.581245
242.231560,235.188937,51.791470,48.665672
260.219833,233.945222,49.859539,48.504635
276.232838,238.188624,48.240604,48.876289
292.684177,247.222432,50.083042,47.222828
311.667824,258.339709,50.541866,47.068260
329.172541,275.092397,46.841789,46.419788
347.348242,295.943227,49.365326,45.676136
366.958500,313.532401,44.590183,51.488571
383.252203,338.692035,44.643829,53.541435
401.940775,324.969281,36.881615,41.983402
385.834856,368.400788,50.264900,51.179470
353.416224,346.652772,52.238060,50.520977
325.951166,329.351304,52.460777,50.397167
296.659126,315.799893,54.082256,47.781162
270.380617,307.007819,48.078682,45.400986
240.551516,298.409438,52.591743,47.714630
214.831627,296.266217,44.568371,46.386036
236.901316,294.973653,52.044746,45.186649
259.683260,295.774451,50.371422,44.355713
283.216167,299.900580,48.025852,47.287674
308.791466,308.825379,44.628063,46.405605
330.536161,320.454078,46.043213,46.585281
352.225826,335.795424,47.212498,47.401794
371.882799,356.182927,47.064110,45.474049
397.701050,379.287089,43.580807,47.130318
402.579523,397.303828,46.485893,42.378212
382.478584,364.281407,46.392925,47.432667
360.453304,340.835830,46.400303,47.483093
336.192240,317.953738,45.933418,52.262383
314.086224,304.513297,57.793064,48.111862
289.961824,294.143004,48.744102,46.384735
270.616219,286.517455,48.423779,46.551498
248.528933,282.604976,49.599785,45.252464
225.150433,285.586560,48.308643,40.809208
229.418272,285.317456,47.708694,42.351124
248.243494,284.866216,50.673088,44.935612
266.916000,290.404555,47.194927,46.894882
281.775240,298.864671,49.566322,47.509274
300.430752,316.964734,49.089314,43.039188
319.843966,332.699340,48.342690,44.191803
337.577269,350.557319,46.866013,46.801285
354.152355,374.187766,46.972095,46.413284
370.376665,405.661107,48.015480,46.086231
369.229927,404.518615,48.711254,43.022552
348.250179,368.728997,45.684696,47.332134
326.119617,341.482913,49.074497,46.758568
303.263113,317.823560,49.633514,46.918522
281.824795,297.486773,51.822086,48.171410
261.577354,278.467801,48.703335,49.886753
240.994833,266.245383,49.374054,47.753387
217.995058,254.920915,49.512001,48.643093
224.386066,251.515166,48.835300,48.115692
242.066565,251.492663,51.834503,47.303749
258.262510,254.625855,51.318314,48.059444
277.803219,261.136031,47.513447,48.495239
291.636381,271.285174,51.084641,47.622826
311.088263,285.173400,46.665161,48.922699
326.643700,305.598395,47.972500,48.983688
343.816660,330.523038,48.765404,47.548527
361.220678,351.510734,46.752991,50.210709
381.031120,377.101493,44.832424,54.166672
383.727098,395.008565,44.630852,51.338001
362.737173,365.779895,45.205612,50.175438
334.253067,343.229455,45.595242,50.301373
310.010687,324.115840,46.495453,49.875923
283.002171,308.020926,53.381153,48.931137
260.972063,296.824464,48.879662,47.573086
238.731222,286.979583,50.693787,44.678452
213.036556,283.366696,50.832935,46.209934
229.398930,280.520286,47.651615,46.836670
248.836205,281.356189,48.076992,47.774117
268.137386,285.433661,47.541981,48.491028
286.295317,293.416987,48.198563,45.834557
306.804968,307.380353,46.881897,44.761066
325.799829,320.780835,48.570152,46.388752
343.063517,340.698308,53.857353,48.017124
363.075138,361.788922,45.162968,51.428394
379.744026,385.815124,45.678890,48.498611
386.425463,407.424449,48.417961,46.093925
367.764591,378.940989,49.429523,47.613853
343.228418,358.973672,50.423958,45.024487
320.118097,338.134597,50.992409,48.704819
296.664021,323.953500,51.725147,48.516430
274.407257,309.854634,51.701900,48.902210
251.223114,301.731622,53.027279,49.244671
228.622103,297.815064,48.343483,46.480312
213.413315,295.444135,48.435497,46.784565
232.092155,295.894225,47.888943,46.619507
249.102261,299.559144,52.016254,46.740856
267.298826,307.087857,49.409805,48.029865
283.807161,318.973323,50.898018,48.032829
301.242399,333.865998,53.020828,47.422924
321.084749,352.451997,49.856972,47.015331
338.295982,373.829625,50.097958,51.733707
356.628847,398.836083,51.397774,54.318050
367.440594,415.830157,47.478748,54.030586
350.888422,382.702537,49.728600,52.678986
332.407473,349.537951,47.493080,52.334740
314.457106,322.245776,48.779709,51.549660
295.133905,300.172044,45.929573,49.739407
278.924200,283.563823,47.004456,49.418831
259.621235,266.897922,50.329136,49.489586
241.444454,253.564673,50.303288,49.333923
223.132521,246.314088,45.820496,48.530422
216.945778,242.251763,49.933926,48.656948
233.921272,243.870381,48.723476,48.649891
249.427280,248.844304,47.910923,49.045444
263.668079,256.846313,47.258579,48.867966
279.807922,269.790904,41.940289,47.735802
291.660053,283.287505,45.774113,48.730682
305.651634,302.249745,47.247738,48.502460
319.253279,323.679133,49.787369,48.881233
333.535845,349.304496,50.034523,50.961777
348.527050,379.756276,49.812000,53.228779
362.908854,416.460942,48.014641,47.654316
348.404697,391.402888,47.488651,48.482399
325.270447,356.569571,50.136089,49.093872
305.723398,327.582334,49.076378,51.522572
286.892761,306.087010,47.492428,47.608646
265.353994,284.990350,48.765198,47.636074
246.082579,269.937219,51.980789,47.104580
226.011953,256.918305,49.325165,47.227566
220.213335,247.924863,46.354790,46.673115
236.041458,245.380378,50.190578,47.702408
251.895275,245.994105,49.581120,48.841942
268.357998,250.296811,45.734287,49.014881
282.448284,258.979217,54.789921,48.437714
298.544046,272.193532,47.377480,46.584766
315.755898,288.004268,48.188061,45.408272
330.825817,305.575709,48.825382,45.515694
346.933445,329.811021,48.767414,46.831417
362.142719,352.515161,46.302967,47.525768
379.912401,388.509057,46.096397,43.186138
390.790491,406.438577,39.868629,40.518383
362.963724,375.809716,40.272911,41.854031
327.208706,344.898948,49.565968,48.035294
300.196724,325.950154,48.852093,46.855289
272.658514,307.688766,47.533478,49.260757
245.021275,296.667546,51.551014,47.581501
216.328737,286.036687,51.269524,49.065678
225.748260,280.935294,49.894161,48.240768
247.182856,280.082208,52.935005,47.392925
269.528782,281.558669,47.822102,47.260635
289.372334,288.600106,49.615772,46.499981
311.581356,297.881503,51.231480,47.000481
332.792463,311.473901,50.529999,46.936626
339.032587,326.336102,64.732399,47.944950
374.710579,346.490247,50.874920,50.273533
394.723816,370.103282,48.083004,53.170235
408.829214,392.432849,49.527878,50.154228
381.082939,366.755170,50.814465,51.681782
357.450983,349.510230,50.202568,46.248428
335.128603,333.030869,47.201378,46.723156
309.530586,316.907565,48.268658,48.660530
285.689833,306.670638,46.177521,47.708115
257.523380,303.151448,48.990833,46.555943
229.987522,297.331479,48.904026,46.126286
215.265400,297.629199,50.735218,46.063622
236.142498,298.110408,49.854252,47.859703
256.734123,302.010148,50.344555,48.875713
278.192596,309.848722,47.575619,49.068928
298.746120,322.928069,49.296238,47.617508
319.424175,336.234286,48.392765,49.963600
338.973265,354.591477,48.870728,49.156445
360.818012,375.266484,49.061359,53.513371
379.692617,401.077573,48.494247,50.328754
380.417425,401.834294,45.390076,48.544437
355.733482,370.416118,46.500805,52.390022
331.183929,344.858449,48.063122,52.724308
308.617443,323.925225,46.554768,50.974102
281.396820,306.304194,51.441570,50.291603
257.854252,293.935601,48.837879,46.110210
234.572773,279.455346,46.855259,47.171627
210.870995,272.337611,49.550549,46.574883
230.447556,268.610486,48.411190,46.060612
250.424435,270.265435,47.558842,46.123775
267.474770,272.799163,48.101482,48.052521
287.707054,280.099807,48.773327,47.677979
307.109676,290.680911,47.365086,49.234367
325.933651,305.925933,46.971989,49.179230
345.168264,327.879098,47.155228,45.251873
364.318943,352.301255,45.169788,44.229397
382.144285,376.015117,47.499420,49.422859
401.265476,406.825643,47.298603,44.759052
385.266865,381.256225,50.188999,50.500244
356.966402,350.557599,53.084328,49.099888
338.776991,327.069648,45.686096,50.563675
314.923592,308.005002,47.695034,48.142094
290.344786,288.657771,48.171707,49.124733
265.604206,276.731019,49.579609,48.885006
240.606709,265.409534,49.577259,48.155388
213.886473,260.570827,52.106369,47.706810
225.547199,256.894589,48.440861,47.886204
246.518135,258.125260,50.060665,47.035442
264.763226,260.303987,47.762714,49.011410
282.801376,267.294394,48.743603,48.284180
300.927710,278.788756,50.414337,46.939713
320.540768,295.030698,48.954792,45.710377
338.518795,313.640868,49.086811,45.692490
359.096861,334.982310,45.994553,47.282890
376.042465,360.000901,45.009106,46.820141
391.470398,388.586926,49.316296,49.308002
387.768408,388.232587,50.932556,48.774220
366.078745,355.517220,49.476204,46.191998
342.092554,326.761054,49.690529,50.666611
317.915573,304.198852,49.224560,46.574997
291.660299,288.192849,45.885880,49.133038
268.058256,268.452291,47.169174,50.756672
244.607075,256.920794,52.603291,48.703957
216.815670,248.811337,48.070255,46.578983
221.088917,242.523778,44.573917,47.461109
240.531191,241.616410,53.838142,48.181118
259.489964,243.641126,51.347385,48.137455
277.654209,249.681001,49.347172,48.552944
294.321955,262.356498,51.865135,46.071518
318.421961,274.092559,47.597954,46.867981
335.893732,288.680318,49.321281,48.492878
355.895111,310.971091,49.970226,49.899399
373.512913,335.036305,48.637028,52.054676
393.759209,364.909614,49.962337,48.782059
410.697542,395.012288,49.180244,50.217579
394.238071,379.359025,51.658527,51.231594
367.000742,353.881358,49.729012,48.257103
341.392174,331.541394,45.431301,47.058643
314.640295,312.400767,50.181885,48.267693
285.141912,298.364207,52.101624,51.525993
261.403069,286.258075,49.347500,49.966316
235.998020,279.918941,51.292103,45.406044
207.941113,274.917752,52.777225,47.256413
234.338106,271.472020,52.262566,47.544941
255.696556,273.913995,51.566113,46.710781
275.731617,278.899648,48.712269,61.475346
295.717419,287.147784,47.931339,45.363075
317.798258,297.782525,46.762001,46.704311
336.105894,313.442725,48.379974,45.974609
357.031120,332.496579,45.002026,47.696888
377.873894,354.785262,43.192059,42.840134
398.826933,378.143411,43.916992,47.179836
401.346342,383.645211,46.671417,51.155148
379.836178,351.395747,45.268681,47.155479
358.359371,326.980939,47.638035,46.586979
334.160330,302.366881,45.736496,47.115906
311.058504,279.181987,46.300819,49.201378
287.636520,246.989444,49.574184,64.696739
266.468906,251.480117,47.603306,47.997620
242.819490,240.321691,50.580986,46.378132
219.395140,231.323424,48.792419,48.780029
223.764038,228.631810,49.995861,48.707203
241.630661,229.905906,52.394848,48.429123
259.855261,234.909297,49.238678,46.666054
278.049414,241.982299,47.167267,46.745804
295.922401,253.209130,48.363430,46.768887
317.731089,268.215159,45.649101,46.598412
332.751730,286.657510,46.949127,47.321743
349.905924,308.992122,47.334862,45.616631
367.697840,336.093045,46.433403,49.349476
386.157900,361.937358,45.470680,49.103081
403.612637,405.948560,44.371204,42.380482
383.183834,388.170436,47.970280,46.364388
357.095207,354.216063,48.116131,49.568817
331.911648,332.329696,45.374546,47.788788
304.350632,312.422576,48.023861,48.126389
277.289545,298.288724,47.269920,48.142353
251.692902,286.682721,50.366314,46.413868
222.337448,278.187388,51.490627,47.916267
218.839479,274.414708,50.377892,47.256367
239.727608,273.596656,47.827343,45.746399
260.017893,276.966161,44.969398,46.386784
280.291269,281.984332,50.785683,47.412453
301.440258,292.125606,48.886845,47.212730
318.499880,305.722793,53.304436,53.841873
343.361462,322.152431,47.616062,50.780266
366.643690,343.361573,43.830963,45.953320
383.987888,366.929177,44.567921,49.492764
400.914955,397.036284,48.118176,49.833572
384.797842,380.602201,43.951721,47.798328
362.550686,352.107368,49.121876,45.966110
340.786291,326.485229,48.253708,51.695145
318.145309,308.090484,48.018627,49.824509
292.643492,291.719878,48.694046,48.363098
274.102413,279.436099,47.075596,49.364433
248.172062,273.680249,52.249378,47.271626
224.100397,271.177547,52.844688,46.450050
215.691351,270.968728,51.237305,46.194942
236.443386,272.053781,51.829762,45.827816
255.728687,276.169927,50.398838,47.756733
273.279106,283.768666,46.493954,50.909473
288.187181,297.202851,49.363686,47.578762
309.968895,317.736445,44.745327,42.901039
326.327789,333.789718,45.654797,46.441498
342.553064,354.261432,45.288506,48.214317
358.839252,379.058927,47.991123,53.365116
374.789427,402.641959,49.511215,56.396317
393.561518,441.758307,46.354057,49.694016
401.143053,459.760638,44.310722,45.756615
408.908236,463.150842,43.917778,45.994427
419.316696,464.593390,42.663387,46.131027
431.075500,465.201570,40.645885,45.675411
444.049290,465.158156,37.561954,44.750336
457.463778,464.754586,34.767326,38.128704
470.602465,461.378373,39.086998,43.510830
480.715738,455.209479,38.412926,46.164185
489.328360,451.516667,37.308090,40.566700
496.938749,455.395517,29.629654,31.734903
505.394358,454.084676,22.222496,23.953129
509.260444,453.555241,17.583204,29.276190
502.492546,432.226645,22.544361,25.961594
501.226562,427.411552,23.778852,27.557119
499.137047,424.864559,24.164478,30.701994
477.138796,412.624745,52.361618,49.552441
428.858744,388.757369,37.570023,38.369926
431.424799,396.099545,36.436325,39.509335
434.248446,399.751763,36.484634,38.576283
435.118023,400.244678,37.585445,39.618958
436.239479,400.073585,36.550953,38.297966
436.511026,399.786672,36.743851,39.619854
439.516918,400.042495,37.224468,39.333321
442.375372,400.416556,36.359581,39.108376
445.453171,404.907756,36.439915,38.187851
449.967684,405.527156,34.602829,36.058472
453.555706,408.121327,35.253246,37.084011
458.187174,409.614400,37.058334,36.687130
463.952202,409.343871,39.342670,38.363274
468.681105,408.818112,37.846550,38.410625
473.161072,407.594424,37.281879,39.495285
479.370300,407.919986,38.177174,39.476196
485.441145,407.361434,41.155251,37.641029
490.418808,404.949435,38.069080,37.161911
497.425423,402.745131,33.314121,36.360893
510.949452,401.293834,20.493067,26.334335
516.961152,399.549080,16.666803,24.288305
515.789276,399.098903,20.120975,35.925308
518.340108,397.646791,20.289164,36.879993
520.128413,398.329186,20.765791,37.935337
520.755514,400.075463,22.958565,38.431278
522.288349,401.893399,24.237789,39.234081
524.971185,404.259877,26.506533,39.167675
520.565899,405.953803,34.501034,38.649773
514.640362,407.479005,41.914104,37.051182
509.770985,406.305142,44.874874,38.563824
508.083376,404.825036,34.163910,39.087513
504.168030,404.437190,39.674564,39.415787
502.238535,404.737935,43.731735,39.691143
500.622355,404.828185,42.818237,40.209541
499.042286,405.038930,43.812435,39.996777
499.870445,404.095140,45.146534,40.713902
503.530224,402.521466,42.176037,40.302593
508.084644,402.634213,41.001034,39.502666
511.060514,401.763972,41.058205,39.657898
515.875908,400.387101,40.747410,38.946827
522.401522,401.873054,40.783279,38.722481
529.158077,402.855123,40.955273,38.421474
538.320328,403.366153,39.949955,39.233780
546.828829,405.705052,39.146576,40.287563
556.789328,407.897193,37.788887,41.216881
566.428297,410.167733,33.825768,39.415150
575.091509,412.001502,32.205414,38.649239
584.657434,411.696235,26.748077,36.761467
592.888069,411.259892,32.871174,37.223766
601.296703,413.954246,37.338619,35.772209
609.755589,413.524322,37.372265,38.020683
624.219833,412.175334,27.450352,37.897858
634.716033,413.076389,20.345831,28.705183
636.566895,418.593714,20.741749,29.286028
635.215968,442.034760,21.541868,30.851719
638.773949,439.259367,23.479359,31.817118
639.712269,434.221017,25.212521,34.168781
640.724847,439.254868,23.487719,31.364889
643.296189,439.534671,18.115679,31.557846
644.987897,443.418151,19.199160,30.139008
647.189218,443.505113,18.575708,30.970242
643.543295,434.494405,22.659126,33.181576
649.830907,433.956647,15.398279,32.665188
657.137938,433.131970,12.467262,32.665340
664.691361,450.829986,24.207689,33.796577
668.709013,444.579894,43.716988,39.587990
679.412083,430.206300,55.120632,51.254566
667.616369,417.072547,84.427818,74.848885
772.132597,385.527484,40.059608,38.223007
777.621628,391.453105,35.505726,37.843948
780.997032,397.050160,33.925724,38.476620
782.292088,399.028884,35.161144,40.200844
782.405838,400.038871,36.757435,37.276848
784.005068,399.419183,38.229507,41.870853
784.459152,398.649261,39.558125,41.989235
786.115536,397.231135,39.091763,41.770859
786.552664,396.400096,41.182808,42.586868
785.709957,396.894248,40.667568,42.598564
784.351965,398.105535,41.099663,42.250118
786.879837,399.828149,39.660099,41.631443
785.937925,401.110721,40.911186,42.391785
787.147793,403.000264,40.607159,41.916378
789.048630,403.952737,41.004658,41.247578
790.946989,403.694846,40.296822,41.217781
793.899151,403.161429,41.360195,42.651436
797.078768,401.040603,40.916153,44.036690
798.956739,399.233182,40.893486,44.361355
800.770185,399.231050,41.644051,43.087589
802.104355,398.837531,41.960926,41.919441
804.771370,399.677649,42.844730,41.366798
804.920645,401.552119,43.753639,41.826019
807.808292,405.194930,43.322659,42.148643
810.263750,408.717620,42.554871,42.676353
809.056927,412.017987,42.345699,43.005032
809.704962,415.997363,41.944511,42.987946
807.799316,421.132083,41.575977,41.871185
807.503384,424.579408,39.257534,41.453129
808.113979,428.646834,36.960888,40.950539
808.409161,429.340846,38.274075,41.677795
807.674948,429.842038,37.979164,41.799953
806.994165,429.012961,38.107727,41.044182
806.842485,425.551587,38.117416,40.194500
807.582479,419.787560,37.614983,40.475071
810.925035,413.390573,35.384995,40.793140
813.882898,405.893102,36.253601,41.063976
818.778828,403.711850,38.738155,39.237728
824.145775,399.752696,41.216877,42.381073
831.451948,397.594893,37.784309,44.708031
837.588547,401.378737,41.450092,41.763893
842.160458,403.393151,41.084072,42.888050
847.083546,405.748059,40.851788,42.593365
852.810501,408.544906,39.806446,41.769814
857.063665,410.319804,39.623100,42.599380
861.660734,410.429654,39.911171,43.021786
865.144213,411.932712,40.246704,43.027542
869.269712,413.074933,40.579475,43.429363
873.399635,413.072303,40.295979,43.555885
877.105904,412.800944,40.051426,43.174286
881.040552,413.657714,40.216980,42.843056
884.632574,412.921702,39.602699,42.784012
887.619068,412.619540,39.968884,42.820892
889.442207,411.499219,40.368198,42.223156
891.349689,411.769343,39.910137,42.208054
892.644297,411.915996,40.886749,42.539825
892.864651,412.065906,40.897289,42.163864
894.586176,412.993791,40.031738,42.182789
894.074469,413.638581,37.574471,41.898182
895.138161,414.615714,36.956593,40.012749
895.538496,415.056726,36.675026,38.620594
896.383278,414.767716,37.862247,38.203678
896.131516,415.073211,38.768604,39.620628
897.638128,413.725341,39.777199,41.625145
899.078482,414.075093,39.488441,41.692486
902.295092,416.072999,39.002045,40.542484
904.434719,415.649274,39.511395,40.258480
906.260805,415.308547,39.728058,40.155113
908.028999,415.602397,39.626316,39.925659
910.264957,415.384109,39.881710,39.968086
912.148497,415.694165,39.028664,40.004360
913.236691,415.229947,39.814922,40.300076
914.760956,415.780086,39.506962,40.032257
916.101778,415.933457,39.266785,39.891712
916.036524,415.134898,40.016739,39.814056
916.427832,414.952882,39.364510,39.660969
916.431822,414.333129,38.955223,39.673973
916.392540,413.331920,39.216175,39.680084
915.732050,412.373496,39.186783,39.517876
915.015753,410.992490,39.590996,38.825756
915.159430,410.328935,39.685844,38.695454
914.130859,409.933602,39.935551,38.365101
913.554306,410.141280,39.848545,39.023979
913.695692,410.300521,39.529686,38.685204
913.888948,410.826961,39.244217,38.563843
913.465792,411.064950,39.422485,38.629856
914.068562,413.315827,38.579357,37.681049
913.848763,411.573295,39.339222,38.928093
914.366095,412.256732,38.664574,39.137390
915.777008,413.009101,38.769520,38.992302
915.274683,413.564322,39.239822,38.973640
915.509691,414.084382,39.307068,39.168095
915.166988,414.695489,39.512630,38.914707
915.600294,414.290238,39.288841,38.350529
914.178473,412.755206,39.059837,39.170898
912.620638,411.317956,37.967133,38.878407
911.594860,408.549325,37.853649,39.565876
911.326265,406.674579,39.818436,39.151489
913.062328,404.745112,39.958248,38.195068
913.857321,403.230777,40.256294,41.734268
916.157890,403.116780,40.659412,42.572460
917.891916,404.668509,40.802292,43.482887
920.078085,406.481164,41.197319,44.310795
921.578848,407.723033,40.393715,45.028015
921.716309,410.268048,40.340199,45.764858
921.747309,413.161340,39.807144,45.312428
920.907904,416.524634,38.932762,45.443901
920.510462,419.096557,37.125839,44.906715
920.551903,421.414191,37.055347,44.985786
920.669739,423.502013,37.129169,44.906181
920.916302,425.314990,37.335506,44.233994
920.331099,426.431682,37.183022,44.240509
921.189493,426.362830,36.233414,43.849693
920.597660,426.845180,35.154781,43.435425
920.648083,426.110206,33.590588,42.730034
920.519426,426.112020,34.567596,43.235180
920.116726,423.451110,33.604992,43.020210
921.454672,422.134082,35.480125,43.982269
921.167892,420.349923,36.510075,44.025120
921.242922,418.464179,37.528015,44.145638
921.554968,416.606753,38.186195,44.214905
921.433455,415.451383,38.223961,43.883160
921.627686,414.138679,36.235020,42.168083
920.787041,413.115346,33.803486,38.863827
919.232325,411.543710,34.453217,36.905094
918.789621,412.251639,38.489227,40.666344
917.341019,411.083083,39.607807,40.305290
916.725874,411.356959,39.833015,40.552490
916.660818,411.948205,39.887154,39.011143
915.156776,412.767838,40.203266,37.748875
914.795044,411.050838,40.396702,39.735870
915.216885,411.372241,37.660748,39.354095
914.700541,410.992944,37.837326,38.398060
915.811277,410.879931,38.158379,38.264282
915.599554,410.783050,37.906410,38.758476
915.497704,410.858470,37.451115,38.469208
916.463184,410.535220,36.968121,38.243973
916.173885,410.551944,37.343182,38.628815
915.062712,410.550714,37.385902,38.484180
914.574759,410.223353,37.932243,38.729752
913.812181,410.162738,38.588974,38.826996
913.966438,410.163148,38.275913,38.728519
912.437508,410.609477,38.435749,39.077942
912.394482,410.953776,38.560268,38.825043
911.391640,411.132985,38.517887,39.116436
911.232510,411.345866,38.998837,38.942627
910.307667,411.546449,38.882534,39.184437
908.880709,411.711987,38.746674,39.130627
908.133209,411.594287,39.002079,39.144638
906.944902,412.016917,39.019150,39.268784
907.009502,411.748096,39.459743,39.209503
905.522970,411.797545,39.029518,39.517418
903.785301,412.147122,39.242634,39.415386
903.142134,412.574464,39.357628,39.513615
901.990425,412.862016,39.319859,39.542912
900.733519,412.655408,39.704414,39.716106
900.422794,413.196794,39.362774,40.105701
899.215128,413.755265,38.967468,40.012577
899.352306,414.319196,39.303783,40.143917
898.811634,414.606580,40.011959,39.893780
899.162893,413.895047,39.968773,39.764797
899.211109,413.435653,40.095943,39.585854
899.058069,412.875457,39.863434,39.644371
898.944311,412.469563,39.865852,39.387035
898.405458,411.978850,39.906906,39.530724
897.291830,412.349654,39.671135,39.608345
897.194925,411.800982,39.608810,39.406616
897.706820,411.022256,39.211975,39.139896
897.994484,410.295302,39.464085,39.107704
897.812208,410.483453,39.828163,39.094166
897.597006,410.093869,39.594551,38.900906
897.994814,409.887576,39.818588,39.156097
897.875795,409.972436,38.759842,38.841236
897.080013,409.207564,38.328136,38.089516
896.625662,408.956605,38.675209,38.669132
895.148197,409.186931,37.196148,38.447098
893.401209,409.373166,37.383316,38.700863
891.912487,409.246577,37.200954,38.525101
890.674406,408.460551,37.311928,38.059097
890.095423,408.430509,37.279526,38.894894
889.022251,408.652076,37.660595,38.786018
887.251627,408.433631,38.142654,39.019920
886.243933,408.740684,38.373543,39.241264
885.360973,408.341510,38.411587,38.677063
884.677137,408.385564,38.096413,39.215008
883.441946,408.647359,37.931526,38.648357
882.953144,408.646777,38.119610,39.160614
881.732855,408.896308,37.408897,39.066658
881.016310,409.057773,38.070351,39.050278
879.491207,408.385182,37.526897,38.833340
878.415960,408.620269,38.613121,39.377388
878.148869,408.459071,38.578381,38.945816
877.866468,408.400937,38.573143,39.331524
876.836847,408.139440,38.269897,39.209530
876.803284,408.398217,38.453617,39.494785
876.152176,408.508105,38.027302,39.282852
876.363800,408.890689,38.250919,39.754898
876.066935,409.389934,38.531982,39.568802
876.236927,409.488750,38.493694,39.361526
875.475853,409.143308,38.845142,39.085476
875.986200,409.080451,38.781647,39.713249
875.184689,409.339408,38.751003,39.687492
875.644007,409.358937,38.927643,38.956829
875.066486,409.882442,38.655910,39.724197
875.911772,409.784516,38.812263,39.263905
875.707996,410.318887,38.880413,40.436680
874.961599,410.483098,39.356056,40.269695
875.183346,410.472095,38.727123,40.397293
874.882990,410.933093,39.266785,40.889572
875.331589,411.806485,39.231953,40.591045
875.062281,412.462043,39.103287,40.859169
874.133533,412.635545,39.466091,40.672443
874.265509,413.525052,39.380836,40.277676
873.070387,412.708709,39.205177,39.802345
871.717466,411.880776,39.332085,39.798573
871.257570,411.492072,39.756012,39.690514
869.604836,410.786941,38.766315,39.393242
868.790661,410.821925,39.060329,39.592041
867.469711,410.021140,39.411457,38.896996
867.352434,409.713822,39.236755,38.946049
866.378731,408.346593,39.194248,39.281002
866.214235,408.503304,39.577499,39.064442
864.674055,407.391603,39.184563,39.001621
864.930895,408.073470,39.501511,39.357841
863.784410,408.622117,39.232361,38.857624
864.232542,409.240964,39.638237,39.146191
863.442503,409.632997,39.454994,39.649494
864.233166,410.113902,39.492016,39.586075
864.324781,410.043305,39.908165,40.063694
864.927002,410.411029,39.602528,40.464706
865.396391,411.116078,39.673912,40.110836
865.659334,411.374269,40.013306,39.849003
865.330910,411.277316,39.976704,40.008865
866.052746,411.115546,39.330318,39.999626
865.527712,410.148015,39.265274,39.881527
865.032007,410.565913,39.007690,40.430313
864.291208,410.184525,39.701233,39.682255
863.179785,408.446668,39.509224,39.623028
862.827934,408.729125,39.382023,39.157097
862.290503,407.676358,38.457161,39.136608
860.814766,407.912379,38.793995,39.334717
860.752180,407.608918,38.598503,38.660480
859.940170,407.531455,38.689716,39.083534
859.489729,406.892924,37.978203,39.179382
859.844093,407.351926,37.894215,39.233440
860.660902,407.885736,38.314934,39.560307
860.439854,408.194249,38.364391,39.201900
859.604622,408.038636,39.180225,39.338032
859.342621,408.127654,39.585606,39.752098
859.118111,407.250159,39.321033,39.782112
858.648933,407.022590,39.431355,40.288429
858.619627,406.793916,38.914497,39.870258
857.581091,406.113729,38.580345,40.305782
857.700548,406.412469,39.068130,39.756672
857.936163,406.434369,39.276115,40.070843
858.288420,406.605241,38.489510,39.891666
857.748875,406.936093,38.754971,39.502178
858.924612,407.462468,38.216072,39.577267
858.849213,408.343532,38.254688,39.297485
859.464132,408.801373,38.126823,39.641918
859.564581,409.237876,38.347740,39.575172
859.355518,407.821040,38.675304,40.251511
858.427881,407.754661,37.920731,40.230141
859.026106,407.233224,38.470634,39.988728
857.896225,406.643798,38.419056,39.864296
858.456799,405.395503,38.984966,40.150406
858.274120,406.976008,38.515987,39.136108
858.566711,405.644691,38.785725,40.193047
858.970802,406.387916,38.469105,38.891365
859.567223,405.267934,38.802052,40.384274
859.842093,407.393956,38.348289,38.988338
860.253700,406.817307,38.394398,39.899204
860.930954,407.113688,37.955524,40.058472
860.799297,407.613170,38.121044,40.093231
860.282249,408.272342,37.936085,40.219666
860.757278,408.950120,37.958332,40.769260
860.752684,408.551904,37.933418,40.459324
860.244848,407.903419,37.709724,40.997871
860.494097,407.528152,37.640488,41.197136
860.577581,407.044507,37.837013,41.118633
861.787085,407.353736,37.648933,40.271248
861.923826,408.274405,37.233955,39.000359
862.533230,409.202306,37.303539,37.688656
863.289042,407.906648,36.487152,37.466770
863.647699,405.763171,36.108002,38.293198
864.128588,407.289414,33.546463,34.175968
864.882225,401.008641,34.091999,38.383083
866.481031,396.439139,33.503197,40.043846
868.705874,393.650300,31.473494,40.963581
870.090938,390.939675,30.929380,40.962833
871.765660,388.870839,28.760096,41.827084
871.861248,386.397296,27.567211,33.669281
875.514718,384.373184,24.651110,28.514807
877.087153,382.147443,22.762831,25.394405
879.124350,380.408732,24.623550,25.785072
881.087549,378.528317,21.041115,27.211758
882.601727,376.919784,22.949772,27.388054
885.428618,375.930425,21.806623,34.054333
887.626863,374.724898,22.815331,34.724037
889.335523,373.275922,20.604219,33.186092
892.178758,374.295236,18.362574,30.934330
894.638426,376.058385,15.263840,21.604259
895.067675,375.626984,19.517006,20.432516
894.915146,374.907434,17.198406,18.990541
865.806665,401.655633,20.982376,16.230503
862.264724,402.566628,23.904501,15.448957
856.200756,402.454429,29.905148,15.706145
859.046093,402.447669,27.446445,15.969742
864.121991,402.919961,23.705194,15.723476
863.817183,403.611760,23.651024,15.450742
863.501770,403.796133,23.519344,15.376131
859.234295,404.039798,27.582211,15.579865
865.146916,403.123527,21.013330,15.737983
859.661201,404.244902,27.012051,15.210870
865.265541,402.822647,21.281338,15.964499
861.890397,403.388082,25.340868,15.412341
857.625087,401.981670,30.333883,16.307287
865.522396,402.112969,20.935635,16.260494
864.011895,401.365522,24.189806,16.130648
863.914267,401.241279,23.233185,16.229881
863.021596,401.874877,25.785280,16.112000
866.948139,401.269693,20.932659,15.886966
865.663328,401.717191,23.181335,16.045940
866.685247,401.734669,21.740562,16.050772
868.015391,401.331998,19.955038,15.889133
867.755300,401.924494,19.844736,15.992997
868.286258,401.406939,20.924261,16.113588
868.159722,401.960875,21.398935,16.212374
867.922609,401.064594,21.864799,16.632544
866.933125,400.987661,23.527569,16.979082
866.242152,400.719992,24.427664,16.953592
869.596352,400.626725,20.801708,16.478291
870.593125,400.945736,20.509333,16.102018
871.761849,401.196980,21.143877,15.853742
871.405775,400.936758,21.499687,16.493258
873.106019,400.815758,21.303659,16.100424
875.793261,401.951483,19.733681,15.604737
877.175000,401.599300,18.754129,15.877715
879.280701,402.577931,19.494984,15.787297
880.204911,403.434494,18.530466,15.867970
882.150937,403.789468,19.052004,16.076885
882.404016,403.281233,18.666298,16.874872
884.346954,404.184531,17.789211,16.442322
885.193406,404.900905,17.694811,16.483841
885.434757,404.856607,16.427280,16.210894
885.900004,405.247510,14.503370,15.332957
885.572360,405.676182,14.596084,14.831228
885.390134,405.704313,14.792825,14.564128
883.784927,405.611513,15.710530,14.501262
881.193856,405.385048,18.293039,14.140524
880.834061,405.351587,18.940929,14.298800
880.337412,405.138337,19.855209,14.701107
880.370092,404.890779,19.887222,15.351367
880.702932,402.981512,19.082138,15.847262
882.403997,402.346990,17.136436,16.721180
883.033967,401.073587,17.853113,17.567873
882.810187,400.705527,18.687399,18.149055
881.813862,400.396862,19.390484,18.743750
881.247677,399.936386,19.429317,18.486387
879.594606,399.899746,22.829697,18.552832
877.282411,400.699388,24.355776,18.252270
878.324048,401.236465,23.825907,17.711180
878.423388,401.141410,23.180115,17.910255
878.295560,401.296052,23.952868,18.292057
879.059668,401.686963,21.041092,17.440907
881.508121,399.557212,18.939106,19.421539
889.352108,375.199790,17.638577,26.209202
888.611629,382.743677,17.103062,20.060423
880.237252,397.448035,20.068415,21.300091
880.035055,398.962301,21.005898,19.815695
878.007340,402.098036,22.754969,17.080961
877.237515,401.475169,23.582499,17.568165
877.527267,401.142527,23.481831,17.893980
877.193714,400.814728,23.518047,17.557138
877.035755,398.511627,23.618809,19.510561
877.980694,396.820963,22.394833,21.145597
877.059849,380.144271,42.597942,40.365910
878.992837,373.064879,28.230806,30.408039
883.785804,377.231137,20.110189,25.703346
883.472773,374.427514,20.766884,27.474876
882.163518,374.043670,21.810877,27.621593
880.922219,372.550427,23.408770,29.169327
880.980014,369.960260,25.515043,31.169119
879.152067,369.258780,26.184395,32.364162
879.550827,368.602696,32.577274,32.872543
877.389954,367.757983,33.463444,35.356846
876.625101,368.182916,33.858170,36.254402
875.124527,368.132802,33.046116,36.541687
874.897640,367.830148,35.803173,37.183464
874.882444,367.689731,37.020912,37.709553
873.761963,368.573798,33.682285,37.330441
872.781645,369.585151,34.341164,37.244808
873.429127,370.434945,34.156277,35.830757
872.555765,369.813272,31.640015,35.655220
873.259844,369.715617,34.688690,36.517063
871.937840,370.282718,34.432919,35.909565
872.606916,370.663178,35.184593,35.249702
870.942514,370.587121,34.986176,36.082298
871.328409,370.901206,35.558853,35.413647
869.866425,371.705844,34.626789,35.773746
868.593287,372.256116,35.144669,36.719238
865.738325,373.399039,36.770760,37.886654
862.887688,375.283727,37.138203,38.053635
861.243469,377.922370,37.671238,33.218029
857.402199,380.794990,37.668247,34.997738
855.040268,385.815516,37.597996,36.610020
851.764399,394.435479,41.258911,37.256248
850.135250,398.810582,39.969677,37.723343
849.134434,401.278968,40.168270,38.767483
849.101257,401.969710,40.449741,40.118145
848.220966,403.526841,40.514050,39.900520
848.478764,404.282443,40.427608,39.762424
848.632513,404.392480,40.099678,38.633492
848.345982,404.923459,39.704601,38.833405
847.877249,403.786811,40.305016,39.277416
847.342958,403.311793,39.861099,39.959812
848.679691,403.980504,39.471325,39.937073
849.925682,405.500627,38.362873,39.170723
852.330616,405.808438,38.061764,38.719666
854.137913,405.630870,38.185482,38.682636
855.547005,404.192985,38.258549,37.828533
859.136988,399.221484,37.238739,38.045521
863.068838,393.982818,37.091194,39.305325
868.293793,390.454518,30.060322,33.359451
871.162993,379.225932,29.492147,34.138844
886.556015,373.777030,22.327702,22.668713
887.858727,366.482450,24.963497,23.824156
893.521265,356.144218,33.911568,29.994295
901.807992,352.859920,24.411631,19.752468
907.755548,351.154737,16.169579,15.104010
906.644382,340.711149,41.850323,31.346418
844.505394,352.707619,23.382347,20.560114
842.865459,353.519601,24.338455,22.241287
839.735616,356.578323,24.401258,21.463945
839.679094,359.136333,24.141026,21.231312
837.551439,361.331065,25.933392,21.877110
837.198071,363.661828,26.458014,21.900948
838.959181,364.246096,26.742931,23.043242
840.478717,364.977333,28.584978,24.314814
841.567393,366.640485,30.997652,25.339310
839.718321,363.410596,36.029720,33.394241
841.427156,365.493559,32.536076,28.993269
842.879461,375.439152,34.500149,24.876101
837.151628,365.864438,47.760090,45.251450
823.003107,342.204806,25.117817,20.721973
837.290925,357.860910,23.191732,21.707510
851.595425,367.856228,20.575226,23.757662
860.002032,372.724008,20.965899,24.560066
864.178724,376.118715,27.539440,26.668608
867.835762,380.448510,25.593208,26.499207
872.411338,385.870104,22.995752,24.193129
888.450731,382.925453,19.448795,21.393496
872.304783,397.383600,21.186562,21.036802
871.771523,401.023594,20.727781,22.529573
874.225893,402.828402,21.235142,23.052946
878.284553,405.233902,20.120020,21.683489
881.455681,405.794497,20.014572,23.103191
885.563649,407.668597,19.935568,21.345303
888.806136,409.491599,18.215090,20.851238
891.722363,409.794282,19.289640,20.826828
894.151348,410.776793,18.755241,20.057768
895.818182,412.449610,19.329502,19.203535
897.414315,412.036218,19.028456,17.407669
898.783451,414.005773,18.881058,14.728973
901.496815,415.020940,18.373352,13.594284
904.821705,415.114737,15.133071,11.943968
908.704853,415.150540,12.323915,10.602997
910.246538,415.083630,11.145738,10.931967
911.569205,414.010623,10.526373,10.630482
912.103508,413.190004,10.876109,11.488521
910.993476,412.030738,11.357450,12.434059
910.451204,411.678934,12.006555,12.509456
910.659204,410.997242,12.576634,12.764383
910.156312,411.290112,12.712607,12.861794
909.868414,410.836570,12.831203,12.651104
911.762347,412.282047,11.632205,11.090640
913.298476,413.578191,10.484653,10.177886
913.963921,414.203008,10.000000,10.000000
893.638599,410.903720,33.256790,28.325047
887.847321,408.492854,59.366783,35.712040
883.464066,408.605248,62.247276,34.167976
890.062977,417.409778,39.671036,25.425220
892.248804,421.018858,25.587162,20.029676
891.565049,422.500566,26.400023,19.564566
891.532952,423.069086,25.479208,19.855856
892.144970,423.335053,23.647362,19.525688
892.558085,422.753798,23.561937,19.541042
893.110977,422.109468,23.330360,19.400602
892.750363,422.533001,24.906149,19.372202
892.988723,421.913654,24.914370,19.283823
893.317738,420.810733,24.960373,19.103939
892.372770,421.577533,26.318935,18.638454
893.057033,421.006291,25.643381,19.030502
893.841311,420.295245,25.217319,19.031063
894.535150,419.757898,25.294683,18.667814
894.289869,418.937058,26.787014,18.716881
894.864228,419.329402,29.271002,19.605732
896.161884,418.291978,30.480881,20.240532
895.154732,416.899892,27.506760,20.455093
894.717305,414.593852,24.286886,20.443287
892.818970,412.185489,26.122940,20.669292
893.026647,407.688112,25.942663,21.884809
890.890180,399.566787,26.278563,24.588001
886.059824,391.522412,28.457485,27.157921
876.303670,382.703051,29.234282,27.602873
829.659708,362.729859,39.478863,41.468948
843.480587,360.600808,42.182671,40.516342
857.821993,362.327832,39.901226,39.909889
865.331797,364.399610,37.120937,39.497185
865.445585,365.730187,38.125050,39.187424
865.430096,368.360572,37.180214,39.132099
864.600456,370.078549,38.233322,39.722618
863.147690,370.471461,37.418549,40.010372
861.328810,370.784087,36.174061,39.605747
859.564613,368.738990,36.154556,40.377674
856.720913,369.094638,35.512779,39.408367
856.909649,368.445846,35.685783,39.363956
856.061234,368.038634,35.908264,39.150013
857.704580,366.626681,36.301472,38.606609
859.396261,365.314160,36.007450,38.339851
863.498283,363.576478,33.880249,38.041946
867.782003,359.631978,37.859470,36.656288
874.542948,355.541677,37.837002,36.542427
893.920162,351.199936,25.536125,28.885317
897.573574,347.445756,27.582634,27.791328
898.205944,342.821957,33.601433,29.785295
903.306961,338.282282,30.763290,30.964117
911.710662,336.625742,25.898561,28.958624
918.934168,332.123629,21.447369,30.203039
920.303803,336.005191,18.479177,22.998173
925.955868,352.302556,24.069267,29.427246
922.728693,355.308219,23.383511,20.602489
921.761865,351.283160,24.873091,22.866642
924.688755,341.865350,37.046242,41.250267
960.010370,315.869739,32.434597,41.919010
963.069535,317.127078,31.459669,38.673359
964.322941,315.937684,32.258690,33.165688
963.175173,313.050204,35.335812,40.981205
963.204056,312.391915,35.301361,35.386681
963.015797,312.377376,35.299156,37.944553
961.918352,312.435824,35.845104,36.494801
961.299814,313.004794,36.034725,40.528690
959.553272,313.573104,35.861900,39.478268
958.098543,312.910367,33.962002,40.871597
953.603159,311.639674,32.939190,41.280567
947.870206,308.076308,31.703711,36.653851
931.222427,298.622848,34.984344,32.339855
911.235411,283.110608,37.492634,37.735886
876.772348,252.609656,41.825245,43.125164
822.237694,221.856990,38.579628,36.211750
767.867668,188.821143,36.548241,40.039791
711.608292,161.848826,38.588997,41.256947
653.017529,138.264821,46.355331,42.065750
593.485004,118.479173,44.824585,39.666130
538.989016,98.453544,41.480610,39.604580
482.879179,84.997422,43.471622,40.155739
431.465164,77.274709,32.229889,30.960129
369.148525,64.806808,40.793865,39.076168
306.199993,61.844729,40.239521,39.083637
244.233650,61.294721,46.939800,38.583908
184.617279,60.792865,52.730701,43.972980
195.831846,71.751750,49.212273,46.642460
240.836367,92.760295,48.324478,44.930210
283.665934,110.634660,53.306458,48.712059
324.604288,137.270032,55.551819,44.044495
369.905643,162.157788,48.285992,39.750183
411.531128,193.573068,42.448872,42.685097
452.899738,230.535577,42.233440,37.343544
489.424971,259.670568,40.736015,40.111008
526.836885,294.715240,45.091110,43.668484
561.456156,332.552066,44.616730,41.455036
599.440769,380.576221,40.873272,37.261097
613.277378,395.305448,37.874081,37.157089
577.180111,350.394956,45.082684,47.310966
541.231495,317.584496,43.679913,41.601608
502.410234,276.575028,44.105743,42.415833
464.318665,244.116267,46.687534,44.482098
426.640818,218.996913,40.988281,36.035915
382.306143,177.354896,48.738518,47.978100
339.832253,155.983731,50.647831,43.446472
303.049561,134.372931,46.448200,43.033611
255.507532,112.280295,52.990005,46.820980
216.451313,98.383264,45.490444,43.514992
164.820793,79.597463,53.828510,45.723404
179.943716,70.953677,53.792290,45.961552
215.835882,65.556766,48.348442,46.063038
250.403851,65.561168,43.980053,43.965321
284.660921,67.358932,47.471893,46.638607
319.207500,73.353765,46.246227,42.794739
354.056282,84.073537,42.018696,40.834869
387.804096,96.995643,41.495937,39.537945
420.532393,110.005649,36.607124,38.984791
450.673380,131.758401,43.194138,43.748039
478.010927,152.691150,48.643311,45.240330
508.970537,179.427102,45.295135,43.997643
540.300817,209.725934,42.968987,43.273758
570.118290,241.075541,40.766171,42.917927
598.810974,278.988927,41.220097,40.294189
628.029284,316.309926,42.004456,41.338318
648.591946,346.724494,41.804272,41.604794
660.269291,359.475291,39.693707,41.914768
673.119156,376.804700,43.613361,42.561676
689.313978,394.294425,45.063789,42.992580
709.840864,406.725219,46.785835,44.289394
729.807619,413.507712,44.436157,42.396679
751.347515,414.045676,39.222256,41.201031
767.571314,412.512889,39.476501,42.045841
779.620281,406.848308,43.077663,42.485661
794.206923,403.176314,42.235847,43.847790
807.289593,397.375932,42.384747,44.777321
819.979805,391.461200,42.138447,44.961475
830.785465,386.060557,41.113369,44.798161
840.608948,380.709489,41.200825,43.751671
849.923868,375.460603,41.146484,41.713295
858.745773,370.433835,40.761921,42.302414
864.537733,364.587125,40.892113,41.271500
872.203875,361.094254,40.647751,42.672523
878.031830,359.434945,41.285130,41.459526
883.644814,359.421220,41.485630,40.379662
888.966103,360.705287,40.964024,38.054615
890.174179,360.324035,40.220310,39.178066
887.309975,361.172177,41.548222,40.635590
884.017210,362.172402,41.940865,40.779167
880.492174,363.334630,41.149460,40.654068
875.200428,365.181821,40.864040,41.029724
871.507225,367.315681,41.247517,40.681805
867.531185,370.044034,41.163296,40.489838
864.296814,372.352666,41.183994,39.738266
862.633698,374.242362,40.958256,40.229061
860.586061,375.997628,41.019226,39.218941
859.603878,376.833367,39.817028,39.938362
860.249048,377.761355,38.381836,39.657337
862.886147,379.829946,35.886356,39.672226
864.842014,382.750157,34.884518,39.202332
866.839520,384.314664,35.458736,37.974518
869.976135,383.748836,35.048466,39.182011
872.728106,382.905362,35.971527,39.911240
876.250950,381.844796,34.798077,39.031181
880.042522,379.577319,34.930202,39.330936
883.770651,376.514098,37.406487,39.309093
889.532469,371.598861,38.406044,41.207882
895.542021,366.533595,36.615273,38.745884
901.566332,361.704663,37.443604,34.023651
907.723934,355.516994,37.219448,35.016758
916.818279,348.474351,35.420757,36.036140
925.777990,340.696160,31.257729,35.307549
934.639718,336.674897,26.964647,33.116158
942.465630,339.777750,20.630360,23.556067
979.625855,321.238257,19.989580,31.397518
957.452066,311.013558,63.658401,58.064491
1031.415247,368.943427,40.156754,37.945446
1030.868322,369.904691,42.135582,45.818726
1030.359570,369.843442,40.237331,42.795609
1031.692057,370.098681,40.173569,45.104252
1031.010946,370.181224,38.262032,45.204716
1031.051720,369.854405,39.676502,44.576920
1031.124025,369.780578,39.012894,45.037624
1030.707420,370.703628,38.771610,44.471920
1031.140776,370.321490,38.397881,43.620029
1030.904350,370.221723,38.679173,43.095566
1031.047724,370.733462,40.006851,43.063358
1031.184410,370.898511,38.646839,42.491608
1031.382101,370.337123,38.999413,43.482853
1031.423586,370.807961,39.099731,43.388435
1031.598347,370.579194,38.580853,42.396904
1032.159773,371.216311,39.702477,44.714252
1030.744135,370.970597,40.110901,44.960060
1032.529406,370.485387,39.497101,43.888428
1032.045656,370.823741,40.305908,43.724903
1032.830654,370.597688,40.451305,43.597359
1032.431889,371.018994,40.732204,44.068680
1032.898956,371.028451,40.370579,43.307320
1033.251438,370.481519,41.087093,44.066727
1033.792816,370.582088,40.268162,43.849903
1033.859772,370.599072,40.530064,43.697464
1033.271034,370.523778,39.625294,43.356293
1033.940527,371.010089,40.253059,44.316593
1033.791395,370.925220,39.848930,42.885731
1033.914093,370.704635,40.488529,43.928799
1032.953619,370.932746,40.025246,43.482143
1033.990046,370.833283,40.383041,43.833168
1033.381493,371.251647,39.195255,42.940884
1033.722275,370.774503,40.537327,43.622086
1034.040461,371.298930,40.206573,44.028400
1032.871885,371.192567,39.857048,43.479286
1033.680391,371.746116,40.412094,43.559048
1032.647362,371.133891,40.022266,43.663212
1032.376696,371.607253,39.050201,43.992870
1032.104099,371.646287,39.015820,42.758629
1031.815878,371.520795,39.644814,43.722946
1031.594831,372.064307,38.465752,43.239056
1030.224991,371.925481,38.130146,43.502167
1030.606043,371.723037,38.984024,44.041821
1029.783718,371.633296,37.902462,43.337467
1030.163031,371.891915,38.939095,44.876549
1028.729624,372.083310,37.919693,43.077087
1029.940945,372.205010,38.367290,44.321602
1029.073738,371.148185,38.520802,44.590527
1031.409817,371.640796,39.106747,43.854206
1032.063358,370.783235,38.032894,43.655556
1033.323814,370.784368,39.976841,44.685471
1034.530033,370.871903,38.540691,44.017754
1034.983089,370.842576,39.946606,44.172615
1036.053129,371.520997,40.373360,43.603127
1036.831213,371.811223,41.752541,44.189606
1038.132759,372.082578,41.119572,44.377441
1039.328243,372.301564,41.872204,44.696060
1041.180492,372.051459,42.114559,44.578701
1043.248135,371.768109,42.094082,44.447845
1046.224291,373.008759,42.233795,43.725548
1048.310207,372.865453,43.174892,44.420074
1051.066484,372.407151,43.429489,42.552986
1053.228197,372.962226,43.407379,44.650646
1054.603983,372.920877,44.415268,42.323784
1055.949060,372.299556,44.108841,42.767170
1056.459305,372.607961,43.580692,39.558273
1057.539345,373.456796,43.153660,38.136787
1057.067337,373.248855,42.913822,38.030956
1057.884165,374.195134,42.016068,37.364426
1058.826736,374.520215,42.260410,38.520721
1058.162792,374.630200,42.337124,39.059326
1056.494799,373.953246,44.913391,48.588116
1056.480625,374.793595,42.301723,38.038185
1054.926821,374.373742,44.954605,48.937828
1056.494272,375.126021,40.423553,36.224407
1053.399984,374.752042,45.392891,50.370285
1055.022659,375.584538,40.060459,37.458893
1051.946289,375.242249,44.286915,48.144768
1050.061920,375.333415,43.042973,45.628635
1048.314087,375.562253,43.244205,48.292862
1047.370975,375.835870,43.409573,45.801704
1044.372915,375.136374,43.464180,45.940243
1043.100363,374.668242,42.946526,46.553036
1039.540377,374.048324,43.582321,46.762386
1037.410044,373.750209,43.427353,46.023304
1033.568151,372.528562,44.574089,47.136368
1030.281431,372.052419,44.372368,47.523392
1027.324297,370.765971,45.190414,47.692875
1024.088459,370.213370,44.066021,46.647488
1020.500788,369.179362,43.863556,46.684147
1017.223059,368.452407,44.470879,47.934109
1014.630009,367.696582,44.727276,48.431950
1012.895325,366.919637,44.000309,48.008530
1009.019188,365.162444,45.910755,49.632961
1009.627563,364.657628,41.811008,48.487503
1006.384996,364.402265,43.938446,49.330078
1005.729952,363.489606,42.618057,49.852982
1005.782543,363.099912,41.657269,49.468536
1006.737631,363.746783,41.014595,46.858418
1004.485384,363.843364,43.874756,44.736668
1005.481655,364.352569,43.953854,45.846630
1003.284866,363.828017,45.661716,44.058849
1004.124922,364.647794,45.867149,45.314438
1004.738581,364.446660,45.943909,44.379059
1004.701988,363.772681,46.800495,43.843380
1005.214657,364.490226,45.944057,45.434765
1004.929182,364.348100,47.177834,44.524895
1004.698620,363.948052,46.738277,44.952034
1004.716501,365.108726,47.667145,45.727566
1003.561125,364.262942,47.472572,46.370548
1004.027386,364.346644,46.811565,45.290653
1004.190071,364.734344,46.844563,46.347805
1004.322449,364.834577,46.893040,46.374420
1004.079609,365.173215,46.647518,45.121506
1005.334259,365.475947,46.786915,46.847050
1004.320833,366.682305,47.643402,46.437416
1004.642403,366.709929,47.011234,46.029873
1003.499022,367.414823,47.777687,47.105621
1004.225191,367.298635,47.223343,45.804825
1003.873558,368.098071,47.634708,46.716816
1003.046329,369.463685,47.401211,45.046684
1001.825117,368.600039,49.083870,47.649204
1002.326269,369.754327,50.939339,48.113258
1003.217838,369.848901,46.957790,46.532784
1002.839676,370.420243,47.632694,47.468391
1002.390972,371.218213,46.833218,47.725189
1002.798141,370.920142,46.733814,48.185085
1002.129908,371.769973,46.628601,49.839779
1002.521088,371.349692,44.941975,47.400509
1002.713266,371.994128,44.560226,45.465641
1001.508430,373.021409,43.566898,43.348625
1001.401447,373.289044,43.908199,45.897552
1000.906301,373.832223,42.641396,45.292168
1003.979506,374.578759,36.701454,38.200722
1003.580229,374.435649,38.054070,40.785542
1003.602713,375.220841,36.524498,37.980782
1002.776272,374.872373,46.028591,51.494995
1005.204731,375.336825,40.059597,45.693470
1008.412216,375.969287,33.483555,35.136372
1009.170412,376.481124,34.960129,34.738720
1009.754696,377.014293,36.754589,34.981709
1007.847700,375.589585,44.420906,48.037148
1011.493326,375.065080,38.533356,39.819038
1012.553192,375.385159,39.170567,39.032272
1013.722019,374.709908,40.876247,43.339912
1014.451468,374.327359,41.785606,43.992920
1016.286348,373.974828,42.836777,45.826340
1017.359444,374.050834,43.479160,47.226528
1019.025124,374.120435,43.413288,47.783264
1021.350000,374.467711,43.246048,47.012920
1024.133923,374.642570,42.231609,44.923672
1026.158092,375.193509,43.434628,47.372391
1029.277416,375.398543,42.335354,45.629314
1031.434797,374.831397,42.410179,45.068508
1033.556828,373.606591,43.152874,46.188377
1035.872282,372.551143,42.629448,44.677647
1037.803408,372.238986,42.956253,45.114552
1039.859209,371.434049,42.935791,45.381866
1041.921610,369.984097,44.991898,45.488693
1044.017448,369.694900,44.587849,45.222286
1045.839476,369.016881,44.668465,44.718262
1048.055855,369.323262,43.070225,44.981552
1049.540348,369.251426,43.687557,45.035854
1052.075205,369.412744,43.557770,45.164543
1053.966902,370.392188,45.075172,46.016598
1057.010481,371.666268,42.407585,44.961967
1060.389105,372.221137,41.839668,44.670681
1063.997656,373.836862,43.316185,44.730568
1069.222221,373.514705,42.812977,45.218098
1073.137140,375.368035,43.368088,45.422325
1077.880508,375.911908,42.875401,43.192764
1082.327356,375.104699,43.722076,43.665215
1086.207336,376.059451,43.317875,43.304646
1090.457582,376.089089,43.525391,43.721001
1092.571730,376.053756,43.952095,43.996212
1094.404737,375.696271,44.331352,43.912582
1096.156828,375.501979,44.270378,43.978046
1096.131493,375.063981,44.197361,43.521873
1096.614849,374.763455,43.792263,43.143478
1095.292967,374.965140,43.674522,43.117229
1094.138636,374.466729,43.898514,42.269829
1093.116575,373.463758,43.777412,41.735611
1091.256338,373.511941,43.625908,41.754112
1089.439837,373.144696,43.370407,40.935669
1087.074337,371.825696,42.890926,43.119751
1084.403160,371.181359,42.843220,42.881783
1083.141731,370.113524,41.903080,42.732647
1080.355196,369.557324,41.577377,41.956284
1077.714556,368.736405,41.280792,42.640083
1076.082747,368.639703,41.602486,45.801765
1074.362993,368.845344,40.863510,45.164227
1072.427691,368.654038,40.689331,44.715645
1071.552555,368.059325,40.248470,45.203060
1070.224577,367.966844,40.125343,45.536064
1071.073298,368.261941,39.548950,45.368172
1070.389633,368.596177,40.828831,45.634865
1071.484867,368.857949,39.354137,45.050331
1072.066345,368.134776,39.129307,44.592747
1072.904894,368.464679,42.115738,45.317265
1074.240067,367.762860,41.891987,44.872833
1074.401114,368.229241,41.531242,41.122002
1074.674007,368.624232,42.177914,42.380253
1074.774855,368.147565,42.328209,41.211975
1075.692108,368.912349,42.259251,41.609348
1074.253523,368.083329,43.328667,40.998390
1074.852631,368.187030,42.945774,41.206974
1073.403021,367.868033,44.063393,42.745602
1073.674492,366.859084,44.153446,42.828640
1073.507437,368.224759,43.919807,42.310287
1074.524004,367.304381,43.861526,43.333614
1074.424618,366.779050,44.198956,43.400665
1074.459457,367.384555,43.964832,42.687351
1075.091118,367.487390,44.071156,43.207085
1074.854681,366.784081,44.727150,42.984215
1075.973763,368.187104,44.540775,44.608772
1075.584501,367.714261,44.808769,44.598984
1076.630348,368.307187,44.909321,45.125366
1076.768599,368.398864,45.042091,45.319515
1078.124659,368.927447,44.719452,45.721851
1078.531284,369.401330,44.798321,45.255714
1079.218225,369.798396,44.713150,44.514362
1080.059006,370.113296,44.732655,45.601437
1081.664434,370.501929,44.660469,45.287167
1082.906641,370.793818,44.601959,45.769794
1083.546173,371.385425,45.035221,44.348469
1084.450926,371.542729,44.822060,45.281998
1084.537003,372.655284,45.227909,45.176426
1085.290379,373.223243,45.017849,43.313168
1086.178604,374.517886,44.477039,45.907566
1086.917461,375.106042,44.596478,42.332115
1086.523090,375.043141,44.519604,41.246536
1086.438900,375.333026,44.568844,42.767246
1086.350292,375.163096,45.165157,42.153095
1086.080412,375.076619,45.581444,42.360565
1084.823736,375.823274,46.155006,43.587364
1085.164639,375.394526,46.544949,43.073368
1083.751383,374.790442,47.550034,44.143566
1082.130363,374.606730,47.153751,43.326267
1081.384169,374.938193,47.226051,44.139233
1081.267054,373.885989,46.952408,42.590778
1078.862028,372.941291,47.195946,43.974239
1077.743792,371.839534,47.525421,43.665409
1074.645313,370.010209,48.197170,46.426552
1073.982880,368.998946,47.745441,45.660885
1071.450954,367.890908,48.237392,46.242378
1069.403494,366.698571,48.438576,45.427620
1067.396496,365.901341,47.630810,44.908676
1065.033987,365.475862,47.741310,45.496620
1062.830513,365.111644,47.742161,46.367573
1060.608837,365.382585,46.899883,45.722328
1059.218658,365.394431,47.692219,47.824886
1056.946960,365.387183,47.248997,47.601345
1055.370459,365.486459,47.836906,48.752907
1054.971018,365.581943,48.538422,48.452122
1052.701399,364.696160,48.391457,49.576653
1052.651543,365.028239,48.185780,48.425602
1050.269974,364.683232,48.410587,49.496231
1049.686180,365.312610,48.377949,48.522984
1048.882158,365.521714,48.504089,48.387321
1047.285872,365.516959,49.313347,49.414150
1046.840391,365.797109,48.849419,48.955521
1044.745232,366.138072,48.187244,47.291355
1044.134871,366.693767,47.747719,47.339283
1042.377542,366.876374,48.773376,48.454353
1041.295944,367.257365,48.628132,48.664738
1040.718956,367.636767,48.097889,48.185001
1041.043264,368.945035,47.381096,47.826096
1041.010771,369.338923,47.336372,47.248951
1041.018841,369.886586,47.131771,47.207733
1040.130440,370.484962,46.987339,46.944576
1040.656876,370.966451,46.792088,47.491196
1040.667246,371.027738,46.514328,45.936798
1039.667639,371.733937,46.926079,47.768600
1039.184052,372.932263,46.852207,47.099243
1039.748564,373.182220,46.503273,47.978863
1039.167120,373.430280,44.970787,47.422577
1039.960157,374.324796,44.441566,46.956665
1039.029274,375.787988,44.284245,46.012489
1039.753189,375.604772,43.782337,46.825897
1039.575703,375.873471,42.473507,44.832474
1040.029890,377.187329,41.743904,43.305679
1040.253834,378.044276,41.125393,41.112385
1039.485632,377.643144,42.206184,43.685753
1040.215036,378.323564,41.420517,43.316734
1040.308813,378.507083,42.408226,44.437214
1040.164907,377.663663,43.565834,46.514740
1041.085947,378.006515,42.439651,45.605038
1041.441519,377.836509,43.714821,47.125591
1041.322636,378.645003,41.697231,43.932842
1041.352268,379.793656,40.805904,43.965508
1041.499170,379.879582,41.352249,44.390228
1042.012264,379.712186,40.447674,42.088226
1041.633736,380.274020,39.055561,41.482594
1042.157841,380.684735,38.043804,42.832397
1042.194683,381.448352,38.200817,43.785084
1042.214399,381.224063,38.445900,43.568501
1042.567127,381.758475,37.769817,43.170559
1043.005566,383.114179,37.323147,43.459229
1042.384897,382.863521,37.686035,41.684803
1042.836449,383.536878,37.067402,42.473022
1043.114418,383.577743,37.163853,43.114315
1043.804419,382.559392,36.672279,42.317413
1043.560974,383.031022,37.244480,41.861839
1044.439331,382.218600,37.352100,42.444691
1044.837234,382.053172,37.628284,42.177738
1045.156946,381.082122,37.672897,40.963802
1046.539585,380.257258,37.758495,41.599613
1046.524797,379.330806,39.166443,41.926411
1047.414293,379.141324,39.057892,42.144302
1048.743385,379.007068,39.921925,43.747227
1049.205538,378.816857,41.793594,45.359520
1049.674036,378.881627,41.856644,43.304443
1050.439489,377.996289,42.025597,43.686127
1050.970875,377.671964,42.140438,44.344131
1051.558283,377.227765,42.243835,44.048309
1052.569521,376.537000,42.279236,44.291367
1054.135031,376.156880,41.397011,43.927399
1054.555075,375.524541,42.242638,44.345718
1055.771774,374.727145,41.924137,44.040073
1056.835976,374.117906,41.939671,44.041100
1058.284296,373.282063,42.805405,44.370514
1059.038925,373.425504,42.950794,44.209412
1060.254547,372.220225,43.489582,43.506519
1062.111038,371.836591,43.412708,44.393707
1062.646053,371.699794,43.768795,43.765293
1063.421207,371.467532,43.603451,42.467060
1064.127760,370.967000,44.206245,43.130951
1063.417034,370.980014,44.776806,43.936848
1064.000784,371.225966,43.890221,43.352703
1064.436592,371.760831,44.542240,43.973709
1063.453386,371.411515,44.381424,43.717720
1064.025648,371.622563,43.639030,41.697159
1063.054867,371.991920,45.052670,43.986248
1063.730154,372.098361,44.257439,42.350651
1063.585567,371.478303,44.895672,43.768059
1062.479862,371.463511,45.579433,44.270267
1061.930832,371.700976,45.110508,43.207767
1060.879152,371.403272,45.626389,44.257355
1059.914400,372.104339,45.543732,43.519390
1058.203150,372.130780,45.873428,43.367493
1056.797096,371.659165,45.552692,42.599464
1054.504988,372.385701,46.455040,41.831009
1052.885057,371.044446,46.731628,43.364655
1051.067703,370.406941,44.897831,42.893173
1048.011417,369.911769,45.288662,44.316303
1045.935677,370.051446,45.040150,44.810310
1044.263596,369.775609,45.659763,48.094376
1042.220814,369.816541,45.333660,47.648331
1041.755775,369.915523,45.063999,49.272343
1039.727945,368.929080,45.378143,50.189045
1039.019245,369.055047,43.644634,49.573387
1038.860964,370.479878,44.199387,50.067917
1036.800251,370.076072,43.824245,49.668377
1035.511383,370.002593,44.965397,50.123791
1035.786873,371.093446,44.350269,49.218529
1036.393982,371.527772,42.353367,48.183266
1035.564871,372.005054,43.629768,49.727467
1035.817741,372.873527,43.024754,48.964626
1036.352863,373.515260,43.774807,49.161324
1035.900276,373.682187,43.460926,49.439056
1034.662964,374.203017,44.195972,47.720242
1034.673126,374.232139,44.270512,48.020626
1034.719961,373.811671,44.822975,47.161442
1034.203194,374.703219,44.222248,45.498600
1033.235945,373.922765,45.058311,47.154785
1033.142960,372.776700,45.576160,46.803162
1033.256962,371.984260,46.181988,45.422970
1032.842566,371.089421,46.585121,46.100967
1032.156008,370.396365,46.882370,46.516193
1031.093437,369.812709,46.277073,45.013569
1030.559214,369.179585,47.009018,45.464386
1030.170620,368.736476,46.954540,45.721684
1028.992607,368.014403,47.172123,46.327419
1028.717516,368.424901,46.947556,46.263779
1029.282539,367.961358,47.199207,45.837654
1029.072155,368.436276,48.383419,46.709381
1028.815186,368.297854,48.621937,45.109669
1028.809528,368.164029,47.568752,45.043503
1029.173182,367.636254,47.524063,44.692726
1030.530874,368.234584,47.516975,45.212925
1030.936762,367.898963,48.039413,45.399975
1031.498802,367.428044,48.466328,45.878387
1032.339832,367.488183,48.536617,48.028999
1033.645382,367.137816,49.255047,48.396038
1035.307146,367.919448,48.180634,49.472485
1037.026878,368.090169,45.651981,49.749512
1038.895105,368.532527,46.892395,50.829929
1040.311731,368.502984,48.021896,50.784294
1041.889996,368.385913,48.124416,50.802891
1044.234781,367.930696,48.249695,50.726936
1045.936884,368.400870,49.723083,49.729885
1048.138029,367.982221,48.413017,49.208328
1048.762190,368.299695,48.358955,48.754639
1050.555365,368.485665,48.957726,48.546257
1051.097404,368.651748,49.236240,48.180508
1051.678463,368.705012,48.865353,48.314304
1052.130819,369.240830,48.435768,49.295830
1053.781420,369.881324,48.375366,48.345104
1055.297844,369.833873,48.301167,47.881840
1056.808840,370.823087,47.757675,47.273178
1058.003819,371.554946,48.019360,47.115780
1059.942841,372.295362,48.682209,44.998810
1061.818628,372.594907,49.041046,46.703003
1064.498686,372.629014,48.577232,45.756371
1066.319393,372.297761,48.534588,47.259468
1068.107088,372.143626,48.471283,47.001148
1070.534393,372.037894,47.153996,47.341442
1072.159065,371.626071,46.888950,48.746601
1073.542343,371.382705,48.270130,49.036831
1075.158314,371.555570,48.133099,48.887833
1075.570047,371.875554,48.415359,49.396561
1076.490677,371.672790,48.404743,48.910870
1075.406916,371.420333,47.916809,48.465710
1075.914566,371.692405,48.542133,48.241909
1075.742495,370.964900,48.691864,48.009876
1075.578829,370.712338,49.397278,48.000748
1075.603134,370.535020,48.809132,48.734077
1075.059505,371.200471,48.370861,48.152565
1074.847752,371.813285,47.813808,47.583141
1073.549719,371.935994,48.207954,45.292160
1069.956554,371.311387,49.313992,45.609718
1066.916702,371.944461,49.863621,46.585285
1065.693325,371.030583,49.910015,47.498276
1062.867414,370.784137,50.074638,47.850468
1061.751999,370.649713,49.992710,48.488625
1060.370590,370.921943,48.612446,45.414562
1058.158503,370.184602,48.484619,48.467125
1055.277411,369.816995,48.774132,48.134514
1053.217333,370.127629,48.113159,47.332581
1049.817608,370.444394,48.643932,47.459259
1047.584457,369.448226,48.284443,46.318645
1046.204903,369.546760,48.416325,47.508953
1044.400385,369.818231,48.060089,47.179909
1042.070621,369.187165,47.765545,46.595390
1040.625616,369.223739,47.973946,46.727459
1038.906080,368.735179,48.706581,45.836613
1037.477219,368.452855,48.678394,44.741913
1036.181103,367.386952,48.519955,45.972748
1035.847191,367.086936,47.497578,45.657101
1034.794672,367.284459,47.349396,46.595474
1033.841530,366.731721,48.157383,46.709846
1032.008368,366.460292,47.566841,48.083515
1030.936871,365.508782,49.573284,48.543510
1029.264881,365.534772,48.701260,49.098038
1029.613548,365.251946,48.952305,48.668922
1027.712622,365.510928,48.226189,49.352451
1027.538349,365.511981,48.670940,48.816914
1027.123573,364.856673,49.118305,49.122784
1025.961723,365.094111,47.954731,48.998173
1026.947248,364.762370,48.236534,48.438206
1025.783278,364.463639,47.263145,49.156471
1026.510744,364.757579,46.974380,48.999058
1025.658104,364.865018,47.689442,49.280975
1025.365208,364.755452,47.871655,48.162262
1025.191929,364.942266,47.083553,48.789291
1024.760538,364.885827,48.016449,49.031883
1025.438145,364.880719,48.266125,47.322250
1025.299774,364.821311,48.230869,48.054180
1025.443714,365.184712,47.828808,47.665237
1025.740934,364.932813,48.572334,46.807999
1026.154268,365.025847,47.954391,47.100735
1026.873644,365.007863,48.547470,47.271118
1027.276476,365.250037,48.446732,48.212643
1027.398125,366.101769,47.912785,48.605080
1028.201624,366.680842,48.729492,47.371723
1028.611408,366.391646,49.299709,48.201870
1029.463346,367.386794,49.025078,47.735897
1029.687988,367.374265,50.161503,48.068939
1030.494978,367.679215,49.033806,47.172432
1031.198872,367.536408,49.704617,47.884865
1032.840910,368.230861,49.254997,47.350330
1033.998335,367.610955,49.900749,47.173073
1035.107952,367.542588,49.277569,47.059990
1035.876261,367.790574,49.548782,47.374367
1036.665096,368.168565,49.874645,46.903816
1037.601875,368.321921,49.113194,47.710308
1039.129314,368.812917,49.121639,45.936798
1040.061611,368.887139,49.328365,46.421333
1041.270306,369.152083,49.351345,45.854305
1042.408762,369.171975,49.147278,45.553169
1044.163086,369.924891,48.541416,45.534153
1044.805744,369.174712,49.785244,45.887890
1044.581087,369.389606,50.372757,46.679676
1045.753010,369.878022,48.796597,45.067604
1045.453291,370.031520,48.740776,46.843021
1046.944609,370.138869,49.303703,44.945827
1045.668051,370.334777,48.996574,46.403576
1046.858807,370.739049,49.606045,46.313110
1047.165016,370.774179,49.438572,46.944893
1048.434862,371.082013,49.952362,46.700806
1048.870287,371.572076,49.256180,47.608009
1048.700666,371.332326,50.522560,47.576385
1049.498632,371.572299,49.874718,48.221165
1051.596472,371.371299,49.298393,45.510769
1050.483906,371.122756,49.667843,48.164700
1052.161488,371.521308,49.613979,47.225292
1053.452688,371.234145,49.778008,47.631771
1054.069517,371.767869,49.617180,47.053612
1054.312567,371.905612,49.862495,47.879047
1055.231548,372.123387,50.081585,47.240021
1056.626570,371.787484,50.130592,46.720970
1056.342600,371.769185,49.854492,47.284256
1057.846380,371.853835,49.983421,45.924145
1059.045355,371.795688,49.318108,45.371799
1060.160286,371.851523,49.213352,44.109982
1060.728477,371.936315,50.815281,49.588318
