sequence,frames,fps,total_time_sec
Deer,71,30.085625485185894,2.359930992126465
