tracker,dataset,valid_sequences,AUC,Precision,Success50,FPS_avg_seq,FPS_median_seq,FPS_weighted_by_frames,total_frames,total_time_sec
ECO_embed_v1_subset_run912,OTB,22,62.273101806640625,82.26480102539062,78.53190612792969,57.19032313121322,61.13383726456341,59.892442533333266,10673,178.20278399999998
