tracker,dataset,valid_sequences,AUC,Precision,Success50,FPS_avg_seq,FPS_median_seq,FPS_weighted_by_frames,total_frames,total_time_sec
ECO_embed_v5_subset_run925,OTB,22,65.66217041015625,88.80093383789062,83.25907897949219,54.55468672875152,56.501588669002075,59.400586362205296,10673,179.678361
