sequence,frames,fps,total_time_sec
Deer,71,19.247604258217486,3.6887707710266113
