sequence_index,sequence,AUC,Precision,Norm_Precision,Success50,Success75,FPS,frames,total_time_sec
1,person-1,11.133293862625314,1.2792793102562428,1.9279278814792633,2.3243242874741554,1.3513513840734959,73.1327325758267,5550,75.889411
2,person-5,6.106117386121682,2.3255813866853714,7.987866550683975,6.302662938833237,0.2696326235309243,72.60900172484924,2967,40.862702
3,person-10,42.54345152539587,4.2553190141916275,29.2745441198349,33.32479000091553,1.1791848577558994,77.42188957955547,3901,50.386267000000004
4,person-12,19.435375836912247,24.07035231590271,21.256281435489655,22.311557829380035,3.668341785669327,80.89345725994185,1990,24.600259
