epoch,time,train/box_loss,train/cls_loss,train/dfl_loss,metrics/precision(B),metrics/recall(B),metrics/mAP50(B),metrics/mAP50-95(B),val/box_loss,val/cls_loss,val/dfl_loss,lr/pg0,lr/pg1,lr/pg2
1,160.791,1.50867,1.00047,1.32356,0.76753,0.61576,0.71816,0.39126,1.54339,0.93706,1.4106,0.000666311,0.000666311,0.000666311
2,305.23,1.48863,0.97492,1.31397,0.79166,0.62892,0.73734,0.41378,1.50119,0.89477,1.37619,0.000673154,0.000673154,0.000673154
