tracker,valid_sequences,AUC,Precision,Success_OP50
ECO,100,66.61883544921875,90.2970199584961,84.75908660888672
MyToMP_run812,100,60.8056526184082,82.16749572753906,79.5443115234375
