sequence,frames,fps,total_time_sec
DragonBaby,113,8.999379267847367,12.445302799955243
