sequence,frames,fps,total_time_sec
DragonBaby,113,46.6571688598704,2.421921491622925
