rank,tracker,precision
1,MDNet,90.943761
2,MyTracker,90.706630
3,CCOT,89.792540
4,DeepSRDCF,85.125884
5,HDT,84.770914
6,CF2,83.711092
7,SRDCFdecon,82.542821
8,ToMP-50,81.343642
9,CNN-SVM,80.888336
10,SRDCF,78.949422
11,Staple,78.398660
12,MEEM,78.123061
13,LCT,76.190185
14,CSRT,75.208101
15,SAMF,75.133911
16,KCF,69.566312
17,DSST,67.967258
