sequence,frames,fps,total_time_sec
DragonBaby,113,23.5436373818773,4.799598217010498
