tracker,scope,valid_sequences,AUC,Precision,Success50,FPS_avg_seq,FPS_median_seq,FPS_weighted_by_frames,total_frames,total_time_sec
SRDCFdecon,headtail40,40,22.51792335510254,20.74236488342285,24.133283615112305,2.718301298821618,1.9030801543873925,1.9767907264649036,99468,50317.92119840561
