sequence,frames,fps,total_time_sec
Deer,71,53.54458759627464,1.32599769999797
