197.000000,216.000000,106.000000,39.000000
182.949333,211.472383,106.661301,39.330318
171.855099,193.570011,105.056313,39.670403
159.286663,176.733404,106.198677,41.479420
144.888336,168.772867,103.242493,42.227337
114.806679,162.469759,103.141891,41.883755
84.285252,161.370750,104.894371,40.010086
74.279346,168.022223,102.565849,40.924702
68.596073,175.828817,102.911461,41.027332
65.902111,178.388653,102.685707,41.685829
75.809444,185.728807,100.952858,40.515072
92.511162,192.503189,99.295609,39.077271
101.609936,204.631887,100.315071,37.004688
105.479599,225.382780,99.280090,36.258213
111.330528,240.955872,96.760666,37.329773
121.529881,251.070749,98.429131,34.686016
129.028278,256.598089,97.206505,34.483936
131.066589,260.127586,97.129303,34.118423
135.298347,262.137497,98.107803,34.622925
143.465027,256.477787,95.555847,33.441124
150.166031,247.482164,97.164978,33.890072
160.782402,240.654936,93.685837,33.347202
159.534557,237.122577,93.619392,31.483088
156.443539,235.421385,91.881966,32.575352
151.555492,234.043297,90.670876,32.379410
145.351105,234.040186,89.768646,33.731762
136.112854,238.570921,91.681305,31.925938
131.631729,240.344688,90.021393,32.510757
128.337536,241.266560,87.593178,33.202202
123.076988,241.412136,87.683853,32.850990
121.538338,243.898972,87.466293,32.675873
129.635841,244.622410,86.627640,32.523827
141.299576,243.201780,84.044037,32.065037
151.368557,240.548068,84.591866,30.456675
151.957951,236.468583,84.612755,31.842527
151.530849,235.455445,84.117439,30.403746
149.762066,228.657201,82.821449,30.984930
150.332607,222.576132,84.377602,30.022816
155.649624,215.632614,81.869850,31.605057
160.755962,214.775219,79.777687,31.252617
159.951897,213.767969,79.855179,30.761837
159.362228,213.263160,79.691666,30.478701
157.752773,214.030685,79.649315,31.356339
154.060383,218.840346,80.059883,31.171953
151.690445,224.580539,79.037354,29.307291
151.757481,225.775565,77.617180,30.719042
161.593201,227.281977,78.840179,30.588711
166.871529,230.349224,78.380936,29.992958
169.291012,231.873518,77.564552,31.089664
178.478626,233.673955,76.695427,31.958685
187.904148,234.181686,75.243340,30.672882
191.771065,233.994051,73.531067,32.123913
192.118702,232.679037,73.492134,30.377491
194.184048,232.035752,75.145851,30.921553
195.330704,228.533037,74.262848,31.106136
197.691917,225.607526,72.345139,30.141195
197.417095,225.071403,72.568184,29.674379
193.794090,225.279069,74.046432,30.438993
191.238537,225.726463,71.777412,30.741531
187.290131,225.492282,69.629501,29.725855
184.590023,226.284946,70.253227,30.716484
179.998043,228.392521,68.938011,30.582054
173.426064,230.685220,68.741882,30.721830
168.365993,234.420257,68.003471,30.739214
162.086491,238.496244,68.675560,29.115742
158.820095,240.071252,66.106728,30.616850
161.165443,240.925194,68.791718,30.405838
173.431953,241.027143,65.935150,31.023764
190.327209,233.425473,65.142929,31.658834
207.431698,223.809103,64.808739,31.546024
216.498093,214.522894,64.558640,31.278843
218.796875,208.638488,66.088211,30.229616
219.957226,205.118421,64.463295,30.894873
221.041389,201.456460,63.799210,30.518583
221.049740,199.965455,65.473061,31.967344
209.486855,199.529134,62.527100,31.416067
198.025839,198.089539,62.301395,32.001068
195.091925,199.562168,62.367481,30.589485
198.738346,198.971202,62.474983,31.791697
199.361046,199.786684,62.764648,32.802441
194.419252,202.114471,61.725430,32.922470
191.479065,205.263044,59.874390,31.756977
187.325682,207.318246,60.436802,31.801069
184.401375,209.432851,61.402878,31.081350
180.385406,210.986946,59.482285,33.376816
177.626873,212.740347,58.536217,33.347218
177.079086,212.400368,59.588989,34.727859
176.664749,213.358797,56.386246,33.935452
174.418259,212.823696,57.036667,34.161049
170.785727,211.284813,57.498310,35.894058
167.673691,204.127165,55.971344,34.790379
170.266262,193.178995,57.619621,35.921352
173.036619,185.794865,57.178471,35.480598
174.667742,179.313011,55.044018,35.413895
172.874861,174.361193,56.503468,36.922634
170.929541,168.815599,57.738224,38.771496
172.367163,167.578293,54.398991,36.195908
171.093000,166.934385,51.773960,35.573887
166.391821,166.764605,54.777760,36.215878
161.364628,165.375193,54.091118,35.954418
157.807241,165.066448,50.215366,37.152229
150.416809,163.702728,53.011566,38.955414
146.331097,166.182957,50.864388,37.463341
142.283005,166.675127,49.400833,38.267498
138.345375,166.498363,48.405380,39.113167
138.915737,166.592106,49.767189,39.490227
147.662575,167.346018,48.857254,39.900173
154.742764,168.401323,46.132515,41.142193
165.611813,171.788942,50.706032,41.184811
184.143202,176.258701,48.163059,39.502647
197.909239,176.034012,44.353642,42.288086
204.188625,178.857227,44.108208,41.889992
209.541748,180.788513,44.794617,42.977188
214.015299,182.960941,45.515026,41.395821
218.759790,185.390347,45.181408,38.664848
223.159142,182.369865,44.081284,41.226990
224.780352,179.073069,43.428921,42.291958
224.678265,178.393190,43.243156,42.300625
224.093687,177.308077,43.077045,42.564800
222.839012,175.574772,43.371384,42.366356
220.154022,174.544113,42.847900,42.526382
219.312813,174.686893,41.393494,41.760323
215.445950,174.992308,41.674782,42.079533
211.378948,176.220778,43.066353,41.956394
207.437702,175.627342,41.943535,42.537827
202.644875,176.250977,43.987320,43.561050
202.779909,176.550419,42.998623,44.328407
203.143442,181.957163,40.342968,41.842785
200.746784,183.784058,40.782829,43.021408
200.970552,183.552895,39.901928,42.861710
204.383781,179.857136,40.760513,42.402122
203.424858,176.718512,41.742889,42.727680
203.175320,175.274771,40.395088,41.782429
200.272823,168.150883,39.860298,41.076729
196.665800,159.852015,41.662785,41.382504
196.406822,153.442451,40.437347,43.867599
194.026367,150.569029,40.180405,42.191425
201.422827,144.652822,39.694508,42.821278
211.817423,141.065586,39.887310,43.816750
217.583189,138.025644,39.349369,45.001354
221.119156,137.271894,39.145447,44.574940
223.549570,136.762087,38.367062,44.963726
223.043352,138.290426,39.001431,43.811100
221.499834,138.615747,39.510525,44.236050
217.916752,142.720028,41.541557,42.544304
215.073551,145.215466,40.688347,43.979347
212.570803,147.857885,39.980862,43.827641
208.472820,152.733828,38.511559,43.931087
204.301678,157.374346,39.803398,43.042309
200.552530,160.857494,38.351818,44.697884
197.352280,164.371632,38.716400,44.028587
195.614950,167.737736,40.324253,44.498894
193.180708,174.352041,38.550541,43.017841
192.316763,177.273108,38.809544,44.538624
191.304136,180.955217,37.987873,43.953777
199.243965,186.289015,38.084427,44.247944
201.810930,188.725267,38.061291,43.758038
204.030052,191.867640,37.272720,43.026409
209.231014,192.777248,38.053505,43.797935
212.632277,195.229668,38.269779,43.334732
214.457365,196.353216,38.761021,42.962543
215.699522,197.443464,38.610416,42.661732
213.844975,197.563438,39.615959,41.593353
213.767984,192.765198,38.615841,43.521744
211.897732,191.479673,39.546303,41.924427
212.743050,190.571747,39.169632,41.102982
212.429272,188.427610,39.386543,41.348698
212.176723,189.358898,39.624092,41.053230
210.661007,189.645081,39.262367,40.557587
208.810268,190.751657,39.286873,40.424877
207.708809,191.305330,39.355118,40.360622
205.541527,193.098246,40.283401,40.053921
203.186031,194.809383,39.714607,39.282967
201.063782,198.597870,38.889023,38.230560
198.425129,200.756063,39.013939,38.432301
197.518272,203.652771,40.122086,37.462555
200.456566,206.182854,38.529831,37.613647
208.981997,208.150021,39.772030,37.826256
217.870056,210.096037,38.767136,36.962025
224.609537,212.244577,38.190563,35.951733
233.178217,215.139717,38.821560,35.762314
247.329994,211.450268,38.749527,34.682869
256.610226,207.137316,38.594566,32.903606
259.355499,207.773590,39.733032,32.128357
260.273043,208.508632,39.367245,31.847895
260.344131,210.023390,39.605392,30.707188
259.819260,209.762168,39.693253,30.432131
259.961264,209.121782,39.433308,30.267727
260.399427,209.449246,39.840000,29.709356
259.674397,209.483804,39.254829,29.120970
259.495855,211.186688,39.008030,27.905767
256.486885,212.415026,39.994461,26.782681
246.354067,215.037567,39.703655,24.694870
233.933306,216.562605,39.953823,23.780216
223.376389,219.023600,39.813263,23.777065
211.003019,222.519258,39.860783,22.668592
200.947474,225.456645,39.401867,22.328791
194.388735,228.270534,40.077755,22.685297
189.276516,230.622742,40.391228,22.046494
185.977484,226.514071,39.980900,20.204815
190.151117,218.791007,39.047268,19.770227
204.455038,211.293894,40.071278,19.142498
224.319313,207.674459,39.147232,16.744938
239.137934,204.042495,40.060070,16.161669
251.552843,200.475481,40.487682,16.716862
264.102703,197.106899,39.933769,17.353073
273.806852,192.710250,39.737782,18.335985
280.324820,190.256491,40.379002,19.413258
282.584488,191.638503,41.454422,20.614809
288.521929,191.623445,40.423977,21.622297
296.856367,189.973050,41.675404,22.730795
301.634056,186.591584,40.922684,22.905027
305.232269,182.534503,40.997849,23.637583
305.959190,179.129363,41.439316,24.283495
304.076628,175.226628,41.129566,24.344061
294.712240,169.904650,41.113651,25.969845
279.249798,167.858003,41.229134,27.021635
271.391129,176.228779,40.762329,27.845528
264.550976,184.563028,41.586372,28.440685
250.382929,193.651016,42.840420,29.781799
231.916613,202.973209,41.148983,30.324745
216.680891,205.594192,41.895832,30.916704
205.983381,205.980730,41.738270,32.190365
198.418642,204.559631,41.447186,32.769836
193.250267,202.792273,41.961273,33.263294
189.492977,199.177755,42.636543,33.436039
192.421761,187.391827,42.395477,34.807533
203.630020,170.592495,42.191055,35.792030
207.358068,160.147078,41.134144,37.222218
207.456129,152.468903,42.258076,37.227325
208.321234,146.233110,42.084522,37.704205
209.754414,142.036959,42.342476,38.257824
210.467766,146.727720,42.584412,39.267704
210.719748,153.786322,42.775852,40.022663
209.701687,157.975004,42.663124,40.878391
209.033726,159.858418,42.974037,41.575706
208.473549,162.480143,43.567383,43.144176
198.035892,168.038677,43.635002,44.387047
187.513163,174.330149,43.737331,43.858852
180.426825,175.269199,43.475132,45.614388
177.056282,176.513445,42.484512,45.996288
175.087996,177.266001,42.647724,46.252483
172.159376,177.271353,42.576069,47.164783
170.997387,176.736019,42.814247,47.497475
192.453316,171.122135,42.093491,48.143196
211.264364,159.929005,42.009541,49.301872
225.105585,152.122589,41.366253,49.289841
234.289524,147.151096,42.237801,50.069359
245.342390,143.433296,42.051044,50.281570
252.273390,149.261473,41.511600,49.665257
257.819054,156.685253,40.942032,50.152809
261.261013,158.368765,40.419945,49.703587
263.823099,157.540630,39.706783,49.935738
260.038206,156.640873,41.533558,50.138664
259.237919,154.985300,40.506371,51.065334
258.832579,150.351257,40.435749,50.480042
241.813686,144.606188,38.628853,52.474697
211.377905,143.144331,40.085239,51.132816
185.423489,154.748995,38.568642,51.466351
160.681789,170.808603,38.098305,51.510036
145.730749,184.413004,38.227039,52.574398
140.948687,198.949104,35.984341,51.491928
131.407135,207.145277,35.921204,52.379032
114.296589,213.512676,37.025932,51.340675
107.683483,216.599878,36.418648,51.308697
111.964300,218.140093,33.852497,50.548153
121.052792,217.350103,33.869591,51.987659
133.397840,209.997641,32.608692,52.927952
141.236835,207.383493,33.077110,49.042278
148.642942,203.045059,32.812519,50.122467
150.485020,202.097286,31.125725,49.448845
143.443557,204.190231,31.159258,49.527817
138.674293,206.981674,30.136492,47.819199
139.105769,207.633099,30.592936,48.620796
143.641435,210.422186,30.065733,48.019459
144.873195,212.389120,29.231928,48.428226
148.370653,214.262732,27.914074,48.466923
152.898858,215.539587,27.870314,48.173679
159.141778,214.701284,26.151731,47.122135
165.222108,214.972759,27.166883,47.328804
169.391434,214.543524,26.834381,46.974354
173.953601,215.689903,24.924936,47.556870
178.313503,219.965851,25.972816,43.893204
185.449494,223.405804,25.999464,35.981956
191.860426,223.403933,24.386387,41.776287
191.080383,223.667307,22.815460,43.539333
187.018548,226.541529,21.653990,41.137203
186.948375,230.971252,22.171747,36.014023
190.875978,232.520514,20.448833,25.667345
188.661941,237.539326,18.967699,24.453690
187.873466,238.921988,20.085917,40.034161
188.083502,239.935987,19.705181,42.725933
185.320292,248.522696,18.187656,37.851727
179.149713,251.414561,19.686514,31.234575
164.249353,231.357185,16.993725,40.841324
150.861079,220.337494,15.001048,43.530655
139.148233,211.099916,17.681370,44.972988
128.423769,207.184393,16.335773,46.247776
107.918762,207.177275,17.596283,45.869373
95.753798,206.621986,16.454859,44.544678
89.102900,201.690779,16.119892,46.260983
84.727293,199.239265,16.263622,44.441887
83.632886,199.277798,15.668074,44.327759
87.820529,202.157949,15.831515,45.098110
95.077255,205.538807,15.742654,43.230530
104.579901,208.156927,15.399302,44.841625
112.163022,211.298395,16.024855,44.041630
114.807289,215.318323,15.553459,44.321659
112.073970,220.674545,16.431055,44.076561
108.032265,226.049597,16.969627,43.407528
102.068302,231.031767,17.207520,43.726421
97.578481,235.689577,18.990385,44.063175
103.122036,236.901062,18.616898,43.112938
112.832928,232.476974,20.163376,42.839897
128.832001,224.620760,19.734047,42.974842
144.269697,223.608242,20.210842,42.569931
160.002819,226.205587,20.279114,42.152187
174.184161,229.566471,21.201601,41.893097
183.519466,234.128714,21.940750,41.237057
172.835043,240.794678,22.510326,41.278877
155.039193,247.673365,24.198858,40.373707
148.139432,255.233961,23.672056,40.625835
144.917895,261.114492,24.724916,40.080746
139.995119,265.903200,25.216969,40.095600
140.703618,264.554594,25.917143,39.443188
143.948526,261.167421,26.260700,40.039524
148.224279,254.985577,26.966198,38.914932
155.673308,238.750046,26.960840,39.157555
156.602086,227.254719,27.469755,38.585312
151.699030,222.125549,28.226856,37.853325
149.663532,219.291771,28.525345,37.631065
150.994100,218.553524,29.010313,37.530411
153.173270,219.915777,29.529047,37.345669
155.868732,222.177816,29.849243,37.231258
159.648780,225.583815,30.022928,36.941555
166.110529,229.085840,29.943974,37.101948
170.732999,234.048691,30.220427,37.183769
171.082932,239.108290,30.666204,36.461330
168.486546,244.954237,30.623734,36.515102
162.970956,250.133759,31.301245,35.837257
162.685909,255.281397,31.816452,35.210911
165.445827,252.205185,31.902802,35.147148
168.354822,242.832407,31.923954,35.498600
168.043827,233.644190,32.203323,35.237202
166.149099,225.416546,32.510662,35.210312
168.325779,211.978060,32.344879,34.940907
176.455976,196.979639,32.046764,35.281498
185.733700,185.568777,32.718521,35.190990
194.757038,181.172884,33.119690,34.777500
193.472982,178.668875,32.497082,34.446758
189.326517,177.884501,33.084049,35.255329
187.894915,178.478998,32.721226,35.273670
182.470146,188.521156,33.145531,34.327003
177.976156,203.997999,32.987530,34.297100
177.693577,217.201345,32.067032,34.413280
177.791458,228.621996,32.402565,33.984715
177.381985,234.795538,32.611450,34.558498
175.046784,239.854370,31.988531,34.090691
174.603550,241.855446,32.407257,35.203453
175.050146,243.362490,31.783855,34.273624
172.369081,238.335125,32.156528,33.620316
170.891499,232.810131,32.025635,34.137375
168.237192,228.461462,31.720524,34.138210
164.055470,223.289360,32.959991,32.815071
167.031340,216.630756,31.822704,33.355499
170.329006,211.096636,32.389816,34.482487
166.101770,207.791700,31.879490,32.852581
159.491136,204.520597,31.248556,33.462612
159.879143,201.999691,31.117805,32.647858
160.274364,198.990816,31.413956,32.446156
151.526287,195.164890,32.149796,32.112717
132.560934,194.232723,32.235775,32.574783
120.603352,194.565218,32.015411,32.211109
119.209290,192.030548,32.572945,32.261253
118.936695,188.996168,32.207993,32.166134
118.340162,185.776228,31.821178,32.291851
119.540812,186.184971,31.361591,31.198441
127.557886,183.631748,30.699070,29.024063
145.064003,179.686574,30.544548,29.585035
159.493484,183.603095,31.626427,29.402689
166.954904,189.341461,30.810003,26.432915
172.191710,193.767816,31.994167,27.255346
176.299412,194.634740,31.529846,27.302748
178.284207,199.340402,31.419157,24.385717
180.847908,203.961725,32.997581,25.676838
181.214966,204.386582,33.517189,26.160894
184.001900,201.474826,33.107155,26.848848
185.553368,198.733335,34.722054,25.478346
189.022785,195.486317,35.591782,26.780960
192.163900,193.113882,35.626995,26.267834
194.582685,187.313512,35.778881,26.027128
195.668240,182.115433,35.426559,24.834724
186.688519,177.105702,36.675507,26.101576
170.394093,175.177651,37.160835,25.645819
151.516754,175.019323,37.445572,24.920574
133.752373,172.319332,37.813179,26.218048
125.706369,169.591343,38.963367,25.841232
117.872168,172.477562,39.166164,26.609489
108.022814,177.715809,39.634418,27.417374
102.991865,176.264204,40.261059,27.644741
99.326023,176.105365,40.926056,28.801867
98.276012,195.411990,41.363083,27.035585
98.467875,220.397625,40.343708,27.277283
96.826916,242.572862,40.982437,28.706915
104.467051,248.446842,40.352634,29.536499
106.453571,250.945698,41.367966,30.024918
105.974182,249.923246,42.137230,30.339687
105.275764,243.792482,42.904991,30.657780
108.893934,235.652695,42.112942,31.918129
116.306143,226.627528,42.824581,31.481462
120.162159,219.002975,42.634674,31.457071
122.453857,220.951603,43.213448,31.991913
121.597580,231.265521,43.520775,31.530092
120.927139,232.446981,43.593315,32.696728
118.378349,229.340143,43.752769,32.738621
114.588026,227.227211,44.776058,33.427010
111.278919,224.296257,44.158783,33.913826
107.241182,217.618153,45.698124,35.210449
103.732460,208.829142,45.404106,36.361835
101.712620,202.220819,45.893860,36.623325
99.394009,198.672504,45.287170,37.971939
96.329346,193.098898,46.547737,38.366299
93.087301,187.393860,47.058483,39.473076
99.085917,183.112125,48.301090,39.660324
105.909000,182.325352,48.415771,40.642899
109.884394,182.961077,47.552341,41.117222
110.216825,183.776880,48.313427,41.603367
111.999357,185.955622,48.477688,42.914310
121.864178,187.688282,50.058701,43.288452
135.344507,192.381111,49.627796,43.478340
143.562931,197.869234,50.316345,44.502995
146.089979,201.505835,50.838284,45.276531
145.301163,202.943050,51.805122,45.848572
143.962358,202.440107,52.704227,46.470684
141.911049,198.176847,52.730370,47.454891
139.217020,192.411564,53.041309,47.360687
137.189936,183.979628,53.413456,48.845379
130.556389,177.406071,53.973427,49.692429
120.564072,168.558241,54.240669,50.555218
111.002150,162.035599,54.298977,51.021767
104.381548,155.353432,55.067188,51.276085
98.596540,150.684738,55.761242,51.690102
94.630293,149.376099,54.990368,53.343025
90.672031,156.131866,55.523865,52.651649
110.452072,159.480675,55.791573,53.881310
127.078154,163.112326,55.081982,54.737331
135.461962,173.773487,55.206669,53.721161
140.138018,178.854364,55.564457,54.521107
143.358713,180.741968,55.477039,55.210041
143.604149,182.198071,56.415611,55.177567
142.751631,181.004826,56.905895,56.149567
139.321507,178.152025,57.417206,55.432194
136.217966,175.623600,57.528156,55.492310
136.373646,169.364069,57.306610,54.070881
135.317636,163.158295,57.254902,54.712959
135.915201,157.763306,57.159657,53.721626
137.532150,153.016897,56.893349,54.165524
140.791161,149.051405,56.552757,54.253399
143.228846,145.107819,55.932056,53.221718
144.126766,141.724068,56.291031,53.138969
144.232061,138.044147,57.181332,52.957306
143.112589,128.534504,55.926807,51.981964
141.318735,120.710100,56.270313,51.817768
140.499220,115.576265,57.014416,51.983662
137.387793,113.286203,56.741604,51.135899
135.587095,110.879686,56.219402,50.918201
134.249310,110.102205,55.794937,49.287312
144.733273,110.083263,56.512222,49.582764
153.594526,111.587824,55.097088,48.391422
158.066841,111.963913,53.942039,48.664726
162.393755,114.205206,55.613743,48.453167
167.591782,116.475834,54.221260,48.353470
168.599960,119.670364,55.090431,46.977562
166.151525,123.262104,54.927792,46.292465
162.403254,128.616751,54.352360,45.848461
159.412380,133.640902,54.037689,44.614399
159.117287,137.953573,54.494179,45.015179
159.614569,143.622829,53.603909,43.579865
161.117191,148.023781,53.341949,43.722527
162.112522,153.132296,53.432373,42.702274
168.007561,159.580732,52.756416,41.913647
176.856047,165.142733,52.856747,41.655308
191.622890,174.625891,53.333282,40.407513
204.039757,178.522911,52.168129,40.938286
210.032736,183.315731,52.027569,40.936157
211.771900,190.501257,51.951630,40.621929
214.323400,195.820183,51.978756,40.213036
217.439381,196.670986,50.610474,41.080597
220.199272,198.361572,50.325066,41.023338
223.412882,202.592327,48.527348,41.201324
223.361485,205.489191,48.083160,40.283970
221.070799,199.124714,49.128765,39.588287
220.201462,190.308117,48.475761,40.265869
217.485033,180.951998,49.702778,40.943226
218.537796,177.686272,48.708061,40.568825
218.662531,173.125914,47.832188,40.316830
216.579668,166.139320,46.984913,40.015160
215.694998,162.401663,46.173367,39.738232
214.364138,164.586199,45.920399,40.030994
212.870411,170.934158,45.719025,41.252861
215.659105,178.245794,42.461674,41.772045
216.167664,189.212143,42.157448,41.152626
214.011156,199.041578,41.467793,41.102047
215.850304,208.619408,40.703880,42.938057
222.582264,216.051548,40.206650,42.986954
225.614916,213.149355,40.720387,42.468388
230.310652,202.614256,38.551540,44.489239
231.473219,190.956575,38.162945,43.393513
233.656990,179.328625,38.125755,46.526550
237.528683,176.598740,36.721115,47.434914
239.185646,175.621641,35.448021,48.402966
238.972719,179.367992,34.085438,47.751724
238.959579,188.197752,33.246590,47.064526
235.935482,194.909496,33.921082,45.667816
233.679855,201.062168,32.169868,51.469360
230.723643,203.506489,30.989763,49.526978
228.626863,207.562231,28.366674,49.012249
225.880929,211.028017,29.387960,52.716602
225.114793,215.328533,28.530951,52.949478
223.124719,218.827282,25.752813,52.864944
224.290005,220.642744,25.636856,50.792599
227.589811,219.512247,26.156170,51.611774
231.881041,219.643730,24.206356,52.670647
237.027919,219.591002,25.210283,51.919399
242.103683,215.272917,25.733788,54.362850
246.372374,214.625582,24.562420,53.191227
248.563751,212.357189,23.650856,52.522614
250.847860,211.376413,22.876919,53.107059
255.656131,209.504391,23.403673,54.247818
256.820588,211.090065,22.723089,52.619316
253.586001,215.257446,24.742525,55.623268
251.197905,221.723730,24.847652,50.165478
248.369979,224.082554,23.996347,50.363739
245.340026,224.442350,25.406504,50.372692
240.582639,225.263903,27.709044,51.675312
237.734854,227.524193,26.852139,49.623375
228.932559,224.418331,29.914614,47.965546
222.156940,221.490303,31.143387,47.661919
213.623114,216.009232,34.083111,48.040291
207.703625,212.487749,35.078064,46.969257
201.927633,210.268860,36.586193,45.759270
197.578228,207.431911,37.576370,43.596420
191.762156,206.847982,39.545277,41.653439
185.374596,207.729864,40.611107,40.414639
177.693480,206.636684,43.963558,39.577271
175.780321,203.305620,42.783298,39.038929
178.300352,201.872597,44.411053,38.637840
185.218361,202.167538,45.261024,37.620056
188.402153,206.084780,44.695900,35.196827
187.896921,208.449944,46.228092,35.801979
190.638950,211.472178,47.143967,35.633198
193.484097,212.868376,48.702133,34.415142
197.224062,213.492558,49.918095,33.712646
202.013178,213.995102,48.389454,33.920860
204.764309,214.186071,49.445496,32.627834
207.646231,214.705673,48.443295,31.532310
207.728851,214.741986,49.643959,31.219603
209.762302,212.139359,50.700577,31.530539
210.107195,212.622680,50.145954,31.091059
208.839706,213.870998,49.138451,29.864258
205.727682,213.791211,49.290569,28.900709
201.289158,211.918591,49.981522,30.232468
197.085381,214.974498,50.235863,26.956606
193.610394,214.698220,49.228012,27.428839
189.152882,212.099970,50.006210,27.787586
183.969141,206.305806,50.231983,30.104704
180.298277,200.211738,49.620647,27.176706
184.547951,194.868485,49.938423,28.042181
187.699030,195.642198,49.235798,25.985601
186.895578,194.276855,49.001575,27.493830
185.509876,195.010563,48.690231,25.522263
188.999529,193.778868,48.590794,24.303753
194.587828,191.828671,48.185543,23.438688
195.368616,190.395051,48.941532,23.887228
194.647491,189.414165,47.768272,22.802767
192.418653,187.834537,47.870846,24.261019
192.092001,186.002689,47.099209,25.841583
193.768270,190.057455,47.164135,23.720211
194.169271,202.212029,47.017117,26.295280
192.893623,211.356509,46.854439,25.177614
192.698658,215.312049,46.270309,23.761225
191.739876,218.412882,45.306770,25.941517
191.824312,224.150738,47.398655,22.106277
195.826185,226.187051,45.651836,21.226431
197.691118,216.353266,43.817554,23.757679
196.462528,204.603422,44.059708,24.341320
196.065725,193.661139,44.574429,25.902903
194.273170,189.216302,45.023308,23.024160
194.781446,183.887399,45.230404,24.084875
195.092474,178.138984,44.813976,26.575876
193.755615,179.902620,44.037193,23.923298
191.314383,191.746553,41.963711,22.750172
185.834358,198.979700,42.960197,22.585835
183.117104,200.044427,41.691505,23.367880
179.150883,201.085824,42.482544,22.960760
175.727537,199.842680,41.722836,23.605526
166.334229,199.919123,41.594093,22.173130
159.800699,191.093674,41.397266,21.996071
154.545824,171.450808,41.213337,21.074764
151.838093,155.890350,40.447952,23.307411
148.342508,151.227561,42.470905,22.101175
144.739450,147.011794,41.231037,23.169962
142.681303,144.102885,40.249187,22.653566
144.994801,150.562191,40.447220,21.740082
151.258701,173.857871,39.591888,21.371469
159.621452,191.227908,39.971672,22.424944
167.861208,211.392585,40.245121,21.318598
172.855251,233.964478,38.838760,21.812750
174.496487,248.776160,39.161346,21.921640
182.481192,255.434557,39.530483,20.680973
191.601324,258.431007,40.178951,21.798500
196.741249,262.037596,39.706932,21.457867
198.807196,263.014903,40.043728,21.408510
194.392075,264.427457,40.315895,21.063658
188.546074,267.669195,38.698784,20.536755
186.121346,273.720077,38.880028,21.664255
190.290062,279.546702,38.160896,21.628466
192.150423,287.643688,38.537846,21.111160
191.420097,290.321656,38.794823,20.900076
192.037613,294.542855,38.312798,20.570623
196.100765,296.365523,38.758270,20.481958
199.575979,297.681576,39.026165,20.696152
200.143631,297.941159,38.825783,20.874800
200.237917,300.070775,38.661808,19.752821
199.991848,296.898904,37.835815,21.606710
198.993687,294.730712,37.655792,20.079203
196.385603,290.869175,37.192623,20.780746
192.888941,289.633075,38.175465,19.600756
188.159843,287.026629,36.707382,18.580950
183.334833,283.734857,37.449680,19.338697
175.674885,281.125987,38.145157,20.349268
169.756340,279.722306,37.308128,19.531324
166.888592,276.916438,35.233620,18.614664
161.750565,272.289703,37.349625,18.779930
160.450832,268.897662,35.670937,18.067743
159.346329,265.509669,33.229111,18.835421
156.618559,262.057286,35.421223,18.630392
155.199898,258.475482,35.674667,19.424334
155.219772,256.125118,35.919083,18.987343
155.769407,255.013844,35.454990,17.614258
163.245741,253.289719,35.510273,18.102196
167.832611,250.036745,35.385544,18.976643
172.671179,247.791908,34.665363,18.197556
177.211300,246.406536,34.867775,18.157578
182.356058,244.941202,34.113537,17.553272
188.091360,242.905936,34.686298,17.901232
191.465641,241.372311,33.364128,17.924339
192.221066,239.999935,34.666183,17.956886
193.050402,241.595214,35.026585,16.861193
193.112366,244.676737,34.771812,17.920757
193.167280,249.747966,35.263943,17.877726
192.924307,254.188505,34.276760,15.937931
191.038780,255.407474,32.569527,16.286753
186.918301,255.864215,34.476219,16.118113
185.443138,256.026109,34.178940,16.367819
183.924606,255.053627,32.834396,16.011032
182.538729,253.569761,32.698490,16.594944
179.667366,250.425766,33.553467,18.319748
177.284781,248.185394,33.009426,17.573906
176.025169,247.893364,32.756470,16.356628
175.852163,245.010768,31.717556,17.203539
174.491983,242.911994,31.671406,15.532305
172.466148,240.123236,32.842728,16.244534
177.666928,238.467004,31.413603,15.913083
184.028042,235.336581,31.873520,15.694407
185.950624,234.111623,31.536177,15.679280
187.463133,235.422933,32.492504,16.012411
190.215797,235.685870,32.017845,16.983629
192.246764,234.941311,31.993776,16.960258
197.219439,234.418897,33.108807,16.247915
202.751963,233.259152,32.056698,16.536963
206.877701,232.664395,31.382423,17.531759
207.708668,236.204431,32.203117,17.349501
210.511052,239.893996,31.465528,16.648706
210.457991,243.233021,32.526775,17.101227
211.817872,247.706904,31.864187,16.711359
212.389715,250.504612,32.076885,17.698639
213.156487,253.557125,31.446907,17.289505
213.104309,255.134058,31.507523,16.086391
213.427416,255.737040,31.226223,16.447315
213.491036,256.304404,31.492392,17.868845
213.501510,256.191511,31.687204,16.936993
213.570304,255.138039,31.737947,17.154114
214.022686,254.388968,31.345726,17.262835
213.331059,252.850915,30.953764,16.955343
211.560669,251.335113,30.644829,17.890314
208.872406,251.494133,31.739288,17.879166
208.098985,250.879965,31.355719,18.507969
207.548491,250.139759,31.416338,18.335945
206.387250,250.837260,31.102163,18.266359
206.706127,251.030182,30.936638,18.137253
206.318790,251.275012,31.472397,18.202822
208.143967,251.887873,31.024117,18.468815
207.863613,252.453935,31.784203,18.172216
209.676507,253.311601,31.288160,17.847448
209.928382,254.493081,30.620234,17.003225
209.581806,256.458676,30.923508,17.256430
209.952177,257.705024,30.982700,17.146448
208.415816,258.671455,30.696375,17.867943
203.968775,259.351119,30.917957,17.227167
202.520074,260.226533,30.282125,17.341269
200.412769,261.700971,30.233925,17.312445
198.194142,262.945773,31.127707,16.899607
197.162407,264.485805,30.894417,17.661760
195.827562,266.683192,29.834850,17.229319
193.998226,269.913432,29.978706,17.182314
193.744084,271.191418,30.359404,16.766151
193.875057,273.212096,30.094704,17.186296
193.328478,274.233098,30.279476,17.561628
193.767615,276.483037,30.134745,17.211828
193.727957,277.971909,29.495296,17.185188
194.894583,277.996772,29.445141,17.261553
195.870316,276.530812,28.983124,17.244864
198.835052,274.985031,28.926872,17.273773
200.828736,273.059067,29.238401,17.410301
202.187412,273.219254,29.602875,16.512360
204.978084,271.907296,29.117556,16.465773
205.893001,271.653118,29.081575,16.092285
207.689711,271.018057,28.796780,16.057522
208.264253,270.149988,29.168531,16.382511
209.415219,269.304993,28.152685,16.974831
210.455111,268.096265,29.066738,17.588415
209.245527,268.403861,29.269718,17.271959
208.427293,267.581303,28.492613,17.575012
205.155801,268.113932,28.594839,18.012630
203.864487,267.499193,28.854683,18.328037
201.136611,267.745292,29.558413,18.847910
201.030137,268.191685,28.665220,18.904305
198.708898,269.576888,29.018454,19.042246
197.921449,271.242589,28.522444,19.444487
196.670505,272.637625,28.615877,19.873234
196.106781,274.451738,28.457764,19.935223
195.973064,277.635113,28.717072,20.022041
195.942602,279.787639,28.597744,19.388391
195.911371,282.516273,28.456013,20.082977
196.129919,279.508812,28.351322,20.121048
199.956327,277.361379,29.365772,18.906820
202.471000,276.725682,28.859377,18.562803
205.115440,273.598992,28.682793,19.356489
208.238444,267.398922,28.694567,18.246506
209.400978,262.575731,29.401443,17.853680
211.579107,261.132771,28.352077,17.891251
212.859977,260.133567,27.906763,17.932482
211.380177,260.691715,28.447302,17.626465
211.145597,260.243012,27.853857,17.622282
210.993942,260.436890,27.835518,17.579216
208.056960,261.272001,27.743753,17.252460
205.677330,262.855925,27.736061,16.812229
203.628496,263.958930,28.369228,17.067102
203.906156,265.204914,27.828482,16.692421
203.003413,265.856716,27.915407,16.580307
202.615077,267.209589,27.493464,16.818813
201.816772,267.847150,27.529305,16.088652
199.989842,267.960677,27.257574,17.144869
198.839940,268.325510,27.895994,16.757298
198.312013,268.817113,27.235945,16.818083
196.974235,268.847284,27.139597,16.685604
196.752732,268.039129,26.949606,16.957432
195.856348,268.630631,26.587505,16.483786
195.717541,268.912112,26.563164,16.370592
195.867409,267.227246,26.541107,16.860617
194.744534,265.553391,26.982565,17.208031
194.594897,264.436430,26.759378,17.106960
195.099289,263.716708,26.653084,16.902979
195.033726,260.498530,26.554062,17.291735
195.575048,255.926358,26.365345,16.798155
195.479512,252.700442,26.263548,17.143167
201.042981,248.321054,26.183035,17.891249
206.444373,246.062884,25.814676,17.211344
212.343526,243.575548,25.783575,17.763760
215.778444,242.246343,25.152859,17.977133
218.040325,240.471501,26.510315,17.928274
220.907214,240.889537,26.252695,17.773859
222.008909,242.686810,25.734234,17.981215
223.296811,248.025196,25.476065,17.684578
221.056745,255.285222,26.481115,17.022108
218.279432,260.673914,26.461712,17.526447
215.547425,264.511485,26.105024,18.400927
214.248574,268.154274,25.646566,17.500046
213.305178,271.336365,26.010349,16.899696
212.137957,273.812539,25.873386,16.838179
211.547425,275.434476,25.707830,16.990026
210.713524,277.094294,25.838089,16.741154
210.017741,277.339628,26.156092,16.499874
210.446306,270.904525,25.222401,15.568444
210.374420,265.631740,25.233253,15.014086
209.476969,262.380667,25.514393,15.599246
209.657332,258.464156,25.370607,14.085924
209.238067,249.198589,24.993563,16.115532
209.329514,245.266444,25.974098,15.305735
211.014021,242.046201,25.142910,14.257055
211.869586,239.379676,24.452188,13.651163
212.962601,238.462630,24.324104,13.604494
212.754210,236.073782,24.293850,14.157459
214.279010,238.557121,23.986162,13.148079
214.389376,240.398799,23.198818,13.975999
214.895599,243.898096,22.948151,12.321729
213.154020,245.006251,23.471798,13.448497
213.471958,246.010200,22.466034,13.640947
212.322331,245.770834,22.663565,13.343318
212.009875,245.148915,22.197023,13.181326
212.156276,243.499616,22.622385,12.786077
215.697635,242.377892,21.684557,12.225462
216.003249,240.184551,21.008432,13.066224
217.683845,237.552366,20.795626,12.227345
218.296077,233.567968,21.121691,12.549412
219.155128,231.153601,20.126863,11.880000
221.065743,228.370876,19.316397,12.026749
220.761610,227.468057,19.101139,12.596327
222.841977,228.221956,16.639708,11.666256
223.132355,230.151926,15.649085,11.561871
222.632822,231.161730,15.668172,11.917583
221.140066,231.057593,15.748318,11.689502
220.715199,231.332877,15.352196,11.860385
219.558852,230.749823,16.097582,12.524310
218.771799,228.472735,16.096203,11.087962
221.338959,225.731359,15.920998,12.658710
223.513869,223.352402,16.060678,12.933456
224.471820,220.725006,16.219889,12.454666
224.888408,216.883999,16.812006,13.043877
226.094581,213.306571,16.824045,12.468318
225.711535,209.148254,18.098146,13.699783
226.570050,207.572348,17.680662,12.651385
225.668629,203.502285,16.972588,13.249681
224.586730,202.108969,17.304743,13.907901
224.177006,203.997767,17.020546,13.862491
223.217789,206.150435,16.733498,13.731921
220.604625,207.185545,17.458574,13.719317
219.435107,207.202394,17.629053,15.003973
217.376549,204.973655,18.296593,16.065371
215.156160,203.319209,18.051563,15.309092
215.718070,200.572528,17.762537,16.102587
218.095854,198.371871,17.171154,16.359278
220.985483,195.291924,17.670666,17.266752
223.408325,191.967484,17.013138,16.703924
224.846619,191.187404,18.004875,15.779413
225.732749,189.019638,18.244211,17.793777
229.277956,187.997732,18.695415,18.497303
231.191757,187.104740,17.981583,18.547752
231.659834,188.979561,18.376637,17.894165
231.880187,190.431475,18.369165,17.776470
230.346828,191.106304,18.059723,17.099213
230.294629,192.367023,18.665052,18.293055
228.910785,196.240788,18.612879,18.281500
226.429012,197.672546,18.923386,18.212822
225.222844,199.690681,18.476515,17.964378
223.476166,200.097630,17.521370,18.097717
220.230292,203.157818,19.084108,18.400749
217.309491,206.225335,18.703848,18.233084
214.881805,208.227151,18.154793,19.088728
211.835702,210.939143,18.697981,19.017817
208.844462,212.664486,18.447824,18.656288
205.872411,213.804045,18.087561,18.636150
203.056729,213.654569,19.199759,18.683485
200.833241,213.735904,19.090820,18.491877
199.804015,212.616057,18.863527,19.390490
201.990132,213.062499,18.930952,19.158976
206.243601,211.835285,18.972317,19.076012
207.522180,211.491333,18.612577,18.991600
208.865645,210.824541,18.644152,18.768795
209.219806,209.471825,19.218248,18.584999
211.607193,208.635015,19.255188,18.770437
213.961822,207.605646,19.141443,18.139309
216.456155,205.727298,19.171698,18.021173
218.026571,205.147967,18.891071,18.204584
218.499287,204.946064,19.233162,18.134338
218.775764,208.035293,19.489029,18.069201
217.766682,210.064739,19.809593,18.718391
218.485712,212.548505,19.543354,18.677832
218.466922,215.544907,19.790392,18.179810
217.842266,217.833185,19.759460,18.107929
217.140157,219.491194,20.154768,18.182438
216.553547,220.807667,19.622353,17.703552
215.727079,222.318380,19.718357,17.722164
214.293652,224.537888,19.598846,18.449600
213.612784,226.802591,20.028749,18.213459
212.292452,228.969932,20.152348,18.091677
212.162110,230.900458,20.320745,17.943163
213.670751,231.301705,19.990728,18.259459
217.055015,232.679103,20.234262,18.199343
221.796000,232.174524,20.230640,18.412998
225.627073,232.188958,20.512142,18.231993
228.683276,231.507296,20.137201,18.170422
231.092947,230.484797,20.141338,18.384623
232.597623,230.168167,20.360312,18.325768
235.639165,228.844316,20.124136,18.252613
235.868738,227.501617,20.129238,18.394310
239.693112,226.920479,18.989378,18.027397
239.430783,226.048339,20.212301,18.405436
241.143011,224.241210,20.627232,18.294405
242.805795,224.642817,20.235106,17.955982
243.124578,222.868195,20.194334,17.483498
243.385341,222.984179,20.993143,18.459408
244.292572,223.590629,20.639061,18.695879
244.526505,225.410763,21.059294,18.894905
244.799631,226.792246,20.795010,18.750729
245.283419,228.142749,20.500141,19.301638
246.523380,229.835464,20.123718,18.998301
247.775347,231.418200,20.032536,19.143177
251.535589,232.110458,20.481243,19.119690
256.414849,232.774873,20.316168,19.462828
259.674714,232.552336,20.831892,19.685184
263.958150,233.778063,20.629171,19.863705
267.385527,233.577957,20.680767,20.508163
270.751721,233.610884,19.793219,21.117977
272.593599,233.190861,20.512104,20.473701
275.401835,233.475124,20.141710,20.809013
274.210534,232.572288,20.364576,22.310984
272.136575,232.215870,19.426298,20.496750
270.807590,231.619788,19.275925,20.232752
264.919088,229.353436,20.895588,21.139954
256.877608,227.055395,19.646013,20.993557
247.201381,225.125375,20.134844,21.488653
240.734966,225.081716,20.719238,21.332434
233.621743,224.412674,20.663115,22.189011
224.520485,224.699158,20.422318,22.367798
217.506529,226.786273,20.929295,21.939760
214.081464,226.149754,19.695349,22.106323
210.888100,226.657966,20.379936,21.642847
208.428500,227.137008,20.608721,21.805719
206.851494,225.147409,19.591484,23.625851
203.352087,224.835104,20.352108,23.540546
199.174492,223.951210,20.431671,23.475456
197.675432,223.989768,21.360195,23.201761
196.854780,223.424784,20.598064,23.557384
195.247547,223.242526,20.674721,23.558916
193.428291,224.027795,20.944214,23.180014
189.909682,226.278991,19.526232,23.806437
183.650755,230.249745,21.195004,24.318815
181.044291,233.195684,19.613703,23.462643
177.836317,235.268901,20.661510,24.576578
175.234582,236.971501,19.436659,24.957289
171.677414,239.296401,20.889923,24.693483
170.233555,239.640931,21.711998,26.065596
169.952854,240.027554,21.228050,27.500511
171.674973,240.254608,20.363594,28.216621
173.382910,240.012154,18.822834,26.362068
175.419562,239.923284,19.193155,26.175795
177.034564,238.995098,20.775858,27.086594
180.772087,239.519933,19.628853,26.491644
183.681143,238.008884,20.609516,26.544159
188.659550,234.996487,19.513016,28.234230
192.018738,232.490784,21.405106,29.581039
192.462111,231.696313,20.716526,25.905020
191.701778,228.434361,21.293465,27.519394
193.913276,226.392568,20.269464,30.125143
192.406930,224.669867,22.018805,31.539249
190.389373,224.101724,20.677607,31.424482
188.448761,223.307545,19.778702,32.249069
191.302902,223.326094,19.678619,31.452023
192.039921,222.792646,19.919518,30.857426
188.758229,223.620950,19.614431,29.977980
185.178719,222.929646,21.025627,30.100088
189.862720,221.441765,19.722383,31.628952
194.513832,220.625429,21.812874,31.783047
201.082259,220.202976,22.183863,32.227791
207.820894,223.489160,21.310093,31.492674
209.247047,227.641626,21.673409,33.081768
208.949152,233.127459,21.756107,31.567059
210.935549,236.674711,22.576466,32.640217
215.186442,239.229498,23.251192,31.739933
219.714128,239.951042,23.036093,32.225220
223.537455,240.084330,23.065235,32.909237
226.789607,241.191839,23.600389,33.180546
227.764456,241.286953,24.089184,33.854393
225.598831,241.319086,25.530251,33.687786
223.843552,240.422091,25.580208,33.585781
224.708344,239.378426,25.487951,33.291901
225.107744,238.186127,26.112965,33.512436
223.587768,235.880894,26.424417,34.235069
222.162657,234.019760,26.711391,34.740021
224.386610,231.516542,27.129391,34.394756
227.523246,229.759054,27.496439,34.608036
228.625943,227.314013,27.907072,34.948147
229.227445,226.898026,28.071943,34.632370
231.637174,225.469589,28.971342,35.416016
234.535311,224.251579,29.097294,35.011429
237.343775,224.103895,29.229298,35.137791
239.066322,225.453466,29.659966,35.843266
242.214622,227.141020,30.093269,35.564533
247.485969,227.148668,30.541941,35.797314
249.954741,228.029095,30.550167,35.672523
253.038571,227.356529,30.813887,36.018631
256.563615,227.318401,31.190924,35.889748
262.159841,226.992990,31.431883,36.482571
263.750867,226.074625,31.533003,36.798183
263.701674,224.878660,31.718287,36.867908
264.710663,223.637190,32.162987,36.858936
268.488001,222.501413,32.695591,36.229321
270.926146,220.657389,32.213116,36.246960
268.845505,218.144989,33.049751,37.029968
270.020035,216.381752,32.616249,37.016571
273.255314,214.922895,32.751877,36.528370
275.228403,213.048260,33.249454,36.866707
274.197601,211.914310,33.075981,36.854439
273.774021,209.504532,32.713074,37.116287
271.112906,207.548672,32.231274,37.072884
265.675718,206.652847,34.079052,36.846405
261.263731,205.479971,33.725338,36.603703
258.738049,202.918095,33.382523,36.872261
257.185854,201.603931,33.473392,36.535378
253.534182,199.477119,33.304874,36.033051
245.278191,196.761549,33.489647,35.485462
234.808668,192.862148,34.059872,35.953865
227.893225,190.516867,34.300457,34.947605
223.766447,185.733856,32.729168,35.288559
221.233902,182.176157,33.174171,34.896267
216.949875,181.048702,33.388527,35.005470
210.693192,184.154045,34.087425,35.192642
211.690456,185.507364,33.504578,35.354733
216.412941,185.433704,32.990089,35.176964
224.104992,184.077770,33.686249,35.236595
233.662766,183.875706,33.505165,34.760063
241.514311,184.122465,34.112453,34.795322
249.929804,186.018953,33.301014,34.276928
257.365040,189.828089,33.318207,32.875484
263.407648,195.179171,33.070621,33.097500
265.060892,198.292107,32.761387,32.869217
264.949902,199.416302,32.513565,33.064644
264.770269,199.575083,32.987621,32.420361
264.408176,199.457020,32.631622,32.467979
262.125901,199.538233,31.670126,32.137875
257.925482,198.401861,31.132275,31.644535
251.339153,197.215367,31.396255,31.598440
241.105681,195.597848,31.065958,30.669157
230.006495,193.210479,30.583485,30.810549
220.291439,190.686584,30.663742,30.105547
210.973410,187.312842,30.668285,30.548647
202.931458,184.333203,31.041145,30.186071
197.724009,181.819948,29.795612,29.937313
193.218929,179.669260,29.182632,29.275097
190.697259,183.733562,29.110266,29.935434
188.678315,188.214680,28.418890,29.941307
190.468227,197.449730,28.848816,29.057739
199.746017,205.327957,28.346947,28.308762
207.939786,208.045903,28.685896,29.500158
215.016509,208.364882,28.222803,28.922657
216.083317,208.621516,28.510269,29.339212
219.459985,207.934054,27.117758,28.845179
223.440240,207.903988,26.648397,26.585823
224.321840,204.191975,27.521198,27.346199
225.402222,200.986345,27.836906,27.522549
226.170198,198.687597,27.628788,26.975498
226.375902,196.160960,27.500889,26.541574
224.403834,195.961699,28.014040,26.354343
223.938491,194.043976,25.393091,27.658798
219.957346,198.765314,27.543430,25.700054
218.930844,204.045457,26.672468,25.177687
220.951315,209.539344,26.213924,24.204195
222.692747,215.669274,25.735012,23.919996
223.711750,223.857922,25.182602,21.741432
225.055123,229.572121,26.609068,18.771706
231.474193,230.180513,25.157305,19.311459
234.954181,230.732838,26.180552,19.988571
239.029012,232.336461,25.135794,18.335844
240.001273,231.622878,25.033266,17.892786
241.611479,231.117801,24.496471,17.282228
242.814488,231.614944,24.782988,16.097649
243.096209,230.591853,24.137470,15.314287
242.226235,229.410470,24.094671,15.646742
241.051028,226.003064,24.201250,16.619490
238.088955,225.636365,24.371071,14.238454
235.358378,222.714257,24.019197,14.053802
231.449997,218.507549,24.723984,14.851899
228.456484,214.823086,25.383869,16.462273
225.861652,214.695380,22.695061,15.063303
223.320681,213.210519,24.315052,15.663443
221.634243,213.629660,23.764999,15.387798
221.651012,212.717290,25.584656,16.519110
220.560152,208.410254,27.429501,21.782946
218.785218,208.959762,28.054678,21.684381
221.230374,210.797136,27.424910,20.743237
229.075926,212.930746,27.224194,20.840748
233.042471,215.930541,28.613308,19.404390
236.328358,216.578053,29.921989,20.295624
240.269478,219.898618,29.581802,19.233641
243.907448,223.461921,28.651169,19.838182
243.988119,227.747557,28.702457,19.736942
244.172813,231.921764,28.758400,19.347939
242.655067,235.957079,28.692528,18.426479
240.925404,239.023386,29.935791,17.051922
240.480407,241.209168,30.449297,17.394163
238.677913,242.770269,28.902239,17.876835
236.987843,243.130515,28.162483,16.934053
232.419555,241.405383,30.834749,17.985765
231.329239,242.024253,28.320831,17.550615
228.847600,239.652946,28.393934,16.300676
225.673057,232.977649,30.175570,16.933207
228.408659,227.974977,27.870167,18.054495
232.786635,225.496054,28.602121,15.352412
233.430182,224.994374,29.163538,15.702505
234.332326,226.920659,28.962538,16.048285
240.656027,228.148137,28.715031,16.180662
246.187624,231.090851,28.654324,16.260445
246.855234,233.775780,28.950970,15.492064
247.981906,236.280496,30.474527,15.841642
249.150692,239.863322,30.466759,15.873569
252.912940,239.371017,30.177134,16.491655
252.077542,239.740452,30.157339,17.994553
251.221657,243.049000,29.860802,17.968010
249.162881,242.482143,31.464643,18.229797
246.838568,241.104734,31.391689,18.541943
244.193653,242.003954,31.697609,19.158360
242.809347,243.704681,32.070225,17.648247
241.105027,245.903001,31.401480,17.890455
239.790941,247.373555,30.922649,17.706106
238.377987,248.887949,29.575523,18.382397
237.766936,251.813691,29.823908,18.707914
240.631197,255.248472,30.735622,17.939251
246.413054,258.568867,29.895967,18.793472
247.702938,261.986924,30.055481,17.920416
248.107364,262.485931,29.967882,18.333565
246.933174,260.801155,29.980125,18.365395
245.648211,256.147167,29.522570,18.729774
244.445195,250.053286,29.584066,18.897625
243.203344,243.069004,28.849483,18.963608
241.572828,233.228615,29.837864,20.307579
240.620255,223.801046,29.742592,17.892452
241.310734,215.463110,29.842384,19.631367
240.694760,213.366882,29.796125,18.967865
239.944127,210.407087,29.615370,19.317585
238.731966,205.022668,28.076130,18.736418
236.085252,199.653512,28.270819,19.784262
232.614471,196.756375,29.485718,19.159117
230.367899,195.524881,28.455608,19.007290
226.266418,192.954358,28.639786,19.130194
221.836575,190.964325,27.277367,16.960739
218.346418,188.806453,28.388523,18.385820
215.405682,183.961813,25.899284,17.542141
211.895936,175.594809,27.833609,16.605572
219.937461,164.338614,27.995424,17.796961
232.718928,159.572417,27.717752,16.927492
241.342021,156.885285,27.581377,18.244978
251.286722,155.717410,27.288792,17.890413
263.847545,156.315167,26.395952,17.845343
270.853012,157.406389,25.155563,17.394375
276.107694,161.071572,25.872938,16.701010
280.232035,171.136961,26.896999,18.863293
283.566910,179.541897,26.873947,17.866241
287.257919,187.781684,24.784760,17.254160
288.304160,194.790070,26.466440,18.164948
289.899784,200.085145,26.219482,18.611128
292.681262,204.651378,25.580500,18.041559
294.832219,208.928349,25.743925,18.217527
295.418240,211.269907,24.864410,18.082226
295.676765,207.158867,24.800041,16.973274
288.425409,195.618391,24.239246,18.813107
281.786967,186.669863,25.354639,18.553013
276.062985,185.362021,25.173223,18.881670
266.770317,183.341981,24.551750,17.318838
256.611448,181.224829,26.951656,18.339199
248.246830,181.301136,26.340149,18.260658
242.220909,182.690125,27.412354,17.410202
238.144108,185.141342,25.472664,17.316177
233.536472,187.544561,25.913330,17.770824
229.984547,193.315062,26.522606,18.598347
224.764466,199.118648,28.456373,18.043016
221.488039,204.029257,26.712025,18.658672
216.922476,208.601699,27.747753,17.935900
213.083636,211.371921,26.989832,18.377733
209.460585,214.959001,29.589138,17.545835
208.418853,218.879857,27.903475,18.119658
208.366742,221.892381,28.402647,18.592840
215.811109,224.349051,27.242109,18.238695
218.801091,227.801579,28.380766,18.327612
220.738234,230.268519,28.452480,18.530024
224.431967,232.383083,27.639576,18.125374
229.385547,235.479414,27.257708,18.350994
232.202563,236.126660,28.897272,17.995268
232.427383,237.492543,29.465591,18.011152
232.709624,240.303620,28.976488,18.551046
232.273164,242.009007,28.710752,17.843550
232.661379,243.185956,29.627995,18.175428
237.331183,243.919947,28.243128,18.292507
239.991731,246.632876,27.560369,17.791162
242.344878,248.252008,28.372873,18.379726
248.455691,249.740049,28.373598,18.866322
255.443307,254.204359,27.641027,17.574497
259.607718,256.182220,28.275934,18.394228
263.530423,257.772380,28.193388,18.909861
264.678498,261.458555,28.265684,18.195705
267.920910,263.207657,28.943779,18.227722
272.150630,263.908519,28.673975,17.936518
273.696315,264.021343,29.757708,17.536873
274.456803,265.617799,29.192953,17.610121
273.544386,264.714909,29.136684,17.382133
271.455766,264.365185,28.668684,17.981102
267.028193,265.840687,28.592518,17.658768
260.321563,266.385256,28.044626,16.663433
246.801914,266.344644,27.530434,16.599874
230.037796,265.374749,27.427460,16.795927
220.371459,262.917730,27.961473,15.772831
214.470037,254.426274,27.374149,15.709532
210.209325,242.264868,28.655058,16.262043
208.454140,227.684159,28.733246,15.735685
209.454047,215.647051,29.930452,15.648174
208.973370,208.821260,29.388359,15.702427
209.781043,205.792215,28.929193,15.262845
211.265680,204.080978,28.772083,15.469223
209.920132,200.988544,28.618660,15.474749
209.318365,200.148177,28.670879,15.500087
207.851644,201.418374,27.850721,15.417936
207.323636,206.178819,27.205107,14.959494
207.965412,210.014119,26.993225,15.087058
209.299811,214.508666,26.832499,15.545122
211.473134,222.634567,27.746595,15.618478
211.110333,232.792410,27.040594,15.474186
208.993026,239.866014,28.367853,15.658208
208.864075,245.528167,27.326233,15.617868
211.024806,252.373243,27.425035,15.908406
211.938766,259.072728,26.716972,15.646444
211.498090,263.810930,26.665686,15.831539
215.542401,267.015460,26.176962,15.495905
223.731392,268.682296,26.060989,15.711596
234.008494,267.278466,25.972132,16.227560
247.962605,265.430529,24.960821,15.563449
254.870127,263.068782,25.198467,15.854547
259.961535,259.253205,25.544552,16.912138
259.907911,255.142437,25.603603,15.786363
259.770720,252.482841,25.189564,16.560753
256.582927,251.867536,25.258181,16.613195
251.821036,249.938254,24.392199,16.904604
247.663785,248.659911,24.208960,16.454805
242.100674,246.157628,24.444565,17.181585
239.839867,243.335289,24.200844,17.064323
241.526833,239.276065,23.679375,16.371370
242.311946,236.721906,24.542986,17.225073
242.287477,233.365176,23.269041,16.885248
240.216177,233.063755,22.716602,15.763664
236.552627,234.385968,22.148943,17.352705
231.705663,240.682845,21.884794,16.712496
224.192650,247.444376,23.423897,16.478832
219.374741,252.385101,22.473122,17.254906
215.814892,254.990664,20.472984,16.354534
215.944079,257.537720,22.326220,15.230217
223.658786,258.382424,21.261103,15.907293
229.167239,259.181534,19.574442,14.841666
231.912272,256.583064,20.233858,15.493761
233.195301,252.907417,19.839935,16.178429
232.232565,247.573596,18.489544,16.562349
231.114135,242.218295,17.062197,16.686647
225.668555,239.569030,16.158403,16.101107
225.233645,236.860793,15.628459,14.941767
230.881271,233.850145,13.021667,14.253980
233.881280,232.361736,12.317456,14.190179
235.044864,229.483530,11.348855,14.033654
239.115193,229.292428,10.000000,12.340735
244.447941,229.863624,10.970071,12.123643
247.298280,228.898800,10.000000,11.819774
246.877268,228.509587,10.000000,12.317854
244.506056,226.858349,11.116924,12.611079
244.601543,225.493236,11.157511,13.096021
245.865004,224.109476,10.670521,13.071916
246.890562,223.998237,10.948256,14.056513
244.775612,227.118662,13.022808,12.686702
244.080595,229.329278,12.494370,11.945899
242.621208,231.459449,13.083372,12.664606
239.041430,234.082846,13.280347,13.241954
237.115777,236.187996,13.623091,12.923584
234.768940,237.077251,13.682518,13.062905
232.181336,237.829267,14.319701,12.669850
229.057154,240.325688,12.732716,14.742072
224.401288,246.055778,15.401874,14.267580
223.571146,251.334643,15.615585,14.165751
223.751248,259.946211,15.662220,12.772678
222.890354,268.365875,16.118490,13.258462
215.648526,274.539607,16.486511,14.512239
209.452652,277.399501,15.705026,15.527521
202.727104,279.172192,14.846643,15.629951
195.525646,279.915984,16.340326,16.488398
192.006211,279.644184,16.174484,16.405731
191.690495,280.272263,15.746940,16.303894
200.055394,279.698419,15.881416,16.523916
204.627279,279.794780,15.457472,15.742021
202.216745,278.482888,15.023375,15.705503
201.465699,277.413208,15.114661,15.961394
207.212830,276.703020,15.310806,16.409756
210.679626,271.447196,15.576692,16.655352
208.722954,267.283538,15.747963,16.733492
206.002796,263.118765,16.142694,15.198939
200.297758,253.041368,15.312902,15.280111
204.283565,239.565826,17.081789,14.253242
214.600843,226.102551,16.655737,14.775757
214.748884,219.769835,15.501997,14.614552
215.094551,215.025446,16.766657,13.718997
222.087215,208.189502,18.064295,15.097963
233.473241,204.623740,17.713224,14.263048
242.301972,200.242115,18.690338,14.284568
241.771218,200.217696,18.041466,14.109705
240.911850,204.320769,16.980598,14.910509
240.461758,206.019302,17.040611,12.700233
239.866872,206.738154,17.141233,12.045702
238.337421,203.975742,17.640383,14.189897
236.261722,205.697644,19.095232,13.109877
234.845565,207.681098,18.849527,12.659342
233.577068,207.783769,19.617243,16.239088
232.217059,209.934471,19.110409,13.790092
228.554043,210.108892,18.432205,13.992008
225.848674,210.673280,17.878420,13.391088
220.756354,208.617564,18.661587,15.490427
216.722674,207.947514,19.750370,13.983437
212.090189,204.979548,18.509960,13.243518
208.606639,201.285439,18.120066,14.820693
203.045135,199.197137,18.983469,13.776937
198.753267,197.139750,18.286047,13.044422
194.971650,199.285958,17.914429,15.545173
191.550764,200.690671,17.101141,15.235250
187.529004,200.900623,18.188766,14.350540
190.298162,200.493080,18.329718,14.482071
193.205279,200.327386,17.548359,14.311255
195.628471,200.864975,17.976618,14.254889
200.760030,200.577611,18.078650,13.956510
206.796712,199.034423,17.391844,13.958399
210.489951,199.273630,17.463573,13.224767
217.332424,197.265626,18.093897,13.203863
229.566453,194.665079,17.984543,13.042424
247.258722,191.185069,17.359068,13.410396
263.908715,188.915098,17.028786,11.915951
272.672141,192.745296,18.142513,14.728487
276.945221,204.741405,17.888130,12.159060
280.022358,213.512447,17.750420,11.372582
280.861004,218.882099,18.401566,13.661583
281.698262,223.462563,18.537720,13.224959
281.305045,223.857646,18.235950,13.712495
280.672049,223.739978,18.261837,13.967042
279.361454,223.775558,18.560656,13.926644
274.630538,224.161704,17.602520,13.411097
266.967541,224.904722,18.498589,13.063748
261.260947,224.996213,18.577084,13.035574
254.927957,223.450634,16.979521,13.217338
246.143994,223.577564,18.155361,13.513375
239.721310,223.406942,18.679630,11.956882
235.097906,223.528911,18.955263,12.231401
227.899307,224.139534,18.213221,12.346374
217.856931,227.262931,18.668390,11.905549
211.308343,231.415172,18.553144,10.404215
205.127759,234.127490,18.571224,11.309535
199.999156,239.634502,18.730837,10.000000
195.042655,239.973269,18.918650,10.000000
191.596695,240.008638,18.210033,10.000000
187.961121,239.777137,18.458122,10.000000
186.287517,236.153303,18.555651,10.000000
185.367698,230.219994,18.587175,10.000000
186.313622,224.629860,18.371696,10.000000
195.447891,220.266851,18.357782,10.000000
214.391565,215.701560,17.507620,10.000000
223.586331,210.522794,17.754692,10.000000
227.808551,208.159144,17.733049,10.000000
229.542495,206.120600,18.034082,10.000000
229.572890,204.701827,18.002804,10.000000
230.950419,203.343051,16.860531,10.000000
232.889769,202.591203,17.756153,10.000000
235.880728,201.811792,17.704510,10.000000
239.254720,202.822138,16.973410,10.000000
242.693293,207.308801,17.637615,10.000000
246.978579,213.416346,17.107029,10.000000
248.833927,222.699177,17.381800,10.000000
250.536912,226.835674,17.826338,10.000000
252.388134,228.590075,18.282845,10.000000
253.945903,229.400551,17.414949,10.000000
255.601746,230.446059,17.779800,10.000000
257.560310,230.815351,17.821238,10.000000
258.844512,231.250277,18.257954,10.000000
260.204308,231.632533,17.810631,10.000000
256.953277,231.223490,18.420118,10.000000
246.812182,230.845385,17.678719,10.000000
236.120198,230.042518,18.016743,10.000000
230.275940,227.079425,18.298489,10.000000
226.069906,219.949716,18.783705,10.000000
218.956530,216.006901,18.749664,10.000000
214.434967,210.293075,18.443037,10.000000
210.533853,207.831544,19.181330,10.000000
207.565569,204.207158,18.456337,10.000000
202.684319,202.352285,19.751404,10.000000
199.658842,201.773179,19.792799,10.000000
196.903065,206.274128,19.632309,10.000000
194.517305,208.519460,20.002790,10.000000
192.765932,211.632581,19.967558,10.013795
191.961740,212.248036,20.109579,10.633416
196.081490,212.536518,20.024345,10.280040
205.350160,211.726766,19.565207,10.519188
213.450564,208.677096,19.717030,11.049070
216.542576,206.122671,20.612061,10.971946
218.444296,202.714349,21.059635,11.366158
221.012942,201.846075,20.418003,10.847899
223.385765,199.179896,19.897264,11.397626
224.427072,198.043125,21.061964,11.736589
222.819282,198.555559,20.883211,12.316618
220.200572,198.130958,20.835344,12.298808
219.756106,197.161477,20.703732,12.603150
219.292085,195.603626,20.859289,12.612810
219.979041,193.731840,21.425900,12.597334
220.708721,191.900068,20.854799,13.346122
220.471367,190.246032,21.690758,13.383227
221.302931,188.888765,21.486980,14.090590
221.883620,187.863134,21.686840,14.211463
222.021836,187.145247,21.573860,14.123441
223.033360,185.839546,21.346176,14.518481
224.449515,184.031038,22.016735,14.420241
226.313527,182.336415,22.429955,15.010880
226.492721,180.055004,22.630045,15.508791
228.576752,178.385144,22.723450,15.681519
231.766264,177.076432,22.532085,15.757059
232.433611,179.586741,22.034969,15.968755
233.912955,179.387562,22.445118,16.624666
232.914613,180.618950,22.529158,16.794481
233.494601,180.603327,22.136997,16.930197
232.255727,180.116414,22.170401,16.776451
230.393739,180.433061,22.363958,16.916451
228.929431,179.422949,22.337809,17.532408
225.675274,178.120685,22.367813,18.086857
221.038989,177.250703,22.354565,17.931343
216.059395,176.012096,22.470901,18.328297
214.354695,175.400150,22.384842,18.471745
211.181784,173.229770,22.605854,18.858631
210.353318,172.354469,22.803406,18.882130
208.536112,171.763376,22.433224,19.836378
208.328616,171.778258,22.513119,19.704359
210.795449,172.074541,22.589630,20.095587
212.474072,175.876898,22.697151,20.378920
214.730774,178.660512,22.664192,20.935905
220.548056,179.474540,22.394222,21.195278
227.044731,180.296680,22.210222,21.447506
230.003283,181.235960,22.347347,21.507246
232.503883,181.275751,22.505106,21.734381
235.550468,180.401654,22.953730,22.262558
239.787455,179.740785,22.173740,22.246422
241.834194,179.733844,22.425783,22.766598
243.764104,179.237128,22.718328,22.841925
245.914105,179.120666,22.822754,23.151211
247.147599,179.329328,22.618263,23.428993
249.229867,178.887724,22.247581,23.826056
249.963183,178.624533,22.265270,23.933317
249.655829,178.453134,22.549046,23.803879
249.108078,179.320903,22.598360,23.697109
248.586898,179.267016,22.621561,24.026625
245.646200,178.719251,22.569319,24.409279
243.507320,178.866419,22.866442,24.460516
242.611638,178.407052,23.118896,24.835548
241.828854,178.657922,23.092804,25.082504
240.971529,177.975106,22.894039,25.605293
241.342872,178.477016,22.881464,25.246761
242.648765,178.032961,23.165232,26.028639
245.253587,181.478057,23.151388,25.726002
250.449521,185.735031,23.208908,25.835131
256.200324,190.300232,23.439083,25.333879
264.586935,192.864652,22.591124,25.506310
268.901865,195.541751,22.959280,26.339237
272.348627,197.642365,22.710577,26.133295
274.135035,198.798601,22.731060,26.177504
275.625502,200.836991,22.975231,26.154657
277.742248,202.854369,22.752222,26.362247
276.588235,203.353369,23.027174,26.390547
273.489826,204.949504,22.928102,26.467350
269.930923,207.681358,23.024561,26.471554
262.757197,208.518397,23.028866,26.701185
251.404270,210.073130,23.145914,26.834578
244.623501,211.879079,23.272110,26.938194
240.370609,214.096930,22.953600,26.178366
236.650649,214.947861,22.949047,26.195459
233.271022,215.621193,22.507578,26.359316
231.183045,215.986004,22.639198,26.272341
229.304174,215.557599,22.548384,26.350334
228.015348,213.550934,23.064764,26.833025
228.818688,214.871678,22.933289,25.847345
229.458851,214.146813,22.942886,26.233118
230.349009,215.141468,22.925152,25.328806
231.584816,215.996380,22.859818,25.831697
232.766680,216.514768,22.902882,25.952911
234.163266,217.759158,22.808510,25.914234
234.841286,218.050962,23.246231,26.406624
236.725365,220.413689,22.733139,25.526751
237.294264,221.395521,23.529240,25.347075
238.791802,223.186725,22.801613,25.717068
239.950743,225.718906,22.747776,25.300480
240.875685,228.107267,22.877514,24.963928
241.717215,229.353343,22.985851,25.062374
241.887007,232.431959,23.378170,23.949064
243.093575,233.195655,22.738770,24.508152
243.245051,232.867584,23.350636,23.654308
242.167113,232.818925,23.393223,23.483017
241.046312,232.202246,22.791945,22.994909
240.396203,231.346432,23.212219,23.337328
240.099685,229.872030,23.178461,22.653633
240.971450,229.953346,22.822092,22.126781
240.392414,230.611153,23.189829,21.334032
240.627002,231.567331,23.064394,21.288513
240.418924,231.050171,23.699903,21.447222
239.552643,232.260629,23.282776,21.152275
237.174623,233.362767,22.592794,20.355043
236.635837,233.625707,23.153376,20.121483
235.331788,232.505327,23.411148,18.906693
232.530568,229.413874,22.333580,18.908621
229.576395,225.891284,22.273870,18.923687
228.619992,221.865416,22.621567,17.755102
228.116135,218.940987,22.969048,18.089914
226.288846,217.315957,23.068289,17.157021
224.886366,216.394160,23.322659,16.964567
223.883036,215.955764,22.963261,16.166523
223.261581,215.404159,22.779222,15.902728
222.229786,216.310371,22.584038,15.314235
220.677288,216.933095,23.179308,15.006691
220.256526,218.246092,22.652660,14.602538
219.780809,219.942413,22.547705,14.149562
220.206364,222.995424,22.775818,13.729468
220.784274,226.337098,22.827808,13.416443
221.512784,229.019080,23.146284,13.117208
222.838680,231.027908,22.427507,12.883906
223.570038,233.848321,22.926247,13.162332
224.899511,235.662536,23.190413,12.557156
227.343626,235.011540,22.988966,12.347467
228.755154,231.229756,22.698212,11.994905
229.918598,228.598437,23.444117,11.601149
233.312492,227.766377,22.806734,11.712976
235.572247,226.646923,23.201553,11.652614
239.566821,226.665298,22.392231,11.700169
243.380175,226.920108,22.835613,11.298992
246.650794,227.775016,23.103405,11.290685
249.032582,229.049959,22.788727,11.050245
251.908874,230.354899,22.937586,11.001554
253.962117,231.771813,22.443634,10.812593
256.037427,232.458018,22.708105,11.012723
258.637559,232.594657,22.379713,10.963407
260.639705,232.223400,22.620966,10.781885
263.419256,232.989267,23.010466,11.007583
261.245372,233.464317,22.708284,11.188884
257.278677,233.678868,22.601696,11.422922
255.296389,233.683348,21.874767,12.058919
247.876380,233.767123,22.667704,12.279782
238.289184,234.186383,22.381357,11.980135
232.990130,234.575364,22.799328,12.088150
230.958930,234.180662,22.662823,12.608030
228.248479,234.737988,22.790922,12.941148
222.215798,235.169218,22.351944,12.986311
218.139737,235.220284,22.598930,13.240792
215.903214,236.908615,22.779205,13.147516
214.845242,237.276107,22.269196,13.971036
215.340365,238.203644,22.056377,14.093501
214.801520,239.199684,22.109219,14.077441
215.241564,239.758020,22.410610,14.435417
215.651451,240.584234,22.592546,14.611921
216.469753,240.448772,22.391947,14.968891
216.832455,236.942804,22.127632,15.708190
218.281880,234.180457,21.938469,15.820127
221.283444,232.646324,21.767952,15.939554
223.954246,231.127971,21.856508,15.999507
227.645364,231.316804,21.755980,16.110245
234.619451,230.897797,22.051062,16.665155
241.938075,230.648435,21.741032,16.832611
246.893118,230.561446,21.643772,16.672314
250.968324,231.542413,21.637999,16.748024
253.814824,231.725130,21.494247,17.097334
255.917548,232.814548,21.382221,17.691380
257.317915,233.483265,21.984127,17.847956
258.724132,234.979984,21.854334,18.691074
257.096978,236.199551,21.575584,18.822031
255.809939,237.515712,21.603260,18.242161
249.920849,238.667827,22.060722,18.190701
245.162398,240.500746,22.109150,18.598074
239.769702,241.595948,21.679377,18.744867
234.436755,243.575647,21.638561,18.849915
229.320476,243.961357,21.832911,18.884417
227.082895,245.424417,21.641890,19.233612
224.782663,244.257516,21.900061,19.135651
223.336094,244.022413,21.073402,19.109543
221.105010,242.299599,21.784931,19.868319
219.370765,241.479336,21.516695,19.606844
216.844990,240.485572,21.942337,19.877468
216.185973,239.183324,22.260777,19.049728
214.880073,236.309788,22.199739,19.556376
214.900622,234.121023,22.173061,20.024443
214.413402,234.339589,22.347895,20.037857
214.031979,234.570666,22.351967,20.024458
215.102200,234.166076,22.229889,20.270550
215.732027,234.957999,22.223509,19.984692
216.684134,235.613041,22.294979,19.979822
217.690990,236.319048,22.264589,19.614782
218.802437,237.378799,22.238632,19.872585
219.126689,239.300980,22.952517,19.473810
219.945652,240.080647,22.453499,19.678797
221.616417,240.277045,22.546661,20.032591
222.116207,240.138559,22.794168,19.900070
222.101593,239.188541,22.617569,19.854267
222.001172,239.448496,22.653542,19.621931
220.490868,238.187200,22.511246,19.167168
216.700677,236.134736,23.159346,19.872131
212.994539,235.992607,23.429991,19.385416
208.373741,235.673147,23.111406,19.905355
203.914802,234.981857,23.287683,19.766415
200.053381,234.808338,23.285816,20.223764
197.811422,235.518837,23.199644,20.291559
194.670159,235.009939,23.546539,19.610914
193.062150,233.875510,23.638138,20.199986
190.284709,233.679070,23.565653,20.432360
188.813748,233.074079,23.878235,20.285576
187.254220,231.521382,23.823013,20.127855
185.395222,229.252223,23.343956,20.565487
184.093165,228.609702,23.731228,20.328770
183.082738,227.959588,23.879667,20.955460
181.964889,228.050403,23.850618,20.865177
181.298804,227.530860,24.246479,21.406490
180.656281,227.628721,24.763206,21.025299
180.118479,227.354115,24.092251,21.174273
184.390409,228.303208,23.759077,21.195055
192.266714,228.729997,23.538954,21.615501
197.676955,229.038129,23.708584,21.520485
201.854480,229.446928,23.585955,21.741949
203.990078,230.028646,24.326904,21.866501
207.364448,229.804776,23.678751,22.444328
209.692774,230.326046,24.369312,22.733034
212.450830,230.570174,23.959372,21.959728
214.589968,230.730748,24.160290,23.112129
217.113815,230.564308,22.994944,23.159983
218.052523,230.302848,23.117512,22.738041
219.553148,228.457466,23.132803,23.206179
218.977111,224.645927,23.251421,22.948483
216.769076,220.583225,23.105762,23.634853
214.876874,216.394817,23.252302,23.342381
211.882371,212.051091,24.114866,23.435875
208.159792,209.298709,23.188931,24.020443
202.175803,206.037169,23.455814,24.408186
198.019391,203.742172,22.976479,24.836239
193.288785,201.526691,23.032362,24.634472
189.352969,199.419317,22.743649,24.718803
187.525470,197.879593,23.525850,25.901522
186.869588,196.744174,23.369703,25.273190
186.198279,195.547856,23.315861,26.488474
185.880153,194.651622,23.354479,25.993740
183.260613,194.041269,23.731003,26.313484
183.615716,194.399187,23.388191,26.557806
184.197809,194.909395,23.217283,26.902121
185.606763,195.242740,23.299284,27.539555
186.355484,195.840274,23.736259,27.733845
188.471427,198.520776,23.080210,27.185722
190.473388,199.680766,23.397287,27.639072
192.689763,200.081228,23.729340,28.393707
193.855323,201.915386,23.502085,28.757326
195.636336,203.725286,23.897320,28.690338
198.330594,202.984536,24.024429,29.078285
200.021320,203.811515,24.062853,30.713772
202.163075,204.738899,23.962952,29.958050
198.792975,205.047678,24.356960,30.266638
196.170698,206.384552,25.609983,30.543055
196.730760,205.906116,24.641363,30.693424
196.777462,206.019407,25.005157,30.840317
197.510346,205.841963,24.957390,31.278425
200.268066,204.992501,23.970560,31.830500
202.365234,204.520707,24.486521,32.211342
200.976806,204.816278,25.301493,33.671028
199.398704,207.029472,25.113871,32.607769
199.357148,208.821314,24.168144,31.826193
194.342039,209.474736,27.058714,32.461151
191.757164,210.924520,25.347193,34.229630
188.052721,210.469308,26.628881,36.155510
185.047405,212.931539,26.361284,33.251114
181.101693,212.599456,25.893211,33.999859
176.421890,212.341718,27.874979,34.502426
172.675417,212.625253,26.952030,34.114952
167.452541,213.063134,26.629488,34.101189
162.787618,212.421653,28.320112,34.849163
157.903942,209.256522,28.819170,37.481030
153.289943,212.379316,29.392199,34.832886
149.176426,210.786277,29.653610,35.273281
144.446427,210.142743,29.607933,35.593292
138.365830,209.558706,30.225334,36.774506
135.630061,210.271211,30.521778,35.500099
135.633734,208.595901,30.799282,36.922070
135.434151,207.610538,32.482994,35.884998
137.068367,207.531654,32.931114,35.785854
138.282807,207.629459,33.884575,34.251698
143.886538,206.388898,32.225224,34.361847
149.147166,206.391906,33.203602,34.243053
154.499123,206.379630,33.965889,35.154400
160.520272,206.353730,35.131340,36.403328
167.650826,207.076291,34.514702,36.274536
175.352425,207.080835,34.445946,36.930153
175.991839,207.330964,35.594379,38.087959
176.181883,207.335838,35.626110,37.457867
174.826630,207.734180,34.553535,37.018482
171.264779,207.635080,35.573601,37.764122
169.738034,207.252065,36.777344,38.937622
168.729247,207.329900,36.621517,38.351624
167.654240,206.926046,37.403732,39.082840
166.226647,207.788511,37.911049,38.227966
163.627314,207.521402,38.220570,38.721352
163.399205,207.863378,38.845596,38.307266
162.430016,205.730243,39.635063,38.656910
161.229369,206.593829,40.352718,39.500599
162.225178,206.605979,40.374283,39.434505
163.125691,205.932161,40.085114,40.026466
164.239268,205.148727,40.387653,41.199718
168.244723,203.856433,39.817753,41.583576
169.324616,202.484418,40.821495,42.318756
172.210783,201.306442,41.351482,42.800961
178.085543,201.270606,40.848454,42.477535
181.883322,199.777688,41.020153,43.170738
184.831698,198.834996,42.344685,43.967575
189.201035,198.144975,42.829826,43.285912
193.959189,197.482618,43.425838,44.411819
194.768317,196.468395,44.408031,44.216007
193.520817,195.835284,45.020126,44.050007
190.813359,196.356973,45.342941,44.113625
191.741503,195.536575,45.654255,44.537594
192.070101,194.854123,46.733479,44.723145
192.066834,194.971074,47.543388,44.290848
191.201790,194.903322,48.193550,45.078133
190.126168,194.730020,49.364876,44.744514
189.919123,194.022475,50.321049,44.188793
191.671381,193.550382,49.560825,45.251724
188.276406,193.128909,51.279442,44.946583
181.580996,192.731300,51.479710,44.679440
176.077982,192.302404,51.654408,45.144333
173.432570,192.132844,52.640789,45.212944
170.751896,192.285127,52.987030,45.026146
165.219168,192.623412,53.430050,45.666378
162.986622,193.057525,54.416382,45.164593
163.685339,193.378396,55.272533,45.555229
164.205897,194.467838,55.262348,45.435749
164.052855,195.631257,56.060452,45.501610
166.305571,197.554406,56.255611,45.414528
175.066983,199.144407,56.355652,45.835266
182.017996,200.892019,57.105511,45.526901
187.610495,203.300288,57.788036,45.202946
191.637063,205.402074,57.774025,45.082199
194.104865,207.348769,58.182873,45.675014
196.504170,209.449184,58.363266,46.419254
201.045401,211.792493,58.030621,45.665680
208.774134,211.454950,58.264805,45.518166
217.753899,208.846046,59.213417,45.842052
227.210476,202.805667,59.448547,46.374882
232.031586,198.150480,58.236015,47.453522
233.399695,195.227617,59.680004,47.031517
235.350167,191.713500,59.897285,46.740780
238.912106,187.545314,60.170410,46.891239
240.578892,185.175962,60.901962,46.076050
236.376585,183.244809,61.679073,45.724945
234.456763,182.767104,62.039776,45.002499
237.495156,181.591390,63.167091,44.754776
247.240613,181.869390,63.802643,44.154739
257.682593,182.107345,63.876446,44.090084
264.804017,183.118602,65.005638,44.031773
274.252118,186.328599,65.353180,43.489281
286.011273,190.374694,65.702515,43.305935
297.445950,194.645969,66.757294,43.156422
308.260960,199.817735,66.931717,42.753471
319.976231,204.416480,67.648117,42.945385
334.302552,208.438478,68.678673,41.883568
347.871647,211.912580,68.565536,42.489807
360.416855,215.660030,68.975121,41.247746
372.865887,217.861886,69.523071,41.153877
381.236153,220.883121,70.042763,40.433094
386.302857,220.088813,70.316246,41.653179
395.092228,221.393678,70.283768,41.062401
404.091263,219.844301,69.850182,40.911461
408.199009,218.758672,69.487228,40.309891
404.734478,218.350654,68.808319,39.694042
397.138783,218.381589,69.698685,39.890320
389.061699,225.099115,68.392326,38.981880
382.718216,232.454223,67.923103,38.369015
374.496964,237.891416,68.233452,37.605743
360.059716,242.796829,67.335197,38.175564
344.962262,247.301658,68.562546,38.301769
335.457203,250.964168,68.461411,36.625797
331.739106,253.439365,67.985329,36.276981
324.316056,254.898286,69.401802,35.986794
308.821049,254.779157,69.196869,34.983871
290.416981,254.293103,68.007034,33.813782
276.552075,254.020822,68.596405,33.593758
265.254487,254.173288,68.540749,33.244102
250.125813,254.321832,68.469833,32.737679
235.454068,255.291002,68.502319,31.984154
225.910153,256.213466,68.871277,31.753544
220.351220,258.038045,68.180367,32.552933
216.861214,260.433622,66.828621,32.300934
210.007901,262.730264,68.513779,32.050621
204.430470,266.782234,67.108200,31.158518
199.299191,270.652764,67.103363,30.530817
193.442807,274.202077,67.612396,29.980316
187.719121,276.599109,67.081512,30.397388
181.993611,276.075341,66.377121,30.655952
176.603241,272.328230,65.431740,29.930632
169.818894,268.039121,66.063957,30.144836
162.516057,260.102442,64.697632,28.341116
156.761271,253.801191,62.996174,27.724152
150.065455,250.988603,62.592548,28.657951
143.700232,248.583429,62.224270,28.718925
143.372242,247.079413,60.809341,28.019361
143.880177,245.764374,60.879868,27.525843
140.885859,245.715135,59.454533,28.241615
136.648659,247.959825,59.414940,27.142769
135.983359,248.883157,59.858059,27.433357
138.410592,251.728773,58.680809,26.177244
137.124205,252.735305,57.181347,26.210827
133.539629,255.283415,57.399464,25.435804
131.845191,256.791777,57.339458,25.833601
132.776917,257.558788,56.768074,26.151203
132.247616,257.618091,57.097885,25.671268
128.291502,257.791053,55.371929,26.009808
121.863223,256.864630,53.962467,25.066710
114.351702,256.874306,54.508015,24.736780
111.339922,255.819233,54.599644,24.269808
111.240813,254.918500,54.160625,23.186447
111.758484,251.182262,54.132454,23.884434
113.360695,250.066821,53.445381,23.291126
119.290890,247.392650,53.525620,23.350285
126.938605,244.398780,52.417339,23.536282
133.874529,247.426800,52.889530,23.166887
138.178524,252.611875,51.996613,23.456116
145.762944,257.231375,51.719635,23.162611
160.065745,262.733503,50.576862,23.224533
184.801150,266.783582,50.380985,22.761032
210.076405,272.826053,51.682770,22.290318
231.787596,280.800941,50.767117,22.759319
254.278800,289.689306,48.487301,22.418915
275.495427,295.548634,47.905548,22.692369
293.634589,298.686541,48.639248,22.265173
309.328429,300.647052,47.446316,22.752964
325.110089,300.828654,47.384689,23.130423
334.805468,295.530407,47.729038,23.308245
331.224009,290.746687,47.994175,23.410215
322.082491,288.168902,48.871662,23.380117
319.341153,283.548282,47.392395,24.671925
325.334227,280.990496,49.513210,24.603384
328.308403,276.845561,50.072945,25.673923
328.655276,273.890475,48.040775,26.573950
327.430502,271.719368,48.310482,25.762705
328.397122,270.868901,49.559509,24.971313
327.508414,268.044202,48.040859,26.252518
320.280180,264.821086,47.177975,28.157413
312.549506,264.479073,46.912350,26.740870
301.781891,263.137985,45.971642,27.054790
290.071583,263.516216,46.036804,25.970341
276.428715,262.785587,46.559952,25.933399
264.843049,262.810540,45.966194,25.584999
256.119017,260.395759,45.888271,26.906216
261.725726,259.051013,44.566044,27.744175
267.076918,256.332402,45.450985,28.154650
270.064032,255.030388,46.120266,25.860727
274.894316,252.002816,44.746670,26.360802
281.662169,248.808977,45.711605,27.417898
283.081818,247.941074,45.779503,23.256916
282.566018,245.262534,45.439629,23.718197
288.948336,247.264042,42.760822,20.380739
297.503333,244.895714,39.212353,21.375727
308.963583,249.716510,35.785915,18.068058
314.505614,255.296367,36.849636,19.764362
320.870030,264.220897,37.564651,20.549763
331.044238,278.399030,35.999531,17.503998
339.876698,297.368618,35.154037,17.750734
347.719655,320.069411,34.630920,16.578413
352.678524,342.951898,31.899279,17.017586
329.207062,293.342107,78.385445,62.490555
200.177968,150.581632,208.059662,143.070435
65.677617,66.193708,380.758728,232.990326
25.996800,31.112745,450.408325,282.673981
50.504429,34.393079,428.420410,258.474030
103.002675,60.579587,369.267426,205.483704
22.732518,18.484525,436.535767,279.291260
2.650578,9.877500,476.172668,277.461609
61.926716,55.378438,404.566315,223.920670
30.576802,7.561689,440.304230,284.115082
50.879567,34.997792,410.485565,235.298660
48.970952,23.094976,421.962952,248.576950
46.518773,40.637693,407.025391,223.189514
53.422291,27.736524,413.775848,248.021271
42.280720,35.579152,424.292755,255.104935
40.042698,47.592107,421.106689,233.114426
30.877995,16.853299,435.716736,284.323730
1.349003,33.993451,460.745178,259.274872
1.382588,47.189405,471.778351,279.256378
10.684315,4.238164,457.100677,238.453659
30.771809,32.969587,437.200470,247.792694
29.692769,63.996167,443.727692,283.096954
17.274937,5.761686,450.723022,268.634521
9.888508,56.281614,460.648468,268.928162
9.101811,5.310758,458.982605,279.798584
18.714436,40.702070,447.857086,260.537689
3.449254,21.509687,473.387451,322.665985
0.000000,11.133558,479.641102,315.950348
3.586298,9.406034,476.413702,324.071533
0.583142,4.098523,479.416858,329.876862
4.743414,3.667753,473.218018,322.795410
15.551749,6.097181,464.448251,315.130524
9.512615,17.944623,470.487385,325.429657
8.948949,0.000000,468.885712,304.525571
3.114401,16.689376,476.885599,324.648407
18.718669,0.000000,460.980774,316.057784
0.000000,0.000000,480.000000,340.000099
10.234070,0.000000,469.765930,319.224826
3.001419,17.606600,476.998581,326.126007
16.088905,0.000000,463.911095,319.449617
2.997059,4.667573,477.002941,333.433075
8.522913,0.000000,471.101135,315.703248
8.905634,26.205475,471.094366,316.180359
85.710187,12.566422,394.289813,265.096893
142.156485,48.911934,337.843515,250.891220
151.346889,45.115532,328.653111,172.952042
381.292028,91.986063,98.707972,55.937054
407.587245,134.505108,38.480209,15.982735
383.066993,152.672519,33.261398,15.687495
367.805413,170.828634,33.403866,14.536520
355.999291,184.227303,36.186581,15.326126
348.491036,196.046387,36.266796,16.894714
343.665961,207.708702,35.886749,15.773866
337.625121,218.596012,38.322441,14.799921
335.607758,225.727580,34.214214,14.614269
331.480435,230.868984,34.362171,14.090707
327.980628,230.186715,33.014748,15.635291
322.505587,229.003578,31.406403,14.495562
311.833747,227.342361,35.197662,14.082682
304.317767,227.280637,33.505188,13.799475
296.150998,226.509879,36.002178,14.158649
290.465760,225.894147,35.390484,14.123023
282.928977,227.595855,35.588417,12.732471
275.859420,229.081673,36.786430,13.775360
282.246159,231.801969,36.527470,14.832129
277.815303,233.962048,35.031624,13.738579
271.745108,237.263277,33.531540,11.682126
263.919474,219.213822,33.008530,12.245849
236.076772,194.026709,34.579514,12.173248
207.640960,164.184274,33.469872,11.612013
196.079581,135.145158,34.436134,12.213182
197.118768,107.643367,34.336201,12.489515
192.189149,87.488910,33.654636,14.320838
184.007914,69.021584,32.707413,13.603963
179.720061,50.627120,34.473259,13.128553
177.252465,39.719525,32.785564,14.584515
167.361789,33.066583,33.210442,15.132486
138.827796,29.292039,36.146030,14.985651
124.630742,26.684156,34.923431,14.188890
112.389815,26.653315,32.356205,15.115746
133.421128,27.823937,32.276749,15.180294
157.676169,33.213934,32.289341,15.295639
157.765948,48.866234,32.359104,16.834103
152.105903,68.928229,31.727610,16.823807
157.074384,81.380690,30.719681,16.963928
191.657027,91.324913,31.595257,16.428570
205.957499,107.098382,29.821537,17.258951
199.837581,132.790133,31.317127,17.433907
186.419980,154.181289,29.991333,17.766706
198.432976,160.245139,27.457117,18.347458
225.126417,166.357936,30.814665,18.061872
223.737449,178.702073,29.736254,18.976810
207.766155,193.265904,26.607988,19.261593
196.662096,197.859693,27.664282,18.751040
241.563745,200.940284,20.230413,19.221136
279.920456,199.902173,16.308466,17.295191
286.998890,199.048987,25.834124,17.847427
287.565455,207.898143,24.560833,19.940245
298.242476,215.123892,28.331333,17.710365
318.921933,218.497258,23.874672,19.058582
323.484702,223.097386,26.144810,16.888203
326.555061,223.600082,24.659761,19.569113
327.422359,227.700331,23.379663,19.157455
325.492894,233.781049,22.988060,17.381693
315.113884,240.308303,21.185282,15.455756
306.566315,246.949156,14.459772,12.643059
303.150828,250.922415,10.000000,11.598381
297.080648,251.986613,10.613238,12.050345
290.377375,254.287770,12.603410,11.753921
285.654040,255.192108,10.840989,10.900578
278.629194,255.825662,10.859561,10.000000
269.703838,257.208882,12.722349,14.480802
260.006587,257.318918,14.378494,15.107729
255.418521,261.236370,12.560237,10.721457
248.529037,263.530733,13.487151,10.000000
240.961574,264.020055,15.231490,13.192201
233.778408,267.413674,17.485151,13.001528
229.941011,271.199097,17.795984,13.216473
228.777085,271.557015,19.223415,16.999956
228.497147,270.545692,18.757923,17.466076
230.928243,272.321103,18.025537,15.835292
231.242751,274.588363,19.224556,14.840109
230.847925,275.559665,18.530092,15.639882
227.384493,276.746179,20.335588,18.010538
223.989675,276.566073,21.478052,18.769201
225.667946,277.962168,22.369032,17.909813
224.964111,277.646528,22.657705,18.139282
224.498041,276.047758,23.513895,18.967064
224.518381,274.012568,22.673853,19.302633
223.408464,274.822172,17.359446,18.625885
216.434112,273.775013,20.540297,17.771740
213.065954,272.372371,18.508242,16.651106
208.580697,271.461213,21.306492,17.561441
207.048240,271.619512,18.533211,17.331049
207.978213,272.118075,19.767105,16.756140
214.089385,271.418864,20.268845,16.960608
215.509202,271.950467,20.714993,16.434946
219.041185,270.889364,21.174166,16.483170
223.537097,271.090274,22.111626,17.282324
226.768663,270.974803,21.364122,16.468847
228.871636,271.683248,20.986263,16.385355
231.425028,271.488866,21.763399,15.125429
239.655889,262.980742,21.324854,16.522436
248.074715,255.954555,20.854519,16.547552
254.825715,247.866370,17.446682,16.254347
256.520062,243.615222,18.721729,16.770880
256.656898,239.310125,20.635077,16.082451
255.843486,239.364223,19.824760,14.075444
254.782029,236.672138,17.268085,15.454801
251.597624,235.456193,19.835352,14.124651
248.443579,235.314920,19.723726,13.854530
246.029206,236.834805,19.362827,13.310801
241.600492,236.567831,20.760874,14.729347
239.714845,239.164843,18.782335,12.803634
235.714073,239.227316,20.313086,14.136291
233.027965,239.808905,21.257032,14.646155
232.906324,239.803533,19.528574,14.627375
232.212981,239.789580,19.194870,15.030928
233.164943,240.236827,19.213898,14.948156
236.559711,240.642986,20.160955,14.717824
239.035950,239.464431,17.719486,15.080205
241.265326,239.704848,18.465874,15.485633
243.568502,239.568316,20.033030,13.785627
245.869374,239.645979,20.478832,14.442795
247.329924,237.072105,19.001984,14.683980
249.255946,236.081287,19.895638,15.242993
250.286094,234.039553,19.585831,14.785187
249.783270,234.791298,19.724581,14.493785
248.606498,232.327456,17.814957,15.051001
246.517990,231.269960,17.147352,16.292831
246.613698,232.741052,18.270267,15.957659
243.507262,231.915191,19.133446,16.617155
241.629616,232.959639,20.242140,16.030212
239.624374,233.645318,17.941854,15.404932
234.782653,233.540038,19.269249,15.333044
232.514646,234.357445,19.463816,14.565890
229.646423,233.028807,16.783590,15.971419
226.239193,232.980529,18.426054,15.675825
223.970570,232.267468,20.409107,16.608522
221.351964,231.513028,18.833950,15.424182
217.180103,231.211522,21.024267,15.573236
214.501184,231.821063,20.715525,15.549804
210.878081,229.988477,20.263275,15.728968
207.919612,231.019870,20.552879,15.795607
205.337907,231.367786,18.542828,15.309690
201.601722,230.203462,20.684196,15.612719
199.120687,231.271419,21.312777,15.787313
198.001033,229.781059,20.330467,15.890064
199.141600,228.209237,20.949722,16.496798
199.917375,228.050018,20.177317,15.673489
199.202679,227.666270,20.667074,15.139387
199.129972,226.284954,20.156015,14.565213
199.991364,224.736203,18.065250,15.051645
200.642796,223.654632,20.143078,16.159010
202.190970,223.683697,21.677444,16.407101
202.735013,223.738623,20.961170,15.085358
203.565952,221.378166,20.363829,15.239033
204.972500,220.235835,19.709578,16.054060
205.543589,217.925464,20.493927,16.295027
205.015631,217.705776,20.418459,16.302677
205.314338,216.208255,20.425812,16.702085
203.957846,217.031115,21.432632,16.280409
203.691859,217.193414,21.020859,16.801096
204.215644,216.723483,20.699249,19.994169
203.318826,218.017315,20.797068,18.360523
202.767624,220.033081,21.221708,16.720303
202.942918,219.308344,20.879078,17.403267
203.285112,219.202580,20.940592,17.702578
203.205086,219.564100,20.808683,16.011688
201.929028,218.461356,21.125820,17.481512
201.503036,217.434331,21.387251,18.165995
201.225562,217.592302,21.604538,17.804550
201.039079,219.104203,21.215570,18.218363
201.913534,219.910348,20.843996,17.666300
201.914521,221.481972,21.708393,17.660984
201.428926,222.170130,21.788637,17.717400
201.628739,222.128948,21.821064,17.344501
201.762076,223.287423,21.651123,16.485247
203.025713,223.429003,20.952456,16.663651
204.873017,223.120798,20.429386,16.759270
207.343261,223.298220,20.265846,16.401314
210.060266,223.844098,21.016245,16.244020
212.054336,223.890950,20.269606,16.370882
214.266135,223.467015,21.716522,16.699121
218.055795,223.209327,21.865650,16.349051
224.600035,223.336845,20.748308,16.137318
228.117005,223.899974,20.481083,16.619383
232.062810,223.285639,20.963917,17.152267
235.251832,224.323292,21.183727,16.339634
238.654880,224.319483,20.741240,16.625130
241.129093,223.816976,20.748785,16.856882
243.317688,223.934700,20.892935,16.730778
245.290449,224.042714,21.444094,16.842676
247.280021,224.072388,21.159966,16.900867
249.007740,224.043495,20.773336,16.547466
249.610369,223.694778,21.241236,16.666225
247.809541,223.601414,21.234837,16.526524
244.065923,223.604250,20.287022,16.630539
239.978247,223.748333,20.607613,16.586246
235.935080,223.073050,19.966614,16.672636
231.371418,223.852842,20.088171,16.229103
227.485125,223.807538,20.511932,15.375109
224.030808,222.917682,19.253475,15.197874
217.030137,220.451827,20.406010,16.308287
212.389676,219.551434,20.001293,15.841921
207.897001,219.349935,19.781466,16.141953
202.216124,218.291012,20.272575,16.129498
199.317707,216.526896,20.272635,16.690107
198.052260,216.628968,19.845840,15.422495
194.643570,217.967689,20.134947,14.876386
192.436503,217.039216,20.699379,15.329477
190.931306,216.946415,19.683544,15.131680
190.969986,217.778833,19.104628,13.974824
188.907491,216.996465,19.113293,14.675577
189.357325,218.007332,19.109703,13.606327
189.024644,217.962379,19.141949,13.433086
188.950087,217.470811,19.028931,12.646127
189.780871,218.074311,19.006676,11.470041
190.729960,215.985133,18.054031,13.053977
192.156140,216.875192,18.572414,10.866144
196.052196,216.732576,18.805479,11.297791
200.193840,217.448950,19.308233,10.000000
207.177047,218.186639,18.056969,10.000000
210.628675,219.195907,19.488894,10.000000
214.177049,219.917729,19.349880,10.000000
216.316324,219.859428,19.535402,10.166689
219.598067,220.854898,19.620255,10.177816
223.813634,220.680166,19.743252,10.000000
226.882221,220.935798,19.838873,10.000000
230.238131,221.280644,19.825111,10.000000
232.245184,220.592710,19.613390,10.000000
235.493087,221.225405,19.505463,10.000000
239.634208,221.158202,18.857224,10.000000
240.865535,220.205935,19.884163,10.181099
245.037051,221.048255,19.299149,10.000000
247.632610,220.752939,19.600271,10.000000
251.293742,220.829375,19.475388,10.475111
254.545938,220.673300,19.018984,10.175535
256.899221,219.678001,19.766481,10.745472
259.890258,219.876680,19.757027,10.000000
262.472457,220.605392,20.257393,10.899960
264.082096,219.923495,20.549826,10.428274
266.485226,221.433762,20.045544,10.709590
267.524342,221.933367,19.981930,10.350249
267.688515,223.033361,19.732220,10.000000
265.575234,223.117518,20.468159,10.514669
263.518751,223.961925,21.286417,11.688749
263.016738,224.491756,20.528114,12.143620
262.192269,224.696217,21.202183,10.935490
263.498128,224.524475,20.476505,10.881077
263.780605,225.568985,20.673353,11.664165
264.295304,226.181455,20.802822,11.261271
264.115625,226.564667,22.092562,11.818088
264.749457,225.376244,21.811272,12.163638
264.986994,226.358514,22.498957,11.973001
267.711479,225.863432,20.539427,11.563186
269.898694,225.370632,20.858761,11.489675
271.459598,225.819423,22.122152,12.834882
274.001397,224.852385,22.532345,12.361373
277.470017,225.694809,23.750179,13.714420
282.870786,225.703492,21.553532,12.114901
287.357126,225.642396,22.109812,12.471270
289.959209,225.521245,23.468542,13.242837
293.979564,225.452671,22.018263,12.163280
295.390057,225.160614,23.889896,13.111087
297.821220,226.107590,22.890203,12.285464
295.908484,226.793985,23.777336,12.819413
288.007241,226.955015,25.190800,12.479889
285.333017,226.082000,24.032991,13.187796
281.197613,226.374018,24.664389,12.441467
277.379244,226.489546,24.907618,12.459731
272.971853,226.040307,25.967592,12.669992
264.442398,223.635154,25.793898,13.361898
255.683165,221.509963,24.882492,13.576238
249.304772,219.288050,26.090900,13.542235
244.062331,216.993881,25.665855,13.946751
240.286299,216.089737,24.920626,13.337818
233.437290,213.119092,26.984724,13.877419
231.726544,212.159957,25.512989,13.226988
227.892138,211.314521,28.196571,14.401090
225.621274,211.109977,27.887730,15.267920
223.377003,211.097400,27.314480,13.977499
221.519686,211.739708,28.007860,14.460589
219.166858,212.389766,28.771286,14.820775
217.215195,212.048819,28.813032,15.220650
216.886851,211.967820,27.545937,14.607333
216.000284,211.538225,27.599840,14.424080
216.456393,211.666706,27.828293,13.606274
219.459897,211.867654,29.354137,15.066385
224.918967,211.531114,29.048080,15.708025
227.842161,210.329317,28.682528,14.889688
231.333738,209.371524,28.911989,14.611349
237.697625,209.304005,29.100765,14.649386
244.184243,207.502336,28.660000,15.104134
249.274312,206.859940,29.291111,14.988621
254.424033,205.853939,29.270950,15.258358
256.448316,205.483953,30.162165,15.899804
257.931273,204.467116,30.220238,15.894392
260.253621,203.587990,29.688564,15.998608
249.863932,202.312309,29.884224,15.848348
244.966558,203.065683,29.249918,15.686860
240.982109,204.260929,30.705801,16.292873
240.506417,206.008112,30.313267,16.679916
239.848068,209.325199,30.479261,16.655285
238.881468,213.010752,29.943560,16.677521
237.854416,215.363090,29.916204,16.556829
236.297346,216.740260,30.937616,16.856924
235.332997,218.222755,30.925289,17.357792
233.539185,219.038044,31.164539,17.604031
232.777081,219.051869,31.212139,18.898333
232.152096,219.258183,31.735098,17.765879
229.676198,218.829274,31.827763,18.059877
227.725837,218.221506,31.778351,18.603004
225.788717,216.775676,31.881159,18.728460
224.837873,215.581754,31.933138,18.874384
224.216393,214.610713,32.536831,18.844282
224.355389,214.156959,32.543499,18.817556
223.872439,212.383573,32.395035,19.515663
224.063033,211.544673,32.591682,20.059828
224.119450,209.700267,32.642773,20.426374
224.242328,208.933577,32.742050,20.569036
219.377459,208.076930,33.125587,20.808210
216.168774,208.057959,33.219296,20.764168
213.886802,207.756313,33.799355,21.040813
213.012439,206.336793,34.045609,21.525713
211.019639,205.933639,34.271915,21.874851
210.102584,206.088058,34.220863,22.081516
210.397990,205.091684,34.307373,22.491531
209.833291,204.801331,34.548588,22.770052
208.403260,204.304352,34.965336,22.896030
208.275525,203.289257,34.682751,22.895504
208.630887,203.065433,34.449917,22.866972
207.954905,201.814123,34.348892,23.104744
206.657763,207.319329,33.802078,22.914522
201.187501,211.341716,35.201267,23.751356
198.110442,213.512408,35.017632,23.863951
195.621224,215.228546,35.415806,23.971882
194.751771,217.584490,35.381626,23.953796
193.694964,218.697997,35.011353,23.892920
193.094809,220.071804,35.344978,24.246761
193.136981,219.633273,35.154678,24.712934
191.777493,218.872717,35.032742,24.718376
191.824767,216.630289,34.334038,24.382736
190.272013,212.521197,34.758484,24.936628
187.685881,207.190412,35.631065,24.771708
186.852677,202.863687,35.778721,25.838930
186.127984,200.052269,35.025105,24.776005
183.908204,197.149268,35.028324,25.609198
183.441497,193.540632,34.948647,25.724419
180.973254,191.665963,35.106674,25.980242
178.300587,189.395517,35.572155,25.956482
176.894511,188.271786,35.146652,26.097607
175.863984,186.563850,34.369038,27.266621
171.838408,184.747615,36.069420,27.662992
169.947673,183.495568,35.538956,27.120836
168.037175,187.679398,35.931103,27.725145
176.686110,191.809099,35.987892,27.937943
178.684085,200.699669,36.460968,28.158588
180.756057,211.694715,36.350487,28.222422
192.279261,223.671964,36.677475,27.840921
206.624448,229.013065,35.830425,28.410397
215.764712,234.074474,35.626526,28.538860
222.135295,237.180521,36.296890,28.803696
229.955277,238.810285,36.290028,29.035334
232.013104,233.292226,36.753170,29.357676
233.771561,221.707910,36.303425,29.532305
233.972115,213.479077,35.819904,29.218287
232.116326,208.482547,36.576633,30.159452
234.082053,205.915780,35.951668,29.982973
239.299575,203.976731,36.326759,29.786455
241.010598,201.584646,36.360355,30.127708
242.492976,199.290714,36.176163,30.457760
242.968510,197.841723,35.999142,30.210356
244.755578,197.455013,35.864597,30.683346
245.030822,195.931387,35.918251,30.203423
245.832196,194.439212,36.206432,30.685026
244.860320,193.329900,35.903648,31.092920
242.383487,191.695023,36.102478,30.991961
241.420142,190.897482,36.217140,31.119286
239.650685,190.624932,35.825085,31.425127
237.756245,190.625817,35.611950,31.424379
235.572320,190.687068,35.741245,31.939985
234.659890,190.320299,36.306355,32.484467
233.921687,189.429598,36.272110,33.300980
232.986430,190.717577,36.505417,33.222137
233.389127,190.682974,36.097393,34.081017
235.001450,190.556721,36.446125,34.857723
237.114444,191.721353,35.915070,35.609970
240.980424,191.512594,36.164890,36.413383
246.449548,191.388475,35.556858,37.187531
251.644732,191.851547,36.150528,37.961170
257.168843,192.293282,37.261730,38.802723
261.652221,193.860876,36.423485,39.580727
263.157809,195.224482,37.103119,40.575775
264.539380,198.724167,37.554317,39.892200
255.640075,201.452932,37.559593,41.038979
236.860339,205.826843,37.520233,41.227360
225.896518,207.926418,37.356888,42.572353
220.671922,210.899126,36.376209,42.696503
215.508256,213.114733,37.012135,42.492218
210.189271,214.321461,37.119328,43.005108
205.977595,216.134350,37.254257,42.932110
200.094012,215.539473,37.610672,43.365242
196.213998,212.388267,37.088673,43.343037
192.881259,207.419483,37.389496,43.882977
188.057893,205.887747,38.363300,44.196449
184.992617,204.646236,37.517746,44.438503
181.973819,203.837248,36.659607,44.587685
179.942527,202.886663,37.923851,44.916832
181.363601,203.270657,37.432640,45.035778
182.024747,204.733667,36.573635,44.439774
186.348014,206.750484,36.272133,44.655407
193.519162,208.587868,36.361599,45.036060
196.306485,211.400341,36.716900,44.679348
199.505500,214.838194,35.926674,44.580238
202.386985,216.599237,35.654350,44.314560
204.496920,217.766632,35.764359,44.687794
208.841815,214.999170,34.758514,45.289917
210.844491,211.296045,34.705540,46.078873
213.391820,210.062656,34.054546,45.287518
214.683446,209.817038,33.063122,45.589241
214.805611,210.435400,33.414402,45.126579
217.124654,212.622707,32.737057,44.495068
218.431138,213.228655,32.488880,44.406677
217.382151,215.418112,32.205978,43.992165
219.888634,217.350033,31.065603,44.131878
217.626056,219.043159,30.740021,44.318989
210.900918,216.287544,29.567204,44.476658
200.905929,214.155506,29.865316,44.116253
193.938396,214.395725,29.424223,43.305279
191.919154,209.601980,27.903305,43.569817
184.688381,207.964167,27.016691,43.945374
176.326197,208.291424,27.845047,43.067120
170.595655,207.032257,27.597925,42.940693
168.312394,207.078543,25.267658,42.906105
164.649307,207.274168,24.768820,42.984261
154.303648,206.874660,24.346018,43.042690
139.631134,207.729551,23.723730,42.414604
123.850686,206.549761,23.735264,41.577240
117.006777,206.220926,22.019793,41.738846
112.236118,207.038446,22.246794,41.489914
112.109003,206.740538,20.826921,40.867012
110.775190,206.794355,19.849741,40.999352
100.824639,207.009367,19.987370,41.475197
96.981811,208.471016,20.662390,42.190601
100.858803,212.050909,19.409369,41.777519
103.228706,215.756840,17.811270,40.901745
102.654269,219.226379,17.902985,39.164845
105.374425,223.559814,18.208736,37.706165
108.401596,224.481842,18.705816,35.749943
113.572590,224.452662,18.714659,31.958151
120.557490,221.626843,16.222412,26.582033
127.558797,215.753150,16.392704,23.952124
135.600756,207.852842,16.627151,24.678108
146.223051,215.645791,17.947939,14.023601
158.317994,205.305340,16.351299,19.756992
168.739348,201.223379,15.723710,22.619026
179.925982,191.831490,15.661622,25.512102
192.002257,190.906256,14.352608,32.243340
203.728030,187.156023,14.478470,35.676476
215.921695,191.033007,13.916457,33.145775
227.646354,190.993120,13.956199,36.175522
240.443247,192.243765,13.638979,38.115822
252.487793,194.853836,14.747839,36.601200
257.486475,196.235922,14.596940,35.889671
258.347816,199.257746,14.547293,36.971710
258.298914,202.224094,14.207628,36.610920
251.833606,207.260036,14.710899,34.709728
247.055717,210.186914,15.014228,36.634682
239.684780,215.027616,15.754796,35.778008
236.021972,220.780706,16.387365,35.516991
231.177183,224.461458,16.323771,36.646393
221.556167,229.804193,17.398268,34.852066
219.177056,234.160664,18.664455,35.449368
215.609139,239.263277,18.553143,33.440948
211.737005,243.058519,18.961367,34.682114
206.308425,247.059723,19.530952,34.112965
202.364507,250.208216,20.354891,34.897232
198.619622,253.413927,20.138172,34.334000
196.935769,255.640243,21.281681,33.837330
198.247823,255.728374,21.884747,33.593029
198.242207,254.850683,22.352383,32.859337
198.059509,253.696047,22.803717,32.595871
198.418456,250.683197,23.879814,33.602039
198.638734,249.069735,23.344593,33.706375
196.949789,249.200199,23.812830,33.075130
197.700709,249.243568,24.168381,32.593311
199.146371,250.038774,24.928989,32.781586
200.776501,251.140554,25.682735,32.731773
202.713026,252.683310,26.370661,32.732155
204.214045,254.131421,26.160034,31.875360
203.886555,255.147932,26.349257,32.268120
207.202118,256.863765,26.663244,31.763487
209.482194,257.438288,27.456898,31.653397
210.875631,258.531416,27.868906,31.798012
210.771320,259.031346,27.280210,31.659357
209.880563,259.725340,27.407978,31.733208
209.563157,259.153049,27.834599,31.993999
209.209464,259.343243,27.753563,32.022961
208.670950,257.404950,28.546900,31.126139
208.187994,254.293450,28.028894,31.673174
206.042129,250.474955,27.409201,32.093216
205.966630,247.411214,28.386082,31.224909
205.666212,242.878278,28.038004,31.424112
206.558708,239.558034,28.673864,31.415628
208.118005,235.346650,28.038517,31.479815
209.452861,231.966071,28.496460,31.358007
211.163486,228.419722,28.509855,31.661201
211.539127,225.149812,28.336927,31.502428
211.229714,222.642487,28.507710,31.123644
214.022563,219.165956,27.618759,31.139345
214.294243,216.533923,27.854086,31.291395
213.807770,213.861068,28.190878,31.008291
213.272141,210.968121,28.382404,30.949398
212.772445,207.248873,27.847130,31.313095
210.442703,204.019515,27.769888,31.198446
206.958599,200.943907,27.187910,31.079765
203.440065,198.334382,27.784243,30.681658
200.964347,193.458006,27.697655,31.556160
199.458123,192.820032,27.739811,30.556992
197.969941,192.044442,27.006763,30.555941
196.624660,192.154407,27.375288,30.412716
195.295142,192.342500,27.661934,30.390261
195.785607,193.672194,27.509159,30.121649
196.051471,193.848559,27.142532,29.631102
196.649487,193.582341,27.365719,29.125650
199.591965,194.511792,26.397528,29.506754
200.525848,198.729986,27.216589,28.649498
202.538737,201.109035,27.314362,28.858929
203.433348,203.412040,27.775658,27.857397
205.480849,204.025652,27.239708,27.280930
205.955663,205.581868,27.464123,26.300180
207.486023,206.745298,27.995016,25.521645
209.136177,205.913150,28.185293,25.127653
210.569472,206.309522,28.211601,24.468515
212.372575,204.034912,27.559162,24.458431
215.248495,203.535726,27.937204,23.380678
217.044869,201.842794,28.549809,22.587807
218.919227,200.008063,28.696783,22.676130
221.982545,200.025030,28.039661,22.091782
223.641283,197.283627,28.020296,20.691227
226.320447,195.061094,29.107525,21.633850
228.300916,194.243026,28.169445,19.078436
231.700871,192.853568,28.651524,19.532469
233.618534,192.668832,29.540983,19.513651
237.231980,191.585337,28.646481,17.029297
240.492660,191.033004,29.200079,15.743085
242.418161,189.816088,30.173449,15.666420
244.564715,188.721846,31.147385,15.550423
246.272737,188.006513,31.379816,14.993280
248.109136,186.399999,31.027140,14.837900
246.490032,185.718389,31.636091,14.127846
246.814654,185.631920,31.483719,13.741107
244.824521,184.296699,32.229969,13.821981
245.071818,183.644507,32.004593,13.386329
245.599143,180.586811,33.326462,14.178913
245.271190,176.743953,33.034142,14.920545
244.314462,173.404560,33.163975,15.379735
243.038308,168.716462,34.119808,15.667177
240.018575,164.843698,34.592953,16.498064
237.730725,161.845712,33.532368,15.731835
235.714438,158.531430,33.779854,15.792421
232.076789,156.024848,34.118652,16.013891
229.349070,155.754322,34.445816,15.755809
225.859471,159.667595,33.921658,15.631824
223.134646,161.972573,33.319130,16.423288
222.237733,164.771430,34.312244,16.559896
222.077109,167.784227,34.284172,15.959962
221.512286,167.887003,34.310013,15.818054
222.785146,167.281954,33.793194,15.694862
223.668593,166.284024,33.271568,15.813807
224.711369,163.979454,33.657330,16.223278
226.583234,163.135199,34.329128,15.956848
227.530463,164.533511,34.663841,16.358633
226.296630,166.839355,34.660210,15.844402
223.358235,168.743638,34.861301,15.816157
222.202901,170.477290,34.023937,16.117590
220.195929,171.846611,34.684288,16.013515
219.493296,172.557882,35.018326,16.531372
219.535821,173.147675,34.911526,16.502018
220.704886,172.450552,35.682564,16.317139
221.075595,171.205488,35.289803,16.944618
222.072755,169.419799,35.426746,17.718275
222.646800,167.816385,35.160072,17.920906
223.538043,165.136285,35.031288,18.237970
222.837647,163.716710,35.611416,18.491861
223.824845,164.420860,36.327297,18.440037
225.088509,165.665539,36.285030,18.199001
226.202763,167.327452,36.408924,18.514717
227.897546,168.755301,36.898876,18.204138
228.978261,170.748530,36.301060,19.258955
228.796429,172.473275,36.881977,18.655336
229.995093,172.918351,36.843185,18.263247
230.379596,173.299669,37.348412,18.548080
231.600972,171.647440,37.314106,18.932739
232.749322,171.267892,37.663708,18.555758
234.233781,170.197617,37.755489,19.256884
233.245173,168.815943,37.479927,19.127625
231.669936,167.315188,38.165344,19.045042
227.215194,165.242079,38.238136,19.749306
224.260697,167.376308,38.245136,19.409512
221.737885,170.401561,38.476063,19.601393
219.566825,173.985066,38.837852,18.951929
217.067063,176.489404,38.943562,19.744799
215.452226,177.099809,38.834293,20.603884
214.474332,178.923440,39.395245,20.155306
214.085463,180.258154,39.908485,19.915840
214.792508,181.928315,39.305553,20.025637
215.758939,184.789750,39.572598,19.999575
216.953912,185.685220,39.465702,20.210299
217.582078,186.537600,40.046314,20.509384
218.188847,187.591099,39.882504,20.564480
218.651568,189.099692,40.464417,20.905325
216.188214,190.853604,40.082592,21.007883
213.819093,192.617491,40.526493,21.100655
207.866368,192.893997,40.502102,21.678974
202.336150,194.236746,40.734169,22.047279
196.459891,195.791810,41.418098,21.623507
191.791016,196.243781,40.665073,21.824850
186.521458,197.193893,41.015408,21.683231
184.488612,199.057033,41.093567,21.479168
183.315152,199.539672,40.287121,22.073812
183.393897,198.777368,40.376610,22.225405
181.970239,196.512507,41.043339,22.690428
182.392522,194.339136,40.845745,23.252472
182.759843,193.166069,40.728077,22.928928
182.109641,192.327244,40.546654,22.906017
181.921656,192.539972,40.473038,22.726837
181.845605,192.238157,40.138325,23.073311
180.991240,192.852126,40.989296,23.156698
179.959494,193.445256,41.178673,23.212122
179.883612,193.513648,41.137840,23.752661
179.665290,195.056258,41.396431,23.301153
180.309922,195.129190,41.876408,24.084671
180.884141,196.009958,41.090275,24.031662
182.087457,197.528566,41.179508,23.849838
182.240937,199.212775,41.217152,23.719839
183.042537,200.943631,40.928421,23.684473
182.000094,203.206092,40.973755,23.908468
182.654465,205.223021,40.457340,24.216408
185.065680,202.740153,41.340706,24.520216
188.513532,200.907768,41.241207,24.017796
191.851331,199.348871,40.762417,24.284958
193.835814,198.778261,41.299706,24.668655
195.507750,198.256287,40.840508,24.723515
197.340239,197.923548,40.694725,24.960617
198.516225,198.472031,40.100246,24.814854
199.962462,198.801084,40.115273,24.267738
203.060550,200.348924,41.329590,23.657106
207.779412,199.703727,40.621708,24.020666
209.727589,201.458887,40.977444,23.483246
214.170594,202.230071,40.778355,23.678762
216.958670,202.488379,40.919914,24.108755
219.095820,202.590138,41.070724,24.179575
219.091443,202.606882,41.946682,24.586258
219.885918,204.154095,40.969685,24.578930
220.401225,204.207618,41.374435,25.028250
219.833884,205.072000,41.478981,24.757891
219.172126,205.340099,42.339485,24.944698
218.516862,205.898494,41.423756,25.081633
216.493945,206.846920,41.508621,24.872219
213.786826,207.399626,41.540321,24.415398
210.679267,207.673344,42.180672,24.444576
208.923018,208.061272,41.525734,24.285877
205.441155,207.104326,41.837391,24.066467
202.083342,206.889038,41.428123,24.519535
198.640244,208.400255,41.450535,24.329987
194.551408,209.675755,41.694141,24.387310
191.673352,211.618963,41.000484,23.815636
185.671595,213.579193,41.946594,24.236347
181.681525,215.230591,41.506767,24.294361
176.639001,217.811138,42.769032,24.479641
175.651385,221.156981,40.225113,23.715475
177.842599,223.272271,41.136723,23.410418
184.106948,225.160874,40.532265,23.358934
187.633916,226.673979,41.161007,23.455544
193.863616,227.588617,40.726082,23.532562
198.838794,227.908786,40.574814,24.187925
205.654597,228.739590,40.762421,23.645855
210.216506,228.546115,40.640785,24.405897
213.923554,225.854803,41.075932,24.196022
218.709033,223.496712,40.665787,24.029652
223.937739,217.929855,39.747437,22.791752
231.980006,209.919520,39.659744,23.809492
233.163161,200.882068,40.650490,23.097517
236.828183,194.041687,41.054165,23.297306
237.732970,190.714043,39.800392,23.265629
235.580640,188.646280,40.118252,23.064331
233.489058,186.426923,39.091835,22.840708
229.539330,186.464703,40.044849,23.045284
225.408646,187.371506,39.390110,22.522465
220.658171,188.454408,39.360497,22.300539
215.931388,190.544230,38.897346,22.046629
211.677920,192.357541,38.392746,21.833628
210.213055,193.978080,38.425167,21.608450
211.070395,195.607851,37.982582,21.849045
211.568375,197.182045,37.856754,22.337360
210.988883,199.629481,38.865700,22.171934
211.833876,201.640244,36.656319,21.872515
210.811812,203.772592,37.167885,22.521318
210.139718,207.786314,37.789066,21.395546
215.384175,211.417982,37.425289,21.726280
219.204360,214.402645,37.122627,21.830868
225.502240,217.888158,37.312389,21.049936
230.476510,220.916722,36.723225,20.174997
235.295440,223.032840,37.245171,19.931028
239.867781,225.737206,36.396797,20.892061
243.260503,225.202273,37.060665,21.133482
246.600119,224.487574,35.948143,20.269775
249.149993,223.913776,36.652016,21.248241
251.044875,223.565685,36.818748,20.557354
252.043895,223.505852,36.182037,20.341190
250.102166,223.423339,36.692326,20.997396
247.250729,224.148210,37.022518,20.239090
243.100900,223.429469,36.559864,19.778563
240.477126,223.204024,35.519691,19.813101
243.957873,222.715236,36.241394,19.197523
241.425334,224.140927,36.695793,19.176538
239.635089,224.024547,35.426918,19.140821
237.985701,223.861179,34.328224,18.790295
234.467717,221.901464,36.184666,18.414452
239.000895,216.744572,34.303246,20.345798
239.424701,215.550898,33.603539,18.517021
240.383651,213.434866,35.845978,18.879372
244.106831,209.784279,35.842335,19.489780
242.886815,205.730436,35.667973,18.017708
244.900239,202.910009,35.484890,17.804214
248.503693,199.953452,36.271389,18.833128
253.325045,199.165333,35.246071,17.940845
256.953187,198.483521,34.815548,17.811098
261.777009,198.106001,34.420803,17.869980
266.344216,198.197780,35.233227,17.269514
271.693852,198.476894,33.493366,17.349186
276.623175,198.576267,34.922073,17.722385
283.198287,200.202166,35.479828,17.649117
291.928164,201.122788,34.880791,17.713770
300.859612,203.346227,34.821301,17.550570
308.314942,205.613014,35.184475,16.810513
312.218056,207.487865,35.200466,16.631603
315.435580,209.619760,34.072884,16.520929
317.306199,211.403441,34.519947,17.108809
320.317059,212.862547,33.478489,16.905876
320.044619,214.994287,34.300629,16.639732
320.584836,219.322293,32.715900,16.104967
319.058780,223.369379,33.824608,16.294144
316.640893,226.810983,34.123684,16.748636
318.364764,231.305089,33.322479,16.909258
314.871667,233.808697,33.838261,17.142719
312.285304,236.140284,33.877129,17.390165
309.444182,238.371750,33.273163,15.678493
304.164870,239.241006,33.623886,15.832185
299.421382,240.919813,34.323372,15.630906
295.359893,241.529703,32.537910,16.007874
291.743466,243.643451,33.023365,15.823072
287.639024,245.196770,32.210041,16.390751
284.528790,246.850384,32.700092,17.075512
281.238498,248.336321,32.123726,16.856720
281.211084,250.578693,31.168016,17.123768
285.007941,251.542298,32.490448,17.881144
287.605150,252.293722,31.777987,18.544762
288.831631,252.790513,31.440243,19.255823
288.737043,254.138275,31.146280,19.531605
293.289248,255.204080,30.754929,19.428583
299.993273,255.866254,28.778337,20.396997
308.196864,256.108797,28.880341,20.879692
313.181226,255.587357,28.964581,21.689587
317.934551,253.341066,27.563093,21.068604
326.116626,249.146116,26.698959,22.951050
335.207646,243.014121,25.819500,23.801153
341.073015,239.446343,26.929064,23.298586
348.318041,236.056961,26.770967,22.044163
355.829799,231.511142,27.069931,23.893316
366.227459,228.143680,25.848753,25.660276
371.697163,225.730308,27.348782,27.587978
382.485627,223.336439,24.141590,25.095871
390.038154,223.285813,24.963614,24.313555
399.378999,222.386887,23.803944,25.829754
405.157428,221.804480,25.513535,24.945724
408.454669,220.360583,23.270172,25.333899
406.261069,221.886872,24.167992,24.971170
404.194825,222.992873,23.136272,24.669798
401.128409,223.906045,22.926971,25.106638
399.242959,224.143251,20.021679,25.427071
394.662780,224.669838,21.065620,26.033184
389.693761,225.039374,19.895496,25.899343
383.097104,227.820899,15.947352,24.947577
372.747024,233.456318,14.853170,19.405102
361.300813,234.514307,12.873947,19.047707
351.489996,235.676749,11.536763,18.525007
343.505077,236.077723,10.000000,18.014565
332.275608,237.853252,10.000000,16.541302
323.319232,238.279847,10.000000,16.025705
315.560781,239.751849,10.000000,13.586066
306.265974,240.838776,10.000000,14.171459
297.692602,244.636374,10.000000,12.824218
288.756750,248.822961,10.000000,14.487993
280.839999,252.754571,10.000000,13.285829
272.687328,256.581315,10.000000,14.180415
264.814394,258.518879,10.000000,13.671635
259.708711,261.100018,10.386476,13.000751
257.194314,263.678418,10.506697,14.564570
255.630551,265.231203,11.026123,14.041421
252.036935,266.712581,10.981021,14.485510
247.530598,268.616610,11.661457,14.960593
245.718737,270.826352,13.107856,16.264307
245.373179,271.839796,11.530022,16.187614
245.222637,272.762563,10.932285,15.956385
247.331477,272.593604,13.752525,16.328711
247.659264,271.549773,15.898853,20.726271
251.825634,271.766035,16.537189,18.230789
253.947633,271.577192,16.586985,17.823593
251.933721,270.737938,18.520350,18.291271
250.187941,266.664113,17.959183,21.270327
247.406327,264.662916,17.761730,22.506668
247.941801,264.698633,17.211319,21.501045
247.928685,263.958212,16.922152,21.751030
245.917496,263.423643,17.662655,21.167496
241.776324,262.767912,18.915863,21.541885
236.420156,263.328058,17.633448,21.074936
228.879505,263.556227,18.288877,22.377327
224.677762,263.324223,18.804262,20.721424
221.751312,263.144804,17.993711,19.802864
216.336473,262.497402,19.740541,18.886524
209.749891,261.869951,20.204584,20.125534
204.130210,261.891960,19.296179,19.269245
196.799298,259.611916,19.897640,21.123142
194.879622,259.282894,20.216782,20.360073
194.525117,258.488028,20.022982,20.664373
196.332776,255.594044,19.521379,23.105999
200.981656,255.697761,21.434038,20.857626
204.368407,255.881089,19.658478,19.901690
209.192193,255.800891,20.698450,17.592649
210.341902,254.450589,20.817604,17.296709
210.817853,250.283303,20.915522,20.062609
212.277665,248.168329,20.107454,20.203285
214.829990,246.077508,20.340788,18.829416
215.906477,243.759639,22.252777,20.773870
220.303500,240.533347,20.065649,20.110807
225.486447,239.880982,20.471149,17.558207
227.839343,239.553272,21.038313,17.286312
228.289905,239.115575,20.584539,17.078150
226.068293,235.278725,21.152290,19.568424
225.575363,234.368586,21.327251,19.820808
225.754629,232.851091,21.417252,19.638588
223.902087,229.703934,21.276741,19.641003
220.045984,228.656301,20.348467,18.524406
218.177851,224.195777,20.656929,21.033209
215.731860,223.675856,20.601662,17.118744
212.088637,217.285100,21.652046,21.582987
210.392843,217.144138,21.319399,20.996418
207.986595,216.584005,21.111462,19.981102
206.587363,217.317857,21.948654,18.732805
207.522148,215.152908,20.836552,19.580051
208.115478,212.899385,20.758032,20.220062
205.637100,210.732993,20.457945,19.591124
204.989558,208.935884,20.863564,20.592476
206.319023,208.031255,20.341503,18.448786
204.415523,206.699704,20.512648,17.831469
202.410424,204.771642,20.757786,18.980013
202.878718,203.135272,20.628983,20.947134
203.411450,201.948232,20.774921,21.247980
203.987181,202.336288,20.793526,20.915440
206.269448,203.848965,20.220158,20.684025
211.659193,203.865635,20.622749,19.589703
218.536131,202.704781,21.023628,20.666582
219.166189,202.137452,20.767588,20.768251
220.272167,200.541732,19.755926,21.004271
220.763986,200.567947,19.916147,19.996227
220.662085,200.176253,20.264542,21.660261
222.374996,200.796229,20.293720,21.001104
223.377839,201.787253,20.181200,22.439199
225.520617,201.907184,20.261978,21.497114
227.689073,202.623064,20.150255,20.634628
228.015074,202.464283,19.681458,19.791882
228.622943,200.790173,19.843489,20.109608
228.155935,199.775929,19.636545,20.316439
227.983682,198.525478,20.063364,20.109272
227.894506,196.364839,19.480219,20.528658
228.781409,194.912731,19.012001,20.272282
228.919449,192.410327,19.783466,20.973158
229.725177,191.491355,19.639441,21.568228
229.902775,191.075452,19.892292,18.132807
229.319381,187.539407,20.520277,20.401445
229.073426,188.078587,20.291042,20.681095
228.755695,187.958093,20.351912,20.648233
230.585821,188.024046,19.836494,20.013428
230.444478,188.613988,20.337954,20.028093
232.788226,189.386301,19.994696,19.503807
233.693344,189.924336,20.357449,19.703989
234.544102,191.637717,20.684650,19.634832
236.252664,193.524702,19.693422,21.472488
238.883187,195.493971,18.216579,21.402756
241.027929,197.014351,19.155024,20.880215
241.693569,197.787414,19.943846,21.911528
243.126943,198.030769,19.851496,20.895069
239.600615,196.325097,18.541183,20.964281
234.167667,196.648771,20.151617,20.591698
231.357010,194.039815,18.911739,22.318117
226.721194,194.579171,20.396805,21.835848
216.123967,194.651822,21.387402,21.885462
210.054210,193.041396,21.522490,23.099752
207.599623,191.745236,19.481155,22.705355
205.004789,191.675074,19.262621,22.594910
202.283601,192.238774,21.403162,22.777704
203.066244,191.872466,20.631706,22.531034
204.139138,193.036176,20.316990,22.238832
205.531824,194.717577,18.963608,21.824821
207.439956,196.187165,18.837072,22.778772
208.863565,197.736938,19.780451,21.889843
212.658917,199.365428,20.054821,22.545790
215.650657,199.433922,19.479719,23.629627
218.521118,199.593843,19.436911,22.382965
221.242106,199.786499,18.973366,22.156086
224.452781,200.121220,20.578970,21.953419
228.834307,198.919503,20.260704,22.727259
233.213387,198.154402,20.574421,22.007973
238.698641,196.837430,18.678772,23.013460
242.218645,196.520535,21.249161,22.002192
247.891660,195.162446,20.593584,21.368486
250.972628,194.603247,20.329147,21.304382
255.295751,193.146952,21.244158,21.376068
259.740727,192.293934,21.551983,21.884113
262.357775,191.377321,22.066429,20.680481
264.459839,191.884209,21.623219,18.287609
269.251355,191.452233,19.181719,16.872004
270.580562,190.912012,17.602560,16.757736
270.503377,190.627380,18.159472,16.540607
271.345719,191.725081,17.119869,14.216261
271.840820,191.317412,17.050070,14.570807
265.415674,191.559950,16.650179,13.723899
263.639147,191.725598,16.195496,14.130404
259.424446,192.933701,18.503788,13.923662
255.102578,197.652174,16.162470,13.047211
247.334414,201.392323,17.211220,12.403719
240.561773,204.554173,15.362054,11.622279
232.666038,208.147549,16.453077,12.098461
225.799177,207.670254,20.584909,14.545840
221.013000,209.185772,16.773260,14.121242
210.019097,211.305914,21.323608,12.386177
199.724450,211.469110,17.893991,12.559677
197.821752,210.961831,21.170565,12.717418
192.066498,208.630285,19.017017,12.989944
185.337164,207.300950,24.417122,13.050807
180.261713,206.563786,27.547554,13.203762
178.197898,206.852025,24.724028,13.170596
175.805529,205.967975,26.821747,11.510145
178.814692,204.832089,26.139511,12.181452
176.503174,200.003959,30.095158,15.587606
179.993339,199.931212,28.703932,14.990348
182.691529,198.979844,32.880589,15.273706
183.182360,196.385682,35.255623,17.136744
187.155108,197.176031,36.687828,16.244728
191.991598,195.879881,34.116608,13.397292
196.115189,195.531842,35.070271,14.182741
199.117384,195.513780,36.405136,12.380731
202.799679,196.099578,37.710537,12.579389
207.626602,196.735606,36.770908,11.177093
211.097031,196.901993,37.397686,11.541675
213.639952,195.684284,38.618034,12.143787
214.696690,195.436749,37.974079,13.191477
213.283737,194.542224,38.980221,13.057622
212.293787,193.023833,40.266533,14.289221
211.861958,192.476692,40.156597,14.974248
211.907317,191.802837,40.029175,15.522495
209.223221,190.153289,39.320217,16.111097
209.070027,188.171816,39.440060,17.589165
209.392395,185.154533,40.992435,19.309017
212.586932,183.600026,39.138916,19.092836
213.411555,179.378253,40.238037,20.360571
215.226752,175.680816,40.385979,22.475935
218.568852,173.272818,39.469296,22.958374
220.645113,169.236457,39.787003,23.627043
223.384394,163.330895,40.075851,26.490549
226.034046,159.450012,39.451962,26.041500
226.750687,156.898572,41.454182,27.556581
229.410649,157.347029,41.077526,27.715759
233.015353,158.747210,39.141693,27.980949
232.949782,157.239392,38.804268,29.589846
234.301716,154.802711,38.488750,30.488689
233.472487,151.296933,38.501381,31.395388
231.516888,146.939062,38.548046,33.720825
226.579926,146.025347,37.575657,33.448875
224.310602,146.283750,38.694427,34.846954
223.560248,151.953440,36.885948,34.448723
223.124218,159.477093,37.100796,35.195377
223.932665,167.832382,36.979004,37.651958
224.883486,172.311394,37.633865,37.139797
226.659727,172.712027,36.886818,37.306122
231.718363,170.345705,36.136200,38.016991
239.917918,167.519348,35.175491,39.558453
244.770605,163.569282,35.555153,40.141705
248.066830,160.196268,34.453121,40.571083
250.695925,155.383285,34.501678,40.940868
255.357329,150.195930,33.201500,41.478512
260.663384,145.319902,33.427952,42.627831
264.714457,141.244574,32.145859,42.233612
270.682467,136.356567,30.892044,44.179455
274.251370,132.006847,30.432720,44.510975
278.958375,127.999567,29.884813,45.272575
281.302103,124.722597,29.772659,43.943428
281.959434,120.930984,29.837408,44.980770
282.120035,117.241018,31.248079,44.969101
281.289942,114.010858,30.840073,45.934929
279.855299,113.688507,31.479561,47.179775
274.741694,112.856121,32.268402,46.412434
270.796030,112.242498,32.294724,47.093262
265.844052,111.879637,32.771084,47.722153
259.567526,111.308546,34.214104,47.583054
252.348032,110.717747,34.677063,47.136448
246.301146,107.685308,35.082985,47.893250
240.175144,105.698919,36.212704,48.837570
232.681662,103.478321,36.740410,48.933125
224.852070,102.067043,37.687893,48.957218
218.654721,99.350014,37.808102,49.441158
213.395155,97.987831,38.356087,49.376263
211.717358,96.824001,39.263271,48.957569
210.812847,96.753380,39.368740,48.547848
212.483052,94.913357,40.298489,49.113422
216.591254,95.318186,40.334206,48.243721
220.895514,94.463736,41.203896,48.585175
226.590626,95.688665,41.905758,49.515900
229.362969,99.666649,41.757481,51.611858
225.031496,110.939957,42.510818,50.151287
216.384545,122.318266,43.080601,51.895798
206.963734,129.412594,43.013271,52.196644
201.807520,134.671268,43.572983,52.853077
196.388459,139.302889,43.676762,52.490471
195.490708,143.341856,44.770359,54.271576
204.285446,148.816193,44.492069,54.317501
206.690657,153.804226,46.241310,53.895329
208.814493,158.780792,45.780533,54.380764
207.612437,162.410320,45.881546,55.331791
208.437771,166.909317,46.741665,55.744503
214.283526,170.910725,46.671616,56.302235
214.370262,173.876011,47.177921,55.790272
212.540825,177.137581,48.164982,57.557568
213.096035,180.137033,48.129025,56.725929
214.340178,183.876902,47.665642,56.511543
214.963217,184.654278,48.979317,57.165562
221.291941,182.059149,46.823517,57.515244
217.955969,181.923353,47.219673,57.819397
213.120964,180.688593,47.023808,57.790627
209.551852,177.421644,46.072098,58.544815
205.155741,177.852394,45.619339,58.865108
201.856312,178.006952,44.156155,58.927940
197.832613,179.301504,44.210617,58.436005
195.062222,179.785894,43.436413,59.102142
190.211645,182.210087,43.407219,57.378941
185.655316,181.125589,41.973080,57.505791
179.560522,179.793140,41.845879,58.062519
171.756396,181.877205,41.775192,57.201885
164.014666,182.514420,41.807922,56.563595
157.926819,182.733030,39.574299,55.957199
149.705038,183.377882,39.336021,55.837357
141.976368,183.516659,38.910351,55.943714
134.915293,186.400829,37.837296,57.981678
130.057314,190.687456,37.216583,57.149498
126.378655,195.165806,34.908237,57.253620
123.182682,199.746950,34.897305,56.359627
122.142521,207.203321,34.584911,55.357590
123.373593,214.166752,33.038342,55.648335
124.999306,218.260672,33.367649,54.455521
127.093868,220.756742,31.577131,53.797256
130.157489,221.365871,30.979460,55.499058
132.341692,220.944517,32.030792,55.187836
135.571307,222.769318,29.060102,52.495968
135.769035,223.096783,27.481024,52.977528
134.797052,223.880411,28.096392,52.664314
133.419040,223.454887,27.936155,51.285656
128.722327,223.981913,28.331795,50.496590
122.911856,223.865843,28.182457,48.904694
115.062524,223.933805,28.134996,48.143509
107.663975,222.189972,27.550564,47.038326
102.430899,218.254909,26.286232,47.609425
95.910323,214.526611,27.307257,48.111752
87.569142,209.032423,27.768520,46.453781
79.870076,207.952673,28.283855,45.688492
70.269224,204.196253,26.972191,43.172417
65.827825,195.723293,30.641977,45.408009
65.092352,191.265720,30.682457,43.952793
69.938070,190.511946,28.084269,37.449097
71.562546,179.219727,30.754871,42.639324
73.131037,175.165735,32.248550,39.842720
80.316855,173.924648,32.021568,36.869297
87.889283,167.708197,32.063663,38.683151
95.831188,160.117798,33.100735,40.704098
103.297118,160.694496,34.259804,38.958767
111.433895,160.798351,32.957806,37.209278
118.902455,160.933561,35.126369,39.262970
127.816111,162.870705,33.807068,36.934856
132.255173,165.094763,35.364689,39.676529
140.111508,174.880815,33.771130,33.636375
144.647557,176.025360,35.777309,36.658733
150.624359,179.695908,35.655506,36.666515
158.490752,182.602798,35.583855,35.545513
166.569794,184.911926,35.933292,36.315823
168.242091,186.009994,38.414658,34.633358
169.560095,187.696802,37.457069,32.810829
167.854536,186.833696,39.232155,33.757881
167.506129,185.884005,38.702209,31.417580
167.602961,183.342822,38.226700,31.482687
164.826338,180.482579,39.874077,31.192690
159.224976,177.037335,40.498768,30.123644
152.602576,174.837996,40.267357,29.426481
147.856621,171.524048,40.167683,28.863628
141.115588,169.129243,41.038925,27.842371
135.630659,165.741605,40.492973,27.223558
130.994913,165.180305,41.798141,26.586330
123.763974,169.408203,40.913448,25.692303
119.169222,172.941560,39.885101,26.891855
113.744345,178.321492,41.631752,25.285372
112.953280,185.051811,41.723724,25.858715
112.201081,192.221963,41.977833,24.011896
110.796250,194.490603,40.499821,23.242254
110.709515,198.242194,41.946728,23.092070
110.684925,202.107261,41.953442,21.729124
111.599737,204.890284,42.498024,20.890356
114.421299,205.274268,43.874035,19.757231
118.135266,207.073503,41.122982,18.378670
117.444727,207.057646,42.250732,18.463486
119.854779,207.296850,41.152996,18.203049
121.668310,207.277409,42.880501,17.857578
123.059769,207.556980,43.270420,17.401173
125.861380,210.175683,41.039131,18.747538
126.404568,210.200346,41.314556,18.147995
128.822769,210.290277,40.570866,17.216423
129.882050,209.955984,41.942982,16.624207
132.199642,208.892815,42.629879,15.655651
134.248328,208.054108,41.369499,15.705241
136.187533,207.699802,40.355728,15.648282
137.021771,207.061381,39.860386,14.728704
137.630907,209.971984,39.776680,14.994841
140.045092,212.643667,39.555710,15.648545
142.385191,215.674030,40.002937,15.355550
144.386082,220.069081,39.948223,14.406528
147.410639,223.221629,38.708084,14.813101
148.817839,223.196529,38.171471,13.482571
151.762686,223.833127,38.395905,14.721856
154.885716,223.883525,37.768139,13.547750
157.920227,224.006162,37.296635,14.363939
159.865620,224.338211,39.167713,15.045048
165.709797,224.017797,36.453068,14.008270
168.051506,223.725135,37.568302,14.930989
171.253104,224.526330,37.071754,15.257151
175.638403,225.887620,35.764183,14.878756
178.037506,229.701610,36.073704,14.513913
181.111769,232.903255,35.607628,14.493145
182.322878,234.216711,37.693420,15.033883
185.047188,235.717694,37.732311,14.584085
188.724427,237.162859,35.749378,15.755744
192.198672,238.105801,34.209938,15.900166
193.442290,238.806102,38.056335,14.723592
199.021454,238.753256,35.389027,15.125945
202.385941,239.389608,36.407734,14.883828
207.742817,238.955888,33.228924,15.341761
211.538145,239.243566,33.493294,14.653306
215.778981,239.003624,33.002850,15.209812
220.557446,239.379472,35.902111,15.541200
224.653450,238.961008,37.713032,15.719117
228.999237,239.719757,36.415150,15.415836
233.820175,239.797324,35.790104,16.649305
240.238020,238.964846,32.522850,15.790114
244.107708,234.336517,33.326900,14.938840
246.703459,228.033639,33.989441,16.298754
250.281657,224.541218,34.384903,15.931712
254.369215,220.519476,33.462967,16.761559
253.027737,219.348894,33.051319,15.388001
248.419787,216.773554,33.833626,15.561333
243.754814,215.174879,31.589291,16.852417
233.038975,213.096680,35.653866,15.528484
230.752198,210.901794,32.287838,18.209026
224.666070,209.269644,31.533823,18.428360
218.205614,208.640789,33.849327,15.940595
210.479739,208.386231,33.782196,16.135073
204.498888,208.354187,34.420044,16.182285
199.207203,208.776288,32.252323,15.605617
191.698094,209.658658,32.533855,16.413652
185.880589,210.264013,33.656185,17.104614
183.460265,212.715996,32.720863,17.101528
180.361244,214.989390,31.953283,16.636328
176.541527,217.792845,32.217678,17.444122
174.079332,220.502445,30.771410,17.538250
171.684480,223.230324,30.229548,16.384518
167.954027,225.380280,32.357948,16.817156
167.774285,228.286242,32.047375,17.168058
169.950332,229.868700,30.838064,17.276634
172.202290,230.331097,31.324139,16.789959
173.639795,229.776568,30.712450,17.262968
176.185064,227.628664,31.072458,17.247841
177.594948,226.133581,31.167179,18.454262
180.824363,225.914424,31.089689,18.441610
184.431896,226.012228,30.242483,17.369720
186.368050,226.687569,29.991276,17.875576
192.319237,227.302858,27.992321,17.599854
193.762285,228.467538,28.938974,17.769640
195.688892,230.215939,28.859518,17.681446
199.183075,229.376224,27.365475,17.901867
201.437897,230.441077,28.515842,17.689611
202.470011,230.758058,29.201912,17.591944
205.423808,231.377805,27.718000,17.315111
208.124432,232.895033,27.732334,17.548233
210.377565,234.635842,26.444811,17.276873
213.661029,236.049369,26.773344,16.761015
216.710439,238.218130,26.433199,16.914688
220.428062,238.572323,27.587706,16.530590
223.547852,240.274832,27.119473,16.123802
224.578225,239.982559,26.283640,16.619808
225.640406,241.232472,25.914017,16.922861
226.810449,242.667001,25.585611,17.303209
227.827364,243.988572,25.544563,16.576250
230.182226,244.809266,23.645220,16.995546
230.587460,246.933645,22.343418,15.945015
232.012360,249.064374,21.359684,16.023027
230.988971,249.269204,21.655333,17.068521
230.985537,249.998919,20.128990,16.946737
228.095502,248.224272,20.177019,16.189499
225.461316,242.807623,21.557123,15.783286
224.696696,234.395807,21.944130,16.454544
224.341465,228.443240,21.648174,17.805685
223.763236,225.662740,20.727301,17.971849
223.500023,224.768081,20.766079,15.793402
225.743468,223.615772,22.383118,16.440128
231.117237,223.406301,21.078533,16.629036
234.861884,223.703362,21.491835,17.717638
238.185581,225.458552,21.133963,16.779692
240.574127,227.266437,22.174587,17.165173
243.726734,227.270447,21.847029,17.116848
250.523020,227.540263,21.747032,17.813475
256.532381,226.307201,21.760345,17.734470
261.010054,224.484427,21.931038,17.408094
268.764126,219.979020,22.100368,18.264307
272.829801,213.765531,22.520525,17.668154
273.791233,208.734312,21.848843,18.497505
278.915450,207.783069,22.225836,16.850157
287.902645,203.260070,22.689564,17.912939
302.017302,199.835944,20.902573,18.951452
315.048916,198.394157,21.652454,19.338688
321.183327,198.034286,22.646358,18.399723
322.945605,197.862805,21.934486,18.766962
323.151925,197.902222,22.648752,19.365238
322.568848,197.611399,22.543346,19.141098
321.501632,196.947947,22.089277,19.589348
320.570007,196.333716,22.517378,19.829206
319.315602,196.033017,22.376316,20.228220
316.749283,195.631929,23.298794,20.697006
315.604335,196.845733,22.567862,20.816015
312.727511,198.552182,23.072876,20.762690
308.832041,200.514021,22.986160,21.207008
303.455694,201.282101,23.702515,21.651356
297.704634,203.044093,23.463799,21.251165
291.289626,202.969377,23.380003,21.243784
281.540613,203.344443,22.789049,20.956274
273.811612,203.694291,24.074289,21.355776
267.025126,204.058868,23.431374,21.530506
259.801893,204.059831,23.743204,21.587702
252.323505,203.488707,24.526175,21.170113
247.002570,203.348063,23.908461,21.454634
241.721340,202.941876,23.704855,21.145266
236.782484,202.099788,23.618820,21.197393
232.587758,201.717397,23.396456,21.154238
229.933204,201.105727,23.489035,21.824934
227.441279,199.887819,23.399994,21.404007
228.500640,198.469013,23.495771,21.327930
229.238173,198.240581,23.646973,20.839428
229.596537,197.888040,23.730225,21.158495
231.255113,198.265753,23.248148,22.205551
231.202557,200.658418,23.896961,21.443476
232.202299,201.928978,23.856606,21.638500
235.436606,202.481313,23.474167,21.463068
238.875947,203.821848,22.929689,21.116035
240.825940,206.122874,24.366899,20.831717
243.018489,207.963746,24.395910,20.960024
244.422262,210.422896,24.424034,21.170370
242.819045,212.340537,24.412497,21.121634
241.993207,213.902676,24.715631,21.055309
240.941504,215.297481,24.417168,21.279652
240.641769,216.410296,24.599623,21.923193
240.477780,217.407217,24.764568,21.674057
240.236574,218.516794,24.699785,21.066177
239.943374,218.143244,24.415472,21.130653
238.960243,218.555755,24.367483,21.028227
236.642067,218.446471,25.129864,21.150778
234.604897,217.364117,24.589649,21.374599
232.719855,214.437696,24.054962,21.102028
230.099441,212.167020,25.108358,20.870508
228.635435,208.588877,25.166435,21.541504
226.746763,206.458167,25.764246,20.842466
225.146144,204.358026,25.707952,20.707621
224.264051,201.777921,25.274675,21.090677
223.327461,200.544156,25.404768,21.105471
221.733223,198.219762,25.527660,21.098673
220.614027,196.489954,25.620712,20.873871
219.593308,193.453625,26.098995,21.488468
217.995706,190.970460,25.313425,20.737009
216.533791,188.561669,24.912006,20.303736
215.142287,185.976555,25.538628,21.055378
212.758801,183.348835,25.812153,20.836643
210.823992,180.846398,26.455475,20.955729
208.979417,179.785078,26.914530,20.007668
207.344769,177.260228,26.461475,21.143877
206.971819,176.341115,25.541466,20.912035
205.162677,175.131617,26.142988,20.395683
204.760968,174.243557,26.612865,20.759441
204.163243,172.039813,26.617870,21.108580
203.141352,171.062735,26.871292,20.921844
202.391613,169.111701,26.340771,21.389692
202.380490,168.619417,26.475765,21.212654
202.739481,167.915153,26.292168,21.406164
203.425197,167.794351,26.230444,21.849771
202.821591,166.739868,26.345226,21.281979
202.774903,164.874620,26.665173,21.611908
202.585492,163.134181,27.040682,21.487226
203.036151,160.228828,26.880590,23.148563
202.106732,157.741204,26.513935,22.002115
199.069057,153.512511,25.468794,22.718016
194.897809,151.096312,26.177492,22.118401
192.596278,145.313795,26.376106,22.785179
191.453428,141.794828,25.616190,23.526649
190.656042,137.684189,25.138214,23.075916
188.347192,135.167383,26.973314,23.560562
188.624369,136.659986,26.712570,23.078852
187.603989,140.044838,28.329395,23.572086
187.607902,145.458426,27.658819,24.460806
190.394863,152.647610,26.304638,25.458645
193.250614,160.281633,29.320097,24.488678
197.416104,162.177765,31.166348,25.594303
205.086954,167.429090,27.417755,23.999672
209.929236,167.309486,28.463539,24.866718
215.446914,167.821408,28.579229,26.159037
219.646400,169.001813,29.132315,26.516184
223.836541,167.459856,30.103443,26.720886
228.630597,165.544599,29.716623,26.843300
232.917175,163.751349,30.492392,27.462378
234.832649,160.755277,30.889654,28.725962
233.923418,158.490281,32.092377,28.139177
231.984258,153.751442,31.149363,31.104877
228.773877,151.444374,31.313639,29.435352
224.989838,146.445146,31.376118,30.048479
218.041914,143.770760,32.230827,29.843157
215.156097,140.448647,31.148657,29.732363
202.491387,141.581232,34.319706,30.568237
190.771633,143.929335,32.775814,31.227592
184.294430,146.165832,33.979458,31.314383
178.169184,152.775723,34.220963,31.597330
178.145659,159.886668,34.267830,31.100447
181.453722,170.144678,34.643890,32.224228
185.556097,177.864578,34.997841,33.104694
191.522036,178.738901,34.081406,33.889343
193.727419,178.825733,34.860794,33.731762
185.506388,176.639326,34.722107,34.143913
177.991673,175.030035,35.844173,33.780357
176.189143,171.703508,34.626266,33.867157
175.681183,166.900089,34.948566,34.261593
175.055289,162.382351,34.684761,35.422680
170.110644,157.424894,35.448761,35.288277
164.045735,151.713575,35.467968,35.898216
157.114004,145.947716,35.502571,37.316685
147.316117,139.451731,35.994617,36.719284
144.954148,132.686956,36.728077,37.783348
142.270703,126.724030,35.517345,37.778522
132.965782,119.321545,36.879063,38.757122
128.346308,113.115972,36.224976,38.956017
121.088600,107.000187,36.681767,39.006084
116.354180,100.769310,36.377674,39.046482
110.250910,94.810150,36.073151,40.041340
101.574736,91.472128,37.255013,39.673363
97.387059,87.320763,37.384747,39.936268
95.017327,83.868437,37.667835,42.278389
91.717839,84.500717,38.390774,42.073704
92.225241,85.435421,38.217369,42.534542
96.327530,85.523636,37.769733,42.417225
100.766592,83.741770,39.064644,43.684143
107.044079,81.397125,39.056698,45.281361
113.314043,82.613192,39.278625,44.547913
119.681492,88.871782,39.512157,44.507751
125.046219,97.634472,39.779118,46.680080
129.951750,111.869469,40.153938,45.865849
133.618508,119.441982,40.259266,46.048382
135.365309,123.597624,40.295067,45.976128
138.206105,127.583477,40.334774,46.795635
142.975249,132.554068,40.283501,47.027122
146.718870,133.118441,41.079613,47.511978
150.549841,132.314478,41.021507,48.667007
152.984223,129.788637,41.641438,49.437653
153.855213,129.578815,42.300182,48.922619
153.276345,128.679693,42.496418,49.473061
152.673281,128.847021,42.691711,49.850075
152.642569,129.829828,43.014839,50.621658
156.785542,131.230646,42.024914,50.678116
158.907088,131.497354,41.551094,51.363052
159.665284,131.620420,42.435062,51.674080
161.935835,132.051077,42.222221,52.036827
162.940045,132.117014,42.856686,53.086349
165.705326,132.698799,41.913143,53.244022
165.599799,132.636665,42.385490,53.425510
163.973091,133.262020,43.133961,54.512585
166.053032,132.934433,42.599430,54.506474
165.060467,132.701607,43.650494,55.027500
166.393469,133.258480,42.685936,55.891262
169.096157,133.046442,43.605267,55.722900
172.443116,134.993177,43.473026,55.464943
178.295853,135.121202,43.513828,55.317749
183.004530,136.807674,43.622856,55.267361
189.061524,140.885006,43.557911,55.526669
193.728712,144.282116,44.286064,56.172802
197.264132,149.548578,44.742538,56.118942
202.382521,152.895510,44.753319,55.261566
204.747359,155.397541,45.260521,56.033566
208.318562,155.305050,45.999493,56.241360
212.280293,154.662569,45.426464,56.724899
214.849337,155.473810,45.777145,57.059799
218.337485,154.985041,46.025978,57.030609
219.320250,155.241205,45.491081,56.502625
222.319443,155.769995,45.704792,57.697578
222.608414,157.237320,45.180042,57.523518
223.202980,160.425951,44.973896,56.655350
225.026497,163.326811,46.223988,56.290855
222.760542,165.716274,44.548897,57.045986
219.476071,166.957989,44.503613,56.120861
218.270823,167.761393,44.612961,56.000687
218.788468,168.767761,44.795460,55.943989
219.703265,168.570583,44.927170,56.137157
220.114003,167.283129,45.699566,56.153931
220.623379,168.992746,45.000607,55.931625
221.897963,174.280811,44.239723,54.869534
224.629507,179.567530,44.468544,55.184219
226.594590,185.944878,44.145893,55.028126
226.853184,190.477251,43.458492,54.518372
226.599894,191.366741,43.091995,54.062130
225.720721,191.696306,43.098099,53.681992
223.150465,190.962866,41.827354,54.515205
221.179625,191.383968,42.005501,53.523220
222.870430,192.974817,42.158283,53.605591
224.073376,193.406479,41.794140,53.791386
224.767178,197.450447,41.945309,52.472721
225.530741,197.743902,41.767227,51.999611
225.684498,199.259970,41.999508,51.078163
223.205839,201.282314,41.181435,51.867931
223.212298,203.065756,41.235992,50.155708
222.390389,207.145552,41.394138,48.812675
221.267361,211.394875,41.783459,48.621754
220.992239,215.892805,41.502098,47.359993
218.995306,221.115482,42.125160,47.444729
218.436161,228.522696,41.910458,47.305000
217.556160,234.326832,41.219074,47.436596
216.742607,239.947281,41.099659,46.304203
216.244828,243.344597,41.273396,46.079639
216.768563,248.539505,40.777470,45.691822
216.701329,255.464542,40.524227,44.736645
217.549612,261.358303,40.857765,44.609844
218.199175,267.094225,41.337753,44.145081
219.007660,274.328264,41.140247,44.175949
219.354910,280.253368,41.932228,43.322002
225.033673,286.676620,40.921963,41.541645
227.895323,290.879633,41.225594,42.809296
233.867638,295.323542,41.336933,42.265305
238.104830,298.656856,40.572342,41.594112
243.069437,300.063187,40.540329,40.728107
248.965964,303.595966,39.998192,39.983044
251.419628,306.156116,40.738110,39.418835
253.175907,310.254288,40.624966,39.657566
255.194641,311.700487,39.961338,39.080765
255.639990,313.966021,40.196022,38.236115
254.485709,314.743122,40.900719,38.401897
250.833336,317.981422,41.896229,36.984409
247.540020,316.247648,41.419674,36.761040
245.170206,310.824726,41.860291,35.589382
241.078099,310.778728,42.308773,35.007122
241.227555,302.962933,42.247181,33.669598
242.188902,293.660658,42.869469,33.817436
243.447686,288.531185,42.347401,33.207684
244.632941,284.911257,41.744331,31.950775
248.133412,280.746557,42.923473,31.242561
253.388394,276.275671,42.507946,31.327873
260.350067,272.672777,43.272587,30.098801
263.701725,273.769682,42.944363,28.778969
260.444281,276.124044,43.451378,28.196281
261.713309,278.100367,43.043144,28.173187
258.409184,280.249585,43.401852,27.522837
252.392453,282.584820,43.339672,27.069408
248.742340,286.280855,43.278889,26.137589
245.116333,286.979321,43.741962,25.523218
239.570114,285.457447,43.063404,25.920849
232.050675,281.544100,42.711308,26.491165
224.579487,275.173419,42.976635,25.883512
215.480675,271.403366,43.690678,24.840092
209.209570,268.634024,44.291740,24.510460
213.043734,255.266008,44.118286,24.042755
225.600827,239.316905,43.771374,23.434263
223.547253,234.842990,41.918331,22.103086
215.402861,233.607702,41.957253,21.734734
213.540802,231.625443,41.732700,22.047945
209.800469,230.280063,41.592167,20.706709
206.574368,229.836172,40.879482,19.903664
203.465170,228.533829,40.561531,18.384525
202.808230,224.948991,38.231018,19.167864
203.613648,223.140177,38.660633,17.416153
203.682371,222.913936,36.997292,16.914625
202.186753,220.013285,36.201466,19.406021
199.453749,218.719877,35.300629,20.131554
198.578755,216.021461,34.181934,20.045338
202.250802,212.733978,29.991190,20.438869
201.207767,210.634813,30.701704,20.456619
201.881939,207.344234,29.713482,21.137539
210.755739,202.402327,25.386522,21.331442
213.425789,198.105555,26.294872,21.675217
211.460581,193.350919,27.116295,22.891245
209.667186,189.705977,26.961569,24.008062
207.693607,186.238375,24.668959,26.072739
202.484203,188.062521,26.361082,28.179695
199.584073,193.109857,23.637781,30.749926
195.650798,199.690030,22.842093,30.761271
191.582505,201.172298,22.586109,30.981503
191.568089,203.725292,21.784481,33.656551
189.109655,207.080601,20.118799,32.383343
187.795749,211.060188,19.777388,32.585819
185.294580,216.608927,19.096544,32.091614
182.448651,222.164528,18.356861,32.481373
179.563033,225.807861,17.572889,33.606022
176.621643,228.279610,17.148029,33.334095
173.085404,230.277477,17.739307,33.588787
169.685870,232.032177,19.109938,34.571072
166.249307,234.408440,19.750002,33.963291
164.897312,239.370903,21.299528,32.468906
162.024500,241.121916,22.108566,33.098808
161.232310,244.288378,22.978455,33.543259
159.232246,246.856386,24.091467,33.489548
156.860682,249.848797,25.177765,33.599010
154.498873,253.786058,27.561539,33.263855
152.925694,258.481346,28.329678,32.517445
152.611903,261.676819,30.167402,32.131977
154.015642,264.648802,30.432816,31.580940
170.138694,264.735279,31.570593,31.425915
182.574916,254.460149,31.169706,31.036783
183.661154,247.659190,32.057259,30.766905
185.346785,234.693470,32.707130,29.574169
189.840729,219.939961,32.474567,29.381258
191.832871,210.527560,33.201466,28.147894
192.653618,208.432549,33.479130,27.782038
192.050413,207.871950,34.316368,26.760658
191.746744,208.714534,33.564453,25.779119
189.660475,209.346875,33.884666,25.322206
188.184624,211.665254,34.596180,24.644205
191.543532,214.151804,33.273064,24.520958
197.472548,216.108720,33.654747,22.898645
204.100087,218.239907,33.359936,22.585169
210.395514,220.010900,33.113441,22.133425
215.354435,223.726384,32.828197,21.824404
217.609051,226.125553,32.721264,22.492954
218.896122,231.765108,31.764141,21.571404
219.096667,235.405768,31.940247,22.247969
218.841042,239.256829,30.928593,22.695032
217.581563,243.766481,30.533808,23.992821
217.421304,247.341457,29.039492,23.590855
215.990066,251.124539,29.905142,23.848146
212.174989,255.088085,28.031778,23.653934
209.360258,257.105891,27.310913,25.718679
206.455851,257.449296,23.297295,26.166971
199.037433,256.411393,23.034384,26.778658
192.259371,259.101608,22.316147,25.827747
185.568395,260.209723,22.421404,24.799337
178.469644,259.752232,21.537477,25.492947
175.171230,258.119009,16.961241,25.545387
168.655427,256.588294,16.589075,26.306814
166.600804,253.877154,16.808048,25.136450
168.466390,243.404337,14.902764,25.552330
179.388106,221.440516,14.197135,22.648218
202.676343,205.192314,13.782633,21.407089
204.544302,202.138633,13.444214,22.260881
205.803384,201.802078,12.632372,22.429337
206.847613,203.419990,11.674415,21.034180
204.061316,207.327723,11.697571,23.498608
200.060458,210.255122,12.045050,21.686144
195.203837,216.158432,12.096375,23.542099
192.373965,223.603127,13.590065,23.941954
193.005205,228.575420,12.166061,21.617126
190.826687,233.906181,12.863683,22.572647
191.372665,239.924797,14.004644,23.207870
191.091945,246.250717,15.332959,20.999092
191.538749,249.864131,14.138022,22.080805
188.055571,251.154523,12.719871,21.099096
182.583730,249.699116,11.158938,19.617683
185.176853,249.214565,12.482380,18.134422
185.749633,249.027735,14.374793,18.440586
184.758604,248.891952,15.156083,18.530733
189.378456,248.271262,14.399358,17.517244
194.916155,247.744435,15.441635,16.934507
213.773559,243.888087,16.282354,16.170267
221.772133,234.759614,16.070103,17.212896
221.865092,230.993561,16.939384,16.015434
226.412556,224.659962,16.911503,15.105468
231.056902,220.471077,17.436058,15.169289
232.885645,214.817569,18.786705,13.358667
227.186778,209.116627,18.211546,13.153777
218.731920,202.989131,19.453444,13.276933
215.589489,209.201767,19.558136,13.491141
208.374103,215.960387,20.617044,12.595965
201.443268,223.199694,21.245255,10.524829
195.107119,228.288297,21.979973,11.899870
194.832950,234.081915,21.125929,12.396671
196.732702,239.882767,21.118670,12.115882
199.061037,244.040303,21.758110,11.208434
203.857207,248.079198,21.275764,10.583235
211.410140,251.226821,21.280859,12.497377
220.082541,256.760602,20.624855,11.297987
228.023689,260.750640,21.912642,10.588548
234.315726,262.129999,22.281075,10.000000
239.573309,263.692816,22.193100,10.000000
245.399589,263.891625,22.353224,10.213458
248.972467,263.729660,22.757097,10.000000
254.484368,264.015797,21.713169,10.000000
256.348896,264.307937,22.474094,10.000000
256.099395,263.654728,22.573133,10.000000
258.124296,259.760445,22.299843,10.556061
259.266178,253.459585,21.821270,10.934864
259.284458,249.537646,22.075809,11.663286
255.994729,244.808046,22.702250,11.484906
253.688488,242.032298,21.001446,12.085254
249.801373,242.659008,22.373631,12.297378
247.182042,246.269313,21.391581,12.105020
242.636565,251.173695,21.501587,13.589103
238.173202,258.833925,20.855566,13.108051
233.159349,267.875657,21.499262,12.316192
227.998162,274.593250,20.828251,12.677040
224.107350,279.153927,20.354748,13.108345
218.944118,280.111306,20.513380,13.053870
214.777737,279.750678,20.506001,13.298685
214.462528,277.314125,19.909056,12.744942
219.622576,272.102871,21.015793,12.934296
222.949996,266.078960,20.124052,13.104394
225.418272,257.761439,20.545555,13.660463
227.308924,249.479182,20.285278,14.027681
231.757674,241.407542,19.711784,14.366214
234.649512,234.188020,20.228531,13.722913
236.585610,228.381620,19.423489,14.110905
239.067550,225.114483,19.569105,14.362160
239.452782,223.174714,19.693531,13.874586
239.573354,219.229145,20.151705,13.877685
240.613262,215.034118,20.434811,14.709719
242.712830,209.340205,20.296497,14.477610
243.355383,205.344533,19.800453,14.571463
243.778210,202.587531,20.412014,15.317270
245.616535,201.226622,20.766125,14.488444
246.740330,200.118842,20.545521,15.953181
245.980771,203.520522,20.990458,14.831988
247.204347,207.959621,20.385210,15.141449
248.021147,212.986396,20.091629,15.316736
248.474024,220.604470,19.924110,15.348937
249.522448,230.191651,20.650871,15.958715
250.574367,239.556137,20.620054,15.255623
252.367853,247.825169,20.170715,15.573997
254.975238,256.109208,19.699224,15.380012
257.646902,260.794342,20.250343,15.618226
261.249903,262.714930,20.833000,15.773716
264.386420,261.763335,20.558937,16.315393
266.514165,259.739195,20.417940,16.167301
270.016893,255.563585,19.604174,15.527448
271.877656,238.204647,20.130220,15.856080
274.897144,226.693395,20.216291,15.519560
275.633770,217.908971,20.363377,16.238569
279.418667,211.428843,20.108608,16.273045
279.830262,207.952222,20.799480,15.899655
280.594952,208.107868,20.826595,16.496086
281.343432,207.641886,21.886604,16.375904
282.657152,205.869851,20.755518,16.902502
280.700713,204.162468,20.475525,16.697632
279.122922,201.042463,20.445276,17.026569
277.021795,198.066236,20.537134,17.070738
274.310410,195.327451,21.310970,17.343634
272.893816,193.265305,20.724899,17.249298
268.832549,190.549690,20.894293,17.331009
266.388632,187.690266,20.981728,17.482307
264.767868,186.921607,20.914722,17.977793
263.183473,190.617238,21.024889,17.440886
263.311995,194.390645,20.310539,17.570662
263.374077,196.755282,20.745808,18.368792
262.259234,200.195559,21.551613,18.361368
262.558324,203.980445,21.239397,19.030390
262.019370,205.525263,21.201254,18.924534
262.610318,207.801660,21.835270,18.192175
262.484488,208.269227,21.432266,18.088636
263.232386,208.950093,21.097183,18.937963
263.981259,210.916228,21.529675,18.968668
264.350437,212.089181,21.577999,19.589590
265.172819,214.635381,21.711784,19.105474
267.556176,217.735794,20.832264,19.249611
269.486075,219.373827,21.808968,18.974995
271.894042,221.552865,20.604269,18.627417
273.041253,223.163923,21.651217,19.152515
274.196224,224.851121,21.807211,19.496008
276.563877,226.732876,22.044308,19.917236
277.615685,229.077242,22.494877,19.541164
279.550868,230.843427,22.181753,19.380919
278.380011,231.103767,21.856010,19.788300
277.097111,232.578872,21.973904,19.886698
273.650673,233.021029,21.988255,20.706797
270.859715,233.074148,22.031796,21.209095
266.982069,234.721853,21.644341,20.537617
262.901157,234.356141,21.484556,20.622747
257.927920,229.455837,21.834740,21.351082
254.519965,226.681045,21.549728,21.149620
249.982120,224.402524,22.132200,21.476118
248.427863,223.378536,21.673910,20.228317
246.439450,221.612991,21.794498,21.012184
245.538790,220.012179,22.183723,21.046206
244.199831,219.685638,22.443687,20.650208
242.241268,219.997876,21.775852,20.224432
240.034797,219.534590,21.848768,20.342045
239.659186,220.060105,21.512604,20.726576
239.010012,221.542505,21.638702,20.882931
238.605578,223.743610,21.460922,20.166916
238.116336,224.229711,21.791784,20.975782
238.837688,225.525248,21.450613,21.757212
240.212536,225.873619,21.423962,21.874298
241.962189,228.099050,21.351162,21.520414
243.213267,228.823230,21.654861,21.673815
245.189434,230.688984,21.581654,21.425369
248.061275,232.456500,21.234907,21.784807
249.304170,234.177731,21.684488,21.450788
251.826041,235.312226,20.849594,21.955793
253.691986,236.588848,21.509342,22.074966
256.438752,237.378974,21.947931,21.618937
259.187118,236.541687,21.215017,21.848656
261.736975,236.962396,21.339302,21.432638
264.235116,236.223294,21.273592,21.860701
266.320970,236.000628,21.441339,20.863550
269.445858,236.527043,21.127048,20.782629
271.227192,235.764052,20.841221,20.929453
273.542841,235.107812,21.598953,20.782408
275.984050,235.395961,21.081816,21.320971
277.764773,234.419312,21.217613,21.328688
279.568662,234.639011,21.321909,21.079575
281.401657,235.768169,21.527355,20.278419
283.400931,237.801133,20.758812,19.925520
286.553922,238.446617,20.635080,19.930344
288.802546,239.994948,21.297676,20.750254
291.085628,241.357510,21.523199,20.687225
292.672941,242.517688,20.950602,20.626337
293.504996,244.363212,21.107979,19.919794
292.376480,246.278048,20.696224,19.623194
291.155265,247.596851,20.983145,19.308006
289.834193,249.172698,22.039764,19.003008
288.319581,251.319231,21.836466,18.903156
287.345491,252.791678,20.618311,18.442324
283.068221,254.524556,22.397291,18.109922
281.569814,256.261521,22.532099,17.953924
281.449109,258.008773,22.095499,18.026110
280.783716,259.352221,22.798096,17.859056
280.151470,258.878787,22.736464,17.312990
280.014319,256.947971,22.569138,17.203606
280.794406,255.816880,22.806364,16.459021
281.041509,253.011007,22.886179,16.304676
282.988890,251.892446,22.431808,16.158621
284.391983,250.277129,21.434620,14.968309
284.324498,247.632885,22.801327,15.346375
283.272862,247.314151,21.477909,14.935266
282.098190,246.379068,22.054121,14.533474
278.806509,246.331268,21.581696,13.969071
277.974904,247.164339,21.024141,12.482044
276.543190,247.285464,20.924496,11.774179
276.453341,247.098394,19.655159,10.000000
275.604297,244.549291,19.821486,10.540596
273.844789,243.686180,20.259783,11.501636
272.626640,243.165057,19.144796,10.000000
271.802047,242.300037,18.753469,10.826689
270.560510,241.604492,19.413858,10.730285
268.659992,241.537333,19.522322,11.118568
264.547772,240.122254,22.939465,12.599896
260.838525,240.489207,23.569826,11.698022
259.429390,240.497292,23.230091,11.788198
257.666457,239.767306,24.267860,11.378388
256.361839,239.821835,26.555571,11.889997
256.477931,239.589361,26.048712,11.758845
255.638881,238.848391,25.685385,11.415788
256.149424,237.585279,25.341484,11.077715
255.415963,236.830814,25.565578,11.850889
255.714958,235.885980,26.017317,11.446002
255.782117,235.262089,27.079584,12.341940
255.935045,234.823961,28.084902,12.780474
256.308640,233.037460,28.623989,12.698004
256.082382,232.739126,29.102201,13.258677
257.575691,231.549109,29.057608,13.205727
259.363602,231.228787,28.630253,13.418598
260.181372,230.449187,28.589386,13.937684
261.859028,229.775326,28.077717,14.072957
257.571076,228.106948,29.556461,14.748206
248.473813,227.243206,29.852701,13.746305
247.512347,227.092912,29.444725,14.113506
246.316170,226.277162,30.709377,14.474072
245.146530,224.455813,30.596485,15.355210
246.321090,223.847808,30.238745,16.071701
246.457667,223.663410,29.567673,15.827734
244.923404,221.281944,30.235403,17.245245
245.139011,220.683809,30.141455,17.152872
245.858075,218.697309,31.036821,17.384127
245.140969,217.038463,31.217945,17.747978
245.276466,215.552874,31.017614,18.408632
245.979336,213.643666,31.054913,18.204243
247.172068,212.601728,30.435181,18.359514
247.234714,210.755319,30.217062,18.728153
247.227299,208.632462,30.282978,18.530994
245.239268,207.798158,31.754280,19.135113
245.262271,205.974239,31.553892,19.432821
244.220911,203.675782,32.631622,19.597073
245.083353,202.115617,31.838776,19.853420
245.033360,200.265215,32.268818,20.362642
243.422036,198.371392,33.341511,20.484219
244.021790,196.678236,32.079014,20.669153
243.903946,194.124866,32.640400,21.375013
243.251984,193.134428,32.249226,21.453043
243.289828,191.903960,32.255737,21.742210
221.352555,199.868921,33.331425,21.950335
213.639471,201.092333,33.046234,22.348070
209.098065,202.232416,34.097141,22.426668
206.376906,201.812615,33.069580,23.020222
202.832877,202.414703,33.396652,22.488974
198.254059,200.745588,33.953930,23.332529
194.745228,200.416855,34.856464,23.460104
192.308630,198.410130,34.645737,23.689222
191.021181,196.601760,33.234306,24.211739
188.820957,192.529252,34.191334,24.257740
189.526944,188.737925,34.018147,24.319338
191.406948,185.425322,33.461414,24.665825
193.688380,182.487994,33.747780,24.508560
195.733225,179.298048,34.037804,26.049387
200.646965,177.107986,34.390759,25.939947
204.788866,176.240734,34.832359,26.041258
209.611422,176.563951,34.671288,26.807299
214.421519,179.974651,34.934914,26.822081
217.134978,180.442355,35.834900,27.955109
221.786021,181.550036,35.905617,27.618256
227.719899,182.576415,35.690586,28.110374
233.424786,182.739892,35.506504,28.713917
235.466759,183.508042,36.196819,28.782459
235.877413,197.501599,35.857582,29.244579
226.083077,212.126512,35.968349,29.578617
219.406758,216.084132,36.126637,30.514740
216.750773,217.304122,36.381935,31.488365
216.062760,218.015218,36.291943,32.672253
213.887999,219.182507,36.107559,32.504955
212.138890,219.355224,36.012486,33.078743
210.388695,217.156341,36.504681,33.445900
209.955906,213.258422,37.245045,33.940437
208.349781,209.012750,37.155781,34.829243
208.070023,206.179429,37.114910,34.037815
207.793450,203.055623,36.926907,34.769558
207.701079,201.020753,36.975723,34.950901
206.937624,198.431209,36.671608,35.492416
204.795910,195.840930,36.742451,36.320908
205.559460,193.856013,36.522221,37.280762
205.719425,194.258864,36.985569,37.454689
204.817704,193.637868,36.823956,37.884335
206.736121,192.751065,36.365204,38.314693
208.277214,193.121110,37.387463,38.774738
208.685734,192.649196,37.510410,39.332932
209.956810,193.142863,37.545422,39.673111
210.206034,193.967515,37.658195,39.927814
210.369730,193.793376,37.638802,40.509277
212.475685,194.433244,36.960323,40.774158
214.032347,195.007211,37.219833,41.812244
216.922369,196.143216,36.667099,41.136425
219.651375,197.424613,36.237087,41.645699
220.322007,197.817685,36.402905,41.861614
222.492829,198.623380,36.191906,42.381817
225.353215,199.010720,36.355335,42.346134
225.261586,199.238433,36.604359,42.037544
224.622841,198.926476,36.334942,42.443043
223.583767,193.572104,36.384922,43.584953
221.940741,188.246028,36.220474,43.539505
220.272091,183.982451,35.935246,44.142723
219.060873,182.058309,36.870483,44.142910
222.244412,179.049357,36.068043,43.707901
224.521300,176.571311,36.063095,44.829277
226.751028,174.950501,36.049423,44.739719
228.739828,172.020352,36.457504,44.297726
229.562620,167.087993,36.657227,45.085770
231.440003,162.251637,36.360699,44.973263
233.971024,159.805701,35.946133,44.910316
240.231966,156.793862,34.799858,45.274158
246.060694,154.764611,35.473976,45.571949
249.156777,152.287106,35.738689,45.580807
250.452940,151.414584,36.228607,45.114059
251.635927,150.836003,36.115562,44.853527
253.198437,150.172555,35.371891,44.966862
254.853720,149.356692,35.879166,44.904221
256.517975,150.334495,35.633816,44.611534
257.132914,149.375712,35.238930,44.677353
257.031922,149.642518,35.546841,45.109379
257.098368,149.939515,35.296700,44.876881
256.656124,151.157868,33.974125,45.114567
253.914854,152.311250,34.491211,45.365376
253.496468,154.460650,34.119091,45.108337
252.233242,156.615052,34.470753,45.224049
252.410195,161.161834,33.471478,45.078178
239.819006,177.410970,33.142761,45.132397
230.266795,189.648665,32.717323,44.433388
227.747309,196.691606,32.249504,44.674076
228.505076,202.725202,31.905586,44.775799
230.753834,207.697148,31.725422,44.623821
231.869259,212.171254,31.330753,44.459927
233.881864,215.235425,30.884798,43.692760
236.872534,217.440394,29.906082,43.513885
239.200466,215.699508,28.821644,43.513176
240.621202,213.844686,28.717096,43.485882
240.808492,212.282868,27.828508,43.644810
233.127487,212.277049,27.438869,43.273163
229.992151,213.524684,26.972589,42.936386
225.563389,215.533479,26.208271,42.379292
221.213085,216.092677,25.494160,42.632187
213.448347,216.309390,25.314560,42.898773
201.211464,217.562089,23.509167,42.039982
189.101472,217.476874,22.896036,41.041618
177.638525,218.688466,22.247040,41.103268
168.909773,221.626615,22.741943,40.768871
161.923371,224.215049,22.265667,40.126213
159.615216,226.895156,20.406498,41.005516
154.248052,231.113580,21.404757,38.651264
148.552106,232.714326,21.790194,39.484058
145.351794,233.539111,21.553215,38.061600
144.796372,232.252454,18.864147,38.246685
144.949532,231.361152,19.225918,39.105156
149.798174,228.755044,17.650368,34.882465
155.755759,227.162375,18.879456,36.153656
163.168818,229.520274,18.940559,33.315102
170.672711,230.451762,16.696354,33.717613
179.347411,229.919663,14.826995,33.666615
187.364881,231.659762,15.167223,37.850449
188.776147,233.834475,14.364893,37.674469
195.629159,239.517278,13.351253,38.540936
196.314036,242.650886,14.472191,37.882324
196.390118,247.268601,13.906817,38.758190
198.098001,252.355697,14.353166,38.665222
194.197801,256.888101,14.359849,38.173115
188.907900,263.110860,14.625549,37.564785
187.287367,265.064107,14.500703,37.868198
182.875114,263.691791,15.477987,38.346352
182.079899,261.023423,15.497571,37.382061
181.678890,258.026198,15.495900,37.709564
175.395789,255.499192,16.052412,37.210217
168.206013,249.265590,17.201984,36.609062
164.519199,243.103772,18.138372,36.811085
159.837034,241.057361,17.802164,35.823593
155.373991,240.961280,19.060852,36.889709
159.338567,239.443158,18.985750,35.589283
162.559321,239.595674,20.490150,35.604092
167.888593,236.956874,20.318743,35.445290
178.192603,230.395244,21.198927,34.925255
184.471875,229.408595,20.491854,34.817131
184.971825,228.940867,21.875957,34.845848
192.703949,228.873351,22.189846,34.886765
195.726898,229.873010,22.415173,35.017147
198.500316,229.939275,23.208029,34.931324
196.374765,230.935933,24.266016,34.410679
197.072113,232.022513,25.052013,34.339493
199.169564,233.739577,24.638042,34.320602
198.307238,236.726056,25.496315,34.327915
199.033743,239.570617,25.315796,34.530579
198.859643,242.021562,26.641214,34.522213
200.141262,245.474612,26.611698,33.828773
204.378353,247.268947,27.286381,34.415535
207.748305,249.023734,27.660873,33.963882
204.633830,244.894322,27.131628,34.380390
199.871781,239.287944,27.911953,33.631111
195.549049,233.781093,27.913832,33.306572
191.267132,226.995105,28.027424,33.492088
188.812465,221.400390,28.657782,33.357330
186.224807,216.752919,28.740065,33.757694
183.832367,213.504161,28.679546,33.362923
182.575721,211.278113,28.750837,33.016418
183.711518,209.265635,29.134380,33.149635
184.968501,206.927155,29.307775,32.948910
187.314760,206.225087,28.631540,33.038746
191.473997,204.608594,28.083298,32.993168
194.758651,204.102473,28.097075,32.983864
196.115345,203.798694,28.220570,33.202187
196.730392,204.070449,27.972242,32.908188
196.569424,202.958638,27.514576,32.877827
198.946050,202.518388,27.496813,32.987835
202.442486,200.902017,27.808277,33.517910
201.237922,200.539329,27.202833,32.863876
201.569971,198.348977,28.013039,32.898129
201.716676,195.821666,26.714319,33.481773
200.329469,193.687533,26.361109,32.856682
199.148619,193.897561,26.077744,32.522289
198.578171,193.872981,26.071774,33.886574
195.750049,196.551660,26.257238,33.813122
194.866206,197.856751,26.226830,33.030529
194.175062,199.115104,25.505020,32.419632
194.343770,199.390821,25.552782,31.932314
195.470792,197.551852,25.867968,32.427010
197.869764,195.343842,25.340609,32.224743
199.827964,191.746809,25.106871,31.572756
206.432268,187.478812,24.252754,32.682327
228.111621,183.157239,25.001699,31.524937
235.022106,176.398649,24.949209,31.261744
239.087651,172.222015,24.122700,31.738287
240.594518,171.646391,24.320635,30.972788
243.440264,179.068926,24.155540,30.225588
243.089521,185.127872,25.691347,31.559309
243.080469,191.998701,25.699776,31.907801
242.794628,199.340917,24.640858,30.406994
243.470202,207.951740,24.939247,31.427885
244.947109,215.100457,24.790960,30.319736
246.423303,217.119705,25.231379,30.960379
247.777006,221.938891,24.804535,30.299026
248.007635,230.617392,26.233597,30.580210
250.119810,232.454986,29.067261,31.439217
250.195984,233.042452,29.398602,30.804216
251.134041,231.482561,29.586376,30.238619
249.691799,227.278189,30.761480,31.974573
248.430367,223.550643,30.938900,30.440300
246.186253,217.705923,32.554890,30.417902
244.361382,214.448314,33.453136,29.610626
241.927988,211.419558,33.893379,30.290497
238.927841,207.350759,34.255138,29.385174
236.935238,203.861309,35.250294,29.571119
234.875582,202.803277,36.770851,29.953876
235.563959,201.867305,36.667213,29.747879
235.294997,203.712684,37.444016,28.652962
235.294913,208.683421,38.408783,28.039429
235.186688,216.889749,40.369114,27.841295
239.996014,222.518455,38.600285,25.582129
240.639498,226.838270,39.872047,26.284937
240.686871,229.979650,40.175373,25.545908
240.953636,243.997744,40.685772,24.894289
238.074423,250.169417,41.003036,24.235054
235.082732,248.028784,41.405304,23.073526
237.582127,245.168607,42.746952,22.742916
237.083914,242.594021,42.533615,21.852751
239.667383,240.296736,42.905586,20.974604
239.835514,236.284996,43.643986,20.509542
239.920788,231.875462,44.989506,20.439268
243.658108,227.037548,44.729511,20.616743
244.357001,222.734621,45.278641,19.917910
245.290350,217.961770,46.030838,19.443409
245.490938,212.988533,46.575417,18.999502
244.774542,209.190605,47.757523,19.181219
243.556811,207.141929,47.767479,18.797981
242.805197,207.302483,48.961914,20.191565
240.766627,208.747545,48.920143,20.808107
239.627352,207.202859,48.776436,21.942524
236.674435,204.604862,49.762943,23.275908
234.585781,201.059689,50.688557,24.574520
234.110180,199.710262,51.690403,25.711287
234.122372,198.208588,51.818943,27.121084
235.327200,199.640671,51.524277,27.997244
236.510077,199.827589,51.719193,29.842112
238.098839,199.789057,51.563030,30.748491
239.087345,196.738296,51.492634,32.466560
240.014077,192.956895,50.862469,34.135227
238.186287,187.325007,50.911205,35.552460
236.776863,170.437926,51.201031,36.932076
233.412754,154.882796,51.899265,38.305733
231.529213,143.050847,52.174770,39.632320
231.403689,133.390738,51.287697,41.263908
228.722086,123.371705,51.508430,43.262714
225.170677,116.373614,52.604580,44.079590
223.343510,114.330401,52.131702,45.406784
223.291285,120.339673,51.183434,46.484768
222.705332,127.527320,51.743248,47.756020
223.098133,135.590775,52.014256,49.004658
223.399283,137.325992,52.958694,50.115616
225.222138,141.603963,52.767452,50.541302
227.043701,143.195144,52.764797,51.771843
228.931147,146.792096,53.411110,52.818478
230.167490,150.017234,53.964546,54.120888
230.821324,154.519782,54.110432,55.275337
227.238282,159.624118,54.698269,56.400986
226.439207,158.784047,54.845459,57.021221
220.335242,157.380609,55.366745,57.298496
211.706349,154.520556,56.072681,58.878647
207.076607,151.169900,55.082317,59.829166
199.728123,147.359973,55.381428,60.356674
192.163502,143.625312,55.361286,61.827950
182.578123,143.833850,56.772675,62.356827
175.566954,146.486543,56.616272,63.476643
170.922131,154.698855,57.233250,63.317947
168.920296,168.332164,56.164989,64.127563
162.640698,175.161248,56.798801,63.990177
157.764321,179.714667,56.055462,66.074898
154.171887,181.424617,55.622410,66.369568
152.669289,181.558372,55.741161,66.615852
150.665572,181.587707,56.043854,67.417198
148.483864,177.777244,57.033916,68.691719
144.588612,169.129989,56.763264,68.834587
142.230658,160.241099,55.578659,69.772064
136.706635,155.093810,56.259121,69.911247
134.933628,145.831504,56.200459,70.310493
131.027985,142.553122,57.021572,70.161659
128.345471,140.177775,56.555302,70.128601
127.245484,139.371592,56.484371,70.202209
127.332754,141.737540,56.971848,70.235695
126.520663,145.332984,56.660179,70.830574
125.096731,149.905005,57.028091,71.006844
123.872931,155.392638,57.425522,71.347832
122.079750,162.945914,56.994549,71.763924
121.005280,171.657840,56.940212,70.668137
122.058081,178.761497,57.385818,71.273201
123.460261,186.557292,56.523598,71.494293
127.114426,194.340003,55.976986,70.625465
131.624667,201.499804,55.028130,69.744431
137.203274,198.412326,54.118900,70.058762
143.236737,193.108855,53.035404,69.509331
149.256041,185.461066,52.188110,68.165688
159.465302,176.611365,51.482632,68.847542
167.320732,176.778529,50.370190,67.892151
172.835091,178.702685,50.120037,67.753006
175.459227,177.702075,49.621674,66.365250
176.992810,181.598853,49.288761,65.954414
178.165020,183.115809,49.000675,65.990448
179.087609,182.723124,48.096203,64.296997
181.186491,182.454146,47.845795,64.419487
188.830958,182.132739,46.057655,63.707962
197.286734,185.786876,45.885635,62.920135
201.368033,183.976270,45.609604,62.022976
202.814986,183.625161,46.293823,61.934177
203.728419,180.243812,45.665138,61.395271
203.744219,179.827825,45.289879,59.967297
202.602116,181.022128,45.142536,60.107224
200.700018,181.693288,44.974533,58.564312
197.941496,183.069863,45.503571,58.209721
194.585793,183.940837,44.830181,56.964447
190.145302,184.724709,44.493328,56.001225
184.336916,186.690993,44.571693,55.830238
176.414782,190.470406,44.978737,54.154682
170.160675,193.252953,46.244686,53.598026
165.655205,194.954152,47.199078,52.220013
164.511166,196.523400,48.666401,51.855030
164.622774,201.008183,48.209114,51.553585
165.815857,205.137776,47.897305,48.566067
169.432473,207.304534,49.886135,47.900383
172.733832,208.121886,48.577255,47.168312
174.817007,209.932502,48.804840,46.571251
176.201706,210.312842,50.193417,46.455193
177.773230,211.439731,51.892212,44.869675
177.002764,214.947684,51.698463,42.720284
180.598948,216.155875,51.146217,42.253517
183.164574,217.576060,50.719067,40.979874
184.037352,218.800818,51.070709,39.206718
185.692971,223.333440,52.670498,36.397427
185.345846,221.642999,52.574936,36.476933
191.095473,217.128163,51.208496,37.883419
194.766411,214.803946,52.861477,37.206596
196.359688,212.450217,53.816647,35.022423
200.050625,208.604224,54.240650,33.142433
203.404633,205.165927,53.531719,32.063705
208.470871,204.088974,51.395016,31.516851
210.983691,204.106177,53.695259,29.893425
215.101158,206.282893,54.877224,28.559280
219.219796,208.061555,53.546719,28.485233
222.667183,211.484508,52.512035,27.240173
223.844269,215.617038,52.835903,25.028290
223.728295,219.915894,54.459225,24.087851
227.936617,223.875646,53.370934,24.196468
230.256306,228.777245,53.310993,23.419880
232.303149,233.044481,52.816826,22.507921
235.430464,238.661057,51.891708,20.378513
239.119137,241.522612,49.142048,21.169489
239.411028,242.638536,51.004860,21.170275
241.243803,241.604643,51.480225,20.707026
240.487034,241.336895,52.489079,20.423079
243.599818,239.409877,50.636864,19.988220
245.105147,239.443675,49.928223,20.874084
245.945803,237.947753,50.145454,18.535042
247.002163,236.274928,48.814411,19.252991
248.928589,234.650212,48.917248,19.890179
248.542197,233.642920,49.290802,20.544731
248.218153,233.509054,48.534988,21.181498
248.947012,233.251411,48.268326,21.432608
248.368210,233.724907,47.010571,22.102804
248.449086,232.305818,47.109303,22.100193
247.871956,231.851496,47.248043,22.862520
247.724058,230.647331,45.567368,24.072775
245.626425,230.777021,43.679291,23.488489
241.454493,230.396608,45.203026,22.363832
239.101059,226.149173,45.739239,23.493332
234.611637,223.368217,45.682362,22.759024
231.402216,220.226927,43.444527,22.052149
224.673022,217.297144,45.821129,22.254534
221.542044,215.540993,44.160080,21.672430
216.456250,211.948113,44.473789,21.622684
209.561936,210.358576,46.137539,20.860521
206.780964,207.979199,42.273060,22.204693
200.185503,207.993971,43.774361,20.902384
196.513920,208.058684,43.656712,21.048164
192.419546,206.898529,44.144348,20.654837
187.941912,207.821761,43.254570,20.628670
183.071051,209.239867,44.269943,20.595940
177.772738,214.179691,44.525383,19.997053
175.888970,218.971656,42.787884,20.837257
173.632767,223.645900,43.319607,21.240921
171.574244,226.066815,43.210045,21.394329
170.026022,228.930858,43.980911,21.225845
172.058613,230.737688,42.542133,22.102465
175.566792,231.342477,40.906910,22.523502
176.511582,231.399633,41.385799,23.357615
177.233105,231.932253,43.445881,23.378191
177.341429,231.792175,42.437027,23.438330
175.947789,231.674697,39.914860,23.359398
177.737694,232.440761,39.318493,23.218018
177.969778,232.101950,38.689804,23.720758
177.216185,231.634853,38.584213,24.266233
176.481732,230.122628,38.293262,25.820087
179.861010,225.332170,36.934288,24.708239
192.468006,212.758356,37.685398,26.145098
192.156075,209.013403,38.733044,26.229059
192.370692,205.454112,37.630669,26.494370
191.951773,201.267461,36.376785,26.028957
191.708697,198.509276,34.899452,26.252266
191.010916,195.314019,33.543121,27.738316
187.311692,193.147178,36.499767,27.436394
183.434597,192.533492,39.195820,27.572762
181.924940,190.869580,33.812225,27.762218
178.222634,191.010338,35.978573,26.044027
176.807427,191.316447,36.670116,24.890152
175.134205,190.337750,34.545841,25.757656
175.929589,190.506191,35.187786,25.948225
175.259732,189.087606,35.903751,27.236917
179.583512,188.445972,35.648647,27.440565
181.117432,186.995428,36.131786,27.082834
181.488949,186.421070,34.692890,26.605543
181.668190,186.147943,34.280651,27.529100
181.828543,191.214572,34.173187,24.691971
183.323716,196.010097,32.493313,26.347502
183.519825,201.000698,32.558872,26.452559
183.801552,204.302730,32.474255,25.974640
184.064822,207.432260,32.215309,25.283144
183.700688,207.461224,32.071354,26.177290
184.431887,208.520714,33.418999,26.762381
185.440453,210.409133,33.586300,27.192162
185.919655,212.304761,33.863918,27.292782
186.217623,214.226573,34.716331,27.001068
187.298737,215.134987,32.433636,26.883535
186.578476,217.401573,33.229717,26.386450
186.556790,219.880301,33.992252,27.839043
186.780371,222.912724,34.650375,26.677137
188.218176,223.594624,31.908524,26.812603
187.465554,223.093904,30.016689,26.885820
185.720835,223.756245,30.653221,26.452559
183.649021,223.839547,31.839405,27.061405
183.723666,221.601068,31.162788,27.717213
182.694434,220.097758,28.584013,28.406921
181.451363,217.441846,28.908764,29.506039
179.058253,216.167697,29.726082,28.391037
176.529737,216.270553,30.668520,26.588005
175.883515,214.762172,30.016399,27.042694
172.771219,213.998427,28.232645,28.386208
169.104829,213.603471,28.480494,29.050739
167.527672,214.839915,27.068935,27.050110
163.537974,214.848949,28.644066,27.097410
162.623212,214.770768,28.070360,26.536823
161.029899,214.201968,29.530821,27.643738
160.314394,213.484928,28.718941,28.316023
159.849398,214.279881,29.264854,27.463833
160.618290,213.980397,28.840565,26.801434
160.096997,213.482246,29.283085,27.969717
163.365430,212.256646,27.844591,28.422382
168.386610,212.971014,27.965698,27.066767
172.488288,212.384355,27.745634,27.667652
175.567080,213.249201,26.520638,27.169207
178.074712,215.285703,28.334826,25.685207
179.644217,215.422408,27.399582,27.362801
182.897154,216.201144,25.344833,29.188522
182.022991,217.566635,26.186499,29.602209
184.757109,220.881119,26.244354,27.702047
185.028160,221.129360,27.523693,27.922346
185.756031,222.808450,28.759388,28.076084
185.698282,224.537939,28.294641,28.160624
190.311553,224.651266,24.976362,28.878702
191.823515,224.849791,24.536743,29.055872
191.994180,226.602112,25.035166,28.688040
192.297984,226.986230,25.266714,28.359867
192.754446,227.228805,25.304962,28.624214
191.864232,226.231894,24.958666,29.199440
191.626363,225.074539,24.066637,27.196859
189.964569,222.877637,24.662739,25.271915
188.156250,219.342897,21.818188,27.393061
184.526230,215.877832,23.094517,26.382265
182.847402,214.995947,22.945452,25.851206
181.893319,215.110980,22.098940,24.945518
180.402400,213.345182,22.045019,25.965952
178.637476,213.521853,24.307114,25.329880
178.499145,211.685883,24.644522,26.401281
180.447121,210.043601,23.939533,26.249924
183.100477,209.173106,23.231150,26.941864
184.809141,208.165268,23.175623,25.942335
188.103675,208.080265,23.264105,25.926207
191.672916,207.384426,23.332090,25.768927
194.129759,207.294317,22.598000,25.174181
198.658917,207.239648,22.819973,24.891857
204.234627,206.882348,23.524296,24.448299
208.728797,207.284200,23.428305,24.907978
213.711325,206.627512,23.163872,24.441957
218.228557,205.344364,22.510504,25.770826
223.520733,203.926198,23.180103,24.896023
227.883241,203.445912,24.080210,25.705257
232.983890,203.232303,23.590322,25.911751
236.284926,202.836516,24.394852,25.154869
241.909683,203.967370,23.880888,26.155193
245.785266,201.952434,23.398977,24.993032
248.435282,204.361187,23.975578,25.019590
252.473927,205.752558,25.020756,24.233553
255.424386,206.428685,23.544443,23.082165
255.969820,207.619268,23.621300,23.350481
256.022489,207.270578,23.762209,23.492792
256.689880,206.785428,23.796576,22.751148
256.291541,206.325440,23.958754,23.893665
256.346829,207.083436,23.871067,23.558460
256.797178,207.723218,23.805185,23.529819
258.720407,208.022431,24.245020,23.058178
260.667820,208.618251,24.452663,23.694153
261.574633,208.943587,23.842979,23.021698
262.369532,209.574971,23.995544,22.983860
262.878727,209.070338,24.403271,23.018295
262.733844,208.773148,24.533689,23.092777
263.209975,208.635598,24.238182,23.013844
262.521618,207.223940,23.522404,22.645861
261.598741,205.986097,23.888186,23.032045
259.285396,205.037139,23.258741,22.767204
257.255891,205.176033,23.390978,23.278395
255.978566,205.321217,22.845181,23.149717
253.378475,207.010467,23.341923,23.554855
250.269593,207.692203,22.661098,22.942442
245.331507,209.238180,22.873894,23.273417
240.607151,210.970077,23.513889,23.722000
237.644664,215.423325,22.431662,22.529173
234.045457,216.703351,22.878611,23.001545
231.568968,218.236897,22.528831,22.041821
229.918141,220.496753,22.476131,22.181549
228.331529,220.953623,22.144358,21.559061
226.325914,222.939223,21.958689,21.417999
224.155816,223.991148,22.914003,21.819765
222.408435,224.383472,22.798040,22.451391
221.032905,225.714583,22.220221,21.377602
220.100742,227.109284,22.004194,21.074680
219.603964,228.136002,21.245361,20.519131
219.093500,229.015692,21.313393,20.791719
219.417071,230.752016,21.001335,20.676325
220.589407,231.148017,20.965385,18.739609
221.419094,231.078138,20.364597,18.489206
221.193867,232.202875,20.983822,18.283091
222.718000,232.858890,20.693193,17.817711
223.570987,233.136113,21.741446,17.431271
225.706221,233.975158,22.087936,15.979965
226.755923,233.921031,22.246422,15.764792
227.818954,233.506247,22.661947,16.195702
228.763793,234.133865,21.612715,14.932517
228.821224,236.689353,21.098516,13.308250
230.017436,233.710311,21.054022,15.504181
231.226731,228.084969,17.461460,12.165052
231.449560,222.685562,18.211082,12.354644
231.451480,215.980004,18.563467,14.780507
232.345417,208.571646,18.331867,13.385964
232.693926,204.420393,18.554039,12.329942
229.694386,201.452720,18.498280,13.304564
228.790894,200.275202,18.567684,13.226495
224.609897,200.557086,18.173491,13.884598
223.162351,201.109912,17.554529,13.291977
223.637819,201.836433,17.405390,13.211631
223.111822,203.028813,18.564522,13.044285
223.492524,202.873963,18.691141,12.845105
223.727175,204.777488,19.602409,12.072425
224.667945,205.204467,21.323668,12.531960
226.339440,205.908736,22.033253,13.312675
227.821847,206.270823,22.532358,13.327637
228.624061,208.833880,22.948492,12.365303
230.213979,212.674923,23.256189,11.384435
231.084750,216.340472,23.465551,13.279588
232.670745,218.977330,23.735151,12.559536
234.176074,219.900572,22.727385,12.170693
238.760837,221.144478,23.336767,12.017225
245.481370,220.600190,22.842333,13.150105
248.816171,217.461742,23.724756,12.987127
250.961908,213.058079,23.070276,13.163762
253.341763,210.666000,23.754337,12.670073
252.493742,208.310532,23.712959,13.283368
247.749098,208.504523,22.844826,14.142380
235.886627,211.521879,23.660498,12.885706
226.923951,213.426487,23.824183,13.841107
223.867719,214.529880,22.724070,15.318100
218.798361,215.822303,22.114700,14.840011
216.138701,216.070010,22.505531,15.113785
212.664370,217.737197,23.517181,15.137032
210.819477,220.037395,23.252941,16.222990
213.916260,224.420885,22.829319,16.173845
217.464305,228.785691,22.221914,17.175777
224.245380,231.863792,22.884832,16.503294
231.617067,232.951731,23.465021,17.590952
241.377930,234.237550,21.938358,17.917400
248.308186,236.678267,21.335682,17.420197
252.178459,237.396402,21.173870,18.310282
255.379813,239.529477,19.662817,17.028507
255.771892,240.217478,21.322592,18.815310
256.839725,240.334051,22.083502,19.238787
261.354954,232.149062,19.360241,20.582054
263.621577,217.849220,20.998558,19.666937
264.953294,207.990651,21.360247,19.438190
264.990307,203.186374,20.947330,19.602974
265.554913,199.927985,21.335506,20.730392
265.359293,198.064410,20.626259,19.421677
264.589610,196.002465,20.803083,19.913746
263.470657,194.353250,19.290823,21.286640
262.375216,197.783709,19.561867,20.781616
263.946639,204.259267,19.577528,20.030430
264.411029,210.218460,20.120260,21.404753
266.051433,215.245975,20.063162,20.408163
265.397903,218.522446,20.146299,21.383207
265.823071,221.191578,19.112919,19.758535
264.874693,223.385031,18.562675,18.774111
263.204961,223.364081,17.409655,19.846550
260.934811,223.375445,18.499310,20.108826
257.273630,223.552487,18.335396,21.802830
256.098711,223.974005,16.698044,21.360170
253.121689,223.550729,17.188282,20.505863
250.231412,223.205541,17.433786,18.548611
248.685612,220.931154,16.297604,19.908243
247.687571,219.751627,16.323143,20.167116
247.608557,218.204551,16.461449,21.885269
248.846970,216.862777,16.166592,20.966606
250.185015,217.698748,19.678719,21.194124
255.112478,216.359331,16.122583,22.003267
258.534819,217.598758,18.098228,21.385399
262.649462,217.491942,16.394432,20.226334
265.258183,217.224783,17.118755,21.040194
268.824291,217.084840,17.487906,21.816120
270.515997,217.840066,16.387474,19.412426
271.674729,216.618587,16.104557,19.356611
271.945284,216.905163,15.387871,19.793364
271.580405,217.064858,14.898711,17.120380
272.150311,216.711716,14.398563,16.694784
273.114140,218.306177,13.149272,14.784151
271.790834,220.025772,10.000000,11.437475
268.691927,220.504309,10.000000,10.000000
264.510285,219.940599,10.000000,10.000000
260.815217,219.845663,10.000000,10.000000
258.210025,219.077349,10.000000,10.000000
255.452803,217.919822,10.000000,10.000000
249.283612,216.606243,10.851862,10.000000
245.197804,215.683096,10.714145,10.000000
240.100631,212.386643,11.454161,11.301098
239.411646,210.745577,10.000000,10.136796
239.368902,215.065203,13.427982,10.000000
246.278843,216.215502,10.864701,10.975792
255.889288,217.060210,13.774311,14.906960
262.518218,216.280754,13.558749,14.355993
266.624303,216.832289,14.516927,15.333534
272.941273,216.240908,15.761939,14.697373
280.877954,214.728997,15.056851,14.471332
287.120834,213.254043,12.487176,12.556013
291.645992,212.200789,13.562364,12.950039
294.860639,210.380789,14.104605,14.703946
294.769403,211.330780,16.135511,13.552284
294.234078,210.283365,15.288963,14.312803
292.182460,209.505540,16.724680,14.653777
289.297073,207.924966,15.265755,15.679853
287.055513,207.371682,14.765255,14.687096
282.668393,205.346797,14.944021,15.581798
276.710425,203.565848,16.401041,15.637500
272.306278,200.275426,16.483940,16.644224
265.962665,199.390416,16.899546,16.557335
259.856902,198.545067,17.475328,15.461839
255.324174,197.463638,14.752545,15.419663
246.792571,199.565221,16.335714,14.772704
240.740249,199.911541,15.791960,16.268600
239.340797,199.352577,16.335119,16.159441
240.221435,200.719122,15.921804,16.152416
242.678997,200.254512,14.182598,16.035822
244.505649,201.556261,17.996870,16.675970
248.379165,205.900679,16.764448,15.549519
250.843571,207.796068,16.872944,16.554625
253.872763,208.088395,16.430824,16.056961
256.199900,207.960763,16.226357,16.867277
258.635943,208.509714,17.541534,16.136297
258.281573,208.299420,18.143400,16.534554
256.837019,208.961573,17.940094,15.952442
254.886120,209.672909,16.544483,15.834054
252.147899,208.354850,17.095625,16.577234
249.624347,208.694775,18.459791,16.178719
247.941010,207.918536,16.967213,16.859783
244.202278,207.723697,17.806355,16.396860
241.350081,207.585330,17.458427,16.008432
239.159924,206.897513,17.052021,16.234676
235.930970,206.720693,19.115152,14.396826
235.112281,208.030696,16.834044,15.372165
234.685891,209.017272,17.413584,15.672954
236.172316,210.861961,18.320518,14.107591
239.146789,209.371351,16.950102,17.161802
241.939066,210.235364,17.232544,16.974142
245.915331,209.982007,17.201881,16.822586
250.264226,211.846460,17.466372,15.577199
256.399545,211.903449,16.395723,16.450968
258.919220,210.013780,17.283535,17.658361
260.708960,208.090570,18.639587,18.522619
263.509268,208.454350,16.997414,17.717712
265.421200,207.530725,17.182926,16.745901
265.510723,208.077872,17.289013,16.813671
266.077845,208.123641,17.136230,16.943865
264.913597,207.591106,17.107449,16.730791
264.864595,208.392328,16.630854,16.683210
264.353145,208.483572,16.822569,15.821485
263.149283,208.884558,16.756630,18.258656
262.058691,209.540489,17.274887,17.731073
261.205941,211.224112,17.078020,17.603489
260.733532,211.534287,17.032627,17.674774
259.645433,212.776620,17.377024,17.519056
259.469195,212.156922,16.608938,18.468422
258.351487,213.245266,16.718584,17.967346
258.137399,211.644637,16.723650,17.958767
257.647808,211.504875,16.505871,18.308367
258.119967,211.358853,16.000847,17.793907
258.203125,210.689308,15.778255,17.044596
258.450474,209.842325,15.883877,17.246000
258.472998,209.034558,15.565666,17.679558
258.579933,209.079578,15.610387,17.248446
258.742438,208.538072,15.432859,16.208601
259.357215,207.539837,15.532133,16.274315
259.170790,207.127640,14.904015,16.001923
258.458890,207.582139,15.379596,15.197921
258.650291,205.766746,14.868734,16.222040
256.643718,205.925601,15.514585,15.126032
254.127497,205.445520,15.121300,14.889387
250.423318,203.655091,15.016542,15.255584
248.095494,201.611147,14.685725,16.648167
245.312916,200.378571,15.674725,16.517960
244.452887,198.781166,14.705222,16.955072
244.469617,197.657587,14.530779,16.950567
243.945293,196.529121,14.777921,16.894388
244.358048,196.576680,14.570086,15.799484
244.430478,196.202222,14.106928,15.248182
244.872269,193.749382,14.829165,15.224831
245.803841,192.972469,15.020717,15.695062
247.263799,191.962271,14.406839,15.801716
248.700721,191.471887,14.681387,14.755958
249.312982,191.809482,15.317933,13.935641
251.186214,193.008791,14.538251,12.920528
253.523369,196.800256,13.920299,12.302046
255.707686,200.280052,13.439438,10.723909
255.818664,204.542939,13.597212,10.000000
256.955776,208.326654,15.200185,10.000000
256.365503,209.555656,14.697796,10.388233
256.355822,210.988136,14.092346,10.000000
256.102137,212.237536,15.224731,11.138259
256.104712,215.003954,13.736794,10.000000
257.185246,215.622586,14.097862,10.000000
256.874432,216.030446,13.512443,10.000000
256.672051,215.855063,13.553839,10.000000
256.585945,216.335676,12.961701,10.000000
255.997138,214.978228,12.936851,10.000000
257.293088,215.235366,12.318262,10.000000
258.188089,213.456839,12.275235,10.000000
259.183387,212.456747,11.481702,10.000000
258.727042,211.382343,11.704974,10.000000
259.040685,209.612799,11.563341,10.000000
258.607771,208.224520,12.148216,10.000000
258.981798,208.670289,10.781887,10.000000
257.737934,207.711306,11.566915,10.000000
256.105084,207.418088,10.735305,10.000000
255.775818,207.837482,10.000000,10.000000
253.027975,205.892272,10.000000,10.000000
249.983504,205.985190,10.188425,10.000000
246.298536,205.850527,10.000000,10.000000
244.333629,204.624635,10.059561,10.000000
242.020354,204.382666,10.000000,10.000000
241.097433,203.706826,15.301580,10.000000
239.653178,201.965327,16.362801,10.000000
239.183856,201.550612,15.753970,10.000000
235.651597,200.471787,19.245014,10.000000
232.681867,200.028260,23.468096,10.000000
236.109098,198.338248,20.495531,10.000000
237.043122,197.987181,22.626507,10.000000
238.985385,196.003695,22.874802,10.077866
241.922902,195.334953,23.181438,10.000000
244.946307,193.425727,22.595184,10.000000
247.463259,192.740134,24.742859,10.000000
249.151825,192.687954,26.314243,10.441945
254.931296,195.758216,24.498817,10.409767
257.427230,196.250551,25.654860,10.738489
260.709982,196.867329,25.830086,10.819493
263.165234,196.932415,25.249851,10.870725
263.487848,196.502140,25.854784,10.363988
258.231185,195.616060,26.798407,10.294352
253.618306,194.069570,25.928211,11.272699
246.877046,192.514047,25.920061,11.558536
242.700018,191.398646,28.007790,11.051796
238.977805,189.377166,26.148125,11.405813
234.016721,186.860957,27.705256,12.613296
232.656005,185.589872,27.668348,13.138071
232.379062,183.300873,27.061819,13.490385
231.988403,180.567917,27.181089,13.718274
232.214828,177.055187,27.595343,14.376707
233.018945,174.548650,27.484514,15.082393
234.487310,170.623386,26.696970,15.760871
236.114605,166.419972,27.027317,16.755840
237.457326,162.478959,26.054209,17.765148
240.127052,157.805278,25.611624,18.652107
240.411364,157.117881,25.726723,19.667130
239.308145,163.822281,25.617846,21.219091
239.256366,168.392382,23.896330,21.758194
237.479814,170.083970,25.069094,22.179134
237.936895,172.121289,24.250185,23.749912
237.600619,171.349900,24.138199,24.882305
237.367612,169.991529,23.508509,25.176363
237.282525,167.994424,22.958302,25.136745
236.960912,166.649954,23.241106,25.517580
236.673220,164.880555,22.435822,25.709736
237.325434,162.054282,21.863670,26.866867
237.127567,160.753162,20.758871,27.189589
235.984444,159.924032,20.520046,28.151758
235.279758,162.120065,20.125006,28.233370
