540.000000,366.000000,151.000000,53.000000
534.990578,363.098490,151.363022,57.270000
528.837090,356.848585,149.440689,58.558781
517.729042,363.862799,149.261307,57.703876
517.480286,369.999676,150.833221,56.879768
516.555359,369.648300,151.726837,56.902557
517.117516,368.882210,150.330338,57.359451
514.225388,369.119469,152.536224,57.393173
511.770592,367.389549,152.567032,57.846420
510.933960,367.881712,153.099731,57.603672
513.899986,365.891840,151.903610,58.599834
511.028343,364.703989,154.203415,57.931561
511.221588,364.535259,152.753571,57.960701
507.344658,359.482601,155.453629,59.007332
503.324554,353.442284,154.558380,58.540878
499.405640,345.567690,153.681000,56.582058
494.937416,336.770321,153.595718,57.412575
489.621292,330.286022,154.907715,57.686928
489.174049,329.545200,154.701126,56.668480
484.432625,326.451271,154.008469,58.293991
481.641449,324.094856,154.982178,58.251144
477.558311,324.879261,155.047501,57.698814
476.619514,325.063839,154.513870,56.916939
477.948509,323.353611,153.109604,56.705742
476.521400,322.848780,154.957077,56.565441
478.803055,318.347258,152.648926,57.586277
479.723900,316.804094,152.461319,56.187893
482.692650,314.860630,151.721390,56.943779
486.128067,312.811014,151.597687,56.887707
490.000870,312.714304,153.569061,56.869335
488.900459,312.712044,154.523087,56.894821
493.511887,312.859926,151.480591,57.249050
498.697792,313.942238,150.292282,58.189529
501.350052,315.595675,151.483490,58.007107
505.035797,317.753628,150.538788,57.429787
508.509254,318.883768,149.639664,56.941509
508.810028,319.037157,152.132172,57.085201
508.749580,319.173666,152.535202,57.220173
509.432045,319.824736,152.101028,57.409092
510.496010,320.416372,151.669785,58.374836
509.889503,321.419401,151.446396,58.254246
509.789993,321.773220,153.938019,58.391151
510.486328,322.772043,153.636566,58.232983
508.850250,323.097778,158.200836,59.544769
510.706062,324.874466,156.579056,58.859528
509.549309,326.439259,160.507278,58.981133
509.259865,328.130499,164.152023,59.366840
509.115265,329.827084,164.448792,58.965065
510.264336,329.846586,161.637283,59.151493
509.894966,332.184542,163.618393,58.414303
511.626076,332.816692,161.498611,58.652809
511.702805,332.611914,163.435516,58.845295
512.637543,332.514124,163.137909,58.623730
512.472229,332.798431,164.210510,58.660370
512.499878,332.204527,164.503845,59.077091
513.737587,331.724312,163.775162,58.752548
514.118271,329.810568,163.769165,59.919056
514.329147,328.595516,163.103546,59.548988
513.095306,328.147812,164.262238,59.287872
510.885490,327.984735,165.450699,59.613567
510.315788,328.442465,165.801895,59.290028
509.831963,328.739977,165.819351,60.445248
507.438507,332.042097,166.684570,60.221684
507.046745,332.762995,167.206802,61.052532
505.577087,336.091158,165.469177,62.130581
503.944801,340.154846,166.553513,61.359406
505.777260,340.408278,165.266342,61.490238
504.326691,346.555704,166.298767,60.877514
502.940613,354.396542,166.925354,62.229225
507.896324,360.488819,164.759903,63.857292
511.610374,369.564583,166.202286,63.287857
513.775391,369.623972,165.575195,63.458813
517.023460,377.725132,165.807755,62.846642
521.157829,384.066307,168.100784,64.395432
524.781509,391.036964,167.401031,63.436478
529.485107,393.350315,168.656677,64.871666
530.097290,395.694389,171.106995,65.299484
530.196342,395.568695,170.722427,65.192596
528.777283,396.048347,172.479248,65.449051
527.254463,394.295906,176.210434,65.712723
528.281685,392.213570,176.447311,64.164932
528.870468,388.991776,181.680511,64.366394
529.843071,383.156918,185.805069,65.692909
530.987114,383.275890,184.826370,65.103462
532.399132,381.992630,186.824417,63.802490
536.895828,380.109634,187.205780,65.041199
541.289978,380.029884,191.187073,65.397354
542.854454,382.954205,195.265152,67.628365
546.885574,388.428349,199.081390,69.774010
546.630981,388.518242,199.476074,69.689987
552.659790,395.527271,201.531555,71.208977
557.552139,407.920742,202.747528,67.642372
562.128220,420.638760,205.597809,69.008034
564.280540,429.661041,208.124344,69.705597
563.770416,437.994663,212.165405,69.164879
564.179260,437.752522,212.387878,68.788567
549.855827,441.848446,213.922745,69.414528
543.954704,445.513611,215.555862,68.982635
534.218018,448.052525,219.299927,70.493309
528.490738,451.608288,221.906158,71.289436
518.281937,452.054939,221.924896,73.063797
518.737022,452.051624,221.815689,73.149223
510.309868,452.015369,224.055862,74.010735
500.733055,451.095345,228.042618,74.436661
495.475037,451.136288,229.732788,75.086037
490.826080,451.688549,231.799500,75.401253
485.736794,451.659412,234.427658,75.679924
486.665779,452.296165,233.326828,74.467087
485.195747,450.012238,235.608566,75.365509
482.255302,445.810677,237.325333,75.049149
480.089661,441.810055,242.744751,75.021523
481.803848,437.733521,247.670807,75.811554
488.126793,434.017925,251.797134,76.447212
485.127731,434.173256,253.931793,77.432144
500.130447,431.132339,252.480011,79.465759
507.331116,428.861069,256.499207,80.914368
513.931992,422.626640,259.211151,82.083542
520.248032,419.383018,261.680817,81.973679
527.476868,417.473652,264.302490,81.361198
525.073166,418.304619,265.913361,81.672165
530.220276,412.246513,272.111694,82.166183
536.099823,409.283085,274.040527,84.067711
536.482498,406.186733,274.827240,82.447365
538.353409,401.340477,282.029449,82.495651
531.789871,395.267189,288.426910,85.922806
531.855011,394.965557,288.142883,87.000435
531.961609,390.399708,289.552124,86.738091
525.909531,386.643627,288.689362,87.361397
516.272018,383.351261,290.847748,87.631615
513.649994,381.155388,288.551636,86.050217
512.147614,379.522678,291.384155,84.644493
511.421356,378.555099,293.988525,85.717529
510.389526,376.673374,286.774414,83.727989
499.330154,372.942291,288.908844,82.483734
498.568756,370.484894,284.099609,79.257660
494.608856,366.543629,282.901306,75.915642
495.071198,365.868210,271.731079,71.463501
495.518646,364.881901,276.754150,73.257896
492.187408,359.324020,274.741821,71.508301
493.006317,355.850357,266.801758,69.137817
494.461227,352.771912,264.879364,68.486053
495.479294,348.786812,255.144684,69.403458
494.941864,348.579929,243.995544,68.689232
494.288582,346.917534,245.007614,70.320847
497.552139,348.055271,211.234344,68.665428
495.081863,348.764950,180.334198,66.863991
497.227150,349.715725,239.469345,75.279823
494.199966,350.747890,237.659637,67.165749
497.373466,349.693623,239.932755,65.503410
496.958961,348.999397,239.068893,65.299515
499.896339,352.869267,235.738144,62.076500
540.932663,353.360050,196.892303,62.610008
523.677238,358.345209,214.923904,58.519939
517.708435,358.369617,226.456726,58.127922
522.188629,360.749321,224.217407,54.240707
522.794586,360.218645,224.478577,54.125607
527.276253,361.861288,223.600632,52.194324
534.824371,363.802134,219.335571,50.708141
541.070099,365.052023,218.190674,49.538929
548.230583,366.899981,214.768814,48.284847
554.667778,367.364319,211.676346,48.727264
553.341217,367.088949,212.194794,48.998371
558.380508,367.534117,213.050598,49.044559
563.273262,368.135963,217.149124,50.257309
568.602364,368.113853,184.361099,52.739273
569.282799,371.032560,156.194321,52.194798
572.592621,370.957939,148.695496,56.501144
572.567123,369.868338,133.937805,55.197742
571.842598,370.171295,235.386673,59.614990
574.765610,369.419228,240.504456,57.387680
581.553925,359.227440,238.326935,69.708755
533.560074,359.120190,286.203308,70.549782
561.852158,369.226223,256.339539,59.465034
567.918274,369.464691,257.304291,59.176941
560.504272,369.425806,235.729950,60.064404
554.183594,370.126263,196.919769,60.068214
550.158051,370.931942,158.947357,59.920601
541.873932,369.453369,273.420074,74.557526
544.871719,361.715050,285.756470,72.235275
548.049988,351.288776,282.826263,78.866753
532.905228,361.080452,292.264343,71.728531
488.358459,357.556812,340.427277,74.930656
522.554688,366.909136,306.171906,60.786678
497.561203,366.664602,331.189209,59.763416
490.790512,365.898373,332.400452,59.308876
489.230545,367.314493,334.389343,58.526440
477.194290,365.995541,347.808655,59.943275
469.416840,368.317654,350.324738,62.506081
461.690231,375.986324,363.431030,62.384743
459.850235,380.058571,366.618286,64.771011
460.937714,382.808559,369.548737,65.256081
462.833679,382.914303,368.782684,65.194374
460.981049,383.646233,371.826752,66.439377
449.711014,384.302876,385.327759,66.782280
445.352982,383.949089,384.702515,67.803452
440.771378,382.202423,386.883240,68.984772
431.742599,378.959759,392.946838,71.110298
429.927551,378.035358,395.531647,72.051933
432.332657,376.028786,390.349182,74.052689
427.072891,373.160645,397.669556,72.658600
420.905121,365.664173,402.000946,79.286064
431.565186,358.130608,393.931732,84.441330
433.576859,355.113544,400.762146,85.400139
435.589767,354.757977,400.787292,85.251839
437.955536,353.528938,390.483307,84.150345
438.992157,355.298218,387.541595,82.469635
446.671692,361.843781,380.830841,77.510834
456.514343,363.275639,389.068512,79.202354
472.004776,367.021603,385.439758,80.522316
462.211594,365.435146,396.144592,83.437294
476.172577,373.161205,383.919220,79.973579
488.166672,377.801231,373.603088,78.480270
499.461533,382.528885,377.837341,78.567383
509.020813,387.301662,368.107758,77.518349
507.774780,390.318909,371.599152,78.641937
518.811676,390.720970,360.439789,78.753647
524.801804,393.719997,354.457153,79.120644
522.537613,398.493092,358.287903,76.615105
528.558502,397.523170,346.385223,75.979507
527.823471,395.247978,345.229065,75.339584
545.350555,390.901390,328.399750,74.947067
545.360580,390.870464,328.987427,74.676155
549.162079,387.280853,319.961456,72.694977
552.368744,383.922359,311.258087,68.592690
552.434906,380.888836,310.382233,67.845833
552.739197,379.584923,301.772003,66.559433
547.312561,379.148872,292.795685,64.886612
550.310120,378.394039,288.088959,64.258278
549.528519,379.278076,272.759888,66.083954
548.294464,381.407598,266.357391,62.484638
545.546638,381.339954,253.981583,60.355095
533.961838,379.947317,259.774414,58.994678
522.296394,378.865610,241.955215,55.971813
524.272507,378.772171,240.249695,55.332825
506.545914,376.570677,228.291260,53.344883
496.413887,377.414019,219.610794,52.083248
494.478752,372.586014,194.209366,55.041260
479.268089,371.610504,195.113846,55.521210
468.544212,371.948902,195.727615,52.861382
462.592140,371.535963,205.116898,53.406651
460.981377,370.928526,186.534470,51.914982
460.322655,369.016607,181.334915,52.336079
465.928505,364.910896,173.739670,51.342056
471.720909,360.250809,174.969589,52.049225
477.974930,355.499382,166.491669,52.779739
474.125755,355.904718,170.028519,53.551189
475.251709,349.488657,160.942505,51.840221
463.073730,342.526869,160.355255,52.518681
456.369804,335.770134,154.159836,51.952988
451.244698,329.369171,148.872055,49.659241
438.298256,323.934113,142.941513,52.963867
441.266365,324.122154,140.380264,51.588669
433.260979,321.665083,137.511032,51.855686
429.877090,323.053185,135.953186,50.351364
428.834946,330.104576,134.908875,48.493576
431.638016,332.380672,129.047852,49.572029
440.775249,335.123024,126.729927,49.048508
440.572166,335.568426,125.885269,48.060841
452.742817,336.438530,123.470543,48.125046
464.426804,335.954985,118.957642,46.290653
469.201694,336.921848,119.397758,44.760246
480.465141,336.335739,112.471786,43.436829
489.728161,336.183811,108.196602,41.365257
490.946369,336.445864,107.388512,41.118771
493.207813,335.002066,107.872673,40.602222
496.622768,334.450521,106.465553,39.160206
502.786556,333.643499,101.430550,38.309528
505.715546,335.725006,100.794434,37.092621
512.904629,341.237705,95.203682,36.085106
511.581173,341.623127,96.134987,36.190544
515.690201,349.177776,95.712646,34.359108
520.828030,355.502953,91.506935,34.646469
524.524796,363.095926,90.470520,33.950390
528.916435,370.632002,88.422745,32.447269
530.794048,370.625559,86.990913,33.185497
534.130417,377.150913,86.358643,32.135643
537.721615,383.943666,85.733192,31.785580
543.411198,388.863167,79.626427,32.080002
544.526836,394.974640,80.654213,31.853973
544.384972,399.302910,81.685226,32.502762
544.497803,399.677196,81.743805,31.885111
544.996593,406.294971,82.952736,31.692774
545.998325,412.858389,83.201988,32.257069
548.100933,419.481153,83.924629,33.146671
552.029388,425.501232,85.326782,34.261177
557.470966,432.258781,85.384392,34.731216
556.476589,432.541447,86.605568,34.916740
562.945129,437.207373,86.220337,37.266590
567.384686,441.384127,86.970192,38.235470
571.002300,446.008625,89.093941,39.985039
575.686066,449.165995,88.867767,40.908520
578.190464,452.154491,91.550102,42.685585
578.143436,452.710405,92.617699,42.151791
578.692501,454.442106,94.002480,42.108128
584.282398,453.298407,93.330803,43.667744
583.305161,455.256542,95.799652,44.939644
583.241520,455.386919,96.981956,47.344631
583.219967,455.245306,99.698677,48.029987
583.502769,455.336489,98.851364,48.436459
582.730350,455.056942,100.662346,49.877510
580.424229,455.582199,103.887230,51.171204
582.341660,455.323658,104.816376,52.442375
583.022549,456.479042,108.385750,53.950943
583.533813,456.184015,109.945618,56.055676
584.461830,456.155483,108.368851,56.012367
583.912624,457.317036,113.079659,57.641197
584.603344,457.428925,112.569221,59.143677
582.555489,457.697054,116.728897,60.818356
581.717625,455.671753,117.513329,64.685211
580.598949,454.446663,120.821724,66.242691
580.197468,454.050240,121.095055,66.368698
579.416878,452.934860,122.078995,68.727722
577.103104,450.007015,122.606873,70.527046
578.119499,443.929768,120.867294,70.328026
570.369987,439.515694,128.455826,72.844162
576.980183,436.982258,119.191643,70.941490
576.055115,438.475758,120.196594,69.781364
577.817894,431.136112,115.408493,71.550957
577.053684,424.350212,113.398796,72.202896
577.046158,418.873291,112.675354,72.581482
575.185757,414.644234,110.010628,74.027634
576.434967,410.647938,106.295929,72.879936
575.728172,411.376057,107.076035,71.973717
573.472790,409.593246,105.715279,73.846283
572.629211,409.018326,102.438354,73.907349
567.455158,410.285385,103.300804,72.911682
560.520779,407.291496,99.916023,72.055344
551.802670,402.890537,101.152534,71.899132
551.598869,403.834984,100.450058,72.416916
545.033672,398.491882,96.380135,70.817169
534.481094,396.606041,95.073730,70.936844
527.779385,394.996723,93.956551,71.328270
520.452621,395.093380,92.205231,70.414680
514.826893,396.161270,92.018303,71.509003
513.142471,396.183643,92.845337,72.417168
511.110714,395.834721,89.735603,70.791954
507.967846,395.394386,92.304787,74.145309
507.957306,397.076160,91.404694,73.075279
509.190254,401.607018,89.476303,72.655441
510.554268,405.767406,87.517227,71.028450
510.140903,405.083485,87.965080,71.559532
510.804489,410.631508,84.983978,69.318558
511.921379,413.672161,84.389664,70.294075
511.725567,414.272278,84.135139,69.994843
513.491051,412.538589,84.378189,68.921265
513.543774,410.448719,85.052864,67.233604
512.414387,410.243423,85.915215,67.300690
512.566879,406.487885,84.165863,66.979340
513.475666,400.644424,83.892662,66.629852
516.163723,394.238457,82.254280,66.028030
519.007339,388.778664,83.144745,66.785141
524.337986,384.948479,81.148796,64.607864
524.010197,384.988075,81.386375,65.000870
528.509495,382.153559,79.385124,63.751385
532.895596,378.331841,80.686256,63.153122
537.960899,376.156630,79.515976,63.077824
543.679241,373.518360,76.911903,62.615685
544.347660,372.988699,76.323265,62.512592
544.013432,372.855824,77.015465,62.335716
545.863346,371.886011,76.116631,63.104748
548.358250,373.285435,74.696342,60.751457
551.196884,372.769514,73.632446,62.271336
554.491947,373.579466,73.905693,62.369633
560.274837,372.940453,70.912758,64.358170
559.607197,373.964788,70.949455,63.371998
560.137459,373.673038,73.508072,64.782249
561.385063,373.298084,74.992966,65.905113
563.669991,376.019127,76.222946,65.279892
566.959820,374.057671,77.564522,68.885757
567.679653,374.738434,79.880775,67.965607
567.857517,376.584618,80.703880,67.086746
570.282005,372.726009,82.832840,70.306831
577.192375,369.921421,83.137192,71.963310
586.418869,367.984169,84.829773,72.291000
592.138008,370.183750,85.611008,73.439598
599.293678,373.759193,86.469742,72.380508
598.607395,373.329521,87.144981,72.293503
605.134323,377.562756,86.471497,71.557716
610.035019,384.035423,89.182068,71.378433
609.476368,387.507210,89.460320,69.912704
605.494205,389.720737,89.228203,67.141991
599.351475,389.101696,90.130852,66.862282
599.995815,389.075069,88.628731,67.522591
594.595066,387.943214,90.514427,66.861435
591.750851,383.595566,88.455391,65.287567
586.090939,383.684896,90.839790,62.883350
580.837498,381.968534,90.135399,61.683140
580.992828,380.740623,90.049713,60.936783
580.240917,379.869053,89.342262,61.073936
580.018200,377.518534,89.801521,61.715984
585.022324,377.298178,88.012909,60.425587
585.215405,378.548006,89.251625,60.499752
586.015839,382.938259,88.433624,58.758827
584.715961,387.200115,88.878410,57.918007
584.359520,386.167385,89.255569,59.638130
583.887466,393.445753,86.643616,57.510868
581.909245,399.820654,87.672356,56.566792
580.411125,406.724243,87.666885,55.137573
579.255611,413.471230,86.365761,55.529190
577.521923,419.659815,87.022865,56.268383
577.611385,419.056343,87.516396,57.270218
577.428986,420.591146,89.312439,56.501362
574.752502,419.721445,87.909790,56.021893
575.075020,416.662645,87.480453,55.289211
572.309105,411.934586,87.461075,53.450012
574.901588,402.278023,86.893539,54.519180
574.060795,402.694506,88.270134,54.854061
577.556267,393.773464,86.246567,53.734993
583.152607,382.094086,89.003441,53.457062
589.854389,369.787766,87.925682,54.756561
598.269817,358.938215,88.378395,53.597294
605.319683,352.379467,87.220100,54.003548
605.394447,353.136452,86.731857,53.900558
615.447086,346.090841,87.134331,53.583302
625.184452,345.835114,87.173424,52.513916
633.592079,347.074261,87.646439,53.826942
643.400082,354.067989,87.984779,53.357460
649.643452,360.520884,86.080711,52.267284
648.883247,360.307737,86.796829,52.819462
651.017719,366.934418,83.886711,52.345673
643.102699,371.531853,86.130936,51.928391
629.949409,374.803049,86.714554,51.323895
620.664062,375.536295,85.756866,51.140423
607.535835,371.152752,86.566299,51.383614
607.429409,371.138910,86.780708,51.151897
596.138271,367.821363,86.232368,50.251774
587.537384,363.493755,85.445007,49.003761
578.876850,359.892883,85.096428,49.178040
571.303776,361.187918,85.203545,48.647541
567.465889,361.859962,83.842361,48.285568
566.341106,361.673052,85.143074,48.372128
563.383339,365.542772,85.556473,47.646053
567.396664,373.328308,86.326820,47.650421
572.590786,383.926695,84.539436,47.325077
579.913837,397.072737,84.665276,46.941349
591.928261,407.250053,84.027603,46.199173
590.929153,408.075188,84.317230,46.558151
602.205418,417.334419,84.809715,46.148209
610.998775,425.834501,84.322395,45.887547
617.575066,433.274933,84.698349,45.637329
623.616123,441.025969,84.832817,45.502903
625.901188,446.821081,86.097130,44.111958
626.040508,447.152380,85.986305,44.281269
632.225155,452.900915,84.948097,44.606190
634.021236,460.278469,86.063850,45.308937
635.870007,466.235666,84.358345,44.164257
636.790604,467.370327,84.363068,44.268684
636.155594,466.193930,84.126068,43.463520
635.795433,466.765806,84.060104,43.716618
634.681870,465.275665,84.196289,43.666534
632.800549,457.457882,83.369179,44.208229
631.788422,450.341713,84.860107,44.492355
632.821098,445.494129,84.206711,43.802177
640.656631,437.169399,84.331818,44.349861
640.322681,437.510960,84.763908,43.625847
650.727219,430.415928,82.255676,44.531700
658.209530,425.921885,83.176003,45.958416
666.806087,426.552801,82.148964,45.326740
671.974483,428.867558,81.860390,45.813530
676.073311,432.885731,81.068436,45.958397
674.286697,432.770472,82.114349,45.537609
674.862804,435.066996,82.291512,46.689922
672.143917,438.103176,80.966896,45.899483
663.238758,434.913029,80.536613,48.290977
652.747269,431.971750,80.691498,46.765148
641.262466,425.306690,80.016724,47.702354
640.379761,425.298607,80.785675,47.252609
631.732018,421.504013,80.919327,47.877350
618.939491,418.599396,81.969925,48.847351
609.481476,414.359280,80.348999,47.911629
602.254482,411.386673,80.893990,47.197510
601.944950,412.008747,82.418022,47.973686
599.123966,410.639328,81.542900,48.691101
598.204998,409.189032,81.994209,48.238575
600.634087,410.089691,80.931778,48.662048
603.365990,414.485056,81.212936,47.076702
607.337589,418.969606,79.626274,49.329006
606.828869,418.963799,80.931252,48.755417
608.834938,425.770531,79.957230,49.282547
609.655983,432.073545,79.842819,48.486210
609.859921,437.139404,80.612099,47.908234
607.375568,439.361151,82.036552,47.802570
605.540585,440.630840,81.587349,46.769600
605.119339,440.052412,81.285034,46.832279
602.184525,438.859407,82.778290,47.075771
597.836254,434.342487,81.449654,45.058464
595.920620,431.341141,82.407936,47.211395
595.659210,428.679113,82.004395,46.582752
598.212563,429.065292,81.767471,46.951202
598.713142,428.843742,82.319351,46.933731
605.000507,426.419033,83.098167,46.364357
610.129314,425.382011,81.676582,46.290848
617.257454,424.833363,81.770248,45.828331
623.236412,426.584452,80.683456,46.727734
627.782394,432.988573,80.547424,47.000759
628.818909,433.847450,80.199036,46.028122
633.776619,439.572340,79.677658,47.365360
635.818287,446.786404,80.620415,46.574287
635.436413,454.465645,80.383369,45.677414
632.495049,459.218018,81.917526,45.970276
631.779510,459.567671,80.668732,45.508762
631.741058,459.613056,80.313171,45.462303
629.586403,454.403107,80.728592,45.186340
626.933098,448.471064,82.165329,44.633404
627.640369,443.664669,83.142967,44.052132
632.034119,439.607725,82.262543,44.052341
636.206425,439.164410,84.396660,43.942604
637.743542,438.652540,82.988686,44.250187
644.209740,437.736544,82.986740,42.732479
649.209835,441.177958,84.283730,43.656200
658.045990,446.615208,83.998871,43.259483
662.855984,452.747049,84.218300,42.628735
658.106335,459.001347,86.331062,41.884087
658.915443,459.354666,84.976974,42.588917
648.795059,462.792826,86.137268,41.776623
633.951733,463.629698,85.627235,42.304173
617.462761,461.630737,85.176743,40.196503
601.007984,455.728661,85.265892,40.706680
586.926888,449.021927,84.776443,41.143463
587.035839,449.279861,84.715889,40.779083
573.798447,446.876909,87.862762,38.900173
567.292519,440.533705,85.678818,41.298923
562.063614,435.192472,85.578552,40.556461
561.534519,429.183643,87.175652,39.479485
562.312023,422.018225,88.510780,39.860950
562.952419,422.569775,86.925514,39.590401
568.410316,416.188459,87.235123,40.127110
576.185604,412.812906,85.378334,39.169750
582.001251,410.025562,86.261566,38.714897
586.351612,405.742693,86.232994,38.486263
590.558895,401.398584,85.931435,38.430431
590.307194,400.073965,86.252281,38.904011
592.540051,393.634769,86.902504,38.928612
589.973190,387.932453,87.949860,39.105095
586.659458,384.210070,86.333977,38.173824
582.519020,378.223082,87.500748,38.552921
575.045254,372.869593,88.486702,39.572369
576.485104,372.968769,88.474892,39.256432
570.907612,371.861280,87.009789,39.085178
565.762173,369.094246,88.027473,38.529617
559.535591,366.680046,88.906998,38.587845
558.240700,361.693579,89.607803,38.554676
559.933285,360.498453,88.725533,39.339855
559.975361,360.305130,88.357109,39.828186
568.324242,361.645439,88.323776,41.315689
576.463318,367.497141,89.702576,39.855633
586.134937,372.085211,88.974113,40.190479
592.745205,379.542917,89.291817,39.296368
593.270119,388.288168,90.745316,40.187702
593.454308,388.631977,89.605667,40.106407
588.916290,400.356220,89.903351,39.195610
584.717518,414.044786,88.558067,39.450649
574.206036,423.299477,89.583168,39.338394
564.351280,433.560192,90.696640,38.984016
555.108631,436.843132,91.207512,39.068344
555.721756,437.017128,92.094666,39.049423
552.654232,437.792440,89.447487,39.412800
550.882381,438.238356,89.704262,39.185429
552.546822,438.313728,88.654739,38.733322
555.737843,435.261232,90.124718,37.818569
560.266388,430.613447,90.005829,38.533451
560.597652,430.320707,90.482491,39.302402
567.338024,426.459747,88.848122,37.412720
573.492794,420.425947,90.538765,38.113041
578.455799,417.828564,91.355247,37.975716
584.332916,412.955397,91.148376,37.951145
586.748184,408.087660,92.038147,37.061314
587.171741,407.461140,92.720573,37.467827
587.532337,398.595314,92.877007,37.468643
580.019882,389.607515,92.645874,37.624538
573.774914,378.447474,91.590401,37.902325
562.586277,367.775393,93.296928,37.792141
552.755100,360.014000,90.691368,37.105881
552.831371,359.685886,91.277351,37.989372
542.983006,352.054426,90.663048,37.923496
530.188709,345.974926,93.406853,36.796211
521.092159,340.677916,90.434303,37.517826
511.196079,335.527533,89.793968,36.745502
503.379658,332.642950,92.326378,37.991657
503.871761,332.509378,92.855232,38.568432
497.429966,331.115179,92.451530,36.721729
489.686478,330.359240,93.260803,37.787014
480.265316,327.132925,94.063637,37.592426
473.466908,325.719091,94.195702,37.580585
471.728928,322.170670,89.157532,37.936707
471.191151,321.913858,90.631645,39.125500
470.160160,324.058725,92.707298,38.504589
471.326839,329.073385,92.665291,37.859974
471.872540,333.665533,93.042244,37.097248
473.954254,341.938087,93.091919,37.736710
480.311596,347.179384,93.959236,37.412106
481.368065,346.755686,93.059799,38.196148
488.867420,351.024855,92.490044,38.291996
497.117130,351.710844,93.143608,39.459049
505.477615,352.752377,93.327545,39.304451
512.141029,351.330381,93.224289,38.445774
520.976665,347.901104,91.636086,36.828987
521.264400,347.471483,92.074623,37.428921
528.362949,344.091984,93.517143,36.212547
534.609798,335.324781,93.230843,37.266148
541.713104,329.127731,92.304993,36.420654
543.972282,321.488325,91.469772,35.495823
550.073940,315.442822,90.710762,34.181831
549.863560,315.319511,90.008171,34.944901
553.651718,308.785109,92.929199,34.307957
559.297321,305.937334,90.784996,34.704250
565.644650,302.524035,92.474312,32.325253
572.563545,302.232470,92.318192,32.981136
579.668369,309.124015,92.490410,31.870195
579.343369,309.105171,91.854797,32.831528
585.520237,317.085738,93.072655,31.449404
592.594501,327.231199,91.992119,32.246616
601.280975,337.783909,91.762878,32.231316
610.308357,347.210299,92.038681,30.593410
623.922276,355.680058,89.491875,31.289757
623.825821,354.896410,89.211243,32.862301
634.113285,363.996901,91.867119,30.014957
647.957020,371.254495,89.418785,30.293562
658.595871,380.471228,91.109528,30.389668
671.881153,388.638269,89.883751,30.030743
682.194672,395.647200,90.122986,29.474949
683.430912,395.482473,89.612724,30.815601
694.043644,404.263219,89.046288,28.999685
701.736156,409.458836,89.636909,30.065269
704.947384,415.894045,91.932503,29.627163
705.891785,415.655976,91.416809,30.846251
705.425179,415.851624,90.696457,30.883026
705.865570,415.665501,91.482025,30.717339
704.021030,416.976651,90.598686,29.806463
704.299938,418.828835,90.792458,29.175367
697.095188,422.630323,93.153664,29.301884
694.401752,422.277860,91.201027,28.990667
695.782215,418.779222,89.091591,28.490108
696.173222,418.774689,89.284782,29.127838
694.631096,416.033304,89.143524,29.487026
693.572594,413.716931,89.188782,28.406332
691.302357,412.322586,91.121834,28.025787
689.182392,413.648767,91.958626,27.883205
684.476986,414.405237,91.348335,27.634350
684.564026,415.001129,91.471100,27.664276
680.427750,415.681735,91.395203,27.028238
675.919472,417.665342,90.298050,26.832096
670.273079,419.175107,89.524765,27.263250
665.227676,424.823204,90.150879,26.797073
658.796978,428.911283,89.223930,26.429235
658.482235,427.869915,88.167732,26.593483
650.714897,432.064961,90.239670,26.115088
644.238838,436.640851,89.379166,25.303213
636.212852,438.544793,89.928680,25.203138
626.658855,438.942413,90.489449,24.371262
617.688927,438.166678,90.763229,24.015657
617.001488,438.862659,90.195526,24.229378
609.823124,437.356105,90.300331,24.250360
607.386147,438.327826,89.836441,24.522493
606.744984,438.440306,90.973717,24.002781
608.457874,439.611375,91.296242,23.733122
606.756523,438.239727,91.253525,23.476006
607.345337,438.216801,92.428589,23.553505
606.942669,434.234245,91.749733,24.033569
604.990635,430.902358,93.308189,23.468019
604.755585,429.398767,91.531296,24.239073
604.346046,429.374017,90.795120,23.932661
604.347599,431.418344,91.443810,24.013884
604.160633,430.749066,91.618813,23.977026
605.591446,432.337326,90.528397,23.624832
604.737644,432.333545,90.313728,23.323008
602.468224,429.803056,91.964096,23.075666
601.814522,427.420695,91.271835,22.960733
598.854740,424.390256,90.161919,22.650366
598.556770,423.216818,91.577057,23.578617
592.672554,420.194550,91.465271,23.003387
586.667267,415.074620,90.726715,22.883780
584.295166,411.282855,90.496506,22.237528
583.295292,408.370414,90.303047,22.042131
583.833572,408.824240,89.907425,22.939777
582.767021,409.441353,88.743027,22.659683
583.435986,408.175269,90.043755,23.365206
586.005825,406.335652,89.893517,23.610113
587.980869,407.811669,90.543358,23.813139
593.888718,411.707512,89.709351,24.372803
592.735043,411.207105,90.439735,24.356100
602.332272,415.777973,90.321098,23.968452
614.381859,421.071831,88.358292,24.753433
621.275654,426.179182,89.304466,25.808918
631.856621,432.361981,88.761398,25.713766
638.740166,436.950983,87.603271,25.793011
638.349705,436.735542,87.387062,26.551651
641.216057,440.900438,90.643784,26.964077
648.195091,444.575650,89.050583,26.648733
648.830936,446.463338,90.883949,26.937750
650.968262,445.300591,87.455643,27.349930
649.415363,440.948233,89.655785,25.889225
648.286331,439.906397,89.696304,27.518124
648.212273,432.341334,90.401627,26.768061
650.198200,420.703745,88.649605,26.457546
649.682117,406.338795,91.605919,25.699181
654.145008,392.399282,88.476753,27.368519
658.375671,374.583253,90.421249,25.724241
657.589500,374.948787,89.875458,27.069712
660.984337,359.936316,88.821594,26.652941
663.447472,348.824027,87.340347,27.489336
660.695995,341.130317,89.628929,26.642397
663.373718,336.982775,86.469452,26.767879
661.533428,335.818842,89.220131,27.985424
661.922237,335.818563,89.327568,28.161413
660.881596,337.594989,90.000877,27.741327
657.501682,337.382205,90.182610,27.330622
655.366230,335.226558,91.219444,27.189585
650.933701,336.232866,91.824020,26.645153
646.492550,336.772037,90.472466,27.181818
646.973911,337.708663,89.460045,27.143908
642.872250,341.772948,91.106178,25.563143
639.157619,350.134324,87.928673,24.576078
633.089802,357.641045,88.748543,24.727707
631.302128,363.967696,88.168419,25.338610
626.112549,368.772620,90.822678,25.257387
625.264839,368.443875,90.497940,26.110525
619.738815,371.749038,90.548645,25.819353
614.437202,374.786583,89.043655,24.772675
607.975838,380.009984,87.898026,25.502874
595.930927,383.720037,90.443489,25.557974
586.224018,384.571900,89.617195,26.738157
585.467281,384.722414,89.297218,27.623272
578.013309,382.851264,90.844078,25.643297
572.756176,380.752178,88.982613,25.448952
567.006008,378.724297,88.427849,26.082794
559.472492,378.063966,91.406868,25.281019
555.406330,374.992182,90.788841,25.127010
556.053936,374.859382,91.849739,25.614702
556.261696,372.633601,89.285400,24.694437
555.598843,371.560970,90.117165,26.194740
555.807777,370.314209,92.284149,26.393280
555.506516,369.556272,90.479095,26.537420
553.480614,369.716099,90.476196,25.627556
554.000435,370.198578,90.515839,25.117386
551.500469,369.068286,91.634102,25.349451
547.322433,371.832268,90.935806,24.713104
541.587238,375.267778,89.634087,23.692455
532.489037,378.996116,91.193298,23.098070
521.950703,380.708515,91.724220,23.795036
521.767017,380.809433,90.354912,23.744141
512.364830,383.588860,91.736130,22.993576
504.986294,388.368614,91.334663,22.786850
496.857197,391.200398,91.830040,22.616385
490.405689,393.055114,89.843590,22.431719
485.799149,394.267538,89.663589,22.101048
485.245132,394.291567,90.377960,21.829296
485.583828,390.800272,90.248878,21.887188
488.154278,385.287977,88.636604,21.767277
492.457623,377.681904,90.711922,21.738106
501.481892,370.581887,90.427834,20.803358
508.912643,366.185271,90.559875,20.852892
508.729115,364.665599,90.139610,21.621866
519.826717,360.525411,90.328896,21.429571
528.636452,354.903691,89.758789,21.582952
537.189846,347.621764,87.973976,20.742342
544.030537,339.988688,86.917122,21.057095
547.729271,334.633687,89.592773,21.299932
547.342831,334.778106,90.279167,21.401964
554.075287,331.871827,88.642746,21.114988
560.960224,331.030547,89.533043,20.798510
566.392445,329.767711,89.159492,21.798639
571.721607,331.902368,88.289375,21.726133
572.602608,334.521538,88.747955,21.475998
572.794739,333.977695,90.237991,21.873331
573.889439,337.488589,89.899513,21.591074
574.168442,343.484968,88.940353,20.946156
573.721416,347.028410,88.551460,21.280491
575.312893,348.363242,88.843727,21.364550
573.673546,348.962616,90.113571,21.209351
573.471291,348.848414,90.568176,21.479410
571.750568,350.374695,92.007973,21.268372
570.489594,348.175856,92.541351,20.904987
570.808357,346.151551,89.038910,20.875151
573.056572,344.344587,88.754547,20.981876
574.853580,345.663033,88.905540,20.985289
574.481071,345.663359,89.935165,21.201923
578.376186,346.670848,88.742195,21.167826
580.346989,350.109034,89.877449,20.347927
584.848415,352.652580,89.278481,20.699097
589.459694,357.382562,87.815689,19.831312
592.037991,362.078840,87.818443,19.574085
592.037174,361.556322,88.256828,20.278759
593.804047,369.657063,89.501160,20.141212
594.255051,377.191012,92.332138,19.730036
595.817493,387.437704,90.417259,19.002323
594.803291,394.352078,91.020844,18.621710
594.914684,397.676853,90.486931,18.152458
593.498695,398.094149,91.056396,17.771481
591.207039,398.649814,90.489548,17.328287
591.815205,397.892757,88.896309,17.350883
588.398445,395.099500,89.527222,17.637503
585.636745,394.457060,89.315773,17.203373
582.747742,392.344342,89.812790,17.616232
582.499153,391.700186,90.221710,17.595966
580.896729,390.499607,89.730850,17.150963
577.013367,390.821950,89.984787,17.431921
575.839977,393.862407,87.433968,17.011072
576.016357,396.877715,88.626465,16.594133
575.845146,400.272377,87.792679,16.730347
575.243198,398.925829,88.424126,17.183681
573.117020,403.348335,87.413162,16.795349
574.307156,404.914386,86.638588,17.182154
574.788624,405.011815,88.480492,17.509558
575.598618,402.426950,87.318329,17.894133
576.182568,399.433199,89.165840,17.897091
575.747707,399.751852,88.738548,17.574574
577.161041,395.282920,89.554657,17.880556
576.832069,395.819158,87.840149,17.810034
575.541737,397.146240,87.313667,18.277176
575.678471,402.798222,86.590660,18.176048
574.291046,407.226483,87.325714,18.332632
574.521496,406.759656,87.244728,18.336645
570.834641,413.727443,88.312073,18.410074
571.206387,423.009063,87.015602,18.548159
569.905800,430.673178,88.758392,18.729420
570.049744,438.154955,86.648773,18.540585
569.280869,442.362793,87.301804,18.840103
569.630920,442.935222,88.472153,18.781870
569.916756,443.288247,86.899780,19.019560
570.519882,441.457477,86.545441,19.229807
570.522480,440.287060,86.676796,18.449821
573.153057,433.854781,85.587120,19.225084
576.015568,430.592036,88.354576,18.617640
575.270500,430.782043,85.665833,18.799959
576.103134,422.101433,86.309647,19.211014
580.801701,416.158885,84.554710,18.809549
584.904530,411.526773,84.653618,18.755840
587.761799,408.050904,86.710472,19.065397
590.594810,405.953492,85.154205,18.420286
590.297173,406.112861,84.040329,18.350008
591.880733,403.424281,83.825111,18.674326
589.620335,398.944269,84.212944,18.698971
587.136669,395.001206,84.913567,18.939131
582.582573,392.645947,85.112503,18.234869
576.849648,391.989884,85.031647,19.073957
577.518009,391.415630,85.215614,18.736702
570.940414,392.654600,84.044052,19.566090
561.610512,394.523883,84.509720,19.302866
545.890293,398.639252,82.569298,18.238312
534.576241,400.395498,81.373352,19.066929
519.359818,405.482735,81.145798,18.563904
520.472816,404.975232,80.603348,18.958517
504.851143,409.920421,84.180069,19.067163
495.233601,411.983970,82.372765,19.310152
488.371170,416.334324,81.415070,19.677895
488.295536,419.602968,82.458366,19.264980
489.946426,426.265829,81.815552,19.901585
490.472324,426.241223,81.691490,19.691046
497.986504,432.322036,80.518951,19.543581
506.634842,438.439969,80.526749,18.962591
514.756737,442.522900,80.947586,18.625664
522.612240,441.719936,82.187401,18.535576
529.272404,438.001146,81.484642,18.800564
529.053379,438.252767,81.728584,18.672873
530.535110,430.986201,79.836838,18.813303
529.582428,427.147232,81.295197,19.009720
528.963009,420.427201,79.042686,18.447996
520.937195,413.817778,80.396957,17.929356
510.207664,408.263513,79.882507,17.835569
509.779541,407.412012,80.243301,18.447872
499.135742,405.210881,81.691833,18.008703
494.389324,402.276908,79.813637,18.359499
490.343658,401.295924,80.077393,18.822275
488.489990,398.899849,80.651855,18.193863
493.785889,398.042047,80.007645,17.413816
494.734745,398.365965,79.889351,17.651295
504.269539,398.827545,78.955368,17.500488
518.599400,397.714472,79.590492,17.415798
532.882408,396.632736,79.609818,18.040482
545.791824,394.013687,78.555695,17.533173
546.134392,394.198617,77.354950,17.355665
557.250809,388.809810,77.248688,16.837458
568.580433,383.569187,76.265404,16.828300
575.982712,378.967201,77.116302,17.015182
581.401535,375.795321,75.799927,17.828091
583.157227,373.728619,76.764526,17.083885
582.800426,374.327205,75.949318,16.755365
581.765190,371.281712,75.054169,17.023094
575.654819,371.515265,74.394600,17.283802
568.160107,369.331060,74.764793,17.010456
561.220123,367.017385,76.001617,16.637060
555.459930,363.701856,74.749130,17.513083
555.430511,363.648207,75.004669,16.928181
552.894241,360.570777,74.791901,16.877321
550.895439,360.691227,74.425247,16.604988
551.417782,357.006286,73.019279,16.660860
553.370472,356.562136,74.078163,16.359463
556.893356,356.057551,74.228287,16.273966
557.673893,355.763952,73.511879,16.226124
565.629936,355.697765,72.664276,16.644997
573.895153,355.837515,72.821861,16.422596
581.966404,359.094715,72.072762,16.367104
589.414894,361.251163,73.100128,16.469383
596.764942,361.102763,73.985298,15.185404
596.405624,360.201828,74.042664,15.214493
602.848297,360.430902,74.381256,15.202542
607.319710,358.229848,72.112488,15.495520
608.415241,356.843754,72.750633,15.096168
607.414196,355.456192,71.833321,14.724120
604.308666,354.067471,72.434349,14.563712
603.809719,353.475869,72.510353,14.555648
602.264462,353.387272,72.928947,14.451546
604.126682,356.327370,71.282875,14.352462
606.665607,358.944141,69.827782,14.168649
608.414852,363.306295,71.421165,14.341817
612.060513,367.238637,69.942482,14.036367
612.286224,367.021742,70.368393,14.040286
615.351280,369.875943,71.818939,14.294470
616.249626,369.540878,70.511826,13.787323
616.860943,369.633734,70.618324,14.557713
622.008797,368.233471,70.370041,14.303107
626.980354,368.105047,71.638962,14.098072
628.184753,367.852921,71.148193,14.244811
635.126495,366.839576,71.668427,14.249773
643.301926,366.819569,71.837357,14.854789
648.489555,365.235874,70.864319,14.553993
653.884418,366.500413,69.975563,14.267927
656.072823,365.806703,69.781342,14.974440
656.073273,366.468015,70.541519,14.882498
657.650326,368.066074,69.587440,14.937080
658.496468,365.178358,69.732056,15.071934
656.306011,364.483443,67.951408,14.873629
650.195843,357.719872,70.756462,15.053405
641.665241,353.787534,69.253929,15.809637
642.198154,353.135812,68.937721,15.519910
632.170677,353.600613,69.226608,15.226432
627.484043,354.784682,69.290779,14.898928
617.668537,358.510546,71.168221,15.638530
612.947018,363.341015,69.769325,15.563484
611.646145,371.137851,69.509941,15.503565
611.491570,371.981799,69.209671,15.637598
613.266792,376.719247,69.381561,15.453093
617.584244,382.043713,69.256073,14.982444
615.972137,383.984198,68.631607,15.068211
612.973606,386.352218,68.216209,14.595796
610.392517,387.054224,69.580063,15.091137
610.495190,387.435796,69.113991,15.137959
609.073009,387.944957,67.889351,15.295449
604.805317,386.814811,67.876442,14.682436
602.054573,384.346612,68.568634,14.958891
596.705307,381.488430,68.570175,15.138680
591.746590,377.318346,68.070190,15.008832
591.796452,377.187112,67.870216,14.674788
583.480988,373.691070,69.145874,15.274308
575.370518,373.919325,66.788460,15.566974
565.834980,374.638147,67.441460,16.529079
558.949352,379.756255,65.467049,15.720613
551.713810,382.696846,65.146339,15.552796
551.576340,382.905419,65.508102,15.963926
546.098873,385.782620,64.509834,16.078634
540.732117,387.422718,65.649109,16.303474
537.624941,391.301032,63.481564,16.282976
535.797607,393.098893,65.150818,15.201368
530.962177,396.923860,67.207191,15.762037
530.974121,397.407033,66.882996,15.747839
529.417480,399.188057,66.928085,15.268920
529.506042,401.762022,65.645935,15.764637
527.703266,406.411560,66.848167,15.460633
525.322628,407.389260,65.695122,15.492339
525.035770,409.093698,67.467171,15.715756
525.425282,409.447108,67.117485,15.385813
526.124268,410.704602,66.071808,14.865775
527.221451,413.232915,67.278610,14.603124
533.081654,417.735289,67.582176,13.888004
537.174606,418.420475,68.324844,13.563148
543.830830,421.356541,65.474312,13.518653
544.211159,420.957867,65.107956,14.121039
549.355465,422.311454,66.033699,13.905565
556.124069,423.733315,66.279984,13.848021
560.127186,425.328304,66.591316,13.634103
564.711666,424.765445,67.370995,13.679392
570.360973,424.865267,67.137779,13.490291
570.120636,425.130644,66.965622,13.900592
573.829563,422.689188,65.810722,13.949490
577.849335,421.773919,67.052933,13.821806
584.168667,419.673473,66.823769,13.754601
591.936939,416.855743,66.000664,13.349350
601.791149,415.406901,65.388252,13.639018
602.220577,415.649870,64.987831,13.529316
603.549461,412.322508,66.662506,13.250736
607.468262,413.622503,64.830353,13.366093
611.080750,414.055946,66.047592,13.305313
614.097218,413.960436,65.426445,13.182277
616.855713,416.564456,64.778656,13.219294
616.817242,416.213002,64.347542,13.226141
618.108158,417.369498,66.070396,13.437915
617.302792,417.443388,66.424599,12.748067
618.714439,419.895494,65.519287,12.638715
619.464718,424.904601,64.718529,12.798755
619.620216,430.125656,64.488998,13.160629
620.124722,429.693581,64.069740,12.721129
618.858784,432.456384,64.842979,13.055249
620.730742,433.255223,63.532078,13.209341
617.733639,432.719992,63.610970,13.068668
614.526604,430.160174,64.545258,12.932642
612.337624,426.959059,64.411896,13.701710
613.080788,427.148724,63.081802,13.523475
611.301956,427.505504,63.319702,13.597329
611.949518,422.412909,63.107159,13.752734
613.988516,420.397383,63.401829,14.148930
614.820595,417.164664,63.853043,14.045382
616.876957,411.856046,64.783653,14.163641
617.540550,411.392927,64.681076,14.418903
613.965050,407.930495,65.873871,14.755846
607.023712,403.603971,67.146454,15.430471
603.698017,399.886957,68.035103,15.529813
596.900993,396.758258,72.167252,16.842768
592.666080,394.550761,70.806450,16.596460
592.934284,394.691385,70.529839,16.719692
587.456619,394.610888,73.280807,17.483850
583.750824,394.275971,73.541046,16.769957
576.346828,393.715010,73.776939,17.374607
570.095974,390.734001,72.473839,17.348190
561.254185,385.939477,72.006142,17.545500
561.257141,385.476234,73.326660,17.463089
555.804688,382.299591,73.177643,17.459503
554.945972,378.410352,73.269554,17.986898
554.162189,376.454263,71.447609,17.841932
553.170616,373.160106,70.552811,17.725183
553.341408,371.080621,70.572327,17.694304
553.469704,371.770622,70.867950,17.727509
551.074490,369.401972,70.603294,17.926785
551.068905,370.143742,71.443626,18.371681
550.698437,369.363400,70.110435,18.252296
549.999344,369.521520,69.093704,18.093924
550.105484,371.600276,69.964020,18.202692
549.614975,371.964415,70.256302,17.925449
551.993649,374.462909,69.359673,17.605646
553.217484,379.247482,69.380890,17.902451
558.586975,383.078921,68.108582,16.990152
564.829193,384.765904,69.051712,17.700659
569.317181,385.098453,67.612038,17.223520
569.228054,385.082880,68.186806,17.106670
575.970516,383.494555,68.265465,16.942028
583.124420,383.765196,67.917343,16.852009
589.594429,380.302053,68.353577,17.053501
594.756981,378.155629,68.833969,16.597525
596.248665,376.415510,68.900467,15.759923
596.736355,375.905455,68.343437,15.442585
596.826847,373.518663,67.967796,15.880383
595.927258,370.812894,67.312187,15.143987
592.016251,369.861978,67.491776,14.828367
590.081417,373.448296,65.674232,13.752654
585.175949,376.624217,65.620865,14.675960
585.078480,377.037441,65.469246,14.306802
580.745937,379.238793,64.030373,14.213988
576.474796,383.579164,65.611488,13.910596
572.710300,385.454998,64.356529,13.823890
567.724632,385.233500,64.100647,13.610865
561.526428,383.721366,64.144485,13.069139
562.506567,383.672421,63.681370,12.727776
559.543476,377.724183,62.800346,13.084349
557.306000,373.570935,64.173080,12.755590
558.353725,370.495375,64.656593,13.411517
560.739643,372.586926,64.608711,13.766257
566.121841,373.340053,64.286331,14.421732
565.725906,372.538043,64.372482,14.537028
572.027420,374.748225,64.874084,14.806879
573.426384,371.976041,64.518021,15.291800
572.072109,370.293280,66.287682,16.007679
572.821335,369.808256,65.125793,16.340488
573.484837,369.931678,64.728691,16.209383
572.938705,365.996668,66.242661,16.279476
572.304474,362.610581,64.546631,16.292845
570.421608,357.598949,64.972046,17.631355
570.586521,357.539051,64.653481,17.572563
568.541534,349.828095,65.244522,16.786726
568.214367,342.107009,65.340111,17.285387
568.219208,336.575002,65.521515,19.990164
563.392555,331.548605,66.478943,17.579182
563.850842,330.829853,66.233925,18.291451
562.871555,328.158916,68.124260,17.615761
561.159779,325.787005,68.650841,18.785883
561.639980,325.664294,69.179680,19.466776
560.292744,328.732091,70.350258,20.364706
560.288109,333.441527,66.237106,19.389803
560.174133,333.373673,65.905121,19.826643
555.936501,336.868969,67.045151,20.572823
552.409546,343.393707,67.239029,21.004593
546.425598,350.430293,68.137543,20.683390
544.166103,358.361798,68.040062,20.833380
540.430168,370.228295,66.479370,21.326353
540.599300,370.210868,66.599007,21.334566
538.115318,381.180703,65.817825,20.843840
536.493820,392.499830,66.012604,20.152210
531.893913,400.080587,67.790543,20.970325
531.588234,404.477277,65.418503,21.037252
525.153950,409.394164,66.219933,20.805040
524.912571,408.959812,66.520500,21.215385
521.325287,408.867833,66.126953,21.382620
517.850273,413.968174,65.888489,20.148170
515.198105,416.019918,67.127609,19.921925
513.573467,417.992458,66.671013,20.490288
511.954674,420.632439,66.764618,20.263000
512.061451,420.452658,66.482887,20.417942
505.389034,424.025932,66.856468,20.641998
503.360283,430.579158,66.447495,19.894464
499.564072,436.654914,66.516159,19.130938
498.852715,444.332063,67.824646,19.915892
497.649113,455.572502,66.811287,19.609070
497.248077,454.792126,67.362213,20.112175
497.488491,464.769045,67.139397,19.945141
495.834297,472.862442,67.242767,19.774780
496.180614,480.055006,66.876930,19.321049
491.444889,480.147443,67.396324,20.291388
487.782825,480.099568,67.228554,19.553686
488.327961,480.490012,67.256737,19.395845
483.806484,477.876181,68.030708,18.966877
479.890148,473.225455,68.016624,18.451387
473.283073,469.747698,67.707901,17.992855
468.834187,463.290214,67.983162,18.473772
465.879917,455.817751,68.479225,18.773754
466.108921,456.426639,68.185921,18.820459
463.729084,451.114388,67.423973,18.951111
457.676003,448.847867,68.565445,18.025656
449.205231,448.681428,69.110077,19.017088
441.579178,448.524951,67.983383,19.366159
432.037724,447.586251,68.938194,19.559782
431.978867,447.435722,69.049362,19.767517
426.645649,448.720174,69.322762,19.939337
420.619179,450.398468,68.231277,20.785431
417.108818,455.059184,69.188904,20.688074
415.176102,456.245410,67.457123,21.770121
413.513668,456.826601,69.441521,20.520809
413.236557,456.363054,69.922180,20.540127
413.215050,454.786010,71.210022,21.533159
413.908676,456.949127,69.363693,21.616882
415.925522,458.856070,69.622894,22.163105
420.488613,463.066672,69.629036,21.322527
424.492317,469.356652,69.303329,22.087873
424.738884,469.376116,69.806992,21.889477
431.977802,476.317608,68.933937,21.418709
433.171638,483.411204,68.869247,21.380045
436.413414,490.593979,69.325928,21.147171
440.541210,496.493090,69.263435,20.780605
441.841248,501.442774,69.438675,21.374874
440.978535,500.960460,70.581581,21.830652
442.013439,509.182922,69.610130,22.028275
442.296741,516.257686,69.463676,21.824808
440.547344,524.247051,70.658974,21.611961
441.361568,531.163465,69.898903,21.074850
440.956947,536.707800,69.923508,21.229450
440.910519,536.469679,70.382347,21.638157
440.532551,543.566967,69.662270,20.821297
442.188530,544.816792,69.048935,21.467443
445.210400,546.624408,70.016258,21.670069
450.709885,547.089169,69.392578,21.108238
456.767002,549.971357,69.386208,21.058994
456.515839,549.376848,69.928940,21.546062
463.949951,552.702032,67.230530,21.384403
468.893837,555.774205,69.101608,20.512197
473.268085,558.621105,69.360603,20.209236
479.907139,562.056565,69.015953,20.241026
485.585690,566.334070,68.703987,19.990047
485.862446,566.736567,68.980782,20.712748
486.923950,568.092324,69.119370,20.009977
488.618641,569.782325,69.375374,20.658175
484.413597,569.353020,69.762650,19.632980
477.198814,569.257870,70.490585,19.686378
469.991901,568.593887,70.081322,19.526688
470.072727,568.358910,68.497841,19.948669
461.401299,570.818553,68.654816,20.093699
451.662052,572.305559,69.364616,19.552593
439.867329,569.911529,68.288902,18.459475
424.920944,560.890047,69.600143,20.127209
408.791813,553.674739,68.501274,19.824915
408.936966,554.214405,68.576172,19.355247
393.170414,546.366680,69.060219,19.700417
380.054775,536.123874,69.767845,19.892282
369.318951,531.226393,69.346230,18.621449
360.478340,526.705492,67.990311,17.534786
356.182415,520.861951,69.162041,18.876852
356.504112,520.409603,69.578598,19.135246
352.833988,516.069236,69.884438,19.090487
355.317799,510.187314,68.994057,18.412802
356.638245,507.021563,69.510849,18.315105
360.755684,504.459617,69.001709,18.970842
364.764015,503.101724,68.084839,18.883055
364.867126,501.866516,68.326691,19.319931
370.140274,498.838851,68.530075,19.248278
377.321217,496.487649,68.947395,18.236906
379.366577,488.072300,68.470078,18.918068
384.635849,481.398506,68.741364,18.731903
389.641396,472.136297,68.705597,18.985050
390.326588,472.309383,68.500633,19.139885
391.968697,465.516129,67.363190,19.197617
395.542908,461.529530,67.956161,18.180260
400.172874,460.237181,66.219818,18.673237
400.015869,462.518851,65.899292,18.194597
398.402683,467.657470,67.415520,18.466112
399.009102,467.985754,66.970718,19.093891
397.323700,474.269652,67.408417,19.049929
398.296356,481.190633,66.818954,18.804770
399.765705,486.148870,65.150597,18.179874
400.534168,489.100255,65.678474,18.548056
402.647598,491.112529,66.385620,18.712687
403.133476,491.381158,67.061935,18.369078
399.616852,494.414801,65.494400,18.659763
397.825829,497.823671,66.204681,18.689114
393.471016,504.138222,68.253067,17.794815
394.429127,510.301116,66.036400,17.865755
396.951244,519.007583,66.476692,17.654207
396.367119,518.689113,66.906326,17.673532
397.627739,524.086251,64.980347,18.427946
399.665329,529.905023,65.401993,18.646467
400.537529,535.296350,64.795120,18.516628
402.028877,537.516967,65.962662,19.207689
406.759766,542.219498,64.593628,17.301712
407.149719,541.243094,64.325897,18.080904
413.343544,542.007813,65.647919,17.663847
423.163250,541.191259,64.501503,17.538227
430.990265,536.199939,64.419510,17.441401
439.404991,528.415083,65.559540,18.499653
443.826542,524.834801,65.912010,18.119720
444.767788,524.498066,65.689308,18.712669
446.001740,521.868445,65.436111,18.040178
446.414940,519.796460,65.574234,17.980841
446.972977,519.965190,64.190842,18.824305
445.985970,525.242053,65.279694,18.023417
442.306488,528.648550,65.486420,18.602985
442.538528,528.486037,66.063721,18.623079
441.695652,534.905889,65.577721,17.228827
442.118103,537.496124,65.086075,18.699219
440.254948,538.597391,64.092583,17.887905
438.609505,542.326082,65.104172,17.119793
436.860523,546.601292,65.259682,17.251671
437.689560,545.993782,65.553772,17.489655
435.569237,549.383508,65.932373,17.551771
437.291634,549.634031,65.049026,17.935825
438.852810,550.124982,65.032097,17.693365
439.511757,548.403827,65.212570,17.079157
435.448669,543.185658,66.658676,17.344793
436.575161,542.880933,66.133904,17.165701
432.687477,537.196799,65.341431,17.484224
430.442398,530.834367,64.868149,17.560316
427.431870,522.582225,65.981812,17.439020
423.707108,514.916048,64.409134,18.087612
422.112434,508.730623,65.052109,17.286922
421.235607,508.319212,65.697121,17.613041
417.086971,502.944698,65.850655,18.074944
413.236023,506.485092,65.172974,18.264420
412.821392,511.807570,65.694344,17.254826
413.170349,517.739894,65.482269,17.331644
414.049995,521.940336,65.321060,17.855824
414.618313,521.827324,64.961418,18.228165
410.745228,527.439858,66.515419,16.941023
409.184292,531.343863,64.659035,18.047091
407.978266,538.446436,63.558926,17.912701
408.110859,543.932040,63.299416,17.465219
408.511038,546.830056,63.772236,18.250898
408.489292,546.486387,64.156502,18.394566
411.311035,545.916822,64.167664,18.835377
416.753639,545.106752,62.491013,18.303020
421.586325,544.005217,62.118198,18.046894
428.435907,536.196713,62.048809,18.334494
435.454006,531.599859,61.340172,18.354527
435.592535,531.194218,62.100834,18.411598
445.197781,527.217427,59.745598,16.443167
456.420382,523.224545,58.821529,16.618095
469.713245,519.532469,56.621971,16.062641
479.311556,517.825490,55.074902,15.889136
487.851362,517.189487,55.013874,16.094719
488.053427,517.219614,54.869938,16.248684
495.693563,514.504381,53.005283,15.690578
502.736996,510.946540,51.498283,15.209840
507.492880,506.274137,50.512074,14.789052
513.318026,504.206932,48.896160,14.199113
515.989670,502.587144,49.287109,13.762067
516.624598,502.023572,49.185879,13.903066
519.651440,498.907723,46.367271,13.842551
519.985437,493.388092,45.891392,13.241966
517.935764,490.112924,46.608063,13.595479
523.688829,488.599802,45.507740,13.407445
523.914089,488.748235,45.587784,13.718290
527.964767,488.281806,45.103569,13.346728
529.640509,486.115746,46.467182,12.872404
534.503408,479.476773,45.275150,14.164862
534.324680,473.369965,45.547157,13.814155
537.204109,467.997834,45.963593,14.149451
537.282457,467.759214,46.253414,13.815228
538.185282,463.149641,45.782635,13.844234
540.580933,458.497621,45.769318,14.253042
544.985806,453.551074,44.953621,13.763583
546.075270,449.787169,45.692516,13.554844
553.367092,448.872676,45.362411,13.509691
552.962111,448.276990,45.572895,13.787534
560.162258,447.138676,45.856773,12.451797
571.242603,444.892276,43.729759,12.310899
579.802732,440.188727,44.822636,13.735446
589.103449,435.716315,44.139935,14.303431
599.939302,433.894812,44.253506,12.906054
599.416986,433.728757,44.928242,13.798940
609.064697,432.731111,44.575066,13.522771
616.229650,434.017242,45.417294,13.905885
620.940847,442.854283,45.051525,13.498678
621.073633,448.587216,44.582195,13.304603
617.304037,457.823586,45.245205,13.125015
616.987993,457.220407,45.000050,13.778624
611.717176,464.915845,44.203579,13.917685
605.141153,471.877255,44.240818,16.414053
597.132010,478.150476,43.818233,17.339657
587.545401,485.246696,45.092495,17.987885
576.406734,489.621200,45.613663,16.952471
576.938963,489.477505,45.465298,17.626457
568.410053,490.066773,44.302956,18.546537
557.811556,491.440536,44.472263,16.147980
549.420540,487.602544,43.235939,16.547911
540.048872,485.004118,43.982204,15.946834
531.082129,481.084507,43.508747,17.516090
530.969234,480.978463,44.450417,17.680632
524.641865,479.299525,43.332565,16.757853
518.182270,478.191318,42.904907,15.592875
512.628473,478.807565,43.623104,15.822248
511.686823,479.938513,42.552486,16.789570
509.871109,484.134911,42.951431,17.151764
510.410841,483.615987,42.477329,17.182074
510.043156,486.460044,43.091454,16.665621
509.681715,484.380380,42.883213,16.471113
510.315651,484.528621,42.631226,17.267450
511.688129,485.756316,41.855431,16.630983
511.583368,487.332399,41.663158,16.948803
511.867222,488.070362,41.471397,16.618767
512.088015,489.262353,42.122021,16.984480
514.100893,491.181606,42.150631,16.935692
514.129360,492.764333,42.003471,16.142553
517.015162,492.886056,41.682796,15.477522
517.895292,491.379293,41.452106,16.258068
517.107204,489.922636,41.836952,17.215633
517.871534,490.434786,41.416264,15.701922
518.087753,489.061471,41.651215,16.101011
516.696585,487.713690,41.351009,15.800952
514.865061,486.850821,41.071262,16.423985
512.119738,486.537698,39.739262,16.177092
512.267580,486.495321,39.707134,16.302753
504.352694,483.504285,40.516338,16.578672
497.814770,481.101457,40.649208,16.000242
490.416784,479.117273,40.640881,15.994992
481.370531,477.364484,40.324184,16.601057
472.528708,476.489029,40.669941,17.335808
473.523148,476.203237,40.261734,17.494352
464.205173,476.734365,39.322594,17.134350
456.104317,477.597615,39.779350,17.104094
448.691713,476.876333,39.804829,18.092541
441.851780,476.995670,40.170181,18.651886
438.819794,475.544321,39.283150,19.617207
438.636446,475.445199,39.254047,19.798956
433.449051,474.446124,39.557884,20.245653
432.588285,471.091027,39.233105,20.801733
431.858185,469.121317,38.305382,19.791248
432.003017,465.603212,39.281372,20.780231
432.082907,464.388268,39.307781,20.053854
432.009478,463.823843,39.425739,20.258144
432.511860,463.638998,39.494766,19.267315
433.432867,463.933773,39.157345,20.256577
432.317350,465.619051,39.622417,20.886738
434.731966,471.767163,39.388752,21.735914
437.688734,475.159364,38.573437,20.622671
437.737823,475.497646,38.586845,20.936172
439.750525,478.232861,37.915630,21.768112
442.814796,479.118177,38.414162,20.555492
444.293018,478.989975,37.340485,18.930550
446.079868,475.477825,37.671646,21.525208
449.450327,474.898397,37.648045,19.641582
449.081976,473.929749,37.775311,20.527657
453.555883,470.889393,37.013897,21.937012
458.307732,468.971850,36.568047,20.983614
463.972660,462.456424,36.668747,22.903780
466.162958,456.007248,36.897953,23.705894
472.374746,447.431670,36.090313,23.036860
472.672878,448.244147,36.057388,23.201761
480.145920,438.032408,33.834480,24.823681
484.749302,427.847817,34.874084,25.376829
488.436472,417.709191,35.469517,26.440611
494.687952,414.214754,33.640781,20.577480
495.486423,400.249806,33.990540,25.609922
496.498981,401.141508,33.464310,25.438122
498.703539,396.023217,34.813877,23.959082
500.275694,391.352224,34.471172,24.362621
504.486328,387.859984,32.215248,26.548395
507.903692,387.912573,33.261089,24.671078
512.727616,391.443673,31.289526,24.592886
512.980624,392.852349,31.156298,23.281210
517.533159,393.840811,32.315891,22.928417
522.153454,394.544556,32.240372,25.042931
528.019517,394.285461,30.601858,24.679222
532.398067,397.103991,31.188738,24.515705
538.626712,400.058758,29.924395,24.888306
537.991418,400.891333,29.992819,23.489697
543.253632,404.606250,29.698448,22.678453
545.587702,407.577490,28.763371,22.269405
547.785056,411.757066,28.777918,20.313574
544.703442,414.794325,28.715164,20.185940
543.986083,415.922214,28.561060,20.378611
544.145478,413.359082,28.031782,22.256620
541.088573,415.908996,27.398539,20.462763
541.532790,416.420705,27.407351,20.776098
540.641262,415.274876,27.651970,21.604988
538.433311,415.608336,26.265717,20.797197
537.416009,416.581825,25.678686,21.002769
537.103228,416.343556,25.585392,21.228239
536.747473,421.812421,24.863277,20.138372
539.367497,428.081027,24.561712,18.928240
543.159369,430.723302,24.891331,19.803274
545.475808,435.190825,24.455053,19.852917
547.487710,437.926903,24.421843,19.907265
547.528971,439.262048,24.283009,19.473478
548.152895,444.544155,22.976124,18.950523
553.499607,441.147647,22.024620,24.618891
561.416529,447.980057,21.681927,22.797440
567.802374,450.312262,24.025906,23.993229
574.386008,453.261103,20.690653,23.261585
574.090706,453.465730,20.006081,23.099325
577.401734,455.017653,22.512243,23.637438
580.825455,452.711143,21.464844,24.470398
585.215218,449.285942,21.730583,25.192192
590.125213,447.812449,19.984873,24.661358
593.107816,449.180434,18.698675,24.238260
592.655738,448.719674,19.405428,24.468634
591.625556,451.132730,19.109529,24.716299
591.204076,452.935126,19.353994,25.183016
588.202547,453.141859,19.309811,26.278233
583.134204,456.820114,19.223665,25.992966
572.369191,459.525339,18.855520,26.034664
572.859667,459.248426,18.949032,26.462078
562.812712,463.520051,20.419453,24.866392
553.327873,463.680437,21.376694,25.022152
545.117186,463.177337,21.121037,26.597017
537.828608,462.561025,21.786869,25.576361
531.483286,457.179896,21.875385,25.328241
532.010928,457.597558,21.598589,24.872137
528.057550,451.873181,20.739559,25.877043
524.156142,443.784497,21.371447,25.948004
521.994198,439.359879,22.312714,24.923903
520.381990,434.090453,24.301929,26.610476
520.141819,432.121274,23.454391,25.552855
521.738508,432.349253,22.125858,25.303295
519.971174,430.314553,24.383999,23.895887
518.738152,426.035852,23.755325,22.889400
517.405823,423.087430,24.290413,23.954443
515.559258,417.038686,25.057617,25.726645
513.919958,414.608204,24.286304,25.423729
513.761366,414.497680,24.221592,24.905153
512.838146,408.622026,24.672279,24.200474
511.904215,404.459590,25.638538,26.125017
511.119820,401.223799,25.204025,28.200977
510.543838,401.952051,24.893358,27.010006
508.145476,399.669991,23.895952,23.907141
508.057923,398.710400,23.980330,23.972382
503.816609,394.023430,24.694685,24.834137
501.718526,392.736996,23.854940,23.007111
497.075461,389.625530,24.448183,22.121086
495.961108,384.693692,25.498583,23.526289
497.216283,381.173671,25.213346,21.881487
496.906089,381.472245,25.113276,21.576712
495.809966,375.941104,23.541773,23.313120
491.482302,372.634855,23.294109,22.290440
490.238543,370.572967,25.138401,23.633753
489.678524,369.177422,25.505302,23.285324
491.157922,368.896722,26.407583,22.999594
491.197261,369.937740,26.154657,22.512497
489.193599,367.657661,27.997843,24.417236
484.813161,367.028905,26.101202,21.634123
481.147728,362.739038,26.846924,22.505016
475.648582,359.647894,27.889404,22.151875
473.870354,353.740411,27.394104,23.624495
473.082326,352.724358,27.918821,23.711800
471.305290,351.326408,26.389931,22.117882
465.845624,347.883459,29.353331,22.698994
466.559733,348.329326,28.609087,25.570368
464.631104,351.323680,31.468193,24.365366
465.148220,351.176001,30.627960,22.583622
469.684262,357.950455,30.422209,24.239349
473.731006,362.442910,30.163332,26.055754
476.709005,377.702414,30.610073,22.949329
484.586965,390.863332,30.571577,22.136648
490.617740,407.553230,30.111666,20.905182
489.352283,407.270754,30.737741,20.848240
497.986460,418.149063,30.359493,23.004433
506.294588,431.534453,29.293148,21.911661
513.431588,441.494258,30.901060,22.713427
521.663513,448.264805,30.923447,22.660294
528.314961,455.762314,31.599676,16.852562
528.878705,455.690869,31.395536,17.158064
535.890223,452.519127,32.262882,19.785591
544.042882,455.131127,31.426893,20.425421
552.852716,458.520098,32.241108,20.793171
557.403511,463.532538,33.777245,20.683908
562.840355,467.899076,33.781593,20.301924
561.757759,467.516622,36.004326,19.788847
568.360152,472.008622,31.513453,20.866125
576.556198,473.815883,30.982292,19.753374
584.638805,474.376956,30.572876,17.759584
591.433702,471.361570,27.238064,16.668613
593.382068,467.231647,28.269709,17.323610
593.588111,467.670771,29.335886,17.026867
596.148086,461.108726,28.691538,16.731607
598.136560,453.989766,28.614140,15.301680
595.480785,440.683415,28.833481,16.932341
591.825816,431.152898,29.380632,15.223349
583.565806,416.430233,30.839273,15.953691
584.489542,416.633352,31.040417,16.063320
575.406351,404.174964,29.234837,17.128359
567.697417,393.509301,31.274691,16.993216
556.426497,384.343377,27.489679,16.327749
546.938881,375.500992,29.198128,16.718948
536.646755,367.965779,31.459900,17.029310
536.922206,368.056504,30.764978,16.911963
523.847321,362.274886,28.661865,16.969904
514.457765,351.909448,31.002127,19.158194
510.672581,344.905574,32.661278,18.674402
505.966537,337.708592,31.158577,17.393858
503.469889,333.128370,32.219082,15.705045
503.848855,333.668962,31.951719,15.725019
502.840158,328.290909,33.435558,15.941733
500.572948,325.864800,28.104494,15.051551
500.517994,323.997954,28.419678,14.308246
501.118359,319.634345,29.124931,16.013575
502.154228,319.642220,28.658813,14.306517
503.148826,319.714001,27.443941,14.375449
504.418599,319.337739,29.169752,14.278502
508.373217,319.443949,34.537785,15.568881
515.863686,324.713379,33.000664,17.137276
528.002119,335.563279,29.814266,15.916068
539.549271,353.749118,29.241524,18.080584
538.964882,355.078260,28.900200,16.755642
555.391574,364.024894,28.850023,17.403070
567.963332,370.133883,29.294413,17.342279
579.432334,375.990231,28.812098,17.632957
588.217363,381.892374,29.620075,16.174328
596.082653,383.766428,35.329605,16.023891
596.309071,384.104207,35.604080,15.985427
604.774298,384.471558,29.126354,16.401566
612.456035,388.667438,30.999247,16.064478
619.727172,393.060123,28.977442,17.120193
629.134924,399.274924,32.957027,16.421366
635.983023,407.455835,28.397770,15.086399
635.976432,407.388068,28.873476,15.306941
641.159960,412.337600,29.000874,16.158228
639.805156,413.885781,28.857882,16.265158
635.996085,413.516616,28.668695,15.895288
632.008679,407.839661,29.528997,16.911400
629.916348,402.571177,29.158445,17.682199
630.492496,402.177495,29.341280,18.344336
626.202080,399.363601,30.376923,15.779489
623.821367,394.814308,30.006748,17.448784
621.489941,391.792121,30.919083,16.691423
619.333378,391.790305,30.744064,17.446459
620.630344,392.969868,32.055275,17.968452
620.460436,392.871331,32.056644,18.761976
622.900727,394.874680,31.380995,18.465965
623.758866,398.405293,31.225897,16.637053
622.960679,401.169616,31.137571,17.737078
624.301840,406.902554,33.829830,16.471596
631.653170,407.217192,31.794773,18.088955
631.630526,407.914284,31.170017,18.221123
636.976234,411.264746,32.426781,18.640591
639.885002,412.231308,34.992119,18.893684
640.244133,412.367644,33.210335,18.620142
643.229918,410.919291,32.323925,17.936550
640.342485,406.925595,32.981258,18.235228
640.584036,406.339948,33.623997,17.987356
635.604378,400.348375,35.133247,19.010067
632.049488,396.053600,32.918518,18.389732
628.674326,391.438217,33.328411,18.829041
625.605566,391.347944,35.008579,16.870083
623.848480,389.703003,34.572128,17.341866
623.053865,389.699502,34.619610,17.303213
623.999842,384.946552,34.630322,18.724579
621.142035,380.786030,34.692348,17.814766
616.638506,377.372839,35.077129,18.757671
611.542078,375.777712,36.141346,18.662258
605.714731,373.869576,41.323765,19.880827
605.497635,373.948130,42.106712,19.361553
603.517284,374.551418,42.659500,18.200554
600.164360,374.049081,38.380821,18.681684
594.189281,375.737426,41.305954,18.855349
592.811277,376.969363,39.194317,20.232508
593.784502,380.807054,38.274036,19.208845
593.945997,381.417232,37.941723,19.486841
596.154699,387.108710,37.518490,19.464403
597.451836,391.733164,38.313271,20.356380
596.894665,396.472307,39.361481,19.898693
597.298763,402.615206,38.372650,19.657162
596.970341,407.933084,41.499100,20.402006
594.979525,407.943922,42.780155,20.048618
599.194675,415.762651,40.108444,18.854687
601.752314,419.009537,44.708012,19.788528
608.473150,421.960970,39.212292,20.567806
613.172094,422.996672,40.642315,19.820087
616.892570,422.772614,42.086143,19.083511
615.900425,423.537560,41.946686,18.849976
620.655134,420.482134,43.343365,20.799404
625.748125,420.248897,42.372807,20.765726
630.530373,419.739233,42.729424,20.914799
632.713078,417.414884,45.782242,21.761114
632.460606,417.012464,46.181534,21.391348
632.351030,416.427244,46.528477,21.386753
633.998123,411.184051,44.994225,22.058596
634.381479,406.782509,44.807270,22.323364
632.055241,400.435826,46.410812,21.311407
630.580505,392.742054,48.601234,21.847450
629.433966,392.005512,48.166500,21.006325
628.709965,391.387033,47.401154,21.155544
627.658131,392.949063,47.744751,21.542440
628.500689,400.591110,47.022953,21.992661
627.564276,412.010934,49.730709,21.418165
629.582300,422.786022,49.135349,22.285561
632.145790,433.983495,47.283989,22.563055
630.917837,434.233456,48.490917,22.748634
629.005301,445.686164,51.614635,22.890871
631.998816,454.703878,52.371700,22.402287
632.701595,460.311753,53.134369,23.527937
633.987499,464.782954,52.509445,23.628717
631.409073,471.408039,56.901314,22.192146
631.381929,470.703341,56.787693,22.350277
630.298067,472.392510,58.894901,23.113951
629.877218,471.767201,60.201138,23.537802
632.506733,471.059769,58.708160,23.657623
629.978340,467.852011,62.733727,24.681477
633.413393,465.000552,62.376728,24.395166
632.789240,465.224639,62.749805,24.618914
637.680130,465.666530,63.031212,24.725824
640.819597,466.952350,63.521336,24.852640
644.970947,469.056808,64.411827,25.837463
649.117920,471.226636,65.141106,25.565405
652.864250,470.887745,65.284203,25.671852
651.172604,471.296425,66.987518,26.010147
655.684547,471.922814,68.044548,25.639585
657.745136,476.786504,68.224930,26.530905
660.857613,481.979615,68.247429,28.081541
657.220394,487.403976,71.511414,27.078125
654.251228,487.106176,73.547569,26.290302
653.701508,486.715973,72.957756,26.555023
651.285919,484.873695,72.771919,26.696396
651.214035,480.829702,70.844063,26.604206
655.624870,479.292172,70.974144,24.960989
657.889103,475.588363,71.475052,25.733095
661.589073,471.686389,72.584724,25.906519
661.808041,471.785210,72.719086,25.774628
668.908867,470.709731,70.209099,24.532091
675.054615,467.312504,68.655212,24.571648
682.353485,466.047710,68.141121,24.376305
689.382309,464.950109,65.887367,23.211615
696.204212,463.328280,63.133865,22.299738
694.497890,464.079717,65.074402,22.482931
696.843603,463.924528,63.452450,21.813374
696.826624,462.378852,61.486805,20.678682
695.145157,462.075291,58.895378,20.923973
692.606504,459.128581,57.220989,20.394815
690.009764,459.141068,55.257244,20.210556
689.727165,459.375770,55.867043,20.386492
689.438663,456.716120,53.803604,20.292995
687.562075,454.538442,49.889957,19.743185
682.311310,450.829469,50.086662,19.710035
679.369003,445.528030,47.338646,18.886276
678.077900,441.137898,49.894791,19.865301
678.112827,441.573410,49.873749,19.485672
679.954851,437.351977,48.877399,19.535547
679.777489,432.305410,48.507561,19.796787
681.679594,425.818016,48.414471,20.071671
684.397270,420.169988,47.572350,20.623526
687.020189,415.417693,48.062519,20.638979
687.326918,415.442924,48.467297,19.961792
688.135363,409.081875,49.940723,20.631996
692.011011,403.185585,50.870197,20.127472
698.045818,396.358196,51.141220,20.818352
703.222090,391.071340,49.236996,22.141409
706.645229,389.503994,52.465027,21.869881
706.332201,389.968328,52.675632,21.629934
713.469755,389.625736,53.288616,21.643120
719.446301,391.780025,54.152618,21.581217
726.116978,395.415723,53.496246,22.745230
726.882042,401.174161,53.463631,22.409918
725.431187,401.302939,54.307510,22.528673
721.348866,407.277700,56.176605,23.222553
713.262663,417.255692,57.454784,23.481796
706.844267,430.909447,57.251400,23.239243
701.329922,441.819256,58.793259,24.398964
691.380413,453.380888,60.551590,25.032154
693.562262,453.986995,58.835781,24.894648
681.511391,464.050380,60.428337,24.169764
669.854038,471.590784,59.628647,23.984295
648.201118,475.554327,64.055885,25.312626
634.076771,481.161000,63.650452,24.984961
617.856644,482.595055,65.577217,26.027588
617.866646,483.273724,65.963341,25.837563
603.132816,483.216365,69.095490,25.934458
596.912125,485.101507,67.984886,26.535557
595.307449,486.508074,66.946602,26.837856
593.493797,486.244967,67.960609,26.128262
592.010658,485.198379,71.301353,25.931719
592.305389,485.181791,71.424934,25.913593
595.495110,483.842717,71.258995,26.759817
597.806267,482.355078,71.388542,26.414326
602.432003,478.995682,68.208832,26.648911
597.981937,476.548873,70.162430,25.906786
593.983143,470.677450,70.275238,24.987446
595.644623,471.647149,68.553093,24.900007
591.455608,467.403234,66.854126,24.369770
585.774265,463.393577,64.236420,23.864061
574.537498,461.296267,65.373726,24.081783
564.625492,459.780177,64.412155,23.582239
555.792706,459.831116,63.906799,23.107239
555.843081,459.624675,63.727985,23.291239
548.051270,458.730284,61.359581,22.502522
538.840899,457.462981,62.841236,22.274248
532.200123,455.031075,61.585800,21.430389
529.283363,453.789613,58.353157,20.867887
525.858637,454.120172,58.134052,20.006346
526.399452,453.840082,58.733894,20.293026
524.845278,455.795154,58.659122,20.776667
522.451029,458.660595,60.866261,20.411324
527.521536,463.888993,57.548901,19.923292
530.464523,465.990467,57.989159,19.893791
536.718603,468.284019,56.027554,19.343857
536.098537,468.847717,56.289673,19.362396
542.842274,469.166759,55.283920,18.203760
546.796934,470.263249,55.030773,18.524939
552.278608,470.718527,54.624615,18.039478
552.725105,471.111463,55.826424,18.075598
553.932779,469.554501,56.156178,17.340233
553.554199,469.610579,56.064995,17.362383
553.049311,468.691450,54.799854,17.301136
552.464516,466.142949,54.689537,17.272680
545.742682,462.340534,55.199581,17.320381
539.942333,458.468091,55.748474,16.984503
536.759789,455.286563,55.094368,16.998972
537.477732,455.267241,54.937656,16.518452
534.171715,451.657802,54.787300,17.077662
530.015280,448.238750,55.087841,16.647669
526.361839,444.555644,56.090065,16.934214
521.376678,442.855988,58.070778,17.415298
517.305731,441.025288,59.371395,17.496819
516.907604,441.510789,59.373367,17.259382
512.913206,439.575270,61.546001,17.942142
506.322437,439.657994,64.663269,17.755987
501.175739,439.476302,67.444748,18.506334
496.891190,441.746263,72.128639,19.188292
493.244835,444.322151,76.886330,19.314377
493.497463,444.889915,76.586548,19.390764
493.893883,446.457963,79.850822,19.457747
493.460011,447.685057,81.777679,20.447193
493.718449,449.129384,87.450027,21.014410
494.051178,448.484493,89.735695,21.403450
493.011379,447.222470,94.417343,22.142950
492.277676,446.776678,94.805557,22.229252
490.910736,446.582564,98.262047,22.807085
488.164619,447.853133,104.253181,23.770952
487.862064,449.128923,109.585846,24.176586
483.253139,452.049609,117.753464,24.466440
482.407085,453.917146,122.883163,25.930677
482.444847,454.602172,123.416100,25.547197
480.567005,456.414752,129.395233,26.901438
475.013966,459.337127,138.089050,27.589037
470.865566,460.498625,144.640640,28.103230
466.937191,463.741620,153.731583,28.841726
464.400799,464.222367,160.779678,29.784895
465.111736,464.154325,160.295120,29.575336
455.038425,466.288749,169.659119,31.422274
448.130383,468.246073,178.814285,32.366360
444.265484,470.439581,187.837753,32.865849
442.000011,471.756235,193.842789,33.922573
437.110378,470.863335,204.636185,34.550262
437.317867,470.930319,203.441849,34.318424
432.752216,467.195120,210.825470,35.791782
427.088512,464.278099,216.289078,36.636993
422.068676,458.680920,224.592911,39.519249
418.856937,455.459490,228.052002,39.687511
416.962322,452.511797,232.377243,42.511059
416.264126,452.618807,232.820236,42.288250
421.699467,450.201387,235.104919,42.979931
424.177891,441.978050,238.484222,44.673706
437.568325,432.671524,235.661179,45.067001
449.726521,425.694063,235.953186,46.343548
466.896854,418.656145,227.834625,46.105938
468.083225,417.021170,226.945709,47.336308
484.083790,410.110126,224.412842,48.231728
509.530499,403.024300,215.768448,45.914764
529.412045,397.905622,211.315231,47.269825
550.722813,394.496782,206.955292,46.794994
575.637287,400.637274,195.475403,44.152683
576.637997,401.009535,193.352829,46.643635
589.225826,405.158009,186.361221,45.601265
603.209179,410.223648,176.226242,45.044754
619.829617,414.795601,167.422714,43.688324
628.291676,417.890724,159.780426,43.492004
640.410114,423.736519,149.732086,40.683685
641.124744,423.042706,148.491180,41.001030
647.662792,425.498627,142.644424,41.337784
653.027225,430.326952,136.877747,38.986095
655.687397,431.970188,129.649139,38.800423
656.934959,434.186417,123.409325,38.195938
657.153343,436.418940,116.711784,35.971371
657.149879,436.454855,116.831535,35.548344
660.629734,436.730896,109.817352,35.204056
663.009113,437.602047,104.083832,33.831139
661.884727,435.394711,99.439873,32.276085
662.734768,432.075865,92.477188,30.651386
663.846401,429.915839,90.508682,29.427767
662.432835,429.375833,91.099243,30.129911
664.833080,428.680418,86.418259,29.105061
665.045841,428.110078,83.551910,27.430922
667.121479,427.544411,79.994720,27.464676
673.109776,429.499685,75.402267,26.318546
673.382710,430.161695,75.523254,26.128698
687.235699,433.432081,68.232162,25.398746
691.589104,438.133451,66.297737,24.506369
699.457285,440.956858,62.561375,24.046215
699.457901,440.585524,62.882286,24.116703
704.752420,442.716162,59.838108,24.192097
705.646542,443.490573,57.772430,23.836100
704.630871,442.329799,55.848770,22.133036
706.370453,440.833949,54.640495,21.619761
707.441620,439.334773,52.677406,21.095041
708.130363,440.014853,52.772392,21.131535
706.392365,438.622531,52.330482,21.245523
704.984058,438.436236,48.035416,20.806925
704.025091,439.105879,46.210415,19.615467
702.479095,438.389595,46.762001,19.086349
701.980289,435.692608,45.476364,19.350380
701.860151,435.787482,45.943127,18.981691
698.856531,435.367291,47.299091,18.198782
698.965208,434.103313,44.251354,17.723183
698.644474,433.453708,43.892853,17.478067
701.724411,432.349752,41.564964,16.762714
701.748119,431.344319,41.937469,16.305731
702.363716,431.791729,41.948723,15.971657
703.105846,430.379767,41.784821,16.389597
702.902901,429.066788,43.250435,16.651054
703.768970,428.371234,43.477341,16.553331
705.381443,429.318543,44.762375,16.836020
712.210417,430.968704,41.454662,15.888604
712.458584,431.724945,41.756073,15.911279
718.508003,432.526486,39.835869,16.937712
721.018953,433.950247,42.775425,17.496410
722.825352,435.540607,44.274902,18.257309
726.720560,437.604942,43.938480,18.014870
731.800989,439.302412,43.990574,18.453747
733.446674,439.489267,42.587799,17.884174
736.207552,441.317821,45.858814,18.903460
742.152861,443.230599,46.962811,19.027975
746.770529,447.019642,49.296719,19.341461
759.676361,453.635638,44.687462,19.282091
761.775982,460.956475,49.054749,20.198431
762.184900,460.984277,49.133610,20.755270
766.628641,468.823473,49.401325,20.114857
769.925432,474.902755,54.839161,20.535593
777.554245,481.350323,55.492851,21.280029
780.525299,485.431649,54.412148,21.581060
777.606520,487.580550,54.377819,23.036524
777.791576,487.411197,54.689972,22.633684
776.794281,489.430848,54.098900,20.729391
774.389366,490.710816,53.016502,19.829687
768.158382,489.998858,55.473434,21.069719
763.182550,488.935721,53.126194,22.044855
753.886103,487.274997,52.554569,19.003633
754.395943,487.766274,52.467400,19.071447
749.698950,487.687987,49.794933,20.743006
744.309425,487.574117,47.466881,21.467283
738.139631,489.329699,46.750927,19.320683
730.753494,490.185698,47.563728,20.510967
726.817142,491.497797,47.543701,19.450077
727.363255,491.243804,47.091949,19.606180
721.346409,493.318466,47.465683,19.121864
720.476534,495.241166,45.280674,17.918722
716.993198,496.610271,46.642578,20.648226
716.352057,498.336637,48.296200,20.728178
714.979322,499.896156,49.630413,20.306511
715.200283,498.855000,49.491226,20.652847
717.121374,497.990465,48.149227,21.186558
721.202267,495.127943,45.777161,20.656506
721.578125,493.599441,45.920998,19.200907
720.933973,490.428619,46.096935,20.704796
720.645933,491.157418,46.728359,20.089254
723.838520,489.256129,44.118515,21.092974
728.166834,486.155966,43.401371,20.219646
730.474960,479.750939,43.848045,22.273230
732.795277,474.308060,41.694214,22.071739
735.467747,469.683951,39.215759,22.085260
735.961536,469.024522,39.391220,22.553717
736.480053,464.702492,38.955688,23.313148
737.451700,463.734199,40.438969,23.003260
739.083067,463.447654,40.054638,23.434214
742.317755,464.934111,40.135357,24.306164
745.004971,465.272256,38.645874,23.178839
745.319363,465.598186,39.071716,23.271013
747.562519,466.395291,38.016876,23.923338
746.475458,465.392266,40.380894,24.200583
751.265612,462.995210,36.628590,24.198141
752.263243,458.357740,35.376217,22.000607
747.843609,455.627202,36.878860,23.974699
747.224531,455.339050,37.687481,23.904778
747.316570,451.511179,36.255524,22.357609
745.578581,449.515415,36.859585,22.971725
744.014904,447.913340,35.494171,23.094028
741.937243,446.694881,35.314899,23.386032
740.738564,444.772095,34.339317,20.641701
740.866175,444.258256,34.582996,20.997519
736.657944,441.736135,35.665390,22.409756
736.575281,438.890909,33.429287,21.300495
736.200733,435.353738,32.473381,20.892675
735.821625,432.914035,31.672577,22.428095
735.039402,431.215627,32.201317,23.262014
733.728628,431.534115,33.442081,22.664558
735.585814,428.007755,32.157703,19.993034
736.183220,424.717373,32.235764,21.279678
738.430213,420.950774,31.684725,20.713442
740.362221,416.703262,34.126984,20.604202
743.487699,411.480716,31.451178,20.332720
743.362540,412.245630,31.521502,20.198322
744.275460,409.926363,31.699522,21.058926
748.001224,408.613041,30.954569,22.012932
751.565519,407.513235,29.478748,21.862934
753.704737,406.626231,30.572094,21.335672
756.854760,407.007826,27.682676,21.826618
757.059119,407.003868,27.585749,22.154938
760.084486,407.029325,26.833416,20.674061
761.438575,405.677485,28.120989,21.872698
766.736889,406.432356,26.568199,21.639950
770.037951,406.512095,28.514324,22.895754
775.922636,406.211667,24.919559,24.079847
775.274285,405.857257,25.569624,24.097658
780.395929,406.640957,26.741680,24.044052
789.947174,402.244816,26.076157,23.819778
797.503247,398.468227,27.708975,23.667503
804.681100,392.849718,29.240110,24.840542
811.883121,388.070461,29.998972,25.962982
811.777419,388.096141,30.015932,26.350939
817.582656,383.853718,31.559145,27.092148
823.749187,379.274423,31.412498,27.644690
827.990536,376.949753,32.929451,28.435356
832.541876,374.735508,31.416615,28.978989
833.646406,374.198210,34.954105,28.224316
834.255255,374.713520,35.862370,28.286758
832.048862,373.505117,34.389473,31.284084
825.915199,375.509076,36.654770,31.887877
825.182323,376.460463,37.583534,32.099453
824.242893,378.301819,39.293114,35.344597
828.050678,381.604843,38.407814,34.586342
827.388664,381.201668,38.558517,34.798775
831.249327,384.287968,38.694294,37.419830
831.614172,386.609112,38.850086,39.261276
831.814348,388.226059,37.337093,39.106544
832.121506,386.908119,36.966888,38.248924
833.499292,383.227486,37.358089,39.080879
833.356976,383.294220,36.908867,39.352638
835.133028,377.941166,36.136440,39.405136
837.370335,373.700342,36.136848,39.260044
838.672279,369.017776,36.025208,40.256767
839.639788,363.791580,35.247234,40.571571
840.145260,356.236052,36.791451,42.166546
840.104958,356.480267,36.021103,41.444946
839.568108,346.816820,35.595596,41.765491
836.972446,336.473116,34.889946,42.419437
836.040768,336.660519,35.595955,42.534500
833.512745,328.313805,37.018929,39.582451
832.723455,320.801144,36.080219,41.276123
832.303616,321.015120,36.344887,40.626827
832.112640,320.335205,36.480042,41.183235
832.067968,320.192257,36.102711,40.898026
831.345066,320.476086,35.900291,40.681458
831.430464,319.574654,36.210728,40.340324
830.023586,318.769154,36.585487,40.306824
831.205355,317.558825,37.036129,41.521488
831.860821,318.689636,37.860085,39.163948
833.350468,319.773859,38.860847,39.545444
833.684853,320.339430,37.921768,39.663464
835.222250,324.188070,38.430897,40.586498
840.397205,330.046827,36.876305,40.438076
841.476826,336.412153,38.426537,39.360897
843.683193,338.444901,38.061775,40.386711
846.984600,339.012476,38.686440,40.283115
847.350060,338.902792,38.133972,40.359325
847.792759,336.559740,38.557274,40.091923
848.028805,333.436876,38.599968,37.968815
849.354959,328.704458,39.099972,38.921322
848.591152,322.612370,39.946419,38.525650
846.587999,319.883827,39.962856,38.972038
845.837765,319.855604,40.663185,38.708080
842.041759,312.655518,41.220055,38.586388
840.441450,308.268299,39.946156,38.322662
836.886450,303.189560,41.294956,38.366325
832.834629,296.095913,40.294289,37.286865
830.180380,287.692501,41.667881,38.246826
829.239239,287.687889,42.689949,38.556953
826.613640,282.224535,42.240845,36.963535
824.625484,274.983767,41.480598,36.986698
824.156105,266.932650,42.680923,36.610004
823.729235,261.956253,41.918652,35.976082
825.593138,257.981413,44.522465,38.139935
825.801292,256.839010,45.013657,38.379726
831.826660,256.079872,43.370117,37.095680
835.240669,255.957586,45.606445,38.235287
841.203316,256.672981,46.125488,36.702522
850.271433,256.953117,45.809261,36.753868
858.185085,259.873484,45.609947,36.206120
857.660172,259.023911,46.170609,36.707161
864.035751,263.376337,45.130524,35.962955
868.885078,267.997562,46.312851,35.803497
875.801039,271.349358,47.166965,32.829521
880.484550,272.068111,48.614639,33.562195
883.195044,272.131344,48.981190,33.137604
883.026091,271.941895,49.707752,33.394005
882.758919,270.614367,50.083374,33.042179
879.925972,267.346333,49.543640,34.113068
870.929205,264.268726,50.542377,33.708710
861.893681,261.147535,51.034203,33.987148
854.228926,258.837914,51.182392,34.859688
854.699440,260.001640,50.694672,34.627037
844.204277,259.898470,52.141418,34.547031
831.902836,259.599562,53.789742,34.043331
822.813370,258.809605,52.200867,34.546722
813.291233,260.155521,52.333641,34.541031
802.709543,261.630602,52.008877,34.249760
802.101208,261.324738,52.301765,34.498085
793.968430,263.348614,52.719803,33.680969
787.279640,264.853765,52.573425,34.017269
782.453617,265.997473,51.190254,34.340221
777.594536,266.639021,53.789154,34.618938
775.187008,263.959129,53.738396,34.092812
774.551311,263.866436,53.651192,34.117325
775.364670,262.170753,51.654282,33.470650
773.241955,256.880459,52.517311,33.522568
774.803720,254.121838,52.332363,32.510361
775.737413,250.627457,53.131924,32.769981
776.447870,246.321201,53.462719,32.930313
776.696733,246.936689,53.770077,32.378780
777.930264,240.748041,54.075249,33.348011
778.073160,237.597837,54.460918,32.423306
771.823212,233.903568,56.184952,32.166885
766.882679,232.841131,55.381462,32.360149
756.562183,232.667866,56.774437,32.299072
757.770344,232.882824,56.302422,32.359695
748.396467,234.623756,56.595585,31.160988
739.579615,235.671235,57.028561,31.491003
733.034204,237.438067,55.600292,31.088900
725.962324,237.606316,56.378040,30.342216
720.488911,234.573255,56.896248,31.180891
722.103989,234.483074,56.051971,30.815033
717.562649,230.166886,56.746330,31.227392
712.802191,226.011546,56.888004,30.279604
711.910833,224.540199,56.336002,29.796165
711.789991,222.846745,57.544331,30.149673
714.630322,223.734844,56.711876,30.137619
715.040804,223.960349,57.015728,29.994150
717.487640,225.439452,57.236145,30.276468
722.943350,227.437140,57.291279,28.827084
728.977715,231.275730,57.621033,30.521271
732.489017,234.820291,59.144020,29.424475
737.272926,238.969542,58.117676,30.265087
738.482784,239.246610,57.755653,30.001768
739.419285,241.338743,59.858955,30.358532
744.021687,244.453750,59.250160,30.204447
745.993074,246.943996,60.250027,30.269485
748.476482,250.784944,60.431648,29.904821
749.877747,254.733016,59.733322,29.403910
749.088770,255.079865,60.415676,28.844168
750.657480,255.596518,59.808758,29.321392
748.627291,255.383989,61.614361,29.286823
748.553608,254.833625,61.256401,30.361872
748.623188,255.418550,61.678062,30.247211
748.078356,255.015316,61.557400,29.302628
747.994184,255.360756,61.627537,29.671181
745.940279,255.165651,61.847607,29.237736
745.555157,251.272440,62.223274,29.887943
743.567457,249.988358,62.277836,29.691231
742.162561,248.629523,62.384274,29.739145
739.275846,248.657034,63.122791,30.220776
739.536850,248.672958,62.515060,29.796089
737.543848,249.882840,62.367596,29.403349
732.387398,253.269900,64.780594,29.418612
730.360828,256.764201,63.470802,30.043306
726.645903,260.324142,62.802601,28.125237
727.547714,259.639569,61.434998,28.532774
728.733599,262.711057,62.446819,29.936354
730.419292,267.505403,62.981972,29.617071
736.114618,273.512641,61.551037,30.050608
740.338896,279.090316,63.086506,28.625574
747.216888,283.574568,64.535843,28.599697
746.346279,284.140091,65.461632,28.357094
752.969460,287.037604,63.203766,28.285685
760.015451,289.055115,63.525631,27.796104
768.441660,287.354034,62.837582,29.070549
774.377014,283.453845,62.138657,28.984331
779.732681,281.810184,64.635910,28.672318
779.781387,281.118735,65.167404,28.986856
787.349751,277.332727,63.828728,27.365086
792.181030,275.647236,64.888077,27.318161
800.115637,275.266912,62.035465,27.439083
802.411026,275.802128,64.081619,28.171967
804.530052,277.726680,64.079712,26.398836
804.743898,277.017247,63.848782,26.813963
803.927338,275.918840,64.437012,27.247196
801.247772,273.335073,63.499161,27.496962
798.824120,271.945262,64.232483,27.514071
795.884457,270.310177,64.454201,26.297623
786.425678,266.645846,66.853508,27.140871
786.589672,265.581970,66.967857,27.643562
775.223061,263.619172,64.664078,26.807623
764.333721,256.176727,66.018425,28.534050
755.204201,254.548367,65.407089,27.995285
745.150417,249.702862,65.824318,28.428284
737.051781,251.375281,65.495285,27.619745
737.836292,250.807132,65.667793,27.613024
729.971718,251.128019,66.699661,28.400936
725.734901,249.624677,66.408844,28.112715
722.803734,247.988353,66.608444,27.456636
721.177425,243.641141,66.670311,27.621580
721.117363,243.963881,66.757385,26.856747
720.964046,240.912813,65.908974,27.341953
721.588215,233.237188,65.739754,27.674648
724.616512,230.243628,64.457802,26.528210
724.639839,229.847754,65.003998,27.178005
723.065697,228.128369,66.768967,26.773268
725.957542,225.834383,65.123093,26.661747
723.880966,225.412692,65.776352,27.031343
720.632057,226.720836,64.576950,26.518694
715.663307,229.706205,63.244720,26.238552
715.833248,229.048265,62.937828,26.319540
707.203829,233.875100,63.890469,25.978659
700.428947,237.861597,66.216080,25.632816
693.138073,241.184584,64.421791,26.140331
687.201197,244.312450,63.953060,27.039352
678.732685,245.216819,63.430138,26.233454
679.228859,245.749729,63.338531,26.163895
669.700409,245.693369,63.640991,25.949940
660.882298,244.904028,63.320717,26.607662
649.823261,243.763328,65.353752,25.973368
644.025537,241.358571,63.061352,26.045256
639.372925,239.634172,62.243423,24.875858
639.123566,238.722364,62.202271,25.412563
633.195860,237.781942,62.524311,25.673153
628.513058,234.578938,63.123924,26.637283
627.427586,231.150410,63.559258,26.343552
626.035994,227.782993,63.473469,27.186295
629.313036,224.687319,61.716976,26.190937
628.798615,223.730034,62.978119,26.758354
630.297188,219.449111,62.604675,27.546366
632.158144,217.357215,61.821636,27.630838
636.018471,215.408775,61.356979,26.122627
640.488613,215.607268,61.997673,25.683893
642.415707,216.710620,61.386650,26.456194
641.393286,216.284411,62.517139,27.116579
641.713638,219.258502,62.336044,26.892153
644.108784,222.690394,61.437202,27.166597
642.664715,227.362720,63.422432,26.363983
645.895622,235.720428,60.579727,26.499229
646.902390,244.455199,61.430313,26.445566
646.512445,243.501230,62.217052,25.953342
649.621017,252.567963,61.222366,27.175896
650.362514,263.014915,61.690163,27.405357
650.107315,273.653655,61.081039,26.752741
648.085598,287.005352,59.460686,26.577606
642.458794,301.039022,61.627472,26.549297
642.327017,301.368459,61.168308,26.438734
636.103926,315.187122,60.725208,25.391159
632.026234,328.547445,59.357475,25.927166
624.350903,340.491051,59.432716,24.357323
615.947414,351.135230,59.334450,24.031946
608.365953,360.030727,59.945751,24.271164
608.315300,359.760265,60.056610,24.821457
600.612505,367.995254,59.846813,24.880686
592.881104,374.485699,59.000336,22.985489
584.804899,379.308802,58.404438,22.355366
576.834505,382.728536,60.211926,21.892271
570.436947,384.304137,61.057167,22.028498
570.390482,385.015095,61.006237,22.485352
566.127710,386.838208,61.995968,22.570005
560.425995,387.646195,63.267227,22.081244
556.389774,386.785481,64.639351,21.055433
552.415710,384.570554,65.296478,22.427336
547.476547,381.746962,67.816010,20.874203
547.455795,381.790955,67.420639,21.390846
545.257164,378.824306,69.904099,20.626602
539.520897,374.442942,72.468552,21.643482
537.342094,370.931512,76.481323,22.201422
531.604019,368.948523,77.235245,23.338329
527.060627,367.832963,79.993797,24.806601
527.258888,367.492373,80.182739,25.370213
524.217735,372.045854,83.650497,26.027639
521.560692,376.883053,86.825836,26.402969
519.061459,385.016447,87.385139,26.463512
519.378956,390.876505,88.759483,26.714619
517.378796,400.413931,90.739037,29.060757
517.989716,400.772259,91.007828,28.961746
526.952797,410.468248,94.464874,27.920567
538.234524,419.793952,99.196983,28.313013
555.152126,429.648265,101.379570,28.976091
572.154919,437.051997,103.365532,28.072893
583.903324,438.833682,105.052925,29.278688
584.221428,438.550729,104.547424,30.216726
593.317875,436.688081,108.424019,31.795050
601.171093,437.132872,106.627739,30.504406
610.300797,437.998961,106.656845,29.054667
613.566101,435.570751,106.058395,28.158157
615.444019,434.703293,106.681252,28.499580
615.276627,434.933311,107.599075,28.782495
612.811729,433.175484,107.200104,28.574577
608.573036,434.840531,107.439178,28.291174
601.779747,439.495556,106.119843,27.112625
597.759396,445.634837,107.316277,26.168505
591.783741,449.647401,106.761909,27.080481
591.615517,448.367622,105.561371,27.973686
588.637535,454.572588,106.822876,25.666355
586.519371,454.610580,105.530762,26.055336
584.918541,454.372109,108.489990,26.973684
588.974464,453.042372,105.652893,26.574078
594.168049,449.322516,108.096504,27.103327
593.928391,449.711461,107.841293,27.493193
601.661713,446.532986,108.385727,26.898972
608.064945,440.636208,108.978737,27.382286
618.171089,436.972081,109.304138,27.965818
629.350994,434.720752,111.433983,27.807405
643.366955,433.002861,110.002525,28.167809
643.500977,432.455735,110.952805,28.416815
657.817398,430.665122,110.700760,28.485559
671.596111,427.195357,109.135735,28.184488
678.520515,424.932459,112.690613,27.924763
682.101376,423.126236,111.463310,28.517372
679.983570,424.825477,112.440895,27.849482
680.703674,423.270484,111.959732,28.915796
674.404022,424.777413,115.152420,29.090017
671.488052,427.688562,113.388443,28.622028
664.330479,431.110879,114.916512,27.692556
658.468487,431.504115,116.595970,28.381945
655.501789,429.225959,115.472664,28.925531
655.809517,429.928592,114.930573,28.725130
654.936901,428.621511,115.903984,28.613127
653.523228,425.013381,117.981270,28.436350
652.474617,420.202396,116.799133,28.905975
650.670818,412.243304,116.010612,27.782961
643.564339,404.161982,119.949829,27.473408
643.748367,402.944325,118.604935,28.252501
641.594917,396.698360,118.353546,28.037247
632.773140,393.354604,117.892181,27.942289
622.987595,393.188373,118.613998,28.583254
614.547005,395.511633,119.804504,27.655849
603.339157,398.093719,120.656754,28.096992
601.191639,397.087848,122.084236,28.686922
590.204895,399.746206,120.476089,28.735775
578.119923,404.335375,121.639839,28.308048
568.899479,410.477403,119.835243,28.159674
564.861042,417.352705,123.662971,28.927807
568.351025,424.064709,121.521111,27.664383
568.100452,422.772489,121.634193,28.974104
570.739304,427.039850,123.196152,28.250660
576.934425,424.756877,125.344360,30.063219
584.313976,422.627366,125.004234,29.556433
594.277771,421.747836,125.570328,29.945009
604.359150,425.269589,125.556526,28.525801
605.402515,423.780068,124.917061,29.509939
618.883453,426.915757,125.053696,27.622168
633.851444,430.532182,125.648872,27.590704
647.397976,434.198153,126.452934,27.148592
662.994873,439.200073,125.739975,26.761757
662.362953,439.458460,125.702545,27.406116
661.716892,439.767646,126.743477,27.206110
655.755756,435.989501,125.585182,26.948160
640.805046,430.316027,125.992645,26.878483
625.857185,424.312534,128.500916,26.697479
610.903893,418.131137,128.356384,27.178225
599.723061,416.091906,130.456970,27.780735
600.138229,416.455488,128.656845,27.887066
588.522484,416.599669,130.462433,27.414776
576.901192,414.839009,131.392059,27.714262
562.617805,411.825683,129.866455,27.474375
551.976463,408.090764,132.513824,27.615782
544.191711,404.662261,132.061447,27.387735
544.314491,404.178733,130.629852,26.694880
542.655449,400.183336,130.336029,27.382999
545.991875,399.086799,132.650848,26.702753
547.096611,397.246396,131.302155,27.186659
547.255783,397.521848,132.469955,26.784163
548.461662,397.238238,133.312958,27.195406
549.777100,404.369741,135.191879,26.419674
553.717781,413.272935,134.856079,26.898748
554.473053,412.471801,133.821884,27.154764
558.728676,419.969893,136.805176,26.154642
559.535912,427.851528,137.436035,26.159439
563.593735,430.852557,137.319351,26.878817
567.046432,430.889688,136.518173,27.230579
568.140556,426.855803,136.196930,27.604654
567.633896,426.903126,134.887039,26.991058
564.620735,421.615491,136.563843,26.632856
557.241348,411.755477,136.063644,26.485971
552.160332,401.337032,135.852081,26.839645
544.417290,392.999846,136.444153,26.571545
537.128555,387.574543,137.128799,27.536377
536.749557,387.432694,135.188034,27.039618
528.322617,385.399214,136.612778,27.958447
522.779701,385.226542,138.124451,27.420826
519.606682,384.163055,136.548279,27.312355
519.474045,387.555916,137.295151,27.524223
521.640816,396.892661,141.512115,27.047510
522.864220,396.753847,136.754822,26.956699
529.924141,405.370120,137.773743,26.535006
538.568291,413.776413,140.909790,27.299049
544.844215,418.789582,140.424255,27.342596
554.445305,421.548555,141.433105,27.720890
565.130127,423.743134,141.137650,27.863411
565.006035,422.779318,138.954132,27.717129
575.526932,425.744194,140.358780,27.917809
585.758598,427.950862,139.736420,27.646441
588.934853,430.137742,141.252075,26.954596
590.026367,429.203031,139.076614,26.843855
587.054985,427.691811,141.836975,26.988762
586.867149,427.897772,140.258606,27.039822
584.753357,427.085889,139.916855,26.590437
577.383369,424.336679,141.057922,26.873096
571.496399,422.058726,141.479446,26.918901
565.475960,418.990812,142.605042,27.630932
560.566032,415.584989,141.772278,27.233473
560.583778,415.522215,139.833771,26.939220
554.628792,413.543324,141.662903,27.046906
548.349274,409.314538,142.838181,27.442739
540.863312,402.876310,141.176285,27.393017
534.418861,400.174817,141.151398,27.806532
529.141991,399.802079,139.256378,27.315832
528.499451,399.520824,139.375320,27.486526
525.595848,401.657592,140.499268,27.664377
523.626755,403.615067,141.447769,27.563116
521.118607,403.757463,141.364639,27.684452
521.803047,405.580502,138.839813,27.283707
522.266747,408.160771,138.067932,27.016661
522.418007,407.349158,137.910370,27.434870
524.317764,405.573571,140.704208,27.736532
527.419159,402.811882,139.400833,28.318962
533.255417,399.309505,140.229202,28.291824
540.077827,391.427215,140.606415,27.322916
547.868668,384.012877,139.399185,27.538980
547.092186,383.798001,138.215546,26.976637
554.407845,378.353218,141.482452,27.304497
555.407433,374.224051,142.665131,27.374905
555.826538,374.317245,140.399918,27.255686
554.117264,374.528255,139.328445,26.508104
551.275749,376.710939,138.859619,26.810917
550.818367,376.963190,137.939240,26.252125
547.497917,376.566267,138.443176,26.994854
544.340332,378.840880,138.871506,27.150705
540.298225,377.093957,139.395660,27.199545
539.576927,376.433807,137.934753,26.556282
541.197128,375.111758,137.914810,26.779268
541.471092,374.955162,137.113892,26.040489
543.367729,374.308922,137.574829,27.002159
546.022400,371.851743,137.419693,26.871443
548.008308,369.266577,139.746185,27.178829
550.854584,368.620872,136.093124,26.913843
557.336411,366.471125,137.344131,27.687336
556.248383,367.310025,137.260178,27.456404
563.014793,370.454762,138.138489,27.704924
569.173805,375.038521,136.945709,26.847832
571.689278,378.282475,137.185913,28.314117
578.565857,382.890523,136.818466,27.405210
579.663177,383.890568,134.319351,28.287323
579.637329,383.889831,133.794693,27.885172
580.902351,388.644184,134.489166,28.864380
582.194221,391.900166,136.222687,28.985443
582.456398,393.257037,135.596405,28.870699
586.577675,395.912593,132.713989,28.280809
586.192604,394.433074,132.719360,27.993174
585.460068,393.805700,132.647812,29.379238
581.218552,397.288723,134.373520,28.227676
578.489555,396.025110,133.023865,28.434742
570.743774,396.629551,134.183304,28.325043
562.344582,399.027689,131.042816,27.833057
552.899170,397.323627,134.186661,28.673187
554.351433,398.194262,132.964050,28.015110
546.039284,397.497051,132.477051,28.489578
538.855064,398.177961,132.419037,28.836254
534.084373,400.668315,130.270172,28.901384
527.260353,399.676245,130.646515,29.418179
526.456390,400.643803,132.173172,28.829803
526.797646,400.083586,132.060272,28.465435
526.349472,398.572891,132.856827,27.977730
529.198097,398.239155,131.811340,28.093018
528.696884,394.483729,129.238663,28.398333
528.332657,395.190250,130.744186,28.336365
531.004875,399.358767,128.700623,27.853550
531.087914,399.630589,129.714447,28.449707
532.510269,405.700260,129.624100,27.670013
534.671867,409.707358,128.523224,28.097712
537.178417,415.595508,127.832909,27.922457
537.513004,418.333085,126.897743,29.007421
537.955734,421.933159,128.373337,28.119194
538.341282,421.686216,127.979805,28.748882
544.428055,424.386362,124.855911,27.839161
550.468472,424.369040,124.890587,28.654749
554.401894,423.046391,127.135468,27.548492
562.246346,418.391476,123.288239,28.430588
569.745335,410.255383,122.663490,28.676346
568.366131,409.483775,124.757957,29.002825
576.592491,404.657213,122.787079,28.322819
582.121197,395.053005,121.538872,28.319107
586.212513,386.896706,122.171272,28.150414
587.827545,378.932323,122.944748,28.337479
586.680584,374.492686,120.877556,28.208330
585.525810,373.618893,122.912231,27.944138
580.872280,370.887440,123.125786,28.931824
579.560528,373.206137,119.514702,29.572506
577.200916,376.351957,120.527534,28.768993
576.869122,377.393707,118.842216,30.388741
574.964550,377.258023,119.291100,28.357435
575.196194,377.080390,119.175652,28.361719
575.132633,374.337179,118.778023,28.830318
574.483608,370.302699,118.232994,28.789537
576.729637,364.977759,116.563202,28.521448
577.726376,360.267173,115.819084,28.365259
581.292473,354.769369,116.963135,27.989529
581.916172,355.121269,115.977791,27.932487
586.118816,349.100354,115.066246,26.982649
588.087467,342.999967,113.898750,27.507826
588.078259,339.928186,114.936668,26.538990
584.241463,337.127818,114.667145,26.633776
577.850216,335.682896,113.610130,25.929016
577.698780,335.277097,112.923592,26.279097
568.917511,334.869090,111.683441,26.236162
562.957832,334.252103,112.055435,25.189375
549.584797,333.288326,111.962395,24.991257
542.204441,332.627851,111.508278,24.993694
531.213402,332.094174,112.004700,24.419142
532.176933,331.640761,111.093567,25.223490
526.362064,335.053626,110.473579,24.657587
522.842331,340.875268,108.997726,24.139242
522.400059,349.310990,108.774986,23.520514
523.389950,353.396116,108.936119,23.298870
528.998657,360.566125,108.050583,22.752707
530.133144,360.569246,106.896019,22.196491
533.541035,363.341143,105.964485,23.378468
543.887222,365.555232,104.431595,22.636217
552.435471,368.474029,106.149338,22.561609
562.036694,367.912028,104.229942,22.192324
568.500450,365.075364,104.419403,22.507452
569.428570,365.058144,102.662941,22.457207
575.725487,361.491652,102.854706,22.743099
578.560726,360.606423,105.127861,22.008093
583.173134,361.929123,104.214340,23.381538
585.989677,362.561699,103.431610,22.920723
587.763371,362.344117,100.102821,22.766134
588.538605,362.596697,99.305313,22.611393
589.562935,362.127457,100.697723,21.990135
588.721741,361.290504,99.661758,22.069008
588.317791,360.649270,99.661568,22.628134
588.928963,360.800219,99.168396,22.743183
587.793556,360.140705,99.621948,22.640656
587.928391,360.150241,99.134872,22.993502
588.233021,359.265781,99.819237,21.945129
587.305843,355.757509,98.874886,22.281284
588.669044,354.387877,99.358505,21.869854
591.101948,352.140601,97.663750,21.876459
594.745811,350.826899,97.554855,22.088535
595.241478,350.767703,97.402237,22.296328
596.233574,347.646634,97.897308,22.187864
598.713970,344.863704,97.547661,22.313997
599.065784,344.140635,97.374947,21.606722
600.113449,343.591533,96.165421,21.988344
600.305244,340.705636,96.144302,22.398993
599.838905,341.446987,95.575500,22.322388
600.983078,341.536454,95.571594,22.323065
602.931927,341.733166,94.168434,22.441269
603.908585,344.440258,94.373291,22.798660
606.491890,344.692260,94.773376,22.459452
609.355812,345.258227,93.779739,22.459093
609.331104,345.636277,94.044243,22.175940
612.474583,345.428352,93.033852,22.268822
617.933544,344.818460,92.866829,21.775303
624.452816,342.184335,93.325294,21.961477
628.732769,337.719158,90.982063,22.537872
632.560894,337.043749,91.937553,21.948887
632.767582,335.802834,92.697380,22.261986
633.261765,334.076810,92.479828,21.484541
632.072830,332.666163,93.380280,21.958406
626.259663,330.276290,92.268135,21.855692
620.492981,331.328664,90.189270,22.138792
619.861034,332.086051,91.374504,22.090586
612.668468,335.328629,90.681633,22.225286
606.946941,341.746754,89.909782,22.080688
600.814533,347.289389,88.733559,21.475521
592.242470,349.920162,88.284927,21.876358
587.276512,351.416407,88.102005,22.414402
586.542919,351.946673,89.174324,22.023317
580.786461,355.074932,88.763824,21.768814
577.679531,356.268698,87.893425,22.505230
573.752293,358.566687,86.699028,22.048412
570.293713,360.863742,89.455864,22.591997
570.000515,363.268151,87.230659,21.982855
570.789421,363.552229,87.203278,21.733456
569.491268,366.280701,87.065269,21.761238
569.885948,370.324814,86.217834,21.863167
569.959030,374.139463,85.807465,22.129818
574.151527,377.274911,85.285904,22.556128
579.929142,381.394014,84.741859,22.029194
580.449375,381.357125,85.552528,22.584906
589.257668,382.700434,84.787537,22.609257
601.558369,383.987586,84.826698,22.891459
611.211224,384.594061,84.744011,22.417400
619.436295,382.295081,84.086121,22.418406
628.883469,378.720725,85.115204,22.679316
629.216606,378.867476,84.796371,23.366329
634.358360,377.908894,84.761841,23.240723
638.909752,376.593336,83.579987,22.438869
641.379063,376.726185,84.709648,23.312744
641.313698,375.067034,86.051376,22.961918
640.687153,378.290739,79.868538,23.379650
640.467003,378.619136,81.626251,23.485888
635.434090,379.426044,81.947937,23.866549
629.287518,380.023279,82.190605,23.513767
625.914711,379.760542,80.690872,23.272839
619.867767,379.771407,81.267899,22.950891
616.763203,382.795691,79.834496,23.060007
616.967224,382.567491,81.712662,22.938284
617.108788,382.872495,79.433533,23.549711
614.553169,384.044076,80.047028,23.468969
612.939915,383.600744,80.864204,23.695507
611.884636,379.297780,80.400955,23.203932
611.127941,376.916505,81.709282,22.814093
611.577282,377.161129,80.859718,23.358688
608.442623,373.063138,79.453514,22.871473
603.982075,369.701762,79.146614,23.246981
596.763557,366.754560,79.341278,22.470396
589.773987,364.419296,79.884491,22.130714
578.211163,365.922477,77.681282,22.824228
577.600449,366.146263,78.270065,22.530678
571.588356,371.782182,77.287323,22.053045
564.593403,372.745220,76.545952,22.135834
558.169628,371.874750,77.049568,21.792332
552.155128,371.383480,76.764954,21.651581
548.316067,373.565928,74.801476,21.079517
548.616356,373.411214,75.824509,21.250135
553.243702,374.045526,75.334007,20.029776
556.982738,371.138499,76.062828,20.382509
563.167927,363.566180,76.156044,19.966524
573.654701,358.902539,74.362564,19.034636
588.447330,355.201987,75.844673,19.835184
588.688114,355.149010,76.072960,20.177544
603.680996,353.750258,75.202568,20.057276
619.297268,355.767238,77.847771,20.843752
640.364796,360.806870,77.199883,20.570196
657.239735,361.060283,79.858391,21.162004
676.243214,364.828714,80.193611,20.999317
676.014675,365.472488,80.704247,21.371712
688.604519,371.630996,79.432976,21.977961
696.522045,378.621395,81.093086,21.759857
704.826477,385.549013,83.326035,21.852573
714.756943,392.115145,83.882584,21.915119
713.646976,398.589056,85.268532,22.138653
713.340942,398.207349,86.119247,22.471083
711.453098,399.614781,87.373161,22.761473
709.761307,403.479454,85.867661,22.742592
709.237022,402.632244,87.204636,22.692734
709.717999,402.622937,86.398567,22.486052
713.212387,398.591636,85.909225,22.384897
712.729557,397.887095,85.719276,22.109652
712.848057,394.545931,84.834160,21.929157
715.576176,389.664551,84.830406,21.932594
718.602375,385.758956,86.027306,21.753733
721.746765,379.466631,85.314682,21.466496
724.688656,373.088593,85.644630,21.262457
723.450375,372.910985,86.477318,20.773390
727.591736,361.751553,85.708557,21.758301
728.995247,351.007503,85.805557,21.213961
723.923454,342.271331,87.735931,22.152369
724.411572,340.551645,85.874626,20.994770
717.574657,339.042502,85.778755,21.955088
717.826382,339.209125,86.062737,21.377153
715.707172,343.509207,84.408791,21.851131
710.675510,344.563078,87.839775,21.958218
700.412769,349.105842,87.084740,22.321070
695.983448,350.388705,87.309196,22.728182
689.369484,350.639503,84.913910,21.773796
689.332954,350.629665,85.507645,21.320480
681.126434,345.290532,86.061707,21.852842
669.942959,334.470592,86.480309,22.089556
661.048889,326.105057,86.718704,21.640816
656.214153,320.723527,86.142723,22.517157
648.996773,319.308216,86.027664,23.149368
649.359814,318.777803,85.390205,23.063038
641.581276,318.510409,86.930222,23.497484
633.080368,319.579894,85.508240,23.592752
625.014317,316.457103,87.521629,23.894426
618.060196,315.580340,87.205795,23.734591
611.448212,311.019450,87.982758,23.125048
611.917423,310.207028,88.997643,22.991880
603.739285,308.356343,89.765038,22.844191
596.832249,303.154545,89.759682,23.639633
589.034470,300.319614,90.080627,24.323853
580.692062,293.558640,89.536377,24.294867
575.083141,290.636324,88.352913,24.437809
574.319733,291.345212,87.820496,24.235960
564.187233,290.886292,89.243805,24.531334
559.826164,290.393969,88.287537,24.613422
553.154160,291.204596,86.791748,24.478970
547.332851,290.764715,88.399879,25.277157
541.643372,293.783997,87.669678,24.678200
542.268932,293.827010,87.277107,24.551615
536.633984,297.918207,86.607445,25.492573
534.428295,303.020717,87.907280,26.183092
531.923527,308.535201,88.567375,26.754313
529.522671,314.332732,89.118370,26.568781
526.019203,320.274249,89.213379,26.000032
525.924538,320.399576,89.595749,25.648975
523.153812,328.659419,90.585793,25.743090
518.935009,334.023829,88.990776,26.021793
517.636120,343.006035,89.890877,25.593941
517.407440,350.166074,89.563354,25.678190
517.842346,356.796567,90.374786,26.408323
517.464848,356.252358,90.096581,26.085958
521.210594,363.146935,89.881454,25.895714
524.593479,367.071562,89.629143,25.771069
530.108604,370.810567,90.873428,26.339994
537.205223,370.311489,92.113113,26.014755
544.287312,371.850284,92.443993,25.896563
545.116653,372.628368,91.830078,25.717178
553.553844,369.611195,90.770393,25.903000
563.047195,366.899387,91.846710,25.721481
569.080914,360.934137,91.326256,26.148045
574.704735,357.117743,91.979553,25.431009
577.830475,354.536135,92.227051,25.613316
578.087482,355.038632,92.187965,26.088911
581.477715,351.022839,92.485275,26.349747
583.736134,348.654147,92.618492,25.612993
585.144333,346.710183,92.864792,25.976583
585.573975,340.780214,92.777969,26.173832
585.208542,338.152818,92.976746,26.181494
584.837738,337.163836,92.971268,26.461094
587.548805,334.144284,93.788925,26.174803
588.761112,328.610407,92.958199,27.390308
591.423050,325.975470,92.062271,26.943752
593.869564,325.559360,93.544121,27.349794
594.593666,327.196068,92.495926,28.414207
594.675472,327.910944,93.060493,27.625996
594.644642,334.450223,93.333092,27.484907
594.917736,339.399286,93.603935,27.903522
597.217205,346.051179,94.959160,28.593267
602.119068,350.868054,93.873238,28.791639
603.098072,352.686312,93.825478,29.642307
602.719852,352.538330,94.762825,29.040199
604.062229,352.605097,93.349586,29.893177
604.444042,353.972429,94.973656,29.283878
604.788822,355.181983,94.179665,30.103693
606.882370,357.495593,93.164536,30.958712
606.093903,366.669548,95.150711,30.377861
606.162766,366.151811,95.510849,30.683020
605.891853,371.421448,95.232849,31.739754
603.488426,381.674167,95.640289,31.525179
603.738632,389.050907,96.186142,32.878540
602.573914,400.704771,96.463028,31.699444
602.497360,411.245171,95.768143,33.009850
603.086906,411.263092,95.293121,32.485847
601.276112,422.624994,96.000923,33.224781
598.647671,432.951752,94.767387,34.038521
593.132824,442.268324,94.480736,34.102001
586.598232,450.659206,95.735771,33.634659
581.231064,456.059587,96.118698,34.714054
580.241398,456.071129,97.173378,33.728416
578.884964,461.862808,97.081558,34.838142
577.816296,459.465591,96.751152,34.695900
576.773743,456.726070,97.308243,34.480057
577.245075,456.330473,96.164192,34.284985
577.483608,457.333887,96.090752,35.101978
577.207291,457.420143,96.037857,34.552940
579.679062,457.851229,97.300308,35.523167
588.856461,460.069601,96.762894,35.029720
592.603436,459.012512,94.665642,35.051064
596.159935,458.878622,96.321259,35.300076
597.004192,459.010433,96.306877,35.193954
596.933590,459.424892,96.065178,34.786514
598.766277,461.077824,95.601738,35.707672
595.873032,463.162628,96.425034,35.116951
587.345345,464.413414,97.427704,34.272453
577.286182,462.369308,95.812508,34.214638
577.214500,462.345165,95.584747,33.873184
563.609798,459.952759,96.396873,34.188545
552.938110,458.964922,95.125595,34.734135
540.618317,461.684841,96.937241,34.207108
530.850037,461.777933,96.335403,33.765003
518.523567,460.874310,96.089233,33.859116
518.541142,461.046028,95.871071,33.570763
505.698647,460.237579,94.432678,34.341499
493.660660,463.460779,96.939346,34.739765
483.621426,466.390648,95.374199,35.414818
476.485046,469.388901,95.035172,35.793037
469.203217,471.751509,94.695694,36.098217
468.528664,472.016867,95.592651,34.781429
465.780300,473.065653,94.475090,34.740711
462.659107,474.457827,94.460243,34.867405
464.270271,474.705908,93.727966,34.977718
464.831593,477.015953,93.085060,33.868401
466.463509,479.050879,95.213562,34.139858
466.885494,479.336496,94.549553,33.224812
471.373627,479.294104,94.039444,34.267483
473.437534,481.774626,92.881813,34.549908
473.920437,480.526678,93.291069,33.099209
472.968910,479.697126,94.563354,33.095715
471.723518,475.822086,93.421295,34.025360
472.697063,475.427505,92.633812,33.695778
468.272068,469.927168,93.235237,33.370739
465.535583,464.810564,91.710739,32.611790
464.902485,459.756758,91.919655,32.716290
461.816868,456.340902,92.965767,33.021664
462.611763,453.048853,92.239532,32.924580
462.158424,452.563162,92.547638,33.100582
460.076183,447.291061,90.976738,32.793495
458.222702,441.811473,90.949081,31.657610
457.980614,435.073009,88.134979,31.892502
458.458042,431.239087,88.179329,31.790785
457.627884,429.171595,89.323746,32.858479
457.554447,429.075781,89.063301,33.343319
456.929707,432.404003,88.523293,33.130325
452.157406,436.096647,88.650688,32.925762
449.071781,441.649187,90.298225,32.204197
443.172421,443.317661,88.248619,31.692291
434.775723,442.176197,88.439934,31.051300
435.332706,442.495209,89.050728,31.898567
426.774822,443.346619,88.560646,30.734566
417.952389,446.553637,87.940575,31.105106
413.360302,452.382031,86.712334,31.439283
412.187057,458.117967,88.363724,31.485876
412.166843,463.888984,86.098457,30.866846
412.671513,464.652529,86.367043,30.682957
412.833298,467.329830,87.479843,30.737228
412.864574,470.572426,85.644371,29.676933
416.465714,472.318367,85.405380,28.445061
418.315819,472.944747,84.400284,28.399561
425.473381,469.443552,83.854263,28.867527
424.936131,469.507442,84.782814,29.447845
434.745510,459.593618,84.502220,34.478039
448.355247,456.343267,81.990295,29.836803
456.116898,444.291723,84.034103,30.897015
467.846493,431.941701,84.741142,31.338697
479.596222,417.938128,84.056564,32.084660
478.427670,418.109526,84.165215,32.370434
487.049412,408.230609,84.158882,31.736956
489.878197,399.173244,85.508331,32.769119
492.175377,400.383146,83.118286,31.147381
495.510639,398.740461,84.937630,31.309231
496.497360,398.733696,84.450027,31.339729
496.545223,398.705848,83.793358,31.490702
497.428928,398.595703,82.775673,31.167747
498.342976,397.701477,82.389885,30.551262
502.499859,390.939931,81.196724,31.002409
504.518562,389.015429,80.149155,29.680483
510.548630,384.098440,78.783768,29.893627
510.686893,383.645488,79.385979,30.521547
517.535748,382.335109,78.159676,29.167086
529.229153,380.902833,77.975594,29.770239
539.009933,380.038059,79.837952,29.951248
551.463188,378.539525,78.470901,29.789686
558.852783,381.588068,79.893768,28.975483
559.871414,381.507762,79.525833,28.107882
566.373188,382.672076,78.984108,29.366304
572.755733,388.390769,78.817924,28.949289
576.577618,395.666423,77.069328,28.718477
579.960491,398.587184,76.606544,28.475039
584.646511,405.734987,77.386131,27.404636
584.342152,405.509361,77.120583,27.973839
587.708450,412.598796,78.256744,27.536364
588.239208,420.493588,77.355003,26.509703
590.204884,430.718139,76.324348,26.667551
593.414394,438.850865,76.142830,27.170134
597.317101,448.527003,75.378159,27.138323
596.856544,447.839977,75.102081,26.477524
603.798149,456.335682,74.406555,25.853394
605.308189,460.588989,77.176010,26.062004
614.821400,461.807289,74.311897,26.513771
618.218342,462.484685,74.643394,25.957197
622.892471,463.948270,73.710144,25.447645
622.896637,464.420558,73.665558,25.289415
631.340408,464.897504,75.110428,25.807310
638.530136,466.595805,73.560944,25.194155
643.652924,466.954636,75.005615,25.681053
643.044876,465.371485,73.624435,25.220615
633.381397,462.025128,75.032600,25.121901
634.235264,461.303714,74.082664,25.164202
625.009331,458.762897,71.753922,24.571747
612.757515,455.404297,74.136795,23.953606
600.676300,453.989427,72.469772,24.687201
584.912376,449.289886,71.722809,24.624077
570.999889,443.587604,72.551811,24.902788
571.279919,442.930503,72.059547,24.523325
555.409206,437.333047,72.273079,25.118200
545.808151,430.311587,73.837860,25.542681
545.531059,422.577646,72.407013,25.401661
544.629757,415.501155,72.539452,25.909975
546.431210,404.953356,73.070351,26.063068
546.933479,405.440417,72.283752,26.104479
548.294197,396.782433,74.971054,25.882011
555.394268,390.013500,71.588402,27.486115
561.408878,384.241507,72.216362,27.875164
568.692650,380.287577,70.348343,26.953129
574.314316,377.838404,71.357025,26.140385
573.987530,377.384464,72.156136,27.235138
579.366505,374.336652,70.666130,27.767408
585.645603,372.228765,69.986275,27.374264
588.537247,370.843492,69.615784,29.409140
592.784420,369.738868,68.002068,29.318705
593.280605,368.393599,68.961678,27.889050
593.218475,367.871113,69.155273,28.937424
596.476143,365.388781,69.654846,29.505161
602.199139,360.528322,67.313103,29.761234
607.552639,355.659596,65.902931,31.817823
610.561871,354.662605,67.413612,32.407265
616.683060,351.712276,65.278900,32.019073
616.248810,352.003807,65.305618,32.254601
619.804817,348.863308,67.275940,33.574448
624.979355,343.465790,65.752548,34.595940
627.002403,340.623402,67.224411,33.939728
625.727112,336.849438,64.137390,35.046722
623.348495,331.858217,61.807358,35.935825
623.283030,331.569796,62.270061,35.376987
615.007601,328.214724,62.357006,36.468555
602.506388,328.916805,61.778866,36.942932
591.693104,335.578030,61.184349,36.441330
583.164083,342.505178,58.424824,37.628139
575.576155,351.590654,57.830357,38.558552
575.787674,352.425640,57.750977,38.111877
569.399773,361.926161,57.465103,39.593868
565.757973,369.124472,56.481247,39.714779
566.044872,375.034784,55.618019,39.576435
568.891472,376.386448,54.801620,39.347763
571.233818,376.815834,53.700333,39.755867
571.432701,377.018492,53.684326,39.634518
575.386078,376.392639,52.429031,40.518791
579.862265,375.663643,51.747272,41.117821
584.950422,375.981565,52.412556,41.001949
591.370770,377.512789,50.241615,41.745869
599.255142,377.596567,49.947922,41.687199
599.082552,377.438416,49.878582,41.813820
600.314781,374.634293,49.613297,41.563637
594.759052,375.030594,48.901268,41.641823
587.021973,369.859158,50.693741,43.062302
579.682119,368.051596,49.427433,42.651485
573.566160,367.637171,47.912693,43.356998
572.524590,367.550354,48.330673,43.716667
565.111589,368.225338,48.853451,46.011734
559.302240,372.984493,47.132900,42.700211
552.997341,373.797550,45.768684,43.621979
546.436455,378.242579,46.748840,43.637699
544.073988,381.058435,44.840305,43.297718
544.019089,380.773727,45.520889,44.093391
542.116085,385.282782,45.228630,43.948376
542.209349,385.407534,44.809010,44.338642
544.587120,386.041157,45.249741,43.792328
547.685385,385.694674,45.041569,44.414295
551.529091,382.828024,42.014465,44.367931
550.883085,382.297604,42.008961,45.015762
556.028923,383.410633,43.015900,43.404266
559.558249,382.960020,42.201649,43.835995
560.655361,385.044762,42.919319,43.012169
561.872841,386.366491,42.078171,44.417919
566.339966,388.563728,40.915085,42.991188
565.794451,388.561275,40.621960,43.310516
568.050573,388.753613,40.352421,43.452530
575.143126,392.081598,40.044514,41.037525
576.268185,394.926338,39.969063,40.698692
578.231859,400.112638,39.528454,38.545223
582.038202,407.793081,39.346569,36.695187
582.094704,407.097984,39.295731,37.537331
580.196959,413.527290,41.917667,37.649544
574.315929,417.048853,40.454933,36.932575
568.208412,419.898113,40.854340,35.364761
564.670254,420.702728,41.211952,36.395058
554.627850,422.821142,41.478188,36.292858
555.637758,422.573286,40.349957,36.307751
546.450710,422.664917,41.182854,33.616676
540.151276,423.088531,41.428528,33.017662
535.770796,423.279905,39.563541,32.030743
526.741901,424.199356,39.633537,32.375587
518.947309,429.577015,39.105961,30.979691
519.850279,428.411536,38.765903,31.009211
521.118349,431.882133,39.924831,31.292610
523.912291,436.853322,39.391041,30.692396
527.729771,437.941546,39.649712,31.994280
531.185074,442.672912,39.979813,29.805063
531.731169,441.933811,38.079929,30.105591
539.743942,444.725467,36.539764,28.001818
549.992062,448.270439,33.385597,24.418617
559.340144,450.247534,31.998728,22.904049
564.533747,447.752769,32.650875,22.988335
566.434319,442.895385,35.340027,25.149393
566.189476,444.179041,36.060837,25.057377
566.560509,439.926224,33.445969,23.111168
567.662458,440.583714,32.541233,21.812851
564.245974,436.642868,33.957241,21.427521
556.424276,432.105748,35.500355,20.676626
550.345016,428.714825,34.852516,19.786049
550.686270,428.500060,33.883404,19.480928
540.558151,422.621778,33.048698,18.245075
526.529602,412.361077,39.262314,20.392759
520.181303,407.819187,33.726254,18.765434
516.537352,408.086505,35.488506,17.659311
514.189871,407.111311,35.184948,17.209934
513.726553,407.006406,35.450077,17.607786
510.756992,408.141751,34.510086,17.254911
506.666456,411.266993,37.083401,16.681492
510.015944,414.772417,34.573971,15.153813
510.048031,417.699646,34.894760,14.547844
513.273561,418.710287,36.277065,15.296368
513.330593,417.817578,36.706673,16.071394
517.050459,411.872461,36.517719,22.292927
520.097685,417.883983,38.197208,17.213839
522.573387,418.357224,40.792969,15.179572
532.550234,417.927047,36.847759,13.467294
536.094072,407.862926,40.513500,17.544901
536.788860,408.896684,40.946953,16.784300
537.739389,402.173146,44.800808,17.673597
541.300634,392.943268,41.641636,17.944862
540.644268,387.214720,44.754494,13.222095
540.812849,375.455403,47.035168,16.970297
536.874212,368.065562,49.046444,20.679468
537.514034,368.960913,49.083923,19.969120
528.629841,360.999799,47.103470,21.084234
530.171244,360.846675,47.922474,18.104761
529.758034,359.914815,49.934731,18.056265
530.484261,354.457961,50.548286,22.165010
530.388062,352.253979,51.647957,22.050484
530.107151,352.790131,51.924423,21.696411
528.591564,352.218295,52.783539,21.547922
530.708330,352.419198,51.315937,19.531950
534.286093,345.278768,49.448101,22.873205
539.058067,344.981196,49.420204,20.931192
545.765194,344.581553,52.056335,20.235531
545.514174,344.892318,51.943874,20.258364
553.355864,344.430036,51.333370,22.250616
561.577084,347.057476,52.774429,24.878792
578.116823,358.229502,52.625492,22.169323
602.786736,366.424159,52.440178,21.205606
620.725702,368.969075,57.478672,25.337378
621.534170,370.297643,56.909206,24.200323
633.121210,375.606718,56.246235,22.780781
645.491367,377.391696,56.551880,22.764017
649.024004,376.582350,60.258701,22.251804
646.716644,371.577151,59.836845,19.165949
638.978170,362.364802,57.283978,17.859720
639.387598,361.861052,57.131596,18.702503
629.804541,347.563746,57.551937,20.693811
621.902325,337.121719,57.623764,19.116089
603.146206,326.660735,59.200378,16.933382
593.815247,320.297364,57.402794,16.800688
576.035875,311.315377,62.184254,18.645796
576.057413,311.680370,62.075291,18.715034
565.179121,308.835397,60.543255,18.110121
556.124603,305.798091,61.665733,18.425104
551.227602,304.572946,63.089710,19.326033
550.074097,309.450646,66.131310,19.523039
555.349228,313.861711,68.182228,20.124647
555.071556,313.120950,68.695229,20.311995
562.980686,313.308300,65.518127,22.787331
566.526146,320.315625,64.527168,20.854834
569.451771,321.243225,67.425659,20.524078
573.014397,324.085187,67.361061,22.456747
578.598400,326.248589,68.622101,22.257324
578.619633,326.967113,67.766708,21.844248
583.003288,329.816592,69.546303,23.011805
586.617683,330.500245,69.497551,22.451124
589.351154,334.410855,70.648499,22.311407
592.987041,337.814343,69.348221,22.807013
596.860222,341.303249,70.120750,21.761421
596.414185,341.962284,69.762672,21.250526
596.992081,340.687720,71.955711,22.118731
592.727631,337.071980,71.808235,22.800665
587.463066,330.743668,72.131966,24.295990
583.012814,320.136570,71.093094,23.418831
579.378540,306.394779,72.676323,22.704414
579.352409,305.173429,72.945015,23.215351
574.043812,290.761358,73.788162,24.272312
567.660961,282.106132,70.917770,25.527102
555.572189,278.458845,74.857704,24.013386
545.473415,279.351892,74.604614,23.808041
540.760914,280.091638,73.193420,23.831984
539.857399,280.130252,73.161720,23.516581
