482.000000,183.000000,720.000000,466.000000
473.101440,179.518082,717.698486,470.039764
484.751587,180.206818,704.813721,471.426697
487.949677,183.633743,702.806946,465.515472
482.290771,182.777145,712.976318,462.763092
484.314514,183.138718,706.375366,462.827057
482.286652,184.320572,707.340515,457.496307
478.853058,187.730896,711.059998,449.567017
473.458801,188.349991,720.522827,450.503387
476.427246,187.375671,710.241455,447.376099
468.431549,185.886261,721.103210,447.578308
471.141174,184.225403,716.772827,445.052612
471.340729,183.381012,710.278992,447.414490
464.529846,181.276245,717.219849,446.855225
461.624939,182.003998,716.912231,445.458557
460.738251,176.364197,716.258118,443.101685
462.352386,176.733917,707.197815,449.870056
449.764862,177.241455,725.243225,441.330811
453.326630,170.922592,714.995178,450.339142
456.945343,165.335968,712.489929,454.177917
450.813629,172.963348,716.626892,447.728088
449.728577,168.150803,717.111206,449.808746
453.575287,162.685379,709.958313,466.749359
455.074493,158.690262,701.890076,468.505951
453.690765,157.262665,704.013489,459.863098
446.293365,153.762650,710.656189,460.341156
443.075226,147.994308,709.980652,466.015289
442.947601,144.940750,706.941711,469.499603
442.787415,145.835663,702.658081,469.789124
442.711823,141.602341,705.759216,470.002350
431.408264,137.087143,709.601196,473.489288
435.961121,130.436966,703.947144,477.510590
430.299286,128.149094,709.301819,482.054108
423.500488,120.785599,712.377930,483.224213
429.094543,112.955994,704.643677,489.261841
426.103485,100.555206,706.429260,495.199890
429.985565,94.644287,696.428528,506.033203
425.183685,90.953964,699.021301,507.004669
426.828827,87.206512,697.758606,510.829407
430.772491,82.991211,687.654236,509.850098
428.921814,77.034210,685.442749,520.159607
428.957367,68.656860,680.801575,529.788086
423.740692,63.816742,691.775208,534.312561
415.761414,68.013245,696.437134,531.006958
418.139618,64.162140,692.476868,534.628357
415.736908,56.637573,693.815002,543.998779
413.982208,49.320862,691.562195,550.199097
423.577148,47.429169,685.942627,550.889221
424.244080,44.853943,680.407104,550.891724
424.743256,48.530426,688.379700,545.513123
427.372375,45.566681,683.878784,558.599304
429.412354,42.221008,681.739258,549.382690
428.469208,38.608734,688.860901,551.983459
432.382050,36.666626,681.868713,554.211182
437.854980,34.305328,676.291748,558.782410
438.875977,38.122192,679.330078,558.236084
437.061066,37.527863,681.775330,550.064148
438.311646,33.587921,680.771729,559.979431
435.909088,34.059723,684.420349,558.240662
434.240326,35.453094,687.581360,552.728333
432.690796,38.408112,690.402344,551.857849
433.550903,33.416260,686.660889,555.979492
428.444946,34.711365,693.435547,552.606812
428.547424,30.456665,690.181274,551.004883
435.914124,35.585938,679.835327,546.129150
433.196777,31.823547,686.318848,546.607056
434.528931,31.898468,684.675293,551.946960
432.461884,29.864227,685.975647,552.955872
439.827332,32.813110,681.549438,556.003906
435.489319,38.181396,686.928833,551.870605
434.169189,39.240509,693.095215,553.592468
436.468384,34.411438,684.845459,556.533813
437.479675,28.039185,684.927856,564.386963
438.945038,26.797272,687.541077,564.968933
437.598846,19.385925,687.856995,572.823608
436.997375,20.576782,690.329712,567.719238
443.147339,15.770111,685.724121,567.843811
447.449066,16.682129,682.118713,563.550537
444.644531,13.337494,688.673828,555.590393
443.457397,16.744171,693.092041,550.417175
444.314667,15.588959,690.452942,550.046204
447.487671,16.085815,688.914062,552.855957
452.213837,16.814026,683.755676,550.219116
450.308685,14.749969,687.533997,546.554749
446.271790,16.617950,691.567261,548.572693
451.826447,19.557404,686.937683,562.773376
448.853851,8.286560,691.584045,579.670288
448.191345,17.654541,693.007935,569.991455
450.808594,8.937866,688.627197,583.046875
449.794525,17.167450,694.365051,573.820862
445.755768,13.832397,698.989929,576.119873
438.553497,23.767517,705.041443,566.919312
445.377075,20.075897,696.163330,568.242493
434.780090,16.033051,711.720825,573.057678
447.978912,25.341553,692.104919,564.794434
442.996826,17.759338,702.095459,563.753540
434.942322,20.838684,704.722046,559.344360
440.147675,24.840393,698.923645,558.624878
444.278137,19.290161,696.965698,564.536133
444.263123,19.413391,700.157837,557.692017
439.874664,21.144806,702.533875,551.987488
440.605713,28.322174,702.479492,541.258240
441.631134,21.069397,699.167175,544.768433
442.993988,26.810394,695.015686,535.256653
440.927979,15.687927,697.026611,545.041870
435.155701,19.989166,702.228149,553.220154
436.581818,17.490234,698.741150,558.652344
429.198578,18.640594,706.782043,571.843811
433.414215,7.276123,704.229187,566.891846
435.913177,10.757294,699.007874,564.139221
440.431976,8.852722,693.081604,563.890503
438.724701,7.185608,697.408508,566.198120
441.454926,5.926453,694.346008,575.034546
437.859924,4.269897,692.102173,565.169189
444.475555,6.319061,681.382629,559.814514
445.557648,0.103607,679.382996,572.171448
457.206024,6.184845,670.409241,562.738953
459.916290,5.155121,667.380066,563.082825
456.198059,2.876190,669.830933,566.814758
461.628174,0.388245,663.288574,572.226196
467.214264,0.000000,657.945496,580.503052
468.369904,1.891998,655.701843,578.579407
469.944916,0.000000,655.707581,582.149078
472.135864,3.884048,652.260986,581.139526
471.495728,0.773666,654.756592,579.143494
476.602692,2.279739,648.681580,587.928955
475.357635,0.364365,654.857239,588.948425
474.301849,2.612228,654.521545,589.132874
471.991455,0.000000,656.812012,591.504745
471.858643,5.522545,657.274170,586.695984
479.566742,2.025719,647.276672,591.442322
475.014893,3.360252,652.742676,587.586487
478.951782,2.326714,649.117676,591.432373
470.406464,5.507744,659.330872,593.830811
467.219666,6.426720,664.277954,591.435486
472.334442,3.311668,659.436584,591.902161
475.556000,2.796898,655.305237,595.647522
480.305939,3.246941,652.401306,584.184937
475.376617,4.310661,655.415222,578.137329
475.354340,6.080650,654.920227,574.676453
472.490845,5.562340,660.859619,569.796570
476.150940,6.983330,653.058960,567.080566
478.717926,6.950523,650.724548,571.228943
481.088226,6.183189,649.360413,564.731873
474.458313,6.838524,653.316528,564.635559
476.801086,7.920525,651.354126,572.021362
477.651855,7.594872,653.516357,575.729309
470.844147,6.683830,659.211853,577.510864
468.781342,4.829613,662.896301,577.273254
465.992737,12.523521,663.606323,588.053406
466.850800,7.049889,661.934631,590.861267
459.237152,6.187248,673.838196,586.921997
451.324310,11.563499,678.817200,589.436096
450.331329,11.387016,680.592712,588.388672
442.211426,11.871910,689.037598,588.260681
446.868347,12.432152,681.877808,583.979797
434.175659,10.808586,694.626709,585.722046
435.038635,11.877312,696.054077,581.877319
434.196228,17.526970,696.234009,578.367065
428.528351,9.675804,702.572205,591.819641
428.429626,18.239891,700.699097,591.169006
427.949585,13.028038,701.312744,597.902283
418.278931,9.051201,705.083984,594.696777
434.407349,18.552971,693.212158,589.566040
428.341888,13.382866,694.440247,591.038086
435.958618,13.345909,689.025391,589.494324
436.914398,6.411736,685.548645,596.844849
429.046753,14.864708,695.107422,586.344666
433.875885,7.412468,690.079285,595.850708
427.608002,15.054344,693.824280,591.164124
425.146362,14.044121,693.370117,584.237549
419.481689,15.951897,698.035156,581.418091
422.888367,8.457329,692.144897,584.457275
407.533752,17.600822,704.710327,576.162231
421.147552,12.264915,690.524719,578.095520
409.231659,16.570671,698.628723,573.117310
408.188110,14.587120,699.256592,572.154968
401.863983,17.781242,701.505432,575.709595
409.975739,11.072624,691.734070,579.132446
402.851105,21.870659,696.525330,572.044434
409.977600,14.172905,691.056030,574.632568
404.173035,12.122887,693.083374,580.182312
404.106384,11.370750,695.124390,571.466614
395.308777,16.780418,709.499634,566.475891
399.040039,10.604149,701.181641,572.259338
400.172150,9.082207,698.593201,573.045410
400.964417,10.058128,701.445435,568.855286
399.161926,15.000908,698.703247,555.144775
395.738464,11.402397,704.412476,555.398193
412.950989,11.630058,688.368530,561.768066
405.266083,9.903069,693.602356,563.678589
389.732391,9.193504,711.751038,570.413147
389.985443,8.035027,715.268127,578.267944
406.505310,6.649803,696.749146,563.019348
407.134674,6.941917,695.670593,563.074036
403.313232,8.822014,695.584717,562.036499
402.525879,5.386070,695.582275,563.477722
389.844116,9.571709,703.463379,563.296875
413.035034,8.876152,675.927734,558.552246
398.559967,7.715752,697.208435,568.406250
405.413605,8.902153,686.020203,571.003418
402.523926,7.018639,684.771729,569.939148
394.986786,9.253868,694.223450,566.561951
391.693390,9.090294,695.345642,575.140808
391.291931,8.133049,690.030151,579.168579
406.004028,6.971397,679.320801,583.732849
413.337250,10.218590,674.666321,579.237000
408.284973,9.373405,681.703491,582.517700
414.714966,7.466026,675.689209,579.347107
412.520203,13.882500,678.072876,581.531494
410.136261,11.652275,679.878845,571.992188
411.343597,19.410728,676.990784,562.724060
410.899384,16.378014,676.623840,572.039490
406.880554,17.133385,681.937622,567.546570
408.860474,20.699791,679.278809,563.138855
406.506348,15.530235,687.576660,568.149597
409.030121,18.171562,688.104553,569.685547
405.552856,18.951134,693.270752,571.138123
406.907623,18.153648,697.304382,569.470398
415.902100,22.863609,691.642822,561.628113
417.082672,27.857140,694.313171,571.548035
411.534454,37.329460,705.941589,558.821167
416.173981,30.458427,707.024109,581.499023
423.637634,31.037041,702.234253,584.011963
420.307159,29.981499,708.693787,588.074219
429.422119,34.293877,704.349365,578.719238
430.189911,29.160881,707.607483,588.003784
425.849457,39.160240,714.237610,576.659119
428.233337,29.790489,717.754028,593.655701
430.834900,30.192253,717.652710,601.073608
433.453644,19.809502,713.927429,594.181152
418.652496,26.446983,730.008972,602.980164
430.425415,17.977165,719.857422,593.172241
431.996368,21.873192,714.282898,591.675842
434.590881,18.292076,712.323853,591.818542
438.235687,16.861198,708.146545,589.078491
430.277435,14.932640,715.653381,587.268372
431.208344,13.083153,712.502014,582.638489
434.086365,18.296257,708.945679,572.565796
430.996918,15.526329,709.347961,572.221863
431.957550,21.043327,708.242371,569.784302
425.721008,14.570915,719.108765,577.335571
426.108704,16.493553,719.673218,577.455872
422.191528,10.276939,723.634766,588.081970
417.379517,11.310722,731.910156,583.949951
423.796631,9.536339,725.514160,596.549988
423.028748,4.370049,725.284790,602.480469
425.979828,7.634819,729.710510,599.235840
423.670319,6.948082,738.303162,606.149109
415.861633,5.924889,748.287964,609.834656
414.303345,4.522392,751.998047,611.869629
405.177368,1.723137,765.112305,619.128052
405.956329,0.000000,769.911072,637.461388
407.421326,0.489880,771.301147,631.527283
408.596924,2.399853,767.638184,628.223206
412.708069,2.352154,774.373657,619.654297
419.205872,0.543072,770.783813,617.595703
417.853455,2.972668,775.163940,615.462097
425.051575,0.932690,778.217896,609.458069
435.033844,7.887524,784.885193,598.601624
447.618835,3.107464,786.814331,602.091675
460.131165,5.822948,782.408081,606.306213
468.201233,1.804760,779.937866,604.148987
473.210968,4.621014,770.588074,610.821899
468.846893,2.745373,779.569641,615.763611
467.401062,3.843151,780.322632,617.963318
474.884094,2.922344,780.005249,617.755371
474.216431,5.806713,788.318848,616.405823
473.715271,6.458294,793.270874,614.902222
481.589050,7.402203,780.339722,627.079102
473.039246,10.521954,795.067749,615.533691
504.446808,7.478802,761.837585,619.688599
506.440765,7.239574,769.213196,621.491028
512.099243,7.359966,761.184326,614.443359
521.352203,2.951580,749.957947,623.656372
514.425323,0.576214,762.570984,632.867310
522.054291,1.220531,750.212463,637.402649
517.435822,0.000000,753.374939,638.586864
513.060394,0.390814,758.576477,639.798401
494.362946,5.417791,785.637054,652.587219
482.714828,0.000000,793.849060,661.493780
464.372726,0.000000,807.338440,667.348941
449.523117,2.199434,825.336975,674.717163
441.567032,2.078249,833.856323,684.938782
436.070267,5.966951,841.059814,677.065430
433.118179,5.544984,840.519897,674.760681
427.190231,7.260103,843.085022,670.014526
424.240341,4.774141,851.392273,671.047241
420.555527,0.143465,847.954773,673.479248
416.989914,3.676546,856.904602,668.714600
419.166885,0.000000,856.238892,671.087648
410.676987,2.980866,855.550720,674.934509
408.456833,0.000000,863.603333,665.514313
417.665817,0.000000,854.505432,653.013291
413.830338,0.000000,858.695679,657.364678
408.001175,0.000000,863.547607,675.184811
408.438370,0.000000,868.315308,658.869810
412.361191,0.000000,863.083679,656.498900
407.068069,0.000000,867.877930,659.950225
420.289413,0.000000,854.643005,660.890884
420.009354,0.000000,858.141113,664.663002
420.574081,0.000000,848.408630,669.849567
418.039536,0.000000,859.190125,662.525919
426.801041,0.000000,852.602417,671.054921
430.499252,0.000000,843.957214,676.512965
430.255753,0.000000,842.877075,688.730573
427.227036,0.000000,849.392273,687.598654
430.642807,0.000000,847.241638,689.876293
428.777786,0.000000,851.222214,693.263647
414.846687,0.000000,857.116394,699.907824
412.397377,0.000000,862.642456,699.112573
400.031166,0.000000,875.220825,688.115796
396.622108,0.000000,874.925903,688.532324
391.454903,0.281757,888.545097,684.376526
393.044010,0.000000,878.024597,674.702686
395.583378,0.000000,878.870178,672.979822
385.483677,0.000000,891.588135,661.219464
397.953953,0.000000,874.669067,666.128256
390.692265,0.000000,883.562317,658.428111
387.034885,0.000000,890.003540,661.869665
387.778660,0.000000,885.618774,678.425341
380.932743,0.000000,894.249573,669.041498
353.361790,0.000000,917.272827,683.943509
333.295139,0.000000,940.517456,680.351851
322.428379,0.000000,942.988281,682.985404
320.467442,0.000000,941.993652,688.047451
317.475742,0.000000,943.192383,677.825056
316.573673,0.000000,940.601013,679.455680
319.186008,0.000000,934.107300,686.291591
319.426914,0.179395,934.224121,686.658630
321.192051,0.000000,935.349121,688.009016
320.270451,0.000000,938.677429,680.500968
318.827793,0.000000,943.586670,688.287166
318.928501,0.000000,943.873291,689.974607
321.648991,0.000000,945.925232,689.824675
322.824802,0.000000,940.901489,693.899826
320.756107,0.000000,944.208557,686.983024
327.626072,0.000000,943.883179,667.106838
333.837955,0.000000,941.237244,655.628584
354.937412,0.000000,920.347900,653.034873
353.538059,0.000000,915.352661,650.583324
355.751774,0.000000,920.007507,659.314214
362.393253,0.000000,911.575134,651.211886
381.922367,0.000000,892.100403,667.052507
410.004551,0.000000,863.123047,683.934884
430.758244,0.000000,841.086121,683.271885
454.862705,0.000000,820.293457,676.713000
454.549412,0.000000,825.450588,697.530847
464.607286,0.000000,814.446899,679.754345
468.546068,0.000000,807.127930,677.116308
468.842638,0.000000,805.032593,675.262866
478.695177,0.000000,792.964722,664.491998
488.226885,0.000000,790.336609,681.525998
484.970812,0.000000,795.029188,651.849516
485.110559,0.000000,788.724792,666.771102
502.312921,0.000000,770.828125,646.422691
500.984582,0.000000,770.270203,653.186931
507.754601,0.000000,763.024109,659.653280
505.068627,0.000000,770.324280,633.246379
508.736108,0.000000,771.045715,638.651388
516.968926,0.000000,757.593750,639.256388
513.012414,0.000000,759.758972,611.245565
523.132257,0.000000,750.773682,631.543864
522.502343,0.000000,748.313049,599.593038
528.219110,0.000000,750.194946,597.420359
527.588189,0.000000,752.266357,585.159917
524.007043,0.000000,752.502625,584.444247
522.593896,0.000000,757.406104,609.068925
526.061566,0.000000,753.938434,609.620248
527.160818,0.000000,751.504822,609.110173
526.423666,0.000000,753.576334,602.978640
516.827983,0.000000,763.172017,605.733277
514.231191,0.000000,765.359253,608.119416
507.811544,0.000000,772.188456,586.235214
507.198222,0.000000,772.801778,600.657097
500.730337,0.313656,775.652344,600.461426
501.087636,0.747280,778.912364,604.420837
498.922053,2.620846,777.402710,604.544556
502.056422,0.758450,777.932068,619.654602
501.883204,0.000000,778.051453,621.391110
500.301142,0.000000,779.670166,615.541349
500.869746,3.024337,777.888428,614.880615
497.358058,0.000000,780.532410,620.401198
488.645777,0.000000,788.316345,624.365455
488.085871,0.000000,785.839233,627.946613
489.042872,0.000000,784.938171,627.635324
486.114039,0.000000,788.593201,625.197911
485.750117,0.000000,786.835938,627.714922
488.211543,0.000000,783.613770,623.952798
488.062678,0.000000,784.499878,642.653920
480.098780,0.000000,798.114441,629.766779
480.620845,0.661710,796.947266,620.882568
493.357447,0.008725,778.432312,623.215393
493.725642,0.000000,776.165161,637.616208
498.228724,0.000000,778.539856,632.268736
499.269099,0.000000,780.081665,623.703521
519.248774,0.000000,758.715576,620.866134
519.107844,0.000000,750.947632,617.965996
516.185176,0.000000,759.050293,619.273952
517.695674,0.000000,761.317627,600.683546
528.362208,0.095588,748.414001,587.749451
534.533473,0.000000,739.402527,598.826270
532.505305,0.000000,742.893188,600.508777
529.267695,0.000000,747.559082,596.518610
526.327967,0.000000,751.701233,593.462918
527.045710,0.000000,750.274048,591.122115
527.258692,0.000000,747.420593,592.598441
524.339076,0.000000,749.457825,596.718837
522.684840,0.000000,749.966736,593.145460
527.866969,0.545142,751.883728,603.746094
530.327693,0.000000,749.672307,603.045173
533.627836,0.000000,746.372164,597.181339
527.979384,0.000000,752.020616,589.171877
522.251319,0.000000,753.980652,594.701661
521.826820,0.000000,753.304749,590.157624
530.937812,0.000000,749.062188,600.910385
532.055790,0.000000,747.944210,603.583977
538.469515,0.000000,741.530485,599.902462
537.208665,0.000000,735.420349,605.580809
538.905106,0.000000,740.185425,604.788665
536.416276,0.000000,735.726807,612.826919
533.431321,0.000000,746.032166,625.136787
526.647569,0.000000,751.698303,613.392551
520.310471,0.000000,758.945496,629.532274
529.881944,0.000000,746.388245,621.329492
522.777574,0.000000,750.379456,628.116742
525.886216,0.000000,754.113784,630.446676
525.819695,0.000000,750.425781,624.788127
527.188317,0.000000,745.396545,612.904684
529.052208,0.000000,748.910217,602.912333
533.447411,0.000000,744.530212,610.120870
535.248711,0.000000,735.671997,615.670024
545.935845,0.000000,733.834351,607.594655
551.701775,0.000000,723.379150,625.605097
552.087182,0.000000,726.149109,620.730069
554.266716,0.000000,724.719727,619.804579
555.062645,0.000000,724.937355,625.490089
559.820996,0.000000,713.215820,618.288746
557.174694,0.000000,720.059692,611.888361
558.588970,0.000000,718.931091,609.989743
554.957104,0.000000,722.215088,606.528685
553.386364,0.000000,721.776978,611.460265
551.229534,0.000000,724.507874,614.048004
554.379803,0.000000,721.846252,610.878280
544.024182,0.000000,732.345337,620.100700
553.167492,0.000000,723.768433,626.226223
550.511791,0.000000,729.488209,626.341169
553.314703,0.000000,721.348206,615.323752
552.818274,0.000000,724.224854,616.204265
549.264044,0.000000,728.575012,618.797018
547.292547,0.918681,731.670593,618.084167
549.820685,0.000000,728.560608,631.493632
541.712011,0.000000,732.061157,619.449636
535.453344,0.000000,738.514526,634.989375
535.495337,0.000000,741.111450,624.589231
530.779486,0.000000,743.512634,617.778746
533.518683,0.000000,746.481317,617.952026
534.988345,0.000000,740.155762,623.200500
528.007968,0.000000,745.883850,620.580932
528.937869,0.000000,751.062131,623.660034
527.161775,0.000000,747.725891,607.819794
519.798189,0.000000,756.327576,615.220688
520.715669,0.000000,758.041931,614.798302
519.617891,0.000000,760.382109,607.770458
518.705643,0.000000,761.294357,597.918371
515.206856,0.000000,761.688904,612.869525
510.728707,0.000000,767.096619,622.756845
510.732186,0.000000,769.267814,613.225713
511.948948,0.000000,768.051052,617.310336
510.396990,0.000000,769.603010,619.303819
511.720193,0.000000,768.279807,605.635735
505.430958,0.000000,771.534058,607.401058
502.338093,0.000000,772.224426,616.075987
497.543324,0.000000,776.751465,617.470672
492.491200,0.000000,779.788818,624.822128
495.962300,0.000000,777.350525,623.056083
501.404957,0.000000,773.207642,636.042049
506.494130,0.000000,773.505870,634.955809
504.998072,0.000000,768.866882,623.880370
514.812495,0.000000,761.968994,623.040618
513.211909,0.000000,766.788091,627.929580
505.941404,0.000000,768.227051,652.112862
510.085233,0.000000,765.815613,635.227024
507.915403,0.000000,764.853516,647.919023
514.313169,0.000000,760.429565,638.287148
517.876889,0.000000,755.944214,632.363362
521.514737,0.000000,757.674622,641.049113
517.997525,0.000000,761.543274,628.052755
512.367734,0.000000,762.624146,621.316416
507.499936,0.000000,770.917603,637.263860
509.314206,0.000000,766.806641,624.488558
504.170102,0.000000,775.293579,633.017747
503.971952,0.000000,768.960144,639.625359
509.334043,0.000000,770.665957,639.154080
505.070647,0.000000,771.827759,625.497938
508.534148,0.000000,769.500854,646.800452
518.745757,0.000000,758.929199,661.091388
517.298705,0.000000,757.390198,634.279398
521.163695,0.000000,751.883118,653.761830
526.215758,0.000000,752.179871,660.773920
517.282591,0.000000,759.455139,655.536527
522.745574,0.000000,757.254426,656.522017
516.622787,0.000000,758.847168,651.417869
519.650192,0.000000,758.962524,671.262828
529.614578,0.000000,749.027649,653.558203
522.280654,0.000000,754.083923,644.280078
522.417403,0.000000,756.882446,664.742700
533.463027,0.000000,742.967224,644.009320
524.182296,0.000000,755.817704,663.760916
526.685417,0.000000,751.058289,637.882930
512.020836,0.000000,766.176270,644.024076
513.838890,0.000000,762.171265,654.005019
508.475822,0.000000,768.001160,682.639228
511.324180,0.000000,763.720459,676.582309
510.843406,0.000000,762.856079,670.807207
516.677482,0.000000,762.879822,683.036874
529.481926,0.000000,750.518074,690.957036
530.995052,0.000000,744.377808,670.118929
528.135830,0.000000,748.839905,687.552934
520.577938,0.000000,759.422062,690.278237
521.419523,0.000000,753.045288,686.942860
523.999235,0.000000,753.039673,685.563654
522.057707,0.000000,757.942293,698.019956
517.896010,0.000000,757.267151,652.613555
507.725020,0.000000,772.274980,678.836959
520.556968,0.000000,757.272949,691.186882
522.798545,0.000000,757.201455,694.317776
529.309215,0.000000,744.384949,693.594587
532.268200,0.000000,747.731800,693.486747
529.684942,0.000000,746.484497,692.589260
524.738195,0.000000,749.043030,692.910261
522.969671,0.000000,757.030329,696.485038
518.410006,0.000000,759.731689,697.989437
513.165164,0.000000,764.511414,704.275968
523.226809,0.000000,751.555847,708.131087
518.248935,2.307517,756.963013,704.398132
517.048922,0.845054,757.561768,699.923645
523.867251,1.535697,756.132749,695.908325
528.952119,0.919486,746.899048,701.164429
530.246614,5.667503,745.458984,695.519714
539.920259,9.907493,736.207642,688.194763
544.999116,13.600028,733.265015,685.821411
534.991182,18.893791,745.008818,682.250244
543.758744,18.101341,734.375793,680.882019
546.554734,17.791953,732.617310,677.053528
548.606187,31.824760,729.550781,664.586304
531.357529,18.958671,748.642471,686.007446
530.992516,21.487754,746.821228,678.087708
533.602532,22.953575,746.397468,678.140198
533.239010,25.671348,742.131592,675.757629
533.487057,30.979362,744.932861,673.907959
538.008999,33.138297,741.991001,670.177979
531.472731,29.558250,748.527269,674.466980
528.476234,31.198844,751.523766,671.617920
522.484394,34.049400,757.410278,666.696594
532.162006,35.352561,744.669312,664.406189
536.449207,36.517448,740.962830,659.937744
541.802631,45.233665,737.129761,658.615173
543.638538,43.653434,735.831970,669.354980
536.117908,46.212425,736.709167,653.283630
539.700824,45.053214,740.299176,665.868164
548.251962,52.251823,731.748038,645.782227
528.573674,42.833122,749.294067,660.852295
546.027257,55.480491,730.931091,635.632751
525.965367,53.964256,753.588806,651.341736
556.676854,61.550712,716.350159,641.826782
540.476445,53.632896,734.163086,655.564026
539.474065,70.049400,736.301147,631.107239
546.212651,61.019676,732.881348,641.316589
526.317296,70.988090,751.255798,625.922729
533.180943,70.987876,742.762390,626.465637
528.070317,70.118034,749.232666,626.593750
520.001134,73.450096,756.483337,623.125671
522.002721,74.391746,753.154480,620.653992
513.304753,74.693443,766.695247,628.048157
513.454623,73.644004,761.619873,620.954651
511.804568,74.407371,768.195432,628.437927
517.857087,74.401115,756.935852,623.633301
508.800630,77.506126,771.199370,628.128113
495.627091,73.754630,780.069153,633.979004
493.360795,77.750022,786.639205,629.952576
482.671486,79.275993,797.328514,633.893555
488.077259,72.484641,791.922741,634.457703
486.981714,76.366813,793.018286,632.291992
490.599530,73.320396,789.400470,635.033264
478.139487,70.459007,801.860513,639.448181
489.605205,71.932853,790.394795,626.379639
479.330648,63.068107,800.544250,638.900879
470.959554,68.795677,809.040446,634.579529
462.153239,57.638450,816.942139,649.665222
493.924174,51.171592,784.739868,658.657288
468.391093,49.257530,809.352417,655.110901
471.188182,42.832725,808.811818,662.076721
478.870000,44.539878,794.569275,658.078430
485.545720,42.301505,794.454280,667.696289
475.636782,39.795982,803.822449,666.103333
458.993624,41.802299,816.365601,663.356812
447.161105,39.731224,832.838895,669.394714
472.702196,50.943656,807.297804,663.371948
447.616997,40.348716,826.767517,664.927307
440.920617,40.091209,837.971069,673.446472
425.002343,39.213890,854.997657,663.680359
431.109845,35.368705,844.479187,674.246948
428.146191,31.886955,850.023438,668.878906
431.307995,23.528465,844.282593,682.460388
426.876690,24.940818,851.218201,682.939148
425.964733,25.608268,854.035267,684.587402
423.253241,26.486808,856.746759,677.788574
422.609866,14.640129,857.390134,686.241699
435.562532,20.193229,844.437468,674.165527
438.033341,19.537986,841.966659,673.646179
444.272072,15.411430,835.727928,680.419800
438.753926,10.540611,831.883606,671.666077
446.555439,4.068748,827.232727,664.630798
453.529103,4.516929,823.025879,670.648743
457.290486,4.626274,822.709514,670.762329
457.725840,1.346672,814.593689,681.842285
463.984232,1.844413,813.177490,678.596069
456.985178,0.000000,817.089417,683.234489
457.796122,0.000000,813.011719,686.499447
464.542521,0.000000,815.457479,692.092863
462.495259,0.000000,817.490967,696.527053
463.225331,0.000000,816.774669,686.823982
455.135798,0.000000,821.287476,694.707279
460.236598,0.000000,815.150818,691.410524
459.995844,0.000000,816.276367,694.508668
475.823145,0.000000,800.788269,688.121644
483.861231,0.000000,792.849792,687.531922
486.439417,0.000000,793.560583,684.478790
491.624769,0.000000,782.764343,673.173691
490.203656,0.000000,786.679077,673.436333
512.658979,0.000000,767.015015,665.801510
499.871930,0.000000,773.939209,655.513456
509.621625,0.000000,763.474243,638.619063
515.271894,0.000000,764.728106,648.613853
512.786032,0.000000,765.804077,661.149364
512.952933,0.000000,758.505676,631.371405
516.104270,0.000000,759.753784,645.082828
518.988333,0.000000,755.218079,642.046876
524.338980,0.000000,749.385681,643.972413
525.863455,0.000000,750.623108,649.195038
523.426413,0.000000,756.573587,652.652542
526.228465,0.000000,746.925537,625.830910
534.113292,0.000000,745.588013,657.296070
529.065013,0.000000,747.764893,640.707056
538.482646,0.000000,738.912781,641.892835
539.325969,0.000000,736.851868,633.738989
535.225780,0.000000,743.112549,637.080951
534.707378,0.000000,743.872253,643.010110
530.423045,0.000000,742.551514,618.410146
524.486461,0.000000,752.995972,641.066950
540.096385,0.000000,737.144775,632.170682
532.547954,0.000000,745.835388,642.178694
535.562053,0.000000,744.437947,640.165122
541.611776,0.000000,729.933472,622.319408
537.363424,0.000000,733.325928,617.776678
531.324117,0.000000,747.677734,620.510928
535.580312,0.000000,737.640442,637.364961
534.106710,0.000000,740.367188,638.598923
531.311056,0.000000,744.310059,641.767693
535.793081,0.000000,741.064514,645.371090
531.374197,0.000000,748.625803,637.463133
533.027858,0.000000,745.298706,630.213134
523.630030,0.000000,752.439331,632.867675
526.926234,0.000000,747.583984,622.694610
529.387019,0.000000,740.395813,647.483688
526.992518,0.000000,747.716553,649.483910
532.257197,0.000000,746.052429,671.913372
526.101100,0.000000,753.051392,662.081900
537.693354,0.000000,736.590027,677.223536
536.191066,0.000000,741.426880,677.695020
539.467555,0.000000,740.532445,673.358130
538.360883,0.000000,739.037537,681.966358
531.785383,0.000000,741.367737,682.788721
540.141248,0.000000,737.056152,685.450421
532.144330,0.000000,742.213562,682.845541
545.782880,0.000000,733.566589,691.336650
530.159742,0.000000,749.840258,686.249319
538.381751,0.000000,738.128174,686.327205
534.265601,0.000000,740.786011,671.152799
530.789923,0.000000,745.962219,688.221297
524.005561,0.000000,755.994439,683.512229
500.269962,0.788433,779.730038,687.103821
516.273225,0.000000,760.982056,683.863537
500.304170,0.784185,778.293213,697.689209
504.480928,1.959875,774.223633,682.979919
497.646761,3.496252,779.516235,688.714539
515.336092,6.234258,760.023071,689.509277
506.973726,11.236486,771.063232,686.057556
498.952516,4.644598,777.653259,686.273071
486.393770,6.562750,787.618896,689.172119
500.458894,0.000000,779.541106,702.125799
494.241502,6.634646,784.475403,698.239319
501.335709,3.935672,776.870972,685.107971
493.085130,7.284182,781.986633,687.752747
491.067094,4.516513,779.614014,685.574951
491.164903,5.762484,788.122498,685.958740
490.864854,4.512851,781.947937,674.408936
500.772050,2.044864,776.347656,684.432068
497.657975,0.589938,777.973755,700.667358
503.253526,0.684268,774.783875,686.632019
495.582169,0.000000,783.174683,692.881625
493.979966,0.000000,783.301697,698.319414
498.104050,0.253396,778.055969,690.888306
502.255326,0.000000,773.147949,702.451882
519.149766,0.000000,759.089050,678.249043
517.513688,0.000000,761.123169,692.703074
516.990220,0.000000,763.009780,700.708776
519.309594,0.000000,754.595398,680.829913
516.677666,2.228982,759.228149,686.232300
518.918236,0.000000,759.450623,691.946817
520.802514,0.000000,759.197486,691.542744
522.788708,0.000000,752.226318,685.051768
527.764691,0.000000,751.308044,698.773687
525.226330,0.000000,750.448730,698.381625
523.985363,0.000000,756.014637,701.537004
519.958471,0.000000,755.378479,686.214486
524.586157,0.000000,754.245667,688.494847
526.877997,0.000000,749.089722,694.703661
521.750311,1.731896,758.249689,699.518921
521.531650,3.685876,753.320313,686.995972
511.044711,6.914239,768.135498,693.280457
519.329959,4.284021,760.670041,690.019165
517.534212,5.061853,762.465788,691.974487
508.871598,6.265527,766.049805,687.919922
516.536820,6.607171,760.033325,686.112854
512.020646,9.858850,767.812256,685.649780
510.111069,11.988214,769.888931,678.715759
504.184319,14.519342,775.440918,682.496033
503.297478,11.960992,775.991455,680.493835
501.283135,13.315606,774.722046,685.221375
500.619530,13.448571,775.223328,675.921997
499.560723,17.294915,780.439277,686.101135
492.759426,21.637170,785.681519,664.831909
491.725094,15.308862,787.102966,684.458252
479.551785,19.326623,793.690552,677.188843
464.185757,19.641503,808.860107,689.928467
456.108608,21.160394,819.349121,674.263000
449.554348,26.442102,830.445652,675.178101
453.784773,29.817681,818.893250,668.983582
446.986219,30.414788,830.863647,675.818909
440.111281,39.707482,839.888719,660.588257
443.248237,39.107110,834.860413,663.187927
441.519446,37.612451,838.449829,666.308594
444.601905,44.126031,835.398095,664.582458
432.659565,54.581475,847.340435,645.874695
430.095224,59.415582,849.904776,651.174988
425.868199,54.484094,853.037781,655.099976
420.639226,58.976922,859.360774,648.274475
409.586459,60.916802,870.413541,646.805847
400.337480,63.134057,879.662520,648.870850
394.268502,59.520288,885.563171,645.151367
399.851388,58.602227,876.453552,649.784851
388.470833,67.211938,886.654114,636.843262
390.697487,57.301477,886.361694,641.140015
394.559121,60.061883,882.680420,642.618958
395.469674,58.949243,884.530326,647.781982
382.996098,62.284753,890.718689,633.160278
381.943547,65.536950,891.053040,635.741821
374.750370,63.198663,897.165222,643.081482
371.686222,56.316857,899.805237,642.110474
375.850376,50.971307,904.068481,654.241516
370.991154,55.292871,905.405579,642.921387
374.641056,54.623834,895.540100,651.333679
370.091954,61.767572,898.312622,635.454895
377.902409,58.577844,897.483459,647.527954
356.924931,69.160363,915.920105,632.857056
353.654301,62.671624,921.669373,639.786438
352.084263,62.842828,917.728394,641.633972
337.762150,61.887750,931.037170,643.594421
340.726841,61.406427,926.040894,646.826355
337.186589,64.745812,929.321838,645.228882
333.480870,61.039666,931.721069,640.691223
336.827519,57.972131,937.206238,649.197876
337.148045,59.332696,928.193848,650.155212
343.032017,60.309320,917.715942,649.366028
353.023014,61.296014,918.466370,646.084290
351.048374,66.222924,912.998901,638.688965
344.446842,57.792382,924.884827,646.623535
347.221562,63.906213,915.253601,639.628052
351.447819,58.331628,910.638977,644.552856
339.931767,65.017114,915.388123,633.867676
339.070378,59.333245,918.194885,637.119934
326.655186,60.957330,936.726929,649.298767
330.650639,56.969689,933.404480,644.164429
332.743504,62.538781,931.102783,637.224731
337.994450,55.242120,930.414612,645.300476
328.865788,60.528192,929.814514,639.433167
346.629063,48.610864,918.941040,651.909912
329.051609,54.644372,933.727539,642.114624
342.842167,46.961206,925.406433,648.944580
330.182408,53.548699,931.981812,649.165833
348.518864,52.769036,923.630920,647.325500
336.898411,53.312280,931.963379,644.262939
348.456486,48.529656,913.850647,647.324768
354.252842,47.999810,905.615845,654.737000
363.492497,40.899713,899.252258,664.506531
361.067570,44.693261,908.557434,658.553467
367.062138,48.924707,896.316101,657.269287
378.273838,45.707391,890.248169,647.558167
380.691716,37.727380,882.341858,655.819214
393.822666,28.516351,872.267700,662.985657
396.895695,25.029626,874.135559,665.023804
397.164067,23.364465,872.832214,665.893677
398.381352,22.326562,871.824402,669.158691
391.566807,14.107629,879.287476,676.446411
385.418827,14.822381,885.585388,676.723938
396.882542,17.199853,870.740234,669.710205
391.935246,17.554376,877.130676,672.917908
390.361363,12.776422,881.011841,677.129333
402.724003,16.399926,869.215027,678.928467
409.334202,5.518182,866.345703,685.837463
408.676579,5.933251,861.440002,690.854736
400.085545,9.081079,877.219727,690.126709
406.395115,13.118371,864.486084,679.559937
404.238194,17.634576,874.021118,678.019470
414.464085,12.493371,855.377686,681.464966
411.873143,7.889031,868.126857,692.254456
411.676836,14.746453,863.481140,671.235168
416.580980,14.043725,861.331787,682.324463
416.971514,9.897546,855.478210,679.134155
422.639239,20.003839,843.866394,676.035095
420.945238,25.533532,856.904297,678.826294
422.470904,28.016839,852.727722,669.626770
419.443255,33.072442,849.839905,659.136414
423.490679,34.520440,850.234070,661.941345
424.378435,25.264276,855.310120,669.488831
429.056292,33.834466,844.732727,657.848694
425.876452,40.140557,854.123548,663.845642
415.709558,44.136346,857.629700,645.100891
417.857324,49.131341,856.425964,647.386536
428.351922,51.564508,848.700684,652.681580
431.626702,54.468804,848.373298,639.188660
428.762021,57.672631,851.237979,641.310791
447.070189,47.484887,832.929811,649.980713
446.331145,38.347161,828.096375,658.004700
442.983855,61.691735,826.821960,637.734741
445.119537,56.058953,828.913147,645.960022
450.549651,43.564416,829.450349,662.253052
449.115951,40.557733,829.417603,661.990295
443.922622,55.810083,833.504944,643.435547
443.859115,58.724389,836.140885,642.639160
435.850334,57.643579,835.874756,641.014160
437.535820,61.395410,837.494507,638.616943
432.684440,62.472406,844.573975,639.670227
429.813713,58.562127,845.892822,643.374817
430.786461,63.501153,843.944397,631.694031
429.017326,62.036279,844.917969,636.123779
434.286949,51.219995,838.981506,642.810303
429.862907,50.223474,846.492676,648.046265
424.188865,46.868463,854.887634,652.249695
420.777489,39.698419,858.399353,665.422058
415.722252,33.441918,854.252991,663.935059
415.801719,36.826562,861.075745,660.360596
421.612510,34.562829,858.387490,666.323120
421.423015,33.842645,853.801147,667.577942
427.526073,29.490655,850.281311,671.644226
430.194225,31.053735,846.984070,666.551758
416.745556,34.575402,858.406799,652.603882
424.340404,44.437127,851.532288,658.341125
429.312084,35.805413,850.687916,663.660217
432.404699,39.798181,842.913086,657.043823
436.289862,39.610284,843.710138,659.977966
443.572665,45.579675,834.828857,650.051636
450.103000,43.984033,823.460815,651.479248
454.812533,40.176965,819.881348,659.787964
450.379916,36.223962,826.007324,655.047485
452.227359,35.776513,824.052429,659.544189
452.550815,34.313195,823.959473,663.068237
454.706943,40.496331,822.132568,655.920227
458.349612,46.175012,819.377014,652.303833
461.283114,45.222039,818.716886,646.403625
456.097948,45.135339,821.738831,657.479614
428.305284,48.542230,851.694716,648.557922
442.262749,43.286096,837.737251,660.036987
443.486538,45.621209,834.885620,650.480286
451.530484,47.887567,825.027954,645.254456
459.469784,40.633050,814.269226,661.922668
464.457577,43.329553,813.768738,651.794312
463.797512,40.998437,815.577393,655.587646
466.652005,34.961541,813.347995,663.397034
474.560042,35.643151,797.998474,664.709595
469.715223,33.538354,810.284777,663.605469
462.636329,41.630151,811.474548,654.788574
460.463691,35.786614,819.191650,664.567932
461.965156,31.183923,813.208496,658.183472
467.178840,37.999078,811.735718,657.359802
462.473456,38.637902,817.526544,660.213501
458.727359,41.158654,821.272641,653.944946
453.515718,39.171441,826.308472,655.005798
453.323793,35.270166,825.815125,660.393066
449.858370,36.569146,829.502808,666.107605
448.369936,40.685144,831.630064,654.137085
445.492494,50.716516,831.317078,634.002563
444.357545,51.170617,832.614807,644.236694
447.451295,46.024774,831.829407,649.126526
451.989747,44.287316,820.853577,652.626587
455.208619,37.560510,817.263245,651.765259
454.030885,28.278955,818.912903,669.203369
447.798310,17.538995,828.163452,680.113220
445.622437,35.051385,834.377563,663.698303
451.606110,37.170770,827.894592,652.699768
451.895234,42.823114,825.372253,644.452209
453.192566,35.631860,817.725830,665.588867
446.418763,44.324731,828.057129,653.443604
457.826050,38.656213,815.232544,657.572388
463.382325,43.863000,810.922974,660.622437
468.275116,42.112420,809.287537,655.210510
468.934967,40.424859,810.581848,660.610779
474.817872,44.525354,797.082642,651.693970
477.494324,38.968957,798.597168,663.005005
476.855896,48.565576,793.568604,658.318848
480.384797,44.657647,796.186096,659.882507
482.531342,65.928247,790.181335,630.529785
487.344696,64.045098,784.796082,647.156677
489.425965,59.035699,789.576172,651.465515
488.028748,64.917382,786.763672,639.055420
483.451905,67.114099,795.103882,637.657593
481.419220,72.952294,798.580780,634.705566
484.121811,67.992150,793.742493,642.880493
488.368637,66.953576,791.631363,645.724243
492.428551,74.699090,779.574280,627.335510
494.481194,79.553674,778.876221,623.779419
495.573357,94.624444,779.098145,610.206970
500.696709,88.656365,779.303291,622.223206
503.684048,94.024255,776.315952,610.097534
502.197615,96.554406,776.466064,613.520142
504.492598,112.296777,773.034058,592.283691
506.772963,111.715325,773.227037,590.346497
495.657569,120.721643,784.342431,592.046509
494.869556,118.434808,785.130444,582.872620
500.980524,132.110528,779.019476,575.012634
504.037839,122.610162,774.868958,588.675964
503.451535,132.818933,776.548465,579.350708
504.188750,124.271569,775.811250,581.466187
511.806747,129.476220,767.499084,576.944580
508.219436,140.120202,771.539429,564.767944
512.471877,136.971215,764.095581,573.168945
503.892043,145.158135,774.767700,566.547791
510.520950,142.155786,762.298462,566.228027
505.839156,139.118096,774.160844,576.195740
505.169792,134.052392,773.614563,576.854736
505.153465,135.189508,774.177490,570.594177
508.593406,135.610742,766.873291,578.039307
502.778129,129.102136,773.849792,577.328979
513.289909,129.645745,764.367249,580.685852
503.909538,129.915429,775.882874,579.519043
499.262291,131.561425,779.559204,581.468506
497.974083,133.907708,779.041870,573.556702
491.918113,135.688653,786.424072,579.174011
497.308738,134.157525,777.824463,575.266052
489.551719,138.645257,790.448281,566.736633
496.562939,132.367547,783.437061,572.526428
487.639654,132.934350,789.064148,576.718506
493.828771,133.115869,786.171229,574.948975
500.701648,137.298211,776.744324,567.282776
494.895648,141.904809,785.104352,569.799072
498.874490,139.257928,775.437439,568.386780
498.900033,137.634667,781.099967,575.141357
497.824101,133.998590,778.157104,574.887390
499.028203,145.091363,780.971797,559.551453
506.209841,141.632501,773.790159,563.479675
506.844575,143.927362,768.927673,565.718811
508.840638,135.220361,771.159362,570.502197
509.119019,143.409906,770.060120,568.304749
508.690857,134.856439,768.300720,570.054260
509.465027,138.031854,766.435486,569.338196
507.506867,138.704553,766.541504,571.949341
506.795289,135.993737,773.204711,572.660278
502.806275,143.415979,776.129517,569.114380
497.792359,137.617517,778.445190,570.256470
497.999451,146.679620,782.000549,555.660828
496.893646,143.269555,783.106354,571.581543
494.684647,134.897393,779.664978,573.865906
490.956955,130.970666,789.043045,575.508911
489.413994,128.375543,784.434875,578.943054
485.194054,131.937432,794.805946,583.609802
488.260754,132.733209,787.466248,578.585632
481.070354,142.776239,798.929646,565.536194
496.090658,140.045648,783.909342,569.499573
502.357127,134.997735,771.688660,574.224548
502.479167,134.842034,777.520833,578.886047
511.122213,137.440515,768.062622,569.457397
515.379873,139.567773,762.582947,576.313965
521.277608,137.187829,758.722392,570.932495
528.682627,135.113702,751.317373,578.600769
532.071538,127.977899,742.335205,583.968567
529.974462,135.551507,750.025538,575.193909
533.572772,124.433374,745.106506,588.451904
536.732318,117.155603,739.560364,593.288696
540.748675,114.068688,737.811340,594.528442
547.067462,113.054589,732.932538,601.757568
560.439645,112.166711,714.946960,591.762329
562.218118,102.120538,717.781882,606.874939
572.707020,90.938897,707.292980,602.255554
576.164637,63.664483,703.835363,639.446960
576.052869,27.180657,697.497620,648.654114
582.759626,1.614343,697.163940,669.056274
579.949720,0.000000,700.050280,666.263604
577.706366,0.000000,702.293634,644.812008
579.937717,0.000000,694.902710,638.490355
570.434451,0.000000,709.565549,633.998290
569.829622,0.000000,710.170378,631.071868
575.116502,0.000000,703.864685,632.425583
569.054093,0.000000,710.945907,637.582817
572.901711,0.000000,707.098289,628.521389
574.583088,0.000000,705.172546,629.041548
572.283497,0.000000,707.716503,626.790092
575.862452,0.000000,703.737549,629.016414
583.217127,0.000000,696.782873,622.062742
576.611341,0.000000,703.388659,629.287108
575.984717,0.000000,704.015283,616.565002
571.060901,0.000000,704.894897,616.943939
571.200122,0.000000,700.497314,622.419296
572.165210,0.000000,706.047852,653.881950
572.077808,0.000000,703.104980,644.379452
574.376300,0.000000,704.770203,632.380857
568.304797,0.000000,710.704468,634.135711
566.942645,0.000000,711.074524,631.292587
570.656940,0.000000,705.633484,627.727836
573.016284,0.000000,702.153809,625.300625
581.375354,0.000000,692.575073,627.538496
584.013629,0.779044,692.255554,630.699402
584.843524,0.000000,692.774231,642.923758
586.014087,0.000000,689.259521,631.053676
587.671832,0.000000,691.436951,645.581983
587.657459,0.000000,691.551880,658.404395
587.736652,0.000000,692.263348,638.763660
589.185983,0.000000,688.075623,651.853784
592.242532,0.000000,686.456909,658.470044
589.305277,0.000000,690.694723,667.648993
587.594838,0.000000,686.145630,654.968509
594.293263,0.000000,682.108154,663.918703
591.775990,0.000000,688.224010,663.217591
592.128962,0.000000,687.479248,664.532624
587.547633,1.665665,689.351135,660.954956
592.901118,1.708359,687.098882,664.094177
591.557004,0.000000,688.442996,667.265549
606.032103,2.697014,667.932495,657.120056
593.322631,10.085075,686.677369,666.039001
595.744201,12.170311,679.014160,666.317749
601.357177,11.445335,678.642823,672.558472
579.092315,13.035820,699.888367,671.302795
586.853332,19.477196,693.146668,665.285767
572.587555,21.568077,707.412445,666.937012
586.591720,33.368736,693.408280,655.008057
579.473198,31.783257,700.526802,658.732239
603.465450,39.238854,676.534550,651.943359
593.969328,33.414574,686.030672,654.825073
594.815536,39.424889,685.184464,650.731689
606.842002,53.320000,673.157998,642.769836
579.386089,52.399254,700.613911,647.629395
599.956076,43.309807,679.128723,648.061707
601.519979,54.695732,678.480021,643.911682
601.953288,47.517510,678.046712,647.971008
586.255331,52.055840,693.744669,647.767883
607.972056,55.005547,672.027944,648.338440
585.396428,59.215233,694.603572,642.742310
599.911898,57.142052,680.088102,636.580322
583.894395,59.664330,696.105605,637.943970
577.465722,57.508537,701.614807,636.583191
588.647607,54.628899,691.352393,635.987976
577.097882,60.867149,701.710144,639.333984
601.578747,63.089287,678.421253,634.939270
593.320898,62.089592,686.679102,638.296570
576.784595,62.522728,703.215405,641.581421
586.026117,65.892479,690.906433,628.278442
587.513238,63.955284,692.486762,639.486816
587.452115,64.548027,690.894653,631.246399
590.649838,62.782494,689.350162,641.511841
588.158873,64.718193,690.471497,634.249817
589.230742,67.208946,686.034546,637.958984
603.122313,71.889763,676.877687,627.310730
581.960998,75.112724,695.859497,626.497620
569.043456,69.952934,710.753662,619.358459
572.665710,76.324028,702.734497,628.559143
577.432586,80.384697,698.819885,618.959778
569.018707,77.985771,707.219421,623.978821
568.980346,83.115501,706.059814,620.213745
585.108306,83.079399,691.393738,618.179749
587.749480,82.696434,689.367004,620.780640
590.371398,84.484062,689.309692,617.345276
588.505401,88.092217,691.494599,613.217834
588.895614,83.603905,691.104386,607.402710
595.642265,84.086662,681.963135,618.254578
589.260124,85.765556,690.739876,615.689270
591.859249,79.366325,688.137817,626.140320
589.141689,80.249321,690.397644,624.268372
587.082149,76.922600,692.917851,628.398376
584.887999,72.939049,689.926514,631.213867
586.633055,62.327934,693.366945,637.764221
591.126006,56.655510,687.970154,642.210876
598.529021,49.958244,681.470979,645.892517
599.149154,48.372917,680.850846,647.287537
602.178398,51.017113,677.821602,648.794067
599.360927,48.582298,680.639073,653.289917
602.082136,46.106743,677.917864,647.027893
605.650077,44.578880,674.349923,655.294800
602.941951,42.105034,674.231262,651.524231
605.919246,46.077812,674.080754,652.524231
605.083219,36.340111,672.714478,643.407837
608.364591,37.936272,671.635409,651.190125
599.827926,35.664787,676.761719,653.178406
604.826003,35.776268,675.173997,653.651733
603.804023,36.206047,673.067322,655.379333
608.750526,33.443962,671.249474,657.937927
601.337726,28.690666,676.008179,659.884949
597.221454,32.221062,682.778546,664.150330
600.504526,35.427940,675.358887,645.540771
608.284433,41.027947,671.231689,648.624939
601.864115,36.138817,676.876770,652.931030
599.157724,29.357964,680.842276,655.017151
597.575261,32.102867,679.566040,660.758057
594.890874,30.901329,685.109126,660.686279
597.295779,32.208977,682.704221,649.179382
594.267213,23.566521,685.732787,664.046570
579.518067,35.645714,696.684937,653.151855
576.685547,27.323784,700.756226,663.077698
566.484376,18.547142,713.515624,668.457642
574.790894,19.393120,705.209106,657.625793
573.211670,20.746178,706.788330,671.222168
568.632233,18.126610,711.367767,674.062622
570.349167,13.125877,709.650833,682.477417
572.574425,14.907707,707.425575,676.743347
577.105633,9.560997,702.894367,683.538574
575.045980,16.062920,702.010010,671.488342
570.090048,6.211571,709.909952,684.902222
556.562419,10.234123,719.558472,681.327087
550.329906,4.143913,729.670094,690.844910
539.385290,2.909783,740.614710,665.253845
528.096362,0.299553,751.903638,696.294861
529.415765,0.000000,748.977966,686.512993
521.918023,0.000000,755.239807,697.538204
502.268670,0.000000,775.921082,691.061522
509.335840,1.247619,770.664160,693.370483
501.237195,1.055938,778.762805,698.241394
496.834112,3.041961,783.165888,699.315735
488.768039,0.000000,791.231961,701.339019
481.891313,1.247329,798.108687,698.782593
461.863717,0.235214,816.789856,700.236023
472.042367,0.000000,807.957633,696.984542
454.865269,0.000000,820.671448,703.312736
443.538792,0.000000,835.542908,703.905697
465.745457,0.000000,813.203552,705.224272
465.289158,0.000000,810.996277,697.302901
464.903538,0.000000,815.096462,709.635643
471.085100,0.000000,806.815125,700.889629
463.244372,0.000000,814.188965,690.423208
463.857500,0.000000,815.912903,706.542384
459.089342,0.000000,815.524414,705.391553
461.582781,0.000000,818.417219,705.225379
462.990731,0.000000,812.427979,699.044544
470.728219,0.000000,809.271781,697.653436
479.333043,0.000000,795.102417,711.409024
472.099919,4.061995,804.385803,693.851440
472.773900,5.675398,807.226100,701.458862
458.517687,3.702376,817.620605,690.748169
467.770037,1.571242,811.684265,704.703308
462.618975,5.357832,812.348206,691.499023
470.831957,5.131636,807.445190,692.201904
472.133044,7.375746,807.866956,690.015442
471.910485,5.094527,808.089515,691.672363
476.161511,9.024764,803.838489,700.543335
474.340155,6.896681,804.102051,687.648376
466.347693,7.432478,813.652307,704.612183
479.632037,10.478590,797.456177,683.507507
479.817615,6.005110,800.182385,705.005737
485.019220,8.752516,794.980780,688.761658
478.947781,12.910933,797.024048,691.925049
479.677182,14.821791,800.322818,692.095764
473.703581,12.660506,803.104492,690.566528
472.559477,21.917860,807.440523,675.535706
471.253371,25.322493,808.746629,680.154907
495.663581,26.492110,784.336419,681.998047
485.621830,33.447401,792.750244,663.167297
487.468235,29.382124,791.785217,672.490479
484.045994,29.288466,795.954006,673.774963
481.752306,21.582045,798.247694,676.909485
482.147729,11.801680,797.852271,686.033936
476.670086,1.166365,798.927917,696.394897
471.092144,0.000000,808.907856,705.107161
455.871603,0.000000,822.448792,687.850669
468.823874,0.000000,808.757629,702.176555
471.409079,0.000000,806.124817,666.603781
470.486777,0.000000,803.014832,696.273936
470.712271,0.000000,808.827026,698.740545
465.505850,0.000000,810.620483,678.308749
481.915945,0.000000,792.010498,691.420518
495.711966,0.000000,784.288034,688.160058
498.076503,0.000000,780.520386,684.855694
499.503810,0.000000,778.091553,679.921225
503.408534,0.000000,772.421997,674.007213
505.383845,0.000000,774.616155,680.244421
509.649259,0.000000,768.912964,666.202716
513.457426,0.000000,760.105713,673.158365
518.212888,0.000000,761.161438,685.501515
522.617796,0.000000,757.382204,670.263819
531.891692,0.000000,747.153748,677.992414
531.210540,0.000000,748.789460,675.223288
526.210769,0.000000,753.789231,677.243907
528.166298,0.000000,751.833702,683.121679
527.333118,0.000000,752.374817,692.945483
522.027119,0.000000,757.972881,683.215509
508.465128,0.544278,771.534872,691.615723
504.236257,0.000000,775.763743,701.029904
498.185145,0.000000,781.814855,705.789885
498.410199,0.000000,781.524902,711.377425
493.568525,0.000000,777.479248,710.613121
492.738477,18.557689,783.282410,693.681580
481.661237,45.862499,792.328003,673.655457
484.728223,64.128795,793.126892,648.187805
471.520734,68.867565,808.479266,649.741516
475.025107,83.893749,804.974893,631.907898
475.164073,81.709362,804.835927,635.420959
467.057043,91.468181,812.942957,628.531819
468.179217,93.080435,806.497192,619.154724
477.597339,104.255484,802.402661,609.056335
480.207330,102.924093,799.792670,601.210083
471.072995,106.806875,808.927005,602.131531
474.391478,115.910269,805.608522,597.166199
463.835448,115.829519,815.049438,592.441467
455.905944,122.818777,824.094056,584.630432
448.399108,125.517507,831.600892,585.517395
451.481933,108.434194,828.518067,607.268250
444.020843,113.160208,831.940247,601.165100
452.353241,120.092550,827.646759,594.940796
439.655685,118.111959,840.344315,593.792114
454.406914,100.470175,825.593086,617.527100
445.279629,107.066122,834.720371,606.159180
452.876112,99.213064,823.796204,614.916077
457.515638,101.990133,820.357727,609.308228
457.426313,108.569296,822.054199,601.434814
456.607954,117.475241,819.781494,590.705200
461.121260,111.854879,818.878740,598.645142
468.246696,113.577322,807.910339,595.814026
464.326377,117.110220,815.673623,590.985291
464.908916,114.167135,815.091084,592.553833
464.833883,110.730307,809.698425,593.527832
464.154684,96.792990,815.845316,619.449829
462.676036,94.032614,817.323964,610.618042
458.081548,88.316427,821.918452,621.321167
451.842257,78.106100,828.157743,634.376587
455.272539,76.967581,824.727461,636.592102
459.842538,81.960501,814.028625,633.506653
460.374032,68.772024,819.625968,645.745667
457.696659,64.690328,821.807373,642.570923
461.483952,63.681631,817.278687,639.068542
465.297184,48.964498,810.382446,662.197144
463.071141,41.385702,816.928859,674.655029
461.842364,40.368490,813.423767,666.141846
454.547838,32.486624,825.452162,679.165833
445.427819,31.080465,827.795715,681.873901
447.054986,24.065878,832.945014,690.188721
447.365902,13.274160,827.548035,700.283630
445.077450,10.642538,830.258972,695.867432
441.336636,9.183187,832.409790,694.086182
440.641354,6.139517,835.684631,706.291687
438.808529,0.000000,838.941589,711.458486
438.517636,3.808650,841.181091,704.839478
437.591427,0.000000,840.430237,705.755946
444.227047,1.405714,832.932434,701.483582
445.343411,0.043470,832.327393,711.475403
439.479031,0.000000,840.520969,701.764692
442.611830,0.412619,837.115967,705.857910
433.389967,4.975394,845.776489,694.290710
430.078169,3.658591,844.092468,703.228760
442.109389,0.000000,829.307617,698.802054
435.381239,2.327632,844.618761,699.230530
439.336829,0.000000,835.757141,701.531520
437.908057,0.000000,834.820251,702.974104
438.332221,0.000000,833.235596,709.822745
428.705482,0.000000,845.478088,694.221645
427.457008,0.000000,852.542992,701.650617
415.277546,0.000000,860.113831,691.406821
406.935871,0.000000,870.706848,699.320110
404.022266,0.000000,875.066040,700.330465
400.181598,0.000000,879.818402,700.380320
390.165109,0.000000,889.834891,701.138067
395.301030,0.266879,883.854553,700.431702
411.477330,0.000000,868.420166,702.934146
417.756932,0.000000,862.243068,698.358766
443.844988,0.000000,827.777161,697.831361
437.165667,0.000000,840.443176,688.102784
450.168993,0.000000,822.516602,694.969025
454.639117,0.000000,818.248962,677.254715
456.209917,0.000000,823.790083,686.509071
447.329538,0.000000,829.746155,677.295246
447.058725,0.000000,832.941275,671.409067
456.858830,0.000000,823.141170,674.653874
453.978091,0.000000,820.048889,666.371432
461.018893,0.000000,818.821777,671.230424
464.675448,0.000000,809.745483,656.666268
466.646487,0.000000,812.057312,668.921452
477.740511,0.000000,797.614136,657.954928
480.009219,0.000000,799.990781,663.352616
475.763215,0.000000,803.270874,662.439950
471.925691,0.000000,805.313354,654.283879
477.046998,0.000000,802.953002,655.797915
487.683106,0.000000,786.780396,653.586824
492.540314,0.000000,787.459686,663.720353
488.043289,0.000000,791.926880,676.183052
486.266159,0.000000,793.733841,670.997105
482.371147,0.000000,797.628853,675.694567
484.441219,0.000000,795.558781,679.957147
486.955656,0.000000,793.044344,692.256009
484.376021,0.000000,793.520508,694.308119
480.367049,0.000000,796.614136,691.338081
476.114821,0.000000,803.885179,693.751041
477.212654,0.000000,797.740540,694.109438
483.062110,0.000000,796.937890,697.357087
477.813312,0.000000,800.547302,695.413315
483.394336,0.000000,792.449219,694.636833
485.944782,0.000000,788.200378,697.306637
486.447315,0.000000,788.354980,691.207487
494.752338,0.000000,785.247662,696.000258
494.682199,0.000000,785.317801,698.266914
497.048741,0.000000,782.951259,698.353855
492.968401,0.000000,787.031599,703.590227
490.194589,0.000000,789.805411,705.027688
491.012272,0.000000,788.987728,689.717091
492.011294,0.000000,785.912781,688.605952
492.094302,0.000000,784.275574,700.194364
498.407839,0.000000,781.057678,689.386580
496.398073,0.000000,782.949768,697.882835
497.946780,0.000000,782.053220,699.245556
504.783723,0.000000,775.216277,697.923040
509.307206,0.000000,770.692794,694.464908
516.788124,0.000000,763.211876,705.253389
509.559406,0.000000,768.100464,699.683213
515.109852,0.000000,764.890148,703.180840
519.265894,0.000000,757.974304,700.405422
521.351343,0.000000,754.576843,699.276350
521.061213,0.000000,758.938787,708.469810
527.538236,0.000000,752.461764,703.040447
524.801528,0.000000,755.198472,699.429373
516.097327,0.000000,761.920105,699.642421
520.332893,0.000000,752.165039,693.090803
523.264900,0.000000,756.562256,703.217032
522.526801,0.000000,755.233521,698.020595
522.668556,0.000000,753.766174,708.923292
521.741370,0.000000,755.441345,710.274787
517.524879,1.601535,760.883606,708.653992
522.742866,0.420810,756.463989,711.912170
521.530921,6.048740,758.469079,705.731995
517.990131,13.435092,759.318726,697.259827
512.354145,21.978092,767.645855,677.443848
514.279276,24.849613,765.084900,684.201782
508.284342,30.087222,771.715658,671.245117
508.332387,31.939639,767.311951,667.866943
505.829549,29.809085,774.170451,686.282837
497.937479,35.172183,780.232422,659.106445
492.487040,34.121646,786.667969,677.062012
496.759531,30.113010,776.277527,671.897156
491.850565,36.675296,786.824219,666.478882
497.455149,27.923374,782.065002,678.693176
494.827006,30.304996,777.424561,675.791260
508.831339,24.566898,770.101196,681.437134
505.138560,24.636234,772.504822,682.101929
499.474741,31.037937,777.330505,673.209656
500.427866,29.883243,779.572134,675.639893
501.622106,31.953586,774.521545,672.053162
501.797155,34.532993,778.202845,672.554016
495.983416,31.272312,779.902100,675.703796
501.642748,26.606998,778.357252,680.487061
494.727014,25.310672,782.787598,679.548218
486.738458,24.655521,785.771545,682.231812
481.383813,23.852603,797.026245,687.296387
477.653100,21.500003,802.346900,678.875854
479.333691,20.208347,800.666309,687.661072
474.335638,21.122837,798.445129,685.489319
464.652136,23.295230,812.714722,687.083984
456.154150,19.772006,822.481201,683.668518
455.334448,14.223270,820.811035,689.285767
454.269934,15.527469,820.601196,692.484497
453.510290,13.267703,821.491333,685.974976
453.491797,19.498050,819.791504,684.191772
452.962439,18.432956,827.037561,690.514343
453.035236,9.574558,824.894897,691.811951
445.960986,16.198001,831.020203,689.490112
449.022205,8.625980,824.480530,683.522095
449.752643,8.000583,830.247357,689.404968
449.211618,3.954837,827.910217,684.714478
446.507639,8.647037,827.152405,692.606445
447.285074,0.777591,823.382690,692.451294
441.714944,4.360385,838.285056,696.642883
437.577809,0.000000,839.770264,693.679721
424.344929,1.946855,848.270935,673.243042
420.330098,0.000000,853.339661,670.094042
421.702901,4.041711,858.297099,656.049927
429.654093,2.817712,850.345907,670.922974
440.284291,0.000000,838.845764,676.520104
447.839559,0.000000,832.160441,687.645276
449.698008,0.000000,827.365173,699.281378
452.042826,0.390231,825.578125,689.154968
450.657511,0.000000,826.144897,707.695407
453.552806,0.000000,826.447194,703.802049
458.437597,0.000000,821.562403,703.980218
460.505297,0.000000,811.617676,690.786740
463.349322,0.000000,810.882751,704.712218
458.896197,0.000000,821.008240,696.143188
459.824420,0.000000,820.175580,688.325164
451.527505,0.000000,828.472495,687.066116
451.118306,0.000000,825.999146,689.629555
448.390126,0.000000,827.264587,692.737141
445.733693,0.000000,829.291809,689.027414
451.719624,0.000000,822.002808,693.923589
469.984944,0.142153,804.405273,697.922974
460.330678,0.000000,818.701111,696.701724
468.017537,0.000000,811.982463,685.727235
468.528513,0.371338,811.471487,685.772400
473.395940,1.763917,806.604060,689.413269
470.317355,0.000000,809.682645,701.012116
477.723558,0.000000,797.716431,687.572281
474.218644,0.000000,805.730164,691.022011
471.892656,0.000000,801.588196,698.998005
457.056596,0.000000,822.403625,704.087046
485.363420,0.000000,794.636580,696.013585
467.967690,0.000000,810.089172,697.453173
468.291604,0.000000,811.708396,705.754754
451.642353,0.216733,824.853821,690.710205
461.684010,4.297299,813.952148,698.913086
454.349537,0.000000,824.680176,696.094662
446.120198,4.351469,833.879802,687.321167
457.237040,3.908781,819.827026,684.866455
460.386484,0.000000,815.597229,697.356047
459.790171,1.361709,820.209829,692.857483
458.557042,2.403731,821.442958,692.867432
470.541583,0.000000,809.458417,695.796584
459.982095,1.698707,814.788330,693.478516
463.427713,0.000000,813.210083,704.362068
459.208505,1.550632,820.791495,702.449036
470.758641,0.000000,809.241359,702.625217
474.298876,0.000000,801.479004,695.383257
474.549547,0.000000,805.450453,706.207772
467.942559,0.000000,808.323608,697.092137
461.813195,0.000000,817.768372,707.289141
463.412133,0.000000,811.173035,700.995431
460.601098,0.000000,817.970886,699.512517
441.110589,0.000000,838.889411,698.923861
441.738064,0.000000,835.322449,697.276231
446.678250,0.000000,829.914734,687.730584
459.123288,0.000000,814.061768,687.598873
454.188565,0.000000,819.517639,691.055021
448.954434,0.000000,824.242493,692.544326
453.532376,0.000000,816.996033,695.327278
452.696438,0.000000,820.053894,688.140751
448.709439,0.000000,827.206604,690.476747
461.595151,0.000000,812.340698,694.431703
460.653897,0.000000,815.989807,688.353760
466.314267,0.000000,809.699829,692.124054
462.253323,0.000000,815.812927,687.565872
469.432858,0.000000,808.491211,692.879738
469.758816,0.000000,810.241184,689.257679
479.220808,0.000000,800.779192,691.080683
489.338920,0.000000,784.598389,680.016507
495.157127,0.000000,783.919739,683.955611
494.280479,0.000000,780.951111,685.194053
502.729240,0.000000,771.852661,681.380474
499.322898,0.000000,773.584290,679.544302
492.648124,0.000000,787.351876,686.608912
498.084896,0.000000,780.147034,675.526960
495.979518,0.000000,779.360229,679.299613
490.456752,0.000000,789.543248,661.597865
491.427290,0.000000,788.572710,656.412580
484.779990,0.000000,793.869507,661.035514
467.652182,0.000000,807.817993,652.524837
456.835013,0.000000,821.451599,668.456205
457.554221,0.000000,819.988525,670.944442
459.453055,0.000000,819.251160,686.152976
466.588981,0.000000,809.662903,685.168987
460.866843,0.000000,816.231445,683.272543
455.661704,0.000000,820.156372,687.351268
455.843924,0.000000,817.643982,691.092260
459.884879,0.000000,814.049866,689.106890
461.592154,0.000000,812.380676,689.132669
466.781577,0.000000,807.782349,691.431966
460.076774,0.000000,816.602844,694.908579
469.426230,0.000000,807.659546,699.600743
461.044242,0.000000,818.955758,682.876666
456.923549,0.000000,820.787231,681.783273
461.045589,0.000000,810.765076,682.817540
470.545925,0.000000,802.747070,683.928179
463.898189,0.000000,810.933899,690.452401
466.896022,0.000000,808.562256,690.166264
461.328609,0.000000,815.104065,683.144717
468.352657,0.000000,806.600647,680.304261
466.474971,0.000000,810.360901,689.468659
466.033870,0.000000,812.505310,686.305619
447.499446,0.000000,831.667175,681.855568
445.892635,0.000000,827.415222,677.725727
449.876216,0.000000,829.750061,691.424265
458.843074,0.000000,819.329529,677.021642
445.287105,0.000000,830.583557,685.680407
447.124233,0.000000,824.990845,689.108423
453.398860,0.000000,826.601140,691.451581
449.942533,0.000000,827.828247,699.279196
457.955381,0.000000,820.496155,690.187602
457.137602,0.000000,819.376099,699.742788
457.052763,0.000000,821.799194,684.466975
441.885252,0.000000,834.174500,696.549924
457.309446,0.000000,814.836365,686.901519
461.002958,0.000000,809.743042,692.541610
453.188627,0.000000,819.056274,701.335563
451.139463,0.000000,823.436584,694.263180
449.113340,0.000000,826.165100,690.706907
451.575193,0.000000,821.247986,701.968261
440.595030,0.000000,835.372131,700.058441
441.695554,0.000000,833.496277,699.777450
441.736570,0.000000,831.759949,705.908378
439.367552,12.300350,837.208435,704.113586
431.671171,28.518612,844.566284,685.177063
430.930052,28.626858,848.693054,677.769409
426.166959,26.446133,853.756104,687.208008
434.576505,29.822414,845.423495,678.136108
435.123946,26.501888,844.876054,687.847961
428.167991,31.996303,843.384155,672.681396
427.731864,30.476223,849.927307,681.247192
428.264854,33.979122,851.362305,670.601013
428.150443,34.541073,849.809631,678.258362
420.494865,31.672451,858.246277,675.364258
428.440238,31.510433,846.746643,671.863586
430.423759,24.000790,843.860413,686.926575
435.096580,27.436611,844.903420,688.676025
428.899425,23.785458,844.824341,679.045715
439.243572,16.362118,836.884094,691.899719
449.345653,6.560909,822.912598,700.418640
461.835643,7.142910,811.331299,706.127930
474.442119,2.537991,805.050232,698.322144
473.065654,0.867062,799.645935,701.897888
482.628124,5.346065,796.324951,697.515564
489.451732,2.877865,784.468506,701.403625
493.010418,0.000000,780.460999,715.215145
499.108440,0.000000,778.493469,708.887907
512.129253,0.000000,767.870747,704.485732
515.900930,0.000000,757.361816,713.397773
516.948080,5.718876,755.674255,707.749573
523.209707,11.271580,756.790293,691.410767
529.947078,13.846012,743.140503,698.020447
532.821559,16.577701,743.593689,700.997253
523.129237,23.645969,752.367493,686.442017
518.687861,11.318699,759.310791,697.177856
523.348018,19.888340,755.486572,698.607666
513.077296,27.686283,762.355408,686.631897
506.074824,22.329868,768.583740,693.170654
491.154628,29.691257,783.142883,685.639771
474.758845,23.711551,803.784790,685.477844
462.150081,20.944675,813.042847,684.391968
433.078578,19.434330,835.200745,698.241028
411.246364,23.283390,859.017517,678.139832
383.752986,21.475193,890.072876,686.181030
367.376216,24.386265,900.715088,682.016846
347.330958,20.412967,919.989929,688.406799
340.145259,25.066074,925.092041,675.538086
330.923274,29.248142,937.458374,680.871948
317.344569,37.640720,945.885315,668.147827
314.287227,30.829075,952.848389,675.695923
302.696101,34.072117,966.400024,673.156128
300.920405,40.511844,969.188232,669.015442
300.802180,51.976566,968.124878,653.292053
300.597194,34.529911,975.818542,669.732483
306.460505,34.052280,968.530396,674.844727
313.582393,29.230564,965.093994,679.831909
317.918391,33.157963,953.776245,676.554260
325.340877,33.170627,952.350708,678.487427
322.628779,31.069462,950.137207,680.065979
334.391261,26.897739,934.568054,683.494629
351.479030,18.600132,916.998962,686.331543
371.545588,24.611637,902.915161,684.490906
395.474544,18.764103,877.321655,690.462585
403.738978,14.204105,876.235901,691.392395
403.842372,12.612613,870.292542,700.733093
410.714320,7.385563,865.325500,699.475281
415.326533,13.369877,861.924805,702.717590
423.927943,7.227665,856.072057,700.170471
419.072034,5.428043,853.636414,708.524109
436.486616,10.606998,843.513384,706.955994
431.546225,8.923954,846.982300,694.045227
430.737479,9.165134,841.387878,695.625366
438.486716,8.515964,841.513284,701.422729
428.968913,13.825138,848.212952,695.073181
440.010143,6.912143,838.794800,705.383545
428.077220,2.420658,850.474854,707.070618
436.238201,5.636295,839.306702,704.349304
426.182933,0.000000,848.625977,706.880375
444.750957,0.000000,827.147156,702.855379
431.454845,0.000000,842.322632,709.520982
429.065166,0.417443,843.522400,702.688049
447.715618,2.015496,832.284382,705.325439
423.445638,1.405114,856.554362,702.783508
443.469066,1.462761,830.176941,698.465088
435.215434,0.000000,837.431519,709.068383
455.951670,0.000000,818.411194,698.059490
441.729441,0.000000,835.694519,700.222983
453.846263,0.000000,822.751648,699.952312
442.573863,0.000000,836.441711,697.214132
444.819011,0.000000,832.122559,704.449107
442.203715,0.000000,836.653442,707.440862
435.313121,0.000000,844.686879,699.809451
441.324010,0.000000,836.254211,709.678468
452.408697,0.000000,827.299438,703.531708
435.864141,0.000000,844.135859,704.204483
435.581149,0.000000,844.418851,696.650917
445.088090,0.000000,830.664246,703.006916
445.962663,0.463083,830.671936,705.537537
449.621324,0.000000,829.649048,702.816019
453.087449,0.000000,826.912551,702.145680
470.169640,0.000000,809.830360,705.193629
492.014935,0.000000,785.871216,694.956769
510.289349,0.000000,766.354614,688.841513
516.855603,0.000000,761.568542,680.417674
552.842144,0.000000,724.978271,676.700933
562.214032,0.000000,713.667847,639.340792
565.457348,0.000000,710.648499,616.834001
578.899975,0.000000,701.100025,674.392007
582.149695,2.089039,697.850305,691.946594
587.927539,26.465260,692.072461,679.584778
585.839899,80.586140,693.461365,632.168945
580.208002,95.756794,698.190735,617.097900
551.295557,104.590077,725.064941,612.696472
490.643091,105.260670,785.824219,613.326477
447.038873,103.895130,827.317078,606.601257
420.405084,100.515278,859.552429,611.680786
412.027277,107.474873,867.972723,611.693237
414.432828,107.637501,863.963623,611.338684
407.963406,104.004963,869.731567,613.929199
402.508878,107.498829,872.513428,606.815491
410.511868,104.280201,869.488132,612.617981
412.336256,101.656575,864.233887,612.508789
419.689314,101.778859,856.955750,608.940002
409.875471,90.136341,867.782898,623.463074
414.247816,96.976490,864.835083,617.840637
420.620772,88.076222,859.379228,620.594543
415.334281,87.370900,864.665719,623.579895
419.867061,83.366963,860.132939,632.319702
418.378172,84.200672,859.005005,630.115906
416.914915,77.032124,863.085085,636.620483
423.928771,72.877125,852.922852,638.466370
415.114653,55.116993,862.035217,648.413391
419.212432,29.551503,859.304260,677.969177
423.999480,26.822651,853.641785,678.072632
420.776183,38.085621,857.058105,676.125305
415.640075,41.192250,862.965332,661.905212
426.420104,36.734242,853.579896,663.741150
424.459106,27.605732,853.330505,680.177856
423.952148,28.756611,855.994324,676.659302
426.511657,24.991017,853.488343,687.886047
424.657776,28.234089,855.342224,676.537354
421.921966,22.622883,858.078034,684.836426
423.938858,24.730610,856.061142,682.068481
423.525825,22.231160,856.474175,677.964355
425.973026,20.012471,854.026974,678.129761
431.029879,19.098042,848.970121,677.965942
441.378373,16.162648,838.621627,679.350403
447.436776,20.092732,827.585632,673.592773
451.945473,9.505574,828.054527,686.473145
450.831654,13.852345,828.175720,679.247864
462.769032,10.772145,813.403748,681.544250
460.296345,8.002552,816.382812,693.707214
454.551228,7.310688,824.994141,684.301147
470.309925,8.480702,808.322449,676.050964
467.077626,8.097615,811.006775,681.732178
486.631428,1.170887,792.813721,684.224548
487.300801,0.000000,787.122681,701.701619
496.020039,0.000000,781.864136,685.069254
496.435627,0.000000,780.447266,698.064504
502.783558,0.000000,777.216442,686.533259
504.587916,0.000000,775.412084,692.955991
505.025708,0.000000,774.974292,699.738768
507.853430,0.622222,772.146570,691.130310
505.573200,0.000000,774.426800,680.147674
507.377359,0.000000,772.622641,682.072952
506.434834,0.000000,773.565166,686.345863
505.232035,0.000000,774.767965,690.489216
505.555867,0.000000,774.444133,687.565592
502.560923,0.000000,777.439077,688.285115
503.805242,0.000000,776.194758,682.152232
497.751284,0.000000,782.248716,687.803258
490.564912,0.000000,789.435088,675.333758
486.680649,0.000000,793.319351,688.164895
479.682122,0.000000,798.753174,682.418690
478.595635,0.000000,801.404365,698.361170
471.700222,0.000000,806.602905,698.449842
473.952175,0.000000,801.352173,695.911566
474.697628,0.000000,805.302372,700.165378
465.467802,0.000000,812.426331,680.879625
462.085325,0.000000,817.828979,696.182214
465.285276,0.000000,814.714724,689.026135
461.219451,0.000000,818.780549,694.085791
461.528335,0.000000,818.471665,695.142566
460.205055,0.000000,819.794945,692.894464
460.373310,0.000000,819.626690,701.303128
458.210276,0.000000,821.789724,688.714919
455.732396,0.000000,824.267604,705.086433
458.220782,0.000000,821.779218,700.090427
454.144143,0.000000,825.855857,698.150957
444.178456,0.000000,835.821544,699.274606
437.276911,0.000000,842.723089,704.609684
442.292874,0.000000,837.707126,696.595614
440.394606,0.000000,839.605394,702.163682
432.168403,0.000000,847.407898,706.634759
434.972144,0.000000,843.755737,697.035702
436.959693,0.000000,839.422485,702.456724
436.757057,0.000000,838.798706,701.172698
437.795661,0.000000,837.142395,699.166976
441.180640,0.000000,832.520874,702.843132
442.515327,0.000000,833.108337,703.200832
445.011939,0.000000,833.598755,701.645552
437.542243,0.000000,841.726135,702.339744
438.730140,0.000000,839.533936,709.202770
434.597602,0.362280,845.402398,695.762878
427.024021,0.000000,850.075928,700.359472
425.459140,0.000000,848.625854,707.933886
425.919834,0.000000,848.281616,693.026239
428.911777,0.000000,851.088223,698.637265
428.585131,0.000000,847.217834,703.262877
427.393877,0.000000,848.723877,694.651427
433.326036,0.000000,846.673964,694.098724
436.640252,0.000000,840.482300,694.036941
441.976281,0.000000,833.510193,694.378151
444.234918,0.936237,830.012695,691.347717
439.355737,0.000000,837.919250,695.810200
436.602105,0.465342,838.937988,696.863159
437.902978,0.000000,837.160461,701.831430
432.956201,0.000000,842.434875,703.641942
436.704461,0.000000,837.420776,705.334795
435.789788,0.000000,840.686890,708.090371
432.865075,0.255543,845.396179,697.274597
442.993981,0.000000,831.452087,706.194966
438.175103,0.000000,840.700439,704.259592
443.028375,0.000000,835.148926,709.530431
442.076562,0.103198,837.923438,698.240051
447.223492,0.000000,830.383972,706.093096
454.174817,0.000000,825.825183,706.738961
452.965124,0.000000,827.034876,703.739415
448.992786,0.451525,831.007214,700.331482
453.926416,5.444262,826.073584,690.853577
460.115277,0.000000,819.762024,689.495257
454.627362,4.812722,825.372638,700.863220
459.987265,0.000000,820.012735,704.118051
454.364024,0.000000,818.886414,690.116948
455.592723,4.566561,819.279602,698.117371
454.151408,0.000000,824.730835,695.574831
458.062297,7.039247,821.092163,688.024658
476.166240,0.000000,803.645508,694.693238
462.456676,0.000000,810.809021,702.782319
463.995158,0.000000,815.749878,689.812058
473.987071,2.475792,806.012929,698.731323
483.223730,0.000000,795.044495,691.519097
485.706091,0.000000,790.966248,684.836514
484.773199,0.000000,795.226801,701.539167
481.231540,0.000000,798.768460,690.985923
475.836229,0.000000,799.936279,686.048259
472.999620,0.000000,807.000380,691.634817
481.742333,0.000000,798.257667,695.088038
475.473980,0.000000,802.488464,691.646161
480.183239,0.000000,799.816761,692.505789
476.060583,0.000000,800.593079,692.064937
478.709601,0.000000,801.290399,694.014341
478.192050,0.000000,799.288391,692.205077
477.843844,0.000000,802.156156,693.190795
483.255418,0.000000,793.116699,688.850830
470.741289,0.000000,809.258711,693.622864
473.233315,0.000000,801.378174,692.061920
476.772317,0.000000,802.148071,698.757400
463.173226,0.000000,813.114075,690.500862
466.920785,0.000000,811.696838,698.775578
474.445229,0.000000,805.554771,684.089998
479.571400,0.000000,800.428600,697.746903
480.744990,0.000000,797.611206,692.286202
472.652888,0.000000,802.071777,690.959294
465.771174,0.000000,814.228826,690.350313
449.818112,0.000000,830.181888,697.069047
446.610564,0.000000,833.389436,693.418801
449.821944,0.000000,828.881470,692.655506
443.278640,0.000000,835.002991,685.785608
441.719711,0.000000,832.338135,697.518140
439.608199,0.000000,835.772583,690.582190
416.396804,0.000000,862.808655,686.772296
425.656326,0.000000,854.343674,690.037729
401.647529,0.000000,878.143982,672.638585
406.462135,0.000000,873.537865,659.598772
389.175556,0.000000,890.824444,661.364267
398.076273,0.000000,877.944397,640.962529
379.547037,0.000000,900.452963,655.307589
369.316548,0.000000,903.692261,661.809281
370.030049,1.110360,907.253296,657.364929
366.658650,0.000000,912.118164,660.130074
363.893758,0.000000,916.106242,658.079319
370.625132,0.000000,908.010925,655.779955
366.122660,0.000000,911.479980,670.276483
360.282572,0.220913,910.913574,654.115906
357.271189,0.000000,913.977356,636.127591
361.110819,0.000000,915.383301,641.028822
356.216532,0.000000,915.436523,637.760596
359.951304,0.000000,916.069763,629.267322
350.496348,0.000000,926.939880,613.302728
359.398509,0.000000,912.037415,616.159055
350.643351,0.000000,927.604858,621.852446
340.688059,0.000000,932.169250,604.901992
354.814005,0.000000,917.353149,629.310798
351.995982,0.000000,920.291199,627.976017
350.905375,0.295320,922.579590,623.955444
354.810465,2.552828,916.116821,617.253906
349.531931,0.000000,930.468069,623.017244
355.640416,0.000000,921.197876,614.078538
356.473668,0.000000,915.475220,624.217797
354.140294,0.000000,919.393921,612.478283
354.338048,0.000000,925.661952,618.961157
362.167010,0.000000,914.965942,615.259814
367.857379,0.000000,906.857178,619.177179
365.311114,0.000000,910.902100,613.824246
363.489916,0.000000,912.003479,624.831526
369.226184,0.000000,909.720642,622.004752
380.011431,0.054592,899.988569,620.903625
371.042154,0.000000,900.336304,609.952999
372.551156,0.000000,907.448844,626.603300
373.353093,0.000000,897.049072,619.713393
366.493138,0.000000,907.349304,622.880989
375.938176,0.000000,900.552734,628.526554
384.702611,0.000000,895.297389,631.325746
399.048907,0.000000,879.127991,643.845246
400.737017,2.352066,871.322815,655.259766
411.294695,0.000000,860.042175,655.644974
409.305621,0.000000,864.416321,666.459328
409.131792,0.000000,870.375305,678.065662
406.571612,0.000000,867.381409,677.801935
406.072283,0.904630,873.927717,675.732666
405.058541,0.000000,868.677368,670.599820
412.096170,0.000000,867.903830,668.461714
414.402882,0.412894,859.879272,656.952576
417.579060,0.000000,862.420940,662.732658
413.291117,0.000000,861.408691,670.525997
417.090861,0.534574,862.909139,672.494202
427.755483,2.710478,849.185608,671.177307
425.668538,0.000000,850.363403,679.867735
431.738576,0.000000,845.632507,679.844970
441.039052,0.000000,838.960948,687.058929
434.477503,0.000000,840.930969,682.122024
441.133174,0.000000,838.866826,694.480293
438.572690,0.000000,838.954590,685.499515
436.118650,0.000000,843.881350,704.157656
443.907958,0.000000,836.021729,691.451020
436.316130,0.000000,840.073059,694.285569
438.411467,0.000000,834.155334,693.359337
431.558928,0.000000,848.441072,698.027172
436.131973,0.000000,841.728577,704.267553
433.038345,4.750598,845.768616,697.163330
440.558425,3.518176,835.259216,699.757812
440.736129,2.689868,834.698730,707.540894
443.269851,7.244617,835.040710,696.372559
451.100692,17.302630,826.661743,696.248474
439.975692,31.448657,838.304565,682.602173
443.539565,42.968158,835.848450,663.709167
442.870254,38.494739,837.129746,678.691162
435.569191,42.674396,839.181335,669.168030
444.988105,44.068500,833.292969,665.924744
449.919197,46.270801,830.080803,661.238159
452.004185,47.903766,827.995815,672.096234
461.088488,51.539560,815.003723,661.228943
456.918016,52.836648,823.081984,657.403809
452.564813,56.925027,827.435187,653.213379
453.439358,46.674905,826.560642,664.104492
442.373244,49.190927,837.626756,661.186707
429.982886,59.850503,850.017114,652.624878
453.978900,46.886087,822.054382,671.874512
439.896198,45.674539,840.103802,670.180176
431.187723,52.451852,848.812277,665.853577
449.459004,46.812173,829.655457,662.417114
440.189656,42.088815,839.810344,668.681213
439.897959,51.477182,840.102041,661.230164
447.000859,50.394968,832.997559,665.315491
445.417028,41.221902,834.582972,678.778098
444.679919,48.093953,830.146790,669.509827
448.842883,47.428731,831.157117,672.341248
453.081598,42.061879,826.918402,677.938121
448.986233,47.159663,828.939453,670.948120
447.775357,44.731257,832.224643,673.912842
444.861861,50.488428,835.138139,668.569641
439.342643,48.552149,840.657357,668.273987
430.618831,47.469874,849.381169,672.517151
428.268003,41.794215,851.731997,667.779114
425.530394,55.429865,854.469606,659.167725
431.979919,48.563715,845.067139,661.419556
431.196197,50.439387,846.407776,665.084961
426.012268,65.063593,853.770752,654.936407
429.597473,72.427365,850.402527,644.760132
427.994812,68.390927,852.005188,646.769775
421.160614,74.002622,858.839386,635.716553
430.555008,83.790738,849.444992,626.159851
417.484413,83.550565,859.755859,625.776672
410.125465,80.738919,869.874535,630.580139
401.528004,82.970884,878.471996,630.969238
414.362574,91.533750,865.637426,626.833984
410.719525,86.937650,869.280475,622.833313
408.451071,91.903989,871.548929,623.142090
406.799968,95.748838,873.200032,615.187500
399.951925,96.088254,878.252808,623.892700
410.843679,103.629758,867.752502,611.233521
410.321737,100.794034,866.142334,610.025330
406.646078,93.304105,871.867188,625.821106
409.217886,102.897641,870.782114,608.892090
413.095149,110.224332,865.901367,600.416443
407.197535,119.927884,868.490295,592.375549
400.951320,108.344541,878.668274,608.340088
395.451686,127.351926,880.169739,590.666138
387.414485,122.315091,889.316406,590.633118
390.708125,120.169767,886.980835,599.830233
385.101527,120.058730,892.100769,592.884094
386.652308,117.428969,890.482361,602.571031
379.645625,120.366004,897.786743,592.345154
379.271693,119.464332,900.728307,600.535668
380.748060,123.774402,896.722107,590.933594
382.355848,118.699573,897.644152,592.982422
380.134741,111.182392,897.101501,608.817608
386.371649,113.007669,891.602295,597.282288
383.520209,105.200205,894.635010,611.225098
379.869269,101.750925,900.130731,618.249075
376.413516,98.597020,903.586484,610.063477
373.208406,94.120702,906.791594,621.476318
394.036179,82.573857,885.963821,637.112488
389.392235,82.382878,890.607765,630.409973
390.212017,85.831517,887.848328,620.580078
387.927441,84.239751,887.556396,631.521667
394.428845,84.379308,882.059204,627.351929
382.111218,82.943273,895.688843,637.056727
376.289746,74.374499,901.238037,641.194275
369.247174,67.449419,905.488220,640.826172
373.168438,64.755969,900.299255,651.250916
362.818096,69.342333,913.816345,637.407776
360.414257,61.368578,919.038574,655.650208
365.933148,61.532061,912.719055,647.575439
370.473126,60.682696,907.485535,652.992432
372.977795,55.124285,907.022205,659.340698
359.862677,50.690112,912.847412,662.163635
368.098028,52.866076,908.946289,660.027039
364.543402,53.697253,915.456598,656.906189
363.459170,46.347399,916.540830,665.257751
366.748903,38.352343,911.482361,674.183167
371.358217,38.424944,903.400208,671.987915
367.993928,33.704607,903.524048,672.881226
364.920259,32.202624,915.079741,682.214539
372.803880,30.520556,905.174805,678.786682
377.099992,31.980914,900.176575,678.405029
375.076035,32.272906,901.879272,678.611328
371.895707,32.288775,904.326111,668.993896
373.666947,30.692858,898.661560,680.745056
370.492814,30.372210,903.259094,672.765015
375.504227,26.341570,904.495773,686.268677
379.037972,25.551379,900.962028,676.242859
383.273899,28.996142,895.668152,679.599670
383.093327,24.972582,896.906673,686.089905
384.115053,21.756518,895.884947,695.260071
378.630403,21.401385,895.732910,685.148804
380.835053,32.217913,898.847534,674.552612
386.070405,28.750323,893.005005,676.543701
382.686860,29.479418,897.313140,674.113831
379.292771,36.252581,900.707229,662.387817
381.888756,32.165240,893.348511,675.112061
385.495812,28.606402,891.310669,681.985107
385.899529,29.092059,894.100471,686.225464
390.258907,26.464312,886.511841,677.290283
389.494564,25.184771,890.505436,681.473633
393.105070,26.859423,881.446045,684.332336
395.401060,27.856036,884.598940,683.295410
397.494201,27.759509,876.673401,682.961853
397.355681,30.675494,882.644319,677.598389
396.705337,29.194018,876.032166,681.156311
396.660629,29.815173,883.339371,684.987000
394.974815,27.633563,879.669006,685.534302
393.228477,20.379443,886.771523,691.560364
387.120190,37.146990,889.877991,676.466675
390.732342,33.655596,889.267658,669.223389
392.757955,28.188097,887.242045,681.624695
393.317668,31.483355,878.981506,681.290527
395.845164,26.853045,882.994629,685.938599
402.407603,28.322131,871.139282,688.257019
402.018748,19.589587,870.626465,697.512878
403.210460,26.036028,871.090454,688.033081
407.788402,18.117205,865.457764,697.575562
415.772197,18.807848,859.597595,692.648132
416.392772,15.707659,863.471924,693.700073
416.634318,19.120806,863.365682,687.907227
416.901815,20.840502,863.098185,695.430237
411.311106,23.478503,868.688894,685.695496
412.889867,22.676562,865.863159,683.236389
412.107122,25.884142,866.441101,688.888855
414.883916,17.937975,865.116084,686.909363
416.393466,16.515368,862.355042,696.394958
412.922366,12.404101,867.077634,696.601868
420.499421,11.798632,859.500579,697.789856
412.734605,5.375201,860.102478,707.436523
421.546433,7.549670,858.453567,700.751648
409.550194,3.306506,864.468018,707.415710
415.773674,7.044848,864.226326,703.950500
408.526486,8.244433,863.552490,702.423889
416.743405,0.000000,862.175537,709.145098
416.246182,0.000000,857.818665,709.125314
426.773647,0.793370,853.226353,710.353760
430.433668,0.706090,847.202209,708.028076
422.424116,2.758031,853.420288,703.555786
433.505323,1.014287,840.051331,700.892151
435.007765,2.452550,843.205139,694.598145
439.570631,2.029027,834.337708,694.094360
441.383040,1.149052,838.616960,695.661682
443.906180,1.990819,831.989624,701.978149
442.092765,0.000000,834.920654,699.806096
451.178428,0.199038,823.310608,700.908020
451.436667,0.000000,826.038757,700.156252
444.482078,0.000000,834.785095,699.613191
446.802390,1.129349,832.455505,700.907959
445.519523,0.250413,834.480477,700.782043
451.709407,2.905137,827.635864,700.229919
454.935237,0.000000,825.064763,705.072739
451.350675,0.000000,828.649325,705.322289
444.611281,2.621258,835.388719,698.713562
444.719459,10.084271,833.577393,696.643250
446.517524,7.790966,831.244690,690.486450
438.907020,6.157421,835.849487,699.676147
444.194190,10.325604,829.231445,690.099792
431.123237,15.219982,848.876763,690.770508
437.370731,10.802471,835.830994,693.873840
434.272159,13.062634,845.727841,691.016602
440.197054,14.312023,832.086060,689.930908
440.188967,15.714825,839.811033,684.940002
436.035096,19.228466,836.633667,686.065552
433.550691,19.854717,846.449309,680.105042
438.335648,19.726971,841.664352,678.995789
430.199440,25.616924,849.800560,676.905090
428.771107,29.669506,851.228893,678.549438
439.783686,36.610150,840.216314,670.159607
430.358731,36.881725,849.641269,673.541748
425.193495,30.607617,854.806505,677.031616
426.737556,42.767956,853.262444,658.689697
429.101474,40.586254,846.889832,672.043091
425.232303,39.776745,850.784180,668.405029
425.902378,44.006603,849.757263,660.265381
430.230075,54.605145,849.769925,651.830994
423.421037,57.768139,848.813538,649.218384
425.377733,49.119335,849.788818,657.710083
428.033373,57.891552,851.966627,651.705200
431.677239,56.757702,848.322761,654.944580
432.584591,62.910504,842.383057,649.114807
428.760739,63.949658,851.239261,648.644165
428.471770,53.367870,851.528230,659.142212
431.103805,50.958050,844.819092,663.268250
426.504867,49.584820,849.164673,665.313782
428.466872,47.163067,846.287781,664.007141
430.719070,48.971539,849.280930,658.772766
432.574470,58.126019,845.224915,645.757507
431.117134,46.008526,848.882866,656.511780
425.368717,42.119213,850.753967,669.509399
423.369205,42.339825,853.636047,664.500061
424.664646,38.412731,849.562988,666.428711
423.731815,31.997326,856.268185,679.642578
425.094454,29.546734,854.905546,675.997131
424.930802,22.830181,855.069198,684.317444
428.321053,17.743694,851.678947,685.241394
430.046635,15.521160,849.953365,680.480164
428.405764,6.717877,851.594236,694.027161
430.878877,7.040539,845.001526,682.279785
425.482270,6.542797,853.973450,686.896118
427.094178,6.481671,852.905822,688.639709
424.112763,3.323315,854.666504,688.597778
430.934235,1.691479,849.065765,686.359253
435.321884,0.000000,844.678116,687.361035
428.718834,0.000000,844.415222,698.208532
424.334587,0.000000,855.665413,696.126422
422.510403,0.000000,852.258362,698.547952
433.042843,0.000000,846.957157,697.945088
425.751371,0.000000,851.220764,699.916026
426.401243,0.000000,851.293335,705.182134
424.952116,0.000000,850.084900,683.580203
427.667845,0.000000,850.753784,674.549867
421.437620,0.000000,858.067993,678.423585
424.472563,0.000000,855.527437,660.194092
417.472487,0.000000,858.323486,666.876831
421.594649,0.000000,858.405351,656.233399
409.759666,0.000000,870.240334,657.012482
401.685589,0.000000,878.314411,661.024338
396.238119,0.000000,883.761881,676.958275
394.227580,0.000000,882.345459,690.182323
393.798106,0.000000,880.598450,667.573980
392.476451,0.000000,881.115540,673.165408
387.386241,0.000000,887.661682,673.195436
382.524211,0.000000,891.361816,685.657502
364.738170,0.000000,911.768616,690.123459
366.802836,0.000000,909.820435,678.032158
363.562388,0.000000,908.842834,687.513851
356.086436,0.000000,916.221741,676.618071
361.372813,0.000000,915.825256,678.776107
352.491740,0.000000,919.545654,693.027000
358.591502,0.000000,911.483826,690.407665
360.350841,0.000000,912.066711,685.269934
357.795146,0.000000,913.169067,670.331988
374.390452,0.323251,901.222351,653.769714
366.221232,0.000000,913.210938,646.023691
366.573405,0.000000,910.756104,633.156102
382.712047,0.000000,897.287953,645.331347
370.543706,0.000000,909.456294,622.598230
378.298556,0.000000,901.701444,628.503369
389.884477,0.000000,888.252258,630.588171
388.410142,0.000000,888.256836,670.675616
387.853410,0.000000,889.903748,680.059427
397.662156,0.000000,882.337844,680.837056
424.692467,0.000000,850.180298,683.977244
436.566888,0.000000,841.660461,700.493505
441.467095,0.000000,834.637390,702.869403
452.697198,0.000000,823.357361,703.850930
452.936852,0.000000,824.691284,704.779896
463.476433,0.000000,816.523567,707.395228
464.212582,2.628278,810.319092,703.253418
471.957272,1.982495,808.042728,694.336731
471.289488,3.466016,801.510376,706.194641
475.405974,4.442792,804.594026,693.356567
477.549666,1.746900,796.653564,697.293274
484.057601,0.689435,795.942399,707.552734
485.030082,6.685407,794.969918,683.975830
480.254329,10.109937,793.727478,693.408997
487.341671,3.207074,792.658329,691.119995
491.920896,6.470502,784.635864,693.322144
486.061918,1.527845,789.910706,703.645691
488.020841,5.151258,791.220398,687.284851
484.076322,4.459516,791.530579,697.774048
489.251036,7.955060,786.425293,699.477783
479.270903,3.871747,798.347717,693.737671
483.330046,2.445783,794.646912,704.411133
473.311460,4.382337,805.996338,690.409119
465.126005,0.755872,814.873995,708.315613
456.509993,0.000000,821.568909,700.006940
425.198379,0.000000,854.801621,704.583853
404.127967,0.000000,871.785706,703.677577
378.428901,0.000000,898.543213,705.973554
355.849708,6.028952,917.430359,692.081177
346.607246,6.739493,924.724609,688.885193
350.061897,9.232474,928.552856,692.567688
352.583808,8.434348,920.897461,690.995483
347.062751,9.206046,922.679810,690.248718
346.353218,8.483603,929.517334,693.643799
351.859657,6.334006,919.006165,696.351685
352.216529,5.134635,917.758728,696.654724
349.980903,5.612479,918.190674,695.015930
350.013526,2.297965,927.407166,698.004578
348.632575,0.000000,926.270874,697.667838
353.447761,0.000000,918.947632,696.633510
350.158180,0.000000,919.982849,704.103285
348.989509,0.000000,921.588989,701.868262
348.346229,0.000000,921.609924,700.352313
351.632148,0.000000,916.953369,697.168314
349.737098,0.000000,929.335510,700.774922
353.528114,0.000000,924.085999,697.520884
352.864601,0.000000,923.961365,707.611364
348.696601,0.607348,930.850586,699.518005
349.692634,0.000000,927.809448,695.468859
350.004096,0.000000,925.255127,702.332635
348.634590,0.000000,928.444824,694.752041
351.092842,0.000000,924.913818,703.576765
358.428840,0.000000,919.602173,695.687919
365.088630,0.000000,913.191772,705.680141
366.225654,0.000000,903.182129,694.926374
368.908302,0.000000,905.151306,702.518271
362.177070,0.000000,917.819336,707.448833
353.524055,0.000000,914.609741,695.681112
361.080726,0.000000,918.919274,701.063640
357.857471,0.000000,922.038391,696.917898
358.571674,0.000000,921.428326,698.416438
358.583506,0.000000,921.416494,693.514463
362.723302,0.000000,917.276698,698.468321
363.676897,0.000000,916.323103,693.851074
354.151681,0.000000,925.848319,695.540405
354.925786,0.000000,924.382629,701.826904
356.583745,0.000000,921.231018,693.041168
346.153020,0.000000,930.731873,700.979172
346.443669,0.000000,928.462097,693.254784
335.979039,0.000000,936.891357,703.020550
342.920720,0.000000,927.906921,697.793203
340.741551,0.000000,939.258449,695.538753
333.547533,0.000000,942.024170,697.641721
324.529436,0.000000,946.231262,696.791777
334.880328,1.070632,938.108582,696.120972
333.477740,0.000000,941.994324,694.046493
329.305437,0.000000,948.097473,688.910911
325.436297,0.000000,951.853333,693.928020
339.869250,1.033987,937.865601,693.411072
332.951647,0.000000,937.374390,695.994162
342.601031,0.000000,932.119080,693.079600
352.950274,0.000000,917.541443,698.559881
352.459643,0.000000,919.230957,697.742800
358.316088,0.000000,913.959961,701.404970
363.688128,0.000000,912.921692,695.116944
364.672106,0.000000,913.021362,695.954010
359.095202,0.000000,920.904798,698.244461
369.215875,0.000000,910.078003,700.518196
363.132104,0.000000,909.770691,704.142887
363.631951,0.000000,915.516846,697.225771
371.511834,0.000000,908.488166,704.699159
394.340603,0.000000,879.644104,706.645508
404.634610,34.004212,871.212585,684.011353
414.990689,66.347473,859.548035,647.449097
426.210171,82.261750,848.502380,628.882507
428.377286,95.360871,851.622714,617.234070
428.575575,92.149353,851.424425,625.844360
430.598945,87.916626,847.883057,627.650879
430.772987,88.254303,847.974670,624.586609
424.464484,91.601898,854.074097,619.792786
417.940589,94.436188,862.059411,617.679871
415.314014,97.035218,864.685986,617.324829
413.837610,95.485932,866.162390,612.516174
415.998212,99.132141,864.001788,615.650757
423.474692,101.497986,856.525308,606.486694
418.833842,102.757874,861.166158,613.130981
426.370809,103.634979,853.629191,605.790833
425.400187,104.066376,854.599813,611.969055
436.423513,108.709717,843.576487,603.088623
428.739833,112.436432,851.260167,605.955505
438.501325,116.137696,841.498675,598.066406
436.930350,129.481354,843.069650,582.315857
439.975398,133.999573,835.375549,579.504517
441.048824,142.784485,838.951176,573.795776
443.624174,143.965912,836.375826,576.034088
447.128341,148.625748,832.871659,571.374252
442.342613,148.575020,837.134033,561.004761
447.410697,146.642250,832.230774,569.954529
442.380851,145.903450,837.619149,574.096550
439.306209,146.624729,840.693791,562.279480
441.621733,146.392216,837.455811,569.153931
439.770933,146.720036,840.229067,573.279964
445.797210,136.365206,834.202790,576.953979
453.074752,131.828066,821.732178,583.997498
455.654495,134.635805,819.360779,579.011902
465.186386,130.954073,809.350464,580.691284
477.100326,131.798189,799.651489,583.558472
480.118667,129.606295,799.881333,587.541382
495.784767,127.652010,781.335022,589.222168
502.849861,125.422853,774.954590,587.703430
506.393867,126.087679,773.606133,583.130615
512.905186,130.585207,767.094814,585.825012
527.723986,135.211000,752.276014,576.004333
534.054284,134.304689,739.150330,580.877258
539.777581,133.783999,740.222419,580.981628
545.267056,139.772554,732.011536,575.529419
555.534085,138.842134,718.405212,576.970581
563.359829,141.903505,712.484680,572.183289
570.484402,147.183382,708.745789,564.375000
579.495144,152.198610,700.504856,557.382629
580.343550,150.460726,699.573669,568.531006
584.831221,158.573671,687.747009,556.455261
587.094740,160.057222,689.239502,552.152710
594.241957,157.040499,683.333008,554.843872
591.264174,159.217379,688.735826,557.268677
591.882148,158.059816,678.127563,554.581116
580.907752,166.684114,693.221863,549.528320
575.536323,160.510775,696.844604,553.676025
558.307960,160.809481,721.692040,549.460449
583.200580,157.992617,696.799420,555.665955
581.687784,151.682985,698.312216,559.607971
559.581014,153.744936,720.418986,557.954285
583.258402,151.631807,692.684326,562.726196
568.436259,141.383333,711.116211,568.708008
566.266032,134.225313,713.473022,577.012085
560.531870,112.282991,713.860291,605.567139
551.618723,97.606966,725.012268,618.266357
551.520915,85.157167,728.139282,626.687195
539.137980,73.637850,736.730103,634.630615
532.098551,63.965792,747.901449,648.073853
532.309957,56.282381,745.202026,648.218506
527.538442,51.017702,748.549744,656.247375
526.551137,38.738955,749.814392,670.114929
515.234975,36.498140,762.945007,671.235718
508.960378,34.915957,768.106262,676.274841
508.402456,40.250002,767.947937,675.863831
510.602864,29.054842,764.918701,676.682617
499.300863,22.914766,777.603271,686.120483
483.673055,21.143740,793.261963,690.940369
482.870809,20.267153,796.861328,683.806824
484.111135,17.638613,791.639954,693.232361
485.816091,16.839693,794.183909,697.689331
471.921015,13.339144,807.105408,694.888428
467.516688,11.550325,809.216553,703.760498
460.689936,7.567812,819.310064,700.260681
443.707578,9.607851,836.292422,702.990173
426.033263,7.004519,849.847839,707.593811
426.068297,2.677736,844.946472,713.040100
421.128264,1.273500,855.182007,713.632263
414.440489,6.092958,856.088318,709.362976
415.357726,0.000000,858.845642,701.972322
403.872466,4.023362,872.360107,699.062561
396.896269,8.556932,876.432129,702.093079
396.831420,12.231370,873.133606,690.776184
392.098509,12.005723,884.155334,697.979187
382.493987,9.134568,885.989624,696.056458
383.827788,8.995408,888.497559,691.483948
377.324828,9.379838,896.288391,703.491455
379.406645,14.560075,889.423096,695.658813
354.092314,13.861588,913.026367,695.291382
371.657225,13.821031,899.695618,696.973816
371.433715,15.027329,897.906067,696.654968
365.173155,14.838273,900.265320,695.612671
364.467040,12.319139,904.276672,698.277405
372.227812,8.698594,893.126221,701.562439
361.198882,11.045640,903.180176,697.044373
365.511595,13.162858,903.194885,694.661987
378.562224,12.402543,888.031128,695.462646
424.958708,18.008561,849.612915,690.967651
460.809600,3.422349,817.582764,706.297302
450.773833,0.000000,823.434326,702.572434
485.274382,0.000000,791.684692,706.044610
508.664183,0.000000,768.545471,692.104824
520.098937,0.000000,759.901063,705.440901
521.742492,0.000000,756.756531,697.604880
525.768737,0.000000,750.897156,694.071483
530.875549,0.000000,749.124451,694.540472
525.609192,0.000000,752.496521,697.307284
530.566681,0.000000,745.322510,704.904527
531.974395,0.000000,743.317871,703.365960
532.526214,0.000000,745.170044,704.964627
534.110809,0.000000,742.672974,704.521193
536.033477,0.000000,740.645508,697.516273
537.161346,0.000000,740.924683,709.585285
544.813629,0.000000,734.756348,713.164469
536.647064,0.000000,738.054321,712.051198
536.677551,0.000000,741.814148,713.645197
539.820373,3.160703,740.179627,713.546204
498.582702,35.902585,778.692810,681.759949
456.983063,86.477384,808.443359,625.145508
420.608948,140.963865,817.013611,574.360779
398.907226,171.641782,815.859436,543.946106
373.323730,185.634855,826.539856,527.581543
368.068115,187.691068,814.743225,525.466431
349.504333,188.009702,821.205017,523.465393
341.428222,188.127652,822.960266,523.254395
339.977173,184.507535,823.166077,527.278320
335.572937,181.965512,826.602478,530.005676
333.073669,182.935605,829.144714,526.906799
330.766815,185.668485,831.391235,523.451294
335.896271,182.983793,822.484375,528.095093
343.656830,176.626310,813.844116,533.229736
343.425079,171.185147,813.671143,548.296875
335.950867,139.449552,820.325867,570.165527
331.615356,115.890378,821.787170,599.786316
328.070679,93.747068,829.291077,621.198669
342.085876,61.134000,830.960144,647.427490
357.729614,25.916257,819.947083,678.613953
365.764892,13.748288,809.568420,688.030701
372.487518,1.651029,803.452026,703.094116
371.504272,2.055478,798.814758,699.443176
364.606415,2.962552,801.383667,696.867065
389.814545,3.564237,769.334106,699.810425
372.270538,1.581754,788.062256,709.879395
392.801086,5.256955,762.038513,700.921082
394.668609,14.384763,754.067627,695.246765
404.107941,28.015775,727.842529,681.300903
410.158203,29.912290,709.956848,676.141174
412.074920,45.155759,696.305542,654.858826
415.904938,48.640805,686.002930,649.912903
411.752441,52.721769,681.941223,644.101318
407.334442,56.190213,680.914917,634.422241
423.283630,61.722837,664.124207,627.656311
416.354645,68.253446,676.801514,613.738892
441.456756,68.846677,659.912720,610.639343
433.069000,70.596189,671.606201,607.218445
445.508148,72.437101,663.509888,613.050049
458.185272,75.769101,660.972290,605.749817
453.566223,71.997586,663.463074,615.788208
454.503296,81.589841,662.480530,608.002380
450.542297,86.016660,664.378845,617.588440
466.391937,106.355222,647.723022,603.079773
477.416687,123.027555,631.324158,592.903564
471.878479,141.214780,639.547791,568.835999
459.039764,149.235257,647.157593,563.026001
469.101868,148.598874,638.286072,566.622742
470.383819,152.286985,640.208008,563.055603
468.963531,158.144468,638.977295,547.551086
465.909393,163.948728,643.699829,546.092224
467.038177,156.978818,640.739868,556.451721
470.584930,158.687741,638.060669,550.569031
460.133179,161.320768,645.238342,553.306396
468.075409,167.894864,640.524292,542.012939
466.791412,166.178678,636.418701,542.348633
470.709686,169.810880,631.901245,546.909180
472.992950,170.628904,624.983154,540.476990
460.814026,168.393430,639.738220,548.290222
472.980072,168.817472,621.807495,544.632080
452.643768,176.304105,640.268188,542.452515
469.172882,178.397092,628.350586,532.056824
445.778961,179.927823,651.396729,530.314941
449.047973,180.209806,649.779114,532.466309
454.646271,185.311246,644.985840,530.689697
457.989715,185.672452,648.550903,523.201904
452.606628,191.251615,649.546326,521.701050
453.866913,188.521421,649.904175,519.455139
453.935058,188.682004,649.572815,526.137878
448.072815,183.586026,651.313904,525.578369
450.996429,189.096006,648.952759,526.972717
442.750000,188.049833,653.906799,522.722534
434.017639,189.392881,655.980408,530.190979
421.039001,192.493467,668.158386,523.161682
396.348663,195.545163,680.726074,519.875183
382.211395,202.678342,681.377563,507.850037
358.764984,201.346891,695.239380,513.202393
336.125519,201.677564,699.287598,511.298615
324.842651,200.870618,701.831604,509.533844
326.466095,202.056073,695.068359,506.067474
330.800323,195.785917,680.619385,512.121948
330.393402,183.788572,674.829956,523.646423
333.661285,179.069761,662.487061,521.947815
334.478699,175.009824,653.700623,523.758362
334.282226,168.681333,654.276917,526.943176
345.347046,156.238309,638.649231,525.755737
365.162018,128.578366,642.616699,537.998718
384.871612,92.415586,640.665283,535.790344
400.060699,56.630460,637.234375,528.603027
402.948639,8.789884,638.502686,530.662598
413.104614,0.000000,624.847473,498.143567
403.862701,0.000000,640.402832,479.786902
405.811310,0.000000,643.836914,470.370364
407.318725,0.000000,647.343567,482.874300
419.669464,0.000000,632.210938,493.357346
420.715820,0.000000,630.516663,485.497902
416.138733,0.000000,643.177429,487.721928
419.346618,0.000000,635.291931,484.027422
415.626617,0.000000,644.423828,484.179193
407.503876,0.000000,648.919800,486.781994
423.205932,0.000000,633.500793,490.548773
417.167206,0.000000,636.048218,511.441501
423.835571,24.323656,635.569153,540.925293
433.635376,82.030595,632.715881,544.978699
438.994690,130.767473,628.163269,544.985168
450.745117,158.028276,620.971252,533.639343
456.502014,176.471727,615.816345,527.838867
467.188354,188.934129,608.891663,512.865967
466.892731,196.134218,611.002686,506.521454
473.169281,204.298448,603.328979,504.473511
471.505859,201.769960,608.156555,500.868378
470.804352,204.961076,606.467529,504.183411
474.637420,204.397722,609.476196,500.367493
474.715851,206.650575,606.037354,504.999725
476.065216,205.205446,611.492432,500.255219
473.755737,203.180879,608.585999,507.303375
468.872436,205.081895,620.978577,498.998657
480.955383,198.836824,609.598816,504.601593
477.862366,201.530931,610.232361,505.825439
483.510193,200.676347,604.335144,511.614441
477.651245,200.986925,611.093811,501.084595
477.716583,197.517534,609.215088,506.645935
480.671020,201.350267,609.494934,506.008789
483.805389,197.143434,606.104126,504.570648
484.479584,194.236284,605.155396,505.375427
486.501160,188.657686,600.461121,510.112457
474.340698,193.247102,613.024719,504.539093
477.974701,191.924654,610.975952,500.252594
464.761871,184.747285,624.357910,492.549957
467.457275,167.303316,622.579407,499.016266
468.391754,156.567400,619.851562,500.205627
475.455108,156.626222,608.693604,498.520355
460.063324,157.999742,626.882935,497.179565
471.339294,160.565675,615.929871,494.009857
460.064087,150.630052,623.787415,497.011719
464.748138,150.746660,620.711792,497.185486
460.710724,139.220277,620.108887,510.030487
461.595978,134.713457,619.652588,519.046326
454.776001,133.836809,627.083801,516.796936
442.316406,131.549532,637.877502,511.753815
451.799866,128.537447,630.185242,511.276031
454.121704,127.271883,626.439758,511.437531
447.742187,124.813219,634.207336,512.669556
447.778168,122.491289,632.910767,504.619080
460.596649,117.519365,624.105103,505.484558
467.774170,113.230211,615.933167,513.210327
453.761810,114.598405,630.833862,514.746399
455.205963,108.350877,633.605713,523.076904
457.513367,106.775438,626.364685,521.940430
458.038544,100.800951,628.820923,525.919678
452.513244,94.815843,634.980164,527.946289
441.462066,93.852830,644.506348,536.211914
436.946045,90.691087,649.895813,537.428223
443.501983,87.799730,641.139160,539.590820
445.611603,83.523546,640.187988,540.476196
439.029693,85.725603,651.462646,537.232483
443.830536,84.632860,650.515991,540.518066
433.760925,82.410112,663.052185,535.452576
447.857056,78.668108,645.722473,527.714905
433.590149,77.539598,662.004333,523.772461
432.989227,78.693071,660.976929,526.784607
436.776733,74.559984,657.173157,519.534668
442.506958,78.985857,653.028381,520.643127
425.095001,77.189928,666.348145,528.291870
427.407196,78.354509,666.276001,533.647278
416.851135,85.489778,671.242859,510.169464
428.655487,83.158281,662.576782,522.273865
417.870697,85.373369,669.006714,509.377869
416.926452,81.946397,671.573914,519.379028
426.215210,81.191576,659.584290,523.399658
432.857452,83.295808,651.947998,511.945099
429.952728,72.646043,654.246948,524.327148
428.889496,71.029039,656.534790,527.312866
426.219116,72.892381,661.914612,517.322266
424.506714,71.866060,670.355042,507.400299
436.773804,73.277849,663.304504,519.179993
432.392090,69.693681,669.648499,531.094177
445.075226,68.913591,658.775879,520.801331
435.620575,69.705675,670.838745,508.088013
447.800598,67.535173,667.332458,504.871887
439.653808,68.136949,677.850403,504.930054
448.789337,68.382478,669.520264,498.678741
447.638397,64.502916,673.873169,494.505249
445.557251,61.147585,680.347961,493.849457
446.015289,57.608400,682.951172,487.482758
443.772491,52.994585,683.992188,485.653992
449.154419,36.740800,681.270813,483.434509
450.007873,12.929979,681.976257,473.604980
459.183685,0.045839,685.046509,452.301971
463.433258,0.000000,687.605957,412.119264
475.477020,0.000000,685.168335,385.210664
473.014648,0.000000,690.765198,383.489792
474.215210,0.000000,689.641418,379.623863
481.278198,0.000000,683.773010,382.682583
485.122925,0.000000,681.104309,386.693693
489.529632,0.000000,676.800171,388.003402
484.400970,0.000000,683.784302,392.723487
483.602539,0.000000,682.556946,408.495243
481.409912,0.000000,681.828186,437.629549
482.545349,0.000000,679.177673,462.258012
483.719177,0.000000,676.910583,470.439187
485.018188,0.000000,672.366516,490.709034
482.324646,3.007197,676.508240,504.118469
484.417297,15.050181,676.415466,510.290802
484.426605,35.791285,674.012573,524.869385
493.006988,50.928278,664.103516,532.606628
490.944610,59.220728,670.000488,519.633545
493.051880,53.660303,665.150208,528.063477
493.919983,58.697352,663.322449,524.785278
496.676361,61.598261,660.868530,520.986389
501.773804,64.966181,654.843079,525.489807
502.670379,68.721247,654.338013,526.494080
505.839722,74.209864,652.399231,520.386719
501.855560,72.895868,655.586548,515.826477
500.500000,81.089808,663.080872,509.287476
502.139801,78.637262,660.508057,512.455017
503.605591,81.587534,659.513489,509.839386
504.037659,78.581507,658.931335,512.323853
500.449127,84.167551,664.578369,503.997955
503.172180,84.785578,662.871277,508.104431
504.304718,85.176249,663.692627,508.729095
509.749451,83.143396,656.987488,515.695923
508.926117,91.233484,655.356812,499.713501
504.460083,90.640406,665.010071,511.780518
508.160675,94.963831,659.710938,504.944458
504.769623,98.023218,664.413696,515.207520
503.355072,93.590418,662.954956,531.542847
504.625061,100.287836,665.320496,527.943665
506.474304,101.506067,665.340515,511.231812
512.861481,100.120661,652.745605,528.118103
511.593628,100.707819,654.471008,532.269714
511.790771,103.166132,656.857727,526.198303
509.967254,105.433344,655.623657,523.811584
511.256622,108.502039,654.916504,520.575317
511.152649,110.291803,652.561462,523.958923
511.611786,110.233301,652.410034,525.470215
510.560821,111.794275,655.298096,522.826294
507.392303,110.855005,659.174438,516.391602
508.588653,113.303003,658.982178,512.284668
508.981445,110.628412,658.430725,519.772034
501.102508,112.449000,667.523804,516.594482
498.578125,113.718805,666.396790,518.040466
501.606811,111.308191,664.620422,512.687622
507.090484,114.461435,660.295654,511.391876
506.553009,112.737970,658.693848,512.100525
508.138214,114.163416,659.166504,514.763062
507.728973,114.770060,659.064331,509.628632
508.096161,116.461710,660.137817,510.399139
507.888702,121.049448,660.718262,507.227081
508.959747,124.262858,662.838867,499.091766
506.290069,125.957590,668.968262,501.725250
509.391022,123.370020,664.852295,515.489990
509.320984,119.979456,661.179871,523.319946
511.077240,121.471583,661.667847,517.023682
512.378662,124.096766,655.920959,521.470093
509.724762,128.596216,659.064941,515.447510
509.967071,128.114802,654.979248,514.690857
509.026428,128.388331,663.085144,525.809326
509.497497,130.394922,655.851257,516.964355
507.640381,125.863459,657.090881,527.827332
505.810730,126.857691,661.596130,531.513672
509.139252,128.271509,652.537964,526.092773
512.193359,128.210596,650.259338,526.209473
513.908539,128.495203,647.959351,523.601196
511.117706,128.543573,652.351318,521.927795
509.171051,125.217432,656.239990,520.127441
512.070068,128.086176,656.680725,519.041077
507.703491,127.220759,658.303528,521.596375
510.842071,123.606043,656.866211,520.694946
509.660705,124.067682,660.870544,522.726746
511.483764,125.955866,656.055481,513.559509
509.851044,127.794459,660.314087,516.905273
513.779541,126.629084,652.267151,521.016785
513.438843,116.746729,655.679749,525.745850
514.232391,123.039637,652.563354,523.385376
509.304504,121.859705,663.868591,519.309937
511.091461,120.383112,659.125488,522.735291
507.121582,122.626307,664.999084,521.994263
504.327789,116.172968,667.985596,533.169250
503.820251,117.901789,668.189636,536.624939
506.535339,113.159815,664.961609,540.370117
506.405914,119.913691,664.036865,534.841125
506.522949,116.817957,664.406311,538.080933
507.921661,115.656580,662.338379,534.183960
511.196625,114.898676,656.101929,536.115784
512.415344,119.833216,658.741882,527.349731
508.578735,117.624994,661.568909,528.048645
512.490722,121.724909,658.023743,523.889832
508.651153,118.602564,657.759766,523.711182
507.650787,114.369745,662.284668,526.009094
503.779632,112.349329,663.534058,529.577271
496.005279,114.274653,669.511230,524.764465
504.756378,113.216303,663.117920,522.752991
502.879272,114.852717,666.078186,522.119080
504.858215,116.205713,665.333679,519.591309
511.385284,115.069391,656.858398,517.025085
509.813629,114.320856,661.461182,517.919861
512.851868,114.555658,656.920837,514.124329
509.119995,116.227167,659.613831,511.008606
503.691131,117.945826,665.375122,505.500977
501.564789,115.782389,665.725708,506.004852
504.181885,117.201929,665.049622,507.485596
499.369110,114.652735,670.307251,512.830566
493.341797,115.675165,673.108948,515.315247
502.500702,118.641169,665.396851,513.822937
505.413635,115.742304,659.616882,520.958801
507.120239,114.756098,656.948059,535.316956
495.280853,116.508661,667.899780,528.413635
500.352783,121.892389,664.879456,524.535828
500.272705,116.045466,663.064270,529.787292
501.031891,115.451441,663.431641,527.713623
502.586120,113.339167,663.171814,535.524109
500.845703,114.638453,662.304504,533.826416
496.907501,114.130152,667.004395,533.172607
501.850494,118.020411,660.196777,529.333008
498.708435,115.387629,660.576599,534.052917
490.174072,120.734430,668.718079,523.630554
487.127075,119.502649,672.088684,518.984253
491.997986,121.040217,668.112488,521.412048
492.917328,121.552149,662.190063,526.441650
490.688629,115.930048,665.330811,527.409485
495.851471,118.098261,661.833252,522.829651
492.137878,114.085474,665.953796,517.072021
496.755157,112.755610,658.984131,515.910706
498.186157,113.635401,661.845032,520.334717
498.005737,112.438593,658.982971,531.431702
496.141723,110.910975,660.133850,533.869507
494.215362,110.866907,657.478516,533.539185
486.595245,110.696619,662.659180,530.174927
486.674652,110.724634,666.791870,524.566650
487.477661,109.787989,662.482239,526.924805
486.065887,110.779902,666.575317,524.887268
485.848205,112.895289,668.931824,522.424316
484.953094,109.336420,669.253296,525.535950
488.560638,112.654841,665.216187,519.875671
495.421112,112.744654,660.647827,520.324707
497.284210,110.440973,653.696533,521.553406
497.387451,112.426600,656.210266,521.924194
492.575226,110.940058,656.826660,518.983704
495.676880,111.763239,653.609924,517.949402
486.510315,108.499201,663.097107,518.867371
489.751037,112.190226,656.756531,509.326874
491.614349,109.431299,656.846069,506.840820
493.001922,109.532496,658.485229,502.805908
491.295044,109.694468,659.550110,495.156769
479.931579,111.773707,669.431824,491.978271
486.821747,110.427118,661.791138,491.323059
487.137939,108.665445,659.655579,493.197968
486.665222,108.318201,659.938904,491.967896
485.728851,107.865885,657.987671,496.644257
487.177551,107.123957,656.529236,495.588562
485.244232,108.526957,657.822876,496.473236
484.299164,108.772867,657.735962,499.424042
483.846283,106.014490,661.401245,501.366333
479.656067,109.282038,664.236755,504.867859
484.782348,106.693293,654.263245,505.592957
483.828979,107.825098,658.010559,501.428955
483.204315,105.573237,657.379761,507.464661
484.233520,105.762400,652.940247,509.623199
482.115143,103.064066,658.184082,509.655853
481.050201,102.977793,655.717041,507.908234
481.548004,101.845606,655.883545,511.834717
479.099609,95.746088,656.178772,525.819153
473.313507,98.930445,662.595947,526.299316
473.977569,101.021326,663.996826,521.023315
476.653747,95.972254,660.218445,530.558960
475.613098,94.753748,660.602966,529.889038
471.806457,92.506983,666.655945,531.239990
472.614837,90.803187,661.098755,529.862915
474.690277,92.304865,659.738647,528.084167
471.264313,89.290094,658.371582,529.217468
471.789276,89.572260,659.671021,530.083801
469.886261,89.196467,654.980713,525.534607
468.936432,90.297632,655.766602,527.896484
470.060333,91.989893,650.611084,527.859619
468.868133,93.140558,650.194458,529.400574
459.214325,96.811915,657.756958,525.021240
464.129089,98.545740,648.525818,525.777466
458.042206,101.749720,651.490112,527.224731
441.091949,98.210688,668.813477,530.171448
438.594238,102.078241,669.331848,524.935120
436.091797,101.877222,665.388000,520.777100
432.333710,102.621241,663.496704,530.330322
438.808624,103.523890,650.155518,527.754272
439.306732,105.352228,645.342407,531.912781
434.968902,108.574915,645.659180,529.846313
432.245605,109.277704,644.109192,531.682190
426.918396,110.862970,644.782654,524.816101
417.969879,105.626246,652.197266,532.603271
416.401367,107.500483,652.859436,523.757874
404.223907,101.283777,662.538086,534.731079
395.211487,101.494318,671.112244,531.051941
403.670654,99.365870,656.159485,534.413574
387.643951,102.999689,668.407959,532.384460
385.170563,100.442713,668.220703,533.639282
372.317779,101.552088,676.075195,533.172241
374.611633,104.920069,675.561707,535.250977
374.073791,103.445551,677.502136,541.839417
368.705139,103.855005,686.089294,541.975342
381.620117,104.255732,673.205139,538.258606
380.673157,104.637659,667.939392,546.249390
384.594604,103.402979,664.344788,547.722168
388.139038,105.852625,663.312317,549.369507
377.612274,104.376307,675.802856,549.565308
375.214996,101.768335,676.104492,549.188477
376.702942,104.405878,674.009460,546.879456
383.291870,101.906885,672.080139,547.280029
377.255920,103.206171,676.732605,546.045227
388.141449,103.208124,668.810669,538.178528
395.491699,103.070887,665.800354,537.845825
401.341461,101.052820,659.197510,537.371704
405.024475,106.188990,656.061707,524.239990
400.785889,104.386469,670.391907,521.080872
401.878296,104.857721,664.332581,526.935486
398.980682,107.033930,669.053101,516.719299
397.168213,108.344141,672.304504,512.508057
390.937866,111.270090,678.540100,508.658600
395.231323,115.233790,675.162415,502.528564
396.573395,118.695521,673.831299,511.085327
394.937439,116.398157,672.325867,521.095581
395.139221,113.368158,670.115417,527.617493
399.695343,111.440760,663.944580,543.538208
398.315674,108.974939,662.665588,543.301392
400.530426,110.572901,661.115479,540.824951
403.381927,111.207636,658.063843,537.684631
402.390930,109.208918,655.129822,532.628357
403.680298,109.454706,661.826477,532.617004
400.116669,117.664271,662.066528,522.127563
402.185272,114.408899,662.045044,530.865601
404.854675,115.835871,651.326599,520.799500
402.824585,112.946344,660.039856,516.505554
404.953827,109.777643,652.225708,517.851257
405.481170,105.745936,653.061157,524.798950
404.666382,105.052759,648.558655,523.556152
404.994903,103.325373,651.568359,523.079773
401.987152,101.056849,655.178833,527.307495
398.967438,96.941370,656.718262,533.247925
398.551544,96.838068,657.134033,529.984070
395.112366,99.881983,661.417908,533.375732
389.019653,94.948511,668.103088,521.892578
395.287597,100.034235,665.437561,522.028259
398.300934,95.776819,662.422363,536.644165
398.146179,96.103815,661.588074,534.756287
399.019043,99.112574,660.627747,534.082275
395.651916,94.398737,664.668396,530.548767
393.688080,94.891657,673.716675,525.314392
396.916717,91.753809,671.684937,524.886963
402.165375,90.920344,665.593628,529.088562
408.975128,88.286249,658.670898,532.102356
408.803070,91.704218,656.600952,521.050842
406.637451,85.545191,665.417053,518.379883
409.593658,83.278895,663.520264,526.057007
405.381164,77.606806,664.076355,522.571106
402.620056,76.258570,667.220642,526.487305
406.976440,75.577509,661.971008,528.760803
404.637207,76.791590,664.185120,525.328247
405.251800,82.427668,666.619263,519.014099
401.384826,78.342096,669.900085,524.248230
403.815338,84.401636,667.518311,518.172363
408.230408,87.685450,661.529724,522.367188
405.856384,84.048456,664.933044,520.569397
409.396149,87.605158,661.402588,514.458923
407.826965,85.000452,665.656921,512.139038
404.832977,90.041468,664.072876,506.435181
406.722229,95.750620,665.682312,502.657257
412.790466,92.680262,660.634216,513.369995
408.224243,91.789881,663.749329,508.401489
404.047180,90.572748,662.723816,512.423645
400.018188,79.267664,667.324036,527.863403
395.739258,91.629755,671.662170,517.069641
400.408081,95.322764,665.387756,507.845978
398.965088,96.857126,667.249573,504.719147
399.668579,97.144343,665.281067,502.057556
397.023193,93.755777,667.231506,507.287079
396.903015,87.809870,663.195984,516.733826
391.696869,88.402369,669.710083,521.910645
393.488617,96.969233,666.189087,518.704895
385.530151,95.312037,675.152893,516.033447
389.626282,96.398340,670.568542,522.843018
388.378204,95.135645,670.215820,521.587158
388.889801,98.887140,669.892822,520.084412
389.681457,99.976130,674.236267,531.546326
388.425445,95.558039,670.391846,533.124939
382.107391,98.455347,680.680786,537.521240
383.544922,95.593958,675.361145,541.837769
387.843170,101.092859,670.813232,535.089722
381.234161,104.826868,668.602051,529.344604
377.331238,103.514307,667.335632,522.822266
378.030701,102.367884,664.716248,514.308472
364.736633,104.564554,680.937683,503.735687
365.393097,103.019297,682.591309,505.380402
365.495209,101.389582,680.181274,497.289246
362.896179,100.150782,678.517517,501.224854
374.598480,99.582361,666.880493,507.442749
363.803711,95.735560,672.710999,519.361694
368.186645,92.930658,671.890686,519.460266
357.559875,95.506403,680.265808,513.568298
366.389984,88.822199,670.109497,519.929626
359.546356,89.627314,675.408569,516.230286
362.042785,91.913035,679.957458,506.827789
359.829895,95.179209,678.759705,506.942169
361.001007,88.780512,675.141357,513.249817
357.583313,92.449869,676.715759,510.557343
367.503692,90.036280,663.032227,512.621338
359.654205,83.943430,673.881836,508.312408
370.801330,85.056833,662.263123,511.709625
369.618164,85.935328,663.204895,513.333984
369.405212,86.166651,664.860046,509.902832
355.836181,87.959971,680.776184,509.476593
365.458008,87.695994,669.912170,508.785309
358.094482,89.364603,679.114563,507.832855
362.776550,93.444407,675.203796,507.932281
361.313965,87.026972,676.293030,510.043762
370.820953,86.497370,667.920166,514.271423
372.876068,88.949518,667.875366,519.007263
373.590790,85.766626,661.759888,528.536865
375.708130,88.037592,663.640930,522.295715
376.046722,84.685816,661.717651,520.935791
376.713684,86.654200,665.174255,533.456787
377.134857,85.259485,662.568237,540.392700
379.786835,84.900354,663.624878,533.702271
378.264862,83.303919,664.827026,534.573364
369.046661,82.601709,674.691162,532.554932
373.146759,81.179957,676.054932,524.964111
372.304382,80.621149,669.402771,525.994812
374.298401,86.504084,673.870789,504.473083
373.535217,85.345148,682.052185,502.112244
375.235626,81.171824,676.797363,508.867828
377.131683,80.184641,674.435669,510.141754
369.982239,79.063166,681.363708,512.882019
381.111816,77.932734,670.430481,517.703186
377.514862,79.477289,675.984009,514.109924
382.256622,81.286722,674.472168,510.462006
377.233978,78.234675,676.346802,519.378113
384.475067,79.219721,671.467896,520.882141
392.101013,77.915033,665.979187,523.537170
386.579498,81.615046,668.406982,520.761169
392.839325,84.853388,665.208130,515.027649
390.685272,84.028071,668.190308,520.861877
400.010132,81.606318,654.866760,521.122131
389.886261,85.510370,666.391846,518.359192
400.368316,82.313440,657.972900,516.362427
383.209869,81.404444,675.771240,527.530029
399.662384,71.972834,655.370605,535.060974
390.066070,72.455164,665.846436,529.693970
395.629181,74.820124,659.262207,535.150085
392.516174,78.522120,664.703552,531.668945
390.001739,76.312189,661.965088,532.465027
391.247528,78.132471,662.811646,534.018799
386.601715,80.769159,664.634766,534.422424
391.771698,79.281977,661.041626,528.719299
382.786651,81.261957,671.546387,524.149475
379.541656,73.847651,675.091309,528.363342
367.482269,77.933527,680.043335,520.979431
371.904938,73.462488,681.204590,528.861694
375.927978,76.419581,670.022278,525.021484
375.036041,75.072382,672.657715,533.256897
382.803345,75.560877,667.072815,526.730103
377.519256,74.097925,673.411743,531.268799
382.357025,78.482569,660.671021,523.908203
384.105255,77.463038,664.312500,526.646484
388.160004,80.939112,655.795288,532.629883
384.339325,80.468439,657.799683,532.247498
387.232239,75.927027,654.840759,540.081299
393.940704,76.188471,647.565674,531.386780
395.055969,69.508295,644.944519,528.830383
392.807312,69.921595,647.517273,519.202515
395.392517,69.986536,643.047791,518.578979
394.814789,75.086939,648.692505,512.614990
394.090637,77.018000,649.264832,507.607361
395.925659,77.343454,648.923645,504.116608
397.124084,80.310663,643.336121,498.331848
396.918030,81.098993,646.175720,498.945862
398.418701,79.602076,644.779846,493.949219
400.683563,73.116007,647.248901,510.629608
400.681091,71.893915,647.935242,502.776917
400.284363,68.886316,649.132019,510.046509
402.771698,69.221277,649.085815,524.570923
405.102936,71.507197,646.346191,521.846497
408.694061,76.794840,643.902222,511.025116
409.045074,73.991053,646.981934,525.773315
409.211029,76.309229,650.726685,516.979980
412.130737,74.390925,650.552307,526.943542
413.571075,73.274347,650.218994,518.668884
413.788696,70.755915,648.922180,521.185974
418.112518,70.138727,645.013794,529.106384
421.799682,71.227747,647.358704,526.627075
426.016083,64.133173,646.401489,533.907043
426.239715,70.439966,649.115112,530.031982
427.882233,62.675196,649.756592,539.765381
427.481750,63.049402,653.249451,535.082397
422.796020,61.877894,654.786926,544.451538
420.365753,56.617701,661.012695,546.347900
419.992157,61.296625,664.311646,540.870422
411.971863,64.845026,676.257996,541.054626
417.769531,65.626856,666.872864,534.446289
411.955536,69.617731,670.596069,534.287292
416.317993,76.467035,668.485168,528.210999
411.312713,77.543818,675.621460,528.772766
413.448547,74.767969,676.410828,535.685547
417.162628,70.544703,668.959473,537.467041
420.549591,68.650538,670.665039,543.772461
420.642822,58.377985,670.840149,550.580750
419.465027,53.541468,673.003357,556.292847
421.633240,42.886866,671.433777,569.733398
428.740936,31.628718,661.976685,588.080505
432.250305,20.175470,661.667664,594.092224
439.763367,12.755457,656.622498,597.952515
451.288788,10.185572,647.490112,601.864502
454.159973,8.163080,646.423767,597.547913
456.585296,5.366144,644.198608,601.868347
454.974853,6.900324,647.066223,599.020203
457.185913,4.811976,646.996643,596.203735
457.525024,2.213099,642.704407,599.968384
466.799927,2.593714,638.498840,596.104126
456.053222,3.496088,645.467346,591.379944
455.564514,4.463678,647.704529,587.607117
454.798492,0.105250,649.567627,585.788086
466.161224,0.000000,640.677368,592.302118
460.510559,0.000000,643.647888,592.116941
461.577759,0.000000,642.976379,594.044920
467.901245,0.000000,637.346741,594.484069
473.563782,0.000000,633.899841,589.520568
456.389343,0.624145,648.889343,604.239563
460.868255,1.713592,647.958374,608.650024
448.160248,1.334350,656.283081,619.008606
453.400390,0.145965,654.692932,622.840210
438.880005,2.177124,665.221008,628.798157
470.582886,1.210083,637.312805,630.846252
445.785522,0.000000,657.336487,632.391510
474.521820,2.828110,626.595093,630.896667
468.739044,4.400467,630.441406,637.075195
487.755096,0.000000,611.901245,638.170639
477.789642,0.000000,624.642700,635.616783
497.744140,4.811504,600.988342,642.267456
481.931244,1.857586,616.293579,642.928711
466.365631,3.297039,631.354980,648.188232
463.459076,8.603069,634.484253,651.906250
492.024383,17.378612,605.069946,652.944031
506.159790,22.023540,586.103333,651.996460
448.395538,34.531689,638.784424,640.873230
468.777466,37.314800,615.791321,642.329712
476.886688,40.812481,597.786011,648.510620
480.110535,48.505718,591.658386,642.538208
475.020874,55.085125,594.177307,636.800293
474.124969,60.585491,591.921997,633.262695
481.644440,62.233807,579.146240,639.348633
457.489868,60.736401,602.729065,645.502136
441.537170,67.879681,615.775330,627.130127
417.260742,77.865643,635.160950,617.916016
501.661163,76.535290,551.869873,624.049133
406.551941,79.205303,649.280457,619.361938
505.715637,80.553661,550.270447,623.091492
444.954285,87.532116,613.450623,618.725159
449.276733,83.398479,605.439026,619.942139
440.494781,78.350964,609.450439,627.498352
443.142090,87.062115,604.797668,620.274780
439.303528,86.179089,609.359070,624.354553
447.865722,89.147472,603.673401,614.342346
424.765350,92.882122,623.079224,616.684082
441.362823,94.529095,611.413330,615.192871
437.901062,101.462017,610.271179,603.407349
423.338928,111.057140,621.294128,592.650696
412.949463,111.921886,629.626282,591.418762
434.301636,117.677013,605.864807,588.762024
414.543701,131.652355,619.794250,573.593323
478.107727,131.819103,557.728943,573.300110
453.004974,144.608623,580.373169,559.890259
486.869629,158.965862,542.049133,549.262207
453.940033,169.197216,575.887573,538.817810
452.179413,180.781841,577.693481,528.285034
436.403412,191.607891,592.694702,521.408813
424.190796,200.944729,602.645081,510.965607
406.106964,210.403759,624.778320,497.120300
410.249969,215.783062,615.880737,493.742554
408.604523,218.385799,616.442627,493.862518
405.718963,217.538708,624.044556,491.391174
407.740082,218.759701,620.474487,493.773895
411.079651,217.925152,616.320496,490.211304
410.226074,210.389873,614.377991,497.837769
415.196350,208.070339,612.510437,498.653351
415.836304,209.781857,612.987610,492.900482
414.898529,211.240276,616.567017,495.597168
418.296997,209.035412,615.891663,492.172424
418.149292,210.243679,618.195374,490.632111
424.368347,209.331326,611.297302,490.395050
425.215942,207.137066,614.460022,492.437866
425.181091,202.826992,617.868347,495.958160
425.908752,207.824886,618.506531,490.811981
424.276245,207.966961,619.899719,490.607178
423.878296,203.753445,618.388489,494.856476
426.786774,199.494595,616.771484,498.350739
425.039001,192.671871,617.899841,500.034271
424.907837,196.046001,619.241272,496.630493
428.025787,192.607738,614.689209,498.698914
428.718353,198.915905,612.775757,495.754944
424.877045,195.201504,623.101196,495.189850
426.836609,195.587627,617.108582,498.911011
430.177185,189.417507,614.180603,499.932892
431.622040,183.324032,613.681274,496.811493
434.068542,183.922115,612.110291,497.900970
432.432587,178.828396,614.812134,498.941193
432.211914,184.800610,621.699768,486.232849
432.166931,177.436794,621.192810,490.730255
433.819061,178.483578,626.388306,487.225067
432.254303,174.885296,623.751221,488.701416
436.850555,175.451748,622.697876,493.071198
438.442108,172.498074,617.722778,496.707550
442.231262,172.518871,611.400818,500.975769
439.938354,168.829250,611.968079,511.060333
433.581848,163.340176,620.332214,508.984039
432.991638,169.880001,621.978699,508.326752
432.079376,170.808147,622.593506,505.741699
429.633179,169.160915,624.214172,510.450226
436.083710,164.128429,617.551636,528.805969
439.123993,169.613964,612.300171,520.371521
442.259125,171.935284,609.759399,520.080200
449.368194,170.768841,603.917480,520.048828
458.250976,176.082790,598.167053,510.560089
456.545441,177.849728,600.565918,510.902435
457.178802,184.415554,599.996948,510.550079
465.810272,185.129513,596.580933,506.942963
461.088440,187.593792,598.930603,512.633301
462.435577,188.021267,602.049561,505.978058
460.760528,185.068569,601.554199,509.847321
452.163483,189.802670,612.455078,506.324188
458.781891,191.754467,604.351318,506.103455
457.273529,195.113491,606.568726,503.702545
458.001495,195.929668,604.627686,505.020142
460.141754,197.133022,604.367432,503.992340
463.510742,200.914532,603.451965,504.255737
464.758179,200.536343,600.538635,506.981842
462.902069,203.617672,603.574097,503.366058
458.284942,206.012020,608.475342,500.941864
460.277832,203.035076,614.578430,500.857178
465.201813,205.021648,604.066650,502.963135
457.769653,207.544308,615.313538,492.787933
460.306488,210.920696,617.118774,487.159424
465.106628,208.930202,611.733093,488.644318
463.082123,212.275112,615.077271,480.129303
469.039978,210.425274,608.345886,479.553589
471.448089,210.674679,607.053589,472.812103
472.084625,210.306347,612.597412,474.995300
473.732544,212.853420,613.274475,469.874542
473.213440,214.899166,615.022156,470.518158
473.328613,215.454632,618.697571,467.685791
469.176666,214.923382,623.124756,467.550049
472.808075,213.702785,629.322388,464.857208
480.013733,215.558865,622.747742,465.552277
485.557709,211.470745,608.386353,471.410889
483.589599,213.587719,617.573792,478.180359
487.667114,210.426525,610.494690,477.668762
491.785034,207.412136,611.980042,478.746857
494.126190,199.530773,607.237915,485.074768
492.560791,197.270443,609.592102,490.341278
490.116821,193.852383,611.770081,488.522369
494.000763,191.907604,608.815918,490.713440
490.272034,188.737225,614.914001,495.039551
490.462341,191.325451,617.440613,490.371155
499.849792,195.827038,603.373474,488.812317
500.432434,201.540859,609.370544,487.012604
510.968170,204.087505,609.308105,480.173950
516.716339,204.156017,605.737061,481.950012
518.784942,202.340557,605.976807,486.257446
519.255859,200.975994,606.685608,481.886963
526.359802,198.225109,601.428162,491.188782
523.227722,194.723766,607.889099,491.986877
529.255005,196.782528,599.655579,491.787079
525.499786,191.342937,609.559814,491.282959
525.862701,191.402660,606.022461,498.234802
529.933227,187.909130,604.093323,490.019226
533.049438,187.945553,604.869446,497.933441
535.914093,187.714321,602.836426,492.456451
541.423920,183.587200,600.138306,494.937500
539.398681,184.478435,603.978088,492.727539
540.297912,180.403637,604.112488,500.285095
543.548706,182.086224,599.831848,507.093506
538.034271,178.746502,604.797729,515.060547
539.940521,180.968914,602.209595,504.428711
534.565613,182.251324,604.577576,511.938354
535.335113,183.536694,601.836914,499.949402
531.173706,185.313137,604.412659,499.682892
523.289154,185.444256,614.845581,501.797607
518.163086,179.749325,622.835754,503.389862
520.818329,181.278835,626.287964,498.471954
523.784241,178.930172,623.905212,492.619232
530.431793,177.056896,616.233643,498.957825
529.744507,176.431957,617.753723,501.765808
532.900299,170.634685,615.769287,507.586670
520.462860,173.557156,631.896362,505.363312
527.618286,173.719585,625.196106,501.426880
528.365051,173.805675,625.778748,500.258850
522.603912,175.946362,623.404785,504.385437
522.427521,171.713421,628.339844,515.865479
526.278900,172.540722,623.475464,509.579773
523.705047,172.235760,623.687622,516.052490
532.656524,172.051403,616.857666,512.489563
535.728485,171.934338,611.587769,522.056458
538.246094,169.431103,611.502014,521.008240
536.008697,173.346783,615.561279,519.992310
539.268219,166.685589,609.582275,524.734863
537.801452,169.975750,606.904236,502.150635
516.099884,172.385509,609.862549,508.416321
509.794433,165.136700,611.948303,518.626343
513.711548,170.822109,612.892639,507.621002
504.671966,173.723751,615.946899,510.354584
506.292297,173.590908,611.974304,504.712555
506.042938,179.507641,608.409546,494.164734
509.057648,174.224041,610.329346,499.564453
507.735626,174.214809,609.543945,495.210358
507.127746,175.002941,611.310242,491.032043
503.807373,176.738140,614.293274,482.343872
508.662414,174.188686,609.209412,481.346832
507.897949,172.546261,609.935608,477.576508
504.335541,175.290874,615.451294,478.693970
501.638183,172.596981,618.886536,484.693085
496.186493,179.318920,618.244263,487.390808
491.038940,178.344128,630.955383,476.481506
492.073120,179.018291,623.659973,476.695190
496.131775,183.425823,622.364441,477.680908
500.777222,182.520641,605.948059,485.092834
468.917877,191.778164,615.059326,480.391754
448.207428,193.243999,609.151123,478.105591
418.889313,189.360653,605.450439,483.772430
414.397827,191.298595,596.151917,485.994202
409.615631,185.709621,600.344482,491.332550
406.364197,187.305492,601.902283,490.501648
412.210022,190.044445,609.446716,489.719055
418.725525,189.138485,609.151550,493.056610
419.036804,193.467770,604.371277,486.830170
419.760956,199.675106,602.160034,494.979218
416.647491,227.564846,595.396973,487.442657
376.235168,274.997906,595.474792,436.669067
274.794861,308.866878,600.538513,404.365204
184.409485,335.191952,602.526062,383.997528
126.852539,362.265331,612.321350,357.523865
109.577789,380.034893,605.655762,334.852905
94.141876,391.682629,607.464111,325.530823
92.626007,392.988293,610.858154,327.011707
115.969238,393.677053,620.419006,322.403229
174.786835,394.459967,624.968140,325.540033
237.913269,375.980762,630.651794,344.019238
299.210144,351.596200,625.634949,368.403800
350.086212,354.470265,627.081299,363.933258
434.161529,358.678639,613.989502,356.710358
568.117554,361.284032,610.909729,356.479553
683.641327,387.225987,591.767700,332.774013
808.789566,441.989733,468.226349,277.567322
913.360763,471.517550,363.545135,248.482450
972.832321,487.194215,305.383514,228.902924
998.906113,498.579042,280.315887,216.959564
1010.786819,500.943895,267.726471,215.584961
992.800049,510.079080,287.199951,205.485733
950.945953,520.819223,327.590271,196.296341
897.075638,524.477922,378.862030,192.885315
866.587830,527.616571,411.979004,190.869247
852.934112,522.862451,426.818542,195.717331
845.297882,522.149926,434.455627,196.815720
848.041656,496.253289,428.485535,221.708847
851.570328,463.898439,424.994843,251.854095
845.328323,427.751222,431.127777,288.036224
844.228683,407.543473,435.771317,311.540100
847.408440,393.410890,432.333313,322.858612
848.695503,388.452836,430.038727,325.356628
846.987602,387.707948,432.925354,327.831024
847.106697,389.179048,432.893303,323.131744
830.990681,375.747880,448.769257,340.834290
809.552708,328.447267,470.447292,383.162567
780.979280,277.631135,492.631989,433.934235
763.582933,238.063920,514.606567,468.203430
719.209703,211.484590,560.603760,487.637726
686.639055,197.810548,585.915222,495.261932
644.307360,192.251435,598.846924,506.472687
600.914782,196.485032,601.465332,505.911499
549.931383,195.014451,618.912354,507.797729
527.256090,196.990236,608.003662,505.908417
497.078630,194.153871,612.050476,491.708099
471.093767,188.719087,612.598328,485.043488
452.317980,181.282304,605.188965,495.209290
429.363726,178.021867,609.305725,497.018005
412.968340,174.241319,607.332581,489.802246
403.006304,171.710939,601.405334,498.923798
385.260027,172.485536,623.268005,486.257660
398.581469,168.280488,614.522827,492.668243
395.450975,163.795915,619.850952,493.247253
402.227770,160.576829,614.380859,487.184448
411.604387,160.615937,610.692322,491.790314
422.407183,164.304353,606.955872,481.595612
427.865648,156.148469,607.028198,485.138824
436.321825,159.338685,600.169556,482.697601
443.890154,152.518754,601.614685,493.325012
432.360033,154.440385,613.406616,485.276672
434.861223,154.978608,617.929871,488.783966
442.469774,155.617265,611.049683,493.901184
449.283739,150.950700,606.226685,488.772156
455.916735,152.772935,604.174561,478.968262
460.194323,154.887559,600.048828,470.086670
449.068590,152.846757,611.582275,468.358948
462.601732,151.514680,604.624634,468.631256
453.730608,147.273530,612.247253,473.580109
465.196856,141.814744,604.462708,474.590210
460.454790,144.099290,607.778381,471.704712
466.940935,138.113633,604.982849,478.145020
473.440569,141.893174,598.852722,470.837402
463.720110,135.819337,608.636902,474.055389
470.691484,136.995790,605.974182,475.216400
465.642229,135.423539,608.721619,476.899475
471.738543,131.309968,605.555115,481.328033
469.764788,131.993409,606.237732,480.352997
461.198900,127.401384,615.216675,479.711121
475.509661,129.108766,604.527283,474.757538
472.687517,123.318345,606.777039,478.336670
472.047289,117.674745,608.338745,476.949066
473.307817,113.792070,608.612610,479.823792
465.478624,107.965791,613.905762,479.045929
471.158251,109.862886,607.905151,470.771271
471.279284,112.137849,608.970459,461.373932
463.401842,111.160478,620.716797,464.843567
458.279436,107.360978,622.767761,464.733826
474.818895,105.930986,605.070435,464.057434
460.646257,104.695955,618.849060,464.010651
473.040422,99.900636,606.285583,465.418427
461.789293,100.967393,617.416748,466.320557
471.624956,100.208177,608.182434,469.748169
469.776171,93.974488,608.008667,473.820770
466.984697,91.901368,610.521057,475.533661
465.368486,91.888765,609.753967,473.040558
472.662767,89.567872,605.069702,469.553192
467.544542,87.782670,610.103027,467.977112
463.543962,91.504777,612.615417,462.326355
467.266619,92.899980,610.973328,461.852356
463.586534,94.703035,617.880127,454.932037
464.140306,93.296251,615.848267,455.962402
465.558763,93.956422,614.005737,460.770721
465.474352,90.038285,615.139648,462.583069
467.503527,87.737092,615.666992,465.721588
469.228319,86.102403,613.963257,460.271729
469.841692,86.451646,614.175964,461.335449
468.417223,85.228273,616.502197,458.331268
468.461748,85.925676,617.386292,451.070496
470.603991,85.491517,616.114746,452.486420
467.666063,86.735322,618.228882,455.408234
469.103319,85.880494,618.075073,453.365448
469.025347,83.526979,618.952209,452.331268
474.475451,84.665498,614.180176,446.838409
470.524248,77.562318,617.648743,457.531097
477.045885,83.185304,612.334717,457.736053
472.964220,75.336030,617.024170,463.760040
477.891314,76.529405,612.296204,459.910156
474.618700,74.371812,617.526733,460.758789
472.884966,71.020463,618.815002,463.023987
478.424639,73.674134,611.786926,456.684174
471.880999,70.012712,620.480652,462.882751
475.796587,70.062196,615.572327,463.832855
477.972582,71.771959,614.789185,455.288574
478.853655,70.920839,614.812439,453.969086
482.194567,71.127916,611.139404,456.541016
482.878801,68.777528,612.570251,458.277435
487.563921,66.713288,607.209778,459.204010
485.031786,65.264650,610.577759,463.278046
493.603685,64.882463,599.470093,465.864929
491.961260,65.962388,600.740784,465.981934
485.315172,59.582872,612.453857,474.512695
494.009294,63.036653,601.502380,466.641998
495.298754,66.724397,605.621948,458.289948
496.392107,65.216844,606.142273,460.701294
498.025347,58.636689,606.425354,467.678497
497.966356,51.990846,599.000366,473.572723
508.539385,50.365556,596.743958,473.764709
502.950029,53.339143,598.067932,474.739655
497.315691,53.227830,607.917908,477.014771
507.982256,52.928254,593.376038,482.419586
504.794146,51.151490,599.438782,485.769989
503.803911,54.799989,598.819153,487.265717
507.935228,52.176133,595.071167,491.360596
507.162767,50.086808,595.482300,494.491882
504.691332,47.575334,599.210083,493.168640
511.524736,46.469377,595.638000,490.652771
523.508928,47.521012,588.208191,489.547058
516.857714,45.641908,590.715942,487.175140
517.668444,51.306840,592.154053,489.420715
511.653765,46.436921,600.498352,488.061188
512.202257,52.818864,600.606689,485.579041
509.114977,50.324632,602.453857,493.298462
511.495897,52.944215,602.228882,488.795135
513.689623,50.877061,600.696655,492.173340
511.140947,52.875871,603.377014,504.184998
518.518419,51.197572,597.739746,505.856293
520.511614,52.618730,595.183289,500.318420
518.432573,54.534455,597.229065,497.818024
525.773394,49.196138,590.569153,490.610382
528.515337,54.361924,589.005188,488.058838
534.193804,56.320298,581.382385,485.063232
529.720049,54.172074,587.512024,485.922180
530.313066,56.294938,590.350159,478.825378
516.668993,59.787126,601.466187,475.441833
510.024492,60.920533,614.066956,465.032440
515.659868,60.363252,606.217346,464.056671
533.588732,67.093660,587.056641,456.018951
544.357744,65.669877,573.626282,454.387268
512.241106,69.357682,606.312439,452.553894
531.915453,65.486787,591.496704,458.104767
512.023058,67.762330,602.539795,457.447479
524.912035,66.600450,593.486450,466.972412
514.422350,66.994172,598.934326,456.921051
549.590929,62.966478,562.484619,459.431030
536.666887,62.489610,569.812439,470.464844
529.673021,60.569810,575.644653,493.254395
512.035143,58.562608,592.084473,474.623779
522.672625,57.049791,579.604675,479.761475
532.090166,47.973008,567.639709,484.155762
527.746691,47.055070,569.393311,488.167419
534.602312,47.949998,558.267029,480.618530
521.514025,44.412004,568.533203,483.168884
507.853472,46.036317,582.685364,485.390961
503.766985,43.685426,585.501892,477.948700
499.653795,43.817125,585.560791,481.019043
492.107927,40.164293,593.517273,476.667725
500.169268,31.832383,578.845520,494.467041
501.285295,31.014817,571.577820,504.511597
513.977831,34.975129,556.107544,507.921295
492.577471,30.702226,576.864075,505.190979
520.868578,34.483537,542.038696,501.649841
488.481432,28.143205,573.604004,520.231140
510.680193,36.672227,548.517273,511.272217
493.193193,33.652559,563.444885,511.690216
491.553179,29.236131,562.397034,514.118774
497.989244,30.498277,553.069092,508.947021
493.989031,33.536851,550.895447,505.901611
472.924486,33.542222,568.153687,514.788574
478.236742,38.271775,559.392944,509.594604
460.080217,37.015046,573.418396,504.825836
464.644243,41.686113,562.993469,505.603088
473.672289,39.116487,549.271851,504.794098
473.700975,34.520982,545.644409,507.255615
480.513079,31.780442,535.848572,513.026489
476.519854,34.203920,537.132874,511.892426
480.324602,30.150834,529.696960,511.886536
465.391832,32.918290,546.341309,513.206848
449.951525,34.224092,557.725098,508.883575
454.003038,34.207933,553.830566,513.541870
456.899370,35.935029,551.241760,508.070831
440.568987,35.496049,568.057068,507.810120
447.862658,33.918534,560.056641,517.200500
454.638933,33.505037,553.625427,510.314362
448.658892,36.810701,560.519348,508.570465
440.174211,35.308061,566.943054,528.870178
444.995653,37.984666,561.500122,525.885132
453.144518,36.465226,551.906494,523.785828
448.609575,33.983873,558.544983,533.365967
440.525652,36.985917,568.473816,521.002014
421.904558,40.339067,586.410339,522.750793
435.503191,44.235154,575.129822,525.153931
433.539110,44.937150,578.366577,521.411072
438.243242,46.764787,575.628235,522.300964
438.009752,49.581254,581.351318,524.513245
432.151232,53.851884,587.953369,524.169250
429.527483,56.479905,596.293396,522.079224
428.901171,60.349107,598.997681,522.467041
426.636858,61.602922,602.636902,524.069275
424.993944,63.420152,607.273804,516.455566
432.043596,69.483995,602.254578,514.661865
431.146898,72.460466,607.172729,512.614929
425.730028,77.473405,615.840454,510.835144
424.964922,81.229631,617.761780,509.658386
428.107836,80.497895,617.307495,507.644562
438.585192,85.156770,610.603027,506.141998
447.057848,92.061174,602.858643,501.898865
451.540300,93.765947,602.356384,501.781799
457.939074,99.599504,598.694824,497.444275
456.829241,105.134156,604.833435,498.103729
465.155870,108.550691,597.715576,505.782867
470.555529,116.159913,598.729736,508.363983
478.824846,118.027787,594.543884,511.785950
480.305468,131.265901,591.494751,508.228912
489.009813,140.234376,589.385864,510.009979
492.665239,145.699800,592.612122,509.413361
498.876574,157.402665,593.661865,505.340393
506.099199,160.076829,598.001526,506.519653
506.572557,163.944551,607.585327,509.268829
516.713274,165.599412,613.274841,509.886353
531.267687,165.709031,613.192139,513.270142
539.162584,171.761140,621.249756,507.652252
552.827745,173.229585,613.428467,509.959747
560.300920,170.748902,610.246033,511.282440
566.261248,178.295762,606.729431,503.174072
571.772936,171.832658,604.257812,513.049744
570.095995,174.766877,607.830688,511.409332
573.066332,174.214891,606.944946,513.590454
577.058184,168.962022,603.455872,521.465332
578.582872,173.562364,603.665039,513.395752
578.608538,177.511369,603.869080,511.169861
578.157885,175.774461,601.794312,513.746216
582.347582,175.314943,599.316528,511.933807
582.188005,173.625291,599.043396,513.960571
575.263201,175.410981,603.917419,509.126251
570.980974,174.280656,609.399597,512.074646
567.784716,171.711320,612.687622,514.091980
568.314653,173.872667,608.808411,512.008301
565.936480,175.989564,611.117737,505.090424
563.148607,173.895875,614.016479,502.892792
560.953691,175.573976,614.173157,495.408905
563.761461,175.710527,608.950928,487.074280
565.047503,169.906587,605.409851,486.823273
559.198809,171.769136,610.281799,481.134064
553.327532,173.546663,612.120300,476.627838
544.965990,168.510850,623.731323,484.246826
539.550829,168.678727,622.502808,483.688660
536.931566,168.039460,620.165649,481.755768
526.580400,168.649186,618.693909,488.684021
524.307177,166.539125,616.426636,497.509857
521.304522,161.840760,614.475403,503.511810
513.720751,157.646241,618.294067,502.120087
510.563616,153.409852,619.122009,510.639496
504.205797,154.258256,620.680176,506.863831
501.917315,151.041276,623.186096,513.696960
497.744188,152.875383,622.670044,513.597595
496.477739,146.737107,621.706360,503.783569
496.259172,145.796830,621.300964,511.973938
498.077867,145.156236,613.964111,509.640137
495.767107,145.982652,613.990417,510.721436
488.538744,143.028382,617.357544,501.134125
483.641588,141.719453,614.202148,504.790802
482.295000,141.576036,616.979797,503.379883
479.172350,144.943971,614.605957,498.659882
477.391802,145.804750,615.041809,492.539886
478.719530,148.111116,613.307739,493.998688
477.979631,149.122865,610.393494,495.204926
472.224230,146.182618,616.310791,498.438202
468.319963,147.540071,615.373474,500.901764
466.865160,145.374788,615.039185,506.042389
459.653765,145.738588,617.915588,508.919525
461.950121,151.401155,607.855103,501.199371
458.469835,151.906617,606.725586,506.998260
450.772539,154.348741,610.568420,505.637207
448.598925,152.578965,610.370239,513.929688
445.166460,148.671952,610.686340,510.219543
443.391771,146.818132,609.001831,513.949158
439.453966,145.749833,608.920898,515.559387
437.633257,150.546830,610.490051,507.475647
436.383043,150.284318,611.250732,512.278015
431.393572,153.318254,615.010193,513.470398
432.940722,147.476381,611.312378,508.265961
436.548693,148.856614,605.093994,509.151245
434.656328,148.943238,608.876770,511.139862
431.168322,147.421968,609.922119,506.219757
425.317247,143.496263,618.757568,512.456909
425.438616,142.035279,617.910828,510.789276
419.753008,140.714173,620.237366,504.593109
415.343279,136.839647,626.860291,499.776245
420.549242,137.791536,620.390747,496.348785
429.643938,139.558259,607.498962,493.483551
429.315325,136.435197,607.248474,495.891052
427.433458,135.743257,606.735840,497.001495
419.459948,137.492265,611.483398,488.343323
417.361559,136.895417,614.740723,499.011627
413.797686,133.269151,611.713928,502.725830
403.434587,132.165300,623.970642,508.543152
406.593920,130.859544,617.724976,506.891235
398.418657,131.498033,628.536438,512.194336
393.971300,131.270555,630.125244,512.805054
395.607500,127.827226,626.140930,514.132874
395.543200,132.329927,623.229980,507.747589
394.799608,131.771028,622.688599,506.187897
397.571215,135.002641,619.726929,499.790100
394.150591,130.415223,622.230530,506.889008
392.162371,127.695222,621.748718,500.726471
391.955278,130.242494,621.834778,498.834076
387.603106,128.651994,617.856750,497.718933
389.256029,125.411500,619.771606,494.157684
393.528978,126.043702,609.884644,493.104950
390.243914,124.270417,615.212830,492.898834
385.910357,119.060792,617.205139,495.537567
387.595018,119.382219,618.457642,492.861511
387.601671,120.037996,615.127197,490.656158
388.804522,115.579011,616.661682,499.536774
394.197954,118.121843,608.654114,490.434753
395.926867,112.678987,607.322021,494.619293
393.511888,109.877778,611.622925,497.062775
396.651506,109.930360,603.285339,496.145599
394.270494,111.332811,609.489014,489.264771
390.947985,110.837861,609.395264,487.980743
393.159319,110.093736,603.204285,483.921875
397.724230,109.955171,599.448730,488.159210
394.527849,107.190660,600.662781,491.452637
398.660265,109.066743,595.954102,485.311798
398.642229,105.158143,596.257996,482.675385
399.110857,107.233415,592.621033,485.524841
398.093065,106.523698,590.494751,489.222595
400.047441,106.640077,585.588684,491.294281
400.417955,105.925004,586.563965,497.021545
396.528673,106.532563,587.072754,492.331329
396.204912,107.100358,586.310852,489.510925
398.916948,105.301149,584.424133,496.642548
401.735613,98.173005,580.032410,498.087555
399.479021,101.061708,582.422546,498.282318
401.468492,100.703523,577.144531,494.117584
399.617601,103.894838,583.358032,493.331146
397.912127,98.445085,580.166199,500.439636
399.871386,103.124055,580.024536,495.659332
399.949724,103.873063,579.028748,501.364441
397.338396,102.008485,578.994568,505.464691
396.057268,106.709001,579.504578,500.211853
396.951250,107.297853,575.917297,502.506561
398.422533,108.147203,570.541870,506.382812
398.168871,106.494249,570.981323,506.619141
395.785265,104.075288,571.750244,506.763947
393.573229,103.242479,573.813965,511.189819
395.371477,102.255204,571.430115,514.368225
394.821093,106.887864,569.132446,511.515991
395.649340,108.309007,564.826050,510.503296
401.580095,107.474351,557.724792,514.074951
391.428911,108.259111,567.653870,515.232483
391.083239,107.707017,567.230713,514.477295
386.776140,112.017121,569.203552,510.178619
397.372271,115.367997,559.551331,509.213928
396.304155,115.645982,560.778625,512.531982
393.529345,111.995317,564.405884,518.169006
391.975328,110.301103,564.967041,518.412903
395.133226,106.520097,561.483765,525.296448
399.262896,106.705064,559.060364,543.648926
399.635057,103.830796,561.242065,535.219971
403.734758,105.058122,562.634705,523.997009
416.020830,102.118699,555.692444,513.264526
416.111925,101.431016,564.074463,512.958740
427.215471,94.769212,563.225281,515.865601
429.679247,94.250627,574.359985,501.917664
449.474199,95.198777,569.393127,497.621216
463.347429,93.943177,569.837830,503.173431
471.332842,96.045472,570.503235,496.636810
477.349413,93.146226,570.893188,497.232422
478.969194,91.505174,566.554993,492.536499
481.030291,94.181642,567.181335,487.582977
480.891069,92.369355,567.507141,484.706818
478.242052,87.481858,572.440186,490.464233
477.027910,85.254090,573.109436,489.931488
472.573656,91.215486,577.129028,481.839996
464.329851,96.362840,585.649353,472.651733
472.800646,94.107225,579.296143,473.996948
475.179216,89.971650,575.231628,479.418976
468.073442,87.827363,580.172424,470.339874
473.545214,89.167756,568.458130,468.234283
483.126055,92.592515,561.790344,465.933594
480.762987,90.858674,563.827759,465.597809
476.455400,86.456239,566.547668,470.671967
480.992662,84.063340,560.293701,469.618408
481.598223,77.971574,562.253967,472.866638
469.416216,74.630754,574.063538,470.164978
469.374468,72.792604,574.258850,470.547821
472.515062,71.474519,574.340454,469.079254
488.485826,66.361406,563.737305,474.565735
496.307848,68.351793,560.016357,481.367432
507.367754,66.336137,554.644348,479.245422
516.025286,69.935380,544.520935,475.110168
508.613756,70.635408,552.882080,485.000641
521.845232,72.760209,546.949402,482.883850
531.366716,73.380769,536.630310,480.062164
525.146318,73.009431,546.204163,471.504791
529.801165,75.143525,544.589050,466.720734
530.113604,68.515947,549.029602,470.470276
524.043261,72.497606,556.258911,466.890015
536.738176,67.961473,542.333435,472.552124
536.111376,69.614320,543.851440,477.372894
536.330523,68.216661,549.938782,470.136230
535.762438,70.693986,549.724854,467.656433
534.837603,62.893525,555.414612,477.515900
534.059191,68.755754,555.961914,467.095398
527.669481,60.327043,565.560181,478.183044
542.570452,61.353303,554.234314,483.014557
546.406694,58.325242,555.773254,487.250854
546.257555,56.556840,562.186035,485.484436
551.253618,57.111070,563.183167,487.741455
552.361742,58.273271,572.039673,477.411438
560.478685,57.357469,569.429565,477.025024
571.041063,56.370744,573.422241,481.017517
577.029558,61.763017,572.626892,479.098450
581.822222,57.541047,580.608948,474.951324
590.951860,54.445588,576.143860,483.371490
584.646654,53.291536,586.745483,488.350983
580.735338,48.905000,592.070801,486.784210
584.967638,45.392549,591.225342,488.917267
584.648241,41.699998,592.147339,489.892456
577.399279,42.691240,601.309082,490.326721
576.887133,42.525499,601.205933,488.385742
580.351549,43.164933,598.312500,487.833191
582.755266,42.480821,596.264343,490.036377
576.968004,38.533189,602.059814,499.318604
576.067369,38.518296,601.263184,502.228516
573.826159,37.716172,602.509277,507.472900
569.805712,37.909303,606.120728,506.363251
572.391344,40.019700,604.936768,509.546997
568.040850,43.902818,611.441467,497.975342
566.358599,49.032075,614.287415,498.020294
572.136339,49.089128,609.440430,498.267029
566.983477,49.766084,619.796204,500.509308
564.051500,50.342469,626.508789,499.583588
563.975603,50.722581,631.809509,507.200562
563.532915,44.570756,638.372620,516.570618
569.719439,45.038865,632.905579,520.550171
574.427233,39.109422,632.124023,528.270874
572.621691,40.478929,631.528076,533.252075
575.602007,34.112016,636.928772,537.930725
570.128954,33.539689,641.169556,555.450867
572.207048,34.008073,640.482605,559.246521
571.238512,28.700242,644.538818,571.620728
570.524981,20.631700,655.152161,584.625977
568.549150,29.638322,669.360413,571.028259
563.868792,19.565171,670.708191,570.298828
554.557848,24.279374,682.235840,565.137268
555.025621,28.789933,690.671875,558.803406
549.122454,21.574601,696.043396,572.575378
548.694994,17.411119,699.812622,573.785645
555.037157,9.481187,699.756226,580.466797
549.940935,7.652848,711.532898,582.224304
553.187426,5.652757,708.646606,580.852661
550.412004,6.231767,713.793152,579.772278
547.447863,4.971635,720.480957,582.317200
550.344744,6.790727,722.044617,581.798889
550.144426,5.410020,723.173523,581.654297
551.655260,3.381883,722.453369,591.286743
541.436541,3.221269,736.715515,597.581848
549.920702,0.000000,730.079298,603.310868
549.424584,0.000000,724.143311,628.821633
550.259057,0.000000,727.212158,624.875813
543.299462,0.000000,736.700538,614.991373
541.407788,0.000000,736.488770,620.230947
531.158886,0.000000,747.207031,614.016505
537.770428,0.000000,735.647278,615.241498
532.895367,0.000000,742.163513,614.734091
534.819592,0.000000,744.540894,621.467906
526.736096,0.000000,748.063599,615.819982
521.559186,0.000000,756.396179,614.458972
516.973492,0.000000,761.632019,612.314783
510.059521,0.000000,769.500244,617.054364
510.027050,0.000000,769.972950,619.968497
503.417914,0.000000,776.582086,624.849239
504.235232,0.000000,775.764768,625.272123
511.895082,0.000000,767.737305,610.521102
506.702272,0.000000,771.453735,611.651634
511.603120,0.000000,765.229675,593.061107
516.448244,0.000000,763.551756,597.470709
498.346162,0.000000,778.636536,591.361575
490.707917,0.000000,787.183777,587.994356
462.518739,0.000000,812.197388,597.359849
450.454957,0.000000,829.545043,582.576744
453.219941,0.000000,823.913025,574.321453
456.549897,0.000000,823.450103,567.768545
449.063248,0.000000,825.320618,557.071162
449.268967,0.000000,825.556396,570.721372
452.509934,0.000000,826.467285,573.959502
453.855972,0.000000,818.316711,593.361770
456.168350,0.000000,817.912903,624.010139
443.156632,0.000000,832.377991,657.031010
450.479111,6.112368,824.082642,690.147095
452.835648,20.265932,820.414001,679.482788
456.748886,34.559664,823.251114,671.641663
459.568199,44.202547,813.311951,656.088806
467.192589,40.124361,810.636414,655.291809
470.935692,47.643587,809.064308,660.369812
471.287060,62.840212,801.630615,646.588867
485.102734,106.274019,789.127686,608.252991
489.918469,166.250124,788.981323,547.029297
497.043896,199.966249,773.443115,513.579468
502.743969,227.890505,774.877441,490.353760
504.185253,237.938860,768.800049,475.642792
508.631756,235.448091,766.373840,481.090881
503.387524,249.020204,776.015625,469.671997
509.463421,247.817705,765.320129,467.502533
511.985394,252.993013,761.607239,456.794006
520.718670,252.453783,755.431213,462.850739
523.802441,258.072527,749.932129,456.182587
541.487621,254.242510,736.651855,455.858002
550.695446,250.196627,727.746704,463.085266
538.823315,220.393618,738.052979,490.941284
548.704083,174.616701,725.755554,542.291260
552.681591,148.758425,726.759277,565.280762
549.405315,147.169985,727.355042,568.492798
563.567822,159.128176,710.595459,559.209717
564.789532,172.737123,715.210468,536.440308
566.081747,179.470278,713.918253,537.277954
568.663463,172.757387,711.336537,539.254761
575.015203,175.101046,704.984797,543.438538
577.383029,174.784700,698.268921,536.208191
581.104342,176.904665,698.895658,539.552490
586.254716,169.933626,688.735046,539.464294
575.681627,173.222902,704.318373,535.909180
577.768914,174.585543,702.231086,539.896545
567.937252,175.619814,706.065796,542.694702
555.370449,189.404085,722.978943,522.641052
569.086972,189.517488,710.913028,522.163513
571.322020,187.831087,705.263489,524.225037
564.686155,188.076082,711.230042,521.213806
563.422545,187.327547,716.577455,521.854675
559.296081,186.723268,714.068909,523.974121
554.195464,187.762758,722.023804,523.025269
551.697692,181.791323,724.436096,528.804565
536.050719,180.264925,739.257629,528.489197
526.568145,181.116121,744.513062,530.526794
524.822539,178.612459,751.223755,538.227234
520.931365,176.894716,750.500977,534.147827
515.673217,173.748568,760.822693,541.210388
505.276580,173.328859,762.270020,535.021729
499.356078,171.815432,767.085632,541.655029
484.184417,150.493959,770.118164,559.893433
482.709045,147.567690,781.381409,562.466431
478.885467,145.230562,772.025146,565.384583
473.173247,141.090578,784.549194,569.306641
477.159820,142.844454,775.227661,567.166565
470.861999,141.763399,783.727112,568.154846
471.282012,146.357210,781.777222,563.226013
469.585296,143.988466,784.965088,566.542603
470.064879,145.111116,785.501038,566.142029
461.093078,152.036531,796.268372,558.783142
460.639495,149.046877,800.670410,565.676270
463.798949,156.821718,799.212585,553.146362
454.683654,159.015596,809.595764,551.968323
448.275542,160.500704,815.512329,551.946350
448.327331,161.134249,815.615051,553.341370
442.730376,163.445070,824.337769,551.642822
446.102202,166.143679,821.648071,551.926758
449.984588,171.859804,819.458740,536.349976
447.264892,171.152742,828.242615,542.929138
445.340240,167.980013,828.839722,537.932312
444.560119,166.304445,827.650208,546.523193
449.074889,166.113314,824.321350,552.343445
447.533050,166.597841,827.965576,540.859009
432.076415,166.446688,842.886658,546.664246
428.931548,170.845919,843.417114,536.677551
422.111541,165.264650,854.049072,551.814941
412.225860,168.093630,860.019653,543.157959
432.839171,171.064394,840.333069,542.195679
424.673980,167.208742,843.186646,541.581543
439.298461,176.973665,832.402283,539.521667
443.697906,171.530550,823.286499,538.698425
447.857482,170.523012,823.131409,545.210327
443.329009,168.980562,825.556519,536.064270
441.332824,173.133730,826.016907,539.294312
436.256744,171.897585,830.209595,535.886475
438.659881,165.401094,826.077881,548.688293
432.994109,167.835421,831.084229,549.844543
430.240661,157.034395,835.636292,555.241272
427.142608,158.004824,838.535767,558.150024
426.857116,154.142214,831.606995,552.220947
420.087920,148.500521,837.564087,562.870544
423.253295,146.726595,833.661316,568.334900
432.493835,145.118318,823.008606,569.984558
436.011291,136.909670,821.241760,576.231689
437.433684,132.622255,820.756348,575.776245
442.128387,123.551638,814.236328,587.899658
448.374175,116.220339,807.664673,595.289062
451.132995,113.460482,805.241272,595.376648
466.866881,105.678286,795.221497,600.071411
462.163512,100.100984,804.203186,613.107117
473.678649,97.657289,794.239807,607.703003
474.479980,86.550936,790.477722,621.715515
473.681335,86.976351,791.506409,622.453308
479.259490,77.181551,786.308350,629.673035
480.645293,76.608400,788.537720,637.885010
486.131194,65.653322,784.001709,643.481201
480.410491,60.904604,786.616943,651.212524
482.601867,62.444826,783.632385,650.833984
489.986297,57.396059,777.344238,659.434448
491.822082,48.702791,772.669250,665.920837
494.966094,52.736544,769.709839,653.986633
498.974456,47.391207,765.418701,664.930481
501.935851,40.459169,764.055481,662.264038
500.863677,39.384920,760.420288,664.975037
502.449004,29.101961,756.952515,677.435974
503.994323,25.023409,755.674622,679.125549
498.585876,31.829531,755.971985,680.888062
489.918487,28.618288,758.668579,682.103760
486.645019,19.566835,758.842468,689.760864
484.537292,21.883882,765.188293,685.919739
489.833984,23.219515,755.448425,686.433533
489.419341,15.658144,756.762329,691.164185
483.221587,20.148653,756.995483,690.407532
477.498748,18.521944,755.348877,687.163147
478.584563,13.544161,746.637939,696.022034
479.436492,15.849367,743.004395,691.611084
476.660094,12.977236,741.215393,687.105103
476.635467,22.215547,740.906494,675.179749
479.554046,25.401155,736.820557,674.109314
476.687652,28.996035,735.335815,668.028442
481.303313,38.698152,728.809082,656.117126
478.714751,50.621828,727.494263,656.064941
470.571105,56.596559,735.506653,649.466553
464.340240,60.397737,737.393433,634.309998
456.308593,54.208437,735.238220,646.671753
457.943938,50.157015,730.162109,653.237244
443.439391,58.357576,733.328430,647.811218
433.884612,51.910799,746.343506,642.895447
444.318816,55.197756,724.330322,646.015869
436.768920,47.147951,730.771179,655.257324
444.823791,60.189333,725.220764,644.026855
452.829406,46.046694,715.477356,660.489624
454.657531,44.376619,712.703186,658.860291
460.813323,48.042147,714.203613,652.738953
464.412780,46.479586,715.223938,654.361877
472.565734,51.399263,707.286194,648.110657
477.662627,42.128115,706.931030,657.330688
487.460876,34.782045,696.045715,666.913452
489.876769,22.925905,697.023010,676.031982
495.107574,30.326326,694.463257,662.831726
497.729278,32.320558,698.146118,667.944824
505.494659,26.675875,688.963501,672.477844
506.678741,33.739412,689.162720,662.940369
509.547576,23.453920,689.969238,674.056519
513.031921,32.281191,684.594788,668.124878
517.695037,20.314760,681.821777,672.971558
521.374206,14.731752,677.498596,683.437134
522.731109,20.583254,671.822632,679.834717
528.332091,19.278017,669.781067,683.369995
533.892730,25.174196,663.346558,678.072998
530.045806,18.842806,668.691040,686.890320
546.538421,17.613436,649.281006,687.808044
546.792876,18.419374,648.238403,683.612183
550.660552,19.259432,644.893921,681.447449
550.681731,24.283571,642.062744,685.571289
562.375915,25.474733,627.636536,681.035889
556.301177,14.405031,637.279419,695.898926
557.882720,15.884615,628.768921,685.616760
555.848327,12.274965,635.622131,693.955200
553.256835,11.420351,636.822693,693.696167
542.553405,21.178041,646.317200,683.624146
552.106475,16.530306,634.263062,683.026306
539.182860,11.037447,643.073914,692.506897
527.160735,13.422396,646.590088,693.077087
517.909484,17.024691,651.428528,681.610535
506.541045,14.822908,645.902222,689.190369
499.927154,16.248690,637.902222,690.453064
481.225982,7.771303,651.117310,692.826050
476.083404,11.384066,642.619019,698.363464
467.487334,11.158785,648.498901,693.296204
466.700164,15.375185,648.941895,692.213989
457.099670,16.399752,652.793762,687.135803
455.939788,13.975038,648.451172,688.203247
450.082152,13.019442,654.998474,694.988708
443.476470,9.287447,659.875366,688.764221
439.727996,11.209658,666.193848,690.713013
439.922607,7.591860,663.751648,686.453003
439.019042,10.436647,663.936218,687.902588
438.157561,15.813997,664.560303,686.948669
434.459624,17.967256,665.799683,684.348938
434.726684,20.339998,664.925964,685.922546
430.458739,21.043550,673.811462,685.520081
426.846160,22.171816,673.162598,684.545776
424.210265,21.584993,677.615295,682.330261
424.552917,22.405184,674.718567,689.003845
419.461211,32.728121,677.971802,675.306213
421.030089,40.382692,678.156799,668.784424
422.238250,40.442324,680.616699,672.620972
423.373412,51.823336,696.864197,654.604797
464.769225,53.930880,685.927063,652.455139
507.554259,48.318758,680.787415,656.346863
556.777740,51.928530,672.719116,662.067261
601.183776,48.932253,663.627258,661.296143
642.058410,47.701967,633.544250,668.610474
671.948028,54.074129,608.051972,656.709167
677.578842,57.779909,602.421158,649.227295
662.708793,49.979219,617.291207,654.292542
654.812069,52.446077,622.133484,651.476013
651.484310,54.234438,622.446960,650.864380
639.862545,54.666414,640.137455,652.743103
636.554808,47.943941,643.445192,659.702942
622.475860,56.607088,657.524140,654.068787
612.083694,52.584871,664.753052,661.356140
613.389724,53.877077,660.766724,654.222412
605.494949,65.679323,674.505051,647.843750
614.172401,71.756197,662.995605,641.262756
614.111915,71.276369,661.233276,641.201904
612.568489,76.850801,662.560852,634.403381
619.199196,79.918337,655.728149,633.666748
622.900429,78.711794,653.564697,636.004395
611.867103,89.286501,666.143555,625.199463
617.381447,83.257875,658.686157,626.795044
613.344948,85.811129,662.804321,626.720276
622.569130,86.291262,652.293945,628.552734
621.049904,89.806520,655.286011,624.417725
622.182411,90.095949,654.812744,626.233643
622.333717,97.022036,655.153931,619.796997
637.434059,95.847475,640.110962,611.195923
674.227760,96.511934,605.772240,618.052795
704.272694,92.452364,575.727306,623.499329
731.118586,90.370974,548.881414,621.259521
745.369718,90.861483,530.264893,621.269226
752.413754,86.977938,522.795227,622.269226
758.805142,82.080049,518.611084,628.262756
763.504239,78.323000,511.388184,630.150391
765.788861,75.199343,506.926117,639.189697
761.230557,75.195986,513.387451,634.629517
763.040952,77.355165,510.873108,636.160034
770.944577,79.392061,502.527283,626.879944
759.787045,80.895235,513.632629,631.517395
769.895261,79.583895,499.841736,627.623962
770.393338,80.346346,506.725952,629.413513
769.831021,78.464937,505.692139,634.189514
773.618268,72.994661,502.194305,638.057312
769.688443,71.389559,508.025146,639.894714
771.793179,75.817415,507.068115,637.929382
769.119748,81.992403,509.555847,626.080872
768.881482,80.472170,506.559479,634.305908
766.675305,80.996675,508.288727,627.227112
760.378537,80.848879,512.077087,634.406494
762.276486,80.852449,514.690613,629.320984
764.869184,80.588961,507.791840,626.951721
766.985608,77.479616,507.333649,636.034668
762.232388,74.759249,510.865234,632.346008
747.577817,79.272890,524.023254,633.840698
728.743070,81.523134,545.307739,630.740112
709.861905,81.884615,562.324951,627.066223
696.231626,79.562197,582.683167,631.409302
672.661496,79.848421,607.338504,626.983582
668.048186,78.222750,606.818054,631.500305
661.745024,79.510164,618.254976,632.181824
655.989425,78.469454,624.010575,630.342346
649.302574,77.819277,630.697426,631.055786
649.855297,77.556520,630.144703,631.419189
642.856512,71.550753,637.143488,637.557678
640.689425,72.763307,639.310575,636.669922
636.283372,70.766054,643.716628,638.517456
631.822259,65.062746,646.511169,643.092285
619.623742,62.385164,658.646484,644.651794
622.546777,60.733065,652.484985,649.171814
624.007989,61.928469,655.817200,646.829346
629.461602,59.857820,648.503235,649.427429
626.320184,60.321932,652.461853,646.722839
617.778832,58.236757,657.578735,648.784058
610.917168,61.984468,664.388000,645.208313
598.134606,61.301332,676.600098,648.835815
601.928979,60.597475,668.892212,643.592896
591.632958,58.387819,678.651489,650.159180
584.542779,57.656588,691.846985,645.680969
587.749017,56.691835,677.963806,647.900024
587.718499,56.013277,685.913025,654.332092
577.801385,60.214846,687.704285,646.341064
591.428918,52.370211,680.227783,647.573792
573.402245,57.940920,701.126587,648.222412
576.948388,57.573854,701.235718,646.977539
564.590996,63.981996,698.744690,642.777222
558.390404,48.560121,715.997192,656.694946
558.147423,53.390596,715.703369,652.502991
548.021844,46.032961,722.365173,661.404297
548.655358,45.189363,716.211426,664.226013
545.266869,44.040987,724.865845,660.850403
535.706475,49.160189,728.199036,656.512878
534.662835,50.218813,729.810974,654.623413
543.956658,48.774996,724.175964,657.345032
545.901238,48.479494,717.714294,653.681885
545.428460,47.157381,722.559753,650.407166
549.638757,37.598116,715.945557,654.762268
551.396538,38.392305,716.263733,661.845276
548.483086,39.535707,720.536438,653.042114
555.260186,40.364992,717.597717,665.494385
562.243157,38.565096,714.076111,663.970398
562.712762,40.852907,704.327820,656.099609
549.254906,39.712984,722.425903,666.614319
564.083703,40.188753,708.028564,656.518005
576.664239,40.405641,699.646790,664.090820
587.518914,41.581789,684.851990,661.520752
583.854058,40.799135,688.981995,662.694214
582.041894,37.229341,689.126099,669.977112
579.176080,38.929018,691.486633,665.231079
588.885216,37.061464,679.755859,670.726440
582.821465,35.309328,687.303528,672.954102
589.091485,36.425234,680.981506,672.037964
587.406060,37.135347,683.293030,665.578186
584.018182,35.491182,682.672302,669.334534
594.648125,32.203005,684.880188,673.690674
590.201745,25.899965,680.378174,673.373901
591.380517,29.341280,683.597290,673.792786
607.133813,26.829805,672.257690,672.706360
614.791131,27.206697,662.572205,669.767761
616.619775,28.895021,660.781860,668.831299
618.281152,22.362245,659.798462,671.240356
627.846795,22.279207,652.153205,678.477478
627.775174,21.330019,644.466858,673.396362
628.006344,16.209902,649.481567,687.838989
630.216763,14.807436,644.814148,681.701538
628.887539,9.261263,645.880310,689.313171
625.036160,6.853426,649.085754,688.967468
627.782986,2.283266,649.223450,690.346558
629.400906,3.806978,646.765198,683.618225
626.058102,3.686953,649.053589,676.939819
631.321438,2.788942,648.678562,675.838623
632.460341,2.607302,645.183472,675.244141
635.745131,0.377108,640.083374,676.948425
638.588698,0.000000,637.504395,675.967409
642.701826,0.000000,633.154602,686.974488
644.886854,0.096619,635.113146,678.611084
635.422889,0.000000,644.577111,671.940217
644.175281,0.000000,631.595032,679.510727
645.122547,0.000000,630.950989,678.464989
641.268329,0.000000,636.159668,676.084057
644.858692,0.000000,632.945251,674.010565
650.128406,0.000000,627.084778,669.373385
649.496387,0.000000,627.446472,665.371568
651.971790,0.000000,622.655334,669.353020
645.224659,0.000000,629.163269,664.279995
658.194568,0.000000,621.805432,663.772413
652.132807,0.000000,625.207275,659.115882
643.734339,0.000000,631.917297,660.247821
655.455774,0.000000,624.544226,657.792490
658.608563,0.000000,618.401245,660.176732
667.654065,0.000000,609.684021,661.771197
669.555097,0.000000,609.845581,661.023141
670.915143,0.000000,609.084857,659.804936
672.035635,0.000000,607.964365,651.393557
668.836086,0.000000,611.163914,653.370576
676.698255,0.000000,603.301745,651.264084
670.116828,0.000000,609.883172,652.945549
674.654209,0.000000,605.345791,648.423000
677.829485,0.000000,602.170515,647.836836
678.387612,0.000000,601.612388,651.603873
676.530446,0.000000,603.469554,653.051693
669.955103,0.000000,610.044897,650.649839
667.157575,0.000000,612.842425,650.931334
666.572775,0.000000,612.555237,655.121856
658.009757,0.000000,621.819702,661.983719
660.420859,0.000000,619.296814,662.486519
661.015219,0.000000,618.984781,659.274021
664.318858,0.000000,615.633118,651.580339
658.396190,0.000000,619.652527,653.612130
663.509044,0.000000,611.856262,651.544468
667.644511,0.000000,607.930298,656.838335
668.909862,0.000000,608.706238,656.852029
669.763316,0.000000,610.236684,654.363972
666.667608,0.000000,613.332392,657.324198
671.379275,0.000000,608.620725,648.848165
674.106538,0.000000,605.605896,657.008524
669.335298,0.000000,610.664702,641.196615
666.980851,0.000000,610.811584,651.045451
667.484421,0.000000,610.042725,659.784444
663.219926,1.159251,616.780074,662.786987
666.696602,0.643534,613.303398,671.724670
655.462834,0.000000,624.537166,675.214488
666.181032,2.613347,613.818968,677.006348
661.216798,1.522191,612.673218,682.920837
668.323091,1.286107,611.676909,693.326843
658.281388,6.641759,619.178284,688.745667
656.204026,11.131322,619.675781,678.973816
656.275467,13.930181,623.724533,679.609253
644.189217,20.139226,635.810783,658.788330
638.132023,20.974584,636.928833,673.796570
635.735142,22.479223,639.740662,657.944031
626.638706,28.338994,653.361294,656.944458
628.143450,25.038244,651.856550,667.994690
629.438088,24.470220,650.561912,664.671265
631.469014,27.738286,648.530986,670.087524
624.684763,37.784612,649.431763,673.264160
622.576853,40.637914,657.423147,659.459900
616.419316,58.335119,663.183289,646.608704
598.803594,64.066808,677.958679,643.652405
588.655248,69.042791,690.866211,635.048584
588.514043,69.540044,687.584900,635.443970
581.646062,66.675603,698.353938,644.404053
568.997897,73.347844,705.908813,642.720215
557.167483,75.611059,719.588928,636.387146
549.419894,76.233800,724.293091,636.493225
544.315646,80.192937,732.728882,634.830322
536.137576,82.105016,740.981262,625.690247
532.072939,94.685979,742.053650,618.192139
527.797335,94.084936,744.616821,617.746277
533.525607,96.029516,737.795044,614.863708
533.779055,106.071264,735.589417,602.848816
535.878420,111.610235,729.563293,598.179565
535.569125,109.297063,734.000732,602.155273
534.836520,106.528509,732.013306,607.710205
532.747927,111.674047,732.850891,604.476013
537.301302,109.939519,731.556641,595.001709
543.854189,108.384252,717.757996,602.507996
544.563448,117.782445,723.575562,594.261658
541.637942,119.656194,723.231018,595.879639
538.715731,117.643651,731.770508,588.848816
541.085513,116.434728,728.532166,596.782532
533.925875,113.014898,730.494263,602.996704
531.880679,114.991277,730.086365,591.864502
527.470126,122.735814,732.673828,591.435730
528.374209,121.868047,726.272156,586.385132
528.834658,128.844396,725.238220,585.335510
529.385348,125.322881,724.250122,582.579224
526.067782,127.152623,724.184326,585.648499
524.299136,125.194768,720.854431,580.009277
525.378176,124.670781,724.807190,584.797974
526.211947,126.453496,721.583740,587.616577
520.041659,124.169195,724.778076,579.955200
516.239077,128.505376,726.759460,578.078247
505.382449,123.601781,732.618469,587.795349
504.442843,123.319036,723.977661,580.843018
496.156130,120.759893,728.226379,589.992554
490.381289,117.936376,727.514832,593.656189
487.995120,111.514196,726.571838,598.792053
487.558871,115.182653,720.092529,593.898499
483.636141,105.541875,716.508545,601.376099
473.431735,103.509130,732.606812,602.952332
470.692324,103.912786,731.941833,601.573730
464.188113,100.974767,732.150940,602.286438
457.837771,99.802923,729.466614,613.610352
452.240756,91.926214,735.861084,618.086670
446.729769,96.512945,736.115234,612.669556
449.767672,94.656194,730.870239,612.677734
448.790774,86.483220,732.326721,616.413818
439.984561,86.071538,736.295349,625.866577
442.021182,80.780889,738.935242,625.253052
439.157321,71.854650,736.293823,643.449036
443.683779,71.756933,732.796326,632.471130
434.803011,75.583593,735.726807,633.912292
436.048709,66.636541,736.612610,646.692627
431.202456,65.043889,739.889832,650.156982
426.627596,65.698797,737.689209,637.897461
421.871768,64.263769,735.749695,645.254822
401.861788,59.042577,757.333862,651.329041
405.630618,54.997381,754.340393,644.062012
406.582980,52.415899,745.331665,650.973999
402.080538,56.147710,753.613647,646.345581
399.957705,47.344610,751.414001,654.055054
402.394198,49.718969,746.098145,653.876648
396.801058,41.982854,749.589600,657.353760
395.002017,37.530370,757.349060,661.229187
385.188296,35.369146,768.918884,665.477417
391.897524,25.900915,760.968933,669.812073
389.436862,25.388128,759.965210,675.581543
390.982516,19.860296,762.494507,678.593506
385.125796,19.082891,763.720642,678.463501
385.425051,15.158300,771.569641,675.979431
377.884280,9.177068,780.472229,669.550781
380.018221,8.476873,766.712646,674.975098
382.848147,5.036687,772.382141,672.174316
370.519290,3.082097,787.018372,664.256348
368.631014,0.000000,775.748535,661.753209
364.870669,0.000000,778.760925,658.431506
360.268313,3.275567,782.434631,649.540039
359.145571,0.000000,789.110779,647.543939
356.855898,0.000000,798.334167,644.145901
359.750247,0.000000,795.015930,643.495344
357.017428,0.000000,796.221558,642.920036
366.258608,0.000000,781.608826,644.996273
362.405062,0.000000,781.042725,651.805143
364.769229,0.000000,781.685974,650.000472
364.683993,0.000000,782.447266,654.668205
364.416445,0.000000,781.309753,656.881038
363.078646,0.000000,791.249512,652.207273
363.021517,0.000000,791.415283,648.815337
367.908511,0.000000,785.815613,646.527450
368.469790,0.000000,777.714783,647.545921
375.399508,0.000000,766.298706,648.916942
377.911746,0.000000,771.146790,646.729925
381.324801,0.000000,772.026978,640.834048
377.915164,0.000000,780.888000,636.459962
377.678378,0.000000,783.589111,644.162049
379.309695,0.000000,775.497864,640.328064
381.600100,0.000000,774.411438,640.413880
381.058383,0.000000,782.891113,637.029816
376.182528,0.000000,776.333740,624.588455
375.813204,0.000000,768.093628,633.770424
378.508578,0.000000,769.483398,625.327991
377.597201,0.000000,775.075195,626.828608
383.962740,0.000000,767.736206,625.526914
404.833804,0.000000,764.943298,624.132170
425.829287,0.000000,783.773132,619.444198
446.805758,0.000000,784.567993,625.024315
451.243014,0.000000,786.473022,629.493816
456.977175,0.000000,790.422668,628.504904
455.199984,0.000000,786.501953,628.848491
460.596682,0.000000,779.360657,629.597341
461.366030,0.000000,779.477234,631.503840
460.770022,0.000000,776.044739,637.818235
461.719943,0.000000,774.228882,639.315154
463.085909,0.000000,767.262817,637.098251
457.749667,0.000000,777.616211,637.242668
454.112216,0.000000,775.539307,629.464413
457.818545,0.000000,781.073914,634.188353
459.299899,0.000000,775.267944,643.078948
459.625277,0.000000,768.618408,638.531539
454.425326,0.000000,776.449219,647.439720
459.019534,0.000000,764.002991,645.561687
459.494479,0.000000,771.508179,631.789114
456.668582,0.000000,775.929749,638.310939
465.557253,0.000000,771.618225,631.473402
465.765597,0.000000,779.733276,638.294837
466.535128,0.000000,777.328735,634.317310
467.211184,0.000000,769.457825,632.146234
461.590396,0.000000,785.778748,629.076932
456.890933,0.000000,791.526550,631.561293
456.417391,0.000000,799.570068,631.087959
455.479189,0.000000,783.218445,633.575779
453.420474,0.000000,796.918640,636.012712
453.586367,0.000000,788.594177,629.587716
455.102114,0.000000,790.977234,633.215672
454.640597,0.000000,788.515747,632.568285
452.523409,0.000000,783.590698,631.332391
455.510409,0.000000,788.365967,626.736996
450.633792,0.000000,800.905090,623.298216
450.717684,0.000000,794.710205,624.622771
448.661685,0.000000,802.560242,627.643112
450.738833,0.000000,785.926453,630.375358
453.145480,0.000000,782.526733,630.518215
448.827303,0.000000,781.174561,637.594068
445.314028,0.000000,785.633484,635.923499
446.242678,0.000000,785.712708,639.382923
440.998873,0.000000,787.714233,638.089014
441.707583,0.000000,785.987244,640.221265
439.022860,0.000000,787.428223,643.577246
437.358553,0.000000,792.099854,647.481189
435.064272,0.000000,794.304382,640.832086
428.077395,0.000000,800.017151,648.546475
424.805117,0.000000,797.327576,649.957198
420.062197,0.000000,802.365417,656.916862
411.285159,0.000000,818.261536,659.706844
412.237490,0.000000,813.838318,671.654966
416.984438,1.436980,813.803406,669.441162
417.061099,1.911925,821.407898,676.690735
415.077273,2.690368,816.053772,672.984192
414.929843,3.497863,807.599854,680.062317
412.203890,0.000000,816.981934,682.196654
412.917239,7.669158,804.556702,669.750427
409.221957,2.414978,831.735352,682.394531
413.057681,8.396667,816.148376,669.835205
412.468447,6.460571,817.775330,672.436401
415.890017,4.469665,814.277649,668.858398
419.785525,11.294677,806.217834,670.608521
422.897799,9.297607,800.088013,671.057251
425.385775,6.793548,796.353516,681.746521
435.857455,9.093841,792.847412,680.648865
436.534762,19.453063,790.551636,675.155762
444.447238,14.499084,793.742798,685.544434
443.866641,20.373443,792.318054,678.527161
445.768771,20.547851,793.712280,678.399536
447.368319,20.811340,791.373291,674.471680
450.949313,21.122009,791.372437,682.320068
453.030703,24.503448,796.332458,677.514709
454.162600,23.064849,791.935608,676.449036
458.346346,21.615386,781.628418,677.452209
456.973422,21.523162,777.536865,681.482117
459.670687,21.997405,771.981201,676.224304
463.923312,24.419006,773.054321,675.431641
472.304537,30.057006,763.809692,669.107300
469.946688,28.230743,770.282959,674.053772
478.497103,28.236389,766.959961,671.568115
475.521853,26.192657,767.936829,681.721008
474.892001,27.058990,771.937744,676.755188
470.192294,26.324951,775.655518,677.031372
472.581057,30.417114,772.794006,673.465698
468.922793,28.436828,775.239197,672.571777
473.810275,33.492004,769.133179,665.941162
468.248324,28.263671,777.261230,673.290405
474.595522,26.430419,769.485779,673.880005
470.801669,28.814086,777.413574,675.309448
475.444064,35.087066,776.726196,671.574280
471.906863,30.415405,772.806458,677.918579
473.322482,30.693389,771.511597,675.476868
479.121218,33.882751,757.794739,670.595459
474.259249,34.165130,750.891968,666.921082
473.779940,41.590576,751.526611,664.449097
476.126681,42.117004,748.673950,660.361328
468.948184,41.962707,750.967712,663.884033
457.238864,38.324157,760.906372,665.873779
450.503939,32.110931,766.932129,671.707703
434.393008,34.449340,782.962341,668.567993
425.391970,26.693756,796.979797,677.828674
423.868167,28.111114,793.101624,677.050842
421.630923,23.918823,784.736267,684.689575
422.038088,21.900512,781.280334,685.490112
411.434847,22.263610,794.012695,682.428467
417.419253,25.187774,784.399353,679.800110
412.456240,20.395538,791.526062,682.940735
416.948428,16.907165,784.765320,686.202637
410.754244,20.730499,785.403931,679.921692
402.954562,19.831542,793.116821,682.583374
403.654421,23.401794,794.323792,679.310059
403.184908,15.082305,799.199097,689.011292
399.713015,14.859344,795.427063,685.212830
401.843813,18.066070,790.476257,683.609192
398.488497,19.886962,789.297485,681.499390
391.320529,22.668518,806.759155,675.162109
392.881594,19.087707,792.702454,684.278076
385.982821,18.211273,814.872803,681.363220
389.926028,20.547912,790.904602,682.777344
386.307925,19.938018,806.691589,674.191467
386.782687,17.556335,789.442749,678.001221
383.989871,18.758209,807.961487,676.621643
383.066470,18.023162,798.955505,673.265808
381.202609,17.808288,794.438843,670.431396
379.830233,20.181671,791.510986,665.498352
379.315493,21.650360,789.739197,669.814636
379.976351,19.512115,793.563477,673.773499
380.187472,20.030822,790.654663,679.977051
384.769167,23.361694,785.528870,674.057495
377.576052,24.122436,796.796448,673.998657
390.230258,26.373596,780.046143,666.177979
385.504946,20.963409,775.277527,667.991028
394.304507,20.122009,763.952820,665.980713
386.881869,20.248626,778.383789,672.582458
390.659182,18.985412,776.429260,670.514404
395.216158,23.963897,755.936157,664.273743
394.963442,24.614013,757.142517,671.824829
390.109500,29.023986,758.724426,662.687988
392.874880,24.413116,749.280334,662.981995
393.198031,32.560516,752.960205,653.423279
386.335269,29.092803,758.062195,653.231018
398.313143,35.976531,741.067139,644.750427
398.832766,31.316009,737.342102,645.451599
394.455294,31.849365,746.645142,654.771362
399.614932,29.846649,734.476990,650.368835
400.596743,32.989196,732.717712,650.470703
407.662356,32.146087,720.749084,664.180847
408.485018,39.792358,729.771484,641.824341
414.318026,38.946563,711.600098,652.253967
404.546786,34.939910,724.328613,650.648865
413.022189,31.931518,718.463989,654.399048
417.022677,33.393432,701.421753,653.080200
420.650454,21.826049,692.751648,660.487183
421.842806,17.919586,692.467773,670.667786
428.918856,9.010070,687.853027,674.624268
428.299471,2.110015,685.729492,683.057190
431.974551,6.035369,673.425476,682.039001
432.659945,1.545715,676.792725,684.896240
437.546694,6.719757,662.470398,687.928528
437.186587,4.910095,660.830505,694.327637
434.934603,2.640075,667.983154,691.393311
440.049197,0.430175,663.505188,696.965942
440.695773,0.704986,649.265503,702.411682
434.787295,0.823272,656.256287,706.061829
439.947665,0.000000,648.509766,704.448333
439.900393,0.296188,640.322083,710.440674
439.616549,0.000000,642.923950,713.423782
438.424655,0.000000,631.542847,701.945045
438.787844,0.000000,623.981995,702.609730
432.457461,0.000000,631.725037,699.166956
436.197756,0.000000,624.687561,703.437055
430.686038,0.170401,627.617737,702.774719
421.829653,0.000000,627.397888,703.745718
429.049410,7.347438,618.380737,701.413879
424.304904,13.215327,613.964722,698.734741
414.484255,19.998714,623.802063,696.805908
411.193270,32.938197,632.432617,679.741150
412.824557,44.615413,629.826782,672.167480
403.662020,55.917903,639.790283,655.961914
407.427035,69.575008,631.123779,643.256836
405.708285,73.352229,633.707031,641.451172
406.970461,74.653926,625.385315,644.227173
405.353030,77.219356,628.200500,635.606812
400.781527,76.025081,633.180908,640.901611
394.787692,83.138911,644.671509,628.487915
405.231509,88.311427,624.466248,624.485168
401.557162,93.921077,624.816650,624.839600
399.897463,80.872310,623.152405,635.929077
403.623446,92.979945,622.450928,624.059509
400.794955,82.608180,614.653076,633.385071
393.374911,85.687557,619.852295,631.547852
392.404482,89.093868,620.695496,625.666138
389.418459,90.592616,619.909241,629.075867
390.553652,95.169460,611.512634,622.144592
384.862521,111.392696,612.919556,602.494751
385.361636,109.890712,605.690613,605.803162
387.689761,110.118770,593.756531,603.338257
383.842410,119.359004,594.536194,597.997925
376.183016,113.861720,588.622559,600.809631
369.176241,122.692378,581.083862,594.396362
354.338320,117.289607,582.017761,602.650879
343.374911,116.297328,588.187012,596.816833
330.932467,123.364314,586.476196,594.027832
326.138003,121.379817,579.791687,593.545654
311.923770,130.849086,580.014099,587.609070
299.352389,133.866542,581.988647,578.956970
305.069399,136.920100,569.950378,582.142090
304.922152,145.407985,551.753906,565.905090
289.280520,145.618556,563.184387,565.350159
285.072024,149.145839,563.117493,563.442078
280.327944,153.886775,563.804626,560.655029
279.077090,162.416469,562.660583,546.837341
280.435488,161.631160,556.943542,552.733643
275.830355,165.190944,555.583984,546.450500
269.164401,157.370235,560.020142,558.642456
263.705691,166.291560,561.156799,543.172607
264.085391,175.728481,558.746277,540.189636
263.137637,180.885646,560.435486,533.151428
262.568881,181.666499,556.085938,533.509888
257.514651,186.617091,557.745911,528.033997
256.967257,183.328273,558.682983,533.199524
254.465701,188.805995,558.556702,529.508240
251.045718,192.617152,560.976013,519.849304
248.152834,200.161342,567.300354,518.136414
248.051119,206.485378,572.095337,512.693909
248.286837,212.447688,570.285767,501.156982
247.006533,211.762920,575.288757,507.953522
245.004763,208.666682,582.280334,508.144531
245.526339,211.999461,582.556274,503.095184
247.073794,206.090678,580.390076,509.124908
251.605227,210.265727,581.830139,503.480377
256.977023,209.025981,575.502075,503.167877
263.952487,207.863658,568.613892,511.083588
269.055911,210.341747,573.183655,503.508759
268.719454,207.140071,574.600952,512.859929
271.888888,201.593320,575.797974,515.069885
272.974520,200.229643,574.894043,518.184692
275.697054,194.897855,578.741455,522.619507
272.728091,188.374265,581.167175,531.625735
269.229556,181.658843,590.903503,537.458679
271.628054,178.800322,591.036438,541.199678
273.686465,172.934219,597.711121,547.065781
275.794741,172.061653,604.465271,547.938347
284.651675,166.204197,616.445007,546.248718
285.053286,156.812168,622.970886,562.487854
279.533541,152.154941,634.743774,560.696838
288.683505,140.715336,630.011475,577.031372
303.774813,138.571781,626.802246,578.765747
312.009524,135.981510,626.136292,579.221191
322.418185,143.364963,623.513550,569.222107
333.352847,148.121891,618.965759,564.015137
337.170596,148.321293,619.715515,564.256226
340.483279,158.224857,613.879211,554.490356
336.093478,172.763828,617.720825,541.112610
343.444003,179.358341,613.011230,536.731201
339.286440,185.964146,619.782166,524.679749
329.912234,188.004337,630.723206,521.741211
321.813540,186.039951,635.381287,526.842590
311.788882,183.190372,649.608826,533.237793
311.848177,180.041233,648.574951,529.482117
305.996646,177.309605,662.894958,538.789124
297.285769,179.981998,670.537903,531.391357
297.642489,182.474003,672.725830,526.460083
298.885165,180.722538,680.565674,526.012085
297.995791,181.601139,692.019226,526.379395
294.636172,179.177891,706.432068,530.705139
301.499423,180.451938,702.298096,535.037659
310.170352,181.183140,698.362976,528.295471
321.809359,176.614658,694.713867,536.074036
331.642977,168.468571,684.537598,544.152344
331.336764,158.050205,687.643433,550.625549
332.544192,160.825260,694.901428,554.513916
349.477633,151.038608,682.959351,560.331604
349.482180,147.733982,682.542786,569.052917
355.145510,139.878605,694.722961,565.380859
361.962802,139.266392,687.812744,568.248596
366.204775,139.038486,696.716736,567.516418
382.026309,145.818668,674.495789,561.886475
384.885653,138.224064,678.865723,567.584473
383.047152,130.539158,682.555664,586.414001
399.986331,123.447239,667.703918,586.243591
401.057345,116.624698,677.702759,596.259766
392.119723,117.408604,686.964478,597.795715
400.584139,107.358646,685.674316,598.737671
405.611361,91.188328,695.519043,606.780457
411.312899,73.925266,685.324707,616.228943
419.847598,60.519016,691.212341,617.802429
439.749850,53.107670,668.595825,619.875610
434.255953,51.626133,686.153687,614.654846
444.759951,41.832340,690.129089,617.220215
445.928378,42.297703,703.488770,613.471619
441.483950,32.464908,689.626892,624.799561
454.531161,32.315861,683.397461,626.370361
458.450015,23.157871,684.388123,632.279602
458.330386,25.227543,680.982849,631.375366
458.628878,18.470341,684.432251,640.428833
460.843813,16.227939,685.037537,642.462219
459.378695,14.885746,695.748535,645.498657
467.148196,14.316776,686.215637,639.510864
462.354037,13.431370,687.317627,636.069275
464.845919,7.282780,686.492554,648.007080
470.356143,4.751957,684.013367,638.800415
464.351779,5.891209,697.981567,638.086121
467.236025,4.189426,695.666443,639.764587
457.324496,2.379764,708.062744,648.170776
471.929202,2.217472,692.667297,646.611328
466.105685,2.398319,699.463989,635.456177
461.354525,0.000000,704.139404,629.343113
474.117526,0.000000,689.666382,634.405718
477.100100,0.000000,685.187073,630.202401
472.491793,0.000000,689.162231,628.171849
465.679812,0.000000,698.747375,631.106402
464.663394,1.737039,700.869568,628.461914
473.122744,1.812142,690.139587,630.959167
474.453433,0.000000,692.726013,618.008126
468.243411,0.000000,704.809143,608.235173
464.794222,0.000000,705.735107,607.961428
480.010165,0.000000,686.916016,596.084474
482.969485,0.000000,682.109680,598.780457
483.949832,0.000000,689.945374,590.216889
480.215792,0.000000,694.882690,586.977402
488.905062,0.432091,686.181885,589.085388
485.520846,0.000000,694.181030,587.382713
487.748232,0.000000,688.642029,585.444927
494.722231,0.000000,681.577087,576.263144
489.208193,0.000000,687.776550,569.453288
501.688906,0.000000,675.534119,579.297445
492.570590,0.000000,685.572998,586.014354
493.901003,0.000000,687.566223,596.457830
497.243960,0.000000,686.648865,597.835269
503.071749,0.000000,683.674683,594.810670
493.188998,0.000000,689.407227,591.352387
484.734500,0.000000,697.348938,589.743210
488.347872,0.000000,697.788940,589.990410
480.409518,0.000000,712.502075,584.118313
483.103091,0.000000,707.121033,583.104994
481.479495,0.000000,710.001770,585.179633
487.249697,0.000000,702.443298,596.889011
486.977389,0.000000,703.506470,598.469621
483.631075,0.000000,707.754517,603.932351
487.721987,0.000000,702.967712,610.914143
485.525210,0.000000,707.648865,610.752238
483.565157,0.000000,709.857056,622.904134
486.910281,0.000000,703.531555,624.202281
489.288607,0.000000,707.858643,623.155248
488.196688,0.000000,713.494629,621.809466
490.247073,0.000000,709.612122,625.533883
489.745699,0.000000,707.930542,628.239598
491.926821,3.439074,705.900818,631.456909
490.624178,0.000000,707.024658,630.714617
496.838931,3.179544,705.075867,630.403137
495.927065,0.000000,702.703552,633.870217
500.182681,2.929829,698.438416,625.265442
498.771761,0.098042,701.177002,631.834045
504.675631,3.463002,692.311890,631.891968
501.589266,4.497670,696.595459,627.554321
504.559908,6.358906,697.670532,625.386536
504.936526,9.261799,690.297424,625.652771
512.488406,11.562642,685.232483,630.028870
513.247286,18.763814,675.085083,636.312561
512.305117,30.075764,678.320496,629.203064
512.413333,25.869069,677.278625,640.979736
517.981021,31.830494,677.610291,631.454590
514.565554,34.931874,677.469055,632.412231
518.923709,47.506459,675.808411,630.688354
510.143344,49.639821,690.047363,627.180176
518.431460,51.905537,677.352722,635.691956
522.045657,65.275349,676.356750,633.285828
521.326724,64.656361,681.662537,639.808228
520.577426,67.562703,679.824219,629.974792
530.110873,72.437886,666.814453,632.305237
524.049288,78.588368,675.356812,624.086304
523.223361,80.047383,674.105347,621.943665
523.368746,84.941762,671.473755,616.927368
521.483492,84.679829,674.536987,619.554016
521.436801,97.928090,673.377197,610.164673
519.169039,95.377675,676.031128,613.494019
518.104647,106.783467,675.699707,595.312317
515.680941,111.311574,686.256104,598.809570
518.037020,109.809102,680.504395,598.990784
522.901553,115.262562,679.569763,588.181519
521.944277,109.004445,680.078796,592.946289
527.144015,112.555775,672.949341,598.669556
522.782992,107.901173,675.250488,598.926270
522.947268,112.461384,676.478821,593.252136
526.607546,111.773976,677.143372,594.806885
491.055148,100.619038,691.829224,605.108948
475.627444,97.060963,683.865295,608.703613
441.474276,104.658314,683.580566,606.387817
420.076846,96.991658,695.040466,612.676208
429.352175,92.006367,680.745667,618.737854
430.660037,96.140126,683.714417,609.523071
439.490054,90.224812,689.494812,613.858337
481.906161,70.928975,686.237549,617.720276
514.514834,52.764638,684.682068,626.645630
540.574374,58.648549,692.236572,610.838745
569.222445,53.767140,670.671387,615.459961
558.737673,48.670704,677.087952,619.015869
556.768252,47.045399,681.218689,620.068237
556.903903,44.308674,665.084839,622.667175
528.174258,43.999104,661.922302,649.123474
495.038973,33.861897,651.417725,652.312683
467.258761,33.253407,649.040894,653.980103
438.663882,36.025410,660.452820,648.755920
433.752078,39.283223,663.658264,634.336243
444.221072,42.008687,653.325012,625.127258
448.676241,38.657063,665.418091,625.826843
478.183688,37.842732,664.682007,623.398865
492.821200,33.289906,661.718750,625.489868
493.006320,30.161305,657.840210,632.911377
494.299502,33.142140,662.772644,626.546387
493.356265,30.768422,662.417908,624.854858
493.539523,30.283711,661.100708,626.289124
495.791140,29.447499,660.466858,626.390747
494.689669,25.897145,661.551880,627.606934
495.126101,24.393025,658.959534,636.035339
489.287295,24.281544,667.029968,638.003906
498.152590,21.282002,657.429504,642.866028
493.394808,18.504628,670.019531,638.042358
497.065798,19.966878,663.291321,630.298279
497.327914,19.979786,663.304932,622.656494
491.827365,16.890889,672.191040,622.529358
487.386874,13.654194,677.783936,625.507629
485.046938,17.001851,667.794861,623.870667
462.808138,12.017140,666.627930,629.255859
437.384432,20.279561,661.720215,617.066711
409.073245,12.796162,655.970764,623.584045
378.545413,12.815297,673.914856,622.872925
373.447085,15.809437,683.733337,623.459839
377.559634,14.727833,677.129822,622.246094
393.490786,14.963765,680.067078,617.339905
436.110079,13.291401,674.953003,612.113831
477.559756,15.782979,673.831970,611.755188
487.770632,14.333973,695.395813,613.048706
500.585391,13.813557,688.395203,612.931580
497.584597,12.259297,694.464417,614.876770
484.479189,9.805012,699.029236,617.278015
460.776461,9.578694,697.185181,614.851013
437.837405,11.844807,708.185608,614.530701
424.537051,13.811390,715.301453,614.190308
420.647738,14.135426,716.957764,619.991455
415.962466,14.673268,723.861511,616.353516
418.907748,13.061452,719.323975,625.318359
420.896273,12.920582,721.445068,628.993408
426.269015,12.466817,713.437622,631.522034
426.359316,14.861958,716.526550,630.898499
427.329714,17.128834,720.638977,626.659424
435.119784,14.863423,712.057129,620.868958
426.342837,15.108204,723.536072,620.713867
427.849825,15.243550,722.364624,619.980286
425.797366,13.761281,726.557190,624.329346
424.064730,9.679524,732.247314,629.627380
416.259677,13.336873,743.229980,630.453552
420.158236,10.820271,742.259033,632.434998
416.878817,10.904927,748.361084,636.775208
411.216158,11.725087,757.260864,630.592651
405.820376,9.550740,759.012146,635.917664
393.637148,9.111897,771.204285,640.262634
387.387667,7.374409,778.780884,644.362854
379.955752,4.334218,785.888855,643.445923
376.658541,5.450551,791.877563,639.575317
371.047335,2.680958,795.411987,640.323242
368.345370,2.887990,800.315186,643.828125
370.656405,0.000000,795.893066,633.197957
367.529330,0.000000,794.600586,640.958018
369.153567,0.000000,796.790833,634.154882
373.196902,0.000000,796.519592,631.564196
379.143984,0.000000,791.137634,632.732599
381.889590,0.000000,792.138611,632.816800
384.062960,0.000000,789.021606,636.789656
386.465670,0.000000,791.861694,638.455527
390.230685,0.000000,788.892212,642.878215
395.374362,0.000000,782.540894,644.929983
407.759890,0.000000,769.043274,646.083613
406.531130,0.000000,768.634583,648.862577
411.806460,0.000000,765.236511,649.034590
420.327731,0.000000,754.382446,644.416190
426.005282,0.000000,743.283203,657.826351
426.240206,0.000000,743.669312,662.735624
430.106509,0.000000,735.640076,668.330001
419.205813,0.000000,749.745911,677.276329
426.781191,2.768535,736.677185,679.232178
432.245577,4.991802,729.075562,685.273193
435.781436,10.821453,731.568054,688.249146
457.918612,16.207226,705.297852,689.365295
452.559786,14.966015,710.779419,689.121399
459.931124,21.328686,704.000610,682.485901
455.545413,26.706463,711.253235,679.689819
470.228518,32.232280,696.814758,673.779053
473.777651,39.510387,700.598328,668.969421
476.261630,35.947002,699.465088,670.755859
476.647158,38.438305,701.137146,666.214172
483.702670,47.036937,692.715088,658.185120
493.920504,47.915203,686.330444,656.775269
491.431735,62.241131,690.230835,648.768188
495.676425,68.830517,685.661621,642.001770
495.912203,72.285961,692.292114,641.452454
498.516238,72.322765,695.066956,634.179626
499.658755,70.993938,693.975281,639.496216
502.532900,69.410564,696.718689,643.988647
501.625521,80.017742,694.115723,622.736206
502.622836,77.941082,694.292480,632.366821
498.827242,86.357219,702.457153,619.458130
497.989993,89.748790,702.495178,616.497742
498.684237,87.853649,699.223633,617.721130
499.482241,87.308605,701.662537,618.080261
501.533175,91.553600,702.563599,614.225525
506.556368,89.246898,701.409790,617.271790
508.616580,94.269573,697.773743,612.022339
511.005526,95.896160,698.480225,610.849731
514.911776,98.530742,694.968018,607.443848
514.255465,109.236919,696.860962,597.204834
514.644076,111.211406,694.912354,599.769531
517.856600,112.003032,693.275391,600.295166
515.998538,116.494732,701.684631,588.055664
520.965670,114.666881,691.650024,595.194031
524.861605,113.910259,690.587158,599.493896
528.540011,112.559551,688.766968,593.325684
532.781863,117.498211,683.849670,591.173706
539.403140,120.498668,684.536804,591.034363
541.842410,118.970745,681.118713,582.988647
549.424166,119.316356,670.137085,585.696838
552.498507,119.782909,668.925415,586.686096
557.766665,121.931743,661.878601,585.811279
558.594790,110.638805,656.408630,595.712097
552.478915,109.256878,662.678711,601.534058
548.703097,111.928081,662.950562,593.727783
538.266787,109.427074,670.390564,603.901917
542.095797,110.558056,664.753052,595.560364
536.750613,107.994030,666.767639,604.310730
537.970614,112.813061,665.802979,592.584290
530.124331,109.511272,667.827576,600.178833
527.780917,117.434246,671.625244,585.386353
523.379336,114.144085,672.670349,594.130493
522.844210,119.575817,675.956421,580.960388
533.166354,117.634472,665.063110,586.267395
527.852053,118.155895,670.400940,583.311951
523.928988,119.213817,674.629639,585.713684
528.242800,121.223095,673.470032,578.522034
529.374301,125.420055,673.403320,580.533142
524.685061,123.000042,668.129456,583.309937
527.238497,127.254863,667.216431,573.627441
511.539889,127.705211,669.615112,582.720398
491.934451,116.843059,666.985168,593.613403
471.658175,123.975689,659.987427,582.767822
454.469576,120.401684,662.551147,584.771545
447.763644,118.408062,664.674683,590.787842
445.759585,115.536815,666.238220,590.372131
440.687167,116.319774,667.341553,587.878479
445.839938,116.139721,657.660767,594.197327
441.379977,108.590343,661.789673,596.314392
449.413699,105.116924,654.607483,604.276855
438.170321,103.101604,669.949219,607.165894
442.775454,101.294262,666.465515,601.824524
440.210452,100.786388,666.195129,604.702820
440.790377,97.111736,666.721802,609.086792
445.247103,95.876384,661.279541,608.895630
445.305941,95.214214,661.035156,607.080566
433.367800,92.393566,673.713196,608.319519
431.421328,87.640148,674.459167,615.080261
430.186953,88.418010,679.139343,613.942749
430.891665,92.205517,675.280701,610.023499
440.567904,84.224682,661.679199,619.893860
435.006899,79.549968,671.273132,617.643188
432.535159,72.449291,671.967590,630.417297
434.992098,71.284343,665.880859,628.975464
424.873568,73.189373,672.188721,629.028687
427.912844,70.214672,662.367004,632.963928
415.942874,69.211529,666.884583,622.371094
411.734225,66.165416,676.996704,621.989441
407.213809,62.218425,679.899353,620.963989
404.813052,58.052440,680.897400,620.419739
404.122042,49.264110,685.695679,624.997375
405.929446,52.421398,679.596741,616.401794
393.198947,54.756450,696.257202,606.675537
396.622683,54.196361,688.785461,607.164124
398.949160,47.265392,688.373474,620.529480
405.143649,50.099102,684.738647,608.772461
394.205294,39.600872,691.439575,618.047729
402.472170,36.285930,684.708313,624.260132
401.593417,32.775738,689.467773,622.217285
398.077120,31.175182,695.081421,623.324158
398.285952,31.462597,697.418396,620.295959
402.628054,28.298900,692.729553,620.306702
392.226901,23.401592,701.159058,621.776367
397.671786,23.004223,697.614502,625.377747
394.352419,19.779735,703.874573,626.171448
391.861147,15.382641,708.625427,630.437317
397.137393,13.992504,705.594177,631.665344
388.346621,17.374035,714.744324,627.278015
388.188387,14.560283,715.237793,631.112793
391.965731,12.501446,712.012695,632.610840
392.723116,12.075145,716.294556,632.968811
393.568820,11.272167,723.451050,630.335510
393.331240,9.415661,726.588074,633.190369
399.602053,14.138561,720.908752,629.609802
399.445132,10.117748,725.952332,631.410461
402.801760,12.686718,720.792297,625.722229
407.210482,13.991588,720.943359,625.730408
414.540499,16.044842,717.036743,627.313354
420.874392,17.875133,711.860168,626.098083
422.318270,18.392956,715.731934,628.305847
413.829379,34.985759,723.894043,624.006470
415.093081,44.776928,720.944031,634.054993
421.485598,75.776989,714.567444,604.762878
427.986941,73.070812,711.825989,604.344177
421.319949,63.191173,717.022278,623.365906
423.829562,66.825512,717.465454,621.666809
423.575137,62.876232,719.566833,626.259460
427.465365,65.671947,718.289062,629.418518
434.126803,63.294018,720.046265,624.871643
431.103579,58.551647,721.747742,634.207947
434.131533,58.834270,718.793152,633.078491
433.746829,59.231029,717.392395,635.515198
436.868502,60.286419,716.182251,629.900513
441.136416,52.947765,715.404236,645.140808
440.481692,57.204845,723.033997,634.427185
442.775607,59.133129,721.489380,636.640442
443.184023,54.966045,725.216248,635.412109
444.663058,55.998852,724.388550,636.413879
450.356661,51.995800,720.874146,630.625305
445.836306,51.216015,725.319885,633.304504
451.753573,51.330669,724.824219,631.273193
457.314028,51.551525,721.842224,625.171570
463.022006,50.002483,718.154053,631.569458
465.999209,43.650463,703.778259,636.983704
470.512423,50.600567,706.285767,630.248047
469.887881,52.351055,708.416931,625.751953
474.634738,51.031444,703.565552,628.052551
478.337588,39.687755,705.454041,637.302429
476.705386,40.500774,709.148376,638.434204
472.447604,29.746990,715.918823,655.811401
468.693606,33.697979,718.421692,645.399170
464.420352,30.942241,726.111511,648.609863
461.648898,27.268352,736.733032,651.461304
461.996188,23.575725,743.223267,651.577759
460.777346,22.880657,742.443176,655.238647
460.345797,18.523571,746.094360,659.864929
462.069918,12.147777,751.214722,666.159729
458.364016,7.064373,761.300598,679.641479
452.620150,5.226696,761.026123,680.206970
451.097933,0.220989,770.408447,687.698364
455.214083,4.045604,754.600952,681.858459
456.115817,0.331188,760.265259,687.273865
438.300509,2.343822,771.127319,683.898499
439.097231,3.089885,770.981873,681.974976
436.037448,1.970806,777.708374,679.511719
441.036501,0.000000,770.863586,673.312145
447.361666,0.000000,763.411987,673.455999
450.359255,0.000000,759.463440,672.423770
438.032015,0.000000,780.748535,674.149171
448.126498,0.000000,783.016357,677.550507
438.114901,0.000000,801.375244,678.657090
428.186099,0.000000,822.994812,687.868279
412.225466,0.000000,844.020813,660.400143
413.187625,0.000000,838.568665,668.972868
405.213442,0.000000,855.151794,663.961867
412.174166,0.000000,852.457153,670.870338
428.169009,0.000000,838.948914,668.487690
432.251040,0.000000,839.902527,668.685923
438.789675,0.000000,828.721008,667.511632
440.204775,0.000000,833.840759,669.206042
443.138827,0.000000,828.379639,666.520715
440.553713,0.000000,828.236389,664.868176
418.511569,0.000000,854.530884,646.317572
386.630740,0.000000,877.342590,642.407169
387.027468,0.000000,877.675354,639.173647
395.661715,0.000000,861.065552,632.692811
391.116213,0.741516,870.959534,645.726379
385.861697,0.000000,878.639465,645.234833
385.221438,1.639267,882.111633,635.826172
405.833376,0.000000,869.473938,636.458328
408.756747,2.671028,864.707031,651.217346
411.332858,0.000000,857.318481,658.571816
406.549471,0.000000,863.630859,652.883015
406.669131,0.000000,869.964539,661.606668
403.975649,0.000000,871.581238,662.765492
408.673098,0.000000,863.926331,660.045802
414.654330,0.000000,855.995605,674.183179
415.058779,2.696601,862.704041,655.088318
420.074893,0.000000,855.285828,678.566809
421.935793,0.000000,848.689270,683.814380
427.107302,0.000000,844.960754,678.519373
434.163790,0.000000,837.099976,685.640637
443.632845,0.000000,829.759277,685.356635
448.717196,0.000000,828.970459,697.043155
457.432925,0.000000,816.911804,697.317018
461.853243,0.000000,811.338745,695.465150
472.911532,0.000000,799.607910,710.293183
485.693362,0.000000,794.306638,706.261337
494.341554,0.000000,784.052246,704.283623
501.513612,0.395443,776.106567,714.549377
516.536958,0.000000,757.677307,707.777737
524.115541,0.000000,755.884459,712.258101
528.444489,1.353293,751.555511,715.787354
532.197892,2.159904,747.802108,703.370911
529.871956,4.162833,750.128044,706.625549
535.245121,3.663535,744.754879,712.607056
531.537935,3.246238,748.462065,713.545654
535.044572,3.735038,744.955428,701.112000
526.194832,4.882499,753.805168,702.091492
533.358799,0.890708,746.641201,712.550415
531.521685,1.534354,748.478315,711.252380
516.520516,2.956077,763.479484,708.063965
518.084385,1.164390,759.956970,714.219604
512.526646,0.000000,765.761658,705.202018
512.383275,0.000000,762.091858,713.087459
513.365849,0.000000,766.634151,702.616117
509.785769,0.000000,764.171021,708.532973
504.541201,0.000000,775.458799,712.567390
500.885774,0.000000,773.409790,702.231754
503.992585,0.000000,770.752319,710.048250
493.235078,0.000000,786.764922,700.162461
494.688462,0.000000,782.690186,712.234063
493.799607,0.000000,785.597046,701.903164
485.636002,0.000000,791.268250,705.339613
482.223984,0.000000,791.498047,698.399512
478.317246,0.000000,800.176514,709.051532
470.883103,0.000000,803.796509,703.828501
470.135087,0.000000,808.872864,702.279759
461.379899,0.000000,810.330994,699.059435
462.027695,0.000000,810.947021,699.570672
467.487198,0.000000,808.809509,695.743924
462.675736,0.000000,813.678284,699.229201
464.298173,0.000000,813.542786,691.872169
469.289567,0.000000,808.444763,699.734363
460.394059,0.000000,818.491638,691.076471
461.190629,0.000000,814.447327,692.939237
454.596329,0.000000,819.345154,693.806929
451.964982,0.000000,822.141785,677.640800
451.801560,0.000000,827.075562,680.378200
459.912003,0.000000,812.617615,658.591047
465.386643,0.000000,806.399048,667.001426
477.638688,0.000000,798.397888,653.524913
480.834641,0.000000,797.539673,668.790441
479.275590,0.000000,795.428528,664.721820
479.605820,0.000000,791.828369,674.136789
488.039689,0.000000,783.380066,677.524968
487.527878,0.000000,787.203491,686.295779
484.486619,0.000000,795.084106,688.392976
488.906479,0.000000,783.028320,690.819962
487.230301,0.000000,792.599915,686.375130
485.008805,0.000000,789.237976,693.924412
489.383408,0.000000,790.616592,696.401659
485.030144,0.000000,790.857300,699.269708
488.195427,0.000000,784.963257,690.644162
499.444207,0.000000,780.555793,699.743834
496.584866,0.000000,783.415134,670.106567
512.991743,0.000000,764.882141,693.936950
514.943068,0.000000,765.056932,679.667114
521.541572,0.000000,757.014954,681.827515
527.886756,0.000000,750.383911,683.049133
531.575812,0.000000,748.424188,689.436218
534.682224,0.000000,741.608826,693.439575
537.029911,0.000000,739.949097,686.133698
541.112064,0.000000,732.571655,681.549118
540.114170,0.000000,738.028381,689.559074
537.479160,0.000000,739.225891,696.025112
542.320194,0.000000,734.054565,690.403059
546.347690,0.000000,730.065247,693.753989
542.504215,0.000000,735.101318,694.382518
540.045597,0.000000,737.689697,694.502386
547.566226,0.000000,729.931885,685.749728
540.175724,0.000000,736.096924,696.298204
538.538730,0.000000,738.385559,697.459038
531.308445,0.000000,746.798767,700.204525
526.695560,0.000000,750.563599,696.995726
523.679569,0.000000,752.467407,691.246337
523.746280,0.000000,756.151855,695.666412
522.220859,0.000000,755.008362,691.769363
505.657230,0.000000,774.342770,695.044960
505.557405,0.000000,774.442595,689.730061
500.440110,0.000000,779.110291,695.941050
496.531236,0.000000,783.468764,690.204839
490.290307,0.000000,787.811707,696.548007
492.494683,0.000000,784.338989,697.129503
489.319542,0.000000,786.940735,694.488915
495.494164,0.000000,778.908630,694.361370
483.978356,0.000000,790.877747,696.449423
482.569146,0.000000,790.292847,698.372447
489.281182,0.000000,790.718818,698.931402
479.136105,0.000000,800.346130,702.589480
480.527096,0.000000,795.789246,699.454255
478.533688,0.000000,795.548767,698.029496
470.631558,0.000000,809.368442,699.830300
473.701185,0.000000,798.921082,695.405201
474.992445,0.000000,803.413513,698.541376
491.358107,0.000000,780.766663,697.758023
497.464094,0.000000,775.480469,690.878798
501.314161,0.000000,771.235413,694.027442
496.029310,0.000000,777.768738,695.359729
489.945753,0.000000,784.174866,689.891809
498.614943,0.000000,781.385057,683.892529
508.221961,0.000000,769.998657,675.697913
514.310889,0.000000,761.441406,675.477771
515.588477,0.000000,758.902588,667.824213
518.737495,0.000000,761.262505,656.160764
513.467563,0.000000,760.910278,671.131377
521.536075,0.000000,755.845032,667.212356
522.041996,0.000000,755.726990,660.802620
521.955844,0.000000,753.658081,682.541996
516.957645,0.000000,761.124451,698.760347
513.618442,0.000000,762.619995,696.234178
514.518619,0.000000,765.481381,712.260552
508.245577,0.000000,770.807983,704.841091
502.183107,0.000000,773.742493,715.550398
502.959139,12.010917,777.040861,699.928223
496.084336,40.556052,783.915664,670.785217
479.109368,88.366721,800.890632,613.583313
457.732601,104.288566,810.455933,607.239136
459.661801,116.802665,811.072632,589.490234
458.296597,110.073752,809.845276,595.535706
455.320492,115.647208,807.129517,595.162720
449.413235,116.354026,820.569763,592.155579
455.175595,123.260337,811.262329,585.703064
451.929226,122.328178,816.464050,586.553711
447.358486,114.005179,821.534973,595.353027
448.441769,114.505576,821.775635,594.829529
463.112240,112.701407,802.954712,596.143921
472.327114,101.527366,796.194397,608.822571
473.949825,105.379203,803.358154,606.856934
478.454769,100.427543,793.176392,603.404541
480.820858,93.877555,785.938110,609.611206
481.057492,82.285667,790.844727,627.046692
478.492428,82.064384,797.539795,619.717773
485.601895,74.183127,788.292297,635.765686
478.564419,68.812553,794.752258,645.825439
487.558041,54.501365,785.905151,648.070374
479.958065,44.041648,791.797485,669.279358
487.691586,43.014976,779.304810,664.054871
482.298153,42.658286,791.925415,667.897156
481.152889,41.102836,788.003296,665.310547
469.238919,36.571464,803.198914,679.206543
482.589718,21.383506,784.134766,691.816589
484.290188,16.388084,786.362244,697.581116
470.867672,14.032676,802.592773,700.815613
462.584255,4.592032,810.321472,698.751099
455.866940,0.000000,813.894043,706.192283
464.347073,0.000000,802.685974,710.075389
464.448940,0.000000,799.867737,704.531133
452.299374,0.000000,808.267456,699.119265
451.855923,0.000000,808.628479,693.379732
446.352963,0.000000,805.282104,699.061814
464.206082,0.000000,782.351990,689.885552
443.284725,0.000000,799.323853,701.656857
447.913326,0.000000,786.780518,686.149107
444.013027,0.000000,781.216858,693.893127
449.231655,0.000000,772.163147,684.324279
449.346005,0.000000,769.181519,687.984497
459.755551,0.000000,754.440796,683.823913
463.022305,0.000000,742.809387,677.236786
461.324124,0.000000,745.958191,679.813065
456.266690,0.000000,745.197083,679.966530
466.993283,0.000000,734.520508,678.863636
458.239132,0.000000,744.272461,674.707331
463.108517,0.000000,737.332520,673.731626
441.340420,0.000000,762.819397,671.256651
435.589443,0.000000,764.165100,675.392425
451.617062,0.000000,744.359619,665.738479
440.122372,0.000000,759.988647,651.591102
437.963925,0.000000,762.421753,650.062275
440.349880,0.000000,761.514587,654.467539
443.306179,0.000000,761.890808,650.048070
446.759732,0.000000,753.468811,646.030840
451.779782,0.000000,757.553223,633.475198
446.267208,0.000000,759.044678,634.104054
441.691097,0.000000,761.129028,638.539942
461.164547,0.000000,745.473633,644.226606
456.262570,0.000000,752.463379,639.716696
453.779476,0.000000,751.725952,636.375346
446.704037,0.000000,760.698364,638.118856
441.902462,0.000000,760.259521,637.291270
436.053311,0.000000,776.495422,628.325017
440.035214,0.000000,780.913208,634.228366
464.177517,0.000000,759.017029,634.937120
470.728634,0.000000,753.824219,637.847344
471.600765,0.000000,767.541626,653.842892
472.655575,0.000000,769.794312,658.267332
467.524136,0.000000,781.698303,676.958587
470.074185,0.000000,775.086975,694.764785
477.897305,0.000000,763.489807,694.488777
477.663540,0.000000,766.509094,702.093387
471.981259,0.000000,773.203247,697.230257
489.894680,0.000000,755.714294,696.175981
482.284634,0.000000,770.353088,700.325631
493.943356,0.000000,759.513428,694.852604
482.844204,0.000000,773.186829,696.563753
482.539150,0.000000,780.421692,695.517991
490.214199,0.000000,770.734680,693.324517
485.269924,0.000000,773.400330,701.320217
508.541500,0.000000,744.351562,698.002913
488.450375,0.000000,768.515747,703.600394
500.031430,0.000000,761.361694,700.330379
503.410488,0.000000,760.794006,689.785032
489.595516,0.000000,775.878784,696.871520
487.734463,0.000000,775.748596,696.046356
493.296414,0.000000,773.507751,696.265396
500.638821,0.000000,766.275085,697.384834
505.179501,0.000000,762.337036,694.537662
508.488552,0.000000,763.491882,703.403048
496.774014,0.000000,774.307190,697.292161
496.392483,0.000000,771.905945,693.991478
498.492550,0.000000,775.713135,698.736584
500.849819,0.000000,771.766418,687.655279
506.650967,0.000000,767.280579,690.081424
501.236843,0.000000,772.136414,699.406007
504.048428,0.000000,769.569397,684.031495
503.251705,0.000000,767.717529,687.083863
509.824856,0.000000,766.883484,696.003235
511.772488,0.000000,763.827576,691.210754
515.793637,0.000000,760.368530,689.346741
512.030606,0.000000,764.428772,686.031830
529.669674,0.000000,743.832275,693.954361
521.066036,0.000000,756.727539,693.513008
513.438046,0.000000,764.634155,686.272434
525.364620,0.000000,750.274902,681.234697
518.893795,0.000000,756.751953,691.298623
530.556210,0.000000,743.888062,684.441121
527.767880,0.000000,749.236694,680.993052
534.774502,0.000000,741.126526,680.049077
540.494992,0.000000,736.822998,676.232241
537.311947,0.000000,742.002808,676.060670
530.237057,0.000000,749.668701,680.412598
539.155880,0.000000,738.342041,682.151978
539.199398,0.000000,730.862671,680.171204
522.511410,0.000000,750.075562,687.265717
545.926144,0.000000,725.016602,678.526444
533.729122,0.000000,739.661865,687.850929
540.275692,0.000000,733.423706,690.624317
543.051876,0.000000,730.042725,680.126001
535.470242,0.000000,738.336121,681.660932
538.797909,0.000000,733.727417,680.528098
534.016751,0.000000,738.515320,677.395091
530.624203,0.000000,740.260376,684.683324
523.138027,0.000000,747.784241,694.738116
515.208767,0.000000,753.995544,700.213632
539.904965,0.000000,725.047241,700.026555
511.379299,0.000000,757.805115,704.682223
532.476528,0.000000,730.740784,706.130815
514.946469,0.000000,752.457642,714.070931
513.023251,0.000000,755.702759,715.921788
502.102200,0.000000,761.743347,704.952440
495.290554,0.000000,763.521667,703.900567
504.850826,0.000000,741.478760,703.988278
479.911434,0.000000,768.870239,711.204710
475.892941,0.000000,772.970703,700.073211
482.182247,0.000000,753.548584,703.950698
485.954281,0.000000,751.388306,706.977302
471.174862,0.000000,761.264771,703.311375
488.204983,0.000000,760.723083,705.037859
477.253689,0.000000,762.913269,708.345132
477.742336,0.000000,755.610779,709.896138
486.313290,0.000000,752.074585,705.720072
472.522335,0.000000,769.216553,702.745534
489.003994,0.000000,751.500061,701.977442
472.214260,0.000000,765.826111,699.949231
495.261257,0.000000,752.438171,700.426215
464.135861,0.000000,786.117432,705.846622
505.336270,0.000000,744.654602,702.869905
480.462124,0.000000,764.739319,710.002122
518.050350,0.000000,734.322632,709.466149
479.858120,0.435559,775.184387,704.091125
510.824398,0.000000,732.914429,710.239727
495.451077,0.000000,757.558533,706.906698
495.684750,0.000000,755.939575,706.762767
496.028683,0.000000,756.589600,703.478704
488.613522,0.000000,758.012451,700.282717
487.553646,0.000000,762.839966,695.280855
484.060513,0.000000,767.933411,708.780839
488.915402,0.000000,763.838867,710.895394
485.852261,0.000000,769.459534,711.553288
479.863156,0.000000,775.645508,700.509340
472.222714,0.000000,788.901001,701.407838
470.907894,0.000000,783.298218,708.377228
472.797085,0.000000,786.324280,700.190659
473.867306,0.000000,784.747070,710.193169
482.380642,0.000000,768.297058,705.458675
473.325283,0.000000,781.267639,705.979857
467.409634,0.000000,789.406067,708.296020
465.010678,0.000000,791.802368,704.295043
463.339169,0.000000,794.517944,702.297119
468.688565,0.000000,796.779114,704.814789
470.747677,0.000000,787.517334,704.070816
475.214443,0.000000,788.861633,710.752541
470.207028,0.000000,791.100342,705.693409
475.963864,0.000000,783.985107,703.527643
475.673001,0.000000,782.265564,710.293180
471.353695,0.000000,786.732300,700.633559
476.263027,0.000000,787.457092,710.289497
485.025326,0.000000,770.501343,703.790378
486.873959,0.000000,769.209595,705.146593
478.785702,0.000000,777.750854,702.385186
485.902065,0.000000,769.515198,703.130948
488.160946,0.000000,771.100952,699.942335
485.542843,0.000000,771.768555,700.423560
494.343960,0.000000,761.080872,698.469501
484.399838,0.000000,770.826782,697.558328
487.205868,3.072682,769.692993,694.086304
476.316525,0.000000,778.344971,698.037831
487.195919,0.000000,767.418213,698.931941
480.705929,0.000000,771.162842,693.233487
469.115170,1.285475,777.066772,702.245544
475.282772,0.000000,780.829712,694.824294
478.425625,0.652198,775.848450,691.599976
467.313534,1.690711,785.668823,696.464355
465.388302,0.000000,791.907471,693.917457
467.370419,0.000000,795.191040,695.230823
463.731961,0.000000,795.915710,689.681696
465.346829,0.000000,793.634949,690.384976
464.256039,0.000000,797.786255,694.338026
450.953427,0.000000,811.750854,690.646278
441.345669,0.000000,819.519836,691.133075
442.598141,0.000000,816.082031,691.443613
433.859890,0.000000,828.293884,693.990361
439.991268,0.000000,824.390747,688.788058
438.559017,0.000000,823.941528,689.291368
438.565029,0.000000,826.154358,693.802910
441.559017,0.000000,819.467896,690.167721
432.668820,0.000000,825.930908,691.627043
430.130947,0.000000,832.201233,691.697036
433.880245,0.000000,834.227295,684.801887
439.093441,0.000000,822.386353,689.297184
443.781704,0.000000,820.929993,690.834871
437.293331,0.000000,826.810303,684.473496
433.779507,0.000000,827.489319,680.472130
433.199215,0.000000,832.361328,669.643170
431.713436,0.000000,835.621216,675.665152
437.180660,0.000000,834.220215,663.896663
439.279080,0.000000,835.573181,674.814390
442.654965,0.000000,826.182495,677.146544
448.078213,0.000000,813.951477,678.207458
450.883846,0.000000,812.806274,685.117523
458.756710,0.000000,808.265869,679.875137
464.029171,0.000000,802.270996,685.890358
458.139584,0.000000,809.807495,676.891010
457.457516,0.000000,809.058350,681.163462
460.084866,0.000000,807.556335,673.528203
455.544552,0.000000,810.225342,674.211520
453.095272,0.000000,808.849976,667.986711
452.314572,0.000000,815.600342,671.590096
455.290158,0.000000,801.737793,665.664952
449.599301,0.000000,802.066772,672.620714
447.785000,0.000000,811.627747,672.742303
443.568173,0.000000,801.254272,674.576535
447.643643,0.000000,800.585999,670.147185
446.523037,0.000000,812.922668,665.709914
450.689480,0.000000,799.200867,679.471351
448.902004,0.000000,792.199646,675.525471
450.698391,0.000000,788.298767,681.001352
445.015927,0.000000,788.554321,684.840856
441.248593,0.000000,798.117798,686.981280
434.899929,0.000000,794.847595,678.565805
431.205441,0.000000,814.261719,688.406315
430.903408,0.000000,804.270081,674.651644
427.083065,0.000000,811.754028,683.678270
424.392758,0.000000,815.221558,664.988213
417.054470,0.000000,813.874939,685.421414
415.083676,0.000000,812.716431,675.816420
414.713070,0.000000,830.653687,680.440375
420.412197,0.000000,813.231018,680.820682
418.616940,0.000000,826.383057,684.757478
419.015072,0.000000,825.039429,677.528581
412.836178,0.000000,838.585938,681.027962
412.852719,0.000000,828.727661,672.855046
409.913204,0.000000,843.600098,677.152681
408.238217,0.000000,823.779663,661.410081
403.835385,0.000000,832.014771,665.384850
405.287655,0.000000,834.401733,665.199047
402.156033,0.000000,839.255066,659.528326
394.327633,0.000000,838.892334,666.783908
392.124722,0.000000,856.518372,672.704088
404.344784,0.000000,835.309204,667.334862
406.750363,0.000000,830.214844,679.337933
403.873287,0.000000,829.661621,672.934317
405.484616,0.000000,820.486816,702.814204
415.787808,30.257902,797.117004,677.572083
416.568661,134.015714,790.422485,572.055969
408.845638,243.920209,800.398315,465.772125
410.862911,310.061201,782.529541,401.770416
413.925625,348.591047,766.110413,369.846954
414.483547,364.677656,762.999695,350.901520
412.369992,357.150251,772.382324,359.835724
421.691128,317.349271,793.660706,398.901550
433.272518,243.421613,788.094604,475.457306
441.159573,195.849454,782.613464,517.965637
437.243923,168.949430,782.473572,547.611389
445.665310,167.789365,769.953796,543.537231
449.996212,170.039579,776.050781,545.743591
456.208157,171.330625,764.424011,538.421753
465.885433,172.783659,765.842163,539.615784
475.042385,178.409452,753.582214,535.172791
475.140103,179.038511,756.235413,531.982056
476.079952,175.482725,760.090820,539.294800
482.436062,178.237791,751.809998,529.413574
482.170925,174.420316,750.698669,536.751160
479.445126,172.267240,759.326050,540.309021
483.987789,171.703794,756.932617,543.654907
480.608059,170.167844,760.261658,536.427246
467.256924,168.605772,774.071106,540.367554
470.130306,163.805326,777.365845,548.820740
461.832241,162.498380,779.819153,550.251038
462.504666,163.915800,774.124207,540.654724
450.646908,161.711790,787.082153,545.483643
447.103787,170.370847,790.737488,541.129639
464.834988,171.717008,771.061218,537.014221
456.853787,169.777677,788.837341,541.880676
449.358181,168.734159,795.309509,539.663757
458.831784,158.414182,800.769287,548.542236
478.854824,158.338743,792.544006,555.136719
492.534207,148.321287,773.921570,558.122559
485.830258,149.358213,781.197388,556.394897
479.988552,150.917570,785.703308,554.880432
480.197842,135.425931,781.756165,573.273621
459.268429,122.231596,781.899170,583.966736
407.095455,125.439268,797.462891,583.819702
386.782772,112.940580,806.567505,593.079529
379.690823,117.640470,816.813904,596.055237
384.631741,117.725767,814.987976,594.739380
387.290615,115.230741,819.294006,595.653748
412.695828,103.930143,815.135437,603.759583
426.540859,103.464109,817.969788,609.124512
437.729367,105.643278,818.467529,599.596985
439.057797,100.662107,825.444458,610.938965
435.507656,95.259855,827.913879,609.620667
438.723721,90.976560,824.079163,617.384521
443.233975,81.834989,821.446594,627.981140
445.702419,72.793607,825.073425,635.645447
445.658261,63.074338,822.872192,641.194092
453.811764,61.904752,815.906982,646.318909
455.765408,55.334104,817.716736,644.536377
457.642178,54.990629,818.590393,651.044373
465.033047,60.248655,806.185120,647.647461
461.843807,50.191801,808.971802,658.742371
472.183895,53.186857,798.205200,650.892639
470.750820,43.092893,800.942688,658.287354
467.398129,42.124967,808.356567,671.454407
472.765652,35.921812,799.539978,671.443237
471.727169,31.375394,798.730957,665.271912
474.089443,28.148862,799.677795,675.996460
473.663479,28.566862,798.870056,681.298645
470.708676,21.041227,802.980103,676.693420
475.916714,13.146055,795.495911,689.482544
479.100338,11.090696,794.641113,691.519043
480.101711,7.856016,797.249939,692.433228
485.596768,7.032285,794.090393,692.573853
479.912747,5.889371,791.363220,701.559631
482.133145,0.000000,797.102356,701.712919
486.627133,0.000000,788.746460,701.003188
487.725888,0.000000,785.926880,701.689643
495.667965,0.000000,776.530029,696.285221
503.433895,0.000000,769.060181,698.211855
509.596523,0.000000,764.846008,703.653901
510.275906,0.000000,763.987976,710.265793
514.043820,1.754082,764.142334,715.431702
516.595638,7.214989,752.817749,702.393188
514.665707,11.831688,757.093140,702.945923
514.118374,7.926811,757.544006,701.705872
512.990780,15.916771,757.945679,700.259644
514.574551,17.325402,756.556458,694.477295
526.152279,21.947106,741.902222,686.207031
526.910336,23.734001,740.613647,692.314880
523.809200,27.960381,744.129883,681.688049
527.636227,31.891777,739.226562,676.355774
537.300167,27.620751,735.414307,691.458862
547.520138,27.742974,727.926025,685.669250
556.015194,22.037499,712.567993,696.064575
557.298702,18.120079,712.985352,697.923096
556.918972,15.048332,711.342957,698.247742
557.590939,11.696587,708.287109,698.814758
556.669857,9.646843,710.877563,706.430603
561.613766,2.755699,707.067383,707.419922
557.477749,2.018395,712.455139,709.686768
556.229672,0.000000,714.354370,714.986931
555.107266,0.000000,705.423645,708.355953
551.560726,0.000000,724.168091,709.856901
548.509274,0.000000,716.957764,713.268081
548.262631,2.971290,718.047974,706.220276
545.334377,3.403144,720.757019,709.802612
540.544552,0.000000,723.533203,705.808723
538.399136,0.000000,733.785217,709.019687
545.227780,0.791704,715.819336,705.243408
540.994320,0.000000,726.729126,710.229509
541.775234,0.000000,718.042053,706.658120
539.669216,0.000000,727.360291,709.783467
536.193295,0.000000,723.098267,706.387705
540.559872,0.000000,722.804077,713.449315
535.965695,0.000000,731.703857,707.088275
537.107540,0.000000,728.184570,711.115823
532.738339,0.000000,733.930786,706.245534
533.406521,0.000000,724.818542,709.214960
536.278317,0.000000,726.273926,710.747037
535.510464,0.000000,727.585022,706.211440
537.599667,0.000000,719.411255,713.963081
536.491268,0.000000,720.491577,707.535038
537.260525,0.000000,716.565369,712.685732
534.082424,0.000000,724.843201,712.477387
531.355465,0.000000,723.304688,709.546738
523.885617,0.000000,726.641602,712.167656
526.179653,0.000000,718.833557,708.033993
520.418637,0.000000,734.006958,713.514555
518.787167,0.000000,731.293579,709.411605
527.779385,0.000000,727.233948,704.498008
531.285397,0.000000,715.412598,711.988201
528.318325,0.000000,716.021545,715.440695
522.209561,0.000000,714.953430,706.502238
523.552487,0.000000,724.998291,708.761617
520.985806,0.000000,717.100159,708.957926
515.875515,0.000000,717.943542,711.369741
510.583615,0.000000,735.123291,706.095912
512.064724,0.000000,727.862000,700.629255
513.121700,0.000000,736.190918,702.484000
509.962246,0.000000,734.766907,705.385982
520.359097,0.000000,718.191223,695.576933
515.280789,0.000000,730.906189,706.631179
507.628140,0.000000,733.962219,701.928687
510.490811,0.000000,730.985901,700.105732
509.037167,0.000000,724.143188,694.998178
503.224850,0.000000,742.959961,695.325108
503.244656,0.000000,737.943542,695.795214
492.845272,0.000000,751.248413,685.153680
497.872311,0.000000,751.021484,688.631711
499.417629,0.000000,743.979675,685.797056
500.366299,0.000000,749.605530,677.820647
502.460018,0.000000,744.727905,672.486984
500.344387,0.000000,752.025330,668.714714
502.484463,0.000000,752.868958,666.203670
503.788723,0.000000,746.313171,665.604704
507.727810,0.000000,745.887634,663.083968
510.161373,0.000000,736.103027,667.835716
506.139340,0.000000,728.506226,660.871929
503.368801,0.000000,742.703552,661.540823
506.978329,0.000000,742.131714,656.328914
507.285885,0.000000,737.143799,656.699674
507.576962,0.000000,740.150757,656.467818
503.772305,0.000000,743.664612,655.379325
507.644772,0.000000,736.880127,657.271114
504.283749,0.000000,739.154663,648.104856
496.938198,0.000000,752.564514,646.064727
493.681668,0.000000,751.135193,636.412887
492.931698,0.000000,760.459106,638.591270
488.697933,0.000000,762.299683,638.941418
482.395870,0.000000,770.175537,638.568304
482.031887,0.000000,773.114929,644.090640
480.054836,0.000000,773.016785,624.624452
480.222958,0.000000,775.944214,637.716553
484.706417,0.000000,772.165039,641.622162
486.631344,0.000000,770.285645,639.904251
491.987484,0.000000,769.755737,634.996559
493.140988,0.000000,754.479004,646.627583
494.065914,0.000000,761.444092,634.670115
497.141873,0.000000,759.590515,639.684636
500.638851,0.000000,756.484253,634.607638
499.646542,0.000000,759.516968,634.717851
502.666928,0.000000,758.520630,631.598580
507.815579,0.000000,747.736755,630.561833
510.515743,0.000000,744.268555,624.474001
512.998959,0.000000,735.832397,626.578370
506.761013,0.000000,741.260925,621.645264
516.790219,0.156830,731.184692,622.402649
522.592190,0.000000,726.975525,616.252259
532.887570,0.000000,715.019531,612.102234
536.477963,0.000000,713.427368,606.052307
543.372433,0.000000,710.846436,595.199799
539.645718,0.000000,707.783264,592.197342
534.541317,0.000000,720.129517,583.355812
527.507351,0.000000,730.243591,583.466206
546.240139,0.000000,712.107849,575.590403
536.420498,0.000000,721.975891,577.830602
535.888973,0.000000,720.571655,568.342883
535.345455,4.825860,720.297363,562.798096
541.146877,0.000000,714.506287,555.820489
532.678158,0.000000,717.276489,561.965817
532.671078,1.803252,720.026001,563.403748
534.891934,0.000000,712.507874,557.342833
537.590450,0.589812,705.167480,559.209106
525.352169,0.000000,721.458740,558.365050
532.894222,0.000000,718.438599,565.639892
526.469967,1.335113,723.635986,578.648376
557.980679,0.000000,713.221741,600.580200
576.894680,0.000000,700.374695,616.618133
580.568051,0.000000,690.897583,620.027084
571.245541,0.000000,699.479370,616.860710
578.823910,0.000000,693.313843,623.160763
567.263851,0.000000,703.064575,627.143705
567.374752,0.000000,696.445801,627.091659
510.667599,0.176963,665.737305,614.722107
403.394741,0.000000,705.582336,631.256431
359.397152,0.000000,696.098755,625.769909
325.781094,0.000000,693.819641,628.154516
301.555264,0.000000,686.815002,628.719653
282.311581,0.000000,683.250122,621.719232
262.635617,0.000000,704.761963,613.191098
244.495663,0.000000,734.056030,607.281462
265.662838,0.000000,715.658447,599.696853
249.968716,0.000000,737.349182,589.393409
269.115078,0.000000,715.507141,586.538624
260.985073,0.000000,722.295959,574.810663
266.078396,0.000000,724.578064,582.929776
266.241085,0.000000,737.546143,565.894789
264.797909,0.000000,736.521851,563.112495
259.913449,0.000000,751.350098,537.558139
288.356961,0.000000,736.698669,531.025133
300.245327,0.000000,732.469788,528.724206
310.399777,0.000000,726.409912,526.161938
308.612240,0.000000,731.334351,517.821020
300.408138,0.000000,741.162964,513.589007
301.737393,0.000000,742.283752,514.943826
291.189236,0.000000,755.198669,501.523839
292.966336,0.000000,756.280945,517.935351
289.725216,0.000000,770.147705,509.310937
292.712429,0.000000,763.698425,516.861676
304.830807,0.110159,745.240234,508.828613
302.794583,0.006613,753.583679,504.570618
295.356716,0.000000,761.669373,497.635748
285.292965,0.000000,772.992920,493.479602
293.559323,0.000000,761.775146,479.732523
284.466000,0.000000,763.997192,473.457692
280.696499,0.000000,772.983704,472.091669
284.269680,0.000000,773.615173,473.710843
289.456753,0.000000,767.945374,487.492873
306.905117,0.000000,750.678040,493.921409
309.103451,0.000000,744.835571,504.998836
319.707760,0.000000,740.816162,518.466520
318.784359,0.000000,748.137817,512.997390
321.912167,0.000000,739.555542,511.041175
323.750210,0.000000,747.860413,516.116504
320.368008,0.000000,751.713440,532.683802
330.054592,0.000000,735.828552,545.234754
310.635800,0.000000,759.183472,599.099219
324.053768,1.365466,744.099487,601.769653
330.421963,0.000000,731.972961,629.402728
334.201870,0.000000,733.195374,636.153818
332.675900,0.000000,730.021729,641.381566
331.095700,0.000000,731.781006,639.269671
324.227719,0.000000,733.339966,629.884744
309.899716,0.000000,740.753540,621.184376
311.968258,0.000000,739.972168,636.745844
286.901119,0.000000,740.814453,655.833432
250.669094,0.000000,750.036560,672.929869
237.643276,0.000000,746.542542,679.695007
242.668362,0.000000,735.036316,699.192962
228.880093,0.000000,745.622864,693.781082
229.301571,0.000000,745.244751,692.746284
229.229916,0.000000,755.913940,688.449406
233.375698,0.000000,745.485901,697.086580
232.473202,0.000000,743.527954,692.725022
240.285855,0.000000,743.469299,689.994744
248.103512,0.000000,723.491699,700.837643
247.213619,0.714872,733.756104,701.425232
244.911129,0.350279,728.321045,706.607300
242.680752,2.343779,739.903381,705.819519
265.275173,4.897642,716.202576,695.206177
265.127346,1.980436,717.437195,701.724182
265.369869,0.516966,729.863037,702.927734
264.348629,2.949827,723.599121,702.976807
266.356747,2.541472,729.048462,704.911194
268.861691,5.108244,723.753418,700.068909
272.308407,3.746061,721.679565,704.217590
269.410488,5.091093,726.471741,704.399597
269.437985,2.765867,735.739258,696.749268
268.779080,6.353697,728.362488,697.830688
271.562405,3.620360,739.226746,701.676025
271.991360,5.821898,727.919373,688.896240
270.757717,7.066282,737.961609,686.625977
269.645230,6.911863,742.379700,687.920166
269.380490,6.983976,745.668701,688.208069
263.957943,6.202604,750.000854,698.100647
259.034847,6.393797,758.364136,701.216553
249.734432,11.988432,774.415405,702.451599
259.036312,28.098051,761.429810,682.294373
259.601101,37.058043,759.864929,672.553101
273.682614,41.233671,746.726318,670.375671
269.372982,43.838560,753.648560,667.571899
265.512631,48.479155,762.524292,664.343201
256.993862,55.136595,768.006409,646.299805
258.986904,56.356657,779.443665,654.458557
258.468777,48.968840,768.304871,656.021057
265.079922,54.536284,768.294250,657.764832
262.875668,55.203215,766.801636,650.183411
268.364559,45.456389,762.801880,667.680969
267.668087,48.485594,760.075928,652.045166
264.361019,53.592161,766.925415,652.411621
269.283322,59.046232,764.365967,651.825012
271.929379,53.896116,756.963501,650.382080
269.073055,52.875456,759.820923,658.644348
270.064236,49.607969,761.324158,661.218872
267.731350,51.852385,770.080994,664.016907
271.689480,46.741331,764.968201,659.664307
266.100918,47.294462,779.489319,664.809265
264.323605,42.127775,769.325439,661.152161
263.479946,38.834715,774.552795,673.906494
261.648953,36.530668,778.612976,666.443298
258.331875,33.995237,779.776917,678.238525
262.152737,35.510618,768.325378,667.114502
261.594509,31.259672,767.237976,678.068054
265.359005,23.475676,772.527588,688.903137
260.647549,25.207060,775.023743,689.237244
250.118527,21.156065,791.806641,692.451538
261.741116,17.703856,778.974060,682.957520
260.058438,17.508513,782.429504,694.627747
267.271450,14.726439,784.351868,693.921875
273.804165,13.361876,780.567444,689.981323
274.556027,13.172087,779.945801,689.085510
283.505764,10.994047,767.522156,692.497009
290.953060,10.452025,760.379761,694.080322
289.720425,8.837217,760.066956,697.916138
291.934963,8.536467,765.488953,699.888977
303.694943,4.763426,743.846924,702.604736
302.380306,4.017851,750.329956,700.271912
306.379788,3.011595,749.259705,700.247559
292.931423,4.065519,757.217224,698.540588
302.700558,1.839201,753.364990,696.538147
312.318295,0.930449,744.229858,706.478455
306.075619,1.904417,749.424683,698.107422
299.882138,0.058989,759.909058,703.031677
307.268490,0.000000,753.277222,686.872831
299.316067,0.000000,759.724060,691.012160
304.000881,0.000000,758.451355,687.561378
305.978390,1.744190,752.141357,690.719482
304.077755,0.000000,754.822998,689.178821
302.689724,0.000000,755.464783,691.073999
287.836361,0.000000,767.848511,691.227887
293.239590,0.633078,762.846985,692.868958
296.134548,0.000000,759.931335,695.271780
301.214016,0.000000,754.077332,692.545558
301.697384,0.000000,753.144775,691.723432
315.329830,0.000000,742.242432,689.166282
314.782223,0.000000,745.938965,688.028697
319.689205,0.000000,744.863770,697.276922
323.894528,0.000000,732.015381,693.028628
324.645565,0.000000,739.615112,689.866273
324.949581,0.000000,731.257324,691.288361
317.041470,0.000000,746.371643,690.947770
327.747738,0.000000,731.551636,684.838936
319.593472,0.000000,751.264465,678.303349
327.656155,0.149508,738.419373,681.622742
318.359036,0.000000,741.507996,680.543795
318.578305,0.000000,740.680298,689.395219
315.749447,0.000000,742.481567,693.129128
313.088955,0.000000,745.541565,689.224140
312.077236,0.000000,747.681946,690.879465
318.671566,0.000000,735.604370,698.489720
318.029904,3.645648,734.118652,700.375427
311.578305,0.000000,746.307251,704.849688
318.742916,4.161111,737.848633,694.649780
316.814114,7.125955,740.364929,699.065552
321.571469,5.381082,741.762573,696.038940
321.628384,4.252755,738.143372,703.987000
325.636410,0.000000,731.413452,702.189920
313.179409,4.159535,752.250061,699.093018
312.538876,5.370717,749.650024,693.923340
310.656704,3.798970,755.275452,694.251160
308.785977,2.175069,748.953430,696.022400
302.930660,1.086476,755.490723,695.661011
296.444180,2.959798,763.320862,693.684387
308.276882,2.118123,743.603943,697.993469
304.900906,1.646351,746.310486,694.806396
294.508358,0.491231,757.987427,693.061707
305.269161,0.000000,741.764648,693.066060
308.332150,0.000000,741.996338,685.628458
308.607113,0.000000,744.640747,695.387502
310.624783,0.000000,745.646912,693.878718
313.055599,0.000000,742.963745,697.379117
314.614498,0.000000,737.698486,701.888533
315.550686,0.876151,735.851990,704.720703
313.603848,1.088615,740.150940,696.495483
303.789211,0.391471,753.871521,700.095337
300.693295,0.097312,762.171753,691.106995
298.918240,3.306419,765.483093,696.539368
298.538754,0.967094,764.456177,691.639160
309.826016,0.000000,757.340881,695.123191
305.130154,0.000000,758.219666,696.510387
303.339474,0.000000,756.552490,696.648260
302.732327,0.000000,759.013123,699.916659
305.266567,4.884538,756.753723,683.838501
306.990383,4.008989,752.832458,690.683838
307.891323,4.156938,751.942932,693.836182
320.824490,1.736314,736.990906,697.969666
297.530911,3.296403,756.758240,697.024536
310.427304,0.171953,747.251831,694.669678
302.063320,2.308519,757.121887,694.233215
297.342678,2.810533,757.859070,692.996277
304.779385,0.636003,749.065002,695.289185
301.240536,2.761400,749.962769,690.491760
296.399136,3.424608,755.188293,691.588928
297.881100,2.966783,755.794922,694.028015
305.396176,0.769090,746.757935,694.821594
309.642361,2.336656,741.681824,692.749695
303.799069,0.778276,748.482666,697.336426
304.590206,0.000000,747.703857,693.986070
309.748440,1.557976,743.641296,692.929932
301.896237,1.111504,749.566162,697.938599
310.666165,0.000000,740.398865,699.134698
294.944729,0.297940,749.689636,692.488281
306.210873,0.000000,744.311646,691.645718
301.155209,0.000000,748.281372,691.240278
300.544674,0.472709,749.051514,688.071960
293.705136,0.000000,754.819214,693.495139
308.462307,0.000000,742.366882,695.113018
297.064663,0.000000,747.621399,694.582693
296.460812,0.000000,748.756592,693.856746
294.342068,0.000000,750.343689,697.060300
291.241207,3.270659,751.983887,697.289734
292.834194,5.334594,741.338684,696.748047
300.325283,0.000000,734.384094,702.721709
289.020443,3.337631,742.549438,699.670227
287.294003,2.938156,745.413208,696.467224
282.792904,1.311141,747.867554,694.365540
280.925045,1.870834,749.137451,690.629456
286.549069,0.000000,743.385254,688.398116
273.792050,0.614402,758.132935,682.562134
273.850247,5.106620,759.042908,671.843079
265.916592,0.000000,762.492981,673.422294
258.920773,1.504482,768.717529,674.062988
259.090481,2.284054,760.517761,677.457947
250.074337,4.545803,771.502197,671.361206
252.080960,2.822750,766.726013,675.845154
255.174587,5.091610,769.015076,674.127502
260.773709,7.346523,764.490906,673.617920
262.443142,0.320614,754.581726,688.867249
261.474331,0.332119,756.870667,691.694336
264.289303,1.403713,758.250732,692.293823
271.426541,0.000000,744.237732,699.521664
279.943569,0.000000,735.101379,695.408628
274.173397,1.870147,743.528198,695.268677
269.630306,1.856536,749.368774,694.544434
267.946041,0.000000,752.200439,696.078002
271.100674,0.000000,745.061829,691.354003
271.741268,0.000000,743.355591,686.971863
266.274136,0.000000,752.833801,682.554047
264.241360,0.000000,754.323181,681.866623
259.639034,1.224358,758.786621,682.458923
270.906948,0.000000,745.869934,685.102867
254.258602,0.000000,766.558960,684.961803
270.109493,0.000000,751.720215,683.433874
263.896694,0.000000,758.009827,684.417651
272.089016,0.000000,749.431580,681.167078
266.219296,0.000000,756.373169,675.462994
262.185757,0.000000,762.081604,668.813864
277.512203,0.000000,750.671631,667.072002
261.838558,0.000000,762.095337,659.036306
265.409298,0.000000,761.220703,648.244105
271.708584,0.000000,752.575012,644.504011
264.770870,0.000000,767.657959,648.293387
268.478970,0.000000,758.539856,645.919124
275.285519,0.000000,755.003418,643.097807
274.560574,0.000000,756.894714,640.009291
272.569729,0.000000,753.837097,644.830940
271.398007,0.000000,755.246216,636.577152
273.921566,0.000000,759.857300,631.343813
274.625698,0.000000,752.073792,633.409669
279.134396,0.000000,751.773926,630.285218
286.450497,0.000000,746.100464,625.855042
286.246487,0.000000,749.791443,628.755615
286.804592,0.000000,741.634460,632.019959
282.836636,0.000000,743.435852,630.999817
286.250454,0.000000,739.983948,635.318726
280.908627,0.000000,745.472046,632.247742
282.253567,0.000000,744.772156,641.228363
270.654598,0.000000,758.619019,640.982712
257.769192,0.000000,767.969421,646.506706
250.767513,0.000000,777.336792,645.462460
241.265347,0.000000,784.369690,643.544523
235.649502,0.000000,789.263000,646.642653
231.951412,0.000000,789.918945,637.542488
233.641995,0.000000,789.309753,638.972172
240.232174,0.000000,784.500977,627.101808
238.271084,0.000000,789.639465,632.060609
241.787472,0.000000,783.118652,625.078888
246.233242,0.000000,776.850647,619.881699
244.225094,0.000000,781.277832,614.673851
247.600491,0.000000,781.688416,612.412884
244.910183,0.000000,778.390808,610.130758
243.098232,0.000000,782.471985,615.075328
245.776211,0.000000,780.803040,614.182653
243.654415,0.000000,778.777832,620.506335
244.005001,0.000000,777.255371,613.996606
241.282955,0.545422,777.943115,617.859375
243.893063,0.000000,772.323242,611.535107
244.091244,0.000000,766.431519,617.716040
241.890682,0.000000,762.265747,616.325458
238.889797,0.000000,762.615173,623.011453
235.679135,0.000000,768.238159,622.064931
238.278500,0.000000,763.909546,625.950373
243.491055,0.000000,752.058899,631.323941
246.361416,0.000000,746.763977,633.513350
247.754727,0.000000,742.789124,633.701194
251.163601,0.000000,738.888367,627.944683
243.949948,0.000000,741.414062,619.544790
239.171475,0.000000,738.444397,615.821223
243.433560,0.000000,731.376770,609.736295
230.789395,0.000000,743.377502,615.536269
216.510372,0.000000,749.711426,613.256507
212.989742,0.000000,753.163330,605.355915
211.031582,0.000000,750.523254,608.485544
210.785641,0.000000,741.659180,604.558202
216.358059,0.000000,730.773621,607.147356
223.293087,0.000000,718.535400,612.782052
225.781277,0.000000,715.182556,607.874821
214.926419,0.000000,724.409119,608.009432
220.449948,0.000000,709.345947,605.534288
218.791744,0.000000,694.101318,606.776787
212.616146,0.000000,700.628540,607.371395
212.966458,0.000000,686.075378,612.764952
209.414547,0.000000,695.655273,617.815948
211.757900,0.000000,670.723938,636.862197
216.730435,0.000000,658.565735,675.898445
220.410946,0.000000,647.762329,707.403599
226.195675,0.000000,632.040771,715.169664
230.007870,0.000000,622.328979,703.018548
236.786099,0.000000,611.419006,709.166745
236.385586,0.000000,612.544983,705.735167
238.921719,0.000000,609.440491,711.173186
249.450161,6.557785,603.875305,699.164062
262.802517,13.573654,601.115662,699.748779
270.514218,18.808303,600.449585,690.691589
279.169552,28.989669,593.037842,680.822510
289.736508,38.329605,590.172241,674.507874
286.144924,57.408554,598.643250,660.115356
290.423977,72.852157,590.420105,641.344116
294.809231,88.873458,597.694519,623.785889
296.717068,106.678939,596.982361,599.243042
300.110012,116.489883,598.635437,590.175354
297.926113,121.969925,602.736389,588.032898
310.469723,118.379806,591.812988,595.111816
299.328152,118.546768,606.436462,595.692688
301.422177,114.240463,601.406860,598.019653
323.511410,113.447982,579.206177,601.818237
302.377590,110.188766,605.261658,602.334961
297.312130,105.834274,613.617920,609.460449
301.559994,105.715286,610.026733,607.954041
317.538967,103.878830,595.039734,610.831787
321.786923,99.111923,592.893188,614.953003
327.169735,100.059188,583.690063,610.045776
328.561306,101.377090,561.381775,614.115051
314.102261,100.167465,544.488586,611.085327
316.575009,98.368820,523.598755,616.525635
305.925717,89.073104,531.140259,622.189575
313.988339,85.209487,524.609009,622.145325
311.537777,82.960220,525.611938,626.368958
309.002316,79.987655,528.411621,630.219849
307.885922,79.934616,528.441284,631.652832
287.178616,79.235763,521.744568,633.621094
282.180142,76.183090,516.043274,635.463013
278.683468,71.096267,508.129150,636.363464
273.609722,68.070846,501.807159,641.281494
278.420391,57.097824,493.969513,652.498047
270.043148,40.938064,496.005005,671.485291
273.420666,36.415329,494.380829,676.181885
260.057690,39.519760,505.523773,672.013306
258.008724,41.568740,496.749146,671.898743
231.103695,44.081192,514.727661,669.161926
224.563168,44.504043,502.584839,663.565735
216.415325,61.718795,496.858063,649.852539
215.580456,77.952835,482.134979,629.440369
217.805172,82.719192,475.929443,630.744324
215.673947,94.079116,468.350830,618.422913
211.411648,104.267105,464.193054,610.564514
193.441036,112.126968,470.632080,598.663147
182.098934,119.119247,463.106567,593.152710
187.097668,124.881240,463.325409,588.186340
192.177578,126.033523,453.941956,590.226990
187.143856,126.487686,457.196655,588.826965
184.677853,126.869644,459.759277,588.773010
180.666165,127.641800,464.580017,588.139099
174.651180,130.112136,469.777954,578.533875
170.331509,130.393722,478.748108,585.160400
168.108639,135.967880,475.049072,578.116089
167.533291,137.043655,474.815002,576.820007
164.151425,140.624893,476.325562,572.141174
156.765347,142.485641,484.064758,571.609131
169.891323,145.640914,473.460754,565.705322
177.585629,148.739059,461.181274,565.817627
185.467739,147.737747,455.546448,565.809021
191.071896,149.330001,455.205566,560.733154
204.427059,152.477127,450.440063,563.306335
221.163296,154.788253,446.329651,556.531250
231.623989,157.620254,449.821350,557.770081
242.021115,155.240188,451.513184,556.801208
244.912213,154.966964,450.938751,555.620605
261.172528,155.312423,452.274811,560.832520
281.299465,154.356674,459.648865,557.590942
288.138592,151.652755,472.874908,559.170166
315.169338,137.155838,473.939636,574.781433
332.004193,119.715164,475.673492,591.167908
342.625408,123.984268,475.103180,589.728577
338.806866,121.124130,478.369904,587.079468
345.016033,115.308700,473.118805,596.609009
349.913113,117.083725,467.866882,595.241333
351.351177,120.978530,469.892853,591.554016
357.571636,120.242935,465.521027,595.280579
364.769482,120.812027,459.555023,594.967590
364.680706,120.662521,460.330719,593.707520
377.792675,121.682693,446.863373,592.500183
377.538647,127.346542,448.017670,588.319946
385.730236,124.114456,440.198456,581.332703
388.025234,127.319595,437.672424,574.013733
395.138775,127.365615,431.648224,566.659241
400.460766,127.653793,426.915863,563.013550
406.616177,129.023239,427.077209,570.289551
416.145489,127.113632,420.963898,572.192749
425.509686,123.555526,417.598297,576.177124
430.119869,120.870407,412.749023,565.825684
437.257061,118.025528,409.812531,575.003235
445.729702,120.595199,408.622375,567.743774
449.765591,120.035080,404.849670,560.196533
451.955731,120.320480,408.286285,570.575439
455.540371,117.304519,405.539612,574.135193
461.203381,115.348220,400.214813,568.808777
464.753948,116.788894,399.716705,563.743591
463.528591,121.185531,401.656921,562.028931
464.602947,118.088485,399.207184,561.030640
467.188488,107.725692,399.746307,568.926880
465.511288,112.943466,403.387573,572.980347
471.746151,110.747696,397.581421,565.884827
468.991070,109.784256,399.314728,564.352722
467.202770,107.814407,400.415985,554.141052
471.246670,106.654831,398.029602,553.676270
470.495312,106.658035,398.336761,556.542908
472.554165,108.753616,394.806213,544.714539
475.870968,108.282028,390.582031,536.351807
477.892040,110.504196,388.587006,533.886230
472.254589,115.879776,395.552826,530.940002
479.862255,116.448989,385.081146,533.379456
488.195736,112.873916,373.427368,531.018860
480.343319,117.260330,378.547485,530.102478
493.425884,124.672592,363.140411,527.782104
496.800564,111.900283,360.285095,540.335266
495.332272,118.666519,359.862305,529.405579
497.500347,113.115585,357.303986,533.489136
496.011852,117.942642,357.500458,523.798157
504.816769,117.324630,346.456299,519.695801
500.813595,123.748031,353.318115,518.311646
510.339367,124.693527,343.910126,509.639160
512.709683,122.444183,346.606506,509.350494
514.935055,118.419601,343.854736,510.647461
518.193325,117.929641,343.186584,514.797302
520.254421,118.184265,341.190369,507.868134
514.774380,122.103225,346.721252,496.954285
519.264324,120.694290,346.250641,499.020935
523.322354,119.767196,343.071106,494.252075
524.056500,118.182388,342.918732,491.913879
533.004589,116.058837,337.725677,497.711273
543.556881,113.499130,347.648926,491.020508
572.290570,102.929443,347.390533,492.365814
607.287274,99.477417,342.228912,489.680511
627.519970,93.412033,348.631683,489.168945
648.485821,94.225540,347.240265,487.338806
663.446087,91.060882,348.379791,489.831696
668.979855,86.704818,349.063477,490.193970
671.943737,81.667480,346.565643,486.907318
674.463848,82.531753,345.335724,489.203918
668.084881,79.417205,352.523102,491.042145
674.041607,75.401947,346.268097,501.171539
669.644772,74.820724,350.694336,503.624756
665.816036,70.080093,353.487305,507.837952
672.643170,70.972381,347.377716,506.993073
667.867214,68.274734,349.768982,512.178162
663.656506,66.576583,354.838837,514.839600
667.587475,67.069336,348.634857,509.739105
663.030514,63.607284,352.006348,504.101685
656.189297,65.628189,357.558655,496.313538
661.512966,61.753997,349.796814,488.401764
653.049664,62.676330,357.698273,487.020721
657.301312,54.735702,354.248444,488.735229
657.469265,63.271301,353.575134,468.428925
652.409374,65.223480,357.203339,465.681183
656.914028,65.795852,350.203674,466.021790
652.626278,62.137619,354.597046,467.525269
652.025219,62.201065,357.133148,466.863708
653.172192,60.376739,353.664032,471.326935
653.268627,64.519577,351.564911,470.639648
654.118618,61.643920,351.697693,473.628021
651.241680,59.945114,351.586823,473.951660
646.085278,55.822692,358.942474,480.082855
654.107937,52.982864,346.418884,491.438782
648.126751,51.362594,352.788727,500.738403
648.596981,49.731277,350.206665,500.792297
649.368603,46.214889,349.205658,504.370483
646.933087,44.454101,350.254913,506.835419
644.714581,42.588409,351.079865,505.968170
642.802777,44.737548,350.565094,502.981903
641.747891,41.362152,348.170715,506.760284
639.626675,37.991546,349.657532,511.277374
638.173062,28.737960,350.098450,524.380249
637.615124,37.838821,345.222870,515.565491
634.019528,32.103134,346.727783,517.020020
632.697216,35.010315,342.664398,509.918549
625.716671,35.807113,347.114014,508.227051
627.917187,32.554962,342.005951,508.184967
624.566403,30.697158,342.895020,503.254089
622.672940,25.147415,342.152649,506.555237
620.509289,16.910324,342.298065,515.666138
614.771145,8.130447,346.475769,517.665588
611.803997,4.934219,344.096344,518.395447
602.402630,1.606735,345.860504,538.289429
601.868038,0.000000,341.450928,532.571701
596.405270,0.000000,345.874756,533.583641
593.659420,0.000000,345.338135,539.265331
592.399426,0.000000,342.067596,548.130072
588.484875,0.000000,344.357391,548.783572
585.575955,0.000000,344.821716,552.219331
583.973660,0.000000,346.059998,548.440324
583.272427,0.000000,345.520569,548.827401
581.446346,0.000000,347.892944,550.331791
580.435009,0.000000,347.976898,556.983126
587.162029,0.000000,339.315094,552.836534
585.744381,0.000000,339.688965,561.014306
585.740093,0.000000,338.383820,546.399578
588.284268,0.000000,337.685852,553.588644
588.283612,0.000000,336.319000,559.180217
588.085552,0.000000,337.305939,557.675527
591.653820,0.000000,333.390839,556.449824
588.662869,0.316160,336.824402,562.803589
587.903698,0.000000,337.434296,561.190061
585.277722,0.000000,339.109344,559.519194
577.394482,0.000000,342.854095,563.788192
539.831570,2.994438,329.977478,553.079102
474.849468,6.459678,330.481842,560.459167
404.963040,5.403465,335.605042,565.964172
349.100750,7.230247,337.685577,575.918274
302.044811,8.781395,337.733002,575.633606
259.133679,10.602745,348.732758,584.314392
228.514843,12.636070,353.869354,587.854675
214.806225,16.604240,358.340790,590.608276
216.198055,18.927452,364.088867,592.433533
255.987286,21.405662,361.656403,583.087463
336.537426,21.882347,370.824432,584.371887
429.630810,22.851768,374.291229,588.895935
517.234249,26.662010,375.692749,593.706604
591.680325,34.546257,385.220032,593.619751
634.925030,38.863182,382.816803,597.949036
659.563626,41.711021,387.827454,603.499207
670.935467,42.158592,388.849640,602.700989
676.665661,50.721275,380.248627,599.813904
673.460415,55.549308,373.761658,603.820923
656.297619,63.094719,372.557709,605.428101
637.006085,76.720298,349.408844,608.955750
581.732357,103.608085,353.291260,605.934326
546.461514,119.441032,343.910828,592.071167
523.436337,126.958213,341.972900,585.760925
502.535961,127.076927,342.519257,589.425842
494.228985,125.225059,339.793610,585.758484
490.598553,132.313896,344.040070,580.454102
498.159405,129.276237,342.275299,583.224487
504.652462,131.307762,334.783813,584.735168
504.703503,130.728355,332.451508,586.036316
507.336422,133.571281,331.857788,583.936890
512.836422,132.704246,327.727173,585.758118
513.740338,132.490959,322.632965,583.624634
512.697827,127.479759,325.463348,588.497375
516.678723,126.888878,320.281342,587.251160
517.332638,127.916801,314.690796,586.752441
516.557003,131.843803,314.460815,579.967041
519.095165,138.103019,308.359100,577.462280
516.636990,135.930626,308.953674,576.549011
516.684445,127.902488,304.202759,589.336243
517.536877,135.101188,304.673431,580.842163
516.254589,137.875297,308.677948,577.969971
515.654263,141.904594,312.497253,569.651855
513.846310,143.516380,323.891479,566.339417
514.658276,140.110099,333.126434,571.296753
511.609066,140.853019,342.463135,572.023071
509.670727,143.986808,348.815155,564.217163
508.836270,139.934196,355.930847,568.797485
503.346371,142.666282,360.304932,570.917542
500.495556,144.948021,370.833221,569.309387
492.382611,144.002922,372.844269,566.651001
492.573666,150.422294,365.713135,560.990723
486.353604,153.419487,372.862976,554.510010
479.831799,153.591240,376.398041,541.182861
473.614651,154.953514,387.577454,546.493958
467.501370,153.518150,399.058655,550.383484
462.083737,156.637199,397.808716,540.595337
461.079678,158.645408,398.114197,550.017151
455.847836,162.450554,404.981201,548.173218
453.394741,163.429588,402.895447,547.550842
451.670635,166.358665,402.047272,538.980774
443.586666,169.358360,400.621704,536.991150
438.338253,168.814262,407.564087,536.412109
423.973141,169.574974,418.031372,533.525696
416.130352,175.892875,419.161774,525.418457
415.454510,185.135795,420.499298,516.048584
411.347149,183.662590,411.632233,524.403442
405.266491,182.185203,415.499603,529.266663
398.555371,187.053062,425.676727,522.320984
391.700863,186.972557,428.252930,524.182434
383.547100,187.789909,441.563629,517.982056
372.465740,191.527794,453.168243,500.648865
368.313412,191.474342,456.342285,498.159088
362.099514,188.869621,462.275452,492.180542
356.291500,187.208488,469.696167,493.334839
349.457180,190.475181,477.723694,473.230652
345.531582,188.419944,485.475525,470.852356
342.500866,194.743965,492.401703,462.217743
328.750927,198.251747,508.620087,455.216583
331.831631,200.498634,506.452087,451.670563
313.180966,199.189293,523.543457,452.324158
309.966519,205.769142,521.176697,442.397858
298.367977,198.586219,523.334961,448.085480
286.566494,200.894905,530.616638,446.893158
274.190701,200.093589,539.955139,450.050232
268.935421,199.913215,544.812378,454.519623
253.742459,206.222923,559.122864,432.413147
245.959713,203.847816,565.648071,439.721954
237.187008,207.441337,574.949829,435.370117
228.870663,207.101265,574.063965,440.342499
219.681149,203.029792,584.259644,435.073578
200.154110,202.313591,589.404785,420.791626
208.285031,201.005424,580.112671,419.496338
191.891628,195.959648,590.578918,417.104248
184.791195,194.558250,591.997559,415.853333
175.153774,187.123695,597.424255,422.106232
173.721279,181.360603,590.434021,416.361908
148.885067,169.916649,605.645264,426.151917
134.775173,166.092231,605.984924,441.599335
134.781033,161.997337,608.955872,429.994690
147.169735,154.714698,589.653564,445.002350
151.950772,158.774666,577.639587,414.455170
141.784756,155.388481,588.989441,426.306641
144.964504,156.640800,579.106262,419.925049
141.797909,154.193031,580.323242,421.511261
142.752896,150.220482,582.740417,428.911682
139.374386,143.729484,585.617310,429.184937
134.216976,143.270439,591.872070,432.878906
136.653225,139.971351,587.595764,429.251007
143.011410,134.992408,583.153564,439.355865
141.427059,126.057640,578.390869,451.182190
140.833126,125.694282,575.560913,434.229218
140.783749,118.054115,580.498535,442.970001
142.051510,115.713875,579.840210,442.747162
142.679409,116.404518,575.600525,443.464020
135.116177,112.761192,581.733093,447.261902
140.574154,108.060936,577.330811,453.929993
146.271908,100.793052,566.278320,458.178650
145.139889,100.368507,568.554321,444.649078
150.729000,94.825279,568.140747,444.562439
150.630673,91.470039,560.833984,443.894012
155.137722,86.108116,561.715637,436.850281
143.267178,82.619194,570.007996,439.337402
158.866909,76.521141,560.236023,446.064758
173.062771,77.202705,546.289368,442.478485
179.341274,70.128929,541.335388,438.456848
182.443936,71.568626,540.080750,430.212952
190.343258,63.879585,533.959351,432.889130
200.136196,62.415855,517.050232,432.626892
202.038815,60.477653,519.768921,434.597534
206.062222,55.909294,516.435242,439.745728
202.626980,56.211357,513.574524,426.847900
215.404110,49.188484,505.085449,434.513519
218.398876,47.904777,496.636932,446.680298
218.879055,43.754142,499.733704,456.081909
243.371700,39.338401,482.347290,459.463928
244.273236,40.365959,490.900177,459.069214
251.246136,34.774681,492.962921,450.519836
262.890927,34.556297,490.149658,451.437805
243.470822,32.512321,526.182007,463.635376
266.217098,31.413765,515.138428,464.268280
257.575253,24.945442,527.356689,466.165375
248.582882,24.730079,539.973999,471.886627
291.747830,23.327690,513.633362,471.384766
285.867886,24.956443,514.708923,465.165344
293.504696,28.925102,508.863525,445.190186
290.962002,20.335914,515.955017,455.637360
292.609310,19.696571,518.613525,451.842316
289.589413,19.213432,526.251221,452.216553
298.283657,19.795845,521.147156,456.607635
308.803219,26.697227,510.231323,451.627869
311.610958,28.623192,502.093872,448.886047
305.175259,29.723930,506.864685,445.452881
325.110531,31.478126,488.412109,441.204010
316.415310,30.873207,497.231018,438.118195
328.781460,36.954185,486.949402,431.969666
323.422695,35.685707,492.939148,434.426300
319.967159,37.447532,500.052856,431.106506
321.075695,39.621269,500.775238,433.366211
325.545559,36.077522,495.235657,438.750824
325.117031,40.803093,491.704773,437.964233
328.743969,37.844291,491.259979,448.350342
327.848629,36.494774,497.085083,446.507385
332.765835,31.440788,490.401306,453.798218
332.905209,32.211570,497.252930,454.728088
331.928463,34.684715,506.291626,455.461487
334.905194,36.755134,506.676544,457.603851
331.365963,39.846443,517.132202,458.362152
336.102841,43.314033,510.612061,459.152313
334.514309,45.722786,516.883118,464.095795
335.178890,44.499565,518.234131,476.401611
331.912655,41.465522,523.431885,488.808075
322.097714,39.716224,532.083984,493.342560
308.366604,38.216804,534.293762,496.402191
299.190823,34.746376,548.588684,496.721954
286.563839,30.683403,547.988892,500.676758
285.134762,28.230873,557.028442,501.772247
280.108669,31.269233,563.182190,492.292206
277.441708,31.825721,550.355469,487.774445
265.152828,30.162346,540.662231,492.979614
236.119717,28.256721,549.142273,490.502045
203.066342,24.212471,560.083008,497.452118
182.138546,21.258842,557.124878,500.311768
179.420742,16.719307,554.532654,507.430145
180.891934,11.047050,551.770203,516.803711
176.656002,11.533500,548.095825,517.374512
172.605557,9.088463,546.033875,521.709900
166.922055,7.044029,547.604736,525.808289
160.242581,5.214592,544.024475,528.427124
154.114956,3.565513,541.887146,529.894470
150.961880,3.036094,537.247009,535.283386
148.794094,3.076713,534.928040,535.128418
147.086666,5.097496,525.065308,535.741882
142.496731,4.288597,520.832581,537.595520
138.042629,4.040062,517.538635,540.673645
135.575161,4.020195,512.536316,539.400146
134.397244,5.636558,508.312073,531.293152
132.037457,4.020164,502.205475,531.180237
129.799664,4.779503,503.695709,526.455750
130.297619,3.746910,502.185150,523.339050
130.124356,2.620506,497.221863,520.872864
138.129894,3.053672,503.737152,518.658142
136.891415,0.223564,500.222168,519.643799
143.761822,0.000000,496.082428,517.011650
146.940914,0.000000,498.742798,517.649990
149.090405,0.000000,496.809296,515.519453
152.882870,0.000000,501.842041,512.520896
155.148831,0.137432,502.489319,506.608337
160.680660,0.000000,496.978638,503.576519
160.468777,0.000000,506.657043,504.012426
164.178356,0.000000,507.691986,499.505664
167.104580,0.000000,507.831970,502.165201
168.087673,0.000000,525.937805,501.919423
169.283962,0.000000,529.054016,498.478358
171.450131,0.000000,538.950928,505.264051
174.950314,0.000000,539.694458,500.694876
176.790982,0.000000,553.161316,497.953166
177.858578,0.000000,559.288574,492.567953
180.235165,0.000000,567.376709,488.272639
179.247799,0.000000,583.044312,488.488126
181.627896,0.000000,585.022644,477.673690
181.106899,0.000000,587.937439,474.908286
181.873379,0.000000,599.360779,465.975795
180.994656,0.000000,599.262268,459.937101
180.625729,0.000000,614.775269,458.467116
179.498715,0.000000,614.106934,455.378074
178.636990,0.000000,619.407776,451.242565
175.113095,0.000000,629.555420,445.671911
172.003506,0.000000,634.939880,444.522159
171.486111,0.000000,642.891907,441.273378
172.908566,0.000000,633.864380,439.124863
171.179989,0.000000,643.420166,436.718956
170.290951,0.000000,640.427246,429.435009
168.629177,0.000000,651.802063,423.619970
166.679409,0.000000,643.572693,419.187503
165.514584,0.000000,653.027588,426.397401
162.947354,0.000000,663.399353,432.446336
162.939022,0.000000,655.298340,439.832955
159.066281,0.000000,668.563599,450.199543
158.052914,0.000000,667.264160,451.733255
157.123867,0.000000,663.966003,458.264363
155.884243,0.000000,678.862732,461.250941
157.046932,0.000000,678.543945,469.568464
155.498562,0.000000,678.286438,475.058661
153.103848,0.000000,682.197449,483.937076
153.488125,0.000000,689.383484,499.067705
154.546231,9.525063,697.678650,501.323242
156.087582,19.008920,699.947266,503.098206
154.611538,23.200585,703.929626,501.569855
153.917019,30.920190,710.891907,501.227570
155.269131,38.474252,713.992371,498.844788
162.698086,48.156365,708.137146,498.307709
162.652859,56.537072,715.931946,502.605133
157.371487,61.361672,730.013977,502.158813
166.868130,69.270165,726.617859,507.945099
158.374050,80.798837,738.504211,504.800110
171.648312,94.315224,724.794067,506.007080
171.332638,108.293176,740.349731,506.791168
171.189144,124.553750,749.143066,508.724121
168.379391,142.359597,756.251099,507.324097
162.861813,161.638696,763.414673,508.191925
164.294064,177.897408,777.281372,501.095886
166.187863,185.014993,775.728882,498.653442
165.439663,194.950692,762.323181,487.271790
168.609249,196.656365,760.980103,481.344086
172.507748,197.815881,750.902588,475.058258
173.327328,199.518838,751.981201,474.292969
177.456875,201.066567,752.061462,470.221924
179.985440,201.825967,756.872742,469.504395
178.152249,202.695672,742.117004,468.175873
184.124111,203.187219,745.083679,462.189362
203.987515,199.336068,723.618103,463.128723
213.169705,203.653954,707.342102,454.351593
241.350186,200.237115,677.780945,461.047089
268.616482,189.258538,643.630676,460.595551
287.782589,158.619653,631.608521,495.071564
294.713314,117.180215,621.422607,515.704590
303.224423,92.355447,625.773682,539.843872
313.916928,63.255044,607.566406,563.884521
318.788479,44.646981,593.713440,589.899231
319.815945,32.716042,582.944397,641.930542
305.020535,10.301431,595.365051,668.048096
272.271786,28.348611,625.666504,680.106323
238.497555,71.699227,635.223267,633.990784
252.807095,137.457650,620.025085,575.971497
334.033016,219.616814,545.522705,500.383186
392.325100,347.733044,483.255432,372.266956
475.184445,440.390890,402.232300,278.688812
520.077877,482.892210,341.581421,236.471207
560.844876,521.694456,286.556091,198.305544
549.724056,530.762115,281.825317,185.070740
449.206433,494.810790,385.380463,223.727661
391.523892,449.938293,436.794495,269.178101
274.448757,410.956496,507.118469,304.202728
259.576977,394.306182,510.361908,319.172668
245.966305,381.373916,517.931519,333.316254
245.371853,380.907195,513.601135,331.791443
255.323620,381.670180,508.798431,337.178558
269.654827,369.444274,504.741486,346.777344
274.403942,352.884093,508.972992,365.016602
280.282910,339.891830,510.857880,375.463531
289.238079,326.542144,505.525421,389.626526
291.120999,310.509200,507.513977,408.325958
285.642086,293.855788,521.534302,424.768036
296.624172,275.619369,511.213440,434.689606
289.093533,226.509338,499.364807,430.166504
293.464688,156.944030,478.237244,417.267090
294.321484,102.013091,466.536591,406.578430
303.623867,61.404998,447.228455,403.769226
309.300808,45.212966,435.414368,413.219696
319.532864,38.084685,417.616272,447.703796
335.861599,38.238189,402.696106,462.141418
312.218701,35.175399,416.273895,489.644196
338.585949,31.039413,391.633148,468.680084
323.333691,21.195556,403.859589,497.601440
322.564831,15.882781,398.766693,455.933533
309.914913,12.896239,406.427856,443.619507
270.801586,14.552444,447.407684,436.479706
231.434704,32.497558,472.928558,443.238892
237.283245,44.951827,458.612091,442.680450
199.796887,63.937224,492.702972,447.146423
197.447125,68.180740,497.084137,453.976776
194.310162,67.853637,508.855621,457.401001
191.782040,65.778976,519.996338,452.147980
184.926312,67.064910,506.353790,449.470154
200.903973,78.797286,477.904816,446.257111
190.425366,78.573791,480.331268,453.572998
188.902233,79.065200,477.996918,451.975433
189.428341,79.545730,469.817505,454.881561
189.067532,81.202682,466.437805,455.868927
180.325939,80.054351,467.996429,450.845276
184.802593,81.074950,458.346100,447.358765
185.276211,83.361495,453.942322,448.630402
185.265286,84.190765,450.025208,449.010437
194.915646,87.222701,436.467163,448.779083
196.588268,89.817672,431.933685,448.971710
209.295086,97.229934,415.789825,443.642303
195.809979,101.566695,434.428009,445.464142
205.132199,103.167754,411.433716,442.942200
210.352383,101.115844,413.440125,449.456421
209.860729,106.595794,407.936127,452.166443
218.891278,108.175658,404.571320,452.452026
232.831326,112.499541,406.413391,452.362854
257.809567,110.111510,398.197876,444.124268
280.651043,115.373458,397.084747,442.193878
320.088314,121.086669,386.519531,435.917114
363.361248,115.833541,377.780304,450.240997
397.352749,121.846374,362.710388,437.754883
433.700207,125.108733,350.596527,437.534973
479.789868,131.637160,317.955780,432.789276
500.336682,137.372787,312.092377,430.092560
517.398892,142.761886,299.220886,425.049957
506.006726,145.528091,310.329071,416.945526
524.108227,145.399581,287.496429,411.905548
517.964535,154.365172,294.364502,401.794434
499.929669,149.322738,304.822174,408.284576
506.583004,148.404861,292.150513,405.069183
503.609463,152.111892,292.554138,398.677704
502.244335,151.486434,290.866547,396.653839
501.020977,146.406280,290.284698,406.420227
491.886837,147.238357,295.397583,404.143036
498.701275,148.379470,282.860504,402.264252
490.074841,152.883346,289.759613,400.091217
486.576596,155.450698,292.701538,402.827972
491.089657,143.860122,284.975586,412.835907
490.265118,143.855575,286.790680,420.095123
486.227810,135.516997,290.589050,421.267517
486.379345,132.712859,288.632904,415.551941
481.027676,126.516128,290.991516,424.615936
479.078503,123.608550,292.212738,424.591003
492.269543,118.194228,279.097504,418.368988
480.042263,118.716216,294.312805,416.577698
481.306851,114.035125,294.843201,424.751648
480.779492,108.938842,299.921478,433.560913
484.527081,102.373107,300.613922,438.668213
480.594341,100.116668,305.266998,431.432800
487.954479,97.294189,297.423798,436.803467
495.849270,91.146636,290.544739,437.668884
498.383343,88.265197,290.079132,428.519409
495.143872,82.031737,295.308685,435.479858
498.090008,80.180602,297.103790,435.267700
498.840817,80.776214,302.223633,439.540588
505.425717,99.072982,309.659302,472.718292
499.719204,118.301040,313.933899,468.773041
498.693981,133.434463,316.142181,465.482147
501.943096,131.017150,313.785919,456.658691
498.195385,130.243026,318.015350,463.594879
499.241604,129.305205,317.443787,464.698059
500.745281,128.202865,315.431305,462.585114
495.605053,131.875930,317.255951,461.786224
495.557232,140.851607,314.355988,449.407135
494.734509,142.339614,312.627045,449.880707
500.378399,135.695968,307.908478,455.434479
498.321957,137.442062,317.737305,446.409698
493.254635,137.623885,330.193359,441.619781
494.019360,141.137969,342.521698,433.340271
503.805569,140.120193,340.273743,427.103973
512.313931,149.393035,337.142639,438.041565
511.425640,164.060927,348.077423,436.715668
506.198147,167.827087,334.386169,420.938354
506.171520,165.578872,342.919037,437.972626
499.806454,169.437743,343.131226,410.495361
494.987072,175.184676,350.366791,422.137604
484.819256,180.388000,361.952545,413.418213
484.169186,184.674819,365.695923,414.628998
478.383923,197.885635,372.126923,402.815765
473.440411,202.917663,381.139923,398.994873
467.034054,199.966415,393.999268,399.968536
460.225720,195.618102,392.747406,406.695068
463.030255,199.999114,388.401276,394.480530
460.790310,197.198348,396.062927,391.582550
470.362972,198.772994,393.325806,386.820221
467.823712,197.306090,390.449860,386.999268
465.206936,197.776443,390.539368,387.524628
457.225933,192.326400,397.618195,386.727692
462.171551,192.124374,390.037628,385.342438
458.171993,189.211822,393.495117,384.956116
457.309292,184.757400,397.967834,387.530731
453.537899,181.701354,405.424194,386.162109
451.795284,187.677947,403.985718,381.863953
446.650723,180.695251,409.049011,388.479004
440.942959,177.712279,415.149597,386.850708
441.048886,171.532195,421.128906,393.820496
441.132626,165.016921,415.961670,402.501312
439.490643,158.848510,420.247467,403.180786
436.776089,155.547790,424.454407,399.236816
446.977413,159.966704,422.433350,397.272522
457.637203,158.194015,418.596924,399.080963
466.907513,159.591460,407.211090,387.979553
464.201992,161.711608,397.812927,371.080933
470.608135,160.456237,397.571075,368.327881
467.424343,162.715346,406.595154,364.198456
469.168575,159.477523,401.349976,364.252716
475.585949,155.222335,395.282318,366.432526
470.248867,154.863586,405.566223,372.419434
483.166867,155.551299,399.031250,365.859436
479.353405,149.277892,408.396820,369.295532
501.847286,153.434859,393.315308,364.237091
511.903713,149.727477,402.899719,362.791138
535.860241,116.226104,408.199310,357.064148
570.402752,75.908599,393.493073,358.061462
576.397198,39.741668,397.330231,362.711853
613.249874,20.935180,398.075195,357.488892
635.880474,4.146590,406.610016,374.786774
676.576199,2.964477,387.061584,378.264160
684.947918,12.550078,396.159454,382.554749
705.883160,37.206634,389.853180,382.384705
715.517147,62.220412,377.711914,382.969818
717.827587,82.307876,372.877167,382.440155
719.873287,98.968536,364.596313,380.964783
714.489453,115.970397,363.457245,374.907227
706.774929,126.715545,364.028748,376.318054
706.129910,134.613143,358.765320,378.840363
707.087795,147.177459,353.092957,379.630920
704.744778,154.265395,352.701111,380.899384
705.855786,163.105300,347.356049,374.114594
697.440777,165.458037,348.736237,371.875549
688.422604,161.660583,340.204224,375.967407
676.487927,158.912398,334.727509,379.017487
662.152447,152.481505,335.014801,381.685791
648.609616,145.686874,334.098389,389.580719
639.891140,142.987136,336.619446,392.344940
642.264889,134.219405,330.345581,394.258087
631.211788,129.467574,338.003540,399.785675
625.425869,124.379394,337.792175,407.232544
622.221523,120.809890,334.785583,412.342621
625.011288,114.302672,332.338501,409.960938
616.379589,110.386565,328.300262,417.101013
612.843167,108.499557,326.533752,412.550690
595.261944,104.207564,335.426788,418.252472
591.840801,100.484511,329.611115,424.897430
573.844387,97.736327,335.659485,432.108032
569.557415,95.540725,335.525909,425.286957
562.214504,94.335433,334.771912,425.021637
554.166775,92.481826,338.670837,425.726410
553.290524,94.513137,331.828979,426.858978
546.514111,97.302642,333.156342,423.980164
542.975445,107.627898,332.630646,430.583313
531.132321,115.365066,339.345947,431.804535
534.358364,118.524581,338.135071,431.433136
529.527508,126.476516,335.488190,429.226166
530.869686,132.389098,322.983521,432.390625
519.800289,149.728713,337.704712,438.951263
516.383343,176.064010,331.058868,439.791412
516.797131,208.796676,324.446991,447.951935
516.044766,251.930434,315.147400,432.439178
512.714718,276.814223,315.479370,425.775116
513.104565,287.654143,305.470551,416.700867
513.950314,295.874602,307.186157,416.372253
513.206295,297.043273,315.498901,414.612305
515.850079,296.416534,294.859283,413.404236
511.250927,295.903091,295.428070,414.509613
511.585583,295.797439,288.334320,414.114716
513.308468,295.637878,276.811157,413.406372
514.261059,294.285796,269.152557,411.478455
514.551586,293.298415,265.461151,412.268402
512.355541,294.830932,264.411835,413.683472
511.032345,293.340072,263.124023,416.408234
511.224713,291.108642,261.592682,414.714478
508.882076,286.144302,259.879639,416.306122
507.661404,287.352492,258.967834,412.255219
506.447537,286.648284,259.982117,410.873596
506.376393,282.753203,255.464615,407.901184
504.738377,279.399459,252.703293,411.834015
501.709728,278.971313,252.071625,409.595581
498.636608,276.085540,254.930023,409.707703
496.964764,275.574813,257.311920,404.983063
496.965267,274.420608,257.596558,406.244476
494.431622,274.138274,258.587921,407.465271
495.129460,272.989089,255.184799,411.433441
494.486645,269.828368,253.109955,415.813232
491.857998,269.434188,254.100891,413.075958
489.511936,266.002227,255.512497,415.123230
485.003155,263.867980,255.313019,412.351318
486.601391,259.447341,254.074310,416.450287
481.743695,259.739318,262.795807,415.782837
477.794674,261.475234,264.402832,409.848480
478.215023,267.147582,265.905640,403.113281
474.770062,267.922118,267.568146,407.381348
474.990429,270.561355,272.250580,400.333466
473.745159,272.069808,273.201569,400.147736
476.839001,271.817977,276.354950,398.418732
479.744213,269.405273,276.799042,392.853027
476.403073,273.598830,282.368164,384.300873
476.064877,270.093719,286.017334,378.642639
478.837078,269.623931,289.750885,379.004578
482.486935,268.016067,295.384155,377.620819
489.795346,268.907867,293.818970,382.419006
493.148266,268.847396,300.742401,393.511139
500.345364,266.469039,304.102600,392.295929
501.508877,267.124999,309.172058,379.589844
507.668591,264.812957,309.240570,383.263977
511.829418,263.185821,311.590790,386.459412
510.511120,262.719970,318.399994,379.098267
514.378689,261.593917,317.527039,381.171173
511.476238,259.198669,325.238190,371.960815
515.151287,256.458556,325.147125,379.804688
524.371868,255.237121,319.310089,377.779785
531.208828,257.700118,316.837830,372.361481
535.347210,258.682342,315.309723,376.554504
536.834255,260.289062,317.453308,369.572998
547.278530,260.300552,309.298279,355.670258
547.652477,255.804031,311.804779,349.253632
546.573284,259.367309,311.685944,326.308350
555.135632,257.039748,299.845306,336.940765
560.948635,257.249206,296.640320,317.054688
567.947964,258.037337,290.630798,308.888580
566.239392,256.831924,290.226654,311.977142
576.793316,256.121505,278.625519,304.905304
578.774258,255.123611,275.356018,310.111542
588.147946,254.301665,268.277222,308.749084
592.654843,257.573272,264.561890,306.337585
598.731075,258.159408,257.311768,312.890411
605.252598,262.487212,253.822922,309.702576
606.890194,263.268157,250.484741,312.566833
608.883511,264.309417,249.279480,310.798767
610.427761,261.687682,245.940369,311.531860
615.477665,260.860839,238.878647,316.832642
615.953808,257.566970,238.792084,320.780731
615.799015,252.872359,237.715805,327.866241
619.072750,248.523666,234.507690,329.546906
622.787091,243.777465,229.433258,318.341309
623.909413,236.639770,226.127335,317.809814
627.283062,231.893005,222.129425,321.730469
627.744251,223.400375,220.256973,334.518219
631.646328,219.446426,214.684998,335.814789
632.716564,214.621993,212.222626,348.401154
631.472569,212.621581,211.347214,348.581299
630.117062,210.123977,211.254883,346.911469
628.870587,205.501617,206.255646,355.127991
627.366833,203.081283,205.176849,359.893951
626.358875,197.682036,201.619766,359.764465
623.427403,197.861281,198.231003,373.035492
621.163075,196.988464,197.016251,366.909912
616.806668,198.203582,197.432190,354.945374
613.929035,197.462234,195.527664,350.043549
612.760121,195.832320,192.943497,347.255890
610.078099,195.797271,191.771774,347.492859
607.557751,193.706054,192.942963,347.052734
604.350002,193.110335,192.933167,347.239532
603.727856,189.575408,189.233856,354.400818
598.478901,188.312636,193.513016,344.152191
599.321987,190.182937,188.366028,343.208710
597.399311,189.690520,188.982132,344.591492
595.184498,190.463393,188.776382,350.663910
593.499661,189.556304,188.162659,354.259949
591.796269,191.501433,190.540268,353.688538
589.916462,194.834899,189.488113,352.945312
587.076908,190.173965,188.201523,359.516205
585.618939,193.537673,188.229034,356.164642
583.145733,198.230086,189.046906,359.056915
580.243008,204.414168,191.252380,356.739410
577.042401,206.012679,192.309601,353.679718
575.695622,207.432738,191.633652,355.510376
571.959522,208.740066,189.752823,364.231293
562.250149,210.161712,188.843201,370.869080
549.166523,219.631072,189.097855,369.582092
541.819020,225.923843,192.684586,374.973969
536.797329,227.290496,192.074646,374.322327
532.121517,229.200423,195.017700,373.035065
530.244900,230.994399,193.022644,373.071014
526.099514,231.934341,194.403992,374.606781
523.275822,235.752196,195.383286,377.433594
521.618672,239.618240,195.535110,374.893646
518.994000,236.987640,196.584869,379.549133
516.096600,240.173781,198.506500,381.516205
514.746411,239.923797,194.005341,381.247742
510.911778,238.519714,195.979660,380.821167
508.527050,238.459914,195.047577,383.672577
506.260403,238.854354,195.574524,388.034943
504.472592,239.256362,193.338135,388.644745
501.531437,233.541015,193.042343,392.557251
498.868374,233.581588,198.409241,394.363190
496.467724,230.871215,198.262665,402.551147
491.473088,230.098632,204.395004,401.144043
489.603062,232.445388,200.925949,404.302338
487.872212,234.278640,209.632156,407.357758
484.512722,234.810973,211.558411,412.625122
481.072407,236.659560,217.246902,416.519989
479.272717,236.099029,209.008148,417.172546
477.452786,233.999709,205.619690,417.599091
475.379368,235.228850,203.553635,427.432556
471.491612,235.341537,207.367233,429.930328
463.714741,235.092162,214.096146,435.406738
462.690655,235.257232,216.039581,436.158875
460.695545,233.131560,219.242569,433.942444
462.028073,233.361022,223.447144,419.582275
463.469593,233.781692,218.651627,438.554413
463.418194,236.103286,216.817413,444.987274
467.212376,251.142623,213.148727,456.748322
471.247265,275.723678,216.349945,435.535431
475.477345,279.654540,213.955948,434.925537
471.931729,283.448836,221.221863,433.440216
471.654721,281.017974,224.483643,433.140930
469.061047,281.861068,231.122284,431.632477
476.977070,282.891219,235.332962,432.669220
485.501568,286.421828,247.864777,429.630829
492.523174,298.348266,257.294952,420.432129
502.807240,318.071746,255.593887,399.016785
498.549343,327.775680,266.494812,386.944611
499.894680,326.924346,271.091614,391.327698
501.483700,329.906478,274.519897,390.093522
500.529110,331.637291,279.022705,385.101868
494.230145,336.030387,287.565948,380.284546
499.643505,334.897834,284.988251,379.941254
493.325085,335.522926,295.673676,381.888214
493.169735,335.910316,294.690918,381.693634
495.013729,336.350502,297.347412,381.496246
496.281979,334.946769,298.638672,377.959717
496.325955,333.607017,302.379333,380.410461
501.522656,332.062233,302.334930,382.902252
503.475964,332.144859,306.209808,383.934265
508.336544,329.758918,311.823608,383.181244
517.321072,326.263938,306.320007,390.279602
522.347073,324.878059,307.105530,392.487762
529.563046,322.158073,307.061157,395.372070
529.237759,318.347740,307.637512,400.454651
539.527127,317.678871,303.672546,399.617218
544.365734,312.319786,304.889984,402.090027
545.723538,311.493751,303.198914,404.290558
551.848324,304.863258,302.405762,409.205231
548.873944,300.965217,307.422028,410.470673
553.945095,300.864219,303.898987,404.854797
554.677990,297.244545,307.625824,408.789093
557.913388,293.807502,304.905029,408.203705
561.083264,291.785667,304.750092,408.613464
561.495297,288.037864,309.186157,410.653503
559.266339,288.432258,313.702179,404.824432
552.864849,291.152427,319.870270,404.660950
557.564602,292.443397,318.478821,397.788605
545.653271,292.566856,328.112640,393.578796
557.426922,289.203895,319.453522,389.426788
551.913708,290.279411,320.273041,387.653564
553.043438,288.844505,319.533600,393.544617
553.863186,288.031288,320.465393,393.907745
548.504635,291.565528,324.564697,389.890533
554.812084,287.539360,314.990814,399.929810
554.089199,289.858146,313.984436,387.073364
551.521099,288.735099,314.911285,388.284058
551.722332,289.465370,312.506622,393.087189
552.859905,287.888420,308.457306,391.093140
549.559963,287.708915,305.152039,392.670654
555.781262,287.345420,297.697479,397.053894
554.788265,289.950508,296.454346,394.198944
556.255306,289.398078,292.012451,390.085175
555.017788,287.707084,291.664856,394.274780
555.593243,287.532951,288.039337,394.127808
561.542507,287.749076,279.105896,401.054565
561.561749,287.753120,279.826691,397.054901
564.942074,287.725059,274.640015,398.981506
568.241146,286.210640,268.667969,400.651581
569.690273,286.213111,263.652649,399.673859
572.087231,287.872047,256.480072,394.589142
573.141995,287.054664,253.678406,397.188629
572.756687,289.413505,253.105881,395.313843
572.415280,291.260734,256.364990,395.606934
573.651318,292.201576,247.609711,388.798615
571.179035,292.065498,251.310867,388.630951
569.092884,295.011711,250.181412,386.312744
567.690830,297.060066,250.018723,384.253876
565.891903,305.201469,253.252686,378.272583
563.603932,308.005973,252.437515,378.342163
560.205815,313.748939,249.131210,374.223175
557.429875,315.983268,248.137314,371.701782
553.004574,320.428398,240.795288,372.252075
546.564717,319.143287,245.997635,369.429718
543.118595,318.577278,246.166122,367.236542
540.805752,320.882682,247.135559,363.747437
539.343136,317.922309,247.582520,366.144745
535.681851,316.701881,251.998962,365.651520
532.899197,312.905662,245.739929,366.786682
530.508213,317.705879,235.956833,357.366425
530.722553,318.172294,236.414261,354.897217
526.657597,317.945900,238.725815,349.543488
519.082302,318.832801,246.068909,349.106720
507.027363,317.092430,240.328201,353.635437
496.294750,318.603508,246.646454,348.178345
494.135487,319.354042,244.624405,336.020294
493.396351,315.606910,251.540909,341.682648
491.302265,316.428062,249.696487,327.642151
494.041859,312.311698,247.128189,330.944702
499.275654,312.190513,249.623367,346.249084
508.192257,304.597084,257.233032,352.623688
514.999890,298.966102,262.746918,353.656891
519.379360,295.361335,274.549500,346.142792
521.070523,281.797630,296.270325,328.152039
523.002346,262.038078,300.571106,338.725830
521.209469,244.999260,315.610107,355.893555
523.652935,231.973335,315.226105,366.191132
524.400585,217.462867,314.849579,379.223785
515.645581,215.096733,326.158173,379.805420
502.242428,210.389915,329.665405,391.847717
472.853512,208.676704,339.772949,389.355560
431.093975,206.795372,346.214630,393.267517
396.498837,204.533485,350.277344,377.801422
373.546475,205.090309,351.509460,379.881866
351.473706,207.755622,350.523895,385.214813
335.918011,216.620262,350.344757,379.799866
317.817547,223.394859,366.925568,373.006165
308.152722,234.247367,378.465546,362.237671
297.647671,242.473335,395.050354,355.278168
292.038372,255.067359,410.768707,345.135284
298.253185,263.466270,404.968719,347.466736
310.711178,271.697547,406.290771,336.158234
325.807049,269.312263,406.420807,330.996063
342.107159,273.912117,373.795197,331.805511
367.308590,275.661506,353.517822,314.931366
395.778988,278.692680,341.332886,294.544922
405.223599,293.440116,346.595764,290.638184
407.301342,297.734886,358.537445,275.319519
407.202831,295.932899,369.857513,274.154694
403.808285,292.104911,380.146118,279.537842
410.082867,286.457084,377.104889,282.030151
425.818127,282.800071,365.928192,281.336609
425.517101,277.212745,370.696014,286.165802
434.343899,270.409416,363.779114,302.536255
445.625927,273.967582,355.039642,276.267212
446.189617,271.715339,353.389435,276.022308
444.386318,268.970214,342.253967,254.968735
436.147412,267.650154,345.792694,260.845306
435.474346,270.204681,312.752472,230.146286
418.294277,269.655960,317.408508,229.991531
401.156994,272.404548,322.979584,218.093719
386.012539,278.950714,315.493835,218.459518
371.116421,285.413246,317.444031,223.871124
369.597119,284.916252,309.169525,224.889282
353.789425,285.275024,319.818115,218.028061
339.319454,286.088577,318.782715,232.438187
353.179714,290.048957,304.938660,212.691986
343.056164,294.202652,314.601776,228.874710
339.139645,294.722152,321.977417,219.185318
337.088070,297.233894,313.039795,207.027679
330.093884,299.889106,317.826630,207.601288
321.526333,297.624633,325.230286,219.307846
312.386395,296.743217,336.636627,224.368164
307.359188,293.788307,340.540527,226.111481
298.850781,287.416633,349.352020,249.459198
298.243252,287.552597,350.829651,238.618179
293.677471,279.129768,349.497467,254.717499
295.014034,286.122650,344.790771,248.602219
293.893795,286.389762,341.180786,245.528564
284.848706,282.143081,348.898895,251.136063
287.692013,282.748558,335.659912,253.872864
299.200466,282.082283,320.777161,251.380829
291.258526,278.747947,324.356720,253.607117
288.827160,278.549858,320.267303,255.394409
290.280224,277.515083,318.091522,255.527191
284.130352,272.414741,320.732086,263.562714
284.355648,275.055732,315.817993,262.322235
289.200451,276.617912,350.550873,258.563599
296.465023,277.109375,297.643433,254.396347
287.754956,277.751701,303.524628,252.354736
285.394787,275.211479,309.408905,244.647217
291.494290,269.681213,304.640808,244.268173
295.423580,275.403419,311.259644,235.813263
298.966747,274.276298,286.518402,236.325073
296.889096,271.764724,291.209473,236.693802
300.143383,268.864433,283.636566,234.326782
305.417294,266.927017,281.593262,232.834549
298.851559,265.403053,288.441284,234.382233
298.876827,263.131195,289.014771,239.164108
303.954327,261.134437,288.448395,236.762482
305.954693,262.538566,284.779938,236.722290
