178.000000,501.000000,252.000000,217.000000
207.031746,495.989334,244.304672,223.408295
236.026253,494.550690,236.189560,225.449310
267.375336,497.082291,226.623230,222.456421
299.089493,495.967346,216.121185,223.817535
298.648773,496.660011,215.011658,221.401810
331.819931,495.942581,204.372345,224.057419
362.453781,497.649124,194.799225,221.127975
395.227592,502.426994,183.782364,216.189178
426.079475,502.195091,170.289658,217.443756
423.780922,500.975662,172.819687,217.536911
459.188698,505.576897,158.270737,213.138275
486.848778,503.986290,149.158707,212.894196
515.205803,503.259094,142.136917,214.396927
544.227417,503.162590,128.955200,215.406036
544.231575,504.438217,128.354294,213.710190
570.213280,505.725487,118.504288,212.633392
595.628746,506.287056,109.461319,212.122498
619.640030,507.621155,100.313507,210.638199
642.106808,505.713989,92.725227,214.118484
643.475002,508.276474,95.378059,209.502426
657.880173,501.951141,92.876862,216.680862
674.144779,505.896614,93.332207,211.778137
710.873878,511.930977,89.186020,205.979248
723.877697,505.308403,90.969887,212.873871
722.625439,502.192635,91.808937,214.886292
729.867203,503.597054,98.811859,215.761108
738.237942,502.335388,102.807259,215.683487
747.829872,500.213799,104.634201,218.755402
754.119385,497.196472,106.465576,220.337051
749.942482,496.327469,108.700790,223.672531
740.953693,484.669937,126.046898,234.637253
748.304508,492.762741,122.968987,227.237259
755.531559,491.009636,119.867729,227.393738
765.135288,493.838737,114.305412,223.798584
771.374542,481.739166,107.507690,236.710129
777.041306,488.941284,104.241119,230.199020
780.502602,491.885529,102.095322,225.671066
786.839531,491.566002,98.514175,225.474243
786.666409,486.240875,99.354073,230.158066
785.527767,475.381470,100.151741,241.055771
784.698700,482.040146,100.148499,233.256485
783.632156,491.211464,100.268585,221.437408
783.616951,499.514542,97.447128,211.307327
781.506012,489.707336,101.556091,216.944077
781.518494,498.378586,100.866699,208.594803
778.867313,493.255989,103.423393,210.243256
778.143784,497.980171,102.703033,205.196014
778.816399,490.766678,101.383377,209.313614
776.730911,497.422348,101.098907,200.656509
776.611462,493.412956,100.416420,205.827881
776.152443,495.678467,100.019455,201.042892
775.928856,488.381790,96.601334,205.530716
773.118153,482.859993,95.590233,204.733185
772.562210,481.843658,93.711273,205.294235
772.237568,482.818100,92.604576,203.196121
768.473389,473.308678,92.248596,210.976624
767.851170,480.013535,90.622734,203.128250
764.162331,475.074608,91.801559,208.488220
761.336246,474.797340,92.837395,207.363495
761.679718,479.464752,92.217896,203.597397
758.569126,473.649597,90.412773,207.219772
755.924416,478.397141,87.979294,199.930069
753.022694,480.593018,85.779991,198.557297
750.230927,474.270401,86.511169,199.332108
749.292042,478.333023,86.889244,196.777786
747.550941,473.577820,85.335434,198.880173
745.428726,476.839447,86.435638,197.142868
743.697662,475.787804,83.362305,197.142334
741.186340,470.375099,85.991882,200.664337
740.528343,473.795944,86.736710,198.385635
738.961803,463.353828,85.201149,206.934540
736.637886,471.478752,83.762802,197.792297
734.000847,458.967461,85.623184,207.056946
732.062901,465.176826,88.364189,201.095367
730.537735,463.848885,87.496796,202.540985
727.751919,462.336227,85.548042,202.859818
725.086174,465.260391,82.217667,199.543472
721.908623,458.320709,78.833328,204.934799
722.233311,462.887032,82.179008,200.747528
720.337883,464.913742,73.966690,197.660782
718.674526,467.411682,77.686226,194.436935
716.689106,466.353958,77.128197,193.243668
714.506664,465.459366,78.684914,193.915359
714.948917,464.955269,78.398003,194.649994
713.507584,464.519112,78.681854,195.193268
712.752861,465.278915,78.749832,195.432693
711.656120,466.471970,80.348099,194.897415
711.675678,468.769386,78.626244,191.512543
711.449078,467.531868,78.824928,192.637482
710.792820,465.154335,77.615654,194.271515
708.905964,463.162071,75.133385,195.648987
708.314137,457.796036,80.739342,199.155960
707.184280,456.897270,76.794220,199.377502
706.863625,457.037857,79.756943,198.935379
704.873405,453.099960,78.960281,203.686661
706.020073,461.257378,76.985123,197.645935
704.775921,456.152931,78.140480,195.501862
705.939590,461.324905,77.492462,194.291031
705.362694,458.245743,78.159561,197.214066
706.346375,464.886574,75.125061,190.245941
706.425964,461.257950,79.811096,193.224442
708.868023,460.653465,77.878761,194.747803
709.190742,456.110527,77.849045,200.157410
709.278820,459.836639,77.095253,195.212021
712.150707,464.266388,75.166725,193.491623
714.800331,461.497505,75.598251,192.502472
718.442223,467.756096,76.705887,191.082764
718.761444,462.091049,80.796631,195.969315
719.859337,464.297760,76.850052,193.082504
723.132183,455.717491,79.882118,202.037170
726.100487,460.130547,74.166885,198.370911
727.069454,451.510445,81.559395,206.866364
731.297604,461.238647,70.105415,197.696701
730.245445,459.377373,77.550613,199.081177
734.056625,460.957733,71.928497,199.841537
739.347706,464.941299,70.066551,196.961624
741.030464,467.471741,69.587570,196.909225
741.839066,470.659096,72.878204,193.238678
740.480564,468.364777,73.660088,195.279037
744.174980,468.436951,72.738846,195.695480
745.755199,469.559937,73.551796,195.926682
746.390514,468.870926,75.289711,196.895889
746.385529,468.790329,77.418884,199.053848
746.804737,468.193085,77.987022,198.840256
750.456223,471.791901,78.408173,195.983017
751.558628,470.908432,78.665886,196.069046
757.299580,479.389320,75.081383,188.575348
757.762390,472.477371,77.323425,193.771683
756.572220,467.685829,78.624908,199.600922
761.672222,470.366707,75.465797,194.943878
761.938801,464.610962,77.912437,201.707504
769.188728,469.535423,72.952988,194.890259
764.345619,461.779221,81.100510,202.727982
766.839752,474.341103,77.035828,191.714569
769.107788,464.762802,81.253784,199.415176
773.912598,475.182320,75.058472,188.475739
771.877384,468.769569,78.493034,194.268463
777.488312,476.534943,75.109680,185.923996
774.323372,471.074966,77.704636,190.852798
777.687542,470.229881,77.662636,193.293945
780.504372,470.968277,78.496078,191.765640
781.737499,467.585754,80.605019,194.423264
787.316139,473.821968,78.206284,188.795380
784.969418,465.660698,81.591499,196.270264
787.432556,475.259285,80.002808,186.255219
787.430813,466.691788,80.541084,194.148941
790.120342,474.844185,77.606972,183.654449
790.480812,464.790665,78.449692,190.996658
791.616318,469.463196,76.606598,186.378220
790.610287,463.338600,76.857979,191.479950
792.135509,466.344681,74.013283,187.579788
793.966953,464.570236,74.582268,189.638260
795.186577,464.371368,73.108475,190.259995
794.726101,465.666603,73.427437,188.788116
796.348343,465.586685,74.115997,189.570816
796.575012,467.067070,75.694702,188.188782
798.343723,468.040016,76.692009,186.891632
801.832436,470.341133,77.634140,185.662689
799.849991,470.728874,79.066254,183.525269
799.476093,469.083267,84.145164,187.633377
799.893646,474.961563,87.821228,182.375565
799.729694,473.900887,89.950401,181.735565
797.124813,475.551018,91.527290,181.005798
797.972198,477.105667,91.050110,179.398148
795.047661,477.464279,94.392532,179.664749
792.523151,481.199631,94.875633,174.896622
789.080376,481.497574,95.198746,171.581619
785.753830,480.974113,96.659027,171.151184
785.832748,482.470688,96.789520,168.002335
780.954319,481.012436,99.858635,168.507278
775.092918,479.978508,103.026688,166.176392
768.246246,476.483398,103.666443,167.386520
761.351696,475.934990,104.464577,165.788147
762.711620,477.794250,103.473061,162.784286
753.687729,473.808121,105.690765,163.758255
747.427586,474.255280,104.745781,162.210495
740.541958,474.195023,102.480354,160.705032
735.988647,467.981552,98.006653,162.961563
737.228516,469.679893,97.128601,161.381348
729.027245,468.801727,96.752213,160.263840
723.016254,464.675621,94.106590,162.906982
715.323177,461.645935,93.448677,166.337448
708.911732,466.500885,90.135338,157.314987
709.839550,462.944908,90.485390,160.851624
704.409004,465.142372,85.941147,157.612274
695.694668,459.290024,85.530952,160.506241
691.074276,460.463242,80.841560,158.144730
685.782467,458.645187,78.905159,156.892899
686.152122,460.742920,77.634659,155.482956
680.957050,460.652351,74.597984,153.489960
671.807579,458.816208,70.386002,152.372330
667.795013,456.640617,68.814697,152.516541
663.929136,461.640533,62.310825,146.419113
664.286413,459.179268,63.930531,148.762665
661.436964,458.332176,60.422550,147.372955
659.375042,455.631577,59.103859,149.958572
658.585161,455.620399,56.774197,148.466034
656.935026,454.455734,55.707127,146.649796
656.447933,454.497131,57.075478,147.653458
655.267321,454.892700,56.047726,145.944595
652.897442,456.394691,57.757729,141.241333
652.071234,455.605034,57.787159,140.479919
651.459574,455.464508,57.601818,139.982773
650.931511,455.296211,57.558426,139.991211
650.266352,452.649475,59.624187,140.795883
648.958027,450.334457,61.922691,142.394699
649.094980,448.185837,60.732128,144.268600
648.386816,450.284912,62.150532,141.025162
648.307838,450.649345,62.127274,141.154541
647.846409,447.377197,59.323296,144.449203
648.240261,449.050148,59.768867,140.945038
647.099895,449.994751,60.906715,139.142166
647.226074,448.252815,57.570343,139.323669
647.540529,450.062492,55.887875,136.515045
648.015438,448.495705,54.217659,136.747803
648.347105,448.590736,53.105503,135.938599
649.848194,448.322472,51.775200,134.738739
650.598597,448.484596,51.957897,132.173950
651.208708,448.345947,52.146549,133.407639
651.948555,448.035263,52.198166,132.459366
652.086842,446.679337,53.053520,133.152054
653.023544,444.928009,51.024445,132.302353
656.009792,445.214706,49.917091,130.575363
656.454210,445.693153,49.575405,130.144745
657.683252,445.665474,50.323284,129.686707
658.639330,444.588211,51.309170,129.129807
660.027721,445.053448,52.835030,127.029533
662.192852,443.727684,52.470772,127.786469
662.156605,444.129608,52.352989,127.429153
664.032146,443.996883,51.632851,126.976341
667.158852,442.858650,47.736954,126.324036
669.453409,443.471687,46.713665,122.738831
671.112421,446.122059,45.954296,119.662361
671.081720,443.880264,45.189922,121.964615
672.729790,443.864426,44.989426,120.912888
673.454506,444.421562,46.049423,120.097473
674.804537,443.969822,46.783718,119.917885
676.460266,443.552677,45.938751,119.515938
676.896805,444.192890,45.537964,118.468483
677.950180,444.169003,45.482971,117.858360
681.266119,442.840607,43.269794,115.793289
683.647940,442.940372,43.516102,113.479164
686.441660,439.424576,43.431286,115.499313
685.499027,439.737663,44.095024,115.239868
688.962662,438.066017,43.790497,116.324249
691.087280,435.508148,45.510406,117.673447
691.714172,435.833992,47.892578,117.390015
695.594999,433.812664,45.489048,119.114799
695.065516,432.979927,45.923809,119.754822
696.621496,435.700253,45.113911,115.364616
700.416986,435.462173,43.037518,113.351944
703.111853,435.938343,42.456989,111.473915
707.419363,435.262222,40.946308,110.570572
707.847149,434.938725,40.609474,110.203621
708.966429,434.141705,39.991642,108.813591
711.180513,434.187553,39.889858,110.040588
713.032936,434.176826,39.844467,111.805511
715.311880,433.606312,39.618000,108.779182
714.945223,432.993317,39.544888,110.393295
717.390392,433.272446,41.534340,108.908340
719.024084,433.842327,38.956867,109.230186
719.433285,433.947727,38.527657,107.405464
722.164398,432.679138,40.107727,107.363205
721.780701,431.934742,41.880951,108.639259
724.166706,426.728653,44.999687,114.988998
729.200897,431.223930,44.426300,110.482239
734.308615,433.527725,45.274586,109.189835
740.163614,435.288643,43.975109,106.336029
741.305214,433.723114,42.120804,107.735519
745.542536,433.327431,41.311962,108.388397
749.679216,434.264778,40.098568,107.481689
753.506634,433.667892,38.838753,106.203079
757.910746,434.913998,39.721050,104.288445
757.098846,433.417412,41.817169,106.540344
760.155525,434.461266,41.040085,104.294189
762.292255,433.097267,42.313469,104.654480
766.760962,437.273823,43.148273,100.339821
770.452271,434.480988,43.529968,104.113632
770.026611,435.094357,42.433502,104.234734
774.067823,436.409142,41.978306,104.024933
778.029802,436.756779,43.691860,101.619698
783.961498,434.861805,44.353676,102.192329
789.295460,436.231640,40.843834,103.828178
789.907898,437.098846,41.053986,102.517227
795.359781,437.025894,43.824902,102.070145
798.862406,436.868439,42.944042,101.887497
804.674112,435.936893,42.259014,104.907600
810.207037,436.826408,40.908070,104.026611
808.378038,437.378590,42.591244,103.455574
814.207659,439.426765,40.699429,101.233276
817.725576,439.180317,42.037281,100.287422
818.247028,439.859634,46.905815,101.058151
825.818615,440.875488,43.788826,98.189651
822.695971,442.792591,47.920773,96.790901
828.380945,441.695732,47.025433,101.983307
833.127495,443.467724,48.315689,98.753380
839.705185,444.400043,47.742859,97.560005
845.300961,444.212872,48.257271,98.953117
840.698755,444.070225,53.051037,98.009163
849.062815,442.673508,49.838268,100.151840
855.162506,442.246307,50.204132,100.988663
861.137829,441.425251,48.578407,102.430244
865.087885,442.265079,49.561687,101.926704
865.639938,440.490055,48.894836,103.655678
867.650211,439.281700,51.331535,105.524780
869.884481,439.270210,52.394520,106.454712
876.434313,443.012928,50.566647,102.926735
881.762173,450.979549,48.902748,94.239006
887.338142,460.391483,43.265884,84.238533
885.997700,446.305008,48.068565,96.973526
839.236317,394.600861,103.130089,146.399307
1086.481178,311.154453,81.057480,118.021370
1019.553711,323.952553,162.817810,120.868896
833.214096,465.579979,148.348022,117.116791
928.457367,357.530258,270.839081,101.148636
772.214951,372.066368,272.228333,295.692749
451.705307,355.022957,556.768494,330.632721
708.457321,417.348320,259.231506,302.651680
741.008362,382.454830,299.415314,302.544373
706.223167,432.147648,155.351669,248.857346
458.282230,393.326878,56.759361,81.601181
461.360693,406.973934,46.606586,72.873993
459.456823,411.761581,45.822987,68.897972
457.494085,404.851921,48.635700,74.655006
459.888325,414.614780,45.313774,68.244278
457.406450,410.309299,49.565365,76.991837
457.242519,415.443470,47.609077,74.925003
455.418280,405.947910,54.740162,81.927933
458.064821,415.212254,53.306911,77.103073
377.765717,388.922188,134.203354,101.947731
451.703379,411.415413,61.220852,84.155922
455.201288,417.239006,53.364773,80.764473
454.770159,423.198502,51.767925,75.072990
450.776432,423.512989,48.986732,78.646622
451.031130,424.270046,55.224285,81.738647
445.272243,427.824444,56.168633,80.745697
442.501917,428.912060,52.499783,83.431427
444.053776,421.212280,58.111519,90.854240
440.224283,429.824936,60.133877,84.895775
434.515631,431.237701,62.589176,86.461449
429.822704,435.161861,64.156334,86.946198
423.841949,434.112881,66.294907,90.584351
426.642761,429.003544,67.694839,96.990768
420.236492,436.407555,68.309227,92.839455
417.772243,442.583591,67.833763,91.442917
409.470051,441.091900,72.678047,96.337677
408.601398,446.343285,71.145882,94.621895
406.185150,442.597507,74.595993,96.249619
400.366741,445.908150,75.103325,99.332497
393.900566,447.219734,77.178497,103.867989
387.654144,452.281010,78.025986,103.033798
381.028572,454.889538,81.088593,105.525177
382.970001,455.748905,82.543900,104.946121
373.437088,456.451752,83.152206,108.956810
364.011604,460.798519,87.872192,110.323669
353.315746,463.965958,91.172752,114.913048
332.330833,468.504303,101.311523,124.590385
333.230015,471.608784,98.034035,118.790054
286.256378,463.917583,137.758377,135.552094
303.901958,480.354561,106.991753,126.846291
288.352409,487.976002,114.760101,126.527969
274.946636,495.592747,119.154167,128.364365
275.797791,492.763027,113.713089,130.566345
259.526634,512.639404,122.978180,122.597954
237.215729,507.347378,128.941910,139.761414
212.910561,512.387936,139.427795,146.999023
182.708260,513.995586,152.588257,160.590302
185.173607,513.162334,149.642792,161.643219
138.543945,509.254635,189.675797,176.887939
130.470428,538.074192,166.826492,170.747238
96.723534,555.411068,179.734894,162.015198
42.111008,540.021206,215.619858,179.978794
5.580780,545.409216,244.261490,171.093155
403.306385,431.284014,78.760597,100.474724
551.268408,423.002661,60.174992,99.889633
704.700962,416.745283,51.252205,78.194733
703.803408,414.309164,44.991070,80.110092
700.930912,414.717352,49.366066,80.311508
696.301901,415.139158,45.534794,76.890106
692.158504,414.575037,40.830193,77.464546
685.330635,414.720217,43.321075,82.661400
678.007248,414.888113,42.172684,85.649857
676.119770,414.977655,42.424965,80.205025
669.287928,414.155607,44.211269,81.007080
663.480490,413.702364,45.154575,76.709740
650.456776,412.266741,54.861031,76.879082
654.280214,412.594946,48.587475,74.656265
644.051405,409.769144,58.248341,79.044594
638.499275,411.048590,56.821472,80.610123
627.654774,405.942156,71.282509,87.758629
624.478359,408.664976,71.994682,83.801544
633.937078,408.111277,56.686863,84.234047
636.968908,408.340254,55.415379,81.687134
635.186441,405.980268,53.251644,81.198853
633.737324,406.964300,53.715034,79.914078
633.935949,408.134466,52.897251,77.279953
635.897556,406.992510,52.553108,76.576775
635.416698,408.204077,53.563805,77.076035
638.524637,408.575785,50.659206,71.910378
640.592632,410.248964,50.832542,70.591759
643.856030,411.438959,51.207115,67.402412
647.639435,411.235861,51.741379,68.443649
646.401550,411.125551,52.700089,68.966881
650.838049,410.029310,51.514805,68.447479
655.672054,411.024267,51.077660,65.944901
659.689945,410.665697,50.424385,67.605339
665.482538,409.153521,49.126095,69.237450
666.391706,408.363657,48.430164,69.230690
671.196405,407.787268,46.676113,69.800858
676.599546,405.153212,44.225544,72.739746
681.234222,404.911665,43.079391,71.834442
686.327547,406.437544,41.854778,72.103851
686.640131,406.427320,41.723202,71.965210
689.907997,406.992819,40.901703,72.163254
696.306602,407.098082,38.778656,71.000000
699.211594,407.845980,38.071243,70.056541
702.088068,408.783430,38.958614,69.517731
702.805262,409.495939,38.217129,68.187531
705.156000,408.281885,38.992489,67.645424
706.186880,407.903330,40.218235,68.336739
706.780136,405.860334,40.320023,70.767090
707.364239,405.073553,41.303978,70.678482
705.803417,404.536467,42.851952,70.991913
707.529812,404.508802,41.656273,71.516235
705.372425,402.495684,42.825447,71.884880
704.190823,400.995588,41.561882,72.900482
702.033823,399.862032,41.060421,72.647362
702.879261,400.325285,39.652077,72.723022
700.752142,398.474314,39.334080,73.385353
698.065842,398.498095,38.681870,72.664543
696.291107,397.526148,37.938492,73.333687
693.150648,397.285395,37.007557,72.623390
692.404861,396.516829,37.147293,72.232513
690.201971,396.057318,36.524204,73.681381
688.903923,395.807928,34.729782,73.420517
684.997774,396.014391,34.581753,71.913795
682.618736,393.282526,33.850021,72.831383
682.309668,392.334425,34.450703,74.469147
678.667656,393.000441,33.668625,72.673691
676.445988,392.571962,33.227806,70.730751
671.423670,392.555567,32.383739,70.607826
668.228189,391.803724,32.752499,69.354355
668.804567,391.109179,33.067822,70.444649
666.199424,389.193785,31.673601,70.030624
663.586904,388.840506,30.440252,68.753799
660.259167,387.201891,31.787254,69.192802
656.269428,388.566679,32.741768,68.938644
656.670338,387.053312,33.526726,70.103516
655.901827,384.939886,32.027706,69.735779
653.723726,385.642347,32.587780,69.233124
650.811157,384.667078,32.705521,68.663414
649.959588,384.402891,31.682020,70.065567
649.525932,384.941599,33.252579,69.562523
648.856248,381.710787,30.298948,71.587944
647.227058,382.362421,30.216934,70.727730
647.535565,380.716982,31.996420,72.656166
645.145600,375.495825,31.739759,75.107132
645.549105,380.190893,31.640759,69.250366
645.099300,377.526369,32.204292,71.712440
647.116225,379.203238,29.576281,70.030655
648.177873,379.625700,28.913206,70.026657
648.940967,378.716055,28.320002,70.312759
648.980712,378.085661,28.179857,70.541855
649.188372,376.548227,28.325695,71.779137
650.357841,377.342005,29.263796,70.544106
650.941901,374.692041,28.513018,72.676994
651.835474,375.539003,28.760647,73.206535
651.652930,375.194689,29.187990,73.048103
651.647386,374.760511,28.594984,73.511002
652.559548,373.903742,30.026045,73.844337
652.290460,374.232161,29.487959,72.563889
653.552752,375.829981,30.302166,70.906563
652.962628,376.144857,30.029547,71.844589
655.612728,375.295736,28.488060,71.436050
656.540040,376.365183,26.897230,71.408882
656.693908,376.107206,27.928591,74.201508
657.356628,375.813555,28.389160,72.566826
657.904060,375.161760,28.369034,71.967140
659.435382,374.531534,28.620066,74.258781
662.161735,374.979704,28.119875,72.116547
663.413760,375.010302,28.427683,72.714699
666.381118,375.748022,28.471819,70.528427
666.763585,374.117971,28.452215,71.715057
667.625697,375.298384,28.169764,70.375748
668.634130,374.583006,29.250692,71.059830
669.760298,375.475306,29.555592,69.764977
670.963142,374.101000,28.768066,71.852226
671.807129,373.742186,28.762360,72.077957
673.026521,372.062277,28.675367,73.477432
674.026347,371.984278,29.087458,74.870079
673.795130,372.418245,30.096905,72.618431
674.550196,372.474558,30.129360,71.289085
674.593048,373.428526,30.212219,70.655243
675.538943,372.264315,30.186686,72.676949
677.314477,372.184118,29.876860,73.283783
678.808474,371.763971,29.832516,73.214500
679.651787,372.922850,28.640182,71.686615
680.629392,372.501562,28.740927,72.190353
681.766788,372.046850,29.236673,72.429428
683.224113,373.213648,29.746964,71.272163
683.751060,373.105032,30.900209,72.553757
684.732444,373.597197,30.806170,72.256088
685.516819,373.914026,30.281715,71.789391
684.795027,375.079557,31.352192,69.945816
686.437129,375.160101,30.523279,69.618668
686.221252,375.796263,32.008286,69.769943
685.782869,374.617331,31.907589,71.322754
687.166509,372.969126,31.359274,72.512215
685.911285,373.188787,32.759293,72.770081
685.265213,374.369917,32.521164,72.790329
684.401649,373.292479,32.227661,73.267090
685.221150,373.382479,31.821798,73.666191
685.027000,372.534689,31.635849,73.851349
684.751477,373.622896,31.578985,73.498222
684.913804,373.429663,31.543730,73.568512
685.047763,372.263281,31.197626,74.607773
683.629179,372.799204,32.307529,74.600151
684.144039,372.533236,31.973289,75.435951
684.106251,375.440237,32.742317,73.447876
682.421904,375.601938,34.089222,73.435677
681.183315,375.224939,34.091438,73.539619
679.472336,377.698175,34.670578,71.419975
681.374136,376.343241,33.640202,71.969978
678.026684,376.905714,35.019341,71.584930
674.854767,378.467661,35.691284,70.493004
673.827150,379.932760,34.699108,69.145950
671.677185,378.887655,34.565659,70.487289
673.297775,379.828970,32.946442,68.815353
671.622665,379.308210,32.704117,70.331421
670.280422,378.647444,32.619499,71.256989
668.498997,378.630037,32.595634,71.282021
667.994230,380.119951,31.750904,70.469307
668.857312,379.500212,31.747000,70.585403
667.381589,380.174810,31.860632,70.437943
667.263677,378.603567,30.118170,71.773605
666.816769,380.680624,30.706184,69.933853
667.928767,378.423655,29.996912,72.448143
666.948495,378.015421,30.832106,72.619652
665.763142,378.931273,30.964149,72.284393
664.434344,379.018915,31.030176,72.557411
663.746191,380.818392,30.447117,71.611641
662.550817,380.249491,31.462484,72.447929
662.591294,381.732836,31.038237,71.180916
661.732144,381.947828,31.607214,71.481750
659.662577,381.673094,32.520824,71.867065
658.856468,382.238169,32.229919,71.638802
657.760069,382.811972,32.602360,71.432541
657.250509,382.984877,32.340382,71.238419
655.332516,383.614016,34.851723,70.986336
654.808605,383.349424,34.364937,72.336258
654.387611,383.459074,35.335190,72.681793
654.221317,385.251066,37.857323,71.557343
654.035168,385.018183,37.431587,71.371620
654.698963,384.794188,38.122643,73.162811
655.640831,387.888182,36.891495,69.895691
658.043823,387.659582,34.729584,71.249374
659.550623,387.706167,34.428234,70.933243
659.230883,388.199125,35.371853,70.803299
662.216961,388.659483,33.402107,70.624893
664.110741,389.730570,32.156799,70.455772
666.467918,388.934282,33.709610,70.439888
669.825562,389.164335,38.428101,71.481934
669.087181,390.801966,46.349655,69.546303
674.198709,390.850286,43.620464,69.870132
678.341669,390.734598,43.227886,70.935524
688.209805,388.441278,42.158363,74.636696
692.955286,391.554609,41.584423,72.589722
692.978548,392.298029,42.952694,72.384682
699.370163,392.560526,41.570007,72.198524
705.395813,392.974436,40.156769,72.206123
714.064529,395.198744,37.118744,71.347870
719.621212,395.978853,35.397255,71.693321
720.023338,396.906164,36.604324,71.052231
726.638416,395.310663,33.899162,72.756966
730.686298,396.273306,32.960411,72.825928
734.612633,395.885771,32.691513,73.757965
735.922853,396.071943,33.203747,73.187500
739.470135,396.406954,32.823738,74.540779
742.607006,392.725229,33.188026,78.220192
744.788368,395.386557,35.610336,77.144882
747.855177,394.030497,36.081120,79.379646
749.075546,394.397779,34.764587,78.454407
753.776140,393.668943,33.138180,79.215179
755.256227,392.028933,33.095028,81.076012
757.464195,390.558554,32.684433,83.191269
758.659800,391.054449,32.669872,82.624588
758.525785,391.596670,32.339664,82.877579
758.890211,391.862852,33.980167,81.952209
758.622478,391.470377,35.093208,82.546364
756.954498,389.226950,38.119568,84.910355
757.534451,390.979815,37.017281,83.832451
757.863932,390.238810,36.521709,84.733559
756.495098,390.192072,38.826607,83.858253
755.896749,388.983431,39.841724,85.271202
754.757723,387.435492,42.116756,86.612778
753.594965,387.139631,42.434002,87.322815
755.129362,386.629435,41.257206,88.619118
751.777264,389.355555,44.256355,86.668770
749.431122,393.232454,44.541809,82.474052
746.234648,393.591246,45.766514,82.981354
743.840015,393.536245,44.703636,82.692276
743.898867,394.019709,44.468075,82.417946
741.510002,394.622408,44.077805,81.419487
738.838320,395.865461,44.142666,79.969513
736.400959,395.227148,43.025902,80.308762
734.163448,393.338751,41.682198,82.113602
734.505537,392.071798,41.179234,83.187912
727.367397,393.275644,40.608986,82.227791
724.977093,393.823153,38.696602,80.423943
721.701691,394.331209,37.681763,79.456963
718.128548,392.725855,37.961014,81.971138
717.952591,393.130098,38.033051,81.593163
715.623312,393.661951,37.875874,80.645729
711.218370,392.348082,39.032070,82.894684
707.081245,392.250124,39.996445,82.678123
703.996675,391.652445,39.317074,83.078499
703.350292,392.896891,39.927742,82.609077
700.218107,393.263166,39.899570,81.665649
696.330679,394.946428,39.862476,80.662804
692.670763,394.512083,39.571896,80.938171
689.286888,394.365278,39.335007,81.407806
689.480644,394.068449,38.974808,79.947632
686.294216,394.298674,38.429420,80.299835
682.598568,394.891123,38.968605,80.723976
678.897818,392.904985,38.435932,82.252953
677.047585,392.414991,38.992386,83.236816
677.096039,392.177416,38.524323,82.925255
672.759274,391.893835,36.639778,83.916031
669.812012,393.032011,36.254059,82.154327
667.152487,389.844061,34.813801,84.183670
656.346876,393.213209,41.999119,81.410980
655.895357,394.353209,41.115902,80.748230
650.817877,394.247061,42.547749,80.249893
650.717705,394.599405,38.929611,80.154793
652.635622,391.957609,34.555202,83.351746
650.669672,393.047132,37.153759,82.248352
649.954506,393.109091,36.687759,81.753281
647.516329,391.966185,37.742916,83.869690
644.749826,392.535902,40.115765,83.412872
640.450592,393.745764,42.550873,83.269424
637.685741,393.949148,39.527901,83.653397
639.236570,393.804159,39.917088,82.121109
636.750790,395.081656,40.038216,81.511703
633.976269,394.086359,40.257149,82.474342
631.099371,394.346926,40.618305,82.133293
629.385263,394.016340,42.748669,82.987732
629.461271,393.703501,42.493107,83.060158
627.636686,396.163744,45.654179,81.141502
627.273411,397.258173,49.058159,79.698219
628.676182,400.311678,50.518791,77.127403
630.403881,403.759665,49.259926,75.466812
629.199427,400.694536,48.684124,78.188133
631.904806,400.078936,51.776325,79.537315
633.518414,400.278818,53.953163,79.921974
635.632690,402.011919,54.756805,77.832695
639.118528,404.046812,53.953098,76.440491
639.424026,405.320047,53.197845,74.721687
644.068407,401.879145,55.670315,78.059975
649.340351,402.426676,55.104942,78.044014
654.617477,405.846914,55.705078,76.243912
660.629730,404.397154,57.311493,77.839844
660.318933,407.002970,56.658031,75.617287
666.723568,402.025068,56.209206,80.362885
673.801540,403.947489,56.907448,80.017708
681.308081,402.596407,55.434193,80.557549
687.809811,403.384851,55.831612,80.607979
688.258785,401.966742,53.362160,82.105331
696.470707,399.779028,50.203362,84.535019
703.010637,402.399885,49.608761,83.929108
712.521362,400.066908,48.034149,87.875214
720.102381,403.970747,46.706097,84.199463
721.442688,403.062418,46.053680,85.159737
729.380600,404.866289,48.274994,85.361046
737.800423,396.885683,52.097855,95.336113
746.318317,401.329821,48.566826,92.099968
752.497688,410.051126,46.096054,84.197121
753.769381,412.711958,46.365841,81.591888
762.607559,411.857912,42.892639,83.699608
771.951818,412.891989,40.947315,84.264786
779.257217,414.117422,40.139130,85.089554
786.343838,415.409010,39.225349,85.016876
786.164066,416.851503,41.184654,83.533073
791.714819,414.078825,39.597919,86.285461
798.613590,415.083387,39.054955,86.575562
803.479475,415.450075,39.949345,87.704002
810.375910,416.637342,40.002728,87.801575
809.583908,418.000322,40.956360,86.103416
815.654747,416.125753,38.925491,86.711563
819.176533,417.787352,40.120262,87.438080
822.429361,415.004938,40.968945,91.933784
831.855780,416.005560,42.257740,92.412949
832.021793,417.458624,42.715599,91.812912
834.386909,416.293287,43.675430,93.732544
837.427074,416.646727,44.542152,92.890289
840.158447,417.654123,44.452606,93.118446
843.921467,419.302107,43.930168,92.148651
845.300472,419.555349,43.178780,92.163467
847.495729,417.254656,43.324215,94.371025
850.786446,419.562971,43.218796,93.390320
853.100788,419.554712,42.899773,95.160957
854.562454,419.379347,42.809937,94.281250
855.075623,418.691225,42.793152,94.733116
856.090258,418.810415,43.857143,95.263199
856.890333,420.340010,44.178928,94.844238
855.910948,420.506357,46.456333,94.778694
855.615501,420.759378,47.912827,94.512611
855.457701,420.187872,48.304111,94.263565
855.058762,420.653391,48.638855,95.089455
853.298838,420.030710,50.482220,95.147987
851.828827,420.238291,52.073853,94.557381
850.119616,420.178679,53.213650,94.389862
849.920172,419.586470,53.103870,94.864746
845.913898,420.600481,55.188927,93.850060
842.775944,420.315245,55.461998,94.130615
839.949945,420.622854,54.719707,94.059982
835.807461,419.213888,54.925392,95.404892
836.447824,419.220865,55.044903,95.227425
833.446516,420.153849,53.929600,94.416573
828.877802,420.955824,53.589733,93.009552
824.691353,420.321512,53.945633,93.670815
819.539301,421.105753,54.234875,92.629372
820.567591,419.297880,54.134624,94.342499
815.117054,420.279333,53.798210,93.122543
810.074183,419.216784,54.004681,93.499901
804.582317,419.209108,53.613930,93.308006
799.446001,419.964346,52.680599,92.395737
799.670389,420.643248,53.083019,91.484406
792.329800,421.492506,54.502449,90.270630
787.067165,421.211115,53.693550,90.436012
781.509275,418.728689,53.073765,92.127701
775.119265,419.622793,53.192410,90.688156
774.301107,419.742331,54.124836,90.728561
768.702791,420.442217,53.087307,89.983055
756.445074,418.331251,53.813740,92.408600
749.457626,419.032633,53.024170,91.423103
743.895308,418.164953,51.781803,92.276840
744.223415,419.775553,50.720863,90.639381
737.150780,417.177557,51.203262,92.998550
731.232679,416.506186,48.952518,93.233444
724.715303,418.968161,48.628139,90.974808
719.365461,419.529219,46.131931,89.923981
720.420225,419.074656,45.325352,90.746284
713.289991,418.299204,45.757175,92.420998
709.189962,418.000742,43.942951,92.518990
704.314882,419.320948,42.413113,92.196175
699.619089,417.456110,42.853954,93.938698
699.826996,418.207064,42.962708,93.533653
694.852879,417.813505,41.773430,95.140411
690.392488,415.938814,41.689358,96.741722
687.117109,415.865995,40.949955,97.089783
681.817240,413.595148,41.020885,100.351021
681.168606,415.787169,41.447792,97.942780
678.383791,415.101080,40.831326,98.730972
674.316854,416.503386,40.349171,98.918945
670.611271,414.996820,41.554649,99.763435
666.109612,413.826582,41.754227,100.439667
665.135410,412.125902,43.217400,102.542168
661.897135,412.090975,43.475292,102.913445
658.388939,412.528219,40.737686,103.003738
655.432775,413.380899,39.802448,103.334999
650.972151,413.411474,40.951969,102.380875
651.416460,412.267519,42.262630,104.044090
647.585224,415.329428,39.093224,102.166458
644.551359,415.145983,38.555149,102.252617
638.977688,416.963816,38.155190,101.259987
634.082409,417.080393,39.091988,100.379921
632.919569,414.484983,40.900669,103.060059
627.039490,416.690981,42.399811,100.577538
622.895454,415.321314,42.193985,104.065163
618.266169,415.305742,42.379894,103.993675
612.861546,416.295591,42.699516,103.952972
612.432858,415.710234,43.133614,104.936096
606.022800,416.366617,43.999626,103.981697
597.582378,419.203028,45.300148,102.508156
583.839808,417.851976,45.920208,105.666679
579.813457,419.412420,44.839607,105.907761
578.022850,419.754061,45.323990,105.639549
573.727760,419.708143,42.279526,105.741028
568.153408,420.365759,41.922981,106.831100
562.223354,420.460920,41.089149,107.129608
554.533056,420.178480,43.425953,107.665375
554.791147,418.869570,46.289165,108.573418
548.938410,420.177809,45.772869,108.637878
543.894209,423.806948,47.438480,106.023613
539.840914,422.813368,43.857754,108.246735
533.884916,423.091753,43.637577,108.236320
531.036964,422.234297,48.057083,108.731140
528.489698,420.285162,44.491703,110.773819
522.997608,421.184023,42.402611,109.731407
517.332975,419.832754,43.087132,111.967484
511.931295,422.295691,44.652912,109.550003
513.983538,424.938173,44.780849,106.951500
507.645159,425.252470,45.681911,106.362946
501.158154,430.470121,48.456276,101.586365
496.455214,432.129995,50.747654,102.380203
494.015520,428.704809,52.106075,108.193954
494.166449,428.986296,50.042286,109.178833
490.783800,431.355001,51.136715,107.685654
490.289524,434.795782,50.802269,106.072220
486.865171,437.226412,52.825840,104.171623
486.675919,438.994352,52.894440,104.068207
486.419201,438.960096,52.912086,102.994659
487.824718,441.702543,50.975716,104.735657
488.896614,444.691645,51.369003,104.893867
488.325796,446.279680,52.543659,106.170280
489.048664,448.102556,53.821922,106.880669
489.721367,448.748552,53.876236,104.629601
490.576746,448.593275,53.382427,107.927887
491.970251,449.626738,53.835194,108.681488
493.698114,451.096972,54.903088,111.136223
495.953747,452.957598,56.199806,111.191032
497.320898,454.433775,57.379719,108.433350
499.073111,452.896608,60.127979,112.228508
501.353279,453.512564,60.927841,110.496445
503.732294,453.482595,60.366467,111.674301
511.586582,453.238745,64.671013,117.106125
511.737473,456.375608,68.479614,113.548889
517.649380,457.011068,64.114418,117.076492
522.833225,460.349478,64.804893,117.392014
529.746967,457.210394,67.004814,122.579880
536.624298,458.519480,67.385529,122.783607
535.937637,460.761587,67.542358,120.939041
542.539841,458.435583,68.382782,126.077682
549.105961,458.568567,68.704247,125.917519
556.176899,459.012495,67.721489,126.877563
555.413773,461.683996,67.114838,125.767746
562.159225,460.706762,67.538055,128.825882
569.886269,467.335829,64.808701,125.579926
578.402737,471.548895,63.770638,125.269821
585.363001,473.807947,61.270824,127.484932
585.761713,476.548140,62.528393,124.566315
593.956978,475.711409,59.986404,128.788239
602.301598,480.452925,56.271744,125.860962
610.531199,483.601866,53.971264,125.995392
617.349695,482.950331,53.110973,131.389526
617.070797,481.423391,52.878822,131.469498
624.760107,484.260855,54.629902,129.935989
633.352333,483.594152,52.983444,132.426437
640.375784,484.936293,54.780323,136.276672
648.607183,482.684401,53.817371,137.659576
646.946304,482.841642,60.000488,138.541260
654.680511,480.654097,58.953186,142.534027
662.158957,489.397444,60.406666,136.087585
671.256857,489.233740,60.359089,138.952682
679.534275,492.992537,59.620598,138.174011
679.713970,494.888693,59.300117,137.011307
686.786011,498.042433,57.130890,133.863190
695.492353,494.424879,56.942387,141.436005
702.224035,497.587774,57.224415,141.385269
707.145596,498.955809,58.046089,143.786133
705.570168,496.619474,59.183914,145.368591
711.879105,495.175474,59.927795,148.839447
719.469164,497.247175,59.741329,146.371155
721.482533,496.603918,63.147179,151.298996
722.678493,495.631742,66.433266,152.208496
721.418911,494.155424,67.819618,153.369598
726.354839,494.824530,67.459297,155.389053
723.535084,492.641897,73.053398,158.717270
728.191753,494.815573,72.007820,159.698166
730.361782,498.629324,72.072609,158.295456
730.419029,497.973143,72.752548,160.235931
728.902794,498.310377,75.379196,160.914246
730.783245,497.420706,73.715706,161.670456
730.869091,497.692739,73.327400,164.641953
729.606815,495.360464,74.676231,168.822189
727.332741,493.603437,78.180740,171.081543
726.666504,495.118383,78.361481,167.735916
723.675392,495.956068,79.213882,163.746765
722.303471,497.613623,79.655296,166.140945
719.344547,496.410704,79.567711,166.752045
718.396481,495.238073,80.498268,168.404556
716.607498,496.546492,79.014648,165.599060
713.134434,494.175993,78.055992,165.076935
710.654587,494.012182,75.318054,167.694534
709.394329,491.126959,73.412117,170.487991
709.756920,490.849417,73.218613,169.804001
705.862663,489.770277,70.871933,168.919800
700.598167,488.823797,73.607834,169.544998
698.224922,487.141966,67.900101,171.625946
693.682297,491.080877,65.021973,167.279922
693.926262,492.087843,69.825729,166.901062
688.802429,490.208326,65.166107,168.081482
685.452106,493.437002,66.946892,166.204208
679.330555,492.174368,67.743156,163.681320
675.098400,491.170195,69.491096,163.613556
676.778816,491.602476,68.384659,165.167877
673.042622,491.669172,66.381218,164.868774
669.377007,492.226385,68.744064,163.641312
666.887486,491.290289,66.167076,166.247025
664.639324,491.754927,65.054146,166.341858
663.389259,492.831823,65.362015,165.696060
662.388380,492.722372,62.294498,166.220444
662.342506,492.746458,63.548172,165.926941
660.246128,493.311399,63.428276,164.367859
660.645363,492.774992,63.594955,166.363159
659.207352,493.781446,65.482574,164.748016
657.338268,491.575705,65.144997,164.076797
655.848803,489.550810,62.929897,165.304932
654.423882,486.334547,58.746719,169.708496
648.534256,486.327047,57.957397,164.902145
647.119623,485.943083,62.220287,166.475464
644.035450,484.485342,60.374931,166.774551
641.658207,483.290701,59.193474,169.247116
638.304926,483.213659,60.507244,171.767624
635.599781,483.564688,62.398338,170.704239
636.155443,482.632193,63.684353,171.552505
634.874256,480.102385,61.579735,172.404053
630.457468,481.014029,59.138439,173.207779
627.170414,481.909376,62.574516,172.062103
624.055742,481.150396,60.271328,172.919174
626.388935,480.807829,58.835350,171.852051
621.707380,484.335897,58.593662,169.080185
616.829199,484.439695,60.580494,168.230286
611.788713,484.286261,62.745266,166.845474
607.315821,482.961355,62.316784,165.589035
607.974087,482.533773,63.810677,167.795853
601.474972,482.867453,64.458900,165.749527
595.827854,482.664251,65.523552,165.863083
590.547726,482.799215,64.913338,162.835526
585.024899,479.602201,65.310493,165.922729
583.924335,479.659582,67.447105,166.917831
578.108776,479.346457,68.859169,167.024979
571.206303,479.522505,70.422661,165.298248
565.514420,476.342703,68.633148,166.775223
557.557377,475.366949,71.411552,166.978622
559.218815,469.789885,70.775017,173.057800
552.180565,476.555555,66.913040,164.390228
543.732529,472.202436,68.678314,164.197601
536.576824,473.328329,67.023354,163.496658
529.773438,473.417356,67.296112,162.036743
529.462223,471.571486,69.122093,163.066559
521.081562,469.892683,65.506157,165.470917
513.944473,470.501577,72.340698,164.801041
506.040928,458.372938,72.992332,178.069916
498.992863,458.967001,71.498680,175.695633
498.994682,467.069571,69.104538,169.103287
491.111412,456.707174,71.372910,180.360733
481.466267,452.117811,75.894951,184.328766
473.716110,457.008825,79.015747,180.460678
466.418842,456.844961,78.712212,180.518875
464.925819,461.353743,77.963638,176.769623
458.617989,460.238264,81.359512,176.658722
450.092400,457.881338,77.919296,174.805069
445.975315,461.119474,76.412254,171.022888
440.785305,460.662207,79.834328,170.886520
440.097530,461.543402,78.606972,171.297104
436.858345,458.090635,78.954300,168.259277
433.279499,459.655928,77.311089,169.424164
430.081657,461.273848,77.505051,167.093842
425.958385,460.332563,79.160103,166.834686
425.923840,460.213125,78.993355,166.973038
422.403080,459.151365,79.760033,164.210571
418.341484,457.675039,81.424667,165.768387
414.009670,456.259611,84.678566,166.465698
410.737534,453.334539,85.942749,166.353256
410.253845,454.107061,85.967926,165.165390
408.508064,453.740034,87.357254,163.246429
405.419308,454.185469,89.374367,167.158722
403.316517,455.960508,93.068596,164.772339
401.240017,458.603682,97.343056,163.326935
401.820259,455.347998,96.865005,166.106796
399.678398,455.954390,98.668991,165.715302
400.018181,452.721914,99.641403,169.083389
400.557301,448.157103,102.237419,172.385986
400.234951,449.895926,105.510170,170.145340
400.443649,450.689978,106.192322,169.303940
402.324703,444.205938,106.540871,174.488693
404.379593,452.359800,107.327454,168.632263
409.132370,450.068670,107.263184,170.667770
415.010979,454.816931,110.616745,166.456467
414.920067,452.717566,111.248032,167.698288
421.874893,456.134390,111.018677,166.272476
431.140903,457.067663,108.957848,165.557785
440.160362,456.064268,107.006760,167.605408
449.367428,453.140440,106.651588,169.823914
451.771172,452.940580,105.191879,169.596741
461.517426,451.357710,101.992340,170.999725
471.753418,454.627935,98.150299,167.334641
482.541256,454.566870,94.107399,167.715561
491.567802,454.922644,91.015915,167.533676
493.805885,456.041822,90.259781,166.550873
499.588505,456.311895,87.014122,167.081833
507.057812,454.198912,86.275581,171.565735
522.549389,452.610159,84.044441,172.529312
530.242027,456.934195,80.769028,171.303360
531.803169,457.063643,77.960098,170.995636
535.998856,453.807379,83.880493,175.076096
540.883057,457.736486,85.432709,172.307297
546.563145,457.418623,88.425499,172.112762
552.757942,457.251341,90.045486,172.781006
552.348175,457.768484,87.700531,173.152969
559.756897,454.559271,92.065521,175.291367
566.664009,456.436361,92.575272,173.690018
575.481865,455.968153,91.876450,172.826691
583.288921,456.869123,93.145454,172.433136
582.164139,459.638105,95.477539,169.757355
591.926540,460.930311,92.775002,169.090057
599.097832,458.763357,93.016037,172.865738
607.755852,457.963339,93.142746,174.028641
616.795040,459.326307,90.473549,175.851105
615.273067,459.973204,94.185158,172.481628
623.169449,459.382627,94.014526,176.408630
631.659084,460.570623,92.850563,171.721603
639.156998,462.518293,92.828064,174.248016
646.935005,464.074675,90.925797,173.149902
649.551594,465.095427,89.072380,172.557434
656.110596,465.471945,88.392487,174.754532
665.199333,464.964994,84.595139,172.082703
671.506611,466.690153,87.453423,173.454834
678.128845,467.132116,87.498627,172.695786
678.828831,465.202337,87.881554,174.193771
683.360298,466.168814,88.840591,175.996719
687.833847,469.266333,89.176147,166.765549
691.749229,465.016653,91.959335,173.263870
693.333065,464.611013,98.489967,176.036697
694.530384,465.218985,95.505486,175.125259
698.513474,465.975264,101.012085,174.881195
704.098137,470.571363,101.512314,170.950653
712.205936,466.576712,107.168785,172.842056
719.765255,475.809324,104.201454,166.450806
719.942165,471.176580,106.499428,169.250839
728.230934,471.603125,109.133682,167.331711
736.907467,476.198172,107.264931,163.093826
744.548599,483.854856,117.727783,157.532349
765.055347,487.650610,116.049492,153.443893
765.005375,488.355680,117.345848,152.574158
775.217731,486.548758,119.155205,158.029373
786.362736,487.855444,115.792503,160.193222
797.406384,487.311705,111.088326,161.626343
809.740360,487.815817,108.639732,163.558304
809.121128,490.233923,108.445030,160.024460
821.206444,492.944067,105.377121,159.020981
834.329124,497.571135,94.478012,158.813599
844.516743,491.706755,84.822746,162.778809
852.448662,492.407148,84.242477,166.393402
853.112095,490.573568,85.275475,166.493118
862.954647,492.948729,81.952858,166.338867
872.745502,492.684713,76.139519,169.559097
880.612686,495.249701,74.187927,162.552963
886.090660,491.839636,72.549118,166.344833
887.909824,493.869261,68.217491,164.415466
891.327393,491.914976,66.968353,166.818542
896.397984,486.719900,65.633873,173.185928
898.428772,487.560530,68.364838,183.394928
901.031975,488.621946,71.383835,169.299316
903.142586,487.465559,69.689957,167.008087
905.952335,488.149794,68.498009,165.035065
907.217911,487.646376,69.224670,164.677094
906.486111,486.454893,70.750893,166.695618
909.597416,485.311888,72.196068,166.086365
909.692505,483.602224,73.359100,168.046707
912.249767,484.581717,71.762825,164.248856
915.038044,484.086058,69.807182,161.423767
919.217064,479.951803,70.255966,163.886124
920.472351,483.080854,72.422882,159.721710
919.729816,478.922186,71.306206,163.547348
923.885342,481.066916,73.056129,159.450089
926.294777,478.645536,71.977005,158.117432
925.187405,474.585104,74.460915,159.209610
921.544613,472.370985,77.524025,156.940948
923.547432,471.247023,76.315262,157.737396
922.866814,473.439604,74.968857,151.756775
922.698208,470.629278,74.215309,152.348740
920.647854,468.751364,73.699806,149.872635
920.408218,466.990133,73.595276,146.638199
919.766232,466.766600,73.770302,148.317322
916.505886,463.437521,74.504066,149.753250
910.377243,465.528898,74.386902,142.164185
905.261574,463.964582,74.904709,142.178864
899.056774,463.263212,76.394539,140.038757
901.135796,462.812567,74.960373,141.622238
893.390835,460.973135,77.227211,137.879349
887.305759,459.958288,75.628563,137.676010
878.560661,461.644873,75.656662,134.298050
878.137276,458.590475,77.843460,134.970413
868.476196,462.285730,77.297089,127.227058
858.282921,460.819769,77.400894,126.108597
842.103401,453.875647,79.257980,129.199661
822.901516,457.822298,78.544380,120.423393
822.943295,459.139238,77.604408,117.536827
803.668495,454.414923,80.515518,120.448074
787.953358,453.097471,78.728416,118.362885
770.123615,454.483660,78.284538,110.256279
749.352325,452.136942,78.969727,109.431404
750.337261,453.280939,77.625801,109.461983
728.345768,450.608572,77.225945,106.841141
706.827873,446.724192,77.181717,106.883522
686.800823,445.087591,74.579689,105.835892
666.749466,447.123960,72.523651,102.043335
665.559338,444.348482,73.374763,105.881737
645.750946,448.113794,71.274872,101.089638
625.115597,444.958941,67.614998,100.126762
602.054890,443.558455,65.444756,99.723358
579.123734,442.509027,60.410828,99.787086
579.306026,443.238337,61.664650,98.951881
556.697235,442.085985,56.993011,98.300133
536.348862,440.979136,54.219238,97.536995
517.111650,440.314123,51.782894,97.461655
496.769913,440.626329,51.069641,97.052055
496.549177,440.093153,51.135471,97.031982
479.410038,440.676329,49.952477,97.099854
462.272274,437.379904,51.741829,100.773056
446.595095,434.638178,49.882565,105.539680
430.746548,433.557978,48.774300,106.703285
431.288153,433.966730,48.295307,106.787666
416.439905,436.598352,47.566174,104.015938
403.076696,435.688692,46.127247,104.185051
389.371059,437.616755,45.713814,101.639412
365.030714,434.036280,50.133427,103.489204
364.579908,434.565462,49.994999,103.252800
352.721714,434.207045,50.544456,102.792358
342.586969,435.451380,52.087444,99.219276
331.295956,432.917040,54.577065,100.364494
322.025217,431.355078,56.932995,100.127335
321.839436,432.745928,55.887627,98.981377
313.228468,431.460001,58.607609,98.474770
305.398344,430.196333,58.485081,97.747223
298.655064,430.325159,60.256859,96.262093
290.775204,427.994066,60.863869,94.799950
290.328957,427.822458,61.728592,94.593941
282.537886,422.423967,62.182468,92.006065
279.309946,421.941347,61.171001,89.845299
274.112894,416.093603,60.608990,89.727982
269.235111,410.304544,59.249321,91.760170
270.012892,410.060335,59.224003,90.954460
265.373831,407.619707,61.538563,92.522789
261.878551,410.305605,61.958443,89.077354
258.800663,404.954405,63.066734,93.372162
257.449015,406.697332,62.384228,89.863388
257.408905,405.546904,62.242706,91.218628
256.318432,406.098970,62.259590,89.073357
255.098022,405.089216,62.474091,88.977722
254.145531,402.592970,62.152634,88.678009
254.662271,401.084898,62.713757,88.038666
254.121658,401.913294,62.690186,88.372322
254.320374,399.856379,63.974030,86.097267
255.245178,395.147005,64.493134,89.062492
256.210880,393.481604,63.938652,89.786758
258.633625,393.859987,66.363426,86.468315
259.265186,393.440054,62.857597,87.606827
262.280552,392.615370,66.768517,85.674500
266.740650,390.031874,68.036034,85.771515
271.893692,388.804415,66.907562,85.356651
278.225620,390.638361,66.848869,82.419868
277.041492,389.745317,68.140465,82.444237
283.768101,389.386477,66.294914,82.295341
290.193787,384.592676,66.653198,84.731880
296.539364,383.751539,65.266273,83.898712
303.804085,382.827703,63.934402,83.250900
304.206371,382.566782,64.321663,84.287849
309.796478,382.839254,63.090118,83.426773
322.753344,383.349073,61.481319,82.033020
330.543753,379.847391,59.113453,84.943336
336.423405,378.581160,58.879692,84.946503
336.793373,378.613317,57.957596,85.265213
342.688719,379.977674,57.710453,82.389679
349.321415,378.755674,55.408592,81.299713
355.476761,379.796930,55.289948,80.708015
360.789610,375.338209,53.514256,82.946899
360.264458,375.827658,53.144089,82.706436
367.087337,373.301504,54.538765,84.336594
372.490255,373.144175,54.468830,83.635963
377.844727,374.001265,53.060913,81.871307
384.026905,373.466536,53.373985,81.365387
383.269119,373.744261,51.546326,81.388672
389.242008,373.862070,52.838371,80.792732
394.985554,375.269979,52.571556,78.316238
399.892857,372.254438,52.383415,81.377502
405.316319,374.137358,51.868889,79.034912
406.011578,372.647333,50.556252,80.269569
411.241249,371.649107,50.971878,80.622589
418.181646,373.669043,49.442921,78.541611
424.124001,372.890421,48.252792,78.570503
429.693119,372.166346,47.795219,79.090431
429.871910,371.106558,47.026810,79.383438
435.219868,372.126005,47.888512,78.402924
440.830956,371.300222,46.002487,78.868210
446.249987,371.970251,45.807796,77.137375
451.944012,371.395666,43.516151,77.242020
452.198902,372.473650,44.666161,76.653679
457.059967,371.604666,44.185730,76.963791
462.240652,371.393049,43.572803,76.765472
466.724812,368.979261,41.101311,78.715363
472.246454,369.118128,41.095104,78.450142
472.550703,370.305880,41.427952,77.260216
476.926615,368.370188,39.632030,79.366188
482.114246,367.120760,42.146873,79.148491
485.989590,368.506506,40.152199,78.536148
491.012663,369.238581,38.716160,77.884377
491.396589,368.110888,39.828220,78.195824
496.943150,368.456758,37.906975,78.862389
501.265099,367.051722,37.248734,78.999306
511.536480,364.914652,34.603523,79.266670
516.412043,365.118593,34.641216,79.343040
517.237774,366.853220,34.906136,78.624336
521.306810,366.608721,33.800106,78.919762
526.110674,367.450785,32.824642,76.798256
529.557054,367.974901,31.723021,76.803886
532.684436,368.007299,31.831400,76.653549
533.592335,369.025469,32.225960,75.624489
538.054761,368.506487,30.754675,75.619225
541.537195,369.042006,31.340572,74.926117
543.253757,368.395380,32.842155,74.928764
545.585054,369.296156,34.200375,74.397644
545.954023,368.186674,34.565891,75.407211
547.754539,368.989855,35.860428,73.397697
550.407070,368.134562,36.150368,74.540260
553.396175,369.659048,36.962379,72.528671
555.653631,368.316748,37.304707,73.414474
555.441101,368.366140,38.338837,73.051468
558.197386,368.383482,37.545689,73.148651
561.718176,369.846964,36.250355,71.001381
564.163956,365.816397,35.992096,74.023071
566.823235,366.173063,37.161179,73.473801
567.800678,365.223234,36.899651,73.916122
569.572166,368.129469,38.071396,71.104446
572.041201,367.639048,37.876675,71.561150
574.212015,367.389357,39.629650,71.306137
575.990910,368.535463,43.163048,70.110878
575.479275,368.886049,41.267769,69.419167
578.344734,368.120577,44.611404,70.607826
581.522743,373.170431,45.419754,66.070160
585.156946,372.961172,44.901806,66.014618
588.701866,375.233154,51.491684,63.675518
588.572519,373.675283,52.795788,64.186554
593.058208,371.798719,49.577095,66.538528
596.940886,378.318220,52.116306,67.494797
603.195929,370.381666,53.259357,93.731369
600.742096,372.570910,57.145752,65.344551
612.813276,375.754608,50.645206,55.371105
624.371298,371.834393,45.491047,56.477467
617.424587,378.174231,53.015205,56.743652
625.170427,380.748175,48.842678,56.842957
532.584307,398.412527,35.199963,111.425720
538.667351,396.678602,47.238556,89.368301
519.231350,407.488539,48.162254,86.179825
655.865854,361.925219,32.792904,78.500084
660.252722,386.144487,41.023167,52.907494
661.194252,388.185163,65.992584,109.244965
481.779472,437.985155,68.504883,125.725304
426.617233,461.598585,84.653885,117.558044
396.514671,454.821184,81.848999,122.968987
401.321262,484.814329,57.536995,131.292328
370.494686,483.862700,62.994347,127.014099
368.034573,493.690962,61.344048,123.995850
333.848202,500.855112,64.441612,114.203651
288.093216,515.217474,69.563553,129.896225
256.404739,532.607054,73.377487,130.161407
204.336826,577.340628,84.991524,133.062119
199.832092,549.556318,100.878494,165.943359
144.082829,595.476088,95.282722,124.523912
65.613258,427.760184,155.713684,286.162354
0.000000,540.903380,209.070961,179.096620
277.470463,518.030777,256.706940,201.969223
669.273052,385.599846,10.000000,309.063080
747.323105,401.131593,35.757561,44.341957
745.270325,374.938677,36.869896,70.210320
747.009911,372.198221,38.415962,72.050941
748.732275,372.105730,37.985271,73.408928
749.224489,371.934110,37.344501,73.772766
750.697130,372.083528,37.532154,72.985588
750.747740,370.906572,36.746548,73.124565
751.770075,370.402387,34.817753,74.264343
748.338137,369.774774,36.585743,75.042213
750.004398,369.664644,35.072342,75.585014
749.755388,365.482164,35.011280,79.007729
750.175638,366.379678,34.543644,77.379143
749.644396,364.283762,34.558399,77.577370
749.276571,366.256468,33.849804,74.958862
748.370178,365.992616,34.374641,75.359993
748.589018,366.179979,33.202496,74.980553
748.069729,362.639154,33.152222,77.591072
748.192581,363.000097,31.305107,77.444122
746.706203,365.899645,32.767456,74.015923
746.469238,366.313371,32.127388,73.824501
745.727497,366.252603,32.340942,73.430931
744.391325,366.825739,34.094173,73.190514
745.071718,366.862753,33.431446,73.372498
742.274563,364.789716,34.664047,74.257706
741.285326,366.882875,35.781330,72.656013
742.388384,365.963522,33.951954,73.508820
740.965172,367.680166,34.448647,70.535538
741.200577,367.776827,32.725761,71.294792
738.953087,365.526251,33.684532,72.424835
741.271006,367.169538,31.663044,70.655258
737.169582,366.888967,34.179855,70.627747
738.026175,366.469358,31.631466,71.216629
736.425410,364.569731,31.616396,72.908401
735.370548,365.392843,31.208160,70.796982
735.865593,365.579244,30.916573,70.530640
734.276473,364.434129,31.364801,70.953484
734.207039,364.066534,30.027657,71.141556
734.126038,362.976125,29.827385,71.597031
734.128102,363.265810,28.743208,71.263145
733.757280,363.808599,29.183186,71.286942
732.408886,363.231222,29.535599,71.460480
732.533720,361.762136,29.025524,73.271210
730.479072,361.438604,30.393503,73.124969
730.731244,360.967207,30.274076,73.735458
731.191655,360.887262,30.208097,74.309074
729.236790,362.239858,30.980469,71.330978
728.210777,363.016668,31.227791,70.418045
728.938285,363.610586,30.131601,69.423172
726.768922,362.081903,29.945288,71.344780
727.438405,363.465219,29.877424,69.816017
726.313046,363.050680,29.644148,70.313766
725.683057,362.200052,29.364531,71.279030
725.217477,361.283403,28.617392,72.317131
724.160978,362.191213,28.120739,71.404648
724.792020,362.137056,27.955351,71.181206
724.009490,360.755262,27.967203,72.158051
724.193022,362.102972,27.402172,70.684479
724.251485,360.949285,27.673094,71.464859
723.893186,362.635313,26.899641,70.224869
724.274466,361.501592,26.888012,70.624359
722.894714,362.880018,27.619621,69.952286
721.383787,361.342466,29.307110,70.915039
719.331944,361.012438,31.990141,71.074303
719.434983,361.225610,31.554739,71.472252
720.451430,361.557241,30.906610,71.055069
721.327041,362.002939,29.737665,71.005302
725.432024,365.562650,25.011860,67.272156
728.111135,369.429613,23.698879,99.791359
706.526531,345.289781,48.407364,64.578804
704.965666,345.984113,51.650585,63.419205
713.131462,344.641254,36.557549,50.574863
719.336262,344.611242,28.945480,54.190384
725.933574,337.020359,29.112398,58.595600
725.526050,338.810398,29.422518,57.262760
736.179217,343.290092,26.971712,53.702602
746.103601,344.750849,52.076038,52.798225
745.875689,349.729780,52.416203,94.496765
905.814809,359.014318,24.588133,33.954208
909.066843,355.363355,28.009647,38.031982
913.540325,358.020548,25.697144,35.744530
915.700809,357.079958,27.060059,36.817299
919.161614,358.361126,27.366064,36.620121
919.970572,359.965816,30.597454,34.913715
919.907351,356.491678,30.075533,38.614876
925.089545,353.567480,27.884989,41.421051
926.928717,354.297184,28.916241,41.070164
929.699415,370.318438,26.988689,24.730337
934.664915,355.923151,27.705181,38.928612
933.659581,355.415962,29.776762,38.862041
938.599107,361.641161,29.168570,33.171410
946.963963,359.750784,25.273087,27.400711
936.572721,320.907509,36.635326,49.412884
944.370769,330.973333,28.654467,28.217102
943.375196,321.279859,28.489437,37.508057
884.856083,328.027538,82.607300,25.698093
895.267124,326.289914,84.542282,30.313158
944.733479,323.735073,42.619186,32.361607
893.944543,326.631291,20.075090,27.353899
893.318888,334.311971,15.019111,18.077072
897.853085,333.682992,15.829013,19.475733
902.341303,334.718484,15.431350,19.159487
906.985012,335.137480,15.540333,19.996954
911.880136,335.301137,16.014162,19.964228
911.930933,336.079957,15.585167,19.228716
916.990753,335.929283,15.313848,19.543133
926.047222,335.352607,15.700863,20.807430
931.499276,335.768660,16.610125,19.903265
936.212899,335.557442,16.861391,20.370356
936.214745,335.408159,16.793468,20.425804
941.812398,336.507252,15.781426,19.492762
946.755038,336.824811,15.459815,19.359072
951.969580,337.408182,14.698257,18.726898
957.450029,336.634797,15.642113,19.592104
957.988005,337.003838,15.782752,19.287867
963.116043,336.720462,16.393223,19.531027
968.655005,337.688251,16.989479,19.212719
973.832065,336.613387,16.312696,19.662039
979.450567,336.946091,16.367989,20.470156
978.929551,337.026406,16.941591,20.231287
984.708173,336.431882,16.474710,20.365587
990.958579,336.638345,16.697241,20.310335
996.801232,337.107483,17.389360,20.747654
1002.983331,337.698105,16.576265,20.669003
1002.568525,336.497801,50.546417,52.706779
1053.572193,346.530458,28.821064,43.373795
1056.996634,345.742256,23.515806,32.840031
1063.501684,349.592705,29.414764,41.034107
1068.251235,349.038488,30.127028,41.816429
1068.115222,348.777330,30.158361,41.934891
1063.148909,343.035635,39.283432,47.594215
1078.177425,353.123083,32.664371,38.975883
1077.033501,350.356632,36.078625,41.832211
1085.601973,346.282871,32.732773,45.995419
1088.292131,349.808250,30.604790,42.590168
1091.955375,352.409504,31.594938,39.964977
1069.807833,342.971073,59.491066,50.785107
1027.702120,324.364656,111.038109,71.986954
868.003763,353.347492,122.344566,63.148693
947.821228,324.158762,61.961102,51.988159
951.951826,314.252744,121.605850,78.201988
1125.561209,361.461622,35.919006,38.438469
1112.883265,347.752107,48.140923,47.900558
1105.529364,355.517551,61.163528,42.639217
1136.821638,365.657068,32.151825,30.239792
1145.230886,369.112919,29.137299,28.267361
1151.662539,370.969013,29.363852,27.982677
1166.078980,377.676476,30.595484,22.986834
1173.607138,372.796645,31.497360,28.417608
1174.044456,376.459193,30.630552,25.315626
1181.541234,381.491119,30.931841,21.999454
1189.017237,378.627459,32.143837,25.282148
1190.269342,358.271843,39.832802,47.804432
1240.611610,361.088625,39.388390,47.589645
1207.804611,375.527602,31.755699,31.657553
1217.571644,377.499443,32.302231,31.746174
1225.510946,371.777595,33.051800,38.987766
1237.386694,369.420408,33.472363,44.116905
1250.729280,384.878186,29.270720,29.781229
1249.485604,386.974009,30.514396,27.080290
1192.759192,352.868942,31.952478,32.868938
1268.452309,392.507210,11.547691,24.919567
1268.327338,363.264848,11.672662,38.796646
1220.663838,359.967967,31.667305,30.118490
1159.020340,416.766710,42.389832,27.837502
1125.644406,355.573438,54.375305,72.504745
1108.623009,341.745687,74.280617,146.356537
944.168011,241.463732,99.797897,123.470985
974.791172,182.699430,227.592163,224.984879
584.609999,349.017027,53.596233,85.404007
588.295561,357.755296,42.497753,76.194191
585.986326,356.719965,43.302074,76.253716
582.442946,358.885057,44.120159,74.336128
580.589794,355.323416,43.016342,77.878784
580.824633,359.288599,42.999912,74.959496
578.751562,357.600023,43.034420,77.181252
576.132662,357.523676,42.610050,77.338890
574.509741,360.046907,42.203609,74.999275
570.651337,359.878019,42.208076,75.793625
570.840512,357.320478,42.887253,78.903915
568.815537,363.245905,41.291359,74.227867
564.639631,358.290815,43.047619,78.966019
562.117598,362.484991,42.880962,74.531036
557.819246,360.529474,44.873081,77.609123
559.109047,360.529184,43.840965,77.866600
554.070013,360.015386,44.983547,77.662628
551.273176,358.816541,45.435467,78.487137
549.986872,361.365465,44.875629,77.278419
543.891976,360.767088,44.801964,79.745926
544.295061,362.241045,44.131321,79.231483
541.415810,363.593233,44.978569,78.611092
538.253964,365.429029,45.059708,78.658829
536.407992,364.616228,44.084873,79.497261
535.127632,365.663942,43.806908,79.501350
534.733458,366.299352,43.721722,78.971375
532.975449,364.294649,43.150093,81.074318
531.547079,363.986250,42.818295,81.477737
531.041578,366.174104,42.402111,80.784187
530.454397,367.391695,42.585629,80.829750
530.904190,367.375040,42.297279,80.430962
529.263832,368.372289,43.291893,80.161102
528.339321,368.484934,43.897629,81.402061
526.173847,366.718530,45.664093,83.275261
524.766823,368.597368,46.891289,83.135780
525.085903,368.996717,46.973343,82.493332
524.018593,368.426740,46.824547,85.075485
523.774916,365.637785,46.426342,88.788376
521.376190,366.872698,47.177406,88.442818
520.604721,365.196218,47.169991,90.403015
519.981835,367.485182,47.074211,88.439957
518.863218,367.800615,46.521679,88.579475
517.429579,368.080278,46.252148,88.974464
516.735430,370.678095,46.001682,89.031151
514.865004,372.807890,46.213360,88.823349
516.020985,373.219476,45.772186,88.424034
515.130232,374.170896,44.744091,88.483871
512.608395,375.111070,45.421982,88.577553
510.944102,377.157804,45.398731,88.544632
508.456368,378.589105,46.029594,87.844719
509.898842,377.266725,45.400627,88.651894
507.134192,378.934259,46.481411,88.447990
505.752819,380.471853,47.451096,88.677216
503.596853,381.734781,49.211544,89.864159
501.572468,381.594423,50.040070,91.291481
502.251984,381.882578,49.181679,90.987297
501.280222,380.802091,50.159260,93.272995
499.300219,380.266157,50.269901,94.652084
497.916832,380.536775,49.823357,95.012062
497.080185,381.122297,49.839790,94.669357
496.890879,382.240915,49.411701,94.253105
494.967211,382.227072,49.962864,95.724518
493.859106,384.604975,48.738796,95.599144
493.874386,385.272165,47.929733,96.755943
493.581845,385.206899,46.966385,97.615845
492.796776,383.602434,47.089348,98.540657
492.641327,386.687425,46.687996,96.420876
492.109612,385.608690,46.598747,98.401802
492.448630,388.509687,45.415859,96.822342
491.118172,387.517866,47.710106,99.243362
492.309748,387.041200,46.757313,99.780678
490.366955,389.493883,48.130722,99.319252
491.295084,389.961302,48.795460,101.315750
490.515671,390.102358,49.160957,100.741920
490.439669,391.173422,50.105045,101.511078
490.633579,391.087236,50.033447,101.614174
490.552544,392.169908,50.897362,101.752693
490.435671,392.081342,51.086735,103.222824
491.738993,392.535845,50.869038,103.886452
492.576866,394.449060,51.769066,103.793510
493.224213,392.711767,50.673927,105.504425
493.698488,395.015264,50.746922,104.517334
494.573147,394.745664,50.276779,105.275284
494.483132,395.442755,50.050377,105.636719
493.817110,394.573644,49.785282,107.538422
494.015783,394.646967,49.902859,107.421196
494.592512,395.082742,49.412121,108.046410
493.740153,394.707800,49.479450,109.628357
492.724787,395.955415,49.671192,110.074440
490.431130,397.197595,50.596092,109.828056
491.279909,396.470064,50.296177,109.509102
490.889990,397.353777,50.471004,110.617439
489.238239,397.351621,51.179962,110.715042
488.198445,397.020811,51.552643,111.794785
485.925690,396.790693,53.643929,112.298172
486.327301,397.616178,53.492256,112.414200
485.568472,397.453707,54.049099,113.055733
484.808857,398.313127,53.269958,112.914497
483.311510,397.770170,55.207432,113.243790
481.841185,398.177644,54.985394,115.224831
482.955757,397.437692,53.789421,115.466515
481.487972,397.347955,54.908768,115.485435
479.575653,395.925871,54.784431,117.992050
476.009564,394.413027,54.627121,120.617195
476.481615,395.929674,53.234043,120.555550
474.905350,395.341329,54.131783,121.009521
477.479429,397.020803,51.110058,121.598907
471.479187,397.947458,55.314552,123.128410
472.680723,399.273199,51.850597,122.242828
468.365820,398.179140,53.955379,124.939796
468.349621,400.435507,54.120285,122.982544
466.976021,400.060262,55.206657,123.367004
466.213869,399.071436,54.951298,125.061119
464.900515,401.230268,55.507114,124.419449
464.124890,403.087591,55.506393,126.128265
464.758463,402.601698,55.932148,125.428421
463.917366,401.685400,56.202232,128.935242
463.371817,402.007314,58.190334,131.710724
463.012247,403.173597,59.566944,131.561172
460.763773,406.415449,60.316456,129.302658
460.852556,405.297041,59.574955,129.918137
459.523501,405.424215,61.423954,132.151184
459.821583,405.429266,60.583160,133.187897
459.987877,405.510023,59.893700,135.481796
459.403513,404.905470,61.613331,137.068344
459.898253,406.109304,60.102520,136.737793
459.853825,407.102888,58.414520,136.471786
459.913784,406.372144,58.938766,138.656235
459.826391,408.838697,60.313259,139.109146
459.758564,410.660360,58.337311,136.940155
459.823502,407.950941,58.807442,138.491837
460.219301,412.874777,57.320713,136.916718
460.573204,410.996588,56.341301,139.032867
460.759821,415.028364,56.905201,137.973770
460.965656,414.834600,58.191162,140.364746
461.013548,413.599645,58.747540,141.783264
460.798691,415.235319,59.113716,141.287735
460.516642,413.546026,59.440723,144.127991
461.026388,415.927358,60.570217,142.641235
460.948099,415.719129,62.215961,143.363449
460.533560,415.810438,62.413784,144.382553
460.925251,413.495252,64.419281,149.536179
460.574253,412.657041,64.953369,151.274155
460.621559,414.657919,66.356468,149.861572
461.193489,414.822279,67.080406,150.972122
461.003941,416.268865,66.376038,150.428589
465.072849,414.541387,65.104248,152.923767
466.083439,420.099493,64.480042,148.372803
469.259184,425.518644,62.440228,146.426956
471.143194,425.523458,61.259823,146.993286
470.713066,422.174635,62.192558,149.525101
473.244137,424.740202,61.203537,149.789902
475.303749,424.052816,62.660057,153.138794
479.099829,427.905576,60.958767,151.279495
478.995392,425.606451,61.529549,152.923523
482.295073,429.451849,60.765697,151.866669
484.051045,428.557951,62.155273,155.986801
484.864264,430.327429,62.504055,152.996155
485.948578,431.829191,66.203987,154.472275
486.932388,431.540861,65.609474,154.127182
485.941582,428.970762,71.276207,157.428024
487.374710,429.700361,72.597816,159.078751
488.935711,427.962591,73.869797,165.137177
493.239704,429.277212,72.248138,166.095581
492.951546,429.337026,73.755852,167.325134
495.951355,429.925497,73.898018,164.010071
499.991757,430.492079,72.820328,164.251785
503.969933,433.293646,71.337303,161.994049
508.728378,438.202726,66.981422,157.738693
510.310295,440.894926,66.711082,154.610397
514.761917,439.805570,63.938454,156.807693
520.200146,439.095213,61.305435,157.728745
525.809485,437.286573,60.892727,163.622208
532.241949,438.169523,60.138332,163.211655
531.972246,436.529699,62.077946,165.285553
535.894934,437.007360,60.786526,165.085968
539.681395,433.932935,62.127056,168.654587
543.333784,435.772779,61.126049,168.420639
546.560265,437.193144,63.127129,165.365860
546.086704,437.905485,63.743530,166.529617
548.859333,439.092932,65.195343,164.239746
552.775692,441.431982,66.318314,164.683289
556.174690,440.736341,67.421135,165.485641
561.109307,442.123480,67.691673,164.562317
559.626114,440.090200,69.298012,167.610626
564.410259,440.643522,68.599228,166.788895
570.513008,438.738386,67.668755,169.129318
584.138596,440.717489,64.841713,169.791718
590.017636,443.171514,61.725845,168.009949
589.731358,444.163915,63.376160,168.000885
597.311770,445.922285,62.674137,165.725418
603.595015,442.552137,62.478680,170.805466
611.236965,445.835356,61.642715,169.414200
614.308027,446.257017,63.502544,169.836380
615.458315,445.178587,61.762333,172.162796
620.225018,446.112470,61.728134,170.482773
623.342039,447.612737,62.446178,170.057556
627.688233,447.169035,63.148567,172.229630
632.252506,449.283094,64.972229,172.276840
633.584351,447.579717,65.236824,172.664795
635.921124,453.012373,66.584213,168.609665
640.182316,450.529608,68.237183,171.656799
644.232685,450.898748,68.710968,170.647583
649.311688,450.887098,66.321518,172.225266
650.434540,448.848455,65.592903,174.241760
653.341896,450.918165,66.084038,173.143661
657.077618,453.700826,67.053207,170.958527
660.273590,455.355879,65.298592,170.085068
666.481714,453.574117,62.980793,174.193817
663.745327,449.432684,64.618790,177.681702
668.198773,451.364637,65.652634,177.461044
671.003956,449.178304,68.206207,180.404083
675.387200,451.955328,67.056664,177.908691
679.764446,452.293859,67.803574,178.768127
680.967404,451.925581,67.871048,178.760056
682.147328,451.225439,70.598541,179.713989
683.028450,453.723791,71.394279,177.989868
683.213005,452.947889,72.401024,178.975815
685.553475,454.393995,71.408134,181.804855
684.582745,455.493681,72.706223,179.574600
686.129181,459.342031,71.391121,176.324860
687.549408,458.894346,70.816170,178.541092
687.685093,459.651998,72.806763,179.594574
687.931160,456.878317,72.458733,181.580414
688.148293,456.082586,71.905937,181.292725
687.754059,459.536230,69.423409,177.794861
687.506283,457.859121,70.807693,181.641876
688.829945,452.236562,69.650848,186.591827
687.651440,457.039091,69.164352,186.286087
686.535202,455.099005,71.904396,187.266235
686.519592,455.414503,68.777473,191.684616
685.636227,454.863355,69.446182,191.636215
682.801861,457.673704,70.842941,190.560684
683.667877,457.779913,71.205635,192.219299
682.792835,457.479971,71.947235,192.583038
682.921299,454.455404,74.175049,195.516449
681.590065,457.208402,73.767204,194.875565
680.255074,458.924383,75.479057,190.441956
681.304623,464.181204,75.637589,187.735321
678.003830,461.286794,79.711586,191.583221
679.204449,464.809858,78.377975,190.574692
676.387051,462.850996,75.436478,190.513779
673.486286,463.367628,76.566559,192.957504
668.420159,464.119917,77.929771,199.948410
668.985325,461.999983,78.735718,196.432236
667.006382,464.910589,77.349121,192.616211
663.078053,465.113729,78.600006,191.137787
661.114086,462.749769,77.436935,194.191025
658.113995,466.629148,77.731186,190.714981
657.819206,463.743513,80.560387,194.047897
656.618023,465.703665,76.692612,192.966888
654.350071,461.196920,78.685608,196.566010
652.272885,466.560591,77.625198,190.663010
649.588047,467.922834,79.189514,190.774399
650.349117,466.701772,78.356766,191.464203
647.095596,466.381338,81.141823,191.304108
646.000088,467.231123,82.206253,193.755356
644.244602,467.616987,83.108521,195.418625
642.590969,468.518881,82.698196,201.483185
642.739487,467.198225,82.781593,201.055832
641.077904,470.931600,83.765770,196.498688
638.802887,473.315717,83.969429,193.036484
637.179234,471.230566,82.313354,196.333313
634.454495,470.151258,83.443130,198.044968
633.296887,468.457296,84.877853,198.738068
632.096794,471.205702,79.889732,197.810837
627.692867,471.224745,79.956802,201.697128
625.647625,471.357542,79.357590,204.449112
622.720055,473.375707,78.391197,201.914368
623.585243,470.167974,78.495537,206.854065
620.558125,471.649000,78.772797,204.627609
617.085461,475.203306,77.543869,202.875381
613.578140,472.930273,80.653481,204.202271
611.803383,470.594122,82.678520,207.954346
611.737759,470.958410,83.089249,206.960754
609.906017,472.248625,84.769028,207.261551
606.466572,473.154524,85.761627,207.267868
603.558697,472.842245,87.121262,208.861298
600.746357,472.130087,87.162750,209.077362
600.086201,472.251264,88.011932,209.255356
598.043141,473.980963,88.222565,207.002930
594.413273,476.618292,89.829773,203.313416
591.257012,476.291174,87.345055,203.605896
588.157219,475.303930,86.562584,205.201355
587.567932,476.100553,86.557991,204.084915
582.786999,476.208448,86.864426,204.355698
578.730633,477.304060,86.216232,204.560654
576.297630,474.409292,83.813194,208.441376
571.014771,476.505644,83.338448,205.946243
569.495297,474.597715,85.481949,208.690567
568.517445,471.940214,82.371796,211.924210
565.800896,473.812803,80.651268,212.490494
560.086750,475.515722,81.206635,208.228210
557.351776,473.362776,83.088814,212.817856
558.021324,473.544042,81.493614,211.744324
554.448490,473.874395,83.150574,211.275085
550.093414,471.133352,84.685677,213.680634
547.241070,471.337675,86.333176,214.803970
543.352291,470.673933,88.475113,214.929367
543.468785,469.564718,88.240784,216.428558
541.560742,472.517774,87.268112,212.114548
537.997246,467.489530,88.035667,216.863113
533.909805,472.695356,87.085243,210.504135
532.731896,474.051634,84.625145,209.585464
533.079292,471.968115,84.567070,210.853577
529.255043,473.733076,84.737785,209.195480
525.564877,473.041143,84.316238,210.520630
523.791893,473.922613,83.166222,208.343933
520.164036,473.543684,83.309631,206.823898
520.580944,472.618490,83.305099,209.413300
517.655377,471.615339,83.987228,209.641403
516.113632,473.593748,81.594765,208.997635
515.174195,471.180273,79.211189,210.426208
510.514328,474.134367,82.636879,208.658279
512.674015,470.595152,80.863770,210.801285
509.255417,472.322439,84.252785,210.576691
507.977482,471.729101,84.217468,208.946472
503.849186,469.861082,86.192261,210.500443
501.336361,473.431303,86.467422,204.113052
502.609337,473.238004,85.193260,202.960892
498.303364,469.115354,87.663239,205.488907
498.114636,468.776830,87.630600,205.923401
497.109268,465.538114,86.801857,206.001480
499.099686,464.973676,83.428078,206.058151
498.183880,464.952924,84.567734,206.474228
494.148560,460.223867,88.013252,208.944916
496.056191,461.097349,86.098137,208.906815
496.169155,460.648824,86.706924,207.529083
500.328442,458.801527,81.287033,207.323349
501.188542,458.559751,80.121277,207.765640
502.923966,457.403433,82.277260,206.191498
502.235954,452.300894,82.467430,210.796112
506.209469,453.206037,79.259720,207.905624
506.245743,454.604505,79.113319,208.034103
506.863297,451.479543,79.034218,209.794647
507.835694,455.461225,79.518501,204.566574
507.429039,448.644987,81.400536,211.089981
506.465275,453.909719,84.732605,205.848663
506.552941,453.408354,86.381676,207.078201
506.888687,453.420248,85.935402,207.955414
506.403088,449.106466,87.686813,210.633026
505.700504,453.697637,88.761353,201.928345
506.196312,449.290045,89.250084,204.337830
508.322956,448.354078,86.060150,202.118027
508.524265,448.762777,86.299194,202.030243
509.004635,444.330267,85.429947,203.641235
508.905312,442.754751,84.486320,203.567047
508.777756,443.053823,82.436440,202.284454
507.692009,441.536031,82.511986,202.876434
507.325081,442.481298,82.961845,202.338501
506.583870,442.044973,81.094475,200.498749
505.791031,439.191313,79.666847,202.169937
505.230164,436.289533,78.492500,200.671860
504.096741,434.889097,78.418709,196.424393
504.181618,434.446150,78.430229,199.590195
503.064255,431.989080,80.767982,198.543457
502.631554,431.400549,80.023399,197.384155
502.503796,430.384168,80.705673,193.716660
501.397179,430.478750,82.676842,193.474579
502.213528,430.852697,82.537918,193.004944
502.228905,427.420812,84.292564,193.550720
501.745545,425.631445,83.366158,193.708008
503.152481,427.568182,84.542152,190.737488
503.851631,427.400549,83.906975,188.337952
504.292969,427.353132,84.144905,187.720016
503.908718,423.356077,84.593277,190.801346
504.062302,421.413046,84.752235,191.798676
505.862110,419.330755,84.113617,199.707581
506.137551,419.812773,79.469414,194.653336
505.309475,416.468321,80.737137,197.361282
506.142452,416.808958,79.133743,194.375015
508.851116,415.388662,77.498337,197.026947
507.255375,414.122297,76.025269,191.640366
508.569653,415.281782,78.258835,189.199265
508.030258,416.725836,76.860390,186.942627
508.852246,417.942587,75.456772,183.500214
507.654900,409.758032,77.020226,190.042725
506.581471,414.669782,77.420563,183.819016
506.525406,412.629591,78.062111,183.684799
506.834057,412.425382,77.928635,183.597610
507.067722,407.057653,78.067505,187.388550
505.326405,404.783468,77.406586,188.654999
504.194515,404.329748,78.863541,189.593933
503.342304,407.669058,79.123627,184.326080
503.969513,406.774252,78.726875,184.584686
502.933582,405.231527,79.223480,184.746490
502.780045,406.996671,80.542274,182.633499
500.165772,406.331144,82.797981,184.962540
499.534462,408.542997,84.611992,182.459061
499.061127,407.303945,84.898811,182.864899
497.936165,409.343374,84.589714,181.650421
498.774147,409.901289,84.310356,187.488937
500.833302,411.133825,79.435577,186.111389
501.859177,414.167692,76.690834,184.284805
501.727863,414.306791,77.289032,184.018692
504.974243,418.684843,75.167000,181.423538
506.811833,422.730055,72.326111,177.805710
509.190590,424.596441,70.810173,172.326416
510.324269,427.863950,70.651825,173.880508
510.825310,425.952383,70.298729,174.265778
510.016972,426.692030,71.133484,179.043869
509.469505,427.834310,72.372398,174.413177
507.170101,428.511701,74.352982,174.395309
507.917076,428.432867,74.501183,173.985657
506.279446,430.246145,74.497147,172.014435
503.901100,426.965338,76.145134,174.381470
501.810139,427.694601,78.259491,172.370575
500.261639,427.756880,79.550644,172.112045
499.946442,426.529691,79.386055,173.634903
497.526905,430.671613,81.178314,169.423813
496.874005,430.094557,79.877914,168.239426
496.239128,429.419233,79.570885,172.569138
495.165653,430.539594,80.383911,171.416489
495.225018,429.876272,80.572983,172.198883
493.174542,431.115019,81.400253,176.413651
492.320988,430.280645,83.699524,174.261719
494.267742,427.954473,82.885361,176.643433
496.906296,426.057379,81.480324,175.918335
497.468491,424.156957,82.313271,177.632812
499.936730,423.017004,80.484764,177.898071
501.556347,419.428289,83.713120,179.675110
506.136120,417.825636,82.968307,178.664291
509.349404,414.990194,84.343620,176.777313
509.619347,418.262625,79.555626,173.758392
513.292118,414.855634,84.326477,174.583237
518.026074,413.901479,82.893356,173.601044
522.948528,415.172704,80.982162,171.444092
531.647850,412.127744,77.350426,172.404434
531.404206,412.535619,79.444832,170.480225
536.401695,406.774046,79.758690,174.861038
542.994587,406.179617,84.137970,169.833466
553.111954,406.177076,84.496254,168.174240
564.488499,406.958669,77.662598,163.440826
564.167393,405.389127,80.380676,163.901932
573.964577,403.742216,80.078606,165.419266
584.031433,402.295896,76.210579,166.458389
595.286030,401.722418,72.435516,164.760315
612.083718,398.282110,68.844963,163.596619
613.668606,400.519262,68.663589,160.537476
621.578091,398.451650,64.334061,162.917877
629.595072,396.378271,62.698841,163.522949
636.672016,397.204740,59.802094,161.773605
642.596895,396.777044,58.890690,164.302704
644.886656,398.529188,57.110241,161.683548
648.647452,397.205053,58.631924,163.560364
645.349770,388.992010,66.873070,168.668610
652.807610,392.343603,62.923454,166.724823
659.300345,393.247564,59.714291,165.837067
660.771759,392.821722,58.674446,165.552521
661.823380,392.174009,59.653847,165.534256
663.583208,394.723280,60.518070,164.177811
664.556292,393.679006,60.850864,164.814026
665.779288,395.470442,58.864162,164.242691
666.269518,396.018392,58.667698,163.767334
665.088551,398.331068,59.962311,162.933640
664.980160,398.050741,60.549149,161.563965
664.654051,397.124471,60.293896,162.846619
664.956616,400.139623,60.435776,161.835358
664.835257,401.973867,60.699490,160.373230
665.322058,404.174284,60.093197,160.893478
665.628958,410.143148,59.430782,159.073700
664.939213,410.014868,60.085327,162.146057
665.424534,410.651022,59.603943,161.063049
666.037312,411.166258,58.832977,160.975693
664.959437,413.333532,58.792164,157.916962
664.907124,417.995832,59.021515,154.976486
663.615112,416.762403,60.299263,157.652542
662.334463,421.957281,62.429501,152.821472
663.438072,422.050367,61.368492,151.626572
661.396740,420.707990,61.689957,155.317123
659.900078,420.723852,62.207237,158.562347
657.900034,420.279531,62.156635,159.415222
656.749439,422.280462,61.858673,157.305786
656.195931,421.794363,62.181633,158.258270
654.971747,427.819128,61.440884,153.925507
653.875273,430.996488,61.270367,153.505875
651.822436,429.973661,62.841282,159.092300
650.400517,435.461279,60.710083,153.685516
649.647513,438.870275,62.165493,151.323364
648.357674,437.293379,63.112022,154.540909
644.026812,442.702207,61.178196,151.711197
642.448347,443.475988,60.323315,150.238708
641.400580,443.374204,58.338955,150.077103
641.132088,445.021772,59.639061,148.927475
640.608103,448.584425,57.378590,143.605453
640.719153,448.420896,56.240993,144.283493
640.641438,447.640569,55.286346,146.052826
640.007366,449.503080,53.964127,143.331802
639.978794,450.162840,54.170197,143.721146
638.970207,448.770498,53.202385,144.792084
636.927983,449.414709,54.337341,144.776123
635.233463,450.788641,54.692688,141.548981
632.597080,449.489836,55.041687,140.385391
633.030230,449.532369,55.215183,140.901001
630.837052,449.641432,55.782753,139.541031
629.873137,450.360044,56.956005,140.211349
628.835053,449.270979,57.862953,140.463882
627.424027,447.983846,57.544777,142.655365
627.383656,447.415174,57.299774,143.403061
626.124027,450.119756,56.433502,140.529022
625.002455,446.462583,57.486492,145.096390
624.251812,447.247129,55.639053,142.652634
623.477637,441.834989,54.318844,146.064651
623.147831,442.881231,54.106110,144.717010
621.810402,442.042745,53.745872,144.273773
621.848238,443.501989,52.234653,140.405609
621.923765,442.195554,52.378674,143.649582
621.746090,443.744924,51.722458,143.140808
621.747217,444.077963,52.151112,141.716522
622.369608,441.926527,51.895679,141.071609
622.606861,439.313070,53.060577,146.523773
621.309975,442.723135,52.297600,145.099213
620.011633,440.228941,54.556973,142.934952
618.726353,438.098081,55.760529,144.321548
617.025824,436.948271,58.605190,145.287827
615.262919,437.029806,61.744465,145.203186
614.519499,437.318060,62.797100,142.134735
611.404381,439.399679,67.883171,141.516266
612.061642,438.279409,65.603775,142.261871
606.723408,437.652502,73.357971,142.937256
603.934620,440.732290,74.149902,136.335114
595.045590,437.263571,75.834030,138.773499
589.248318,438.888296,79.845230,136.512024
588.688721,439.707601,79.807442,135.692078
584.444122,433.672521,81.204659,140.494476
574.522556,442.916967,84.860352,131.404205
567.219170,444.274870,88.673790,126.628281
557.984562,445.466211,90.774292,124.076958
558.020737,446.680395,91.396217,123.298676
549.494606,445.866979,92.835014,122.785553
538.932053,441.474432,95.295387,127.833344
527.877197,446.183740,96.734138,122.164360
517.033459,442.623369,98.436447,123.234444
515.250527,447.613195,99.360283,117.171478
505.406086,446.847307,98.729401,118.451424
493.856026,447.065496,99.698174,116.745758
481.238175,449.684160,99.699135,114.656258
467.130566,448.937471,101.557175,113.758827
466.399830,453.661772,103.936859,109.245773
454.713265,446.757078,102.331139,116.232101
440.676209,448.869749,104.188148,112.439743
425.878430,450.377611,105.964188,109.923592
410.553581,445.503702,107.220909,114.732994
409.837170,444.642629,108.408066,115.452087
397.086170,443.394186,106.463165,115.466919
381.686386,438.767030,107.004189,118.329201
366.728913,436.520384,105.285591,121.185898
350.423920,425.268720,105.151070,131.744949
349.764015,429.360376,107.233696,127.905632
333.177933,419.244764,105.335121,136.238968
319.620941,420.571935,101.832344,134.126984
305.135712,424.353346,97.274544,129.621719
288.985356,420.750547,94.723633,133.926071
289.420662,420.395986,95.900749,134.829102
273.171292,417.567686,92.693558,138.018906
258.026550,412.225919,89.275520,144.650558
239.235489,414.540075,91.046303,144.029877
198.165627,417.006277,113.533928,142.935669
193.958756,417.075102,118.913246,142.132736
162.129360,420.415472,130.980057,139.108185
168.164154,406.842046,110.634163,150.652679
181.603665,413.506841,79.146744,140.066498
151.888004,398.384458,87.842438,148.351303
146.990090,393.017271,94.192955,154.149277
142.344261,378.220068,89.921440,164.313263
143.409138,379.789091,78.656128,157.294235
137.350552,379.021665,78.462387,151.810287
130.936127,384.660383,76.537819,143.683365
133.039875,383.029318,73.123901,144.873108
125.987774,380.549391,76.118179,143.886765
122.929501,376.533682,74.414291,146.919952
121.103977,374.317961,71.386993,145.567825
117.595593,367.355909,70.380356,149.071457
116.602349,365.624769,74.038170,151.545273
113.154106,360.460661,73.852867,151.280228
112.189358,352.831144,73.176041,155.735123
112.063191,349.089422,71.316864,157.667847
113.891628,348.662039,69.687943,153.699066
113.344105,348.045576,69.987091,152.582565
112.518192,345.810247,70.650879,154.758057
113.070759,341.117140,70.617828,159.063034
113.311905,339.105604,70.619179,160.771286
115.374615,341.435888,69.616318,156.670227
114.938629,341.000845,70.383736,157.949493
115.821972,343.634367,69.996140,153.759537
117.780468,342.167303,66.909592,154.443420
118.123783,341.063802,66.841217,155.616394
120.390076,341.816282,65.047646,154.046219
121.632809,342.108801,65.168991,154.044098
124.742611,341.636801,65.101974,153.945190
128.831230,341.826116,64.964317,154.046570
133.481266,340.935888,65.797028,156.173401
139.139996,340.154646,65.964005,156.402664
138.779354,338.555677,67.356522,158.605362
146.232979,341.344427,67.105461,155.498138
154.082485,341.387647,68.499466,153.636002
161.779499,346.133016,69.151947,148.408447
170.593136,345.455709,72.639725,147.918854
173.111038,344.722166,69.935158,147.899673
180.052269,344.389547,72.949913,149.495728
189.826847,343.505697,73.242798,149.470642
198.984505,340.346380,72.197746,154.687225
207.737747,341.542684,74.596596,153.725647
209.302166,341.480772,74.290878,154.652512
217.988342,341.206968,73.565987,155.606125
239.606457,343.407827,69.491257,155.686035
251.760346,346.006170,63.564644,150.519318
258.379868,337.386633,62.553932,158.959137
259.703936,341.214636,63.888371,156.779694
267.200512,337.748480,64.228897,161.734253
279.434572,349.736128,59.399265,153.402206
287.673041,351.251875,57.936764,154.712631
295.589750,352.315534,58.036083,153.670364
294.913609,351.171530,60.285400,154.322357
304.306700,356.638220,57.591961,151.354645
313.295143,358.328710,55.765434,151.745911
321.889851,360.683500,56.155029,151.701767
329.297354,358.957556,57.275295,152.057190
329.237400,360.902960,57.038635,150.875061
333.815911,359.360769,61.371178,152.915283
340.888643,359.344351,63.953739,151.502625
348.772703,358.374296,63.615429,154.560287
355.433636,360.858732,66.009933,155.132339
356.636120,360.159155,66.005234,154.304047
362.631424,361.816183,67.219215,155.044525
369.701565,364.777120,69.480667,155.112152
379.843224,366.516119,73.394859,155.471741
389.951428,363.115080,72.201523,161.286331
390.489311,361.461965,73.308067,163.064423
402.477406,365.986639,68.057159,162.398560
414.339283,367.259817,65.924103,163.685699
425.319451,367.999693,65.344994,163.545609
435.959337,369.321165,62.288425,165.394180
434.232746,370.682707,64.573151,162.128769
445.549467,370.236501,59.390636,166.837891
454.052237,373.623113,59.927212,166.533417
461.186508,378.255018,60.403358,157.270370
475.367928,377.866857,55.336967,160.027222
471.113272,371.811727,59.603603,170.963745
484.050913,376.761503,55.181507,162.471451
493.417429,380.510328,53.142902,167.037308
500.424229,378.938879,55.316956,179.069916
509.341429,380.774694,53.619152,182.167053
506.342419,381.267698,58.573715,178.766129
514.391306,379.274420,56.075306,180.257080
520.401774,382.043234,56.095814,180.628357
532.416695,387.317648,57.394768,172.324921
538.113690,390.087034,56.410416,171.832840
536.075009,387.724836,60.071243,172.373764
541.203083,389.441664,57.391144,178.326401
545.716620,390.816473,57.926998,174.947266
550.894961,393.637281,58.231571,179.223312
549.945704,390.887480,59.164661,179.209763
555.949736,394.196241,58.082989,182.618423
558.931732,395.283193,60.384315,182.153503
559.503468,397.827726,62.752319,181.802902
561.468355,395.783903,62.636509,178.089279
562.157509,397.519361,61.214317,176.510818
562.697371,395.539755,63.486401,179.636108
565.927303,399.394972,64.401779,174.807022
566.966473,400.353445,67.660172,177.780884
568.994763,400.299955,70.018265,180.109787
569.289761,399.035902,69.103561,181.454971
570.891129,399.857092,71.089729,183.471954
572.948490,398.367086,71.689484,186.136353
572.060223,400.452245,74.318619,185.862579
572.624394,399.800207,74.296967,186.223724
572.887364,400.028608,74.323883,185.902847
570.930496,401.202101,75.568977,184.481400
570.902889,403.561399,74.148300,183.324265
571.858769,404.811117,72.460846,182.638550
571.147415,405.564733,71.845711,183.510651
571.370087,406.002729,70.865089,182.452774
570.161663,406.103437,71.288406,184.983109
568.222565,407.731443,73.115456,183.046432
567.300907,408.707388,71.115082,181.678162
563.593682,410.843130,72.644157,180.483765
562.486168,410.173017,74.474663,180.814041
562.697739,410.070020,72.280586,182.916214
558.534825,413.037969,72.985016,181.146149
555.232842,408.618147,72.823601,187.236343
551.185429,409.738195,73.423126,188.284332
551.414780,409.706228,73.452827,187.829529
543.418789,410.790273,77.464096,186.007629
536.482147,411.103346,79.983681,187.933182
532.710148,412.233785,81.343964,188.754333
529.415611,412.385389,80.599480,191.475418
528.783791,413.298162,81.155663,191.455292
521.771584,412.006117,83.817101,192.589249
508.715866,419.988798,89.080208,188.669724
505.004769,421.022993,87.098961,189.973953
501.040390,422.123808,86.448738,188.894699
503.155255,420.983137,84.715408,189.700150
495.382004,424.958448,89.086433,189.400040
492.799458,423.968672,86.179199,189.753860
488.645481,425.554853,87.704987,191.346817
486.194359,429.467359,85.776054,188.663712
486.726208,429.788343,81.613846,188.891678
484.680069,429.325239,77.032417,190.037491
481.144112,431.853666,77.501122,187.124741
478.851628,427.544012,77.188812,192.221649
479.096005,423.889745,76.010239,196.446198
478.026566,424.376325,75.133186,196.844070
475.256268,420.953176,76.007156,202.547180
472.708260,418.933141,75.262291,201.284760
469.811947,415.699484,76.965927,205.230042
468.152928,417.137724,75.687714,205.276535
469.619103,418.814611,74.609367,203.346466
466.616104,420.493543,72.781441,201.793839
464.498738,420.023870,72.699036,202.689789
462.239243,420.086317,75.497566,203.629410
460.288395,417.424581,75.323639,204.364868
460.811413,419.305998,75.528519,203.435287
458.683319,421.470167,73.472878,199.597733
458.178883,423.530485,71.358154,197.505051
456.623905,420.931738,71.585052,200.863800
454.567959,421.609129,72.922714,200.093430
454.294407,422.047376,72.932648,197.824966
453.075520,421.554624,73.113586,197.814865
451.864018,422.890898,70.785553,196.072128
451.399422,420.655523,70.003441,199.958160
451.082833,421.190794,69.065392,199.163010
451.100155,422.058515,68.787582,198.431168
448.961685,424.310804,67.358772,196.001846
447.833740,425.775800,68.796852,197.527054
446.681503,425.666799,68.845833,190.945496
446.205963,423.753217,68.809853,194.100418
445.586479,423.812292,68.878838,193.838531
446.419338,426.294142,65.805710,190.154190
446.537274,427.482336,65.711258,187.869354
445.846207,424.335798,65.045479,193.954361
445.385563,426.905409,67.359528,190.008682
445.135273,425.650839,66.514465,190.668335
445.172989,425.968038,68.326118,191.723267
444.229794,426.062391,68.211960,193.779312
444.130364,428.842863,68.967461,187.849350
445.515759,424.837751,67.773514,188.225418
444.795101,423.971258,69.110886,191.757782
444.610287,421.536299,69.100143,192.568497
444.646176,420.501890,68.725693,192.975815
445.959912,421.364973,67.925186,192.989334
446.948788,421.979391,67.126389,192.352051
446.544003,421.562574,67.444016,191.674515
445.233723,420.041647,69.810486,196.786804
445.929264,419.928205,68.882355,192.722855
448.222622,422.093527,68.369492,190.335693
448.256485,421.107626,69.261116,187.645874
449.432884,422.924719,68.836418,187.601044
450.669953,422.932997,69.071632,189.030899
454.394776,422.075224,65.584633,187.399338
456.387142,423.379316,66.032455,183.065384
462.096319,424.246382,61.437588,179.023331
461.349974,425.349256,62.677715,179.203079
465.191754,422.653913,60.314468,180.130081
468.282969,422.961233,59.034382,178.956726
469.680779,425.100752,59.769218,175.559036
471.236386,422.763418,61.753769,176.565796
470.018297,422.830030,62.200565,175.258377
471.427044,423.230299,62.046585,174.891800
473.166144,421.086942,63.641872,181.113266
476.165587,415.675321,63.921734,185.635849
477.830137,418.768469,63.557842,181.032684
477.321533,417.720541,65.885841,181.457764
479.934487,418.255621,64.569847,178.162811
481.939598,415.851904,65.835075,176.483307
484.686558,415.285070,67.137421,177.131744
484.702088,415.477499,69.553444,176.778442
485.089504,416.156301,69.415939,176.898376
488.759705,416.090544,69.551186,174.919662
492.431675,415.348272,65.456085,174.356598
496.742006,417.460539,63.534031,171.175034
504.091015,414.662023,61.988846,174.699127
503.297035,413.429685,64.421532,175.397018
507.685187,415.278959,62.354458,170.958603
511.431498,414.375303,62.438313,171.567001
514.284023,412.381941,61.041245,168.910294
518.448452,412.714353,59.451767,169.083694
519.360003,414.960615,57.706913,165.949570
522.032177,414.149084,57.594833,168.077698
524.472292,414.267645,57.619816,168.653900
527.488003,414.710088,57.376785,168.313934
530.662041,413.685529,56.591881,168.911392
531.153708,413.938268,57.053738,168.759521
532.781738,414.982824,57.898109,165.098083
534.596871,412.519155,58.486168,166.227570
535.749691,411.587553,59.048264,166.184372
538.348887,414.130117,59.274281,160.677094
537.721140,413.679815,59.095600,161.906158
539.644018,412.427709,60.312099,160.335083
542.213511,408.370451,59.400928,164.776871
544.964207,410.848699,57.824707,164.857758
547.817013,411.280142,58.701370,163.206482
548.153635,410.670942,57.701893,162.727371
550.575136,408.134977,56.570896,166.133896
553.727095,408.658956,56.648022,166.802490
556.424885,410.405103,55.338593,164.295181
559.032456,407.439634,53.480263,167.621170
558.870821,408.976301,53.752323,165.654221
562.291466,410.118597,53.005913,163.769165
564.958199,411.158407,53.863304,161.247955
567.577242,410.736700,54.234165,162.984009
570.677656,411.162779,53.895397,162.389481
569.206261,411.254087,55.546745,162.494339
572.903151,413.000417,54.055889,161.560089
573.970743,413.083723,54.440601,162.941696
576.362446,413.313963,52.494965,162.481430
577.950360,414.083044,52.967300,161.567352
577.722410,414.856039,54.033642,161.764832
579.274897,410.632658,53.415516,165.730942
582.417978,413.869627,52.673389,162.960434
583.031670,413.721433,51.932732,163.645218
583.550183,416.478544,54.781174,160.087387
583.021984,414.350805,55.467728,161.586365
583.915110,415.355207,54.816090,162.401352
586.199392,415.085905,56.883907,160.135544
585.423117,415.993841,57.708675,160.821960
585.463215,418.342779,58.617645,156.840576
585.260397,418.202017,58.735897,157.058838
585.337105,420.051222,60.568382,154.558060
585.496729,421.978552,59.232105,155.443451
585.244499,423.479955,60.105431,150.996307
586.195002,423.711607,61.335255,153.060684
586.955969,422.242552,60.082150,152.242142
586.839503,422.237837,61.222675,153.060379
587.785999,421.763914,60.543549,153.747635
585.646774,418.470747,67.428902,163.721451
589.132591,414.776228,69.870415,163.036758
590.110260,418.216726,66.654213,159.939087
591.662071,419.724592,71.395927,155.893265
594.299401,426.027326,75.836540,149.021683
597.002850,422.838896,78.726395,151.263657
599.059788,426.882055,87.012604,147.304962
599.182682,425.778463,83.855499,149.262817
603.706310,430.866178,92.717056,144.545639
611.691685,431.198980,91.684845,143.025482
619.343804,431.286718,97.684258,147.132843
631.717198,426.760999,96.174530,148.548660
631.628765,427.205084,94.261124,148.504120
641.772175,432.553838,97.156067,145.431732
656.773163,425.834142,100.628212,150.883209
672.026516,432.536993,94.147690,143.287445
688.001290,430.512380,100.706627,146.009766
689.025288,433.609922,94.792114,143.737411
705.118679,433.787969,98.537949,145.904938
722.874737,435.777624,97.124344,144.873444
741.499813,440.078054,106.042709,141.810547
761.462898,441.779958,107.176353,142.644653
762.388516,436.808401,105.363449,145.546631
782.639729,443.989614,101.228638,142.398621
806.206879,438.457685,99.080727,151.426346
829.816601,435.959844,89.514297,157.566986
850.129906,422.787954,78.220390,173.908752
852.005409,427.321615,78.269127,168.226685
876.909111,439.149320,70.648552,147.907700
899.537060,440.094068,67.663101,139.155319
943.711498,441.407560,60.549454,157.062546
958.873228,442.269056,63.732159,169.854599
958.389992,446.514723,64.441734,166.327316
973.572651,445.937269,66.613953,176.533432
981.550812,443.236097,74.736000,185.962143
1000.490742,446.283437,69.180542,177.671295
1002.994694,442.644079,83.099457,182.191223
1004.048718,447.367933,81.931961,179.693161
1010.596089,450.545957,89.201111,177.484818
1023.146279,446.689176,94.621178,176.785172
1026.742901,439.158064,104.958328,183.515305
1033.026142,432.628721,110.355530,189.684280
1036.960053,433.127851,106.057411,190.444321
1043.399040,442.302465,109.870537,176.474121
1049.802868,445.025907,110.005692,175.335220
1049.259556,439.370786,118.223724,180.632095
1050.714848,455.276411,122.937408,166.465012
1048.538471,456.285360,125.762024,164.607697
1041.585659,452.911947,138.797653,167.049164
1024.475369,451.237219,167.018661,170.961426
1044.081127,445.936155,160.520157,170.859879
1052.419430,446.152433,167.821762,173.903458
1049.506397,448.454748,169.817871,170.046448
1055.836186,438.833341,157.856049,173.685745
1049.496182,434.314451,145.837570,162.751297
1042.452488,422.806997,153.516144,190.369965
1022.748928,413.455900,135.421555,157.443130
1036.690140,417.300146,122.217293,140.686279
868.318348,378.294935,316.573181,209.446030
710.483082,357.050482,320.925171,320.120850
487.236042,313.326086,778.004944,404.998962
686.461170,405.233236,212.276855,300.846039
626.767399,305.362623,166.262299,147.432480
635.956700,332.665716,208.616425,283.740356
382.810719,279.401586,463.156067,436.737000
711.942700,390.206884,253.883316,328.680115
121.613331,212.555975,701.005127,465.820557
687.919010,413.876409,326.171356,306.123591
618.646046,543.365832,601.251221,176.634168
290.290974,352.002206,797.997375,367.997794
708.716984,407.653203,493.674164,312.346797
739.277828,412.063792,230.253891,200.764145
753.651043,425.219813,167.965591,166.665115
758.780522,438.540041,168.507294,145.416260
763.721478,450.926516,166.897415,159.164734
764.039364,464.931208,180.364365,139.567886
769.854077,479.732172,185.321121,115.697220
774.941746,484.726652,178.850067,111.254402
768.042973,503.994273,163.655914,162.580246
780.320866,514.323042,185.076752,121.811806
807.048878,518.388506,188.659790,143.095428
789.217014,524.314967,200.644867,144.171585
996.166454,400.945841,124.001480,119.283127
989.823925,422.755453,96.514603,84.552391
999.022328,440.435141,110.268921,94.009941
998.060051,431.618723,116.027946,123.881363
994.244896,420.320719,121.770195,135.789200
989.617623,422.369669,119.941368,153.311661
1000.067734,423.074129,110.010445,168.030121
995.608738,426.704638,112.981415,168.763672
994.827374,435.884096,111.975479,157.759979
994.411415,431.514605,112.689354,162.152161
991.088970,429.176722,112.323807,162.809677
988.982002,430.235400,110.373924,161.648132
986.833245,432.529742,108.143242,157.659058
984.807366,430.940096,104.285881,156.675812
984.466473,430.935343,104.185867,157.796097
979.947312,431.594622,104.148567,154.447571
967.919628,430.179537,111.808609,154.852386
961.263882,428.634806,112.785690,153.535965
953.245125,429.721491,115.271996,151.624985
955.083130,427.823580,113.407875,152.398773
952.657040,423.845583,107.974594,155.639435
945.709267,420.665598,106.650780,157.091629
931.009976,426.059527,110.677536,149.217102
915.873017,420.765131,116.713905,152.855698
921.228855,423.640017,112.043427,150.519257
908.990853,416.698931,110.976341,155.889343
898.136536,418.822955,111.272072,152.295776
892.719742,420.267649,110.639900,150.007645
881.566803,414.907626,111.104103,152.116119
880.670902,418.180071,112.643219,150.429626
866.837094,408.544405,106.359604,155.945648
857.868389,409.200152,94.355728,151.863525
848.133827,421.772555,63.310936,132.243561
833.203617,412.337336,64.837952,138.114883
838.160145,405.896067,58.810455,147.647141
816.189503,415.149523,69.014221,135.384918
809.623242,407.149355,61.222244,140.558075
798.875443,401.541293,58.672096,151.569305
785.173233,397.387278,61.577705,154.895493
781.844250,396.436911,64.526077,110.537987
775.411377,394.544905,68.964363,102.923927
766.298630,396.487810,70.551064,105.699921
744.063717,381.395213,67.051102,116.521652
730.305994,379.625361,60.459187,110.088181
733.470289,384.378096,55.635540,106.083748
722.119026,385.904181,58.175926,106.546410
716.821831,395.972182,56.328392,96.196785
714.839840,410.529536,48.311966,78.945816
710.171349,412.308417,42.480705,69.025475
712.217903,415.488703,39.472282,65.317276
701.269131,406.616045,39.440414,84.652710
690.085009,414.096873,41.308231,81.198624
673.448815,408.543463,45.461845,91.676567
661.296702,401.094836,47.482746,106.671509
656.968905,400.680457,52.082615,111.980949
656.565520,398.084578,43.645641,118.322823
647.399658,398.759379,45.045326,129.624344
637.224779,399.599779,47.276432,133.199951
628.157101,397.340136,49.950974,138.772980
622.473564,398.329409,54.877617,135.223633
619.744894,396.519846,51.706539,148.636398
608.008045,396.984652,52.816650,132.181702
598.429312,395.892672,58.119686,132.053894
586.927180,396.682299,60.433155,132.404327
589.013273,395.615595,57.626781,132.159622
580.298826,397.751505,59.046398,129.664413
571.487087,398.743502,58.834518,128.089020
562.287064,396.678942,58.939186,133.131714
556.367724,400.040163,56.339542,132.064728
558.065952,402.871882,52.035553,129.391434
551.538014,407.847670,51.572815,124.589424
544.205496,408.389120,50.923092,125.892784
540.074246,407.978285,46.290878,127.224403
517.903837,408.142607,51.510204,127.403542
517.101216,407.167826,51.761841,128.543442
508.640404,410.516688,54.363091,125.725082
501.860317,411.793307,52.099014,125.433594
498.498026,406.698672,50.856831,130.733154
494.088017,406.527102,49.726807,131.475708
492.626927,405.502566,51.155487,130.902191
492.641331,405.114115,44.664368,133.223343
488.502337,407.751994,39.468296,129.849564
483.636578,409.163752,40.478958,128.591019
479.740303,411.141962,40.903648,130.252914
476.498009,410.808825,43.226067,128.887360
471.603729,410.262575,45.391975,129.850983
467.334622,412.617747,47.635849,124.615005
465.412769,412.808695,47.199951,127.856918
464.178238,412.012232,47.575600,134.781326
467.852482,415.116312,46.216797,131.557510
466.230145,414.503474,44.652451,130.631271
465.368378,414.241671,42.879036,133.460785
466.938881,416.622885,45.459709,125.770287
468.813561,416.650172,47.333519,126.612106
468.542557,414.953181,47.767616,128.274216
470.773527,414.943117,48.475567,127.123749
474.043444,413.773669,46.673954,130.504822
477.807509,413.385477,45.785351,131.258286
480.747433,412.333063,48.525772,128.549850
480.859514,411.733004,44.874729,129.959564
486.167845,410.591936,47.521709,128.449524
488.369461,409.923327,48.943245,126.243591
492.797596,405.892130,47.830475,129.628555
497.586302,405.821509,46.806225,127.653740
497.846125,407.234797,44.680683,127.581223
503.268885,404.857783,45.379475,128.107559
507.235596,404.982191,45.659981,127.001625
509.955471,404.740664,46.081497,126.673462
514.281408,404.783694,45.956356,129.196625
513.757578,406.297411,43.867634,127.401337
516.882704,403.142649,45.790630,129.592148
519.858629,403.896006,46.671268,131.570328
522.759934,405.755308,45.932472,127.610909
525.770550,405.244074,46.659653,126.926224
525.816273,405.653685,43.909241,126.769905
526.174206,404.231043,48.056320,131.383652
530.163899,405.734522,48.165619,129.260330
530.196427,405.810957,48.222237,125.205727
529.257610,404.741545,49.840927,127.249367
529.667780,405.147253,49.589130,127.261467
528.890560,399.425257,49.676102,132.913773
528.936669,399.492182,50.238548,132.213394
528.321049,398.560160,49.307709,132.009903
527.578995,399.347636,49.706245,131.145126
528.388415,399.827891,49.298771,131.343979
527.851656,399.261340,49.495579,130.058258
527.139471,402.665209,48.509853,129.082214
528.723831,401.903239,48.077858,129.197495
526.955548,401.127482,48.969528,128.585464
527.002253,401.273379,48.797932,128.890320
527.376036,402.572848,47.402813,128.263031
528.177160,403.699610,46.482998,127.895584
528.596445,401.700045,45.791981,131.091827
529.110819,401.602709,44.485371,130.153290
528.561445,402.038210,44.143932,130.098694
529.004358,401.211901,43.335102,132.623871
527.488175,400.854075,44.770271,135.652145
528.983849,401.367617,45.392662,130.683167
528.318491,399.858500,45.514088,135.821091
528.524512,398.719096,44.727596,135.310959
531.006224,401.659411,45.956310,133.620911
531.277510,400.777781,43.005505,136.463455
532.233719,402.801119,44.085426,133.429779
534.989096,402.677523,44.974148,134.390656
534.514729,403.650706,43.597107,134.982101
534.974531,403.533709,48.331890,134.873840
533.849066,402.903994,49.641598,135.302277
531.750870,406.376040,53.652107,133.542084
531.485266,409.023882,53.429806,131.288727
531.864920,411.299273,52.324642,128.992523
525.884268,403.606295,56.538876,136.454559
521.920305,405.530604,57.776615,135.288895
519.673176,408.085299,58.303009,132.925995
510.130295,408.393618,64.909554,131.211639
512.051186,408.766352,62.304771,131.186966
509.773665,418.762247,61.839062,122.915359
493.316696,416.588118,72.994392,122.669838
464.921002,410.491434,88.019791,129.898056
454.595032,415.121363,90.204933,127.158340
453.391575,412.922663,91.337433,128.716446
438.143353,417.625807,94.833572,126.312782
424.659214,414.886080,99.103729,131.802734
410.060604,417.500155,104.559860,131.769470
394.279755,419.087832,109.624855,133.489990
394.558190,420.883082,108.881767,131.015152
382.226338,421.731799,109.958984,134.658539
374.156258,421.144015,106.775597,136.370178
358.951607,426.343882,110.049461,134.853928
353.463329,417.915408,102.461929,142.738831
354.728546,421.683215,102.324196,141.477814
346.210179,393.445849,95.387848,171.575409
339.908413,403.095164,89.445786,162.939377
327.136975,416.868113,86.002884,153.910141
327.127190,419.822543,70.905022,156.405762
325.951679,423.842409,71.894714,150.830505
319.159783,418.472796,71.922508,160.369293
308.331936,417.222033,72.569351,164.768951
298.451576,445.316767,71.395195,135.437881
292.329193,443.190676,74.193489,138.910492
290.109577,441.232256,81.369720,139.636108
283.870888,436.692744,73.490837,153.100937
273.673821,440.653773,82.035912,147.195847
254.705330,440.683985,100.612907,157.314011
234.321274,444.004534,117.397560,154.840637
237.535568,444.773577,112.304604,163.245605
216.089657,444.798563,127.138382,157.917679
201.193760,445.085184,129.141663,162.743423
200.539997,445.916788,134.159454,164.484390
192.561100,448.149325,140.798401,165.327362
196.048420,444.360392,138.776764,169.397903
187.357708,443.053835,142.176010,172.494904
186.483936,447.877688,136.653656,173.839935
182.764843,442.850588,145.684616,181.970673
179.550717,443.242136,143.993790,189.581070
179.631893,441.846629,144.552872,187.862198
175.563763,453.898135,139.207382,183.669647
172.933277,461.205157,139.706879,180.833069
172.218571,464.532145,132.475342,181.392166
169.407520,478.602747,131.875763,174.254501
169.115208,470.856615,132.686401,181.311096
164.813713,469.255648,121.440453,195.394135
159.058544,451.202494,116.813217,220.272354
161.739384,501.587710,106.840271,173.016693
169.889843,531.947588,85.342880,151.728821
173.543221,532.666613,86.481926,145.751282
163.285568,536.678400,95.715492,144.834091
212.271774,343.873644,103.086281,144.307541
126.342526,372.421610,183.324295,253.514771
556.272221,331.582644,146.741882,131.084000
778.735745,471.709586,129.627823,97.442848
779.627899,474.310847,95.259590,150.295013
795.552242,458.415366,142.163528,119.609474
790.373375,489.697249,116.646385,125.989861
797.243267,458.645144,163.501328,142.073990
598.563221,354.281092,373.244415,257.875519
795.167683,465.496760,263.224945,252.618011
578.616291,340.098605,115.864410,150.519424
594.057392,391.807558,320.290436,233.065750
681.779103,417.599619,286.957733,288.425476
794.837513,486.932299,291.956635,231.762192
601.564289,358.591456,282.586090,301.726593
797.427082,486.430582,193.751617,228.919312
807.664913,512.086901,254.117996,164.162949
556.855450,362.303507,85.740158,229.298828
573.848358,448.286394,66.357307,176.959946
568.436400,453.180697,54.613171,166.659378
553.560150,409.209803,95.810127,292.354889
543.979874,488.390795,100.154457,229.588730
525.133122,443.506937,315.501953,273.243530
521.082657,435.974360,112.551247,270.806488
515.519322,466.185999,303.821594,253.814001
771.958866,527.406209,276.024048,187.816940
475.223423,500.745244,134.574127,210.993851
769.429119,532.163800,152.406387,186.298767
495.567280,418.831601,481.931091,300.640289
429.596195,448.115018,206.328705,271.367279
760.404606,526.549436,259.139862,192.915070
621.633946,488.359479,328.232086,209.283508
754.278637,534.479009,214.405594,174.292862
744.671108,539.616994,223.405991,178.653976
740.730786,538.838262,197.420303,177.070694
727.145985,534.248494,195.904907,181.987106
720.545002,533.888295,184.022278,178.372543
723.700466,536.218137,179.010483,175.204865
719.978756,537.462568,197.314072,178.677124
712.722866,534.197660,162.994797,184.104523
711.098980,531.210218,218.940323,186.172180
702.767338,528.608388,236.715912,187.889877
706.409893,522.303746,231.188858,193.454849
694.834995,524.856656,247.232452,191.432281
699.173184,522.487020,238.144943,193.636887
687.239132,515.001355,240.113510,201.572327
691.010624,514.942838,214.677460,201.055695
697.893192,515.919217,213.323822,199.381744
691.463795,522.506345,158.612305,149.759613
681.234158,520.673848,214.618759,195.400864
686.137364,519.028402,181.387970,191.910507
674.934437,515.929280,214.751587,202.587143
679.939099,518.292821,203.540482,195.921219
676.136524,515.201345,197.951416,201.936142
672.650883,516.249173,201.074982,201.694916
668.669491,511.079953,202.984238,203.577850
666.362774,511.245221,168.811295,181.164124
655.906338,505.687581,223.582932,211.263412
665.400868,487.544889,185.012207,216.887787
633.579418,477.905919,231.431839,237.505875
479.112477,450.462018,381.232117,269.209106
651.309078,495.455526,223.866745,222.584030
612.507023,466.545270,231.800079,245.560425
654.268604,497.138044,203.132629,221.033936
526.462437,419.117154,317.087250,297.740265
440.321324,475.634999,415.704315,244.014267
144.163090,490.426259,240.549591,222.661362
155.655407,504.733533,210.581558,203.655701
177.117787,522.295758,194.382385,131.289185
183.688046,514.923478,203.137985,127.791191
205.125645,505.373525,230.280121,175.117416
219.003735,487.350606,242.093033,193.250412
223.133999,483.763433,235.476303,198.265579
219.222706,483.476911,256.273621,196.295166
249.647961,492.917745,240.236832,190.992111
268.338513,494.473050,235.974380,198.322784
229.102131,493.719251,299.676636,209.742004
287.160443,489.045545,238.275223,202.033020
251.120014,495.474530,286.122681,221.316284
277.445271,497.014142,268.024170,218.703003
305.580799,485.575254,251.168030,228.369232
332.907421,473.611837,229.660538,236.821457
331.312191,487.323735,230.851120,222.711746
357.812847,485.050214,210.899368,222.944580
380.710232,487.941907,194.214828,213.477478
403.654110,493.673589,178.461960,200.239944
428.782429,488.448293,154.914185,198.553146
428.400746,484.743550,156.677246,204.935165
446.481632,471.520101,138.805756,209.811752
462.681263,471.640844,129.345581,204.386246
476.343796,458.440107,119.085274,208.154114
490.818218,444.667768,101.897232,215.113281
493.131291,450.134648,95.047577,208.980667
512.245049,450.060079,85.128166,199.130600
526.093914,442.092328,64.072769,201.888062
536.907646,433.045980,59.019096,202.327866
538.124603,422.233495,65.265480,203.478531
537.341253,418.542730,63.317654,209.540482
540.624851,414.581487,61.976349,207.617447
541.294579,408.887143,64.628593,212.881622
544.661003,385.799131,64.448845,228.057037
545.399857,380.459005,67.015144,231.585861
545.443178,385.298528,63.438145,229.298965
546.631806,380.860906,62.636879,226.095718
549.383850,389.109243,63.480629,218.563828
552.242287,387.721593,62.024376,215.491287
555.156395,384.750211,59.684685,215.738617
554.951054,383.065885,61.338959,219.600433
560.192003,392.835294,56.206120,209.380768
563.457966,384.171399,54.739136,216.838928
566.909790,390.929189,57.917274,207.218430
567.306997,381.284322,56.341366,215.378708
566.581663,386.072866,60.391460,210.720688
569.916790,386.001531,60.482071,204.651688
573.828531,385.865590,59.585651,202.853195
575.183474,377.943822,61.884861,202.940567
578.665442,391.317510,59.599758,187.926590
575.327751,386.225225,63.363945,194.375931
580.067515,385.889714,62.342365,190.695267
584.643645,384.168767,63.349468,185.993179
582.187042,377.940831,66.509560,187.481705
588.635405,379.489385,63.080669,179.928726
582.769554,376.150159,67.715813,183.285889
589.478310,372.942258,62.346519,186.397980
584.473793,374.364568,65.761803,180.764786
591.660805,369.748120,64.367516,184.624939
585.813984,368.355497,66.407288,186.083466
593.238569,368.056623,62.180248,186.016052
586.147679,366.923001,68.303558,183.212372
588.730374,362.306585,67.921677,183.894363
587.350685,357.963948,67.281883,188.766281
586.429177,359.116468,65.994225,190.302917
584.139839,360.336614,67.756493,187.872025
583.253868,357.464421,70.131401,183.786026
585.742981,368.414128,66.981239,174.387222
576.500412,359.712148,72.148018,178.804611
574.684139,360.955686,69.723190,175.817657
576.345474,358.459798,67.628059,178.227890
571.644108,358.603429,68.804779,174.632095
569.007614,359.467405,68.736641,174.441681
568.048468,356.827367,62.570461,175.935684
561.320395,357.465039,61.396542,178.783020
563.992417,354.338575,60.033455,183.235474
562.080303,356.196836,56.586563,182.222687
557.460297,341.417508,57.830879,198.073730
553.644879,342.595266,60.464523,197.947952
550.174835,357.882268,61.459602,183.608627
556.610468,357.742604,57.013386,185.033463
549.612858,342.945188,57.124573,202.019135
548.808306,357.607625,62.761082,185.776779
547.527502,363.116407,60.195065,181.345764
546.626547,343.190465,60.400112,200.263107
544.466194,352.398145,62.130974,193.057404
543.922871,355.077977,62.267120,185.004440
543.526732,358.895642,60.186169,181.845856
543.457113,365.502675,59.844997,173.020279
542.541462,354.120320,60.971100,183.347183
542.001743,360.630292,60.873962,178.150970
542.068045,365.245023,61.307949,168.833130
543.421538,354.181211,58.712536,177.570068
543.869579,354.593892,59.677109,178.969559
543.737473,352.867849,58.767311,181.526810
543.106674,355.247358,59.168617,179.285919
543.297054,349.933065,58.344620,183.758316
545.455300,347.774030,56.520988,186.215973
540.769539,339.277517,60.871880,195.975204
538.021618,339.591634,62.166122,194.202744
538.943711,346.942334,63.366188,184.662231
536.199879,335.583844,62.688324,198.294373
535.372973,340.883573,63.282627,187.725494
534.816731,343.228528,62.062469,181.135742
531.753937,338.709401,64.592232,184.755600
531.597069,339.416501,64.363853,182.656769
529.343186,336.497663,64.723732,185.054749
526.957581,335.914853,64.304146,184.765045
528.245987,337.278638,61.314125,183.166016
526.086102,334.820737,62.871323,184.211823
526.535074,333.431981,61.472340,186.182938
524.200699,329.524320,62.456520,190.589752
527.540444,336.452642,64.202873,183.570511
526.119564,337.051244,62.822098,185.165665
525.540960,330.907315,63.030209,192.890350
525.357456,329.144345,63.895325,194.574310
525.972428,333.177388,63.261635,189.882004
525.687311,334.504972,62.349995,184.530243
525.854674,334.044927,60.386486,181.997269
525.567593,331.863973,59.857925,182.453171
526.051029,334.335714,58.480652,180.175583
526.203560,335.697332,61.452019,177.931351
528.360392,328.941632,58.639576,180.837769
527.792278,327.948713,60.985947,183.621643
529.651665,330.266111,62.375999,179.763641
528.933262,327.552228,62.119751,182.530457
531.308548,326.627317,60.257484,183.244781
531.403076,330.062162,60.104439,180.908478
531.337910,332.903897,59.746796,175.712799
528.770008,334.665105,59.615784,175.013748
528.821276,330.160237,61.371525,178.042923
527.346516,331.418760,62.247253,179.957581
527.076056,332.539807,61.033291,180.590240
525.433479,332.594335,63.549400,176.868027
522.769123,329.581029,63.989868,177.690109
524.133066,332.968160,63.494404,177.125809
521.608921,330.053319,66.403351,178.906235
521.461605,330.385183,67.771713,176.540909
520.736763,334.515416,65.192284,172.869064
519.883873,333.319638,70.711540,175.287964
519.580769,334.645818,67.553589,173.109543
521.528935,333.183339,70.363800,175.054398
524.858189,334.272184,70.335297,174.307495
526.810654,339.403791,65.590096,171.564362
528.215786,337.254079,70.170090,169.738602
528.930790,339.502767,68.629669,168.065262
530.538048,339.746648,69.326775,168.525497
533.933407,339.944112,67.813156,168.085098
536.466175,344.493863,67.195129,164.816956
539.167206,343.609739,65.829628,165.971497
538.617928,343.914495,66.422142,164.758041
540.592789,342.525823,67.767952,169.296188
544.371716,343.350209,68.000809,167.640213
545.619187,347.816053,67.248665,164.882965
546.106289,349.300519,67.965073,168.304108
545.839405,346.910024,67.583801,170.791275
549.142716,345.537427,64.989082,171.306549
551.573376,348.912114,63.966690,165.369553
553.901310,348.610044,63.112701,167.969971
555.918200,348.086148,63.348698,169.871765
556.293415,345.779012,63.837891,170.949234
558.783186,344.746244,63.045300,176.860718
561.287121,343.959859,63.553726,175.872452
561.927408,343.292165,63.763325,178.940018
563.718100,344.392270,62.038631,177.745972
563.241860,343.749311,62.237206,179.171295
563.982767,345.941816,60.670795,176.054169
564.451607,346.051992,61.714561,175.362076
565.151482,346.253026,61.651421,176.481796
564.607725,344.968198,63.254559,180.702820
563.998783,344.736097,63.501678,178.514374
565.573801,345.359716,61.867329,180.958542
563.491003,349.107419,62.404018,177.622742
563.640898,349.951047,63.216961,178.128296
561.036827,349.037755,61.975578,181.074020
563.499327,350.293157,59.977032,179.112350
560.674355,352.647161,62.610680,179.394455
556.480150,356.642888,63.841984,177.772873
554.265957,357.726361,64.740891,178.749542
549.807266,355.809087,66.548470,182.088364
548.476246,354.836934,68.701721,182.641617
545.058270,355.262792,69.480484,181.820969
539.874771,358.439099,72.303352,180.973175
533.796036,359.877477,74.103828,181.758286
528.539337,362.020711,76.051430,183.318680
527.479447,361.001477,76.368172,184.162262
520.508545,358.299863,78.997475,188.034058
511.756073,358.641156,82.691444,190.032745
504.869091,360.183088,83.897110,188.706940
496.609638,365.803029,86.405090,183.733536
499.476513,365.147863,82.126785,182.587753
488.612183,369.720105,88.084267,182.771393
482.068524,368.771306,86.766006,184.364426
474.317864,366.892369,84.393974,187.837265
467.437775,369.596227,85.955605,187.703232
468.805359,368.809812,84.475624,190.331726
460.360661,371.454198,84.498627,189.038071
451.900593,371.458806,84.513367,189.131943
444.004624,367.773778,87.849190,194.214279
436.117436,368.331647,87.006805,202.397675
434.268524,367.800351,85.522194,201.041443
428.681652,368.074094,85.933487,204.105713
420.260906,368.090825,83.885696,203.070053
411.133747,369.182363,91.054382,204.065628
403.181317,374.703267,97.739334,198.696365
403.263657,373.727307,96.150093,201.192535
396.476982,378.894902,100.212517,195.541306
392.401493,379.185140,103.835907,192.788223
387.608746,381.535581,103.192154,193.700684
381.687229,387.083036,105.165436,188.919006
381.972733,387.679639,103.013741,187.891327
377.456890,387.607221,109.218460,187.742157
371.284741,385.774182,114.309647,190.076263
367.869148,392.379872,118.182579,181.449844
363.465763,388.833310,123.352936,186.632263
363.302147,390.309354,121.822075,184.764160
359.836876,391.153012,126.082146,184.732971
358.742737,388.831083,127.567482,187.129028
358.795925,386.691243,130.229660,188.956131
359.737972,386.350896,132.037216,189.410568
359.380322,387.180188,133.228409,187.942841
360.730374,385.149106,131.406418,191.478210
362.600689,384.765409,129.887039,192.198608
364.876133,390.367162,130.098480,186.866257
365.316479,386.623830,130.414810,189.695511
368.445713,397.392728,133.632355,180.216614
374.926495,398.285756,131.990921,178.249527
380.245342,397.854345,131.310501,179.523788
384.487675,395.922307,133.941498,181.010727
384.067150,399.628965,135.116226,177.916443
389.821079,399.037313,133.992584,177.067703
397.632977,403.113965,132.913773,174.600311
404.800160,405.596952,132.876526,171.536072
412.804943,403.093145,131.025894,174.569443
412.238224,403.079213,131.540375,174.355301
420.874401,400.473645,129.176529,178.920868
429.241047,395.355115,128.141846,185.474152
436.150555,399.087857,129.260880,180.826904
444.514786,396.415754,126.994637,185.478668
443.163105,398.161031,131.817383,183.530533
452.282528,394.460378,128.142014,187.885025
460.519108,401.544416,129.112213,184.505402
478.473568,406.107022,129.362350,183.759094
487.264721,398.116513,131.008682,194.026672
488.332569,401.508756,128.440613,190.712097
498.503323,401.294713,124.391159,193.042526
508.542774,396.540174,120.085693,198.405914
516.924545,399.499631,117.844856,196.952637
526.729302,401.463277,115.933342,196.547989
528.515595,401.991697,114.463295,195.390991
535.873001,403.945501,112.510201,195.259140
545.025604,409.481244,112.015846,190.801422
552.202244,408.013654,113.424469,195.885773
561.483269,408.147115,112.663933,196.660355
563.962700,414.077039,109.362907,188.978180
571.495983,410.120954,108.022537,195.473114
579.684731,412.069532,111.877586,195.112823
588.534592,415.474202,111.229256,193.069473
596.033104,412.438031,116.264580,196.835419
596.728592,416.947202,115.696236,192.671387
604.250611,416.629949,118.064857,194.480270
618.005085,419.529653,124.860901,193.557388
628.417755,419.256849,120.007484,197.473053
642.438637,419.824079,110.810204,198.416595
639.988968,422.955747,114.020821,193.917908
651.359356,424.336072,107.070145,195.506866
658.607636,425.337468,106.446632,196.208786
666.358967,424.532705,105.076904,198.070572
672.886280,426.855649,103.584351,197.005127
674.224125,427.826245,104.673920,195.056732
679.856552,426.784620,100.826851,198.700714
686.094910,427.908330,99.362709,198.479050
691.460724,425.535955,98.029762,201.216476
695.854740,426.188840,95.511139,203.777039
696.559982,427.369733,92.832161,203.191620
698.556984,421.898023,93.682884,208.384491
700.351517,422.579763,92.099007,207.933243
701.454537,420.620778,93.390465,211.717606
701.418213,420.564115,92.626625,213.148071
700.871830,418.468877,93.430450,214.730698
703.363537,421.289632,92.860672,217.216751
707.209355,422.858670,89.358246,216.653992
706.474247,424.016614,90.269684,221.245941
704.824085,419.225888,89.401794,223.288330
706.104431,420.944188,89.605080,221.727341
705.518181,421.954892,91.057793,223.415283
702.898590,421.606473,93.868385,222.845642
703.030670,423.348836,94.490822,222.631668
700.235161,420.306134,97.289909,226.823273
701.654366,423.304555,96.282005,223.589859
699.709652,423.346181,98.171616,224.609818
700.322148,423.719815,97.606110,226.523987
698.977688,421.643399,98.317734,232.080994
701.279045,422.320485,93.649712,232.762100
700.954529,422.269773,94.272743,232.402466
701.804917,424.045224,93.219856,232.085144
702.941178,423.455388,91.833992,235.173935
702.771931,422.348760,90.074524,235.091293
701.048752,420.978017,90.495979,239.430679
701.552540,421.272672,90.707520,236.737671
700.803055,420.081617,90.517586,242.756805
697.565170,419.975293,91.817879,244.340118
689.423378,415.332509,99.009300,253.625076
689.117512,418.024739,99.003479,249.168289
689.142250,414.728337,99.322716,252.323410
690.266129,422.800298,95.266792,250.058640
688.172844,422.108686,96.175774,250.219391
688.199360,421.150884,95.326355,248.311508
685.584740,422.999433,95.757561,250.010651
686.060822,420.924016,95.690468,249.991989
683.639057,421.823377,97.259766,252.268951
682.845429,422.695066,97.056252,253.299011
681.977238,422.676313,97.876862,255.983368
679.344528,422.449094,100.574654,256.690735
679.857567,422.077718,99.768730,254.715347
679.093258,427.470273,98.993332,256.077026
677.409062,430.715688,99.989471,251.536697
678.894814,431.532575,97.820213,252.662994
680.923477,433.726796,97.956062,253.138565
680.131809,433.136441,98.423370,253.455994
681.328228,433.213163,98.620743,255.431091
681.831829,432.298368,96.353409,257.737793
682.129715,434.420911,99.513069,258.939728
683.859196,436.485608,94.979767,258.900421
683.684738,438.452451,95.558662,258.369446
684.383274,439.216092,95.905182,257.146851
684.236366,436.386457,95.493675,263.611115
682.790112,437.267743,98.859390,263.459442
681.234528,438.937772,101.573708,261.314209
680.533508,438.156675,101.845192,262.623718
681.344940,440.244397,103.334328,263.444000
678.947174,440.419065,105.181923,262.650208
678.601387,441.623960,105.070152,262.341064
677.806976,443.878659,104.164711,260.581482
678.922955,441.252622,103.781998,262.877258
677.428887,441.806226,103.183220,266.944977
676.754570,440.112775,105.736443,267.435577
676.039574,444.292463,106.385490,262.669586
676.101372,442.010312,106.395195,263.891846
676.089310,443.501950,105.730476,265.019287
676.163201,443.774503,106.988823,265.720154
675.583641,448.048490,107.908073,261.423462
675.201855,450.219541,107.005997,259.271606
676.509262,450.916440,105.564400,262.352600
675.512638,450.142133,107.162384,263.014984
680.222008,448.094541,104.969536,264.949219
681.381855,449.817105,105.868591,262.533813
683.587231,448.003202,105.497879,265.790100
683.737198,447.265149,105.933235,268.158112
683.216843,447.187574,106.833443,267.260468
685.002834,446.246961,104.976791,268.693329
685.631443,445.691449,105.240143,269.230316
686.647701,451.163251,103.786972,262.719696
686.537060,445.971296,104.320511,268.305206
686.863953,451.238172,103.949196,262.903534
686.520088,452.785382,105.952354,261.306854
686.863529,452.646711,107.906464,261.080902
685.376450,452.425550,111.062874,261.920380
684.560787,453.631040,111.933273,261.268188
683.018608,453.366117,112.895134,262.429199
681.101319,454.804456,113.131508,260.582245
680.418167,454.464582,114.222969,261.223663
680.547909,457.432004,112.816391,259.240784
678.226448,461.821469,115.325951,253.990417
680.612515,460.626401,113.121872,254.829346
680.743988,461.020894,113.921059,253.914871
683.470871,465.267057,110.311165,252.675903
685.477852,465.441938,110.127403,250.593842
685.028591,469.924466,109.067795,247.024902
684.921528,466.489286,110.494324,249.327087
683.937367,472.009038,108.792053,243.778549
685.389733,475.666463,109.232414,240.311661
687.027653,476.869306,108.358124,240.542267
687.828549,476.576245,110.749741,239.129669
686.463272,471.358609,112.629158,244.104370
687.654175,474.662503,112.591591,240.648193
689.008331,475.342710,112.661537,239.686279
693.145386,478.163900,110.565895,237.018509
693.278870,474.392575,112.018532,239.713074
691.852196,476.376897,112.184563,240.977951
693.084473,477.057645,114.513283,239.902893
691.599259,480.415807,115.289131,235.642868
690.898907,481.175328,117.264786,234.741318
691.492214,476.845678,118.267929,237.332199
691.514664,472.347478,119.133247,241.592758
689.758183,471.330190,122.326385,243.927628
691.243836,480.534414,120.268471,236.566116
690.613529,483.038198,120.233185,233.895096
690.099911,484.240522,124.174606,233.903534
689.918534,484.859716,122.343758,232.070175
688.102722,485.007924,127.141762,233.480179
688.248333,484.248632,127.203995,233.439682
689.052681,488.977727,126.023094,229.817978
691.184986,491.120069,123.960938,227.384979
691.818451,489.257032,125.806068,227.757050
694.373932,489.953931,124.102028,227.978241
699.746075,489.050260,122.661270,228.622253
