867.000000,367.000000,410.000000,204.000000
861.562332,366.245880,415.722626,202.604431
859.439255,363.228821,412.240875,209.474731
851.510162,366.839096,410.886414,208.320953
848.686249,367.971741,390.751038,209.157227
840.171204,368.226341,376.073120,211.656570
831.732391,369.560989,354.416443,210.846161
824.198715,378.514198,333.119293,209.592941
811.659241,377.980385,314.596924,210.744308
797.955551,376.085800,304.022858,213.163483
784.563309,378.667267,303.572479,209.669861
770.463379,378.539581,326.967651,199.470886
760.602249,384.699127,340.417450,189.388367
747.505585,382.652000,343.367004,186.819534
734.368301,384.614433,345.699432,184.680435
720.489716,388.396317,347.766052,181.486542
708.210693,387.534729,349.353271,184.528809
696.749680,387.677841,346.847443,187.166534
685.827560,388.679047,345.989532,190.123840
671.558594,383.027527,340.673462,201.185181
659.537552,388.164391,334.933075,194.154739
650.299973,390.250496,324.693756,197.796249
645.260544,389.900810,311.616364,199.426773
639.426926,388.946838,298.070221,202.663574
636.773331,391.854637,282.262909,197.424881
639.752930,382.767136,269.633667,205.274689
640.013123,396.183449,246.658936,185.814011
639.689835,395.985626,233.448212,183.452454
644.070976,387.075218,218.828873,190.492020
644.613701,387.415833,211.640823,184.543335
642.944962,387.852058,208.830353,180.730148
643.424309,387.885048,203.052505,177.780502
640.146980,387.369576,201.745285,174.549973
636.441200,389.153290,201.776840,166.033936
634.362213,389.291763,199.399658,161.499725
627.674873,385.992943,201.788498,163.296768
623.186188,387.345558,199.159241,155.553146
617.414810,389.254715,198.738312,152.277130
613.932762,388.527229,195.391678,152.019699
608.434036,387.305725,193.392303,146.990601
602.741592,388.728256,195.245331,147.426605
596.688095,387.368103,194.819061,146.848328
591.545944,388.787209,193.130402,143.164230
585.058311,388.818939,191.844254,143.566345
576.491348,388.124825,191.699066,144.164108
571.331871,386.721260,188.761551,144.527145
566.813637,387.426941,183.204086,145.154724
562.306885,385.617050,180.190125,146.878082
560.827934,384.395256,174.535538,145.594254
559.583061,383.988403,166.128006,145.375427
556.804245,383.225670,159.604218,144.289871
553.959335,386.588203,157.517120,140.650925
553.135109,386.701599,152.078537,137.078491
547.309181,387.095612,154.780014,135.915161
543.539513,385.702293,156.110855,135.710464
533.553230,385.839836,164.394760,136.732315
526.297386,384.804703,172.222122,134.900909
519.285400,382.555679,179.523682,136.941559
515.743401,382.965263,177.585587,136.909805
519.450050,385.794014,168.913071,135.012619
516.841454,381.667618,165.343094,140.742767
515.524155,381.917282,159.166351,140.232391
509.799240,387.436348,151.091949,137.890427
519.873970,386.180443,127.429123,142.358353
492.094879,388.636124,137.659363,141.380646
506.560268,389.811798,108.615913,141.914124
524.638000,388.572273,76.204224,154.610092
524.349808,389.479019,72.125946,139.858856
520.471416,387.086571,70.212471,136.845566
518.678455,392.288979,69.398643,139.379013
517.293247,391.320122,67.662895,138.661118
511.576618,392.022713,74.347160,139.999252
501.189484,389.820824,98.571442,141.934402
493.170700,391.666908,124.191650,134.858383
490.421303,391.246643,142.322403,130.861084
486.469971,392.692337,155.564972,130.767548
488.090103,392.417397,156.749756,130.911362
486.306000,394.761040,159.161530,130.042191
488.946785,390.327644,156.682510,136.467941
484.001122,391.318695,162.234726,135.914917
485.586525,395.902145,157.188187,133.575714
480.039421,393.068146,159.403183,137.644775
484.056297,397.298325,155.710556,131.505707
481.624451,392.623123,158.619354,138.045135
483.550789,398.916176,155.377945,130.732956
485.013657,400.459587,153.283630,131.278091
486.333542,396.800056,150.905090,135.714951
491.558487,397.425934,145.708496,135.876221
499.918404,398.893829,137.994522,134.559814
506.230705,396.990318,132.551315,134.467911
512.448441,395.950951,128.048340,134.440079
520.531445,393.417015,123.249031,133.515030
532.533241,391.502815,115.492447,135.643845
537.777817,388.555779,117.025940,139.323685
545.559536,387.629570,115.816750,133.349869
549.547932,388.905769,121.485710,130.986679
553.847923,385.249321,125.178574,130.495987
555.898941,386.140114,130.821106,127.241379
561.801208,381.565102,133.053864,129.529465
559.783531,384.337601,138.676315,124.596588
550.238754,380.534237,153.650269,125.444527
562.362564,381.860531,146.898560,121.020638
565.823753,381.541805,150.289658,119.906990
561.492798,382.340267,155.290314,120.177925
559.874268,377.908165,162.455353,122.272598
558.003700,373.197605,164.361832,126.164970
559.443687,371.714405,163.310043,127.879967
560.586014,371.545620,159.775391,127.705940
562.656242,371.571522,162.539474,126.743187
562.931862,368.336330,161.329788,126.930916
565.581482,369.512001,157.820892,126.977951
568.855019,366.799698,158.580887,129.578094
569.964478,367.987068,154.810028,128.862778
570.798668,369.526619,155.177536,127.709641
567.771652,371.405876,159.991272,126.506485
567.435799,371.140594,162.135208,125.595398
565.952934,361.920715,163.715134,136.256348
567.178299,369.195557,165.630005,128.003235
562.570274,367.233597,170.866318,130.221222
557.061104,367.087494,177.845169,131.013428
550.730202,366.204117,187.882645,131.778717
549.576248,361.475975,183.495178,137.492020
546.182465,361.566620,191.073883,140.287903
544.027527,365.511520,190.169098,139.874054
548.066719,373.928368,181.118729,133.651443
543.613632,371.175629,185.192749,138.174988
547.046440,371.167931,182.032089,137.618546
544.223900,374.969604,186.426865,135.225769
548.599884,372.319336,178.081451,138.004761
551.929565,371.749733,175.311310,142.309433
550.305771,361.858131,178.097168,153.728256
551.294083,369.887497,182.157227,144.884979
557.991959,371.726639,179.739563,143.108734
561.044510,366.039978,179.813538,150.271240
557.529335,374.797554,186.674454,140.654892
562.422859,371.683998,186.945938,145.865097
560.028343,372.844872,192.686508,144.293655
565.884712,374.241318,194.841812,147.530304
564.315590,384.988449,199.470535,135.514862
561.811226,384.511642,205.952408,138.695282
561.308830,376.549675,210.601608,147.761246
559.195274,372.877945,213.441635,153.039520
560.648880,377.750793,214.791687,150.458130
559.477913,381.057518,215.635330,149.118362
560.685295,383.453926,218.511154,146.966293
562.241638,387.187447,220.315887,145.152206
562.729950,384.412201,223.773224,150.067993
559.759995,387.227303,229.904541,149.148849
551.668167,383.910278,238.416321,152.669617
536.572800,380.992973,255.708313,157.266190
535.192963,376.245537,257.115082,164.928726
524.761246,377.918907,269.935669,166.276688
522.988144,381.887756,272.673157,170.577026
518.098053,379.588364,276.203583,177.224640
513.455582,384.761177,284.459106,176.387192
513.124329,383.262794,286.532135,189.040695
513.830994,386.098160,289.444244,190.790009
510.236298,382.219925,290.751068,200.034637
510.922668,384.373161,286.651520,199.090225
506.993011,384.229683,286.919281,201.201157
498.773849,380.182266,299.445740,205.822723
512.204224,384.302811,285.573639,203.659393
523.465149,384.822647,275.102203,203.736664
528.948517,385.570496,271.876434,204.598877
523.476425,382.314102,278.695618,209.479950
529.193222,378.040466,273.360046,207.547974
522.791428,382.030853,280.302429,206.818420
531.279221,386.618248,274.422791,201.407791
528.708954,382.568504,280.273163,206.702591
515.657700,379.262589,296.557190,207.026337
522.305832,381.297325,295.345398,206.849686
527.674164,383.787109,291.569183,202.673706
535.580368,388.232544,288.161560,195.515259
531.943237,388.099701,290.068268,199.941833
533.782257,381.841133,284.027557,202.428940
542.795242,376.593414,275.534302,204.392029
536.838699,375.397362,280.608276,202.119339
543.668106,372.757881,278.665283,203.296982
536.156586,370.118553,289.696014,205.563919
533.946442,375.695740,299.051971,197.848145
546.376434,372.263222,290.484589,199.555466
545.789810,368.361824,290.753052,200.974716
544.004944,366.532478,288.306427,200.338242
552.196838,368.325050,279.107330,195.582809
549.474823,365.106735,281.618500,194.163483
551.819809,366.417290,275.453796,192.160538
546.238434,368.034119,285.001312,191.866577
549.962006,366.225990,285.606171,192.088547
556.592392,372.210907,278.840149,185.462463
549.471039,367.787376,281.581024,189.067581
559.957108,368.300003,266.651367,186.141815
558.417801,365.005020,265.517456,183.541840
560.756058,359.638992,259.322998,185.197479
558.229156,363.892281,261.039154,179.048813
557.648453,362.176826,261.864624,180.405380
560.788666,366.553284,257.616913,175.329468
561.420166,369.402672,257.529083,172.275833
563.948196,368.774582,252.368164,172.316193
555.226044,362.876343,257.391327,175.114258
554.765610,365.492195,254.710754,171.351669
556.125175,365.796738,250.622360,170.307404
554.709335,363.550468,252.001770,168.872452
554.814873,362.657906,253.456100,170.410873
557.257149,362.650452,253.652969,167.973877
558.896019,366.239944,253.197495,164.729340
562.975830,363.110336,248.544708,165.937775
563.565018,363.531250,244.876526,166.035889
564.333466,363.320404,242.522308,164.332153
565.864525,360.995186,240.438828,162.848251
569.060188,361.159279,236.515945,160.752426
571.686859,360.254204,233.930084,159.042435
571.547592,360.295067,235.274780,157.115860
572.985863,360.518333,233.281296,155.984207
573.327209,360.465736,232.279205,154.585495
572.643166,359.515137,233.809952,153.740845
570.312973,356.096382,234.553284,156.190720
571.793755,355.632126,232.738327,154.434052
572.442795,355.093292,234.086243,154.078613
570.023407,353.810791,235.826569,154.716675
570.637459,353.815834,236.107681,155.094406
571.483818,353.315666,236.700729,156.986221
571.063400,351.240074,237.154358,158.894730
573.584320,350.639351,232.883942,160.129562
574.165710,353.553291,231.729828,158.511337
573.184639,349.079346,230.541580,163.640442
571.555939,350.629143,234.269867,159.716934
572.568260,354.590828,231.889084,157.227097
571.111343,352.991188,236.366882,158.884384
570.770294,355.058754,237.264801,157.557114
570.962334,355.162460,238.284836,158.206573
570.637123,357.293266,238.369522,156.435562
570.836418,354.895950,239.367905,158.993500
572.480797,357.762192,235.368393,158.745636
570.239876,354.384048,236.259659,160.974152
571.738228,354.129898,235.580154,160.961945
567.051826,357.349083,240.293167,159.752640
566.617294,358.723381,243.113770,160.137772
562.397308,357.898323,244.006805,161.261215
562.938301,357.735802,245.402359,163.409500
560.686012,358.302528,244.882889,163.313950
555.299896,359.172150,249.868439,161.248535
558.766678,358.077385,246.442871,159.787857
558.539040,358.198601,246.634903,164.706802
558.838562,358.498772,245.886627,162.474197
561.177673,361.490234,245.530243,160.313782
558.223671,361.185318,250.519302,159.945160
563.960236,363.716064,247.743744,158.325073
558.211250,365.438614,253.209061,158.928802
564.734474,363.671593,247.424149,160.877274
549.685440,361.786461,265.583069,164.926651
550.846558,361.724350,265.172943,164.780487
550.538712,364.549484,271.364075,165.774017
554.825638,362.664589,266.992859,169.874863
552.353836,365.106827,270.337952,168.976837
544.462936,361.685722,280.274414,172.743240
539.688248,360.329254,287.111511,175.557007
540.836639,363.600357,288.666168,178.146881
546.006454,365.861954,282.201172,178.014923
545.874374,368.889519,286.797241,175.643387
545.255188,370.962608,293.555145,173.470596
544.838531,368.900307,295.978302,174.065903
546.132385,370.740433,295.741913,171.381012
547.670807,370.439117,293.617096,173.448486
545.044434,367.773994,305.298798,178.323166
552.391449,367.577904,295.618439,177.687881
546.545181,363.872292,306.884460,182.645126
548.931702,361.741241,304.676239,184.696289
544.725372,359.647141,314.606964,185.137787
549.629150,361.555649,309.380951,181.869720
541.857483,358.188538,318.961151,184.987122
546.399094,364.309135,313.079712,180.970291
547.842697,359.360229,316.387207,185.837585
547.665482,361.031471,317.980652,184.029648
549.618530,360.340271,321.093109,185.440247
553.000534,360.373695,316.722168,186.712143
558.181808,358.490089,316.344971,189.952377
557.882996,358.925377,317.225433,185.870255
557.681686,358.706100,317.853760,185.669891
562.430008,358.733086,313.202820,186.548050
561.209915,361.269806,314.018005,182.160889
565.721024,363.500946,310.179871,188.865234
568.234421,364.430687,312.555054,186.114883
569.479935,358.831001,309.418030,190.637131
575.428986,364.840500,306.340118,182.333710
571.957230,364.291855,310.378601,184.466400
581.491653,362.686638,300.458069,187.347488
572.018219,361.488579,312.165680,185.908890
581.684647,363.743759,300.525085,185.248871
572.674759,360.259666,311.769226,186.096451
576.278732,360.218750,309.362427,186.860779
573.286362,360.005104,315.031250,188.313461
580.338074,359.649620,307.771820,186.966324
575.219391,359.418060,312.807892,189.831543
573.804276,359.680168,313.496887,188.493484
569.387680,359.327377,318.499268,184.786591
570.947586,355.356720,314.790588,189.377808
556.919586,360.371864,324.883575,184.562119
564.043823,359.777214,316.266327,189.411209
553.239822,358.938324,327.887390,190.052368
552.266663,357.414505,326.382538,191.262238
548.137695,359.501373,329.103729,190.964355
544.123642,358.836891,327.966431,193.847885
536.846237,358.110115,332.075317,195.943649
529.602386,358.434090,336.850861,194.808884
524.777008,357.164040,338.813019,200.172470
523.835861,354.370880,336.558472,202.866943
513.184097,359.398483,342.073914,203.950287
505.927490,362.140450,349.483002,202.483200
502.788239,361.979317,351.026031,207.243088
497.068222,367.397385,354.370850,203.166351
495.655136,365.897430,353.876953,212.291504
490.359528,366.917053,358.915070,211.715027
484.630859,365.093636,362.506073,216.038742
478.575165,371.229973,367.346222,209.687454
474.474258,366.912659,370.041443,221.814026
469.979980,367.267273,375.657928,228.882751
468.714783,370.601456,380.369720,227.996857
472.174774,375.366531,378.822296,225.006012
471.047745,373.310547,385.399597,230.059998
470.778351,377.675713,388.773712,228.188309
470.755478,376.356537,393.805664,229.475342
470.864716,375.200500,396.088409,234.473083
470.818115,375.273689,399.597137,234.487350
472.836411,378.203369,402.352905,235.223450
468.106644,375.999496,408.285583,242.043182
468.616562,374.914680,414.045288,243.742844
472.188522,375.976311,415.325195,243.825272
473.533340,381.552856,417.004333,239.591003
476.249786,375.362000,420.773468,243.730408
478.610580,365.715134,418.438965,257.598846
477.169220,371.219162,421.115875,245.564911
481.265381,375.058472,418.109589,243.425476
482.119125,383.457321,422.298950,240.119110
484.072662,382.189812,424.819000,244.692215
486.638687,383.998894,423.943298,243.873001
490.449310,384.840462,428.321686,240.915207
489.728836,379.814537,430.153137,247.816910
498.088898,383.628868,422.292023,243.869522
492.682053,383.073204,427.798340,241.791275
494.905640,374.129784,429.864838,250.280289
498.241806,372.520256,429.059082,250.528152
500.494461,379.298210,426.638733,245.073318
505.091827,380.624496,426.298981,242.152679
505.425278,376.482452,429.544800,248.516724
506.156815,367.169983,429.869324,261.269592
506.164917,367.277725,429.305878,259.942291
502.568268,367.354095,434.491119,262.168091
502.242447,364.018738,434.914856,262.532410
505.912048,373.027588,430.622650,250.346252
507.623734,379.442299,430.029480,243.727036
508.718475,377.519402,431.527252,251.803177
508.306168,367.785217,434.864563,262.101257
511.486694,366.103714,434.792816,259.986847
512.594986,375.778526,434.080627,247.834976
510.676468,376.587227,440.283264,243.459885
511.178909,378.080872,440.871033,243.067444
513.093414,377.268532,440.724884,244.373520
509.693314,382.226952,446.886902,236.846329
505.286896,374.818016,449.634430,248.688004
507.384033,375.584618,450.194305,242.598526
507.698486,375.754868,451.320648,244.030121
504.460754,376.485641,456.321747,241.373383
502.373367,362.300674,458.748596,255.447296
507.608078,378.407784,455.859863,236.649460
502.851151,367.585426,459.608826,245.976181
496.629364,364.577942,463.242584,247.075989
493.760849,358.790596,464.139648,255.800339
499.464920,370.136009,459.322693,248.878799
507.381302,374.336823,450.876038,241.842896
504.488892,374.840378,457.042694,247.602142
519.812668,372.218010,443.692993,243.695389
530.466049,378.248177,435.538086,240.456589
520.273315,373.257355,442.921478,248.601440
519.273865,372.974487,445.088226,248.568176
519.128235,372.586258,444.820160,246.580841
517.121338,377.278778,447.262054,246.585083
517.460190,372.049866,447.935669,251.858337
518.930603,369.624283,446.369843,259.034454
518.000397,374.877716,449.612701,257.095947
514.390472,376.412476,453.763580,259.697205
510.820724,372.311905,458.693970,265.351471
501.878403,375.780579,463.689697,272.225647
503.415604,380.858139,470.497986,264.040375
495.353271,371.225784,463.522552,277.969269
502.225250,366.531494,457.037628,281.970642
492.742737,368.568985,460.912445,283.696442
481.256638,382.598984,476.043945,276.278168
484.381470,392.581863,477.373749,268.093903
480.875748,390.848373,477.378113,270.516205
476.602493,381.371735,488.453186,278.475342
479.812332,394.039291,488.596375,267.661957
469.209824,390.839615,490.921997,272.432648
467.937973,396.745346,493.703125,268.585907
463.770187,393.828064,499.346313,274.338928
459.623215,397.892853,504.069824,271.800171
448.076126,395.496887,513.651917,281.273621
441.210129,382.214783,527.300903,294.864563
444.549881,397.213303,519.055115,282.876801
447.565323,394.816177,520.901672,284.546539
455.316254,416.736023,507.599152,265.917786
456.548401,404.483459,505.278778,281.160461
445.787643,417.402588,522.302368,262.067078
442.628799,419.620468,524.359070,261.940399
446.418503,423.638596,519.975098,259.699432
453.633926,428.959961,516.610046,258.034363
456.998123,433.489235,514.570984,251.989365
455.147263,432.646500,519.004639,257.627350
456.124283,425.615952,520.616272,266.930878
460.639755,432.101105,519.302979,265.707520
457.326828,422.536392,526.220825,271.963531
463.939163,425.947952,520.541931,280.504547
457.467850,428.815659,529.929871,270.678680
456.552689,435.074738,532.178406,277.140991
453.513840,440.013214,541.708008,267.378540
450.223312,441.937256,550.905029,270.690247
451.039749,440.901840,553.288757,269.689423
449.117111,440.876465,555.869263,275.457214
445.958725,442.891830,559.372437,273.216278
446.940903,433.156525,559.871338,282.358276
449.821609,443.559067,557.817200,273.778046
443.861557,438.905136,566.708130,278.216156
442.618118,436.781204,575.446716,283.218796
442.282486,443.416969,579.001892,273.640625
439.865280,444.703438,585.085938,273.978577
441.331345,444.090660,589.289062,275.454620
435.413498,447.744453,597.330811,272.255547
432.724777,439.414738,601.910156,280.585262
428.254929,433.269060,605.687988,286.730940
419.950638,445.434670,617.783142,274.565330
416.932816,446.112843,623.174744,271.506836
420.076645,462.119839,622.875854,255.335373
418.294876,458.867543,632.881165,261.132457
418.162521,473.157114,636.052490,245.845306
418.240189,476.157877,646.266785,243.842123
420.609909,476.380818,640.710449,240.370361
417.829361,462.232762,643.647522,257.767238
414.473557,476.511286,649.197266,243.314194
418.844070,462.025317,641.625916,257.974683
414.893967,483.476754,645.652466,234.580109
416.273911,472.644433,652.918091,244.646484
415.575150,468.447442,654.742981,251.552558
415.306625,472.509846,656.753540,247.490154
411.762589,474.561457,660.604431,245.438543
415.224472,460.029737,660.673462,257.253815
410.576340,463.569165,656.979980,252.457916
409.046951,473.948285,659.438416,244.117401
403.781448,472.983823,667.595154,247.016177
408.377182,486.308310,661.962036,231.645523
399.617508,482.958449,672.202576,237.041551
407.010666,487.642944,669.442627,232.357056
397.905899,486.224533,680.687317,233.775467
399.536880,465.739250,678.842590,254.260750
392.891800,486.972248,683.024109,230.450272
389.377090,470.176838,694.695251,249.823162
397.379257,475.808809,686.719971,244.191191
396.271835,463.885316,699.439697,256.114684
402.250992,488.624917,692.223328,230.189438
405.859970,461.990525,700.823364,258.009475
399.731277,473.190689,706.663513,244.026138
398.453751,465.144737,711.653870,253.907349
398.724045,474.155159,709.121826,245.345001
405.752731,465.498543,710.127686,254.501457
415.367752,463.151295,700.084656,256.848705
414.157944,458.651072,706.610474,259.515900
434.705582,467.232393,687.548401,252.767607
438.093582,462.590302,676.352234,255.189484
451.585892,462.790971,661.619812,257.113586
458.153000,464.373712,651.900879,254.658798
462.292252,467.226815,643.244568,251.137405
468.449112,460.502625,622.990540,256.720062
470.965256,456.022691,618.241333,263.977309
478.897812,445.125466,604.624023,274.378571
482.435257,445.659737,598.947571,271.779144
484.246902,443.972390,586.791809,276.027610
469.334030,433.534199,600.372314,283.150208
462.727219,435.647999,604.486816,278.900879
503.314285,430.228993,553.250183,277.226807
500.145401,422.826313,560.029846,292.865173
507.273117,420.176579,554.496460,285.117767
518.451828,421.261097,538.913452,288.119751
525.667801,411.254963,534.194885,291.201599
526.410995,415.174610,539.273193,288.623047
533.384079,412.284321,522.543945,282.935364
540.209213,412.261540,514.513794,275.207977
541.246750,409.120365,506.952271,277.216278
545.867401,410.656010,501.055450,271.026825
550.908752,403.175511,495.082123,275.221588
553.261856,398.543247,489.722717,274.373322
560.008224,395.767552,481.945557,273.998077
567.439621,392.706196,477.360962,271.480652
569.799927,391.065373,478.968109,268.257416
573.212311,385.730091,474.539703,268.994263
576.685425,385.804814,468.882050,265.923553
577.449219,378.005619,464.522919,266.751678
586.363235,375.167744,452.094421,266.273621
580.834778,375.128041,453.543915,261.696045
587.117813,372.437229,446.592957,259.269806
586.716934,369.197285,446.868958,258.791809
590.719788,366.451954,435.638031,256.463379
587.296555,367.816044,438.454956,251.630951
583.441376,363.477619,434.292877,254.192566
577.514954,354.499058,432.960663,261.950104
573.645813,357.773648,430.734711,253.384201
563.527954,358.141987,442.712738,253.428284
560.540833,353.920895,428.539520,255.258041
555.035507,352.805538,429.766846,255.779648
552.311401,359.330128,432.863373,244.248291
550.030411,362.083958,434.171814,239.383453
546.785049,367.551693,431.218933,234.579697
534.798325,363.604580,430.300415,236.692429
528.807571,364.722973,427.358704,235.123734
518.937515,353.567456,427.617004,243.069046
513.321121,361.631558,426.271179,237.992355
507.302307,366.956326,425.296234,229.561447
505.604874,359.731175,423.434753,240.932037
498.929367,364.205380,424.554077,239.586777
488.253983,367.907215,429.971008,237.004761
477.478195,369.540119,432.494629,243.268494
468.133591,369.261631,435.525269,242.397125
465.899689,378.405911,431.133453,240.643967
457.937851,381.912785,434.679443,237.978851
451.290955,388.777027,437.530243,235.860840
449.169418,384.662281,437.545288,241.211304
444.574951,391.143330,441.994232,233.278259
439.934677,395.437977,444.577759,232.983276
434.043411,390.805348,443.155701,236.405029
427.016022,389.913830,444.419464,238.094437
416.950317,385.041928,449.365082,243.725815
411.334137,380.531834,452.844025,248.449127
408.872238,382.008000,451.376587,247.665131
408.637558,384.469021,450.823120,239.926926
404.506714,382.200283,451.665619,244.280685
400.102509,378.065190,454.367096,246.339569
390.623291,376.930836,456.943207,253.085083
380.233658,382.023342,464.711853,245.633835
374.706055,374.124653,461.234467,257.004211
359.387054,380.403187,473.167267,254.557007
364.210495,374.999211,467.826294,258.297333
358.526810,380.193989,474.305969,253.356628
357.402649,388.844746,475.837372,242.618347
353.336700,393.459286,477.755280,240.564804
356.435013,389.430584,470.037170,246.828995
348.077530,390.623669,474.735779,244.194901
337.081619,392.939144,483.135315,244.182968
329.251236,388.151325,489.180237,247.734558
315.121201,393.035954,504.620117,243.742645
311.863098,384.923077,502.202118,251.541885
313.650558,386.997540,499.779297,251.718155
327.405670,391.857762,481.235138,252.735626
314.163223,381.451100,492.642029,267.660522
294.647110,378.396977,509.189758,271.628387
304.354599,379.820606,496.696655,266.617920
292.875229,374.017536,503.906860,274.587952
280.806747,379.915577,515.079224,269.432373
289.950272,387.034001,509.159485,266.282440
299.453506,397.528675,504.267639,259.050537
307.931854,399.632450,498.552643,257.030243
285.177139,394.011540,518.869934,263.147430
286.494003,398.958332,513.687012,256.125061
270.159531,392.865132,523.450562,262.713928
279.190781,395.324452,514.856445,262.325806
268.760391,393.255131,520.521790,265.699677
263.083481,396.696064,528.244263,263.363220
272.314621,400.281941,519.148804,264.679871
265.432388,400.641377,524.875916,268.395203
268.699448,400.900028,518.535278,267.484955
260.104507,402.024281,523.760193,266.794678
252.569778,403.058598,526.977600,268.822113
263.036911,397.898472,515.088379,273.289948
260.856705,390.410771,516.500061,282.953827
256.180191,393.303150,522.245911,280.339966
257.208511,402.645191,526.487000,271.590210
256.999649,403.895558,525.808044,274.045166
261.579605,405.733006,521.098816,270.481110
250.646439,400.504963,528.249207,277.295227
248.060593,398.074696,531.332520,278.814575
251.989853,398.795582,527.045776,274.302979
253.096359,403.371052,529.023560,275.748352
260.131516,409.693577,522.352417,271.890289
265.730637,410.358967,523.057617,270.623108
265.713333,409.715061,525.951721,275.946808
274.895767,408.302906,522.054504,275.118896
275.158798,409.701206,521.041992,271.658234
287.685593,409.270802,510.754639,271.026733
286.293716,404.330509,518.102112,273.977509
299.084610,406.459461,510.878967,269.218018
308.878326,406.137120,509.350494,266.448029
317.320679,412.874836,507.362640,257.665466
323.157104,406.210560,507.804535,261.372437
331.761780,399.465397,505.557709,264.602020
338.698990,395.709599,501.532898,266.786346
350.672684,393.282566,493.667786,266.796661
354.535553,391.171681,493.460968,263.974976
362.016998,389.928410,493.219025,263.033173
375.588943,396.500431,487.837463,259.172943
387.471893,393.961308,482.818146,258.181488
394.531540,389.269978,481.733398,261.194153
403.975266,384.834324,475.294800,257.025299
412.034958,383.397496,469.197632,256.579254
416.958740,386.567250,467.442719,254.153076
430.752762,381.488072,460.074036,255.128937
436.219482,381.053280,459.446869,250.153183
442.325012,379.617665,460.676239,247.788086
448.394852,374.867489,461.421570,248.805893
455.920135,372.877796,457.647614,248.662964
466.302261,372.421101,452.965027,247.449158
463.179977,376.670849,461.196289,241.743118
463.195847,372.784107,460.480713,244.032471
466.051804,373.398136,459.458130,244.328705
472.103592,370.294712,455.480774,244.843658
477.558731,370.333523,455.351013,246.505783
479.591461,372.970036,459.652740,244.822723
487.087753,373.424450,459.625854,243.774002
492.387100,371.940823,455.615662,247.866501
494.949081,373.972592,454.622925,242.173447
499.381287,374.400814,455.509491,243.991196
500.366837,371.679501,459.544983,245.291977
507.558136,371.136616,458.411407,245.192444
515.391525,370.087155,454.579224,248.359482
518.681122,375.014248,459.073517,242.974045
525.394089,376.122219,459.394531,242.011642
525.297638,376.529385,464.918732,242.560593
527.533844,376.462528,465.794952,245.605194
533.958481,376.157635,462.082153,246.652603
532.886093,376.107693,471.136841,247.335373
535.151688,376.376141,473.780090,249.070816
538.528046,373.311466,477.806793,249.071014
548.207718,377.937092,476.275574,249.303406
552.904480,376.047032,478.885712,248.482330
560.334137,376.128498,477.016998,247.423523
558.235809,374.756809,482.962677,247.871490
561.689209,372.193669,482.115814,253.406586
559.000595,375.513195,491.707031,254.217361
564.071884,369.700901,489.983154,256.537262
571.044373,365.974293,488.866791,261.056641
565.021881,363.577854,505.151520,261.923126
578.239029,365.941288,500.960388,260.813568
566.733810,369.617543,519.249756,266.952393
564.431870,368.267384,526.102539,267.409180
556.563248,364.390126,536.654724,280.248413
548.602127,362.499485,546.833801,287.860992
555.723587,367.852040,548.140320,285.486816
552.069351,370.366520,564.963318,281.157928
556.565445,373.475544,566.690002,294.608826
562.090012,373.504124,571.215820,292.015533
570.026718,372.864750,572.824829,292.673065
571.983475,377.584477,577.849060,287.122284
559.906662,362.349827,595.445923,301.726105
557.675339,374.431324,603.950562,301.758667
563.762192,372.600453,601.487549,298.833008
563.351913,374.315480,609.570068,303.676392
565.162308,366.895741,615.888977,315.355225
566.937851,365.587742,623.406250,325.901886
564.139328,370.951863,634.344360,316.481018
567.585831,371.776249,637.618103,319.468475
564.308456,362.136769,645.342041,335.319458
568.971298,364.690373,654.107910,330.903168
569.707626,385.663365,654.890137,320.532623
566.916000,376.817463,663.488037,319.324768
576.890121,391.650578,659.275391,315.604584
579.019089,385.663975,662.340942,317.643951
586.532089,404.253376,653.066895,303.888733
587.162827,380.359379,654.147949,316.755585
592.117325,393.303913,647.551697,307.652649
588.333237,392.886341,652.311768,306.221924
593.692062,389.196812,647.660522,308.283356
592.497086,391.990834,652.357849,305.912109
587.816879,380.012577,653.171387,314.157440
584.544479,383.734989,655.765747,319.435760
592.971146,379.422581,642.791809,315.305939
581.969803,387.571553,652.217834,311.884460
576.766373,377.389942,652.149109,316.790161
584.186172,383.259709,645.418640,308.545258
573.634232,383.293461,650.144348,312.068817
577.100815,385.564579,648.070312,303.560760
576.668503,389.200398,650.705200,305.827942
578.955093,385.455891,644.060242,303.932190
569.180069,384.649632,651.625671,308.313751
571.975510,384.727955,646.307495,308.230347
571.755478,379.686863,643.976807,311.459503
573.836990,385.170674,638.343079,293.561707
571.461441,378.183552,634.234314,301.911926
559.379501,373.299244,640.004639,302.923950
573.263229,377.949162,624.812378,297.129242
549.759323,361.797917,646.031860,309.090912
549.712265,359.899906,644.021729,305.332001
554.724136,364.910603,634.891052,298.354065
551.337265,351.537907,638.345459,312.071381
549.294846,354.614979,639.222778,310.728760
548.043442,346.228611,638.907959,315.554474
545.596695,344.311527,637.325867,328.372284
546.870926,343.045475,639.433411,323.229828
547.444626,349.450703,639.775269,325.269226
547.404984,349.779957,646.489563,315.823120
542.992416,347.962071,646.102051,323.726715
541.545486,348.437748,644.008606,322.117889
545.205978,346.743229,640.150024,325.779877
542.037430,341.889744,639.454163,325.644562
539.341690,348.389195,641.488708,321.888336
540.870285,348.943074,642.636597,326.852844
535.847427,352.975712,645.999451,323.661835
535.106979,344.393666,650.741089,334.398193
528.886673,345.000675,656.256409,335.672211
525.406815,344.260685,658.442200,337.389252
524.726913,348.272953,659.229980,332.944550
527.735672,348.005207,655.299133,338.605774
518.310684,345.917546,663.869324,331.428070
518.050919,341.693684,662.966492,349.291565
522.180344,351.355274,661.658325,335.799927
518.965256,362.498844,667.942749,334.903168
525.689987,363.001988,664.301392,327.119049
525.123703,364.853031,664.222290,329.595917
524.180801,363.304783,664.323914,328.646271
523.764999,363.446827,662.295898,330.290405
523.666916,360.844151,660.690308,332.791168
516.819595,361.027088,662.224060,328.395020
519.769089,355.983906,658.373413,339.860535
521.760269,351.476902,655.101501,337.834015
525.613052,360.069493,651.811951,339.198883
518.326797,360.355854,660.309998,331.371277
525.104263,366.403401,646.480896,324.679749
522.387070,365.032856,649.557617,310.101501
520.169174,362.906239,646.047119,323.121094
499.644302,353.155613,665.337341,324.094269
526.977737,350.550419,639.729553,334.116669
512.741379,350.362461,653.453491,325.981598
532.540359,354.084126,632.896790,327.873962
517.888107,360.721928,647.848267,320.998749
525.214462,360.800556,635.503174,318.326111
523.605240,361.415180,633.984802,321.667908
512.200821,364.025059,640.861023,316.534576
519.643112,367.400532,628.939575,315.575867
511.117691,362.593968,636.974792,314.312531
519.777786,354.362355,625.321350,334.087524
505.641922,352.918782,643.930725,320.150452
504.938492,349.959736,643.832703,328.184753
502.068497,339.566258,648.715027,332.836212
507.080856,346.062290,641.130737,333.112457
499.738724,338.333607,648.427063,328.590088
501.718826,339.775654,645.442932,336.887390
484.497726,323.613896,660.178833,353.441864
481.851486,329.443836,660.463745,353.983887
476.277603,319.188832,667.650818,357.315430
472.407150,327.357685,672.615356,350.873230
478.011612,331.629338,667.665222,347.540375
480.916885,337.488575,664.943542,338.135132
476.035599,332.769169,670.465637,355.022675
468.497910,338.267109,673.140869,343.118103
466.304092,335.812062,672.035583,355.684448
468.917679,340.016133,669.046936,352.540222
463.492081,352.555226,675.385925,348.867554
459.390427,330.458561,682.548218,363.292084
463.917007,341.651646,680.778748,355.136871
458.594589,335.786137,689.180420,359.146942
458.749161,334.039418,693.283142,364.957275
455.832260,332.753666,699.474609,367.284393
451.537552,325.970387,707.710022,379.990112
447.345963,327.222523,715.947693,379.892334
445.794571,334.854344,713.377380,374.721710
445.482162,328.982487,721.049316,383.151947
442.242050,333.228047,729.955566,378.438171
443.029007,341.940983,738.621887,374.353607
444.834457,343.049763,742.796143,369.737610
445.350174,353.845219,743.285461,358.039032
448.735184,353.157795,740.267883,359.175354
445.185104,360.146946,751.207397,354.272736
441.033920,344.130970,751.916992,373.347900
437.440506,356.589527,757.413635,360.613403
440.061447,367.324024,752.184692,346.849976
441.916946,354.260746,759.575745,357.521454
444.550797,369.648350,762.937927,345.142242
435.610611,356.425511,775.087585,354.904327
444.996384,358.675480,768.302124,355.931976
446.933640,352.799427,771.294312,354.907471
445.089096,358.683293,771.765625,352.058197
440.860947,362.484349,773.573242,346.252716
449.680252,378.154576,760.644592,338.016022
455.969009,365.634342,751.465271,348.498627
481.333969,380.651005,725.360107,332.809052
483.975143,382.913594,721.968384,327.237244
499.115128,401.443623,710.348816,316.179871
510.104141,389.823200,701.833923,323.132874
504.317459,403.740910,703.313782,313.036713
514.376785,396.364353,695.190491,319.522736
514.933121,404.400959,691.935242,308.901672
526.639908,394.612217,682.707947,316.190826
524.118332,402.481312,688.499146,307.895996
529.555710,400.673542,686.658569,309.138977
530.911819,387.225926,686.099426,318.494415
524.426559,391.141972,692.347046,317.657928
526.869766,384.597782,685.716980,320.662079
525.044601,373.203785,698.862915,328.120728
531.822647,358.350621,699.197449,340.548004
545.719620,359.312229,687.264343,353.724396
544.727737,363.227360,699.882385,339.664886
541.014603,375.416233,712.680969,337.532990
545.738876,373.105686,712.349854,328.889435
542.141830,379.853565,725.842773,332.289917
544.019791,375.705387,717.693787,334.706146
538.392380,388.313938,722.708130,327.746613
538.374680,391.022801,728.208862,324.178741
522.722275,390.611683,748.820068,325.684814
530.953598,391.602909,744.058838,328.397091
522.021103,395.049471,756.689697,320.715149
524.220993,401.124041,753.778442,314.753998
524.379807,405.831225,755.620193,310.528595
520.145836,407.006106,758.669189,309.772583
520.104912,406.683458,756.191467,308.887848
521.388329,407.456041,750.218628,306.923492
521.705162,402.768358,754.830811,311.825958
519.889580,401.373491,754.152893,311.282928
517.583092,401.978548,760.672363,310.992981
523.801476,406.331316,752.944824,310.275482
526.809166,411.612673,751.413818,306.580688
522.933983,419.105394,752.776001,300.894606
530.623314,417.638772,746.460571,300.426971
524.656975,423.532540,753.264343,294.187775
526.705315,414.111703,747.454529,305.146393
523.038719,419.032556,756.961281,297.465332
520.022594,420.633599,758.284546,295.699280
523.161388,417.761956,753.650024,299.251892
526.210613,419.348138,751.907776,296.017029
521.679028,424.738030,758.320972,295.261970
523.048010,421.382535,755.875488,297.408020
522.318457,419.382000,757.247192,296.150787
512.811285,414.547925,763.566223,305.452075
513.507452,406.731817,765.681458,307.919495
514.954199,405.096060,763.743042,314.185394
520.037970,401.165091,759.415833,317.550751
524.409979,406.096014,754.091003,313.903986
524.084326,406.488849,755.915674,309.041168
516.447314,411.141574,762.117432,306.141235
514.148089,417.881610,760.795227,302.118390
506.867114,413.296930,767.791016,303.466461
500.627734,414.136941,774.155762,299.467834
491.475696,414.833902,785.028198,305.166098
492.502002,424.493138,786.300293,294.171600
494.565722,430.462468,778.927246,289.474884
496.989947,438.528065,778.214294,275.647888
494.783191,433.351628,780.786499,286.648372
487.276111,435.765917,787.066772,278.108612
478.897265,414.179140,793.708984,303.371277
468.171100,410.323138,805.820740,305.432648
463.578418,408.462145,806.430420,307.029144
454.560840,402.052569,811.276367,312.580475
453.323199,402.438372,803.492615,313.163361
454.471728,404.595675,798.327881,308.151245
459.026660,406.778826,782.706787,312.057892
450.993365,407.117541,778.067078,306.510834
439.939593,409.162844,768.418274,309.002258
434.226184,403.920123,752.719360,310.269440
429.201129,406.669375,737.654724,308.602722
427.956988,403.713839,730.093201,313.219849
426.766223,413.652193,724.306274,301.059692
429.112781,402.940432,720.115356,311.489807
428.586627,399.625140,719.390076,314.471222
429.612597,402.374773,710.481934,310.058624
423.439929,400.367037,706.128296,308.615356
424.768573,387.127734,692.179016,324.540985
416.784228,387.550555,688.480469,322.321808
418.863238,383.481051,677.214783,325.775269
426.498797,383.484957,665.500061,325.310181
430.976001,382.292010,660.453857,326.396515
438.079669,380.843798,653.910583,327.538788
442.125018,388.324267,645.658997,316.258759
451.060962,383.935030,634.640869,322.356812
455.186175,388.319582,620.323303,317.238098
455.487506,382.069659,609.375183,316.621979
455.980487,386.014712,605.583313,307.748962
456.911548,386.756152,596.163574,305.504608
462.942920,388.021105,589.256104,299.931244
470.264239,388.069659,580.829529,286.734772
480.194140,384.284563,570.972412,284.871246
480.120929,386.524813,562.770569,283.244629
478.966662,379.964404,556.370605,283.537689
476.789569,379.566409,548.010803,284.955383
479.787433,369.578646,538.569641,287.589355
478.176013,375.192202,535.607788,280.826477
478.873492,376.635958,528.069641,270.568237
480.205462,378.790255,526.298035,267.388306
484.441638,384.411349,519.745117,267.407593
485.007648,383.128054,515.414124,266.075867
483.736377,380.139819,512.267456,270.062469
487.547702,377.649325,506.368073,266.075317
487.230411,378.282000,500.651703,260.882477
492.040347,377.773531,496.879120,262.167725
495.956653,376.703051,495.078979,260.498260
499.716464,376.926051,491.905670,254.533463
499.463717,371.936770,490.533478,256.289124
501.072848,367.122195,485.402740,259.324890
499.907931,362.159258,484.637482,263.347809
500.645190,359.069704,481.845947,264.675720
506.691852,360.914431,476.458557,260.727478
512.793139,355.554247,471.949097,264.250824
518.426455,360.961123,468.063202,258.104187
524.317111,362.476496,463.879181,253.975174
523.420993,366.508051,463.413116,249.912186
528.881366,366.350939,456.730042,246.298187
531.672992,362.255267,450.570862,246.011505
534.378085,366.537913,457.233429,240.946457
537.616366,366.945795,439.178253,241.033401
534.154162,367.095042,444.107544,241.245163
536.641635,369.157053,432.912994,236.617844
534.249957,366.914050,440.013367,238.983124
532.704196,358.853465,443.177277,246.501999
532.654712,353.827265,441.336548,252.092484
531.266559,357.429926,444.363953,245.758011
532.180560,360.486170,440.910828,240.821060
531.272021,361.164683,444.755615,238.278854
530.741580,368.877329,439.385468,231.970627
536.667102,372.614985,428.858154,225.995438
537.076663,371.347002,424.004486,224.336700
539.676288,370.428011,437.563904,225.924683
540.711642,371.159808,416.824127,220.679352
540.610309,372.773547,415.873474,219.572723
541.811633,369.762064,411.757812,219.721420
538.486056,363.669085,408.852936,221.706573
538.721774,361.671374,405.853668,221.048798
537.885287,365.457781,407.346344,219.041656
543.848041,368.542155,399.354919,215.786850
524.028018,369.816180,425.292328,217.911896
541.884982,369.882426,404.933746,212.819077
535.784015,367.684542,414.546448,216.390381
544.402087,365.297526,403.598389,222.166489
520.409976,363.526133,431.463837,219.015549
544.817676,366.262377,409.327148,216.177460
537.803683,364.254504,421.768097,217.733368
549.140262,371.413691,411.873627,210.481888
545.127658,372.908526,414.091339,214.982574
556.788836,372.060000,405.345520,213.959167
558.389194,369.173098,401.804718,214.737366
560.410113,375.075037,403.865540,209.295914
557.783313,376.167559,409.299927,208.907379
564.544101,371.613467,401.648468,212.765808
564.824496,371.714236,406.000763,211.552307
562.820437,376.536364,407.492401,207.954193
567.955493,373.205584,405.788086,215.462189
569.277026,370.292696,409.603394,220.747681
571.874286,373.014315,410.370178,218.410034
568.996676,371.389803,416.209625,218.375732
568.544772,371.530657,420.091827,219.802765
571.577029,379.118922,420.033051,214.717056
568.573932,380.291979,428.645081,218.210175
578.354999,384.585497,422.099060,216.300751
578.278750,378.861697,424.141449,225.264954
584.681643,380.095408,423.429169,222.661911
587.946948,382.504664,424.132568,222.541275
584.780673,378.008219,433.380402,228.817978
584.326175,382.313578,438.696625,229.562851
589.805377,380.002726,442.347473,227.156113
587.550616,382.841822,451.383850,233.767349
593.077884,384.363970,450.357391,230.764557
592.850986,382.062189,457.974884,237.468704
588.283114,380.673968,466.788483,242.466217
590.289828,382.489336,469.591827,237.776642
597.138995,383.643649,467.635315,240.530640
592.123645,387.056734,474.682617,240.159302
591.337955,389.219355,481.378876,241.624710
594.483386,391.560381,487.366455,247.749664
597.180942,390.932719,489.759918,251.390854
602.543643,396.677897,490.042084,250.869858
608.528567,399.627917,489.166595,248.286102
609.114963,395.887652,491.525177,253.447052
613.333667,402.875742,492.237671,247.684738
613.045169,390.509989,501.805389,255.713852
613.560443,400.759165,503.086365,247.407150
619.665515,397.278963,502.469116,254.152344
620.528125,393.678187,503.519165,254.129654
618.128757,390.889132,507.837189,259.136597
614.909442,394.611773,509.517517,257.060333
611.226214,386.202685,514.586609,266.679779
610.357898,381.871218,518.883667,273.644836
609.747790,385.522005,522.097290,272.109253
615.966449,389.695071,523.182434,265.169250
616.274981,397.184679,527.485291,259.817963
621.159350,402.978793,525.055054,259.494507
627.634082,399.124453,518.817383,258.956604
621.235888,399.658785,520.971680,254.664307
622.805926,396.522295,518.446716,258.474762
614.652942,392.303500,523.722168,261.859619
605.386279,393.856844,534.472168,261.524414
615.379992,383.129412,522.658325,270.045441
609.997882,394.101977,528.399475,257.309418
617.588641,389.918124,519.229553,262.468750
609.057025,384.109332,524.677063,267.272125
597.255603,386.184039,533.875610,267.941071
599.557361,382.583834,529.604248,266.394775
586.360766,380.585375,539.310913,273.008636
589.428088,394.360934,533.368286,258.079956
578.940539,385.546008,543.637329,272.825165
580.757892,395.606173,538.442200,266.746338
579.659015,388.480212,537.674866,276.405853
575.789264,394.364260,544.769226,274.130432
575.882342,396.774660,539.913635,271.024109
575.259234,399.151888,541.003357,273.099243
575.870624,398.968249,541.407288,280.216400
572.046924,398.890017,545.612793,278.283997
577.815326,402.756503,545.407532,278.175903
581.219073,404.204043,549.521667,272.794250
581.952044,404.070162,550.256165,274.872192
582.216662,400.347109,552.131104,284.700134
573.569751,390.008944,561.928955,290.829346
567.072680,389.195589,574.057617,298.203979
569.355914,389.163714,578.220154,293.785065
568.768817,390.849261,585.150940,302.239166
574.376117,389.988757,586.890930,304.536591
569.670093,388.107104,596.680664,307.829926
577.344470,389.544314,595.023804,309.080505
580.148273,384.388827,594.943298,310.505493
579.455188,384.284167,596.280396,312.958710
577.664081,385.528887,599.251770,312.885773
574.799335,382.720217,603.773987,310.332458
571.427600,386.254992,610.910522,304.898895
579.413806,380.451937,608.088013,303.253052
579.233081,381.241915,607.528809,308.802246
583.321277,379.157519,607.858765,306.092621
584.101947,380.580981,607.277405,306.021088
585.295367,381.636126,606.582458,299.041656
584.566577,377.699374,603.620605,306.274048
580.939380,380.090304,608.979492,306.116699
578.690967,377.145449,612.959473,304.001038
572.117663,381.160860,619.570679,307.957031
571.245990,374.476000,624.076233,311.140228
567.883410,374.752352,625.494507,312.991089
564.826831,370.212603,628.696533,311.885040
554.424365,369.895327,630.763916,315.556213
552.252429,367.074191,633.640015,328.100830
550.098773,369.323992,634.470764,321.475494
548.409534,367.824313,635.271118,331.825928
546.304645,368.206316,640.760681,324.352448
550.496936,370.209063,640.999878,319.457306
550.567462,368.768633,641.727722,332.259796
552.171954,365.486956,639.387634,332.313629
551.337085,372.928469,639.301025,325.367371
552.862353,369.333346,639.462158,325.129639
551.698718,378.929476,644.632202,325.334106
554.200458,376.366961,649.981018,328.067535
556.559833,385.311694,654.539124,322.315521
558.864978,382.981036,656.288208,328.514679
559.410388,379.597384,665.894653,331.552002
562.046039,385.689608,667.242493,331.432495
564.040729,380.750903,678.773621,333.823090
561.313037,379.444796,687.265381,334.981445
566.893725,378.589907,693.711182,336.266174
563.620929,378.180498,707.490662,335.526154
565.755115,382.527071,705.392700,333.761475
568.779071,375.145708,709.839172,337.596222
574.928119,384.325793,702.469055,331.544891
570.745379,369.277132,709.254621,343.303833
580.450174,379.277621,699.549826,334.410034
582.984547,375.616839,697.015453,342.312653
586.554346,389.504259,693.445654,329.946259
590.856946,396.479144,689.143054,319.697174
595.172736,393.265017,684.827264,322.763123
596.472995,388.015887,683.527005,327.884918
591.321306,361.498400,688.678694,356.750702
597.285928,391.247012,682.714072,323.111633
591.372517,381.998827,688.627483,335.652679
606.946360,394.727297,673.053640,324.744080
608.684178,388.701632,671.315822,329.237793
612.184771,374.590151,667.815229,345.409849
619.016275,386.273942,660.983725,329.903595
610.167103,394.360002,669.832897,321.095245
624.821040,394.229097,655.178960,325.034058
619.024747,370.014772,660.975253,345.694397
638.766982,385.052262,641.233018,334.947738
621.893348,361.798241,657.626526,353.232880
650.706062,376.079751,629.293938,343.838562
650.454563,376.279076,628.190491,341.449677
656.837467,385.109337,621.118286,332.530121
643.738163,386.103371,636.261837,333.066223
605.363222,386.416573,674.636778,324.659058
628.228516,405.108224,651.771484,308.474731
630.789826,380.442650,649.210174,333.299042
631.229172,383.052209,648.770828,333.361664
627.559898,382.236870,650.072021,326.075348
639.157494,383.142068,640.842506,329.335999
649.727795,384.314126,626.799316,324.127869
649.711865,394.779900,630.288135,321.229767
630.614965,397.424599,649.385035,313.816589
619.415088,390.372063,660.584912,317.615997
624.929590,386.528298,654.591797,326.639709
607.070428,382.828866,672.929572,325.241699
609.534055,377.024193,669.562134,337.017059
587.614011,379.254937,689.230591,326.143463
567.484311,385.835488,711.589600,325.733337
567.813809,384.400124,707.650085,325.690002
555.641415,383.220589,723.364014,325.749023
550.935239,386.535561,723.543945,325.487732
543.305081,370.964699,727.257385,335.899719
541.392239,389.434716,727.856995,322.638153
542.714291,385.623818,728.119629,328.904724
535.568234,385.314675,734.810425,331.283264
532.120206,391.034218,741.411072,326.952332
520.415707,386.932107,752.535156,326.168030
506.419247,390.851906,762.532471,325.474426
497.134091,380.545449,773.977295,335.302673
486.868008,386.205117,786.580505,329.229187
476.285275,377.838845,799.021606,338.976135
470.766690,387.775887,809.120300,329.286621
469.353116,382.890450,806.822449,337.109550
461.457577,386.786183,818.278320,333.035126
457.505246,394.627720,822.494754,322.300293
453.433867,383.332371,824.879944,333.058472
442.951689,391.014546,834.676819,328.985454
434.119902,391.532053,842.500061,328.467947
427.592955,415.190587,852.407045,304.809413
432.522765,424.979678,844.351379,294.769073
435.517516,430.360308,842.043762,289.639692
438.732391,439.825998,840.023193,280.174002
430.475249,394.171483,841.726440,322.118530
426.182006,426.697194,853.817994,293.302806
411.452972,437.014979,862.089783,282.985021
401.960907,435.416867,878.039093,284.583133
390.969101,425.725691,886.255127,293.932770
381.752640,426.788359,898.247360,291.628967
386.061195,428.304823,890.040405,291.695177
394.749916,437.062644,881.075317,282.785980
388.400246,408.759055,890.737793,311.240945
361.935951,394.121730,914.259644,325.878270
363.561653,418.963972,912.539490,301.036028
339.214363,399.380515,929.039734,319.213928
346.243172,420.634971,921.966492,299.365029
350.205025,457.776348,917.937805,261.747803
342.548958,417.460384,930.229431,302.539616
340.326820,434.577604,938.087280,285.422396
332.242012,445.593047,945.315247,274.406953
331.385414,465.362625,947.817261,254.637375
322.871895,429.955040,952.291077,290.044960
309.333321,469.960018,960.217590,250.039982
309.118782,454.022154,967.071716,265.977846
304.084968,477.419448,967.531677,242.580552
321.688179,461.401542,954.035217,258.598458
326.409126,402.893306,942.698303,317.106694
312.932259,458.660551,954.830261,261.339449
312.366035,496.706634,960.933411,223.293366
332.844063,450.747268,933.990540,269.252732
313.838386,474.431160,949.713806,245.568840
326.372658,429.465855,928.048828,290.534145
316.944008,480.494867,932.743286,239.505133
336.628914,448.652005,932.783875,271.347995
349.779182,485.209586,928.883972,234.790414
371.560371,474.765918,903.021057,245.234082
370.112526,455.494043,898.974121,264.505957
362.881874,480.125516,908.595825,239.874484
375.577858,443.110640,887.292725,274.123230
372.170051,457.672224,886.336121,260.877258
383.936043,461.278639,877.184998,256.990601
390.567421,441.630080,871.660767,277.499878
404.047462,437.569868,857.368164,280.243591
407.854805,425.782149,846.793274,293.290222
417.454231,438.769896,836.906433,281.230104
413.461677,438.565063,828.953064,281.434937
423.754860,437.384140,806.792725,282.615860
424.637703,422.889030,801.534851,295.762817
430.956306,427.014290,790.504333,292.705658
439.917427,429.783623,780.752991,284.231934
449.079811,433.859550,771.651855,283.715088
456.897255,414.625099,755.786011,305.374901
461.415138,390.090534,743.947510,324.243347
464.021278,361.935718,738.723267,353.016357
458.426247,355.538822,735.979980,364.341888
464.298408,359.613560,717.237122,355.044952
471.819252,372.460773,721.385620,342.690857
473.986488,379.446125,713.830200,339.633972
486.011696,374.591572,704.371826,337.577942
485.963234,378.557087,697.753174,336.319031
488.683388,373.823643,684.544067,339.868195
492.478218,373.279636,673.894104,335.137604
488.843086,362.639957,666.379456,344.053436
491.369179,387.460743,658.274048,320.819092
501.094612,397.191532,645.496033,305.243988
503.051765,383.357502,636.910339,314.040222
502.560768,382.273197,633.502930,308.424652
504.236885,374.817661,633.888245,308.967804
500.894600,356.819385,630.416809,327.179688
503.054939,353.582554,627.726746,327.241730
505.638557,349.335438,626.193298,321.317993
510.153877,352.706623,622.276917,325.376892
514.693031,354.805927,627.831665,321.600891
518.528389,355.121540,621.130920,322.963806
517.877266,365.046070,624.459778,323.553223
524.457771,359.253605,615.591736,323.932343
522.569862,363.842152,617.863647,316.298706
525.289131,371.507465,612.346985,310.519348
530.262184,369.191486,597.629395,313.860046
536.056312,370.141041,591.691040,312.335693
541.403877,366.750324,591.086975,308.527771
542.211342,379.003620,580.682007,291.336121
547.565468,374.819889,565.383423,290.055145
549.060280,366.283741,552.144775,292.809692
555.675941,366.089039,528.106689,284.125122
565.212730,367.186985,505.356232,270.237823
566.469719,370.561100,497.867645,260.936615
576.826607,369.301571,481.962952,250.094833
581.951271,371.008175,466.549072,237.815536
588.519981,368.309498,449.087311,234.503296
590.359825,364.809315,427.164825,223.744263
595.590019,351.329891,415.791229,229.493271
600.342003,349.859997,398.386627,221.631058
602.277016,337.466305,386.035645,222.796005
604.905022,335.353344,379.848480,220.911453
608.390587,334.301563,374.583405,214.317749
612.501091,336.636379,356.959198,206.212814
614.122307,343.683750,340.217377,198.772369
612.731911,343.752270,334.985962,192.683304
613.589668,342.912533,324.479553,190.459213
614.918922,343.584751,328.534546,189.508942
610.274910,346.048641,328.733704,185.137070
612.749550,345.586079,318.929077,183.359558
614.209434,348.653225,312.579132,179.153610
613.709556,347.856220,307.608673,179.734070
611.770195,351.853390,306.342865,173.620590
606.361915,350.677654,308.763184,175.955948
606.321693,354.957767,307.102783,170.403778
607.101356,351.293140,305.045410,176.968262
605.076744,354.767422,304.162628,171.904465
606.728813,355.405888,304.377655,173.014496
604.240211,352.479580,305.387573,174.972214
603.186867,356.429745,303.571167,174.669296
604.352409,353.122768,304.113861,178.369553
603.179359,352.285931,305.555298,178.843033
604.049049,354.452671,304.927979,178.749420
602.790993,351.288738,306.168945,181.910782
602.865883,354.035915,307.554077,181.057541
603.644874,356.820072,309.266113,180.785736
602.311027,357.539043,310.057831,180.959122
602.411552,358.868099,311.946014,180.836411
603.038612,364.508518,311.685425,176.258698
601.759224,355.842487,311.940369,183.786926
602.358604,356.813969,312.911774,185.782074
601.633797,352.904079,315.909241,188.670578
603.590752,355.790592,317.702362,186.399017
604.729759,361.502361,317.590607,184.377823
604.592003,360.718967,318.005890,184.707550
603.400749,362.024998,319.846161,185.190582
603.121879,357.104694,319.079071,187.401917
601.597938,360.220806,321.996460,186.294083
604.218422,357.965839,321.506348,187.407898
604.660454,357.723202,322.539886,188.068222
604.606850,361.826931,324.280396,183.838913
605.383476,362.250767,325.668671,183.786896
605.694115,361.850948,321.644562,184.132431
605.907753,364.199245,323.671021,181.875534
603.073021,359.082447,323.497223,184.916626
604.694954,357.457355,322.486877,186.889954
603.556419,358.168941,322.873688,186.109970
605.397285,360.798077,320.172668,184.416641
606.604118,359.462238,318.785004,185.715027
606.772850,364.565433,319.909698,181.232513
605.883949,364.946186,318.569580,178.753235
605.015205,365.071377,316.782288,179.856125
606.044594,366.595577,314.714478,178.295029
601.304024,368.759281,316.374573,176.669159
602.570076,366.360226,314.424744,179.450302
603.788139,370.391888,311.153290,175.595352
604.184608,372.385120,312.319580,173.007935
604.928444,375.077206,309.986572,170.052597
601.784431,372.574673,309.688049,170.606247
602.954918,372.880878,305.486359,168.989807
602.130592,367.869923,305.121826,171.915405
602.775413,366.601101,302.712799,173.240158
603.502220,367.801067,300.084503,172.668594
604.441490,367.479450,299.279327,167.206604
603.192238,369.575771,298.271606,166.510178
605.044670,366.659496,293.598969,170.053055
604.735924,364.055889,294.344269,168.026993
605.907997,365.261677,291.206787,168.617615
607.097786,361.611591,290.516907,167.078918
609.524773,359.130505,290.162689,170.910355
610.022728,357.616398,290.200470,172.128876
609.748588,356.006603,293.416840,172.542557
613.885673,359.218494,289.995453,168.839111
614.351677,360.518543,290.007660,166.300171
617.139488,352.944508,288.114532,173.429199
618.830162,353.400349,287.404449,170.569031
620.722832,352.751827,287.451019,166.678574
623.610969,354.935947,288.877991,166.904327
627.519234,354.129375,286.757507,164.813004
631.276985,354.692493,288.204163,164.317627
635.128395,349.107983,283.478271,170.662186
634.880073,348.896351,285.525330,170.543701
633.680687,347.729458,288.828522,171.683640
638.715507,346.868626,287.191742,168.569733
643.262520,344.685322,285.481384,169.216492
644.642586,342.761143,285.094666,172.996368
646.010109,342.985271,288.878052,167.916275
650.774895,342.171261,288.024261,170.869980
651.367577,340.562839,289.077911,171.277740
654.167168,342.292942,288.165619,170.425690
656.298836,340.260952,288.154968,171.349655
659.200020,338.312099,286.872375,172.654587
661.865715,340.799160,286.827606,170.054977
665.120384,334.812328,288.541656,174.674393
667.796883,329.823833,288.770569,177.421402
670.142876,333.502964,290.207245,173.428253
671.028053,334.073124,289.539062,172.228241
674.692146,332.683407,289.615051,172.540390
676.302055,332.150593,290.619110,171.988953
678.710258,322.705288,291.129486,179.979050
681.983101,318.219974,291.023499,186.456757
682.849663,328.549671,287.903534,174.051758
687.196037,333.914181,283.987885,168.678085
687.878395,333.778133,286.400635,167.198227
690.001381,335.700115,286.779663,166.066910
691.757240,336.410808,285.338867,167.697647
695.154854,334.838734,284.167908,169.634155
697.167808,333.965641,282.901154,168.721893
700.743919,333.774898,284.017487,169.514755
702.131172,330.946926,281.836243,170.750168
702.211708,327.492885,281.567871,176.691086
700.557045,327.329265,281.933228,175.678726
700.658943,327.855556,279.308777,177.700974
699.437309,331.178867,278.539520,174.317902
698.480537,330.362827,277.960754,174.355011
700.104362,328.758457,273.887665,177.484650
696.753120,321.089703,274.893494,183.900162
697.559166,332.498089,272.784821,173.227310
696.541649,326.369488,273.919830,178.755875
694.030876,333.411045,271.004242,171.838043
694.671287,324.882450,271.750641,181.089569
692.223579,322.629696,269.569275,186.079819
692.411308,323.807644,266.072723,185.164597
692.023109,330.635166,264.336304,180.217926
690.557121,327.038555,261.180756,184.041153
689.034691,330.290737,259.657379,180.832077
686.727165,325.697285,257.032806,188.145203
683.019569,321.580074,257.560181,192.431137
678.094215,328.623920,257.640015,188.358093
678.496834,323.788624,255.189880,192.864136
679.615562,334.471432,249.850616,185.117172
673.169632,330.252865,250.758957,192.340927
673.688934,331.112392,250.128189,191.065475
669.334061,334.695225,250.400681,190.207672
665.333313,334.453640,250.678909,189.584396
663.024773,339.577656,249.041473,186.278137
656.846924,338.560238,252.666214,187.195419
653.551971,339.112194,251.288345,185.683670
649.081917,341.349186,251.480286,183.581879
648.519653,333.946979,249.003860,190.901062
647.810974,331.117466,244.147781,195.694611
646.350914,330.111629,242.842072,196.787094
642.213722,331.110798,240.991821,195.892761
640.753334,334.511898,239.919678,195.500107
638.856964,333.938442,240.646378,195.340866
636.743111,335.351597,240.060608,194.135895
634.910797,337.302677,242.201309,191.929535
633.665871,336.565800,244.218628,191.014252
635.667519,334.505093,240.228760,193.722092
632.181435,329.380955,242.441528,198.413727
632.779068,336.919865,236.625778,191.431000
627.957619,333.616726,239.555054,195.597824
626.655090,330.716648,238.573196,197.158356
628.014999,331.444881,238.214706,197.009872
628.610351,329.361622,236.976028,197.658813
629.070724,331.145428,236.417099,195.593399
630.130585,323.950489,235.729141,202.665527
631.331520,319.758114,232.653076,208.462143
631.541412,326.000271,230.614883,203.426559
634.217720,330.765362,229.385925,197.817032
635.655525,332.399715,227.624084,196.990097
635.946854,327.154735,229.521774,204.283035
636.381889,327.407925,228.979950,202.452927
637.875229,337.731167,226.989120,194.837082
635.714828,338.306103,228.904037,193.171829
634.573547,332.768993,229.237747,199.413895
635.839256,338.487881,226.743073,195.574509
634.977219,338.331005,225.481552,194.842728
636.955208,338.913517,223.040955,196.071747
636.718262,342.090702,222.581741,191.521088
635.466110,346.552662,222.625473,188.284912
636.613640,344.452854,219.110504,190.554962
634.763275,339.222530,222.380508,194.486191
634.535942,344.300548,220.721649,191.094437
634.721092,337.491520,219.672394,195.951324
632.512329,337.617588,220.703934,196.571014
634.237892,332.233929,218.093018,200.532303
636.606697,339.858425,215.533997,190.040512
634.476974,340.382168,216.862045,191.389267
633.728523,324.795872,218.470154,204.771149
631.625282,327.210094,219.442871,202.148758
632.777809,337.045711,217.335327,192.674911
631.523567,338.444263,216.106323,189.411499
628.308273,331.726551,216.210983,196.011536
628.225952,339.283199,217.465958,186.262497
629.293449,338.447063,217.847260,187.321732
629.853920,342.001820,215.121155,183.603577
630.107422,338.376110,213.790054,186.149490
629.069412,339.768627,213.251511,186.839005
628.063415,336.695530,213.685928,188.239166
628.346046,336.073727,214.650940,188.646591
628.582100,334.010158,214.126343,190.947861
627.908699,337.694073,215.586426,185.019485
626.205215,336.986767,218.894699,183.942154
625.685699,335.180393,220.498795,184.239899
623.792091,335.536938,223.151550,182.400284
624.042831,338.131939,220.867416,180.507156
627.789047,336.752987,214.553146,180.360641
626.973312,333.237888,213.390976,183.238556
628.180015,331.329601,213.374969,184.973343
631.961731,334.258381,207.944839,180.055969
628.355041,338.026256,211.463394,176.794998
629.301613,337.430508,209.376526,175.776779
629.074631,334.520176,211.100327,177.047821
626.568947,330.740810,212.095093,180.578232
628.168770,328.204800,208.961182,182.250473
626.439438,329.002033,209.918930,182.731262
626.830948,325.363850,208.588608,184.589172
624.472870,319.248936,212.126236,188.887360
624.060272,316.262859,209.573563,192.577347
622.239944,323.272663,211.269516,183.874695
621.486580,322.376179,208.621704,185.746155
621.020988,322.251377,206.627777,185.308685
620.459373,324.386257,203.132660,181.384323
620.443436,330.102299,202.374435,176.713959
619.437073,330.116253,201.940628,175.667984
618.404816,327.822796,203.336075,176.831985
617.859009,330.858112,201.689774,175.165466
614.123650,331.213062,204.776031,174.027161
614.584747,330.704769,202.637222,174.580551
613.100738,330.877758,202.820267,174.131424
610.115738,333.989918,203.524704,170.508606
610.589409,335.496532,202.076019,171.015152
607.514870,334.019115,204.903259,169.842972
608.577324,336.780826,203.111176,167.574371
601.501091,333.838825,208.288116,170.063965
600.362465,332.467472,209.010376,170.552216
600.686233,329.814403,207.514328,173.522537
599.788811,322.528759,205.143280,180.559341
600.467323,320.433514,206.175537,183.467545
603.347519,323.639477,205.972153,179.344009
604.124405,330.609524,202.271896,173.936508
605.442688,335.869877,202.362747,170.370026
602.523521,333.407123,207.088593,171.504944
603.797676,332.421360,203.299377,173.623016
603.114525,332.590824,204.133881,176.101654
604.771072,329.977634,205.226059,176.413361
605.947105,332.149876,204.645660,174.582977
606.374245,333.674290,204.964722,172.576202
605.618683,336.735996,207.020828,169.765167
603.905434,341.578731,209.489807,160.369736
603.085007,339.528179,210.690659,162.240189
603.460632,339.362163,207.110245,167.920792
602.905624,339.044514,204.416489,168.679932
603.282608,342.312473,203.198471,166.635712
607.370315,343.712032,200.991135,165.429367
608.870911,335.609188,203.409866,168.621750
608.789329,338.511585,202.872101,170.435364
611.891609,334.444004,198.585510,174.496674
613.147270,332.455135,197.796722,175.819992
612.593605,337.576832,198.355896,173.795410
611.457634,336.311146,203.497589,175.555115
613.734192,341.228809,201.050186,169.522949
613.644356,344.835094,204.491638,163.840042
614.132675,343.975674,203.113815,164.392624
616.811325,346.847546,203.430222,161.265091
617.191704,341.375774,204.089813,167.445755
617.355194,338.682186,201.020950,167.766403
625.727150,337.055042,192.101562,171.401001
623.187019,338.017414,194.566833,167.772888
629.172020,343.225414,185.409943,163.416336
630.996368,342.493885,191.275528,162.573303
627.669495,336.929760,195.893936,170.897476
628.639442,333.598316,196.562378,173.757446
630.621559,330.372295,194.855713,177.666275
630.614723,333.519001,197.048218,171.619568
632.569115,329.026333,196.715607,173.836777
637.203255,328.214138,196.229309,175.170212
636.451988,336.018635,200.578400,168.336060
638.949226,330.155125,196.960876,171.230194
638.523987,333.114460,195.514542,170.555969
640.477333,332.569866,197.585754,172.980057
644.320961,337.969356,191.986023,169.682541
647.022835,334.896206,191.775391,171.816452
648.977852,334.163135,190.909058,171.466675
650.746834,340.081653,191.547485,165.706726
651.324142,339.372059,195.101364,166.755676
655.845810,337.215687,190.570602,166.957397
659.179565,336.019962,187.491959,170.193756
661.488258,337.890911,188.602661,166.038040
663.457626,334.862903,187.694809,168.675354
665.153587,329.445148,185.170258,173.402283
665.795822,326.720257,186.170883,172.268509
666.223823,326.718662,187.021179,173.470001
665.731529,328.053196,188.829437,170.209137
663.504455,327.268078,190.176224,169.768875
663.511116,324.402233,190.377625,174.657303
664.335693,324.288303,188.774551,172.749176
663.312164,303.822201,189.825516,194.978134
663.962555,322.412678,189.575638,174.505554
662.210724,329.105663,190.732803,167.095535
661.751991,332.539669,190.348816,165.107834
661.005196,331.989178,189.187500,164.020523
659.648941,330.392628,189.710800,168.592041
659.987694,328.752972,189.939423,169.975418
660.061859,323.090069,188.709244,174.657608
659.503357,326.356281,189.428787,173.399475
655.026626,331.683308,193.526108,164.350037
652.191605,330.610119,192.705124,168.861710
649.253677,331.694012,192.615097,169.907913
644.066673,333.632168,195.734589,167.305649
639.576942,332.311085,196.653076,170.617737
634.294426,330.292866,199.597504,172.250244
629.281616,333.053081,202.179337,169.569839
626.779549,331.967777,203.943787,170.983368
622.549026,330.453739,205.462021,173.345551
619.279823,333.296467,205.716370,171.202820
612.872200,335.784588,206.951843,172.080276
610.601875,333.360065,206.254639,176.474365
606.630394,330.711178,208.782990,180.018234
604.431564,329.277820,209.946091,185.193176
600.918060,331.056499,212.202469,181.434219
597.105141,331.385219,214.498291,182.552231
592.386673,333.285511,220.692307,181.181885
584.017074,338.756687,226.637619,177.327606
577.431076,338.589832,228.495956,178.991699
569.369942,336.756412,233.586975,181.714447
561.541946,337.392979,239.656845,180.103668
555.176765,335.895878,242.697876,184.347260
547.721947,334.519657,244.643646,187.545502
544.017006,336.775509,241.606140,186.394882
537.688919,349.591274,241.756332,177.344040
530.528679,346.900013,244.422516,185.848145
524.554420,346.214710,246.882996,191.387329
518.118286,345.043690,249.163467,196.934082
508.075264,346.450535,256.715210,195.207672
501.688759,350.348659,261.132996,193.970383
492.330574,354.479847,265.110840,194.154053
481.358513,355.657818,273.508942,194.799210
471.528404,359.312702,277.746063,191.834656
462.078087,358.561672,282.827240,196.733566
452.167381,356.357014,287.408905,201.841614
445.151237,356.833736,290.821320,202.297470
437.032905,362.732815,295.981812,199.181198
428.112953,362.345615,300.634216,201.362213
421.213982,366.905773,305.948395,201.584793
411.397407,362.265598,311.584961,210.986237
402.450508,357.136600,318.423828,218.492889
397.987541,363.730556,321.496490,213.783859
392.125832,363.895275,326.928406,218.315994
384.650703,367.165821,333.992188,216.925049
380.040184,367.029026,339.069427,218.393829
375.126869,373.314747,344.581238,215.819336
369.846397,374.960514,349.704193,215.763519
364.686989,375.645313,355.151917,218.585693
362.483375,373.980747,361.337708,225.168976
358.347954,376.943066,367.278839,222.172928
358.607460,378.102993,369.841248,222.516769
353.310219,382.823322,373.922791,222.456604
347.075981,381.910290,377.650543,221.853226
337.222374,384.981853,386.084686,223.570328
332.796638,386.998806,386.922485,224.403976
333.938057,383.358105,384.614014,226.904373
331.406029,387.890797,382.839081,222.474121
329.854027,395.798458,383.497772,213.196030
326.152962,397.690205,380.611694,211.093445
324.026054,395.766071,377.195099,213.187683
320.196327,398.730877,376.853088,209.430557
317.584419,402.414440,373.887939,203.135574
314.122307,402.565632,370.827667,200.533508
313.578178,404.264522,365.467560,198.550400
316.823097,403.364521,359.639343,194.116516
317.862312,404.591595,353.753662,190.970108
323.206886,404.713444,347.772034,188.321136
331.050499,402.401401,338.756561,188.025787
341.068794,399.449894,331.714600,188.030121
350.851143,400.863445,324.159424,186.700577
362.845070,404.584194,315.522400,179.247604
370.933815,405.836903,309.199402,175.949829
382.370628,409.821567,299.270844,170.862091
390.452782,404.100208,289.986176,175.212280
398.927620,400.548527,281.887573,175.677704
406.476631,405.881512,273.112793,170.420059
409.338966,402.492069,266.501770,166.248016
417.371391,406.028217,256.130646,161.465393
418.638161,406.235737,249.944153,160.197754
421.062813,406.515446,240.735840,157.707672
420.509125,406.077083,234.222488,154.903549
421.866722,404.305385,225.818451,153.195358
420.881500,404.949963,218.282364,150.750748
423.285652,412.297199,210.177917,139.901001
423.148811,413.412006,206.849792,136.826172
423.001053,412.859379,199.674606,136.222565
423.951530,412.337040,191.604828,135.986053
419.571831,408.986637,186.261566,139.269806
416.037445,413.452076,183.288712,132.336975
414.173576,410.928211,179.734528,132.670044
410.798775,410.779110,173.208679,130.108627
406.548164,417.617973,169.265686,122.753593
403.792442,420.006683,162.823456,120.690224
397.847168,419.862041,160.393875,118.771255
393.710815,419.656021,156.403030,117.978523
389.142624,419.007782,153.462143,117.073158
386.158096,420.718250,150.205124,115.335144
381.984535,418.314415,147.078552,117.352043
378.873855,422.320377,143.388962,113.849213
375.067123,421.977070,140.626144,112.467285
371.994949,419.386394,137.703903,114.504227
371.200096,419.798935,133.319916,112.490242
369.617569,420.471283,130.295090,111.654091
363.615417,419.954529,131.605362,110.163246
361.923576,423.722942,130.420502,102.864212
361.409664,424.265556,126.817833,101.624992
363.226574,423.456989,121.473930,100.639771
360.489239,422.666298,121.703178,100.158775
359.869076,422.906666,120.076561,97.649292
361.112064,422.428215,117.953682,96.109306
360.875271,422.385548,116.845726,95.928772
360.661274,423.478435,116.638100,94.515091
360.839909,424.157829,115.210213,93.236992
361.083721,422.873932,112.824883,94.682716
361.466148,423.713337,110.788422,92.680664
360.589554,424.303802,111.083969,91.592964
363.503895,425.717556,106.686867,88.752975
364.560219,425.724407,105.304504,88.596878
365.700710,426.864002,102.258171,87.053101
367.995891,427.210258,99.799889,86.413078
370.899444,427.601967,97.158554,84.544701
371.522961,426.734066,96.486290,83.526443
371.926868,426.998886,96.086647,83.538307
370.292557,424.745804,96.818192,84.372078
370.898209,426.223087,95.105820,83.414886
372.020012,426.005520,93.302246,82.980179
371.728214,427.291656,91.260506,82.517952
371.083195,425.158722,90.406288,82.290596
371.656662,425.566673,88.181778,81.764091
368.141804,425.807121,89.709480,79.804131
368.720371,425.516724,86.006813,79.937508
368.127983,427.161091,83.564484,78.114166
365.167049,427.419369,83.748100,78.179764
364.437473,427.999599,81.867104,76.402328
364.056168,426.729595,80.655899,76.708115
361.572861,426.470173,81.704269,77.387268
360.171387,426.235985,80.757553,76.526756
356.031555,427.557026,81.511002,75.890503
352.956158,426.320812,82.474419,75.578995
351.681305,425.095154,81.050949,76.567726
350.169674,429.316589,80.717216,71.919472
346.631962,426.044643,81.347939,74.700790
345.262813,428.015900,79.707695,72.758980
342.026623,427.698597,79.524376,72.218109
343.845188,428.178970,75.664894,71.342384
339.141865,427.958164,77.140694,71.129089
339.099712,427.940002,75.349785,71.773109
335.767830,428.539116,76.916687,70.556267
333.790016,428.326786,76.963348,71.635315
333.187576,428.044624,75.466660,71.421196
328.960380,426.041893,76.806305,73.893944
330.948406,429.811573,72.548759,70.628723
325.472294,427.561294,76.143196,72.945259
326.972767,427.268799,72.382271,71.380898
325.121712,428.718086,72.189514,70.373344
323.190395,427.716625,71.694725,72.524887
324.713272,428.777252,68.033920,71.349403
324.891426,428.599594,67.046509,70.665779
322.419857,429.451733,68.167168,70.879196
322.593098,429.072346,67.005714,70.296997
321.822678,429.854607,67.646011,69.587090
318.573028,429.346710,69.931992,69.171333
320.337925,429.276646,66.881966,68.454132
320.269039,429.192047,66.869621,69.693947
319.385818,429.317001,67.424789,70.052040
318.725635,430.514152,67.558540,67.514030
316.730072,429.765034,68.349716,67.096710
318.788868,427.375164,65.725777,69.253494
316.490688,427.828743,67.186852,67.415886
316.555756,426.099800,66.276443,68.716789
319.129152,427.986427,63.268536,68.499657
317.870685,426.033317,64.879372,68.151421
320.837154,424.503590,62.612877,67.724701
319.342094,425.340370,64.283691,67.748436
320.789247,422.676048,63.800884,68.824547
322.009691,424.019562,63.558788,67.451241
322.797027,419.667671,64.567551,71.634056
324.613842,421.544384,64.036095,68.406143
327.638649,421.785995,64.271973,67.662270
328.987087,419.570694,66.053642,68.178932
333.492000,422.340118,65.800804,65.202522
338.563736,422.440777,65.712479,65.253311
347.197376,422.403824,63.620308,65.745461
355.072262,420.643127,62.264915,67.407478
364.716089,420.637360,61.666500,66.695015
371.442142,420.953796,63.999275,66.399971
383.364765,419.420284,62.539040,66.480209
394.807882,418.077488,61.156376,66.912842
403.287929,418.420097,63.749382,65.525658
416.769680,420.788109,61.893608,64.209496
428.909515,420.828663,61.452255,63.817383
439.943399,419.813114,61.454586,64.274780
456.259539,419.823341,56.448315,64.705864
465.231625,419.843750,56.875450,64.066353
476.438879,421.553463,54.785526,63.991562
485.047493,421.396435,56.315674,64.944138
494.166574,421.165937,54.933254,63.827862
503.163307,421.040741,55.655792,65.321907
512.563028,421.782921,54.065670,65.055321
520.614450,422.682672,54.254421,63.993824
529.324575,423.545267,53.730595,63.181965
537.338989,423.865702,53.522903,63.369984
545.298010,423.296348,53.037052,61.394951
552.241280,423.166481,52.117615,62.319969
560.238438,422.712633,48.275307,61.794102
566.577166,424.171251,46.942089,61.244297
568.498690,424.054577,48.799725,62.286942
574.098703,424.811720,48.452480,61.198498
576.967180,425.519730,50.514233,59.649910
580.907213,423.858539,50.534283,60.448730
584.761255,422.264540,50.214382,62.031994
587.472166,421.558556,51.241596,64.155510
591.893318,420.088234,50.016541,64.928032
594.936138,420.741501,50.731834,65.111153
599.195179,421.565533,49.334053,62.807571
601.774200,422.050527,49.577103,62.721615
603.790832,422.522791,49.260666,62.485340
606.937122,422.776916,48.779823,61.526802
608.641024,422.883840,49.250378,62.522701
610.942400,423.115431,49.298656,62.555004
611.510357,422.858652,50.185204,62.507679
615.462309,420.677946,48.816761,63.494030
618.292837,420.933554,48.830143,63.829159
619.599584,420.501652,49.386539,62.912903
620.610948,420.535908,50.336529,64.484497
624.275673,420.132978,49.336121,63.288067
624.454998,420.156723,51.289970,62.523262
626.926390,419.952625,51.146961,64.075348
629.579210,420.170900,50.106670,63.627537
632.272268,419.265175,49.409397,64.640739
634.000557,419.109964,50.507446,63.517078
634.928509,418.307693,51.380272,63.897346
635.169439,418.063860,52.619175,63.354221
635.920589,415.608982,53.719261,66.692657
637.681541,415.611942,52.841339,66.292816
640.018997,415.998169,51.914932,65.794899
641.949188,416.275158,52.035660,66.492966
643.410616,416.860771,51.915295,66.174522
643.811788,417.813255,52.871799,66.151756
644.412231,417.992210,53.678391,65.649895
645.258152,417.157001,53.614021,67.242767
645.968780,417.962318,53.651321,67.119499
647.554291,418.677059,53.985428,66.744705
648.779669,418.383808,53.826908,65.704742
649.580871,417.016514,54.249619,68.033844
650.185173,418.113060,54.398682,67.790886
652.487867,417.251705,54.173389,69.680008
651.395525,418.642399,55.835339,67.919220
653.373196,418.287510,55.717918,68.937561
651.756777,418.122375,58.817394,68.430031
654.036539,418.929924,56.829800,68.478050
654.704567,418.353844,57.017456,69.519371
655.161632,418.399193,56.303368,68.661095
655.920376,419.525059,56.564995,69.887848
656.232090,419.486401,57.323769,69.958603
657.598869,418.548386,57.983246,70.837440
658.242550,418.176906,58.449516,73.116531
659.465090,419.044819,58.241680,72.467773
660.710968,419.351425,58.389664,71.193825
662.540520,418.785751,58.196960,72.439003
664.170689,419.260982,58.290596,71.377396
664.956127,419.686321,58.956047,71.990189
667.794708,419.036716,57.804764,71.894104
667.151647,419.267036,59.970921,73.360497
669.792267,420.390736,59.276871,72.572479
672.517977,418.904468,58.866680,73.633484
673.701946,419.390179,59.895805,72.766495
676.120867,417.038242,59.735058,76.391846
672.972065,417.844623,64.749977,75.287598
677.243769,417.078365,62.586941,76.759842
673.221527,417.347019,67.813431,75.693695
673.725597,416.195675,68.097588,76.245010
673.878303,418.028095,67.564758,74.073730
672.491909,417.640762,68.187370,75.508827
674.999126,416.912750,64.984184,76.599556
672.694542,416.312817,67.026672,76.961899
672.756222,414.667194,66.946617,78.729309
668.416042,415.217605,71.041985,77.597969
665.190823,417.559711,73.559319,76.626465
668.567966,414.038776,68.790871,80.770416
668.952988,413.033508,67.753677,81.685890
664.924869,414.952991,71.122383,80.592255
665.605602,413.337593,69.459801,82.133202
665.607063,415.749992,70.149689,77.568748
662.776817,415.750122,71.234283,82.144691
663.654629,415.778938,67.943077,80.598076
660.320042,414.794781,70.637154,83.709946
657.988369,415.710453,72.293083,82.757263
655.780315,415.392460,73.223473,80.849976
656.871193,413.445755,73.533661,86.232521
654.615948,413.537529,75.736870,85.108177
655.479271,412.515251,75.052399,90.948265
654.268085,414.275021,76.663521,88.427322
647.778419,416.192867,83.212982,84.267685
651.930923,414.779404,79.713760,88.160133
651.832386,414.680618,80.545326,92.286140
651.659740,416.653534,80.820244,85.949318
654.141830,417.886822,78.558090,91.041824
653.603390,422.078773,80.410637,83.697655
651.548038,418.437454,84.629311,91.343208
650.763573,416.787548,85.809387,94.349716
648.270817,415.856274,89.054298,97.381668
648.638107,414.174908,88.918228,100.311295
648.346405,416.943973,90.477646,100.582855
646.086689,417.431553,93.350746,99.023560
645.266781,418.788368,94.976006,100.548119
642.147186,418.732952,97.984421,99.452103
641.587467,417.242805,97.796150,102.581383
641.733120,416.699303,98.358727,102.980003
642.690182,419.081631,100.003227,99.746140
640.182705,418.248192,103.716026,103.925560
639.899441,416.055153,104.788902,107.628654
638.587780,414.700378,106.692619,109.263985
637.635048,415.868870,109.229187,109.268616
633.591560,416.102390,115.214233,108.978455
634.906883,414.817646,114.061615,111.052399
637.097340,415.315716,113.465126,111.249985
637.542568,414.831856,114.066795,112.269707
637.987919,416.474968,115.445747,112.054222
641.038528,416.854206,116.877182,112.307648
635.185890,414.362095,125.584473,115.623047
637.290256,414.176945,125.565865,115.822205
639.277100,413.309841,124.364822,117.614273
635.448601,411.871639,131.225433,119.687637
633.637382,411.447700,136.845306,121.797905
632.252624,406.679478,141.851028,126.851074
632.985657,405.705303,142.846695,130.454330
631.400352,407.361080,144.728485,129.122330
631.547409,404.867336,145.101181,133.877579
630.930015,407.159168,146.945343,133.243439
630.381737,402.418255,151.846771,138.068344
630.915123,400.888401,154.848114,140.256104
632.311996,401.671482,159.357712,140.470947
634.094910,403.739269,166.188553,143.299240
634.328590,404.794254,172.664490,140.502625
630.595779,403.767422,185.239609,142.566360
635.090347,399.911526,190.462204,147.664810
637.642967,402.915699,195.123260,147.263153
639.052887,403.944034,202.436905,148.826904
640.481041,400.872608,206.247955,154.440826
641.290291,396.843006,212.868286,160.262604
644.440330,394.113567,218.781952,164.455490
646.591537,398.785091,224.381943,162.754776
650.356918,405.015041,227.277512,161.524429
650.264915,407.280765,236.248749,163.590576
652.503837,403.936527,240.030548,169.500427
654.228355,402.056034,245.250092,174.832886
655.953384,404.057667,252.724106,174.723419
657.284386,406.338070,260.549042,175.090103
658.740044,407.178707,266.214630,177.826309
660.863014,407.534382,266.430969,179.865448
658.797707,405.325222,274.806702,182.839554
658.447792,398.870220,277.931702,190.249435
659.736671,398.764866,279.470642,190.323303
658.896309,400.334217,287.272095,190.240265
661.195763,404.603405,292.246796,184.597763
664.099876,398.512424,298.697357,198.207214
663.456077,401.136669,302.850677,195.532211
663.492561,402.404171,310.749512,196.244400
662.415092,398.334042,318.543488,204.600845
667.917595,408.741802,320.622467,193.704758
668.171928,399.539509,327.996613,203.028900
667.263695,398.658413,339.236176,201.293533
670.024055,399.263706,343.584595,208.066467
671.732231,398.328922,348.724152,204.092285
676.974113,399.155926,348.850128,204.885056
675.817970,393.112255,360.812561,210.087143
678.392189,390.020107,365.274963,216.650223
682.290184,388.464573,362.794647,209.050110
688.192436,396.286259,368.484161,207.788940
692.018013,384.434643,372.951050,220.836655
694.863335,384.861683,381.489655,217.339386
692.992195,389.099857,382.930908,211.130615
697.663124,394.453274,383.370789,203.892044
696.306007,389.037105,391.214172,210.004654
700.738304,392.257282,390.959564,209.603729
703.315025,391.994816,387.231171,203.743652
701.418571,395.735729,387.511993,202.115097
697.408546,395.496395,388.423157,201.996475
698.332436,389.410046,386.935974,208.708359
697.549873,383.344646,386.254761,210.443649
697.954170,386.200428,381.709229,207.753448
698.908089,392.356991,378.811157,199.317642
687.873634,391.445896,389.465515,202.022156
686.490425,390.865551,385.288940,198.941879
685.234978,381.316166,380.250397,203.654053
685.982933,389.459232,377.131927,196.034058
682.746757,386.073124,367.646149,197.070190
679.410057,382.960148,372.185760,196.457397
678.238731,377.440044,373.341400,197.417038
678.773674,378.892055,370.551422,194.133011
679.509361,374.527195,366.722260,195.616394
675.966316,371.084812,365.538086,194.473328
673.823982,372.928539,368.882690,192.771591
675.365517,370.816349,366.286682,195.871948
673.974663,366.496464,365.992584,200.733521
670.146599,372.817226,363.446198,194.313431
667.969795,375.584759,361.020020,189.826462
666.485771,376.103237,359.222076,188.945877
660.938118,374.068523,359.993042,192.052414
662.871132,372.611034,354.868958,190.996933
659.378685,370.636120,353.352631,192.739731
654.922996,365.604504,351.428192,193.846054
653.629738,368.863987,351.658752,190.343689
651.520988,371.927936,350.569000,187.900604
649.740425,370.553570,344.927979,186.234421
646.790016,370.128078,345.201477,186.372635
642.910927,366.441433,343.179016,188.518021
638.630318,362.646763,341.632812,189.072571
637.632271,369.503406,336.280029,178.383698
632.397301,368.073437,334.743988,181.424545
626.683357,370.027538,334.073486,179.271469
620.910362,369.499256,333.228119,178.777863
616.674827,368.515942,330.453217,182.683212
612.167656,371.831974,327.766998,178.560669
606.552086,373.567356,324.486420,178.587708
598.624428,377.492176,325.420715,177.069366
594.106636,375.265621,324.647949,179.587784
590.110420,383.002514,323.890625,173.307358
585.854607,381.452335,326.506622,174.265991
583.338920,379.270107,324.823761,177.021439
580.438820,379.541874,323.571594,175.854004
577.688103,378.910648,320.819733,177.208496
574.001594,382.829365,319.801392,173.488983
569.366035,379.805195,318.469604,176.547333
563.956169,384.432278,318.729645,173.228592
561.802544,376.900730,315.055939,179.529236
562.551857,381.053883,310.708435,173.225861
557.546806,378.871105,315.693756,175.083725
556.433891,385.826519,311.817657,168.418503
552.901268,380.620319,313.408783,175.147308
551.894997,380.879566,310.336731,172.829132
551.027321,381.381901,307.661926,170.976562
551.522667,383.075451,309.330536,168.701279
548.290474,379.910381,307.601807,170.562668
546.551155,381.932224,310.138184,169.219543
544.963844,385.363415,306.008850,162.735336
543.934120,382.570476,306.358337,167.760422
539.944023,385.894443,307.513458,163.389465
537.770515,382.178585,308.280762,166.320938
535.214546,380.846569,309.455933,166.740463
531.971275,381.710041,308.086761,164.758636
528.849434,376.504482,308.533936,169.065140
526.512810,378.002659,309.550934,164.598328
524.062080,377.853748,309.982910,166.066803
521.701668,375.745251,309.943359,168.716904
520.290672,377.564548,310.608978,167.828674
518.365303,375.747776,312.517700,169.861267
521.089622,371.897228,311.578217,170.408066
521.827049,373.538189,313.465179,169.255417
522.406334,375.715946,314.789764,168.666504
527.936775,377.004482,313.807373,166.919998
528.462334,375.643894,317.287750,171.633850
527.629143,374.727268,319.381622,173.942200
533.706352,378.417179,318.677032,172.229858
538.515526,377.004215,318.283783,172.331299
537.313499,383.210194,323.857513,168.123444
538.005974,385.360798,324.904816,168.131317
538.606239,383.331791,326.020325,170.895264
539.504341,382.775272,327.438721,173.037720
538.253364,381.835598,330.676025,172.090530
540.799217,386.456455,330.187469,169.729553
541.058372,382.595524,331.883026,173.285034
543.215538,387.139568,332.293304,167.451584
543.987205,385.207348,332.918427,169.655502
544.957619,386.863048,332.100281,168.267807
546.266502,386.595379,331.282806,169.387131
543.978889,388.514377,334.316772,162.931946
543.625832,385.204960,334.807678,168.742920
545.201500,386.625347,333.783417,167.562180
543.995750,386.809093,335.374115,167.435043
542.556084,385.553669,337.909088,170.233124
540.800972,381.556744,339.694336,172.474045
541.480308,382.331180,340.805267,171.731323
542.292747,381.967876,341.373993,174.197067
542.940544,383.080387,343.809723,172.317749
540.780693,382.291813,348.146759,174.021729
542.661949,382.781689,347.850922,176.927841
541.214180,383.323543,350.044800,178.380997
542.741981,374.799740,351.193054,186.160904
544.018684,380.927799,353.051392,180.675415
544.626152,374.828716,356.556793,187.043869
543.642265,382.006458,360.692169,183.613922
545.115715,382.093250,361.651764,184.886749
546.175011,383.603207,362.833954,184.048477
546.938026,380.006718,365.060120,186.278076
550.157341,379.292705,365.886261,187.786667
551.383720,377.479496,366.411652,188.425049
550.876778,377.792461,369.540283,187.748825
551.288902,376.633266,368.071991,187.929886
552.690224,379.839153,369.923889,187.102707
553.830299,377.929455,367.887756,190.123764
552.779716,382.314243,372.090973,183.255310
551.328957,380.026295,372.510803,187.001007
553.687965,381.299114,371.021057,184.930588
552.525215,379.722370,372.690918,186.632660
551.678642,378.334217,374.580353,187.694489
549.330177,378.403248,377.976013,189.332672
551.657066,379.789944,377.891083,191.562820
552.862129,378.920864,377.864868,190.738602
553.533104,378.871502,376.110809,189.524582
554.891960,376.593784,376.030792,190.170837
556.389259,377.533436,373.739563,189.828033
557.097084,379.721844,373.803284,186.661911
555.505546,377.810795,374.302521,184.535034
555.657707,375.958225,371.805206,185.853577
557.619392,378.539753,369.312622,183.507904
561.013710,378.842770,367.398010,182.265152
558.270119,376.464748,368.537537,184.715164
558.915153,373.014088,367.953766,185.705841
561.313270,373.692188,365.604675,185.180695
560.379463,373.555530,366.714600,186.313751
561.064751,376.312076,366.113068,183.622803
560.927055,377.956608,365.273712,180.936157
563.922279,378.804356,361.799866,181.427551
565.369804,378.475132,359.992462,180.965881
564.121971,379.937733,361.354340,180.072540
563.536140,377.964222,361.184570,182.030792
565.698662,380.426617,358.082184,179.525314
563.644142,381.347309,359.737366,179.128021
565.504722,380.551029,357.260345,179.420288
566.040718,380.820698,358.201050,180.048553
566.341194,379.341221,358.242065,180.418640
563.810280,378.385464,362.390564,183.121170
565.129356,381.028812,360.173309,181.502075
565.498650,381.220867,358.989288,181.889938
568.907661,380.140652,358.833862,184.416214
566.313454,380.644840,364.687439,181.814697
565.079124,378.705761,366.472870,183.096664
567.992103,378.668720,364.539612,183.943085
566.090431,377.645046,368.365784,185.635330
565.802986,379.553921,371.079346,185.048294
562.758507,377.173817,376.050629,188.424103
566.549919,376.618061,374.454865,190.604462
563.916603,378.212612,378.459412,187.022781
561.747612,375.390591,381.286285,193.307083
561.960869,376.740528,382.384430,191.340118
560.541542,376.421665,384.259705,194.825500
562.835747,379.196667,383.391632,193.437485
561.481468,376.398518,384.685028,196.048798
561.866890,378.075428,388.159668,194.513824
563.162590,378.353023,388.995026,192.959488
562.045128,376.245434,393.540131,196.075912
564.501121,380.058323,395.372040,194.734070
562.515236,378.928142,397.675842,199.422653
561.612816,381.020824,399.246429,199.039658
560.630577,381.015613,400.738251,200.165680
558.941475,383.427822,404.301880,201.642654
558.227745,382.649601,404.293671,203.640381
557.941643,384.573872,406.477203,202.485931
555.768120,384.868313,409.262482,205.532913
555.386528,386.398701,410.265289,204.466888
553.558082,389.154056,412.086975,204.361694
552.836891,387.753071,414.402405,207.559174
549.047813,389.995693,419.567474,204.833084
548.345756,390.471294,419.897125,206.017990
548.881813,390.281025,417.857483,207.347748
547.646538,389.522076,419.396759,210.309982
544.396767,389.738903,424.412415,212.306015
542.221565,387.497822,427.316284,214.460663
541.695137,388.529255,425.724731,213.298431
538.368202,390.927471,427.041199,211.077438
534.271019,390.000233,429.159393,213.400177
533.000557,385.821049,430.435181,215.125610
534.406151,380.407299,429.634979,218.713852
530.334587,378.446003,434.378693,220.971527
527.156166,380.292705,435.071350,219.025070
524.075249,380.717953,435.281525,219.597672
520.789848,381.959209,434.893463,219.651047
516.867943,383.083141,437.094330,220.562729
513.854591,382.753284,437.315491,222.505035
515.415932,382.585163,433.750671,223.163788
516.806312,384.424137,431.714905,223.606689
512.337074,388.297474,437.008362,218.555695
509.494331,392.007854,437.703247,215.313644
509.318046,394.039432,437.556061,215.058350
510.061882,393.978138,432.833527,216.511383
508.472496,392.217449,431.495575,220.491135
505.611458,391.407734,431.316772,219.676849
507.676369,392.258755,428.281189,218.816483
504.845543,394.418392,428.036957,216.424332
502.361763,397.708614,430.162231,212.658585
502.416283,398.468563,426.740448,213.473648
502.401253,395.676075,426.221558,215.452179
503.675362,395.831463,424.403198,211.412277
504.779640,395.400906,421.837708,210.245560
506.030022,393.259533,420.053986,210.392685
505.468864,393.765140,418.089630,210.630127
506.454460,393.732357,415.639923,208.959366
508.778038,395.078136,412.648773,204.624619
510.397728,391.627399,408.450409,206.845795
511.923424,390.528271,405.918060,204.467270
514.860405,385.254383,402.931305,204.359283
516.681984,385.521450,401.888367,201.854324
520.295265,382.160267,398.616760,204.513824
520.517784,382.407795,398.829193,201.676849
524.108620,381.369823,395.300598,201.322861
525.655540,378.470325,394.080170,200.603668
529.879814,379.442844,390.917389,199.379456
531.193870,376.043041,391.561371,199.870712
536.262276,374.234081,388.996216,199.803696
539.482551,374.568149,388.452271,197.856873
539.491249,374.996021,389.152405,196.992096
539.549675,373.926685,389.018463,196.019684
541.499153,374.893543,387.301636,196.607819
546.642128,376.216083,383.518250,195.601776
548.571358,377.932346,383.476440,191.678772
550.830879,376.766750,383.524902,192.286819
551.827156,378.399883,383.652466,191.900925
554.356636,380.353405,384.294189,192.154282
556.154335,379.053806,382.809998,191.320984
558.637092,377.909992,383.119873,193.563812
562.329658,376.333164,382.612305,194.632996
564.952705,378.427830,382.085205,191.842957
566.912590,374.671970,381.706818,195.366028
569.213081,371.956089,381.342407,197.173523
574.650108,372.448025,374.545502,195.079910
574.747612,373.199985,377.983673,190.218079
577.560890,372.186855,377.065247,191.108719
579.740059,373.500049,375.649170,190.635162
581.311653,374.040310,378.977661,191.532547
581.953987,376.139294,379.613525,187.640366
584.676735,372.654034,378.793640,191.702927
586.775658,371.541294,377.374603,193.602966
592.385414,373.424770,374.214783,193.755692
591.786644,372.369556,378.232269,192.736969
596.464439,374.275944,374.893524,193.242188
596.631599,372.018497,379.924927,196.628052
603.291908,374.710094,375.402161,191.830795
602.715095,370.317837,379.625977,194.812820
607.360298,370.474552,377.575928,194.569702
612.380119,370.902195,379.148102,195.230652
617.134605,372.912830,380.486298,191.460236
621.065010,368.314396,385.178467,199.037109
622.629845,369.520260,383.654144,198.861343
623.160957,368.914791,386.995239,196.650040
622.651375,371.676449,386.585449,194.944962
624.929603,371.025906,385.579407,193.496292
625.433296,371.230335,388.639160,192.418732
630.380699,367.176540,387.600922,196.900101
634.226021,366.293568,387.583740,199.484772
631.942375,364.687000,389.507965,200.869659
628.346474,366.738644,393.842957,198.039932
624.856483,370.010448,395.282288,198.041122
620.352882,371.352070,397.113586,199.569794
615.969566,372.727169,395.571136,200.575577
614.822121,376.081180,394.579041,198.270874
615.261192,375.579265,395.029755,200.293015
615.363991,376.700092,393.728943,200.957123
612.332588,373.494167,395.617554,200.794266
610.065651,373.148907,396.011047,204.094772
604.451408,377.433895,396.290192,200.605484
602.844902,378.677479,394.920685,199.988800
600.916435,379.900646,392.449371,199.762436
604.413765,381.314312,389.373535,199.478561
602.853493,384.828327,391.686218,194.848969
600.987648,384.987400,389.580383,193.816223
600.521843,385.471760,389.244049,194.297943
598.782371,385.593105,388.511322,195.155106
597.423439,385.832394,388.005310,194.218887
597.717918,388.294987,386.131195,193.596680
597.444527,386.142307,386.369507,196.501404
595.819450,387.193195,386.864166,193.842987
596.794945,384.889301,388.148285,195.515472
594.733238,385.584988,388.227997,197.002396
595.664711,389.643505,386.920959,191.488998
592.265922,390.591183,390.811066,189.101212
594.728874,386.562916,387.322906,194.509064
593.955757,387.922100,390.787598,193.793259
593.065040,388.137981,391.993958,193.040451
593.636681,386.765064,392.971893,193.616486
594.553200,390.280147,393.247864,191.608658
594.351570,392.210171,396.137573,190.883987
595.359108,385.503948,397.825012,197.689987
597.478981,387.424763,399.169006,199.050629
598.133293,389.992527,401.912994,196.392517
597.987297,390.914936,405.600494,195.620819
599.481285,391.205265,408.593475,200.554077
598.674431,394.644886,409.994171,204.060944
597.712364,398.752331,417.192596,197.230453
598.418449,398.705913,416.986603,204.640182
596.224846,403.465580,422.106476,204.184692
592.615105,408.496097,427.009552,202.938354
587.403358,409.426380,435.286194,206.498688
587.040428,411.048580,436.624847,209.516251
582.521690,417.183224,443.201874,208.104996
577.028984,412.382992,448.744171,213.476089
572.480873,415.651699,454.723206,217.416702
568.733375,415.985989,459.777161,217.343826
565.876030,415.138233,466.364410,219.275055
561.991249,410.351925,473.504578,229.490372
557.370109,411.328701,481.468048,231.292923
551.628715,411.616039,485.372589,234.502426
542.445824,411.228214,495.075043,236.249146
536.373085,411.198315,495.638855,240.687729
528.807045,416.420437,502.112976,237.438675
523.517448,413.277325,503.863556,241.569382
514.976524,414.354885,510.562225,243.718094
509.335884,416.694981,514.642212,245.075500
504.613045,414.646999,514.722656,250.015823
494.986793,411.762913,521.173157,253.472229
488.690620,413.793362,521.271973,254.121902
484.710243,414.497326,523.886780,255.236679
475.641762,413.522755,529.555481,259.198395
471.382667,411.856815,527.375305,258.016235
461.387886,414.734302,531.484741,258.551178
458.515327,404.188129,530.564575,265.472504
451.415932,406.434849,538.473450,262.093323
446.289101,407.698917,532.114197,263.029907
436.207436,406.306476,539.786926,264.523407
432.099831,407.735996,537.341248,259.332336
425.500008,411.238697,540.246704,260.564240
419.272530,406.127750,540.447388,263.004517
416.514992,403.971943,539.705627,269.737396
414.407112,403.224598,539.057983,267.957672
410.087929,403.643009,541.011414,266.523682
411.802986,401.719959,536.539185,269.946808
405.735084,404.417255,539.577942,268.447601
404.175545,404.533726,535.193970,269.500305
397.090034,400.431187,537.708984,272.716492
391.020546,404.928974,538.304016,270.648041
388.352455,405.785236,537.781433,266.250458
387.462379,401.731373,538.015320,272.224884
382.267036,402.511768,540.117065,274.571320
377.443611,401.707691,541.774414,272.520538
373.947212,397.533543,545.181030,279.556091
375.988136,396.949467,542.660217,283.337158
374.238075,400.674091,544.786560,279.478241
374.855354,398.229053,541.322998,282.734039
379.108406,398.587391,538.511841,283.136993
375.494301,399.039860,534.244202,281.572021
375.568306,402.574222,531.145386,282.590210
371.873604,402.718738,532.126709,282.820953
366.825630,405.534199,532.155884,279.876556
363.774116,401.127888,530.488647,283.755707
361.646675,399.717487,531.273071,286.535004
361.457283,400.781101,526.153442,282.574768
361.911049,397.811115,526.676697,286.672943
366.279396,402.622135,523.439392,278.990967
368.704842,402.163090,520.467407,284.051758
361.461891,403.526600,522.523865,282.211456
360.022499,400.418415,524.861877,280.339935
356.338051,406.623249,523.475769,271.362396
350.467934,406.961368,522.828430,273.524902
349.944038,411.825519,521.479614,274.142303
352.025703,409.648579,515.801392,281.532074
348.873665,406.740253,512.828125,291.220306
354.297661,405.746540,508.178741,289.299408
360.033485,407.452808,501.511414,281.404205
360.736214,402.970493,499.075317,287.206726
358.103767,402.014774,499.953125,287.785156
359.127510,398.321445,497.031616,290.561462
357.668480,407.703525,496.600555,276.763733
355.339516,399.413868,497.630066,286.335724
356.157585,401.181950,495.762238,291.771973
359.441414,410.533939,495.457520,277.296509
362.511269,411.407627,491.935730,275.347717
363.847099,413.029957,485.877350,279.780548
367.248268,412.192097,480.162781,278.964447
371.789955,417.977344,474.924500,275.736847
377.106972,419.751453,473.696106,271.436188
384.078545,421.480213,470.325226,270.506378
388.094231,419.272129,469.622711,267.145935
393.329872,415.446216,462.929138,270.147491
397.928139,417.300220,460.476013,265.016388
400.272453,409.004444,458.329498,269.417267
405.208214,406.717640,458.156219,272.187042
411.309990,408.134022,455.562775,270.214996
414.965248,410.789616,452.485046,264.263428
420.175301,403.035374,451.381226,268.190247
423.440040,404.124897,450.756531,269.410004
425.487251,403.313480,455.064575,265.589111
429.856270,399.902149,451.921875,270.376251
438.652672,411.868427,449.056244,261.577484
447.024101,409.040668,445.870026,258.624481
455.645973,397.584354,443.648865,271.186035
469.712746,402.130909,437.540710,261.101105
476.167717,398.624775,437.198029,261.631439
479.299507,399.659214,435.790649,264.023987
490.482948,402.680164,432.160217,253.690582
492.770897,393.379444,435.192108,262.885529
495.107902,394.271351,439.348541,262.740997
502.563209,400.919605,440.861511,254.892120
508.012550,400.698467,444.280212,252.791183
519.186317,397.613163,441.210388,256.796021
526.981193,397.052685,440.211090,253.812851
535.815971,394.107326,438.196930,255.990433
544.207924,398.813801,438.003357,247.149017
550.066444,403.186649,438.236755,243.905029
551.826225,399.525883,442.685333,245.891602
560.710884,396.141819,442.383301,250.584534
564.453117,395.036579,446.392731,249.603241
570.507820,385.877087,450.692383,255.803574
577.782753,390.905926,451.226379,254.044235
583.749580,389.299839,457.956421,255.824036
594.732689,389.497974,453.879730,257.131989
604.064430,391.529514,456.897034,256.879578
613.978035,395.668720,461.846069,254.813934
618.798988,390.707233,469.099670,257.741547
626.064873,395.983173,474.228180,251.954681
636.064217,398.023716,476.641113,249.946838
643.979515,395.777492,485.041595,251.175858
651.894142,397.326496,489.086365,248.776459
658.196693,398.934742,498.112244,248.548615
664.767769,401.670994,505.167358,248.714050
671.439964,400.297047,511.746429,251.211334
679.735664,402.343807,514.912598,246.281998
687.276466,393.524647,520.696594,254.140656
692.366676,396.201290,526.616150,250.336929
689.873207,391.458057,535.875793,257.427887
695.660347,391.273395,534.361694,259.863007
697.433906,391.078998,541.617676,258.012665
702.665596,388.874866,539.348511,261.449371
706.150185,386.257542,546.487122,261.336243
700.412422,388.596378,552.815186,258.863647
705.288093,388.717197,550.252197,259.728333
701.146706,390.925068,563.651428,260.316010
699.641792,389.536869,560.502441,263.615479
699.539497,391.493015,568.896851,263.066467
694.782844,393.001392,573.427856,265.183502
693.514809,389.883396,580.215271,267.121399
695.016212,391.913258,575.505066,268.659698
690.084511,389.460728,577.323181,272.045593
694.228889,390.204105,575.794067,273.502197
697.284645,392.924381,573.315491,272.386230
689.447304,393.315861,583.276550,276.066162
692.945930,396.114246,576.681152,273.868439
688.474434,397.324695,581.938599,276.044098
685.043678,399.240223,586.126648,274.565704
679.567116,397.940418,592.603577,277.866364
683.361214,398.511646,592.639038,282.207306
675.126411,401.299274,598.223633,278.071014
671.418861,404.283512,603.258362,279.608276
668.083321,403.761433,606.779785,283.842377
671.432228,404.912510,605.387878,282.408386
668.931251,403.351704,606.125183,282.805634
670.487709,400.820331,606.149475,286.883514
671.812446,402.857273,607.610840,285.629700
675.073097,405.885288,604.926903,285.737000
674.617390,407.326984,601.073914,280.961761
675.983631,409.687153,601.849731,279.408173
683.344929,411.922550,594.198425,276.681274
693.119862,411.555042,585.083008,265.893585
693.763691,407.632099,586.236309,271.967743
700.099131,406.886417,577.891968,261.657349
707.736490,405.345264,569.118347,265.685822
713.060678,404.209492,564.172241,260.564545
718.574625,405.094730,557.355896,258.418945
721.906595,403.838871,554.077698,253.492065
722.318918,403.383114,553.761230,253.955093
724.359049,401.919735,551.762512,254.772720
725.870157,402.743763,549.238831,247.591095
726.504343,402.963917,545.814209,243.950348
723.889566,399.847889,550.241760,249.005035
726.873056,400.490330,546.157837,250.631897
725.718271,401.208332,548.183350,252.509613
727.276804,404.664699,548.620850,252.926590
725.702005,406.078464,548.128235,249.296326
728.884195,401.791263,545.277039,251.379150
732.595835,404.757740,543.513306,250.652008
734.956003,400.355762,540.887817,252.267975
740.408457,395.282673,532.137817,250.762054
738.095743,394.352962,537.591858,249.660049
744.536509,388.711887,527.087402,248.494690
747.387552,386.172352,522.682312,244.995026
746.689341,386.927936,519.803223,236.705048
746.961008,384.057407,524.143677,234.889709
746.204203,381.108211,519.607849,231.637344
744.958048,381.261318,515.851990,228.735184
748.047113,378.963001,503.783966,224.586212
745.085810,385.236477,488.970123,219.868729
743.784922,379.154262,491.711426,220.813187
743.625467,379.558773,483.361755,217.048843
742.621271,381.904804,478.938385,213.024994
746.603342,377.666744,469.521973,216.245621
742.946665,380.669727,468.776123,210.257111
740.989649,377.213207,466.892548,211.692490
742.679789,378.404613,459.311829,210.918564
738.416620,381.405758,459.762604,208.263199
739.115046,381.993954,455.766754,206.037003
736.454264,386.383015,452.611633,199.736786
732.693644,382.594303,450.574158,205.029175
729.294947,383.066379,450.682343,204.899963
723.500742,379.808796,451.421387,207.958588
722.387369,382.019054,449.099426,208.722885
720.737925,386.853504,446.721069,204.206329
715.359598,385.005024,443.273010,206.405609
713.535013,383.118572,443.131653,207.757736
711.598474,380.990787,441.308197,209.168823
708.449228,379.389820,441.494629,210.215363
708.744028,381.066006,439.050415,207.783646
703.251307,382.206913,441.828705,204.709595
702.219507,379.779850,440.381317,209.360962
698.735254,379.168690,440.966278,210.612335
697.042536,382.961101,439.553253,208.014816
692.777231,385.659656,441.143066,207.333160
694.019892,383.010662,440.739655,204.799240
689.274820,380.433895,442.630676,210.309830
687.822748,377.647343,439.766144,212.083130
688.686823,381.933384,441.103668,209.295959
687.553278,380.025356,441.389923,208.634964
679.813761,378.991878,446.550232,215.305313
679.696650,381.374836,444.564850,216.031586
677.097895,384.708675,447.963531,214.630020
674.644541,382.250782,452.302856,216.183746
674.276651,381.554668,454.992249,221.043625
673.998606,381.926510,452.522095,223.367081
668.428171,382.925716,455.963745,224.053238
669.010935,385.071613,453.175293,227.070038
668.852076,386.954746,455.154144,228.716492
668.930735,389.761814,456.822388,228.227600
667.938547,389.775783,456.812256,223.990311
666.828073,389.883053,456.197754,230.032120
664.723688,394.337582,455.967926,226.472672
660.748941,393.085461,456.611389,230.327011
660.637934,395.912098,454.801422,226.402740
658.722101,393.582798,453.023468,228.387146
654.092432,392.501301,456.200165,237.132904
653.198862,395.005733,452.003906,231.428482
651.830683,397.163402,450.511139,231.426132
650.575006,401.046612,447.645660,230.534836
643.890039,401.966991,448.099091,230.822739
642.812006,402.317425,442.312531,233.346359
642.188745,399.592686,436.757538,232.458069
636.344629,398.772785,437.312225,229.400360
637.223200,402.090000,432.723663,231.274597
629.775904,403.821018,435.815765,226.057312
629.981379,403.505131,430.435577,228.369751
629.806437,403.271236,424.768127,225.518326
627.852427,406.949055,418.395264,226.308563
624.041376,404.350155,413.014313,226.344131
616.893656,406.340740,412.505798,225.382614
615.726984,403.037693,405.351471,227.605530
616.303614,402.831356,402.360077,224.326065
617.736322,406.669376,398.196808,218.656860
616.124628,407.529652,398.784943,216.998077
612.120783,406.417316,399.741119,218.598480
615.163919,403.638554,391.055237,222.352905
611.128077,402.095119,388.169281,224.857986
609.764307,407.534656,384.707611,217.282013
607.615702,403.890041,380.001160,221.573929
603.825388,406.367496,376.049194,216.783203
601.992746,406.604389,372.322998,216.613129
600.692957,404.968960,369.220673,216.385208
600.304529,404.203060,364.637054,215.919205
598.631327,402.060108,363.809631,215.105255
596.595880,400.251606,362.908844,214.645721
594.895044,399.080639,361.504120,215.512558
596.183527,396.862041,356.256989,217.190353
596.570887,396.921284,354.438324,217.284149
595.695246,398.888821,353.557404,211.666946
596.968500,397.268871,353.085236,214.037704
595.072290,397.265201,352.460663,214.437378
597.744654,397.510876,347.117889,212.288925
597.231363,399.866657,343.327454,211.079193
596.619516,401.443828,342.832275,208.103928
597.109125,396.170994,339.057892,211.485046
594.227030,393.231892,339.869324,213.912323
592.541529,394.176144,339.521698,208.786026
595.171350,395.183674,334.545990,207.789154
592.671305,395.562488,333.069763,205.088287
592.547205,396.601154,329.462006,202.318451
591.027582,396.866321,327.757599,200.701324
589.229227,395.447857,327.053528,202.015915
