94.000000,160.000000,727.000000,555.000000
94.244019,151.910309,719.103760,556.085144
84.934448,154.103546,722.792480,553.359314
88.015259,154.325317,715.923340,553.811768
76.047729,155.011505,722.814209,552.628113
73.188080,151.909576,728.016663,555.184753
75.377319,153.766022,719.712402,553.633972
71.849060,154.861053,718.929321,551.882141
65.212799,152.533783,725.491882,554.005432
86.896118,150.054108,705.704590,555.448181
75.094421,152.397339,720.907837,559.648682
76.774445,151.291595,716.141052,560.350647
88.057037,153.622589,706.845642,555.240173
94.200043,151.788818,703.560364,555.391357
83.415741,152.872711,717.930969,558.966492
88.772675,148.484467,720.611633,560.028381
91.363373,143.278625,723.037903,562.669312
85.693146,146.209991,726.311707,562.366638
94.483917,143.164917,722.067322,561.987305
77.873413,143.684357,737.608398,567.949646
89.145020,138.750092,728.524170,570.540833
87.922821,135.817230,727.138000,569.508606
66.676880,133.886627,745.272949,575.494568
73.263306,132.553467,732.850830,576.494385
78.027100,134.077332,725.982910,570.050903
63.169586,135.193970,742.638367,578.191895
73.180420,134.367340,730.867920,575.955017
64.260071,142.569794,743.828003,565.943665
63.301575,139.346771,740.865845,571.987610
75.483276,136.103729,726.825195,576.497864
83.510590,135.428986,713.196594,575.165955
78.782776,139.538666,718.358032,574.876282
85.814301,142.930725,710.313049,569.338989
75.615723,146.306091,714.046143,563.504761
72.631805,154.131195,716.243469,555.715393
62.925049,160.059601,716.126953,553.131287
79.447876,160.372406,693.632080,554.685852
65.371765,166.010742,704.673950,548.293457
68.000366,166.511627,691.084473,549.597351
67.711945,168.323059,688.050232,546.445435
71.389221,168.794617,681.318237,545.843140
71.241211,170.838074,676.059326,543.586304
72.218750,170.243805,674.103271,543.317322
59.120361,172.035797,688.869873,540.539978
64.052002,169.887665,682.065186,544.417297
52.180634,168.471527,691.041565,545.717834
53.693237,165.652405,690.921143,548.613892
48.735016,161.173767,692.185242,552.650269
54.125183,160.194916,683.139038,551.548157
31.658875,157.542999,713.644653,557.104431
38.761780,148.177887,702.683228,567.410828
39.309296,146.072052,702.291565,566.156921
30.021881,145.928436,712.353455,562.125549
20.757843,145.011139,720.264343,569.605164
27.556000,144.145142,714.748840,570.894775
34.656616,128.750732,708.369385,583.268066
24.721527,126.944885,726.032288,585.273804
24.355469,128.275513,724.929688,581.413086
29.784302,129.208099,723.695801,584.885071
26.437164,129.578278,723.168396,580.727966
26.021027,125.473175,726.898376,590.652039
18.725708,122.008942,740.027832,588.201599
18.921326,118.935608,737.586792,589.153198
24.559570,119.418732,731.461914,595.859802
18.370056,118.831451,739.492310,590.591003
27.207855,125.172485,726.448303,587.751709
28.841949,124.771362,737.962341,583.474121
24.868866,117.596100,741.020325,595.461609
27.569855,117.924744,742.969666,591.924927
21.775024,119.213043,748.805664,591.036560
27.891083,118.318787,741.166077,591.707642
26.358337,122.458649,742.124390,589.272888
34.752197,121.248413,741.161377,587.917725
26.294373,118.325439,754.844116,590.613037
24.303528,109.488068,756.676880,601.934998
22.903595,107.563843,757.722839,603.281006
27.041718,106.676147,748.642151,603.581055
19.789520,107.311096,755.606262,610.427612
10.734070,105.673218,767.661499,607.757568
11.708618,104.717957,763.198730,605.372437
9.028137,105.368042,771.744751,603.734375
14.038757,107.148468,767.755249,602.795593
16.470703,107.120605,764.184326,604.004883
14.687347,109.445862,767.664612,600.671997
18.739380,113.139923,759.732178,597.896423
15.968231,118.425171,759.376282,588.767090
20.371948,113.470367,753.461182,593.695251
16.899994,117.108887,755.287659,595.691406
24.885345,114.038513,747.128479,596.540894
24.084900,113.669128,745.730347,591.923462
21.000732,111.733978,753.132812,600.373352
19.176758,114.588409,752.640869,592.845154
17.814728,116.260437,754.689636,595.435669
33.931702,120.327942,739.226440,589.282104
31.521057,126.785370,749.726196,586.518372
31.208801,124.628754,750.559692,588.062073
37.741882,122.859131,746.174927,588.114502
41.473907,120.717438,745.954041,588.674255
44.411438,122.551605,745.463989,586.280090
42.404480,132.936859,747.352417,576.620178
44.058563,157.670746,735.000061,555.658020
72.690460,163.530487,704.533875,545.776917
78.508972,167.666229,702.444946,542.209534
77.543274,170.954651,709.813599,540.818726
67.005066,171.683899,724.120483,544.249146
85.858978,173.951080,712.920715,540.592957
112.200714,175.110229,689.581238,535.894531
95.188538,184.171234,709.349976,528.322083
102.831635,180.023651,702.256653,530.191467
98.540985,183.676025,708.552795,531.707764
109.032898,178.734955,707.364868,534.347961
115.531097,178.880188,698.044983,531.848511
107.111145,177.540863,711.900024,536.419739
98.638184,173.984436,724.201172,539.088257
94.586578,168.127869,727.114685,545.217896
99.063416,161.663361,722.799194,550.793396
77.837585,160.640930,742.898560,554.944946
86.311584,151.017731,727.853149,563.858826
73.285614,147.350525,740.335510,569.896362
69.167542,142.418060,739.526733,570.284241
61.066223,138.131805,741.322388,578.330872
56.497040,134.532593,746.426575,581.846191
53.806183,132.548950,743.841248,584.661865
48.846588,123.392578,746.731140,592.189941
45.962494,126.471100,748.658997,586.594421
46.923706,123.439941,747.368896,588.234619
49.325928,123.828339,738.781738,586.020081
49.015137,123.846527,739.088867,583.099670
39.156281,123.569611,744.268005,591.815613
39.001526,121.576752,737.973999,591.611145
41.356415,112.043579,721.680725,596.207031
70.268890,108.682373,666.766418,600.153564
55.669495,105.725525,643.304077,600.680542
55.489075,109.288910,587.088745,597.989075
18.522644,112.209351,587.224243,603.874512
36.197144,110.422821,564.085449,605.842102
62.760651,115.553833,525.768738,594.620361
91.996674,118.208374,487.007874,593.636475
42.805206,131.953156,520.435974,579.939392
94.764206,142.606873,455.041412,573.671753
165.799194,148.254974,353.101562,563.416565
168.859924,151.349548,330.820923,566.812866
190.817657,149.910645,295.000183,562.640137
163.128708,149.848816,320.857086,562.821167
139.282242,155.092468,383.005096,558.655884
98.335632,167.855103,429.203979,544.841797
23.772644,172.691101,526.505737,545.561401
3.295029,163.512238,462.035187,553.292908
0.000000,154.070190,400.777115,557.775391
3.650398,165.713898,412.378174,551.882996
0.000000,259.289169,318.942451,456.120880
0.000000,296.440308,276.174137,421.841919
0.000000,310.922867,254.377092,408.251190
0.000000,328.475586,283.752740,391.524414
1.562008,325.430664,279.363220,389.382202
1.119275,308.902954,319.951935,411.097046
0.830700,313.522034,310.934845,402.224365
0.899441,290.828003,331.150391,427.474365
2.684124,270.723495,307.064423,443.570709
3.222622,172.729828,291.893921,544.495056
0.000000,132.358917,313.480389,583.845032
0.000000,138.511047,333.009314,575.470947
1.355044,144.903931,364.226227,572.243774
0.000000,156.675781,379.880328,557.773804
4.331476,160.319336,375.166840,555.362671
2.402246,163.211365,418.178864,550.809326
5.580789,153.599731,421.285645,559.692993
12.017129,157.981659,448.987427,558.738220
42.706522,71.535278,480.197754,643.205933
14.110818,120.405548,526.447510,591.729797
26.558939,136.472107,561.334717,581.682617
196.872766,145.937256,438.607941,573.720825
138.802026,108.969025,484.241119,608.075500
270.829202,136.564240,374.908447,578.921448
301.693552,155.737396,362.364075,558.742859
331.014429,157.059448,372.694489,555.283569
356.825082,159.944153,397.812927,554.980225
377.173517,158.862335,362.843842,556.925354
408.764185,163.836395,382.049713,551.099792
428.378931,168.102600,392.802643,549.060791
451.422479,168.002716,373.589081,549.697083
465.450922,169.724091,397.243622,547.727722
489.794260,177.137085,398.109436,541.827759
504.855646,174.696075,397.345306,540.659241
521.001108,176.829712,396.001892,542.640991
555.433694,176.701752,378.838623,537.405457
563.274164,181.280701,395.106415,538.464355
581.559930,183.113434,397.230927,532.022766
612.443430,186.666107,382.486877,532.380554
623.626489,188.767548,394.813873,531.232361
643.160821,192.967682,390.168549,524.112122
663.518152,200.393372,378.057648,513.175781
681.630304,202.843384,377.194672,514.428101
695.216409,204.324341,374.714844,514.469604
702.454614,208.777603,367.915192,505.497406
715.677042,211.659302,368.234009,504.997925
710.013300,213.825760,382.706757,505.269989
727.998727,218.665329,374.069641,500.958771
747.478067,224.770172,361.391235,494.173401
752.274530,229.733871,362.711639,489.525787
757.687662,233.726288,366.153931,483.102478
765.316461,234.239059,355.214203,480.731232
772.310266,237.616150,355.131866,478.101074
777.052759,239.887665,352.827057,477.125671
782.495706,242.376297,350.714844,475.311005
787.686716,244.119965,345.677551,469.797546
795.891794,245.016327,342.634827,469.011536
801.744028,246.334991,343.818420,468.731140
810.775507,247.436707,336.916229,468.292480
819.114267,249.940994,337.156555,464.851044
828.158258,251.311050,334.520721,462.674042
835.955377,253.056229,335.648285,460.051605
841.469858,252.849625,336.995911,459.697601
844.251657,253.220947,338.089417,459.488037
844.508936,255.293076,332.294342,458.006866
845.266336,255.556717,336.582886,460.073700
844.372659,255.434479,334.645508,461.015442
844.619699,254.664352,336.108582,461.266998
847.072412,253.135803,334.829254,463.750000
843.617075,251.154709,343.150574,465.124176
841.815027,246.493469,351.034332,471.069824
840.703455,244.055450,362.621246,470.973206
833.918726,239.656570,381.470001,476.450165
828.297311,232.768524,389.731873,481.472351
823.525232,231.042435,399.585846,481.806366
819.369363,227.606766,409.611450,487.548553
815.609354,223.768921,431.935425,489.333618
812.420145,221.701370,443.937866,496.331757
818.526529,221.555618,440.414307,495.887421
818.113412,225.364212,446.772278,491.413055
819.304132,224.807556,445.350800,494.662842
823.288080,224.438614,441.862640,495.561386
822.211633,226.746330,445.054840,491.994781
822.530527,228.916801,445.095520,491.083199
823.041803,230.520458,441.907440,489.479542
823.695200,232.612188,440.692688,487.039490
823.565668,231.862280,439.037689,484.826172
820.044305,234.038610,450.253754,482.496460
824.070291,240.297827,441.160767,474.117676
822.157175,243.644690,449.650818,473.398071
823.598444,238.232595,449.984344,475.691254
813.505945,233.587820,460.005035,484.633148
804.380197,216.097708,469.437195,500.255219
801.099878,216.266439,474.184113,495.591095
774.111826,211.427923,503.234680,504.473938
763.727579,204.106359,507.315918,503.835815
653.948312,182.055639,618.129822,530.985840
593.709512,172.177343,670.722656,541.942871
743.429849,159.074041,515.669434,553.297180
779.128671,235.746649,484.766174,480.299866
620.454477,277.434149,649.825989,437.535706
769.185129,286.988104,500.724060,427.415100
698.730417,277.503759,564.626648,437.071045
742.215555,283.381216,527.295288,431.054657
754.677225,280.658010,514.573853,435.093597
748.863809,281.242758,509.917236,433.289093
746.968576,281.835882,486.957703,427.973206
744.067361,283.574316,469.074341,427.950439
736.432825,283.781744,484.078278,433.705505
735.926904,283.661474,452.595245,429.067139
732.806543,286.311773,436.935089,430.147888
731.083795,274.621832,263.712494,420.267273
720.284586,260.416204,211.730103,451.295593
704.494386,252.774237,211.994583,443.693420
634.833215,248.696188,270.941559,426.169952
606.039026,244.940741,299.878448,393.447937
468.597528,239.576498,437.136078,462.828156
444.438684,242.388159,461.471588,418.270264
511.221735,243.634710,404.205048,319.228577
511.142236,242.348135,416.917267,302.360565
444.606439,242.627020,495.530731,336.355530
317.930704,238.277075,627.671875,346.751709
282.166299,231.924459,656.657959,327.174469
235.058054,223.705435,708.040955,341.668671
279.637827,214.251715,671.430969,346.397888
310.078500,206.701086,682.412659,285.154663
304.570077,205.976522,708.525940,303.153595
338.797220,202.587469,687.071655,319.545715
473.369608,199.635794,560.159058,243.577484
399.962961,198.076269,645.851379,245.032593
390.811410,199.999075,650.552673,228.900970
379.193582,198.304869,659.859497,232.294876
376.787027,200.339094,665.406616,241.118637
374.535959,196.409163,663.548523,246.840683
384.766855,193.176893,647.982727,251.382980
593.665521,196.765051,436.959076,231.923706
606.021539,197.523016,428.861786,220.627991
608.157114,197.665937,432.657043,211.107407
621.377420,197.378370,420.109009,227.519455
608.746927,201.415777,429.278809,225.902161
613.262765,203.704947,427.902405,223.055145
588.097910,200.980749,456.012512,229.109253
592.618219,197.738775,452.352020,237.315369
484.089395,191.473112,565.727783,233.681534
441.838937,187.759665,615.619324,242.493439
508.851083,184.301199,562.284973,231.378876
445.842142,182.611708,630.481201,237.766281
627.301477,185.397726,430.495880,250.874542
507.168253,184.878653,541.237305,253.441376
550.196024,187.035810,526.363647,245.816147
608.273538,184.207701,425.057007,249.200882
415.648782,182.946951,614.003540,249.925507
450.965433,180.441107,563.764526,261.546204
477.145670,179.511221,525.741577,265.081512
460.573434,180.438818,535.617371,259.680420
555.003046,179.962683,429.227509,261.177979
453.997934,179.176870,517.531555,260.648651
536.779703,181.821295,421.537720,259.433167
477.167703,181.232458,466.596436,257.400513
366.095651,180.940008,562.763123,260.079651
388.973550,178.848852,521.721191,266.417480
406.842874,179.636740,489.305176,264.748566
291.159067,176.452520,586.386414,266.385681
274.757730,172.447287,579.706421,273.573761
301.539499,166.060736,528.734924,274.203064
275.309427,166.823294,533.103516,274.417816
413.264978,168.150106,379.582794,272.384918
228.785196,167.288839,551.288940,283.091339
321.548471,171.169043,443.552917,274.223511
327.938867,167.150671,423.279938,275.881470
213.654703,167.846380,530.890503,278.294006
227.211862,171.069601,514.066589,277.776031
242.997812,170.468344,491.058411,280.810699
260.229120,169.315710,468.817963,278.839233
223.072671,170.366156,498.977539,279.053894
225.500558,172.851385,499.246399,281.703552
223.460199,172.258047,493.754120,283.078094
218.441034,175.934881,499.659515,282.332703
228.770563,176.046362,487.370575,279.506714
252.292627,181.050222,465.009674,279.195282
259.457498,177.476202,451.740601,285.062317
260.738077,178.223669,452.480103,280.435425
261.088953,180.880682,455.667877,276.577942
258.401117,184.928457,457.888397,272.350555
277.611536,193.426611,437.608185,264.329224
285.586450,204.322859,421.376862,251.133041
388.046472,212.563597,301.159576,242.407791
352.342706,219.925200,340.849823,230.047012
372.405817,224.898306,309.008881,229.020599
367.418741,227.035727,310.357300,228.146637
361.753427,228.949400,314.684875,224.684891
359.441797,225.945349,320.490753,226.648071
382.145486,212.920897,294.651489,241.025467
385.054788,204.317526,294.479004,246.588409
385.459695,202.560583,296.742310,253.876709
377.649255,212.391447,305.308014,247.295792
375.860208,217.940359,309.166260,242.237274
372.831125,223.783529,313.992004,234.721588
374.758539,228.833067,309.804535,230.982132
371.944711,232.401297,312.168152,224.335785
362.897028,232.009657,322.919281,228.775436
362.535928,228.472769,349.438110,236.251068
330.780984,226.719915,380.365356,238.574768
321.577447,225.141386,390.241058,236.409927
321.198846,226.653669,390.030609,240.466537
319.546121,226.018110,394.099365,237.848984
318.761575,227.378942,396.929932,238.435791
315.762842,228.913359,399.852814,237.973648
312.064966,234.545599,407.829865,234.546814
302.067804,233.097776,416.287689,238.357742
300.252237,232.741003,422.302979,241.306641
300.881280,231.443403,423.322968,242.297714
302.859933,228.853773,421.747742,240.884811
301.192972,227.624319,423.823853,242.435272
298.729578,226.624182,426.756256,243.453369
300.198129,225.442274,425.908020,243.825607
293.607507,228.296797,447.991852,240.297226
285.847696,223.533575,461.425049,245.133484
277.276681,223.511450,470.918762,243.860718
269.652551,221.032560,480.295197,247.413834
260.874841,220.201155,493.774933,248.475815
257.340952,219.305548,500.385925,250.832581
253.532571,217.445013,502.244263,255.684143
252.990900,217.583418,503.343353,250.320541
245.106271,214.300299,509.685242,260.547180
237.464761,207.428106,521.008789,262.416809
228.018991,206.860464,533.372009,272.654388
225.846048,207.593634,530.719971,264.815002
214.582223,207.480810,546.830383,274.418579
215.331247,208.896124,548.501282,269.232483
211.766122,208.999563,550.807312,272.743134
214.165964,212.003286,547.684143,273.773773
212.411142,216.937750,540.280090,263.747986
213.469492,222.305899,543.538879,267.658905
215.805948,223.885260,543.174683,262.565613
210.117075,222.816397,545.434265,268.697723
210.030435,224.896643,548.472656,261.731201
207.195993,224.882147,548.375427,268.947693
210.325388,226.352926,548.333801,266.821442
213.232400,228.175909,538.967773,263.674500
209.459421,229.697744,544.643982,263.164154
206.558389,232.764624,549.603149,259.621094
205.512827,231.576162,556.084412,265.719574
202.106851,232.254049,558.188599,260.252838
205.790933,234.279821,552.099976,267.356812
202.163675,235.050268,558.940186,260.369629
204.429849,234.647650,555.054688,265.606506
202.402505,235.453344,551.195801,260.324585
206.431558,236.503057,551.766846,266.957336
202.820016,234.542730,553.118347,264.360901
200.824899,235.203253,558.893005,265.417542
204.438394,235.111135,549.975464,262.138763
206.507486,236.789007,548.791504,264.952332
205.728830,237.650595,549.624329,262.176422
207.450998,237.219702,550.227600,264.072388
209.046518,238.898947,547.259338,261.658112
212.377786,234.978048,545.379395,267.610626
214.012918,237.499182,546.593872,264.869873
218.800973,239.730841,542.293396,264.778625
224.802072,237.864462,537.625427,264.202057
223.804514,240.461248,540.710144,266.003601
227.664316,242.132803,535.896179,262.865204
230.564706,242.589987,532.449646,267.733551
238.876443,245.098089,519.131104,266.204651
246.393365,246.755301,507.254852,264.094086
247.468362,249.037313,504.331543,264.668121
258.272806,253.396177,488.697510,252.759720
281.104578,255.533247,459.070953,234.514999
314.974710,259.472380,423.910767,237.357681
313.690393,267.993643,396.007843,233.842865
326.842294,284.159147,370.237976,227.435196
372.732187,275.789434,322.409607,235.152527
416.477212,261.319586,269.231567,254.219055
440.724680,257.801733,239.060120,265.831909
460.737527,251.983664,218.120972,287.209015
468.315775,243.861761,202.970703,321.021179
473.314951,234.652761,199.946960,355.931244
473.569635,223.965994,189.134369,382.857269
475.463678,202.284018,188.330048,413.380280
472.954454,185.152899,197.564072,440.583801
461.968202,171.319662,216.246170,459.335968
464.522111,173.459082,216.938644,458.197876
464.131044,161.933096,219.017166,472.216400
461.165727,152.449759,219.105759,474.379730
461.666009,155.071753,223.469452,468.316040
475.604257,160.906942,210.005310,454.173126
478.491159,167.178671,206.730774,402.647369
502.652490,174.021017,187.221222,382.478058
502.406938,174.822714,187.134445,352.012238
485.955339,179.552572,201.602951,329.805939
478.209856,189.865866,202.281906,317.397125
474.197130,197.671774,205.639145,306.305695
472.574167,204.567572,205.245544,298.203918
473.993631,220.582205,201.488647,280.768768
474.185144,263.150175,199.190948,237.751358
479.874490,232.290197,196.411499,271.850952
480.491762,265.719107,198.896439,237.511810
500.864435,213.737738,179.358612,290.763977
498.116190,235.275335,176.263794,264.920593
483.778146,243.958364,195.038025,252.231293
480.945940,244.023817,202.991623,254.626511
451.810503,242.026251,230.353806,260.495911
434.443933,242.101248,249.948761,262.756195
428.486536,244.263189,257.711578,267.216003
424.905954,244.475515,261.320862,264.329803
419.616663,248.743292,267.697784,258.601501
412.647684,260.449606,274.241211,252.805084
400.623529,265.048269,281.323090,252.364471
389.226724,265.696699,293.767578,248.871445
380.852274,265.656836,308.410156,258.050415
371.966409,266.370718,316.208252,256.283783
365.300729,267.059591,329.729675,257.281158
356.824213,281.570105,342.689911,252.744385
349.815225,282.444746,349.791626,235.189194
364.229120,280.796545,341.824799,238.865234
361.561609,276.915167,340.667389,251.090149
358.511087,277.767256,344.116943,239.725449
358.045328,277.989347,345.295166,242.311172
358.764825,275.935240,343.516815,242.013382
361.347131,276.384825,342.756622,239.790848
380.623834,262.187414,315.192108,262.290283
408.628168,233.431906,294.921844,294.053497
432.929498,198.177404,272.369843,337.533691
451.770021,173.370199,254.428787,355.478546
464.890649,163.189550,242.764679,364.737793
465.121797,162.316946,238.995743,361.006561
467.376710,157.249807,234.383743,369.669281
461.125101,173.939596,243.077026,352.817169
447.810419,193.602774,259.912689,328.605316
442.235147,204.837744,267.006104,318.216553
444.037134,209.611715,264.337067,315.723541
443.586679,211.889547,273.950256,314.952911
434.677988,206.011053,301.674011,322.510681
421.845407,217.176657,321.572815,312.764923
411.227090,227.313620,333.266113,297.542755
407.766763,229.265722,343.787354,289.978394
407.505960,231.516668,345.161621,288.064514
409.633707,229.494207,347.376099,284.897644
411.094415,225.111059,345.600800,300.530762
411.919870,225.253851,337.361145,294.725281
410.422235,221.697622,324.987762,308.787567
415.570627,205.416830,322.128479,344.692902
459.730417,191.735220,269.783752,366.789154
480.168474,182.252264,252.903122,368.231384
480.288835,188.095526,246.615646,367.672791
488.095399,189.999823,240.769485,362.825378
495.233156,192.914160,231.671829,363.049072
496.989740,196.451284,229.154877,353.256317
498.379541,199.595098,249.934479,356.277039
485.802133,190.117712,280.789124,371.058960
486.423502,201.486166,282.661743,360.474884
471.621225,211.214895,295.199158,348.727264
465.760309,208.005255,317.694305,342.849060
451.666666,211.682089,372.956055,303.059845
447.479196,213.244619,409.206116,287.011688
431.809259,227.757803,433.375214,271.075409
411.795541,241.663855,457.655701,255.256592
394.471948,257.151831,476.717194,240.561401
387.992548,280.091612,505.661713,218.094315
381.944208,299.540945,510.681122,208.428558
371.519540,302.197973,519.270081,205.933228
375.014978,305.902197,505.843536,201.315063
380.729242,304.602758,494.390472,204.592651
388.979501,310.280188,484.389465,199.622314
416.441080,305.009031,385.935303,204.304520
468.292505,280.331823,305.731842,223.937744
515.348077,289.273909,255.846527,219.839584
482.892984,332.153151,287.706055,178.863083
459.029199,249.457083,302.113800,255.411957
425.171259,209.029577,377.958954,289.598755
395.857400,283.264174,479.262573,217.749313
380.890359,271.645140,520.972290,246.063797
333.562295,263.700766,512.645752,248.108063
303.948190,267.731802,522.989929,294.949432
265.185281,300.180975,638.766968,278.018372
232.295450,312.078772,683.985352,271.259399
211.370798,306.964300,672.589050,280.690735
194.514200,286.822760,682.135010,300.650330
168.704660,309.568304,673.447449,271.222717
147.926858,306.354116,668.282837,268.326385
109.135019,302.808966,701.704163,267.135925
94.803384,307.179647,673.806152,242.429962
78.549295,301.507772,654.928711,244.653717
74.578165,292.741446,607.325195,269.522797
79.574289,287.155844,595.141541,272.021881
89.482400,288.513144,578.433960,270.272369
108.621439,285.682089,548.970337,330.667877
137.472940,271.773108,509.274414,263.555908
152.000406,270.970037,476.564453,276.589294
156.573938,268.145147,445.104156,283.174988
165.873193,268.540411,440.441681,297.434631
155.994196,272.922827,420.772675,294.664062
119.866037,287.819921,453.748108,227.047607
97.386758,298.078276,468.778564,223.793839
96.914728,274.371023,489.544647,241.389496
87.089166,290.351858,503.900848,232.394135
50.412576,294.337385,536.804443,225.900986
14.843607,288.871572,658.711060,235.367157
0.000000,287.123236,688.871500,211.930481
0.000000,296.126204,588.356099,238.204330
3.461497,296.097822,600.860352,246.606918
3.316355,294.368231,624.011353,235.875916
0.000000,293.787748,689.539988,197.875748
0.000000,326.504530,1078.948888,174.119308
0.000000,318.861403,713.721758,180.884811
4.372018,322.049589,530.560120,232.358902
0.611535,331.228590,494.674713,195.824142
0.689676,325.544989,490.486572,189.668640
1.432184,329.161406,458.060150,205.725845
3.187402,324.144918,363.276031,164.505890
5.136834,290.320150,379.635956,228.183990
1.865197,281.360571,335.651520,177.905518
0.000000,249.102057,334.614633,278.682312
1.553975,233.639059,321.040375,240.409698
2.669102,235.379538,301.258118,262.644196
1.560856,245.559942,582.072021,301.264221
4.130559,266.822561,700.261719,277.449921
6.816838,266.581671,775.478516,301.333069
0.000000,269.088461,747.218846,311.647125
0.000000,269.761984,813.502428,330.752228
0.734307,268.026205,805.911011,350.464508
0.085748,259.159903,804.265503,343.967865
2.246453,240.141973,799.737305,331.511536
0.000000,229.930120,815.816400,316.170837
2.302304,213.363134,807.763550,311.801392
15.119504,197.248465,766.835938,322.879608
35.373135,187.989248,725.525452,321.369720
61.097348,183.994864,753.184204,335.410736
77.255978,183.024740,714.289307,322.567291
87.885953,180.463263,683.391907,332.881897
101.214352,183.571020,717.589844,327.961792
89.676297,183.128057,743.940857,326.194397
108.600522,178.759314,748.861938,330.095947
116.637967,180.452581,693.309753,334.496521
134.430691,178.028250,772.014587,324.006073
149.411496,183.480230,721.361572,310.268127
172.873990,179.303152,754.390198,321.048065
187.372189,189.592245,702.224609,292.318756
227.983273,213.494390,686.547119,254.068176
233.687253,224.795660,721.446045,269.412415
247.906705,215.330999,697.644348,279.132019
254.673031,203.471914,668.396362,269.409760
264.212002,185.301062,721.452942,301.796387
269.773465,167.958181,682.350525,281.094452
284.786831,161.366980,757.049622,332.152832
301.254574,155.851736,750.156128,343.083954
318.745297,154.397390,739.007690,342.705780
329.461209,153.303686,728.970398,341.961548
348.577145,155.949591,716.580811,331.893616
366.556698,181.929083,764.490112,304.872131
365.186154,220.330267,720.596191,271.712097
355.014523,251.137579,785.578369,251.704651
371.513608,260.802794,759.812134,245.082718
383.982449,253.795424,759.444275,246.229050
407.697568,238.166670,653.833862,211.770981
442.345746,208.603315,433.420074,179.686020
460.951794,191.139402,392.135590,205.861649
475.285687,175.722219,368.364777,217.461395
490.829602,172.105940,352.991058,226.986313
502.778836,169.165670,300.194885,221.378326
512.953534,174.191816,291.842316,231.125961
518.705876,181.966887,244.342636,216.309708
509.395688,219.412863,371.741943,185.012115
503.832135,245.695189,415.853668,150.760330
501.660977,256.392805,425.540466,135.924911
508.118313,256.737951,370.330627,138.650146
523.551282,242.820639,407.431122,138.632721
546.675519,216.092466,377.861969,185.430984
563.599576,197.714087,327.957947,204.270264
576.755963,189.953627,285.946198,215.638840
585.426144,183.204435,258.765625,223.841812
591.312924,181.503202,235.244507,227.524307
600.484028,182.699148,223.983231,224.464203
603.280743,184.457533,230.792511,224.371140
600.891377,193.808798,232.550980,213.956329
605.580456,231.725142,247.794525,176.806137
607.218251,261.167234,239.500259,145.648636
603.172207,231.041037,263.405334,172.799286
606.997281,201.423735,263.578430,204.018875
610.913022,173.636068,266.305542,234.678314
593.794949,182.374922,278.410828,232.031784
587.036908,189.576033,260.408356,220.835617
589.464917,174.601271,238.506195,244.669540
591.852917,173.677954,283.414398,243.280945
596.262173,172.639990,282.631287,244.753479
599.849881,173.884642,306.552795,244.730972
607.054776,175.328627,300.577209,240.835800
613.670910,180.027929,291.207245,237.851013
614.918454,215.521238,303.989502,201.735245
618.903668,262.891661,325.747589,156.306778
616.925244,275.173773,327.483978,142.215576
614.327923,269.409033,311.467072,147.377869
618.029324,252.616934,299.018005,162.519684
628.154751,243.860739,282.145691,179.250946
643.429768,228.516424,250.990921,198.218262
651.577778,211.953215,245.749954,216.755325
656.541333,209.623907,239.149139,223.213379
659.500317,210.525854,236.886444,223.857361
662.058980,212.551161,227.504715,222.861435
666.401692,211.737158,225.021439,221.071594
664.657071,212.910254,234.927429,218.485046
663.653271,223.869223,230.903168,204.988007
661.997990,266.521627,240.121201,159.706635
654.095044,272.123625,244.823639,151.960281
651.637517,266.719023,248.043808,160.683060
653.088650,249.432066,257.154602,183.296646
653.889874,240.371939,268.189728,190.452911
656.458523,236.145697,270.809998,192.670288
669.365155,238.955130,257.302521,198.585114
672.350613,270.523733,256.212952,169.303009
677.213345,270.931311,248.095398,170.739685
679.090001,270.623564,241.158615,169.210403
679.777218,270.764479,232.929077,171.499863
680.162289,273.051779,236.165527,166.130096
685.235859,284.153036,225.128860,156.361115
664.324368,292.029722,267.772339,153.650345
650.001141,276.929831,290.897797,179.177887
648.501263,258.648039,310.509491,202.310318
652.341641,238.031553,325.008423,220.375320
654.650235,229.689970,337.141235,225.771744
670.166058,226.129004,336.722870,216.991821
676.168637,233.352964,535.537292,254.494827
651.415295,260.605330,482.432037,178.775864
637.849713,258.764360,462.331879,127.593178
639.381024,232.052149,447.128265,122.538597
642.149716,214.013884,469.524475,139.819595
644.320981,207.503843,344.528748,129.084549
652.499020,202.220602,482.862122,135.541412
652.988370,199.624868,502.371216,148.583832
656.732998,201.298208,505.397583,138.451385
665.433804,212.007029,497.115601,122.698174
676.053006,216.808538,479.113037,117.987244
686.924862,218.840319,445.342346,108.282082
699.895718,194.219198,403.450562,125.024811
717.414151,185.007429,385.108276,140.817734
774.935391,178.515951,345.416138,155.625275
809.495205,186.441496,301.716797,155.174454
833.316937,179.576811,258.639130,163.262344
846.328122,163.608404,226.066284,173.196655
863.233983,119.282949,186.633713,209.720001
873.972325,125.016737,169.439438,207.645493
888.428303,127.886534,161.877640,210.429886
889.923375,132.455893,197.299606,203.768036
884.541607,134.703939,231.564728,201.379303
865.071515,189.775824,269.474152,151.764221
793.197537,150.594976,367.702820,200.956726
861.729779,223.385695,331.208771,136.679977
727.122433,210.550428,501.013428,163.541306
747.332303,204.728354,506.160339,159.382477
746.132565,194.811399,529.758911,206.451981
946.830533,196.043364,333.169467,200.661514
846.509932,201.452620,430.714111,196.355576
789.215300,205.825911,490.784700,154.080673
865.292907,207.088133,414.707093,147.959793
1007.682357,214.863455,268.858246,157.756805
938.678466,223.982168,341.321534,160.235809
988.646240,245.258017,291.353760,133.339752
987.730316,230.361448,291.975464,159.297684
958.282318,212.093779,321.717682,177.938004
1014.447098,212.625235,265.552902,205.322601
969.034233,206.932737,310.965767,138.598953
1015.212017,254.079329,264.787983,79.251816
1100.089628,239.153196,179.186447,80.514542
1060.019224,236.162752,219.980776,87.888863
1000.922088,244.475149,277.188232,90.795929
998.260833,241.785170,279.870056,113.982346
981.161178,252.536287,298.504913,122.042671
952.802428,260.698301,326.401428,130.239578
992.745528,269.821692,285.626801,131.123413
913.345458,251.476599,364.743958,147.743835
901.475677,258.784124,378.400879,147.019897
892.743011,255.548475,385.664062,150.329941
882.445754,257.281240,393.925323,144.688385
880.979613,239.665541,398.110779,160.321762
859.964980,215.172293,415.978302,176.108673
835.008056,205.160543,444.290222,189.814056
848.622848,207.604155,430.160248,184.848953
866.374145,217.150732,413.625855,172.800354
885.810256,220.011053,394.189744,171.959961
879.049171,221.483610,400.762939,170.319534
893.079704,212.904051,386.920296,162.208511
912.019604,206.996893,367.980396,170.683960
917.111303,212.256323,362.888697,165.515686
908.280551,214.448591,370.358185,163.032761
920.826129,212.043211,357.585266,156.675186
928.146899,209.202860,349.447144,118.360649
900.337283,211.106138,377.504303,157.020767
885.164203,214.130423,393.082153,177.682037
894.366595,220.105612,384.590698,171.964325
910.134433,223.182943,369.779877,168.516937
922.240100,225.932318,356.142517,158.968994
931.154223,235.466398,348.690979,165.489212
938.987781,245.264120,340.300720,174.994110
886.171786,251.668859,393.722015,179.028137
895.283404,254.956030,384.716596,179.599060
870.660394,258.958609,409.339606,161.525543
858.782162,266.535711,421.217838,172.141479
866.237364,273.852423,413.762636,174.091431
865.484801,293.292608,414.226257,160.246948
828.012664,291.797560,451.564697,171.320663
866.979644,302.064863,412.943115,156.608078
837.309066,301.913633,442.690934,174.996109
838.778831,310.534994,441.221169,176.001190
849.240703,294.131788,430.759297,201.992783
852.948767,278.286505,427.035553,223.918213
854.164450,263.509314,425.835550,229.030090
897.888240,263.694990,381.990875,228.876144
940.921138,269.794836,337.348541,235.863586
980.459987,252.663244,297.352264,274.433044
1041.066424,243.973257,236.534531,299.206573
1057.822680,250.862783,219.580368,291.931793
1064.665019,262.741995,209.881409,289.506134
1057.498431,286.445776,218.276596,264.764954
1070.748874,292.377234,202.799026,260.120667
1054.678950,305.446417,202.383087,248.950684
1046.325473,311.309805,187.662186,243.892365
1027.286502,310.930136,201.523087,244.857880
1014.114909,307.822409,224.273132,247.313934
1005.539920,305.271009,189.613297,253.695175
999.236674,305.544928,237.858704,248.581665
988.451320,300.424620,251.613129,254.622818
978.415553,301.627897,257.850311,253.699539
971.963603,301.221518,233.735168,256.465057
968.763957,299.606451,243.393005,256.560181
962.416240,300.002981,237.775574,257.933258
955.638606,299.554434,248.670319,254.892365
952.858607,295.606306,240.529144,253.019943
950.493380,293.880468,244.130569,259.668884
945.622424,293.472677,248.087692,259.611298
941.704341,293.319998,254.644318,257.620758
933.470973,294.168020,253.654877,258.848785
933.140124,289.844015,255.544724,262.355194
927.777095,291.188940,262.587799,260.690979
923.032313,291.378347,267.618866,258.094147
922.487544,292.486761,269.221832,261.982666
920.670413,294.735479,243.602188,262.313354
922.340007,298.673391,251.011414,263.412628
922.106486,304.746611,256.386780,255.639236
918.568011,316.182714,250.943588,240.037170
915.686694,317.629904,248.765915,245.406342
917.666423,317.926519,263.312439,244.313721
915.701182,316.441862,252.518311,237.846878
912.771953,316.282454,252.921448,244.777512
916.042842,314.537138,253.095490,248.001907
900.651729,301.538717,283.249542,258.840912
893.413585,290.735342,300.434204,265.495148
892.929103,286.201330,298.542206,266.275085
896.021266,285.119101,309.779510,265.592987
897.972026,282.521490,301.066589,263.431030
899.672969,280.124228,323.525421,271.607758
902.639811,281.434439,317.583191,259.185455
914.338313,292.730726,305.483063,245.203842
919.630137,298.126959,301.050171,241.178955
920.330134,294.486525,301.371246,244.444565
920.948680,292.831976,301.393311,244.628052
920.600276,292.267241,299.421906,245.066360
921.252116,293.647123,298.276550,244.228348
922.478999,292.624472,299.758820,243.100922
900.723399,284.152952,325.237061,250.598648
889.627025,281.274038,345.535278,250.913116
890.374522,279.191916,357.914062,252.631317
891.816798,278.241339,358.643646,253.574341
892.611735,278.472433,358.327698,252.912811
893.734660,279.551718,358.481506,253.386444
898.271312,279.494726,357.701294,253.756409
903.668300,286.390486,353.542450,246.613327
904.288646,308.726698,352.762207,225.060165
905.745158,308.875120,351.649475,226.856705
908.914851,299.051107,352.787872,236.656342
910.933101,295.200552,355.532990,241.056183
893.873103,298.404898,377.145782,239.062286
874.248301,295.589979,400.975342,241.468124
864.119807,291.987204,413.657623,244.304657
848.894313,288.564856,428.973114,242.149231
832.291530,284.791861,446.720917,256.237701
815.953822,288.054541,461.255707,273.806946
793.440333,291.586889,485.831146,279.521912
765.045146,280.585012,509.539734,285.482330
736.342601,269.733511,539.677856,289.470245
701.827159,272.210241,526.267090,305.958435
667.087504,280.710058,534.426941,323.200867
651.452495,284.095510,531.918274,318.300568
646.173411,280.747625,543.114136,345.690674
636.910747,280.398687,541.390198,328.149048
631.118968,278.236364,568.722534,330.196594
630.799540,277.264959,568.068420,340.523926
643.973308,277.633139,549.849792,311.742157
649.233012,278.526129,543.761292,340.903198
654.634410,281.030539,527.671631,300.639008
663.312846,276.064230,522.273621,329.851654
666.578624,279.177084,520.184937,334.008270
670.624888,279.082006,521.309937,317.068542
669.742320,279.123465,531.313965,329.653595
672.245280,297.326269,532.505310,309.139343
667.799479,309.053671,536.798889,294.760834
669.024791,306.462912,531.331055,284.753021
673.003978,305.518942,531.193848,312.298676
675.378886,299.408224,527.483337,286.401459
670.301677,281.750479,545.126160,328.637970
669.441539,272.953619,539.390381,322.952637
672.409923,263.872030,561.205811,351.745941
677.016734,259.950094,569.468262,351.722626
677.886058,260.423483,576.779175,335.196503
678.283153,260.185369,576.669067,355.809937
687.444804,254.650320,571.557190,328.876617
686.155955,262.596212,571.972778,354.179413
691.768229,286.217321,569.265808,310.159363
694.614055,289.553915,562.725525,296.731537
698.170329,289.947592,549.443298,285.210419
701.278880,287.454199,560.470825,296.826599
705.726390,286.741568,553.670166,287.539825
719.094768,292.631155,545.352112,290.566559
729.735026,313.589582,539.487366,253.372238
732.772288,315.032278,530.336304,256.748199
737.714427,315.944029,525.599243,253.027847
734.614085,308.683172,524.762939,269.947266
723.689525,302.325613,523.302246,267.214508
729.845591,302.788717,520.104614,279.267303
728.567241,306.620352,520.646790,271.636993
731.736949,304.707159,513.563599,276.571045
733.805766,307.495245,516.959167,274.786865
734.579066,310.085806,506.022186,268.287018
736.706584,309.579550,495.672424,276.951508
738.318370,310.833700,504.497314,274.067841
739.775310,308.291876,514.362854,277.460327
742.127910,308.099310,519.497498,273.514404
744.367839,308.975561,520.898499,275.302185
745.280162,308.810690,520.921753,274.497162
752.420146,314.967764,514.656189,271.153351
771.270457,338.898726,497.382690,240.549973
775.561824,348.240171,491.913849,231.969376
778.163157,345.854361,481.101196,232.074738
768.678584,315.501959,504.075226,268.394165
754.151500,298.187429,512.809326,274.724030
757.009288,290.168081,498.978638,292.499054
754.035075,290.006277,502.886536,294.435211
755.620341,291.423666,504.124329,290.402557
754.888881,291.055212,503.987518,294.322571
756.103984,294.535025,503.095642,294.255280
755.452891,294.723608,509.403809,285.204773
755.556727,295.826513,505.069672,289.528259
755.331080,295.886374,507.611053,290.126434
755.522883,298.000586,506.379425,285.400330
757.774486,295.616522,513.244263,287.110474
762.857280,300.834753,500.213074,286.682922
789.783519,326.436224,480.146606,264.466553
791.569209,352.477468,483.258575,225.487823
794.374156,349.692854,477.789551,229.816696
783.712230,338.119001,482.848755,246.456100
761.469035,323.178976,487.331482,253.328461
747.733226,321.080473,453.536255,251.414505
735.119472,332.436071,424.658417,309.230286
716.021159,359.822287,465.002991,308.030243
695.372722,372.111380,478.374329,269.067291
686.666743,375.132421,462.889069,261.431335
690.520610,376.561880,443.004089,255.595001
689.588695,376.240202,413.753052,255.767410
692.279857,373.907278,400.331909,265.693390
696.522288,370.972250,399.719971,263.103485
696.392116,369.267828,405.520844,274.534180
692.216777,365.756186,411.371765,264.309174
680.717296,344.865332,432.778442,298.598083
681.232768,331.999731,452.404846,305.242126
678.187144,330.327963,477.957275,315.260468
678.464549,331.341864,501.692261,307.225220
651.898753,337.294195,544.516479,295.854858
622.144114,338.947760,577.265503,303.615112
589.687541,337.519079,609.163269,304.052551
559.875255,354.749136,628.465820,291.624176
537.662669,363.290335,619.002319,303.119904
517.121898,368.972540,629.848999,311.522095
492.512340,368.869314,685.403564,303.059601
467.623088,366.269049,704.272400,310.742310
365.150554,346.876226,658.461121,306.387817
382.690257,375.847494,773.448608,289.345917
347.315928,359.077887,811.432129,319.995239
300.862315,348.869665,872.346680,346.358948
263.228404,335.424047,730.756592,374.271179
233.973979,319.094519,794.823792,361.556458
220.174144,322.657278,722.252808,327.437286
194.759562,338.470068,875.717468,332.162292
149.006572,353.116842,885.398010,334.471527
117.445506,373.615423,889.397095,317.120850
99.331248,366.460272,930.636108,340.296143
95.296794,363.015738,894.795593,340.683502
69.346782,372.273199,940.108704,332.515503
48.686870,375.245779,941.492737,326.071320
17.060801,386.853674,977.781982,318.412170
6.832927,394.345922,960.421082,314.704285
6.594432,397.218435,922.510864,314.949982
3.950908,392.727438,951.882629,315.583344
2.287517,393.815451,974.934265,317.636322
1.720744,382.806601,1007.934265,325.843475
0.000000,386.184774,699.163707,320.711395
0.000000,388.445333,558.913763,319.898529
1.920474,389.485296,529.992249,321.111328
0.000000,390.072836,520.072512,318.484344
0.000000,380.426229,510.038698,335.742279
0.864442,379.348150,850.546387,329.707764
0.000000,390.191549,499.608475,322.577118
1.340477,383.295874,476.637482,331.880798
0.511834,420.003408,449.605072,294.738922
0.000000,424.705572,491.559548,290.561279
0.000000,427.346197,393.744526,286.022583
2.058176,426.848639,392.733398,286.222290
1.196283,398.850607,458.308868,318.017914
0.000000,380.495321,432.097376,334.851654
2.658048,311.346197,405.641876,404.638184
2.722318,306.532568,411.384796,405.887512
12.310498,302.074865,418.178162,417.920959
40.312390,296.991064,413.446594,421.510437
67.639234,293.665899,417.431580,420.024536
91.971997,291.766973,417.144714,428.052856
110.635968,291.623541,425.957153,422.960327
136.085340,294.550482,441.460754,420.975830
130.123395,309.638266,505.685913,408.050018
138.030744,316.134802,546.787720,400.602600
164.468518,316.091711,642.075745,403.908289
186.009625,313.884051,667.091675,401.906616
210.545667,314.182055,663.979797,402.585999
250.532941,307.924136,642.098999,409.406525
302.099134,303.035235,580.202698,415.921387
346.025312,285.610049,548.825195,432.307892
382.501050,279.170596,553.056335,439.617706
411.941968,277.516238,542.130310,438.801910
436.960126,277.245166,546.783447,435.642639
460.411756,273.972461,549.313293,436.939026
484.164594,271.359775,563.271484,445.660980
509.211103,271.727618,565.971680,444.167969
526.206739,274.411380,573.821960,439.185944
550.298017,274.632327,571.844727,440.302887
571.879865,276.318377,569.816040,439.926147
586.962506,280.383029,564.985474,436.149628
605.266553,279.312610,570.965759,431.871277
624.337842,287.803073,571.197205,429.310760
641.522840,287.898227,599.845764,427.800873
666.174115,295.877673,576.262207,417.674255
679.720777,293.398379,571.378113,421.545197
697.320355,303.165637,547.158691,410.916687
713.911450,298.468799,548.000671,413.888000
729.225781,308.344989,540.232849,411.655011
746.572370,307.341974,526.465698,410.363190
757.834516,311.700784,516.656738,401.069397
768.566617,313.906412,505.796051,403.343933
779.351712,317.232400,496.987579,401.433899
788.489133,317.692331,490.360687,401.189575
796.260617,321.189920,479.483246,395.996155
802.915631,323.665369,477.084369,389.680511
811.786612,326.131662,464.166138,393.077515
815.049857,326.210794,461.773926,388.176086
820.543036,330.705225,456.062714,387.242401
826.139075,333.333749,451.180695,383.175781
830.641593,334.445718,446.896118,380.004333
835.266593,335.838892,442.994507,375.800507
839.444693,337.130899,439.258301,377.518250
842.250876,336.178583,435.550842,373.724884
843.754523,337.893548,435.811371,373.923615
845.501364,337.593759,433.882874,374.687134
846.432227,337.161645,430.958893,375.740814
845.383948,332.799951,434.616052,379.834564
846.862277,332.886026,432.130219,379.511414
847.300571,332.489435,430.995819,380.079132
846.149875,331.565317,432.077240,379.284058
847.733615,334.928613,429.891083,375.291473
845.853656,336.000452,434.146344,373.220673
845.157632,334.252695,432.822937,375.712402
843.565530,333.396417,436.434470,376.490997
842.853825,333.032922,434.662079,377.005096
839.990102,333.707284,440.009898,376.698242
838.618403,334.472711,437.952759,377.337311
835.855036,335.298486,443.134277,377.143768
833.869395,334.177057,446.130605,378.598907
834.009786,333.203958,445.783905,376.439880
832.956990,330.621927,446.528534,381.053406
830.511449,327.230463,448.929626,386.280670
828.447499,328.253458,451.552501,384.023987
828.869990,326.474588,450.732666,387.049500
826.840815,327.870691,449.431396,387.805878
824.675273,325.070093,453.404572,385.415619
822.225459,325.292963,456.384033,388.367584
820.972499,326.956430,457.913147,382.848999
820.853800,324.603586,456.630035,389.200439
818.919154,323.721750,458.508606,384.385986
814.291834,323.145654,461.814026,388.202484
812.413600,322.518091,462.516785,388.769623
811.075968,322.054986,466.944977,390.148956
809.411601,320.573251,465.465118,387.709106
806.912608,322.828027,471.594452,389.322845
803.806956,321.641794,470.616058,388.907959
801.903575,321.778070,475.714569,388.185211
799.549662,322.529291,479.534454,386.921783
797.825343,322.943811,480.677917,389.084442
796.723673,320.555856,481.088776,392.817871
793.815714,319.038675,482.406403,395.036560
790.648463,317.534784,484.481384,398.288727
789.375117,316.364694,486.386963,397.090576
784.404215,319.748147,489.941559,394.789490
781.218531,317.247247,490.895691,394.031525
776.719187,316.910440,497.019135,397.346985
774.005076,316.625116,498.401703,393.900543
765.046824,317.310983,505.726898,399.338867
762.097590,318.553384,505.871460,395.294250
757.758540,317.832590,512.630615,395.319336
753.796961,321.879831,513.994446,390.625488
747.439570,323.523416,515.562500,389.621521
745.162837,322.737649,514.973389,392.213562
739.593165,323.551630,516.294861,387.397614
738.014521,324.590570,514.790527,387.850983
733.551447,326.184106,511.159302,387.765961
728.850367,325.156412,518.120056,388.094543
729.423304,325.836740,512.631897,384.375000
727.540217,328.620203,516.764771,383.695526
721.036311,330.202707,519.068237,383.123535
714.343836,333.264215,518.516418,376.822784
709.312129,332.436548,529.440430,382.649261
704.486170,336.332620,528.242737,378.021179
704.512934,335.253076,524.850586,379.023773
703.673579,336.298090,519.200684,376.440094
700.664149,335.976999,519.226868,374.918701
703.717143,339.523920,510.479034,369.330475
708.778071,330.021539,513.826660,383.323761
709.371913,314.809350,517.163879,392.286224
708.583552,324.899423,539.399292,391.436890
700.187403,358.397119,546.732361,355.228607
695.917506,362.290109,539.286072,354.143311
694.220606,361.213922,537.565613,349.130402
690.728633,372.730539,545.442871,340.915283
692.490290,372.709527,545.849487,340.184601
687.307337,371.992670,547.481506,339.566559
687.898127,367.114679,545.153931,342.950470
688.238215,365.639001,533.432251,348.675018
685.342921,361.670068,541.736755,354.721283
684.792170,364.321878,538.075562,346.517029
679.939387,359.947870,542.958862,353.907867
682.270503,358.422464,538.582764,357.671814
680.101435,358.369028,540.621338,354.443481
680.336329,355.973108,540.533630,358.818085
680.270869,357.349817,542.258789,357.857147
678.757075,355.461145,538.053711,357.997772
680.209193,351.179025,539.824524,362.746582
679.123103,353.827905,544.322876,357.881439
672.764063,350.636911,572.094177,360.982910
672.101130,349.026239,572.715454,361.299469
669.394801,348.436212,574.528259,366.184113
663.143550,347.881662,587.408447,364.875732
661.362696,344.883661,578.679138,365.635162
663.279994,346.886194,577.332581,368.049530
659.204798,345.691629,570.308167,365.650085
658.100825,343.677026,577.881104,370.296478
654.862635,345.011453,569.712463,364.299500
654.520259,342.203226,571.347656,369.238464
651.317713,345.030832,578.861145,367.658691
649.663508,344.620325,582.702515,366.175262
650.735835,343.754159,578.187988,367.539429
650.401972,347.420801,581.023682,367.809418
648.145899,345.478754,566.250427,366.082916
645.732020,340.321252,577.941467,374.414032
645.589594,343.710474,565.078857,364.798431
645.371791,341.555002,566.415588,368.633301
641.352229,344.852334,561.439575,365.837219
639.429072,346.501031,556.706543,365.899689
639.858851,354.100229,554.435364,358.937866
632.882472,348.609003,562.886414,367.317535
635.683863,358.847101,545.161560,353.470978
629.604243,352.591257,556.160400,361.872803
626.270228,353.397195,547.172424,355.725769
622.218348,352.987543,552.825745,358.141022
622.001124,356.617944,552.102722,357.010101
617.979457,353.187723,554.039368,362.838318
617.428279,359.875970,548.506226,351.335846
613.374781,353.004816,553.566345,361.536652
608.160700,362.100870,552.839478,353.712463
607.378077,355.790658,551.615173,358.015259
604.213587,356.260507,551.671692,358.850952
599.953425,356.360925,549.367065,354.208954
597.270197,356.562967,555.557983,356.631287
597.005793,355.927560,551.004517,356.368652
593.555720,354.194162,555.764282,359.147461
594.546046,354.799249,555.532410,360.586212
592.248927,352.599496,555.554626,358.566772
589.333491,350.023035,560.953125,362.772186
587.561396,354.373193,561.127441,360.858734
585.348567,351.877466,561.682251,361.338470
584.052851,351.560831,566.292480,363.433167
583.526362,352.568902,562.188965,359.399933
583.715907,357.172739,566.635803,358.146851
581.973048,352.501367,562.710144,362.352875
585.534541,356.385492,560.184570,355.341705
585.229670,355.562418,558.957153,354.848450
586.957423,360.460870,559.086609,353.768097
586.652583,358.516443,558.698975,352.472382
590.663416,363.989023,555.632385,351.590210
588.664790,357.846506,563.519043,354.855713
592.269312,362.043420,558.427429,349.323212
589.351313,360.016275,560.431152,350.492493
589.448268,361.447702,558.853943,351.984863
588.747035,362.499124,563.772522,348.756287
586.787501,361.989999,564.315857,348.393921
587.415705,364.183420,563.413452,345.070068
587.126795,366.360315,564.512268,348.910126
588.711268,365.662088,565.018616,349.827576
585.863185,365.516885,567.438171,349.143860
586.973933,365.969675,566.191040,348.748291
587.879725,365.259286,566.826721,348.435425
587.044795,364.458475,567.165283,348.407166
582.466487,370.068964,574.637817,342.129791
577.658045,364.444253,581.060852,350.216858
574.616755,367.654657,576.156128,341.274811
573.173487,368.799814,586.653259,344.278687
566.672602,367.088129,583.942627,342.703033
572.434748,367.943658,589.214233,347.550568
566.273799,367.646646,588.690430,344.551086
569.780299,366.576425,587.174255,344.055054
565.893275,368.108789,598.703186,347.403656
561.834620,366.914773,592.021179,346.866638
567.146479,369.558359,589.726074,342.206421
560.814143,368.544000,591.187134,340.933380
559.121363,371.798913,600.061462,343.944550
552.821681,369.613519,600.342468,345.017731
551.648585,374.122034,598.068787,338.037079
557.998377,380.645319,595.083801,331.544952
553.362971,377.983072,599.216919,335.543030
555.140589,388.594598,599.200745,326.134186
559.275538,383.725458,589.956482,327.954254
562.289637,388.202508,591.042786,323.779694
562.183741,391.359918,591.776306,322.648468
564.847010,392.322290,589.027893,317.416840
568.326472,392.602365,592.099976,321.551514
571.591639,393.825342,588.562561,317.388031
578.010615,393.260004,596.306396,322.063873
580.914912,392.234903,592.831299,319.652649
589.609797,386.883768,597.781128,325.450867
599.387263,382.960992,595.942505,331.356476
605.476130,378.006540,596.000610,333.261475
604.549861,377.756036,609.341675,333.752472
608.361842,372.931055,612.260437,340.257416
610.293666,363.422021,610.485168,350.522552
626.776026,367.887048,604.362976,345.839081
625.804713,360.132577,608.538757,352.210815
635.772822,356.126306,603.007812,354.826630
644.297877,352.157434,603.867126,360.406219
651.418391,349.515558,604.359497,363.531769
659.246455,345.043481,600.149170,369.035248
669.427332,353.516840,604.010315,360.890778
671.368434,351.809366,604.737244,360.603577
685.243159,361.488367,594.756841,353.200897
675.266477,345.887369,601.794922,366.089905
692.677457,356.004983,583.251038,355.759949
700.494687,354.483758,578.433228,358.478424
708.988767,355.460092,571.011233,357.628540
716.289061,353.017709,560.318115,360.478638
718.726897,353.172296,560.395813,365.512970
727.319884,355.363565,552.680116,361.532776
733.623962,355.910028,543.767273,358.721100
740.352844,354.706811,539.647156,362.552582
745.761657,354.924295,534.238343,360.946960
750.009491,354.577936,529.990509,359.759308
755.429184,357.168436,524.570816,355.589783
760.104118,354.067865,519.895882,356.257721
762.048550,355.158960,517.951450,356.967865
764.684004,348.342065,515.315996,362.732513
767.048728,351.977624,512.951272,358.183807
764.751232,350.602701,515.248768,358.981262
763.456762,353.298379,516.543238,357.142395
761.861194,353.290903,518.138806,359.531616
759.756494,351.343027,520.243506,358.540405
759.607678,349.320810,520.392322,361.769409
762.794501,349.578409,517.205499,362.057922
758.575870,338.409204,521.424130,373.772308
758.304720,345.246957,521.695280,365.363159
753.900285,341.474054,526.099715,367.752960
749.684487,339.079172,530.315513,369.178467
743.476795,338.098718,536.523205,369.368378
734.964808,335.366663,545.035192,372.340057
725.080915,332.676446,554.919085,378.611359
721.584097,338.398630,558.415903,372.880615
710.833797,340.645486,569.166203,369.599304
705.703886,341.663858,574.296114,371.805969
697.728560,343.110910,582.271440,372.956055
690.168998,345.751184,588.928406,369.751434
684.457969,349.088998,591.729858,369.581909
678.653373,351.163705,594.594910,364.147339
676.126487,356.456064,600.170410,362.067505
672.311180,362.961298,602.959473,355.425690
669.402793,363.646844,601.163452,356.353156
664.125907,368.473492,601.981140,351.526508
660.443321,368.699423,592.508667,345.321960
660.307609,369.154944,589.992004,346.612579
661.670829,370.163962,587.949402,346.816711
663.582572,371.018713,586.563416,346.967072
665.988853,371.454001,597.014771,347.974915
668.490501,369.840598,590.453369,344.770813
672.804435,368.866583,593.433655,347.359955
678.781455,366.318793,596.244507,353.681207
684.495078,363.786563,588.475952,351.631897
691.708610,365.820651,583.475647,350.385742
697.792564,365.594653,582.120239,351.063324
703.932823,365.867374,575.988403,350.044983
708.851829,369.016238,571.148171,345.177185
713.727794,370.725818,566.272206,344.944061
711.956518,373.050693,568.043482,342.343628
715.533374,376.784488,564.466626,337.437805
713.874536,378.435199,566.036499,335.130280
714.677148,377.239017,564.109741,336.396912
720.797998,374.925220,559.202002,341.345062
725.054303,375.791598,554.945697,338.336914
735.829123,375.197131,544.170877,342.466034
743.162273,374.631168,535.252869,342.993713
749.590282,372.664005,529.970093,342.980530
760.197154,371.917545,519.802846,341.036438
767.882345,366.751361,511.574554,346.212799
777.071600,372.985843,502.928400,337.512878
787.492831,370.478946,492.507169,343.893616
796.118562,375.009769,483.881438,337.953552
802.977418,372.810245,477.022582,340.310242
808.486801,371.272342,471.513199,340.593445
815.367409,372.595966,464.632591,337.384430
821.579044,377.950198,458.420956,337.934021
828.677706,376.735629,451.322294,336.286499
832.782167,377.262347,447.217833,339.945831
833.145691,375.366901,446.854309,337.032990
829.447281,374.719043,450.552719,339.119232
825.396752,367.727451,454.603248,347.125366
809.419109,362.808978,470.580891,354.226959
794.304052,358.846286,485.695948,354.714966
783.288440,354.864978,496.513306,357.843109
769.203143,352.146274,510.796857,354.745117
758.297464,358.298175,519.193909,342.173004
743.238351,358.349658,536.761649,332.651825
731.699132,358.296161,548.300868,321.054962
724.922442,359.943256,554.925293,322.832550
717.689562,358.151340,560.128601,310.782104
716.178179,367.753146,563.770508,317.267944
707.831499,349.363376,566.192139,331.653687
714.877520,362.286395,565.122480,318.234406
712.566873,368.304233,564.903931,304.121094
721.555276,366.767535,555.780640,306.486237
726.551065,376.400317,550.415527,298.277802
734.140695,382.872791,544.492859,291.171722
740.150430,381.308765,537.971558,296.277924
748.634561,380.252902,527.674927,297.115479
751.792764,362.294635,525.719482,317.748688
765.085031,375.931537,513.216736,301.238068
772.996438,377.394244,505.875000,309.200348
774.748315,372.862430,502.054352,301.269714
784.569604,379.131137,484.166290,326.611572
799.142755,398.970264,478.000702,315.096649
810.716088,414.269550,465.835114,304.034821
825.951669,433.430545,451.366882,284.722717
841.557611,460.932101,437.605316,258.860229
845.583780,464.793979,431.204956,252.666138
835.279611,472.065501,433.872009,247.179489
822.317071,479.761371,429.051239,238.135895
813.528436,487.027866,434.606537,231.931396
804.238244,495.960002,432.898956,221.743027
789.497049,497.109668,440.529541,220.468842
776.563043,498.667964,408.598846,220.140701
767.697519,496.156444,417.641052,221.196945
756.559045,496.745845,437.512604,222.958450
747.997995,496.058482,436.220520,223.394089
738.157678,493.464999,445.281525,226.312378
728.974893,488.504039,449.395508,231.495961
723.284265,483.474294,454.657257,236.428131
721.792291,479.312246,457.151093,239.626129
718.454385,471.185918,456.831421,246.586792
714.969262,459.723577,452.764679,260.276423
726.875055,445.544833,455.964691,273.253906
734.830667,431.266314,450.036743,288.238190
743.900781,413.362811,476.214996,304.360870
742.490014,392.238177,479.056427,325.590240
751.426812,372.221469,499.234589,343.467773
768.297143,354.404254,503.077667,350.290924
782.179666,346.564914,461.876831,333.789917
785.649362,327.476107,432.723694,328.259888
787.346856,317.074755,393.657074,327.678925
788.209726,309.755206,434.099182,316.715363
794.656091,303.182071,455.299469,329.713196
800.851052,294.149890,412.098633,335.498016
807.029184,284.493274,406.019958,314.417450
812.115915,273.600085,426.998718,303.698578
813.899667,260.147357,448.516052,307.240143
816.027810,250.476336,447.268921,305.983307
816.358606,237.134814,420.592804,314.390350
813.300729,219.502383,334.874817,319.495544
807.543328,214.443515,318.793182,327.354004
807.946313,209.080020,320.921295,323.898621
791.246408,206.365496,314.212219,325.079254
757.050698,207.130557,295.920776,315.979797
721.693856,209.543887,284.815369,306.202332
703.451982,212.080600,245.316208,264.146362
683.705064,211.994510,255.271103,266.451111
671.255502,220.091739,264.845520,257.737610
643.656945,220.492389,279.953156,264.153961
620.788293,240.662860,290.660675,253.363068
609.586053,245.954654,292.586639,253.889465
597.799142,250.330012,298.947571,255.024490
586.931039,252.708499,300.106750,256.519714
578.711999,255.458834,299.683868,258.484985
570.762963,258.105227,299.627960,260.806091
560.945749,259.625384,296.239563,262.034821
548.124139,260.385440,296.650238,261.797546
534.631143,261.437594,294.350830,262.402222
522.354852,262.031680,289.446014,263.402771
514.704507,262.486880,289.179810,266.618103
504.486428,263.586032,288.419800,266.045288
492.906015,259.170977,288.852600,271.173737
480.037088,250.636340,289.783203,281.347748
460.938424,243.548526,287.396057,287.728821
451.234231,232.682895,282.603394,292.299438
435.714837,213.172519,276.562958,298.888916
421.951394,191.085955,278.308350,307.531036
412.202142,174.296527,280.035492,314.555695
385.077813,153.140109,295.600189,319.398071
366.461175,134.483615,296.393402,326.200195
357.142602,119.044879,294.585114,338.462677
349.680993,110.068560,289.279449,336.941437
338.172326,113.534808,284.555328,322.306305
323.668283,122.646090,272.930725,324.975586
309.989724,131.717639,276.114258,317.678925
292.996865,132.646350,277.239990,331.234833
275.123422,137.469897,279.020691,323.955414
246.848413,138.994159,290.958649,310.336945
226.583581,142.073230,280.271271,299.117279
219.015237,143.321200,283.083374,318.698975
218.518731,144.578891,284.798065,324.374878
218.005380,152.140521,289.694031,318.182281
220.289239,157.777789,295.671112,309.992584
233.236230,160.581454,306.499176,311.341187
236.528176,169.503909,333.809204,298.553650
252.176767,174.486132,349.217590,298.648407
140.882089,174.981906,480.851257,298.581177
119.432504,186.182772,525.915100,319.359741
89.276101,192.377230,564.833984,349.659790
56.994363,199.706546,608.516113,358.838806
27.540963,205.247989,640.887756,349.376770
59.254678,216.447940,619.975464,355.826721
88.663461,229.863177,592.352478,345.802399
79.585458,233.524142,599.852722,348.393066
52.662637,238.813006,618.339722,339.580963
24.614724,242.754504,646.737305,346.014130
75.107705,239.816638,595.581177,348.572968
40.561013,246.420352,624.483887,353.322571
19.474466,245.447711,641.821289,370.864044
13.541238,246.347674,644.837402,364.721832
2.574044,238.440768,649.194885,369.080078
0.000000,231.826495,653.893045,380.946075
10.150288,216.734347,646.024597,388.100098
12.893330,199.476702,648.146179,394.429840
6.216084,188.916201,651.454041,398.000549
1.016591,181.544802,653.301270,408.587097
0.000000,171.088046,652.885670,402.591919
2.465205,157.936557,640.583923,407.642212
7.792780,150.545108,629.955627,404.546692
2.359095,142.672473,632.775391,405.373016
3.276423,130.678302,628.454163,410.783966
0.000000,123.995929,628.438288,410.527374
0.000000,126.792300,618.614194,408.797180
6.386015,131.865435,598.062622,404.122589
0.000000,136.354693,595.483946,405.942169
1.288848,142.940402,586.034668,403.253174
0.000000,150.532244,578.206329,404.284088
0.663925,161.412600,567.303528,401.060730
1.061142,172.279422,557.936096,397.131042
0.046493,179.133319,557.601379,397.388824
0.000000,184.735492,556.150528,402.192291
0.000000,189.022845,555.938576,406.128082
0.000000,192.776873,555.769001,407.828766
0.000000,195.059985,559.358164,406.562592
0.000000,194.891604,562.595067,409.615173
0.000000,193.367282,565.979296,411.842529
0.000000,191.780505,567.645684,414.458710
0.000000,190.856524,568.876706,417.728790
0.000000,190.207354,570.693236,417.850372
0.000000,192.972583,565.220397,420.327240
0.000000,193.559298,562.367035,425.684082
0.000000,195.469958,556.881454,428.354950
0.000000,198.392550,545.880669,431.881104
0.000000,202.152850,536.517818,429.190582
0.000000,203.118060,531.733366,435.116119
0.000000,207.972873,525.724441,437.156250
0.000000,212.306353,522.000648,439.601105
0.000000,213.252581,517.831836,446.200592
0.000000,215.303775,515.618494,445.092590
0.000000,219.791247,513.016400,448.667938
0.000000,224.942645,509.269125,444.418365
0.000000,229.684787,502.630077,438.750488
0.000000,232.964724,492.562276,442.859070
0.000000,238.440570,483.017146,447.898102
0.000000,242.980090,474.787992,452.633026
0.000000,247.917682,468.529860,442.492706
0.000000,248.161105,464.517890,450.522949
0.000000,248.477664,458.105335,446.252380
0.000000,248.750384,456.175043,448.037506
0.000000,249.385012,455.955411,448.006531
0.000000,248.293765,457.781523,451.904602
0.000000,244.517215,459.239166,448.371521
0.000000,243.879931,463.487655,455.594818
0.254173,240.127490,465.702942,452.132904
0.000000,238.682803,470.586189,458.283264
0.000000,238.479693,474.810352,461.951935
0.347025,239.443469,479.184662,457.465790
0.000000,238.538287,481.516199,457.858429
0.000000,240.078723,482.625669,461.333221
0.000000,240.244967,487.507918,465.183350
0.000000,241.674029,493.269126,460.352325
0.000000,245.234561,497.559093,458.651917
0.000000,244.344851,514.042944,463.156189
0.000000,242.203723,518.209918,462.042206
0.000000,239.800738,518.848154,462.486115
0.000000,240.170764,527.177983,464.351044
0.000000,241.414553,512.945742,468.664246
0.000000,240.960955,508.846727,469.197906
0.000000,245.660998,516.490502,464.017059
0.000000,240.368167,532.771771,454.291931
0.000000,225.676516,543.893545,484.524841
0.000000,228.092288,543.009395,477.901062
0.000000,229.423877,554.194089,486.655853
0.000000,232.506778,543.607939,478.363831
0.000000,232.638247,546.140365,482.379456
0.000000,235.047702,553.119438,482.533203
0.000000,235.093264,559.178554,478.021667
0.000000,232.483279,569.682692,480.260193
0.000000,231.161380,581.495032,480.171326
0.000000,230.180423,585.040241,481.921326
0.344126,241.227923,587.722595,474.589508
0.000000,249.816134,607.789652,463.039795
0.000000,244.607470,627.416280,471.983002
0.000000,261.653033,621.584116,454.020782
2.162084,269.103976,655.990662,449.238281
0.000000,268.455844,668.612523,451.544156
0.000000,264.847642,679.784106,448.442200
3.626642,266.925538,681.475891,453.074462
0.000000,266.638367,691.574701,450.424927
0.000000,269.902009,709.184262,446.929382
0.000000,267.470795,712.448637,452.529205
0.000000,272.153992,709.424514,443.557098
0.000000,275.701340,710.278694,444.298660
0.000000,279.521126,710.342289,439.273834
0.000000,275.388619,715.473421,442.869171
0.000000,273.909386,718.748612,443.587402
0.000000,270.813728,725.923195,446.405670
0.000000,266.528038,734.354054,449.645996
0.000000,276.027199,743.383295,437.902313
0.000000,278.067589,758.142148,437.269287
0.129210,276.970238,770.085876,440.061401
1.122252,275.823174,779.435486,436.778625
0.000000,273.661354,791.750914,443.844452
0.000000,272.991692,800.415923,439.815613
0.000000,267.285042,804.436844,442.150787
0.000000,266.542214,799.889564,447.884735
0.000000,254.243126,802.985065,451.797119
0.000000,243.631798,795.986643,466.098389
0.000000,233.396126,796.790380,474.508942
0.000000,222.178917,798.025805,488.922852
0.000000,227.995857,797.933526,483.804108
0.000000,223.921028,799.611539,489.927399
0.000000,218.503884,799.078993,492.884979
0.000000,223.474648,799.925666,485.340424
0.000000,212.609856,801.817325,495.956726
0.000000,214.687920,796.191225,490.638977
0.000000,214.435768,796.045808,493.179169
0.000000,214.081566,799.018723,491.114136
0.000000,213.450020,800.026268,496.402374
0.000000,212.790291,806.695019,492.969635
0.000000,208.682915,803.773840,494.635071
0.000000,212.114433,803.142871,495.403137
0.000000,209.964119,808.547388,493.868073
0.000000,208.332604,803.057019,497.815674
0.000000,210.648049,806.424475,495.575897
0.000000,208.089150,803.787189,493.958832
0.000000,208.359078,800.153177,496.661407
0.000000,212.188317,796.801686,495.077393
0.000000,215.761315,803.435633,487.376953
0.000000,232.366310,799.855878,477.958954
2.151236,229.110542,799.958435,477.200226
0.000000,226.817909,803.233298,478.354828
0.000000,226.435646,814.442333,480.161102
2.825384,229.339714,811.937561,480.410095
1.379278,214.204689,819.150574,497.315155
7.461126,224.150948,810.208069,485.324738
10.678136,223.278237,802.374146,485.654144
8.965459,231.839455,813.050232,475.968231
4.420660,233.281151,825.822449,474.920776
4.231786,240.154640,829.809326,464.309784
6.195379,238.154091,839.634094,467.895111
8.075414,241.079811,847.165771,464.675507
16.160375,244.687981,846.040283,463.165955
30.570013,247.082939,841.835266,462.355042
40.919500,251.218056,842.396301,460.580170
67.097997,256.046745,826.283203,450.759216
56.941991,260.057335,847.487061,450.100342
79.989355,263.409111,837.185547,444.617981
83.156408,265.100594,846.982544,445.467194
118.355322,266.414177,824.207275,443.252869
129.451299,254.293678,830.496765,452.267303
116.347845,261.194893,853.709045,449.843536
140.123418,258.529488,840.495544,449.750763
145.566381,255.893639,849.248291,454.781738
177.095983,257.762673,831.458374,447.890350
173.392431,246.600350,842.972412,461.943756
153.264318,250.290260,875.135132,457.098114
168.154241,247.866539,868.478333,456.966797
182.650976,241.014763,862.524414,471.107361
179.553564,235.776390,882.275879,469.157837
191.453008,237.196205,883.270691,474.582123
203.829870,234.374397,880.645142,473.016266
139.400884,228.485146,951.608337,484.327972
249.975622,228.846520,846.091675,473.774902
206.802831,220.027535,864.171631,488.078888
377.710790,207.614113,660.614258,499.047333
336.636724,195.283608,675.612488,510.571869
361.191686,171.134209,630.989136,536.007874
335.418920,153.513603,634.018311,558.923401
337.345861,148.385643,608.770874,563.660522
223.473394,142.984368,712.066345,566.764343
150.416174,123.273674,764.401245,581.943542
121.015203,105.208489,780.417786,598.968201
92.851995,93.265587,810.643860,610.768066
94.983190,91.778282,812.612671,617.136230
104.574651,87.285118,818.182678,626.110840
80.967626,85.456108,845.407227,625.705383
94.784673,84.341149,830.226990,624.265137
102.545660,82.249657,818.858582,630.240356
116.505956,82.837273,807.609131,630.262878
137.082555,83.715660,792.687378,628.131592
137.778387,93.973839,789.501282,614.300781
146.826818,99.902123,765.767212,606.318481
146.625616,97.724175,766.608337,618.822571
140.373998,94.976860,773.153076,615.164124
145.871954,101.996514,778.015076,604.657776
115.294988,103.813439,799.273743,600.043945
93.862646,107.599266,814.864014,599.591919
73.426061,115.250328,824.012085,596.803467
59.813482,112.826775,831.251160,598.424500
59.245641,115.708794,845.801147,599.254700
82.788641,118.145317,805.659485,588.779358
70.156652,120.144768,810.632446,584.416687
68.635564,117.623497,805.484436,597.404785
72.949041,115.386040,787.461487,596.304504
82.478704,113.277550,766.704163,601.253662
79.653722,110.918968,768.428101,601.535767
75.650213,110.112694,762.531311,599.948608
76.621221,113.470940,757.269470,592.254578
72.924688,117.002068,751.915710,592.248962
85.297308,117.173577,735.061096,588.119568
76.225195,121.873192,742.403076,584.820923
46.869085,128.038902,768.341125,581.676514
31.821203,131.474999,774.994507,581.811157
29.101476,136.291191,760.665161,569.797913
19.049017,141.826103,765.689270,568.729065
20.406988,149.454430,758.706726,558.604980
24.739935,147.234917,752.163391,561.949280
23.509527,147.295494,748.463806,564.992188
21.949407,144.257958,739.860168,561.155396
17.917913,143.367455,739.594299,564.290894
15.201360,141.577690,738.073792,565.818665
9.909765,138.259300,730.228516,567.279907
8.328985,133.159722,722.086365,576.352356
1.943304,128.555962,710.996155,582.418274
0.697729,122.300774,710.708008,584.371521
5.632208,120.038719,691.133972,581.971069
3.872533,115.720482,690.039551,586.067261
2.218389,113.647392,680.223083,588.072083
0.000000,108.605614,679.401647,601.758667
0.000000,108.308861,670.279132,598.121704
0.000000,104.511925,665.074594,602.184326
0.000000,102.540581,661.584050,595.930969
0.000000,100.027641,644.264742,592.561584
0.000000,97.064202,641.140672,593.419617
0.000000,97.294884,638.562249,597.910889
0.000000,98.056481,637.590725,562.623291
0.000000,92.514610,630.344862,612.006836
0.000000,94.748131,636.632148,571.460693
0.000000,92.213585,629.295169,604.430420
0.000000,97.314720,632.385866,582.816772
0.000000,96.063835,628.766572,594.809753
0.000000,99.496452,627.308640,566.251404
0.000000,99.028465,619.997368,600.576050
0.000000,101.982994,624.211819,582.174072
0.000000,103.575096,620.868544,582.109497
0.000000,104.232170,623.023353,582.849060
0.000000,106.522362,619.276325,571.363159
0.000000,109.088890,620.880350,597.508911
0.000000,116.538384,614.490987,574.444885
0.000000,116.465172,616.028269,565.220215
0.000000,116.573143,613.166539,594.632446
0.000000,120.252037,613.557025,577.097900
0.000000,120.419029,615.098581,582.974121
0.000000,121.958367,624.288426,581.127136
0.000000,122.807793,629.429095,583.099670
0.000000,124.660484,632.831033,578.590332
0.379353,126.807915,643.019836,574.588196
0.000000,128.312493,644.094838,575.865662
0.000000,131.464867,655.364069,574.613159
0.003537,136.745964,661.432434,560.787537
0.000000,136.731255,669.222135,571.903137
0.000000,140.435356,673.352034,564.710266
0.000000,141.320427,676.046623,563.002136
1.059108,142.830254,680.998230,561.575256
1.821926,138.075188,683.751892,569.272400
0.402279,135.221123,686.510132,562.734680
2.738552,134.806206,689.953308,567.122620
0.000000,134.109581,691.380062,572.078125
3.022550,133.957634,690.495361,565.631287
0.000000,133.372887,696.434110,567.949463
4.170455,134.342858,694.473816,566.614990
1.065017,137.459984,699.001343,565.906860
0.000000,141.570519,704.296065,555.129883
2.799400,148.781792,700.963867,552.142883
7.036766,151.054924,699.833618,547.847107
0.000000,160.594078,696.279197,544.291748
4.448345,166.542778,661.091492,544.033997
1.634472,172.074761,611.781738,536.053772
4.896465,171.821373,568.551208,536.233154
0.000000,177.871452,549.091350,531.386658
0.000000,176.840141,545.373037,540.921692
0.545253,176.389641,547.507629,535.393005
2.698451,178.343071,529.873108,534.606262
1.703090,176.093712,522.996155,540.973633
0.000000,174.623253,523.928737,544.069336
6.754896,171.792992,515.989746,546.711792
7.271833,172.575340,517.284729,543.256470
7.868726,172.333672,515.783813,543.617981
7.809492,171.177239,516.732849,544.619568
8.368421,169.177147,519.243896,545.963257
8.814222,170.257042,526.563232,545.451660
14.193708,171.821160,523.801575,544.687195
21.392805,171.120476,517.938782,545.614685
23.060956,170.610802,524.337341,544.457520
29.676191,171.972588,514.440125,543.459778
33.748731,172.578179,518.670532,541.762024
39.671583,173.852989,512.822144,540.723145
55.532331,171.769097,501.460266,542.127991
73.565229,173.642113,486.475769,541.522583
95.034376,175.108177,466.757690,537.218140
106.046323,177.227440,465.240631,535.436890
113.817380,179.932823,456.947784,532.389648
123.827375,181.105248,454.273254,529.612915
105.853162,182.691521,477.713135,535.893738
114.306943,180.836540,473.488922,534.585388
122.877332,180.109856,464.760986,534.857117
114.147367,181.076012,475.064423,534.190918
113.629301,179.583061,478.420868,532.204407
100.036634,178.290764,493.091309,539.054871
101.950254,175.415428,489.673981,542.341431
99.820737,175.600548,490.414948,540.708496
96.537595,176.757530,492.601349,539.111816
84.827390,178.247826,505.117706,538.261841
94.235410,179.422112,492.594635,535.549500
77.594282,180.158104,513.462585,535.469116
91.633268,181.769951,492.268158,535.009583
83.088636,183.713402,503.984619,534.261353
87.949872,181.994957,497.753845,534.834961
96.718931,187.067894,493.171539,530.544067
95.157560,190.368401,492.874359,524.807800
91.027952,194.067925,505.481476,524.787415
93.672544,197.436028,503.420807,522.563972
96.006345,200.012692,511.849884,518.807861
88.040082,202.636379,523.078308,513.393494
90.357313,206.594189,525.376221,510.901947
96.621656,203.788906,524.898071,516.211094
94.993848,205.541151,523.517944,514.458849
107.003675,203.909064,519.794434,516.090936
107.762556,206.293857,514.250305,513.706143
114.507093,207.794100,513.956543,510.742279
122.598493,209.302141,512.050598,508.581177
130.002866,210.515886,502.138580,506.359253
134.866804,210.022600,505.741272,504.181519
141.234327,210.751238,496.921021,508.109985
150.748716,213.293047,488.965729,502.738770
152.821027,213.095033,483.738831,506.904967
153.613233,213.436570,484.042114,506.563430
149.997861,214.225640,485.573639,505.774360
143.053510,214.496914,489.071716,505.503086
134.533994,214.984968,493.150299,500.341675
111.818586,210.804655,511.132385,509.195345
97.774457,206.610122,518.145691,513.389878
81.769636,199.902229,532.522034,520.097771
71.742963,196.577030,541.065125,522.676880
51.461439,192.987797,557.749756,523.887329
31.649000,188.308780,575.912231,526.305908
25.705457,182.225223,576.994873,533.441284
15.975324,177.551639,585.869446,538.139282
13.493055,172.910160,582.321289,544.429321
6.084424,172.244358,586.448364,543.366638
10.113233,169.782261,576.916138,545.361389
9.835065,168.368564,572.258850,551.631436
13.292676,169.958940,566.732300,544.507324
11.307905,172.148363,568.595642,547.851637
15.935102,174.098046,564.644470,540.375610
11.240247,176.782739,570.411621,543.217261
25.528455,180.268750,557.660400,536.314575
10.919996,182.736035,576.096069,537.263965
33.694959,186.751806,555.038818,532.785400
44.220167,188.910681,541.210571,526.408569
30.323957,190.608435,558.139954,527.851685
40.275281,190.319800,551.844971,526.333496
28.204114,192.449835,561.763428,527.550165
28.316267,192.618960,563.376770,525.159668
30.767835,192.086002,559.806396,524.711670
32.554273,194.298648,553.197876,521.292969
38.997694,194.235019,551.200928,520.817444
34.158491,194.025668,550.939392,525.974332
34.071485,191.589464,551.517212,525.668274
33.957960,191.482988,553.829224,522.814087
22.788587,190.308336,562.880859,529.039856
23.504224,189.581377,564.363403,528.010376
21.594190,186.534502,568.136597,530.008423
19.369581,185.611467,570.887573,530.352783
19.393690,183.266344,569.754639,532.346497
15.678907,181.372819,573.912476,532.516113
14.344068,180.722551,580.925415,532.062988
14.268049,177.994524,583.739075,535.141846
17.239698,175.876573,583.433472,536.985657
20.684614,174.920610,584.972107,537.148071
15.570173,176.109239,588.177795,537.338440
20.181623,175.226060,583.825745,537.671936
16.137433,176.918169,587.885559,535.306519
18.745069,176.701219,582.353394,536.028748
7.730146,177.213518,593.972351,533.534668
2.765119,173.944383,598.078918,538.401550
4.179273,169.736253,607.152466,541.127136
3.742109,167.861192,627.956970,543.217590
0.000000,170.396898,663.725477,549.031189
1.730567,169.474870,684.925476,546.353760
0.000000,170.291368,710.851996,546.816467
5.280887,170.535478,715.827576,541.450806
4.706424,167.346056,731.729187,550.412659
5.471805,165.177690,747.274109,550.289185
2.877231,165.794328,755.207153,548.719971
2.443820,163.252000,757.452393,552.377625
0.000000,165.782823,757.277103,552.020081
4.163240,171.605547,751.528503,542.112183
2.324709,173.192583,754.428223,542.836548
0.714845,173.955949,749.289795,536.052246
1.016267,181.692369,746.124451,533.853333
0.657472,181.768755,744.193115,529.390503
0.097170,183.829576,752.611328,533.651917
0.836244,184.958055,748.996216,528.490662
1.855257,183.789934,748.668396,528.115967
3.175264,183.727678,751.455139,533.566162
4.033022,177.104051,751.171753,534.648132
4.974275,173.451585,749.769958,543.217712
1.680727,175.171922,753.265503,534.249695
2.031313,176.057237,754.764771,536.585754
2.686464,178.135728,752.800415,538.215637
1.065096,178.259447,746.516785,533.351013
1.400789,179.955461,752.434753,535.275635
0.448702,180.524858,749.689270,530.623169
1.839052,180.235155,751.742065,535.510437
0.838411,183.116197,749.486023,527.764709
7.382875,184.059160,748.664673,527.516479
3.688722,186.158830,749.013428,525.978760
1.504366,184.442949,751.281799,525.204956
8.200441,183.252061,743.858643,529.088928
0.809969,187.124376,745.253357,525.278870
5.966737,186.316301,739.587036,528.051025
8.578157,183.582811,732.182312,525.289001
0.165346,184.081773,738.809204,524.133606
3.768465,180.122270,730.804626,526.862183
3.307466,181.879320,730.474670,524.660583
3.743959,186.642747,728.529663,520.185730
5.621736,186.711504,723.455261,520.526245
6.005647,189.056749,720.422546,518.146790
5.893434,186.259172,719.758301,520.112061
5.902162,190.479539,720.879517,525.083923
4.782350,186.003801,721.370361,526.336914
2.257906,187.154008,726.308899,522.037476
2.295839,187.694902,726.262329,522.315552
2.726534,189.801286,724.649231,522.018799
2.880129,191.645311,722.636963,522.093689
1.590151,195.142900,725.078247,517.602905
1.790682,195.838609,728.224792,517.368225
2.248659,197.973283,731.313965,515.074463
4.448793,197.030870,728.874146,513.596497
0.000000,197.552995,734.705782,516.056396
4.122361,197.565797,720.177856,511.319122
5.525010,196.468950,708.715088,515.447632
1.268113,202.740785,680.552368,511.670563
0.000000,205.399705,653.205491,506.862488
0.099907,204.249651,626.368713,508.778320
0.000000,219.916322,592.922936,499.230133
0.000000,218.561571,577.213268,491.151550
0.000000,224.023973,573.205176,494.774841
1.801349,231.314394,580.258484,487.868805
0.000000,237.184175,610.215350,476.768890
0.000000,237.052675,628.834817,478.879791
0.000000,236.487993,635.759450,476.540649
0.000000,236.328386,645.656306,475.329590
1.237943,248.641862,648.616455,463.227051
0.126950,250.711595,653.118225,464.891296
0.000000,249.699052,662.884458,463.397339
0.494505,231.173967,666.215759,484.050049
0.000000,242.586809,672.134581,475.367920
0.000000,230.989244,675.071014,484.045715
0.000000,229.044206,677.271133,483.467529
0.000000,232.627016,682.384071,484.209137
0.084766,224.873537,683.246521,489.134064
0.000000,236.839754,683.073261,480.185028
1.274149,236.978929,676.373840,476.946228
1.489695,237.488405,672.616821,477.488800
0.000000,230.126970,674.396402,478.458496
0.000000,231.372591,672.954396,478.763641
0.000000,237.208345,668.638331,475.315277
0.000000,237.735719,669.523664,477.595490
0.000000,245.242815,664.179068,466.010742
0.000000,256.086504,659.582942,459.937622
0.000000,256.709444,659.377622,458.594086
0.000000,264.636735,655.487761,449.783936
0.000000,258.180330,653.196456,455.166718
0.000000,266.634096,653.334678,445.366852
0.000000,273.401842,630.721538,437.454895
0.223257,279.747987,601.128540,437.051178
0.000000,281.220796,586.299856,435.223969
0.000000,285.312212,575.446986,429.553589
0.000000,292.289079,560.336225,419.254639
0.000000,292.683946,548.049399,421.775696
0.000000,286.696809,540.889446,427.940887
0.000000,282.499300,542.059805,429.699188
0.000000,281.029176,542.223079,429.154816
0.000000,277.191713,541.052854,438.421051
0.000000,272.816484,542.276641,438.607788
0.000000,271.655946,532.118881,442.172760
0.397743,277.276582,511.567291,437.665131
0.000000,279.368425,493.791954,433.375977
2.213268,281.120790,477.160583,438.419342
0.084026,282.948015,463.364136,437.051985
1.178173,288.452645,446.025208,430.134277
0.000000,294.072137,433.977260,422.636505
1.807753,296.929848,441.274109,420.441833
1.196699,299.014764,454.629272,419.381622
0.000000,295.205163,450.151106,423.258881
0.772925,300.196084,446.040558,416.227234
2.428016,301.384591,454.112946,413.385132
0.630774,302.118081,465.656647,413.338806
1.147925,302.582742,479.196320,417.179993
0.220923,299.890984,473.158478,416.804962
1.522468,298.854638,486.364227,414.185760
0.000000,295.669198,485.332297,418.597168
0.000000,292.209832,488.766201,420.688507
4.728224,284.746468,481.330994,433.614258
4.622602,275.670357,491.550781,440.655151
3.869474,266.940377,473.822174,452.769165
0.883299,257.334222,483.827240,459.203156
0.000000,244.466042,482.624906,475.533958
0.609176,237.081608,479.279602,482.918392
0.000000,225.394793,492.703292,491.204865
0.000000,210.683138,513.873222,504.257324
0.211361,200.595553,516.670715,514.754028
0.000000,194.291567,524.064052,520.054871
1.184217,187.798983,523.784485,524.826416
0.000000,176.592074,527.558485,541.242432
0.000000,170.773562,539.374610,549.226438
0.000000,174.441285,547.133319,536.008179
0.000000,173.294007,555.582865,546.042969
1.636311,173.078553,562.734802,545.184814
0.000000,176.977815,579.149342,540.474670
0.000000,180.097657,600.836085,533.902466
0.000000,180.925019,612.265973,536.959412
0.000000,179.475709,617.510703,532.237427
2.209026,177.401185,638.147095,542.598815
0.000000,175.786133,644.795238,535.234192
0.000000,171.008179,667.899053,544.988831
0.637790,174.745911,677.323914,536.991882
0.000000,179.017304,690.025241,532.343384
0.000000,178.125031,706.555467,536.479492
0.000000,184.657532,718.031762,524.696472
0.000000,181.191620,731.609417,529.636597
0.000000,185.137543,743.416403,528.409790
4.139049,180.004090,754.530884,537.565369
10.323466,194.684449,754.926697,516.548889
11.475474,192.216858,757.201538,519.072205
12.378184,199.637574,751.370728,511.256409
18.096599,208.551865,752.807190,503.110443
26.932841,216.634537,741.823181,497.452179
29.340892,208.037339,749.624023,509.534027
40.626506,185.783997,767.202698,532.390320
45.463939,198.167786,753.751709,518.654480
56.038249,187.787171,735.150452,529.498718
70.182231,176.409333,733.376648,536.300537
69.281596,176.806275,737.303406,535.826965
84.801921,174.395508,724.578186,538.929016
78.827922,170.006470,734.172913,541.685608
90.427745,162.908661,730.418579,547.890991
95.131877,154.469147,738.936096,559.583252
96.869487,156.163392,748.996033,553.144958
108.200084,143.041504,761.740356,568.135071
117.815745,190.377076,719.071289,520.018127
118.271220,188.279908,719.557312,523.085266
118.872874,188.906922,725.905518,523.156189
122.993816,207.309037,706.382385,506.522125
125.718547,197.640717,711.561829,517.458374
123.605754,217.156815,696.085266,497.163971
121.299632,225.665024,682.040039,487.712982
119.011088,234.345093,667.242126,479.601379
111.599315,241.758973,659.609619,471.893494
106.662425,248.451935,655.831055,465.270020
100.078136,252.668152,657.077759,462.065125
95.005229,254.401093,652.609802,456.355347
88.089366,255.006028,649.144165,458.714569
84.521129,254.557084,649.298218,457.844879
73.781261,254.538270,647.664917,458.496765
62.426524,252.547776,658.714233,458.984589
47.447520,252.303208,662.366821,461.000580
51.217998,249.785996,649.088562,459.162933
44.323039,251.815033,647.941467,457.078735
44.982066,254.257065,644.281616,454.076996
39.747295,257.225861,652.543884,452.102051
35.044414,260.617768,661.150330,452.646118
41.404033,261.651490,662.717224,449.743225
41.250041,262.817475,671.270569,446.428345
54.737620,265.749085,667.367188,441.586609
60.660350,273.144486,668.643555,433.851715
66.781871,277.494065,679.199097,434.214081
74.630138,273.604386,688.532104,439.877960
84.590068,281.559220,685.166931,432.337677
71.521007,283.144059,708.637085,432.950714
38.735271,289.305497,748.917542,425.572906
5.258037,291.137421,800.389099,428.824585
9.512706,288.143845,814.348511,420.449677
0.000000,278.515503,868.751689,426.640686
5.996358,266.870926,889.861023,441.657135
30.197744,251.892090,893.465088,462.152893
107.270528,244.169175,850.417419,444.821869
99.794576,250.571473,891.146423,451.516541
148.318258,243.319581,876.256531,465.731506
461.119253,246.597092,581.416260,451.441376
499.719503,245.654709,560.711121,453.364960
477.254232,240.276963,597.176331,459.920013
523.287771,233.124253,568.807251,467.327240
504.152090,228.910767,607.024170,405.752258
433.889516,223.637589,697.156982,430.960968
410.487325,219.565033,724.272888,471.091919
402.693288,203.756730,739.206665,492.198029
410.830984,195.763627,744.951538,493.736969
386.433370,188.959000,786.530945,484.421906
438.332601,182.749955,749.966858,400.464996
575.768636,194.137925,619.177307,343.252533
678.630788,192.491288,528.975952,304.017242
510.189809,182.400330,707.752441,326.751282
569.538076,202.051011,653.836426,298.645966
485.974905,207.128083,749.930298,288.345093
715.193380,210.531510,527.524841,301.610748
567.176687,218.672959,697.868042,303.881439
398.899221,223.347077,868.292603,311.213867
424.593923,226.073853,835.757202,336.206604
407.663351,222.559617,840.500183,387.007782
648.943929,215.433030,598.411194,286.614716
680.086965,213.813157,556.865845,306.265594
661.776937,213.704545,563.157166,306.567780
646.145742,217.164918,566.122192,308.090149
646.437368,215.594864,541.030640,310.351105
621.471731,217.542389,560.999146,312.106934
607.593740,217.160203,567.915283,319.905731
583.058034,218.440262,586.777222,325.898590
565.087789,221.359208,596.471375,330.532867
540.092306,223.181885,608.398376,343.122864
523.219533,227.117905,616.987671,358.410980
503.441457,226.856904,616.739624,377.000610
471.776662,224.176957,631.864624,392.939850
437.334035,226.459824,649.963989,402.198822
419.589681,230.918595,650.481995,398.007599
407.152700,235.013596,646.357666,400.651825
395.311330,236.831299,650.271851,399.835999
358.341634,240.462464,685.182190,410.792664
366.618124,239.754380,685.191711,417.055756
357.198446,237.628937,689.980530,439.643311
361.158193,242.799759,690.441895,437.533112
356.049642,241.030137,693.762756,447.423431
275.968801,245.130341,771.367798,451.862183
246.585500,256.897782,799.918823,451.906158
278.685506,264.419022,760.627991,444.702301
233.454885,269.401978,805.255249,446.876282
301.144552,275.678406,730.219177,436.412292
281.807546,280.021027,740.080688,437.913330
304.821767,285.129807,713.510010,433.011688
307.617330,288.912674,709.570007,427.023590
311.398794,295.495057,699.299561,420.600525
310.430532,296.421280,691.749756,419.613068
301.572561,298.602158,695.150757,416.455902
285.282980,297.766602,700.833679,418.782043
279.401723,300.388718,700.793701,416.870331
267.755331,299.521042,707.564026,420.109833
258.557943,298.106690,708.366516,421.893310
251.977438,298.556900,705.378601,421.443100
243.540121,295.576454,713.872620,424.423546
239.205282,298.056049,703.252014,421.943951
230.138937,293.487986,707.134705,426.512014
221.494192,293.057073,705.535278,426.942927
209.351888,293.976885,712.992004,425.752472
207.037801,291.806826,708.389954,428.193174
196.295644,290.641374,714.538574,427.889557
196.349813,287.066819,709.583801,430.687592
186.332571,280.521501,710.739380,434.986237
181.497671,280.494966,711.634521,432.524170
171.951711,275.982835,719.828735,442.102631
167.896139,274.692689,719.211365,438.724915
163.555807,273.020677,721.757263,444.770355
156.760519,275.591157,725.479919,437.203125
154.327749,278.884996,726.756592,439.942352
152.811971,275.833528,724.951965,441.238892
148.604147,284.667909,732.249207,431.031067
143.679800,286.740342,732.166748,429.566132
137.403127,290.863588,732.361938,427.792297
133.287862,291.853273,733.111267,428.146727
129.232595,294.865952,732.527222,418.205353
125.592886,292.940949,729.537598,425.178894
120.453542,295.192277,729.550659,424.807723
111.901144,291.120095,732.875183,422.706482
97.360250,297.307000,737.618835,419.988190
87.879568,290.375481,740.071655,422.581696
84.787527,288.613671,729.776733,430.750824
73.080923,280.903603,733.322266,439.096397
68.786214,275.739048,729.944397,444.237518
55.640371,270.323445,736.497803,448.646118
43.634267,266.893208,741.802734,451.084717
33.232961,259.765324,750.835083,457.485260
29.721670,255.519703,751.227783,460.326111
20.514944,252.095387,756.149780,462.183777
17.354635,248.510075,748.967468,468.980865
12.324178,246.925633,744.409241,467.140717
9.084920,243.892582,735.167786,471.968292
4.965108,238.104572,721.197937,475.758911
3.522207,233.364292,712.718018,484.964081
10.249105,217.073048,690.815247,493.119812
5.621297,209.594792,695.352112,503.207916
4.215963,202.682697,696.388855,511.832642
1.316152,199.515492,696.715088,514.328186
3.608205,198.375446,694.509399,513.944702
0.000000,202.288883,694.140340,510.206207
1.298655,206.931629,679.200012,506.002258
1.533488,204.230473,682.018677,506.362579
4.828746,208.688679,675.649841,504.305298
2.356944,207.164921,673.181580,503.005646
7.091899,205.931965,654.966553,510.821655
5.878337,194.552998,652.178833,516.781494
0.000000,192.392353,651.296550,516.621826
3.033620,190.929249,644.677795,527.589294
0.000000,196.103230,649.408864,514.726196
0.000000,198.533360,642.740992,506.414520
0.000000,201.600300,635.369794,511.150269
0.000000,205.495487,645.715995,499.980011
2.919063,211.730045,628.075623,506.070465
0.000000,207.011601,636.989803,505.163605
0.000000,207.519413,629.730955,501.518341
0.000000,209.166813,625.921904,510.833187
3.370162,212.139025,629.498718,501.186859
3.132827,223.334002,638.037842,489.042999
0.000000,229.272341,627.017806,484.265686
0.011772,239.006289,604.848511,474.586121
0.000000,240.994936,573.114525,467.535583
2.108013,245.306109,545.939270,464.828766
0.000000,247.689135,536.076458,469.426239
3.109762,248.010378,528.031738,467.633606
2.162466,250.390352,532.061829,469.603394
1.435720,249.595873,536.166443,467.654510
0.000000,251.744722,536.783682,467.169067
1.809810,240.202837,554.658936,475.704010
0.000000,242.716234,541.207637,466.495575
0.000000,252.729311,516.714506,462.129089
0.000000,263.647081,495.981002,451.476166
0.000000,269.505358,475.061408,445.285004
0.000000,288.116610,449.806629,429.327148
0.000000,286.950945,451.030573,425.150177
0.000000,288.381258,447.175855,425.560547
0.000000,288.410494,450.385153,426.765015
0.000000,287.144426,453.710033,430.308136
0.000000,288.091097,460.298132,426.079590
0.328326,286.385408,466.557739,426.689697
0.000000,286.876635,472.713519,429.134735
0.000000,286.736864,482.857904,428.721649
0.000000,284.813814,490.592358,432.106323
0.000000,284.111910,498.109274,428.531128
0.000000,280.575716,498.610393,436.536377
0.000000,278.886370,501.353979,434.133820
1.219592,276.471590,504.118652,441.747314
0.000000,274.319567,504.544619,437.271820
1.299211,271.228197,505.563141,444.460419
0.000000,269.941851,502.588899,441.425446
0.000000,267.849733,505.425645,445.661926
0.000000,266.298555,506.608696,448.717163
0.000000,264.632509,508.041928,449.881042
0.000000,263.526903,506.719175,451.035614
0.000000,261.291933,514.479583,453.442810
0.000000,258.321032,510.307357,455.947113
0.000000,256.729586,517.785362,456.975464
0.000000,254.463839,516.696270,459.176392
0.000000,255.560793,507.428030,460.989807
0.000000,269.196810,500.521968,449.106201
0.000000,266.443224,494.872785,446.085785
0.000000,269.698275,487.190299,446.299316
0.000000,266.192446,482.388133,447.126160
0.000000,268.745531,481.725362,448.477509
0.426982,274.251314,480.183899,443.286011
2.238414,288.553057,481.198975,429.116608
2.007869,287.387484,497.765778,422.926514
0.960185,295.250872,512.513489,424.544708
1.858897,291.209047,536.106445,423.383728
1.997111,287.245089,551.316833,427.971802
0.000000,279.857210,563.020518,437.231445
0.104253,273.407946,579.685059,437.977386
0.579107,270.219317,590.685303,446.879791
0.000000,271.295229,606.520849,442.626404
0.000000,246.045061,619.604876,468.708527
0.000000,262.496157,623.312173,450.361023
0.000000,259.152178,624.608021,457.778961
1.276759,248.931734,627.753967,470.156372
0.000000,249.085512,633.187037,469.713562
0.000000,248.797091,634.606000,470.991089
0.000000,249.549166,638.675437,469.009888
1.221843,241.558550,645.501770,472.652252
0.000000,228.253252,643.447795,487.658356
0.000000,227.896196,651.012014,485.213531
0.000000,212.404345,662.231685,499.156952
0.000000,218.343844,669.374540,499.646362
0.000000,210.353487,675.538222,506.517456
0.000000,181.027895,661.713935,533.022400
34.162723,149.914644,627.566711,561.101685
32.683109,141.406984,646.162903,575.063049
118.921329,138.054171,571.750427,569.050171
121.087284,130.216982,577.215149,586.665222
142.600589,128.624209,562.366272,584.948181
151.599247,125.148745,560.920715,591.904968
140.523105,127.960299,573.335693,590.957397
135.114566,131.239077,570.524353,585.644714
102.165104,124.244143,613.092712,595.755857
142.687229,125.424256,572.040405,586.865601
108.692508,128.669679,604.574768,589.026611
142.683017,141.791017,567.631836,577.375488
165.059452,139.729585,550.905823,574.460266
201.166813,148.186311,514.346375,568.527283
209.141559,164.348420,486.701080,551.641785
257.522129,168.108125,453.478027,543.276917
246.598804,168.883454,457.971893,545.923523
256.253421,173.574281,454.900208,543.227905
249.226474,177.149842,457.903564,535.042847
250.479404,180.128449,459.880371,535.820984
254.431232,181.523072,457.240631,533.981689
256.247623,185.359101,445.975281,529.677551
255.798099,187.587922,444.906311,525.217468
251.856373,188.080415,448.676971,529.420959
249.671192,186.872071,448.680878,529.119385
255.358020,187.383241,444.844086,527.291138
250.595752,190.620851,444.626678,522.202148
244.640049,188.570741,455.757812,523.762329
247.640903,187.644868,454.251221,526.433655
239.187198,188.415193,455.109314,526.679871
242.377872,189.753083,446.195740,526.458191
242.863453,193.112611,452.121307,522.252319
233.250965,196.264863,452.792084,521.346252
220.888096,198.088258,455.006592,521.911742
211.773700,198.674317,454.807892,515.988892
207.176258,202.483826,456.980316,516.655029
205.258426,204.070649,456.811584,513.316833
206.079731,203.954407,456.080109,512.134521
211.781513,204.942215,448.261017,510.016815
219.843387,206.083619,442.860901,513.916381
225.548649,205.408264,430.784607,510.030029
227.831226,209.327912,429.722626,506.641663
228.908069,208.707154,425.113617,508.737915
229.215397,210.878250,425.179871,505.744598
230.480610,214.079788,423.907745,502.595184
230.118290,218.976349,427.050598,498.168274
230.969974,216.543213,423.904846,503.420532
236.440052,216.500214,417.800140,503.499786
242.686344,215.600128,408.841736,502.389313
244.707050,215.953018,406.283722,503.955750
248.180912,216.811295,402.567688,503.188705
250.178135,215.712364,404.420410,504.287636
249.805072,216.073193,409.000519,503.926807
260.331241,217.165518,402.522888,497.308807
267.548572,216.409536,397.123627,499.313690
270.698002,217.567450,392.315979,497.365784
271.911503,220.410437,397.305481,499.493774
273.798359,221.315924,393.391388,497.805115
271.055820,222.238836,399.948730,495.717346
271.076816,226.005499,399.744385,493.747253
276.179310,228.064123,394.907806,486.696899
283.330616,229.682043,387.392303,487.587036
290.581226,227.273764,382.944061,488.988800
289.137348,228.683996,384.291046,491.316004
287.155094,228.997195,387.329773,488.998932
289.633838,226.981372,384.747528,490.727112
283.486744,230.100543,390.315399,485.859619
292.038730,237.478229,383.816650,479.720459
287.608082,238.523990,393.344696,478.481964
283.579654,245.935687,402.231140,473.184448
297.251880,261.276370,399.872284,457.425934
346.691547,283.377948,395.773468,430.293579
391.441410,309.425448,411.873840,405.347504
423.096393,329.987597,409.805573,384.703430
422.545978,343.173724,429.959869,375.537476
442.223774,340.694827,413.847443,375.926422
424.812076,341.805163,433.228577,376.719910
422.396625,338.243899,437.499908,378.158722
430.221897,340.736041,430.176514,375.260620
428.777576,333.977359,438.303802,380.575958
439.782764,332.224887,433.442596,385.295746
448.066272,328.562518,431.303802,384.721680
458.514927,328.233417,427.018066,389.721191
458.741977,321.737308,436.489014,397.460968
462.916294,321.283710,438.481934,398.613770
468.627460,314.447238,442.807159,398.230316
486.132236,312.381412,434.226318,403.943756
494.065616,311.244082,439.509705,405.424713
512.910694,309.307498,431.628876,408.382843
516.322498,308.081027,436.274750,408.463226
527.414264,306.635867,433.775299,409.890167
521.832294,306.423343,446.522247,412.655548
520.263355,305.852008,456.168915,414.147992
533.748981,303.003610,450.976715,411.297424
535.882160,300.143960,456.019684,416.163940
531.337711,293.817422,464.826355,424.536011
539.320850,294.186548,464.861053,425.813452
541.719181,298.252591,480.182800,415.685760
549.238086,294.952527,487.969452,425.047473
548.731113,298.653998,497.958984,419.117432
549.899082,305.839209,504.408447,411.906433
546.326358,317.314612,521.204041,399.541809
573.214206,322.732550,514.985718,393.274292
592.772373,323.526434,516.422607,391.279053
611.620914,321.832754,522.596619,395.561188
633.376102,315.833670,527.875305,399.597198
668.556247,312.636755,525.859009,400.402649
679.068668,301.986472,554.242859,413.560883
697.449375,266.679556,578.080322,446.968414
664.262729,252.359290,607.264648,462.241516
721.356388,203.248282,558.643612,509.660553
776.036180,182.828802,498.657074,526.568848
828.050142,227.089362,451.949858,481.681030
866.282487,240.550757,412.990295,477.519470
890.081284,244.156821,389.918716,474.174286
909.063744,235.321356,370.936256,477.557129
877.839520,223.187918,400.893982,487.674835
846.680569,224.785254,431.934540,472.477722
810.314404,222.251517,465.810181,474.349396
792.468456,221.863654,481.317505,489.448120
862.552319,227.028632,408.400513,479.878662
875.791775,220.236868,370.962616,483.327179
887.500256,211.104300,333.358398,445.601105
937.152600,214.372015,267.514282,356.821167
970.107830,215.052496,231.600037,392.792603
978.903950,214.844992,220.192245,397.311859
979.945591,212.379080,213.808670,406.604401
953.616215,212.366507,232.601089,420.353546
926.788876,212.314642,244.044098,393.285400
891.510632,210.011938,271.733521,396.599182
831.567227,212.983954,337.603607,447.373169
834.351422,214.707709,321.835632,434.231689
821.479565,215.070517,319.013672,398.483002
787.475384,217.416571,338.143738,444.034180
832.386334,217.401450,312.514099,430.820648
775.111843,219.950079,344.537811,462.566284
822.386883,218.666022,285.738708,387.553345
775.041897,218.408759,328.814545,480.354492
782.341381,222.780112,332.011963,474.751068
750.755490,214.299628,363.422272,491.118164
744.245800,208.425726,364.332520,499.528564
730.572827,203.164923,365.001465,496.838745
613.606442,197.876318,487.847931,508.019226
627.338375,191.264731,486.677765,509.096649
621.240719,197.898764,489.969269,500.395233
648.810833,196.054449,464.621033,486.827026
691.617794,201.187292,384.104279,407.253967
728.651608,214.340964,344.284454,367.257904
687.249539,217.059164,379.379608,380.791229
722.681088,217.986700,339.719025,368.500977
605.958187,210.398535,458.430573,410.449402
647.966397,203.740668,433.226654,409.149414
588.532025,209.655218,493.384827,473.356934
591.981610,202.545966,503.698792,450.556885
582.617108,204.031165,500.579895,432.525452
531.392590,211.662009,545.748169,445.162689
513.837628,206.378439,594.080261,455.820404
512.176281,216.439291,556.652710,424.632538
596.081341,207.294150,477.920959,385.855682
582.732189,221.385031,457.536743,324.020844
416.191387,203.117773,650.805115,337.065247
335.717999,207.135321,696.752380,341.083130
386.958386,223.232611,600.528198,345.815796
315.628613,223.793051,650.044189,346.939545
249.155102,229.341727,699.189209,382.442780
215.050549,238.616812,737.657837,364.752960
194.725842,243.258566,728.112183,360.901581
278.359295,246.747122,633.066711,422.788727
440.763821,215.151129,489.799164,338.376465
400.753720,241.899649,481.347076,287.281403
409.261990,233.754797,455.752289,288.846497
409.551129,237.731619,435.882629,296.281647
402.470410,248.124106,431.088013,294.190887
352.339901,246.054404,474.127716,298.921234
335.400952,247.804587,479.976807,309.755707
239.686566,248.217764,564.396667,312.051666
282.330502,242.683035,505.130524,323.597931
181.723919,238.256567,602.278625,332.934021
183.270336,237.987570,579.356689,340.498138
153.391583,232.570212,596.249939,345.449310
182.052654,231.310080,552.096985,350.868744
172.036907,222.561362,558.945618,350.917694
131.204144,218.927252,594.532776,353.565796
166.552105,215.469519,548.979187,351.639221
62.196942,207.905173,656.129700,367.112640
39.810253,216.462927,665.919922,358.548889
6.210980,208.704657,706.308411,366.023926
4.389508,209.418234,711.062683,369.455902
1.143292,203.898032,730.866394,380.645721
0.000000,199.299918,732.229901,369.187408
1.110434,194.744589,734.277832,373.788788
1.819388,195.625449,749.004944,370.789276
2.894583,192.138541,753.273987,373.090973
6.020346,190.662985,759.622559,374.639252
12.316214,192.036703,751.829163,374.726288
30.653952,186.773230,745.884155,377.137512
57.836325,183.749335,739.754761,385.560791
69.407004,183.270804,712.203735,378.657990
63.514059,189.485373,741.561890,390.208344
75.381369,191.182806,736.843140,370.148926
90.344748,194.860403,740.160767,397.690704
158.802572,206.771750,645.691162,358.753754
159.350271,211.625571,670.514954,363.309784
156.345511,207.457846,683.397034,361.716522
198.558401,206.678061,661.127991,362.182343
236.686300,205.838187,621.082153,370.921906
217.813467,208.026892,647.730164,376.442444
224.189779,211.714728,631.505859,373.747437
261.538473,221.444418,636.795532,372.118134
200.683493,213.064734,671.441284,388.392883
160.489737,216.620917,730.908875,392.124512
52.572256,211.929831,845.480164,399.097015
44.377951,220.217047,851.098511,409.158081
47.486807,220.532645,848.085632,407.365509
136.549399,222.344565,766.462402,398.634735
44.544363,220.457587,862.786926,428.967529
34.843802,228.047263,874.813293,445.332123
40.031027,238.718146,871.293335,471.192749
24.722555,247.937903,879.188599,433.401428
25.621298,240.949499,873.608887,460.378723
20.197622,247.844977,879.006775,458.999146
18.504782,252.662436,872.647339,452.018280
20.270102,250.994315,870.950195,460.484406
27.764822,253.099936,858.446594,456.430634
43.592459,255.068640,829.320129,451.059143
26.950522,255.959784,846.759766,453.475830
143.516928,252.054556,734.812256,453.672516
98.277975,262.166296,766.469849,454.854065
176.353903,261.712256,692.715210,455.104675
199.334952,283.355643,657.796814,429.062286
187.582693,289.769339,667.966125,428.002960
221.640402,307.682623,634.734009,408.744507
245.196554,304.566061,612.213501,412.009857
262.935446,306.123068,596.576782,413.876932
275.720144,316.180293,584.347717,399.148956
284.129995,316.954555,578.301941,398.209808
290.534536,320.597179,576.293884,393.914062
296.345358,314.914836,570.401978,400.256531
294.766440,315.399532,572.924805,397.611603
299.981100,311.580379,570.752563,400.057526
301.025595,313.529399,576.254150,400.918274
305.943716,313.657375,574.728943,399.258270
306.570852,319.634822,581.717102,395.924713
306.949057,317.389980,584.395996,398.983978
311.744864,321.992213,582.393738,395.195038
309.275625,326.012309,587.110046,391.990295
315.998831,319.585323,581.907043,394.820831
314.706015,319.219524,596.443359,396.763855
309.875998,316.898189,609.444458,401.353546
306.085837,308.884731,620.807983,407.099457
308.596945,288.757991,621.576782,425.840729
305.136374,280.687556,613.582153,433.159576
308.818564,271.690578,602.190674,444.010712
305.348929,269.584895,598.750305,443.216705
307.183889,261.579219,620.740784,449.957550
299.234274,241.909084,617.204956,469.437469
286.133047,237.161052,630.839294,474.598083
289.271719,232.519298,627.703064,480.586182
282.587484,239.534923,640.525391,472.861084
283.611593,233.433940,638.986206,476.666809
279.829275,221.293727,643.474182,490.698944
274.589865,215.908336,643.878540,496.189941
265.493063,235.522395,652.388062,475.806061
274.912039,218.893077,638.342834,490.516602
268.205679,219.523158,644.606873,491.202484
252.802206,233.939449,665.083984,479.675323
259.749319,234.716197,652.521301,477.938477
252.883749,236.323619,660.360840,475.733643
251.860739,225.915355,661.435913,488.181763
250.295279,230.218059,664.571472,483.669373
262.477896,226.446437,655.103943,489.613007
266.893606,251.413280,649.188049,464.143677
281.772818,267.839458,634.942322,445.254700
283.445883,272.108913,622.656494,444.258270
325.773550,283.743007,573.249451,429.604340
297.176748,302.808788,607.942322,410.704224
310.403616,305.545268,589.502014,411.179260
313.792410,298.857478,581.157288,417.777740
344.608358,295.505443,542.194336,417.345581
320.066671,290.764186,565.466187,425.711395
340.335684,289.174785,543.136902,425.777405
307.654013,274.264308,574.110596,441.634491
333.241537,286.262706,551.052002,428.475586
326.954214,270.432887,554.077820,446.929657
300.797171,273.042018,589.108704,442.461639
319.585501,281.481639,570.928284,432.051636
297.304281,276.442119,597.042725,438.829895
276.177603,276.671291,625.104431,440.327606
287.384604,268.077937,610.834717,448.223785
263.904898,257.203090,633.321228,461.310638
297.797629,266.685558,599.174438,446.940430
277.572287,256.017848,618.580933,456.862762
263.420248,268.927104,627.671143,445.560120
286.256613,266.559306,608.229858,452.348450
271.697470,273.647594,619.460205,445.579834
310.182638,282.166667,586.119263,433.101257
313.444876,279.732127,582.276184,437.275757
314.525595,283.220912,586.666260,432.974945
322.330130,274.568721,582.863098,443.365509
350.264914,272.457149,559.186157,442.961700
271.288382,281.918163,630.781311,431.886108
322.307943,286.245830,581.528809,429.751038
285.483297,263.077113,619.069214,453.249847
269.447683,263.085902,636.079895,456.888031
308.205679,257.055476,596.714539,460.572174
289.928854,269.655757,614.270874,444.910919
283.813315,274.510966,630.184082,444.185364
302.017752,278.252910,616.010315,439.945374
299.699026,290.655727,608.697083,424.442963
278.461996,260.836421,636.691162,453.078888
252.322317,260.568309,673.679504,459.431691
247.471243,259.332677,690.479309,454.177368
222.352072,262.667989,738.941528,457.332011
252.140036,194.549601,764.060669,521.631042
281.575766,108.554026,753.045166,610.037231
254.431814,242.702708,778.454651,469.436646
395.227865,98.758982,639.781982,616.616089
249.933737,274.184596,782.360718,438.120087
392.096670,85.419261,660.885925,630.451782
239.140768,198.242533,789.360718,515.469543
392.400564,135.650615,636.840881,569.124573
219.699698,133.875438,785.844910,582.267456
188.879538,147.865062,821.773560,570.951538
244.549002,136.531688,749.528137,583.468312
199.712332,116.373754,770.599426,599.094971
174.992666,105.137151,810.519958,614.862849
202.560263,204.246875,772.907227,511.057465
198.343649,259.489566,744.015259,449.366028
180.011496,248.748873,752.462036,466.746826
180.152914,256.996020,762.597656,461.947601
186.681326,243.747653,741.925598,474.480713
189.368399,236.301608,738.334412,481.064209
189.475607,226.809558,739.384399,486.358368
185.453482,246.255877,742.590515,472.110260
192.464377,222.905474,731.586792,495.731720
200.883474,233.521899,710.936584,477.484711
193.629507,214.499789,718.787048,498.746704
201.390402,223.142871,700.150757,488.298920
188.270987,217.862307,708.469177,499.470398
189.442282,228.571597,701.780640,485.414368
195.926413,210.837237,691.173218,501.411163
191.072134,236.078112,676.474304,477.185028
190.819449,214.087741,689.889587,502.941650
185.112265,222.006671,679.861328,489.008820
185.479056,211.259967,677.988831,502.496857
185.467062,217.961428,669.982056,493.782410
183.007193,201.868792,673.893005,509.593658
184.304373,200.497195,668.734192,514.294861
185.236258,199.192843,664.735168,517.425049
188.231283,177.661746,660.790039,538.585632
183.128225,207.588488,662.131653,504.614227
188.512320,219.731555,655.003357,496.428192
191.895193,149.631106,655.749084,561.340271
190.782553,185.873416,634.100098,527.520691
182.926779,173.444155,664.567505,541.648010
177.177694,232.109484,654.130615,475.905487
165.459311,244.953417,660.379150,473.006927
180.992727,166.926791,649.579895,546.435913
152.038229,150.402774,682.084839,564.844543
163.814352,138.559268,671.589478,574.770081
161.914297,142.793917,665.512390,570.597656
158.110159,158.588168,673.767639,552.750854
130.787863,176.658206,710.851196,542.390320
140.701773,212.585879,683.640564,499.639954
159.063345,201.521472,676.628845,510.861053
143.120169,201.527560,674.012268,516.066406
145.980032,203.139376,680.318909,509.348389
152.077871,203.067462,667.317322,506.700470
133.180258,201.448184,679.375732,514.111389
124.089041,210.078845,695.394104,502.065887
119.915518,194.549716,710.746521,519.567749
114.123037,192.705691,685.519714,521.428162
118.711996,191.799105,710.482178,520.776245
122.471365,201.744693,671.882629,509.501282
113.768606,187.483798,713.346497,526.400757
114.411856,205.770343,669.992859,506.672150
91.331900,188.279025,729.799011,526.434570
104.834097,205.565585,678.911316,510.018921
104.393515,188.991976,709.446533,521.705688
108.444357,206.817736,668.084595,502.815155
81.201742,207.756060,710.863037,506.761261
95.021963,214.202578,682.757751,495.654114
92.324026,214.201785,685.346497,498.085876
90.891287,222.359866,668.579895,491.550476
86.697683,215.264315,680.933167,493.864380
84.961294,221.073535,664.998718,489.743744
71.417685,217.392199,681.723877,490.391815
61.147207,222.076846,683.995544,485.422668
51.194510,216.412463,694.408020,491.561737
57.836081,219.858020,682.499390,489.092499
67.549704,216.163485,675.913696,491.371216
61.997366,222.504641,671.400208,491.158386
71.474478,213.374392,674.756042,495.554382
74.609884,222.937472,666.619751,491.511475
76.240927,218.685168,672.481445,490.592499
81.038778,222.052279,669.233887,484.270142
62.371115,224.702868,687.796509,487.303925
53.834402,214.438281,701.537903,499.965424
57.843771,217.671603,694.700073,494.229492
54.509848,206.089007,707.732666,505.241852
66.889731,209.783648,702.670410,499.268585
60.138479,219.498889,700.729065,489.660614
58.169546,203.427767,711.494324,506.473267
45.801016,212.321551,722.521667,495.757233
48.256796,191.416384,721.243896,519.737732
55.528738,203.733401,706.934875,505.500916
55.457693,193.515200,718.780579,512.542297
48.820242,194.368060,721.627258,508.346344
41.841299,198.988894,726.316833,510.380554
28.720389,187.353976,746.094299,520.759277
29.075796,184.724856,744.927673,521.783142
29.955679,186.130313,745.960632,517.281311
40.057760,188.550509,730.907837,514.484131
33.629629,193.194583,739.680359,516.925720
25.548880,185.065707,745.328186,526.311890
30.558706,188.190768,737.072449,524.789307
22.144735,195.115878,744.305664,517.512085
25.828024,193.250247,734.648071,512.420349
32.785177,201.935717,732.043823,502.441742
36.295157,192.576083,723.022644,514.446167
22.760916,195.936221,735.489319,507.766663
16.049917,195.804309,742.202576,509.203827
12.455465,195.206332,734.880005,512.867065
9.751028,186.533969,746.744690,519.421509
14.537893,188.088137,730.539124,518.219177
12.310965,185.011264,741.356506,519.173462
5.238272,189.325473,734.260925,514.274292
10.367697,184.548342,739.689331,517.312927
14.308218,181.027133,746.862000,525.584106
12.042410,185.400729,754.534241,520.897217
16.149222,186.826113,746.404358,521.338440
16.636801,184.240664,738.579590,526.993713
15.885275,181.781375,731.268433,531.181580
18.686453,194.706637,720.729797,516.383789
16.216299,191.520205,728.692810,515.842590
18.587546,194.724795,720.581177,512.366272
17.685202,191.936587,726.818726,513.060608
20.686941,187.245120,719.222229,517.897644
21.240378,187.786257,717.910278,520.513123
22.767172,186.752200,719.287109,518.562683
25.440207,180.952365,716.738647,529.800781
25.125784,182.021609,719.460266,523.712097
23.447409,187.476107,729.878296,524.887329
22.100119,178.291262,727.803589,532.786316
18.831381,174.698336,727.363525,533.830322
32.758444,179.886996,712.084839,528.320679
71.630331,178.814151,668.927246,537.013977
105.048239,188.589907,648.077759,525.947083
109.926535,197.376284,640.024292,511.630188
114.300345,193.630007,630.276672,522.370789
139.725393,193.136325,601.628479,521.617432
157.762472,201.498568,570.939087,508.727905
201.431326,192.192568,525.371887,521.291809
219.085043,206.344027,506.314697,511.056763
224.042135,217.342639,503.822388,494.174042
241.271612,219.328997,485.302643,497.274078
240.058081,222.430316,484.749481,493.729156
256.852240,225.152178,475.236115,493.188751
272.692740,229.864077,465.406921,488.059143
288.845953,233.242724,452.961334,482.079926
305.167730,238.516009,441.832672,475.707428
322.270163,239.489703,427.904663,475.017853
342.518530,236.655200,420.721649,475.935150
363.639471,235.939105,408.104523,480.322174
377.629126,253.665988,396.075409,462.134033
387.310217,261.093447,394.648773,454.880920
395.613577,266.981219,402.190247,450.660553
414.561895,277.094668,384.278961,437.865295
420.652578,294.052508,386.216248,423.487701
433.980703,298.854922,375.519836,418.520569
442.368628,303.057955,372.952118,411.331299
449.432806,310.913104,374.235016,401.558258
450.303412,321.539492,378.855988,391.463318
453.535360,326.807727,382.669678,389.778534
459.767264,332.545733,379.894104,385.117950
464.058569,340.945147,379.234833,372.352448
470.421789,340.304293,377.113861,378.248413
472.092703,356.725527,378.101868,357.777649
487.460760,357.848590,364.984772,357.925690
487.461279,360.283984,355.846771,355.177460
503.846731,356.381762,334.773010,359.522186
507.722937,357.856280,325.086395,359.168976
510.644095,361.082614,319.066467,354.826050
508.722113,362.267214,311.999176,351.924377
503.830420,364.377917,316.883759,353.648163
499.439047,367.035907,313.400757,348.290436
505.680487,367.479434,307.705231,352.520566
499.076773,370.784974,313.275208,345.336975
496.451925,375.663118,311.257446,340.119263
508.246740,378.776155,300.660492,337.695923
514.224524,381.589433,293.261078,332.847809
532.866720,385.154252,276.396973,333.176178
560.681326,387.344331,249.089050,329.688965
552.837088,390.320680,259.215759,327.026062
551.008749,388.989305,270.086670,328.071991
572.301725,385.569337,250.936020,334.092102
589.006170,387.286699,237.919342,331.557770
616.318762,383.845231,211.080048,334.130768
626.549299,380.239427,203.151077,337.467743
634.102141,373.671480,193.456406,343.772949
638.907614,374.186265,203.787354,343.372528
628.355803,371.109056,230.004745,345.399384
619.089048,376.971116,254.580978,340.907806
617.115591,372.508745,372.517883,342.854401
598.762838,340.625978,458.317749,375.175720
603.549093,332.714280,525.168335,385.128510
606.768057,325.676423,606.197205,387.899292
593.165609,312.087022,686.365234,394.568085
593.389639,335.093477,679.242615,365.697021
590.263998,312.097108,681.449951,381.115540
603.569937,329.461244,675.190857,356.389221
620.248709,295.548997,654.816711,356.299652
647.209707,308.751237,632.790293,337.575104
664.394374,292.001100,613.190735,361.905212
665.627162,291.306505,600.831360,363.880829
695.434169,269.303193,578.497620,340.367432
715.096705,284.373292,561.773376,331.891785
715.331660,264.842912,559.999756,349.030914
739.825221,260.117875,505.635681,352.884552
755.888804,255.265565,393.815887,339.712463
762.347621,248.795411,511.117859,350.422058
781.591594,242.670289,497.552765,341.224792
795.273463,235.391649,484.726537,346.749115
820.458997,233.276674,459.541003,289.464417
824.071357,232.889909,452.063965,300.115875
840.526297,230.123918,438.238190,265.820343
833.860022,231.084390,433.585388,255.207138
871.127768,242.265291,397.703705,238.662109
485.674201,215.247423,706.235962,321.876801
391.000708,220.248811,794.600037,315.165039
388.091437,217.538545,769.280640,332.005737
392.363684,214.343141,758.649963,357.090637
387.674994,215.075837,773.126953,335.046143
401.211890,210.808473,763.457947,347.595520
393.790595,202.373613,759.617676,352.572662
394.068671,193.513032,736.150879,348.712036
406.474982,188.230226,774.749146,343.496887
396.607825,183.989641,765.063049,340.084991
395.157843,182.001909,716.881470,334.411774
395.133277,187.195634,758.492859,345.294342
389.229743,183.297044,727.244263,336.229950
387.891516,184.445070,755.141907,333.821106
387.933875,183.566911,699.197571,337.008331
382.680884,192.419069,755.160828,320.341125
377.794989,184.502504,703.693359,337.899841
376.247290,184.671602,732.266541,340.207642
368.913031,181.689073,710.341064,343.531342
367.247626,183.445894,725.237793,341.075806
360.527503,184.968034,726.364563,339.970245
362.614417,185.607087,704.015198,330.034180
352.817176,187.051469,718.115051,343.386383
351.585181,190.647477,710.104675,330.412140
343.496100,186.075609,677.024536,346.813690
358.719397,193.915056,717.051819,336.654816
347.913092,197.254625,718.661987,318.201508
344.892066,196.052995,721.644714,323.754181
335.921027,196.910463,712.770874,331.066833
332.358344,194.125673,729.103027,338.385681
339.542945,196.937333,710.449402,332.620514
339.090735,199.066087,717.293030,316.888153
336.357184,200.062547,681.005493,318.302948
339.820807,196.407121,722.093628,337.417999
357.330542,213.912477,692.001648,300.135559
312.589270,218.223771,737.761536,306.156281
406.288123,243.475007,641.117249,268.827148
356.427253,254.963777,691.277710,269.253906
280.574378,246.612825,796.468079,262.095947
374.791053,179.610093,707.376282,294.266449
269.333625,292.740877,721.678833,266.159424
813.795386,214.835283,409.246277,284.205231
333.305762,188.350938,840.940857,331.267426
487.341132,166.535997,694.556641,381.434662
507.393012,134.396760,652.369629,447.672852
785.743247,122.416612,400.774139,415.248138
870.751403,128.622453,230.642593,352.037872
881.091498,136.807191,194.550293,339.825623
907.272635,135.686616,176.502350,339.362915
904.861411,129.836656,180.828094,351.950531
893.474395,129.749681,237.843704,361.498749
876.672965,130.415468,286.780304,362.370300
875.624182,189.018464,286.903259,314.339355
834.488028,122.533861,330.455231,377.355560
870.607825,216.015153,296.110168,286.034576
789.505576,113.969087,367.514984,382.968018
793.290076,114.695024,363.285583,389.111603
850.412711,212.282625,303.021393,290.151001
778.260184,110.032914,367.256256,387.442902
780.348593,108.899248,366.910126,399.703033
776.993842,111.427812,360.532837,390.478180
788.223273,116.611406,318.620239,399.841949
796.520377,122.931978,315.505768,398.398560
780.887793,120.783784,333.417664,400.830688
803.148825,123.628297,298.824921,398.964783
792.361853,110.326539,308.437805,406.841858
797.125235,111.087678,301.687164,404.726440
785.833991,113.957078,305.411499,401.076630
788.836249,116.669267,298.861938,397.295441
782.533133,143.405855,301.852325,375.148682
789.485297,240.359224,299.201294,283.837402
725.364051,165.358919,359.187927,359.650757
777.564841,226.649598,310.057709,296.153259
696.996817,156.094423,386.202423,367.278381
678.990897,162.851060,406.400665,350.230804
698.509558,156.103471,383.337341,358.367706
688.507575,155.759446,395.666382,357.737518
738.480887,158.613618,345.441681,357.713501
736.296836,151.869920,335.620697,378.162323
726.963050,169.005632,334.789124,359.107086
757.132163,175.079500,269.757660,330.653564
761.832228,162.510530,233.477646,348.390625
783.736289,162.487291,214.769867,323.451630
800.108619,171.273515,197.980896,305.743927
800.457549,176.017061,202.843582,298.956421
804.591269,180.121370,196.323944,296.859497
809.481887,181.050294,192.761581,293.164001
773.220999,180.103883,264.151642,331.493469
393.933722,240.927080,695.443237,287.731964
797.024298,254.968446,310.359009,255.981995
705.070884,238.897432,400.608002,245.660156
701.116858,245.181634,409.398865,255.022415
682.992026,248.120904,431.111176,230.895950
677.961142,246.778978,434.722137,233.935883
660.197989,244.683984,449.919708,245.126968
676.538047,252.069894,418.940155,226.878586
241.264624,278.115815,855.714294,211.817871
519.993628,257.941606,584.631042,297.371124
201.194434,273.146577,863.509338,278.512695
562.788474,265.614290,508.659637,287.082397
273.660559,277.190523,781.544373,270.403809
211.868354,253.755678,861.386353,304.481995
214.526648,239.946824,876.665710,290.443451
314.794104,233.389268,774.020691,319.903290
322.638617,241.326036,768.328735,338.346405
626.912040,216.089769,479.071198,294.735931
756.840995,222.669816,350.155304,259.134186
791.931525,250.762346,312.768799,239.598175
767.449866,220.368425,340.273621,276.221710
762.281150,210.433885,346.235321,291.428802
790.564933,242.318132,323.048981,266.411652
417.599890,289.024217,698.417297,248.407074
823.093482,278.812265,293.542908,255.621750
415.347052,287.265069,689.788391,232.494949
520.862311,303.808488,587.040833,210.081573
285.721015,322.609620,804.527283,227.428040
193.474036,329.122850,898.344238,288.635956
230.121192,300.855577,874.263062,256.992279
182.386664,305.057496,934.736267,257.266174
657.245139,258.233659,468.848175,267.229279
427.134742,175.625429,643.059692,368.131287
354.170569,252.051484,777.444824,288.164673
845.662207,177.689546,281.011353,380.272339
832.459037,147.572893,260.950897,395.764801
845.636145,147.187013,262.174072,395.411926
843.266654,139.458070,254.685760,402.236511
830.919104,132.452699,295.667847,405.325745
831.516135,132.747194,268.164337,401.289612
733.622504,130.877977,344.928894,387.746185
785.720481,318.477182,346.483673,209.504929
746.570761,163.381563,395.787018,339.504883
754.988150,155.457383,385.578339,378.699799
820.810920,161.352205,310.079163,366.062622
812.192008,171.120164,322.502167,334.307953
774.968711,170.037477,363.679596,353.365051
634.560019,160.165910,502.957794,367.044586
475.915320,159.517885,664.582275,435.806702
847.919379,144.825853,288.209167,417.564301
819.210364,134.715333,286.900269,418.063171
856.572730,133.173295,264.448975,415.056305
783.204688,123.400819,326.704590,431.242249
863.601142,119.406389,262.684998,437.813751
750.888037,116.395463,371.100586,425.349762
831.732032,130.225679,300.823486,416.045654
758.778907,129.470125,326.387451,402.162720
724.818366,123.811586,423.637268,401.429382
765.671759,126.499711,383.729553,437.888824
790.970450,143.118928,356.629974,388.114746
796.983496,149.943025,352.911743,374.969604
783.455939,156.306337,362.719910,356.404968
767.538977,158.783143,378.442383,391.165588
797.876471,166.036928,352.839172,376.865662
808.726310,169.838273,330.250946,349.336090
846.670981,164.730928,300.850983,371.680908
849.618338,159.458619,303.167938,374.681580
841.888098,154.108217,307.750000,376.029480
843.467566,153.123369,303.843994,376.731598
853.089606,154.192094,295.216858,379.072052
846.992240,152.583955,299.183807,375.751831
834.114539,159.345888,315.961426,362.335876
763.340491,171.512971,385.351440,353.435547
774.429969,176.447069,317.203003,342.096527
741.184409,186.799531,420.029449,330.562500
775.958014,172.157289,321.100891,341.438538
770.183966,180.410127,323.718811,344.805420
785.496344,183.487535,370.132385,329.469086
766.812659,177.910234,377.797852,330.215607
778.857245,174.768205,349.304871,334.518219
756.607032,173.113222,392.016357,356.810486
829.334632,174.516649,252.094604,348.672089
832.035453,167.744386,244.747772,363.587952
824.939849,159.641374,251.605118,370.404083
826.178748,159.502488,246.686768,370.892792
809.603995,159.078142,260.756439,371.409454
796.085562,155.200044,266.387909,372.996582
798.835776,166.007371,251.604401,351.945770
789.947501,163.835405,251.947479,348.761871
789.133895,159.221071,253.345688,351.506165
786.687537,162.607438,259.519409,351.989410
784.711661,166.308290,276.595917,345.932678
791.817206,167.816270,259.982971,348.386322
792.496497,167.844514,263.709839,347.277832
781.886115,167.781770,277.412048,363.089355
794.747214,160.610368,267.027496,379.336212
803.929190,154.929017,257.362274,386.748962
809.131392,152.350999,250.417343,391.819794
802.195166,147.430070,257.491089,397.114777
790.693137,146.448350,262.948517,396.935272
764.257346,141.395860,286.033844,403.083344
800.311385,139.834382,250.672836,393.109985
796.854819,140.423463,255.272736,397.787903
772.476294,139.955003,277.995361,398.253021
788.157729,138.295701,244.131149,392.111786
766.713416,134.356721,282.928101,401.271484
812.908149,125.347520,235.308655,421.563568
810.176543,114.970888,241.059952,444.885193
770.138816,112.677583,277.166290,450.431274
812.946517,117.469896,225.311874,434.275360
753.699073,122.974672,281.522217,426.373352
819.924155,124.869966,196.939117,418.353271
818.888884,119.289461,193.624283,428.335327
811.437003,119.559495,201.354706,429.105072
827.073355,117.595628,182.524384,431.302948
822.954627,115.672075,185.696411,430.061554
817.961180,120.379320,191.191116,425.843475
815.647780,118.028749,194.610764,427.548157
809.063918,120.093873,202.269211,424.624573
826.991973,119.406892,183.584122,424.204956
817.323386,123.397279,194.014191,419.407043
815.523261,122.325456,196.813660,412.948395
808.904753,119.236589,208.622330,423.577667
816.518790,116.002626,197.714691,426.933533
822.302405,118.959657,192.162964,420.365540
778.907874,126.991273,236.545776,401.367737
707.788977,126.754686,315.122925,401.991425
723.065024,131.892213,304.145905,387.944397
748.652137,139.993226,277.692383,380.946716
755.203070,134.791353,277.666077,385.558472
758.487235,141.738740,269.501556,377.316040
754.196692,142.339784,287.434082,377.249939
738.530783,147.286653,293.970245,367.979004
763.777610,142.348695,272.947296,368.278992
697.802436,140.800767,334.929871,376.282806
741.981086,143.046693,282.169861,373.812439
754.362342,144.494676,282.637451,363.447479
738.919471,141.570237,308.533203,368.280487
763.082251,140.504075,283.594238,370.029877
757.291693,138.859590,297.067200,366.760254
763.028998,140.440889,290.711365,361.514038
768.931769,141.012315,285.902039,361.159393
745.567343,140.452714,313.578766,362.944489
769.231757,143.822755,285.227844,359.265198
762.268012,138.452104,301.156311,362.247833
776.976203,137.575380,280.888367,362.821838
766.396201,139.456086,295.695587,362.095947
784.304480,139.160783,279.598999,363.368439
785.764975,139.651231,281.375275,360.676971
792.610099,142.505037,269.284760,357.246948
777.087806,144.658326,289.154297,355.823914
783.130881,147.872468,282.033722,348.228760
792.741812,148.488130,270.983124,352.029053
786.847083,151.156465,280.683105,349.564331
798.914298,154.258439,270.618378,345.433380
795.435950,151.193376,270.867676,349.719147
792.630561,147.134904,278.845764,351.747345
793.238242,149.789079,277.064117,350.539948
795.057303,150.988176,276.540009,347.669098
800.320105,152.899919,270.032593,344.581085
799.740317,148.704896,277.334259,347.799133
798.607718,149.222078,269.763885,345.656372
798.913718,144.505296,276.827057,348.984100
801.132041,147.781785,271.566803,348.403168
795.343833,141.706407,284.605621,352.728241
804.259391,141.641160,272.889618,354.035004
802.884681,143.138933,280.101318,350.765900
806.422629,142.819871,273.544464,347.693207
807.269400,141.687394,274.681488,347.841339
808.839850,139.081498,273.645813,349.085724
806.788092,141.253465,277.707825,345.394135
809.625708,137.264802,273.838013,349.902588
812.630515,139.032457,267.952301,346.335663
815.795737,139.532319,267.284332,347.702271
813.467246,136.666643,272.335114,347.694977
815.624533,139.467561,267.438995,345.192749
814.180487,136.382554,272.573059,347.177948
814.842749,137.336854,263.851562,345.884583
815.179328,135.318223,269.565857,347.283905
815.480262,137.811281,265.249023,342.759705
811.748481,137.515581,268.196716,345.286530
812.608969,135.472108,266.772491,345.559753
807.497245,134.222444,276.636444,347.246094
799.925711,134.341569,278.967499,344.736115
797.512992,135.634889,279.572357,343.220642
794.401633,137.399797,282.537384,341.147858
791.605231,140.074251,284.890564,340.273560
790.565329,140.374757,280.678986,340.198059
791.850394,141.342164,278.908905,338.304871
792.452216,142.971055,278.844421,338.016449
788.010886,141.886384,283.521393,339.366943
782.797431,141.965227,283.097229,339.497955
782.746390,146.395753,282.876312,336.137878
782.232749,146.188814,281.408478,337.660278
781.584418,142.946412,283.615051,342.268372
777.791877,142.830675,284.559143,343.244476
778.322837,145.058442,280.889313,340.247925
777.022498,146.964235,285.371338,337.882874
780.467490,149.647157,281.827423,336.696472
778.929007,149.130418,283.760468,338.075653
776.507193,151.043260,283.270477,335.645111
778.964423,150.704667,280.846985,336.362091
775.977652,151.300432,279.235321,336.059479
772.808615,151.155595,283.902863,336.685211
774.473426,151.387880,282.133911,338.637268
770.636176,152.156068,281.745422,338.420837
768.106192,153.765794,285.509247,338.863129
772.492224,153.855333,282.554810,340.715179
766.939643,155.014436,288.255188,340.825439
775.123618,155.759614,278.738800,340.339722
771.412131,154.171068,281.203522,341.327118
771.231406,157.479219,278.043610,336.336548
766.603629,158.998979,286.031952,335.997101
771.207801,162.036561,276.134033,334.885681
775.864798,163.683137,275.027435,329.326538
767.725241,161.075776,283.797028,332.014893
771.143775,164.157914,276.976318,330.619781
768.580863,165.394029,282.676605,329.001556
770.282004,163.237825,283.438385,325.078125
771.429908,162.078721,282.653076,323.287323
770.691336,162.822725,282.827362,321.828247
771.691794,165.374498,281.563019,320.219452
772.227195,165.619737,281.010529,320.639252
770.194709,164.731935,283.104553,320.960632
769.155036,166.619905,283.888123,319.676392
767.917884,166.251283,283.688965,321.153992
767.889975,167.311296,282.585968,321.529816
769.337653,167.782014,280.021179,324.921265
779.823340,167.334810,270.153564,326.973999
787.367789,162.457368,263.098480,335.512939
786.828971,161.791154,262.532928,335.569977
787.029639,166.595170,263.581177,330.728058
788.256125,162.407777,262.406891,334.801331
790.422080,161.376344,259.987457,337.023987
792.075751,160.596284,260.925964,337.217163
793.361838,161.630601,261.665314,335.678314
803.555365,160.756181,254.612244,338.174103
814.734809,167.840761,246.877991,336.525452
819.480704,159.211030,239.005829,349.345215
828.310515,156.762590,231.578262,351.700958
827.047530,157.768968,232.705429,349.481415
827.790572,154.409425,234.781113,351.072937
827.621161,152.991136,234.642639,353.575287
829.003531,155.318284,234.050995,352.152802
810.643332,155.999299,259.651276,351.159790
785.318732,159.563432,295.870300,344.220856
782.004523,168.357957,301.606750,330.013885
782.911536,165.547090,303.431641,330.824219
784.127799,163.542039,305.814667,332.508514
784.590934,165.609132,304.083588,329.862244
786.541251,163.630281,302.683685,329.768311
788.184592,162.143159,304.315460,333.278809
786.679343,161.683824,305.022247,334.038910
787.642157,161.500169,303.257751,334.083954
792.977607,161.889177,300.286072,333.435211
797.418830,160.489702,298.724426,336.703888
795.996192,158.792009,300.593750,337.573761
794.621878,160.285768,301.161713,335.928040
791.952216,158.628084,301.000183,338.328491
797.186118,159.296983,295.562653,337.966034
792.288184,160.431642,298.997314,336.622986
793.667228,160.364305,297.074921,336.536346
789.669074,159.468568,300.229919,337.433289
791.072882,160.122117,297.904114,336.467010
787.961112,159.992845,301.996185,337.695526
791.914054,161.720552,298.905731,334.837769
793.088126,157.097337,297.978729,338.420624
795.880439,153.505296,293.922180,341.989227
796.204764,154.171907,291.323944,339.214722
800.770896,151.570909,285.498077,341.094818
805.518393,146.260209,277.812531,344.536163
806.176169,148.597764,277.032379,340.105804
806.847251,150.271074,276.187897,336.444611
808.708197,151.731889,274.105652,334.377838
807.398780,147.144288,276.268311,338.636780
834.451796,131.037752,252.489304,347.211182
868.890815,110.229539,231.005310,357.287567
907.701659,104.141481,214.088943,353.611633
928.837416,99.386598,198.802292,345.701111
941.535346,102.185594,193.149597,337.594208
946.825286,87.471971,190.803726,350.931000
953.371199,92.537706,184.891830,345.036591
952.754805,89.478349,185.884750,345.970490
941.352866,87.184495,195.564728,345.481659
937.504134,86.376176,205.477036,340.102203
919.491675,95.158464,267.754883,342.672882
877.278983,99.415971,351.917206,354.976227
853.688117,111.349168,421.490662,338.921722
822.164664,124.515687,455.338104,315.580750
806.933814,106.529451,473.066186,341.822510
781.907581,103.978990,495.992065,350.691254
783.716342,117.510728,492.188751,352.126801
891.931522,198.511049,385.196625,272.072693
849.686786,213.260347,427.472961,271.084839
913.220630,216.666658,366.779370,289.788574
940.347498,212.833894,339.652502,228.122437
930.106122,211.699060,349.163818,231.065445
934.472882,186.199754,343.104614,270.066376
927.325589,171.903322,350.151764,290.618835
759.356610,90.495836,518.957886,378.924042
752.740979,96.016435,527.259021,356.572540
744.372809,102.590455,535.558105,359.533386
735.613532,107.855363,543.691650,352.872711
729.872199,121.282823,550.127801,332.940399
727.670505,123.815172,551.842468,318.359589
944.736453,166.651613,335.242798,268.519226
793.604175,84.352601,484.410309,370.411682
829.800327,91.126314,449.342957,333.253174
886.954990,80.739671,389.230164,356.863739
909.139194,58.599367,367.901794,384.015930
925.987186,57.119279,351.315552,377.938751
941.611713,68.538972,331.099457,363.390137
952.913593,78.437852,318.299164,352.039276
953.014209,94.024629,307.829865,332.992432
952.177463,106.261812,307.979309,323.332031
988.090396,105.168275,275.822754,324.327820
1015.513240,108.552705,214.322281,317.300903
1016.880817,116.195314,201.753021,296.175842
994.115924,192.002832,218.592499,242.422867
971.266406,221.521203,245.406525,252.401749
947.707263,214.047563,318.838654,261.760529
920.195651,191.843721,346.505432,287.908691
908.028537,179.995744,368.773499,307.204132
902.775058,177.308153,374.105164,316.804413
898.063892,176.084581,378.090729,312.731171
893.725696,176.842073,385.449005,318.481934
894.628940,176.495897,381.697449,319.342133
896.806720,174.593797,383.193280,328.396454
910.192468,170.178834,369.807532,332.421326
907.125211,168.668596,372.874789,342.942169
910.366621,167.632005,366.467651,345.919159
915.107771,167.026872,361.894775,355.222321
915.836470,167.054567,364.163530,358.272522
919.666282,168.436830,360.333718,363.122986
923.202663,172.536531,356.797337,359.998901
920.014906,177.369844,359.985094,360.341919
921.469199,173.934511,358.530801,370.767273
924.216884,172.350465,355.383942,378.397400
925.204906,174.078859,354.795094,379.917542
925.705770,175.474473,354.294230,382.054413
929.257014,178.941072,350.742986,384.379639
931.330152,181.986070,347.256134,386.582367
931.609632,187.547548,344.329254,392.633118
933.940137,190.632951,346.059863,401.043243
937.755439,195.208955,342.244561,401.363892
938.022556,198.167940,340.713257,406.794678
935.204318,201.353181,344.795682,409.525146
933.299104,205.080675,346.700896,411.561127
929.571626,210.908037,350.428374,413.144196
925.725220,217.701829,354.274780,411.850555
924.790161,216.919969,355.209839,417.479584
923.904526,219.770799,355.636139,423.869720
922.287140,226.289674,357.712860,429.227234
920.590775,229.639222,359.409225,432.113831
921.895561,233.711442,358.104439,446.208282
918.288891,238.609956,361.711109,440.750488
911.682013,237.986619,368.317987,434.069916
909.528674,239.451127,370.471326,438.504181
907.309076,237.364808,372.690924,436.635071
909.067670,240.284898,370.932330,443.616547
910.503775,244.038164,369.496225,447.541534
910.367809,249.526170,369.632191,424.344208
908.923345,251.598237,371.076655,426.608765
911.361148,250.898622,368.638852,427.418518
905.795900,256.062837,374.204100,421.381348
902.515671,264.065233,377.484329,415.472626
898.613930,268.796296,381.386070,432.274414
903.271000,260.365022,376.729000,449.156250
896.714266,252.150819,380.428406,463.303162
863.085589,245.712251,409.044403,470.184937
852.035067,249.668550,290.093689,428.742065
839.589228,252.335283,253.244766,460.408966
834.783892,252.520616,217.686615,460.664154
838.265986,254.776887,221.337540,456.693115
843.953447,258.241838,211.070892,459.110504
847.075922,260.951463,221.964249,455.856415
850.616350,260.357179,228.995575,454.723694
854.939882,261.681001,237.175659,454.255493
854.876665,254.009157,241.862885,462.925720
857.752260,253.896028,249.632812,464.022583
857.300371,259.279847,254.369843,457.382874
859.445795,262.633729,250.523209,450.201721
859.931864,266.839967,241.268600,448.948669
859.211931,269.594728,246.226288,445.972595
860.589754,292.703798,243.702332,423.674377
856.482126,320.350557,248.726669,395.989502
858.052332,328.049058,247.390335,388.692963
859.538569,325.302888,249.889053,392.850830
860.317888,318.049226,250.570160,396.119629
870.630007,291.395738,250.718872,423.509125
876.044756,274.279863,270.059662,440.527374
876.205721,269.557100,285.312073,446.594604
879.126375,264.088502,296.989563,452.807922
876.115694,260.916490,304.862366,455.106659
882.121615,258.333253,303.780945,459.010071
881.498598,252.381791,313.588867,465.776398
881.853914,249.918626,314.842224,463.717621
886.343203,250.031617,316.633545,465.918518
892.411791,258.253770,281.041534,454.795868
891.826693,252.518098,283.950867,462.764771
892.904070,251.866670,275.699432,463.118286
896.030321,248.219224,264.292633,463.877289
892.724733,248.125810,261.736572,466.725616
894.113993,249.366426,252.501877,466.401611
897.505739,247.746202,231.113647,464.786713
901.366282,243.799699,215.371567,475.742340
902.907343,237.238832,243.432510,408.858826
874.365007,236.108476,322.807465,414.179596
873.305330,246.247789,355.821472,449.265594
878.802416,248.245103,378.665436,429.069794
881.287066,248.424928,387.175873,437.898376
889.024050,249.187791,386.710938,445.781830
897.414492,249.072648,379.978882,454.506989
941.075640,248.373216,338.924360,439.081146
954.050363,241.180650,324.520813,457.764496
962.169763,238.585756,317.830237,450.790344
960.349606,237.332841,319.650394,452.635040
964.981932,236.512620,315.018068,455.605438
970.712005,236.251069,303.894592,460.824951
986.996551,217.775712,291.720154,485.590729
1002.491317,209.345689,276.646271,500.209686
1009.848052,203.358964,269.648254,508.022125
1018.602569,199.011720,258.951355,514.763123
1021.289443,198.033876,257.462616,518.609680
1019.611495,198.867524,260.388505,518.233154
1021.047355,193.760133,258.952645,520.531189
1033.752834,193.907625,241.900818,519.380249
1057.185116,194.546419,220.654907,520.085693
1084.225620,190.968721,193.595383,522.495728
1084.322407,193.481935,195.677593,520.517029
1085.470537,188.912050,193.993271,524.071472
1079.751131,181.470521,198.633499,533.722473
1076.099245,177.610322,203.900755,533.885864
1075.871209,172.304353,204.128791,535.254028
1072.967968,169.520997,207.032032,541.937317
1071.440764,168.112398,208.559236,542.236328
1060.669860,167.130037,219.330140,543.390259
1056.541587,165.055208,223.089981,544.492065
1050.234718,159.871553,228.249008,549.611694
1046.544670,153.908357,233.455330,553.144043
1042.629642,147.955934,237.370358,554.527771
1038.037477,144.862581,241.962523,548.892090
1039.926705,156.192262,239.715561,530.662903
1046.917642,153.617769,230.858322,540.375854
1047.047456,147.546266,232.683044,526.810242
1043.553445,140.541871,235.886154,570.068909
1048.577325,137.200013,231.422675,562.487732
1040.027386,137.209535,237.898285,562.022522
1036.629994,144.138704,243.370006,540.840942
1022.797632,138.609559,257.012512,571.557312
1010.119852,133.459810,267.963287,545.984253
1007.276865,136.001893,271.537933,544.346741
1003.868448,135.217714,275.605377,552.808899
999.922159,136.850343,277.723541,568.436462
1005.812784,137.931093,274.187216,568.914978
991.434529,130.269319,287.009277,567.444946
972.933843,126.401277,307.066157,546.917236
967.337679,127.931550,312.662321,523.186279
965.985322,128.087526,314.014678,489.849426
965.651536,125.989930,314.348464,492.696472
957.931542,127.486390,318.958252,487.159485
950.225640,125.204576,327.370789,486.896698
945.067330,131.224000,334.932670,480.149231
925.458409,145.928834,354.541591,458.382751
912.366961,156.592912,367.633039,443.369293
908.829354,167.406907,371.170646,444.677094
908.818425,177.515092,371.181575,433.669830
924.206042,189.712510,355.287079,428.215179
934.215655,191.573152,345.784345,447.549072
929.763192,187.890611,349.538269,493.414276
905.527139,189.002550,374.472861,487.369354
883.841633,192.621339,395.316284,497.308044
867.607716,187.104677,404.469421,513.912170
862.862935,182.176576,377.553467,523.263977
861.145970,179.981019,361.072845,524.090637
855.736455,178.898256,358.425323,529.292542
850.042653,174.319124,350.763123,532.144653
841.010823,173.583162,358.043091,531.133179
834.798161,172.225023,349.186432,493.435394
837.506535,173.011567,333.405914,537.152832
848.035115,163.311006,331.550415,549.289795
857.181141,158.352357,332.719299,550.149475
851.660176,152.619325,340.308350,560.103577
857.836003,154.135316,330.465485,556.199524
857.561894,153.541200,322.377960,559.526672
857.516270,156.241945,317.649139,554.055847
858.718129,159.162050,319.258362,555.158508
856.196049,169.268678,324.465363,541.482361
857.133839,178.860109,331.374939,534.058777
853.216023,179.537904,342.744263,532.633362
854.703190,182.649629,346.342682,531.754639
853.547154,181.870851,348.277802,529.820740
852.854085,183.282533,350.026733,534.642151
851.245366,184.467256,347.336212,532.885742
850.622014,192.764222,342.194489,524.193420
849.932713,193.125642,337.530853,522.738403
852.193898,193.240968,349.165710,518.582214
857.315754,190.524202,363.037231,521.566772
860.526280,191.613344,357.317108,520.095276
865.268574,189.826753,362.290283,526.852539
862.225148,191.379854,354.496765,523.845703
869.870228,187.100099,353.056702,523.144714
872.349110,190.008088,353.453918,522.090454
874.091176,187.801118,374.528381,527.690918
873.272618,195.337312,370.905243,520.072632
866.566227,196.161195,344.371002,514.039368
851.689534,203.174089,405.524780,509.457184
838.624684,209.395814,432.451355,507.617981
827.680317,207.081132,427.428467,507.501251
816.663746,202.529176,419.133484,511.102722
814.399113,200.808275,427.212799,509.855316
813.968846,203.694200,431.127045,507.452118
818.072407,203.899949,431.619629,509.866791
819.487843,202.957094,447.355896,507.656311
823.280873,203.556611,453.838196,508.925049
824.439992,202.841096,449.314880,511.185425
823.797185,200.521425,455.747467,514.590393
820.070057,197.030488,459.443665,518.759277
822.774022,196.240327,457.147552,518.881104
824.070988,190.672365,455.929012,525.752869
824.401949,190.452394,455.598051,524.497253
824.714677,190.705781,455.285323,522.783691
821.466012,190.732118,441.137146,521.488586
813.349907,187.278779,391.650360,521.928955
809.109383,187.830873,372.097717,519.843567
799.271645,187.647951,356.014404,520.291199
797.277855,189.688661,349.168976,515.026428
796.598290,189.103761,352.579132,522.516052
803.013955,189.818239,347.885010,518.912781
802.396477,190.290407,347.593353,525.049500
801.892342,190.988069,337.994934,516.831909
800.174950,191.535920,342.666534,519.341919
800.516106,191.601472,343.982269,524.312622
806.151146,190.478212,331.487579,520.635315
804.702508,187.357332,337.192963,524.092896
807.868462,188.345613,331.881317,524.783569
802.673821,185.525300,335.716400,526.392700
803.642739,187.283418,334.521729,522.995117
803.254174,184.340150,331.284698,526.393860
809.296166,183.220888,322.927521,528.818420
811.212426,185.847597,319.307404,526.539856
811.735131,184.621156,320.894806,527.975403
813.329629,188.561982,320.853516,524.346436
812.925057,187.940553,322.363098,524.908386
815.632561,189.552156,321.438812,523.919067
814.452523,186.499757,325.766663,527.141296
813.181328,188.289949,329.377411,525.741577
815.186364,188.247133,327.000641,523.536682
811.780724,189.018464,332.422760,526.157104
813.528634,188.337556,331.178894,526.387573
814.137490,187.501985,331.956787,525.820190
814.232247,186.269807,334.003601,527.286255
814.778222,183.759096,338.272247,531.154114
812.981759,182.348268,342.728699,534.628357
819.751473,183.781923,335.329163,530.287659
813.950738,183.028138,342.791473,533.597473
820.977212,179.530855,334.562256,534.510742
816.716363,179.534669,341.642548,535.060730
821.745217,182.798890,337.509399,534.532043
823.071435,183.042512,339.590607,534.644165
815.728097,197.365724,311.127380,516.729187
819.237954,197.814851,291.197021,517.923584
820.725243,200.877290,287.248199,514.508911
828.896645,203.886674,318.136719,506.107941
838.139687,207.136186,337.536011,506.287994
835.404366,209.324113,354.153137,503.239532
830.710702,211.264467,366.375916,501.505798
835.755272,211.545366,365.107086,499.399323
841.237099,214.581819,359.304565,501.273926
843.343117,215.880601,360.264648,495.280121
836.360482,217.043840,368.555359,498.863556
839.211251,217.029909,366.427795,498.734436
834.878563,217.403444,370.916412,497.661438
839.454049,216.965700,363.190735,499.462708
829.262368,214.195482,370.169800,500.874237
830.404595,220.532579,354.054291,495.561371
846.716942,216.090715,333.636383,497.243439
862.040520,217.192720,315.946259,499.336914
888.050347,214.672853,299.042572,502.632507
893.434517,210.384065,280.891296,505.296387
900.654381,210.026735,292.971588,506.992004
908.268715,206.822786,357.729248,505.368164
904.766579,203.957643,344.815308,510.275452
904.150338,199.242006,372.991638,516.175232
904.461159,190.784028,357.355835,522.651001
901.482018,185.689882,368.151520,528.182556
904.189461,187.071809,363.689270,527.794189
902.074715,188.023073,371.677307,526.239319
905.972283,187.592409,367.233978,528.916565
906.728585,188.327180,365.667419,528.330078
908.585732,188.518220,367.535400,527.250732
910.618249,185.904237,365.805573,529.552673
914.464013,187.704316,363.842072,526.858032
916.412377,186.619356,363.450958,527.755737
920.580971,185.921480,354.050537,527.188110
923.536873,181.946016,355.109924,534.061157
924.557961,177.859071,352.553589,540.217957
927.830620,174.727083,349.943329,542.146729
929.145547,172.554475,349.768311,541.812744
928.817238,171.958101,351.182762,543.926147
932.442402,168.876069,347.557598,544.628784
935.187830,170.785615,342.721283,545.193726
936.556238,169.939515,342.319672,546.587830
937.493326,168.279634,340.361511,549.465210
938.622782,167.128663,338.305481,549.432678
936.216501,167.522859,340.767212,548.146240
937.134470,167.583162,342.865530,547.581055
937.742070,165.910066,340.596375,550.773438
934.461034,164.963960,344.232178,550.571411
933.448461,163.378023,344.297363,552.319946
930.237950,183.431184,348.051880,532.302734
922.801656,195.524721,357.198344,518.698425
940.932581,198.109071,336.781219,512.963318
972.601435,203.305726,304.109528,513.770447
991.335825,199.636812,288.030884,515.171021
999.361079,199.667970,280.638921,514.483826
1028.901296,194.159425,247.841812,517.847839
1039.474248,196.790346,238.590073,518.990173
1045.754384,197.454622,230.628677,518.032715
1069.424291,195.163972,208.307297,512.664307
1095.485090,197.468217,184.092072,502.718536
1109.931463,191.594804,167.205917,490.679840
1088.587301,178.532762,191.412699,458.992279
1078.397555,173.138017,199.020828,501.469757
1048.111346,175.719163,231.580551,508.908905
1001.123301,161.706666,278.876699,500.387390
971.804860,147.095277,308.195140,479.744324
952.249674,135.125413,327.750326,510.883759
929.925145,128.007737,350.074855,488.080902
904.495806,127.307496,375.504194,487.667908
896.136895,118.706346,383.863105,471.192719
893.350354,120.568071,386.649646,415.831329
895.708762,119.690202,384.291238,442.054108
903.768504,120.536393,376.231496,447.234283
909.203512,122.103593,370.729645,454.543243
910.972219,122.662340,369.027781,445.896454
915.511287,126.619478,364.488713,450.920776
920.556623,128.885743,359.443377,457.754700
923.299674,128.137681,355.559570,445.427826
926.090232,127.824220,353.909768,458.948425
931.725353,128.959749,348.214600,449.186401
939.786983,134.301576,339.684601,440.411438
944.013423,172.554551,335.986577,394.912811
944.137174,176.574403,334.492981,387.644714
950.826933,174.835405,329.173067,386.871735
952.321212,175.305253,324.934021,388.210114
955.322539,174.133912,324.677461,390.436462
957.039840,173.440141,322.960160,391.689728
958.131767,173.254258,321.868233,389.751068
955.432949,173.538865,323.953735,382.387909
960.775280,179.866136,318.074738,387.459320
969.196453,195.652192,310.771820,376.232422
967.629696,207.948625,311.080627,371.779572
968.791271,209.765733,308.198151,358.035736
968.603344,209.050828,309.198029,368.145477
966.220119,207.924577,312.285400,367.536407
962.823528,204.647889,317.176472,366.731873
933.321493,185.887834,346.678507,401.651764
917.241786,174.835420,362.758214,386.816528
913.166669,169.383165,366.833331,403.530609
907.761847,167.067125,371.474640,424.117889
909.848410,169.182237,370.151590,385.191742
903.711101,168.705247,375.100891,406.175262
910.542385,176.522035,369.457615,408.910583
916.968656,205.037294,361.050385,380.725647
915.332594,203.957200,362.365601,360.864471
915.119367,204.381791,362.971252,375.950348
916.130354,203.014863,363.869646,367.725708
910.209494,200.254976,369.790506,386.469238
885.670131,181.586229,393.070404,395.333710
875.915096,168.918489,404.084904,413.302490
876.812132,163.658845,403.187868,415.672607
878.792662,161.538713,400.298096,423.807648
881.019622,161.615953,398.980378,426.432709
882.907058,162.947343,397.092942,413.769684
886.383796,164.044847,393.334656,423.193573
886.323723,158.287355,393.676277,432.329407
878.732769,153.227281,399.240265,421.654266
872.023434,147.066987,405.602539,438.087646
867.447048,141.283769,412.175476,440.212433
865.792370,140.874254,414.207630,436.461884
867.755194,137.574891,412.244806,437.562317
868.374896,135.227205,411.625104,441.478638
874.145303,131.779405,405.854697,447.440399
877.995747,128.124315,400.802979,429.888763
883.851628,120.101320,396.148372,451.971375
882.205172,112.665971,397.794828,450.628448
882.007875,110.367418,397.992125,459.585907
879.312470,107.027238,400.687530,458.948395
878.148880,106.504411,401.851120,456.874176
877.097603,105.509523,402.902397,456.227478
879.988911,115.137498,400.011089,454.109711
875.882929,144.484620,404.117071,415.213806
877.824979,146.228258,402.175021,401.706512
878.901793,136.091737,401.098207,414.611755
876.738418,115.043413,401.738434,437.128571
876.999145,98.458543,403.000855,451.353729
876.206146,91.104555,403.793854,458.799011
874.804260,91.028184,405.195740,470.766449
877.088623,92.224840,402.911377,466.766693
875.724625,93.543916,404.275375,467.889771
875.261970,93.866029,404.738030,462.471619
873.418369,93.032045,406.581631,470.205261
872.298265,92.899659,407.701735,462.467346
873.360253,92.987169,406.639747,465.359955
874.921078,91.500963,405.078922,465.410004
873.470274,87.891359,406.529726,466.807190
870.326949,88.373720,409.673051,474.189148
870.412681,89.643297,409.587319,474.473236
868.574474,90.332338,411.425526,471.859558
867.961386,92.048326,412.038614,474.278168
865.215724,100.964204,414.784276,455.871460
862.662885,118.351014,415.549622,442.552673
851.041334,113.810090,428.877686,452.364990
855.763944,113.061006,424.236056,448.517212
855.456481,111.886445,424.543519,451.296265
855.074340,112.220933,424.925660,451.918549
852.683136,112.909578,427.316864,456.355469
853.873550,112.491411,426.126450,462.572174
853.665657,113.173280,426.334343,462.404236
850.765171,119.769090,429.234829,458.366669
840.666933,132.433473,439.333067,431.805481
835.499848,131.401048,444.284180,438.353729
840.196778,124.137300,439.803222,444.903687
844.848221,120.705995,435.151779,447.292419
849.872917,120.282853,430.127083,454.032745
852.751217,117.399934,427.248783,459.234131
859.418242,127.567232,420.581758,452.813843
858.272475,159.014909,421.727525,415.038116
861.374092,167.434068,418.625908,407.315033
861.666096,153.271303,417.097565,428.961365
849.982792,122.607179,430.017208,461.927795
842.655794,111.869981,437.344206,480.196381
847.347382,115.687761,432.652618,480.732697
847.053711,115.493104,432.946289,477.521912
846.978501,117.941392,432.483673,469.387787
845.362839,123.595781,434.637161,465.801666
842.204216,123.981965,437.795784,467.771240
847.185909,125.298005,432.814091,470.393311
849.024473,126.167116,430.975527,473.034241
849.187606,126.516679,430.710785,478.466949
850.860976,127.536851,429.139024,476.414154
853.429496,129.991136,426.570504,476.776825
852.243038,131.053300,427.756962,485.049469
855.729887,130.823137,424.270113,485.752960
858.125976,131.870836,421.874024,477.346771
857.500732,133.034410,422.499268,483.061127
855.340011,136.180314,424.659989,476.015900
855.018700,136.163682,424.981300,481.090179
854.753262,139.462373,425.246738,482.346802
854.750593,142.060228,425.249407,477.877655
849.919654,140.917238,430.080346,479.626770
848.068347,143.390794,431.931653,478.666473
848.857752,140.191865,431.142248,476.183472
849.519620,139.626466,430.480380,482.194153
846.282195,139.805253,433.717805,483.429108
843.453307,142.840288,436.546693,481.976715
843.637024,144.987962,436.362976,479.336395
843.970901,144.934465,435.785553,483.201691
843.248138,147.983583,436.751862,480.963318
840.800842,151.104768,439.199158,473.665771
840.582916,150.455263,439.417084,479.796570
840.605362,149.026567,439.394638,484.210602
840.073601,149.359834,439.454987,478.052856
840.074089,150.749605,439.925911,484.761108
841.148586,150.699174,438.851414,479.716217
840.742735,150.947938,439.257265,486.062195
839.331145,152.665071,440.431519,490.118652
837.775817,165.631837,442.224183,476.402893
822.439514,176.765367,457.560486,457.834320
820.779327,178.153734,459.220673,445.697968
828.387527,182.508073,451.524536,452.281525
839.842163,198.072572,440.157837,427.894714
831.689835,234.232942,446.324554,369.663330
841.362839,282.009950,435.188629,330.875427
832.037018,318.426423,442.577820,299.796387
830.318588,345.604555,432.185333,288.054260
828.209396,366.598710,414.653595,283.159088
850.149216,367.141740,414.910187,342.292999
869.898468,392.554597,392.735657,322.714355
870.104767,397.711244,380.877014,321.738953
865.727219,381.616487,382.635040,333.491333
866.322647,370.404847,393.978363,347.916809
862.469818,391.529634,384.088684,323.233154
862.687714,403.068193,388.603577,314.175568
864.467590,408.660066,378.942749,306.142700
867.098251,396.204667,380.337555,316.916656
867.562103,372.881166,400.495422,338.099304
868.021835,391.945405,387.717804,320.917114
870.434463,383.001603,391.838470,327.900421
870.071320,385.516725,386.956238,326.462830
868.529159,381.277223,375.116364,327.157532
867.761993,363.282274,405.120789,340.665619
848.463516,360.257051,429.840179,337.210571
846.671387,354.684770,427.238159,346.172882
843.987717,349.522493,431.198029,351.811890
844.834396,342.462648,432.540680,353.827576
841.312210,337.791643,438.273895,357.662750
840.827972,333.713777,433.744812,358.239136
837.027161,330.492738,441.277710,365.331116
829.380981,322.641755,448.540283,362.335327
827.469437,315.120653,452.530563,369.176605
823.173561,306.443513,454.358154,368.057983
823.120857,300.169435,456.879143,377.256409
821.216541,298.435747,458.783459,372.809235
822.547556,300.129793,456.584564,372.842041
820.121225,298.168092,459.628143,367.395813
817.042398,298.011537,462.957602,366.784851
817.167775,296.220476,462.832225,361.177032
827.031199,306.296480,452.968801,357.463745
831.756841,306.771287,448.243159,347.183197
830.610598,306.140443,449.389402,341.847473
827.119142,303.428560,452.880858,339.153320
822.867829,301.570237,457.132171,341.124115
825.787339,298.181108,454.212661,351.377838
815.577034,292.997941,464.422966,346.781158
809.041843,286.035722,470.958157,349.882233
803.313738,285.984376,476.686262,346.191589
806.439569,278.692537,470.281281,347.894653
807.448571,277.942247,471.837250,344.451508
807.543923,278.839097,471.163513,341.367645
799.046960,287.884843,480.953040,332.524323
782.211255,301.549653,493.578918,318.735352
758.122143,308.332048,518.996521,314.943512
721.843823,308.887193,549.734436,316.230072
677.680707,310.521806,593.196899,306.765289
633.101391,315.407411,622.692444,337.091736
562.475049,335.624940,693.013245,332.723083
486.229809,349.453935,781.843567,318.793365
421.192303,375.245439,845.973022,303.562408
345.223248,400.219377,862.981689,302.333771
289.312665,393.564409,897.761597,318.858307
88.679791,416.422242,1070.015869,298.772522
119.308392,426.468416,1059.794312,286.240234
110.551373,436.782579,1065.271484,276.931976
100.839337,438.767961,1064.146729,274.327911
38.095501,446.590761,1104.582642,269.710632
44.694012,437.805314,1101.430542,275.166779
46.934369,435.359727,1130.077515,284.279633
21.302594,417.784761,1134.179199,296.609741
45.748578,416.973756,1136.169312,300.149719
43.809735,427.464341,1158.899536,292.535659
45.526654,422.021340,1165.001099,293.265900
154.994732,414.540871,1089.328857,298.837921
170.161511,397.125252,927.393494,314.857147
240.621106,382.922295,769.789246,320.297485
287.444592,361.563088,929.930359,345.050079
313.746106,357.153893,709.037537,349.089417
329.306530,308.480157,629.161560,398.578735
343.303265,301.652566,568.897583,409.980499
303.793469,250.491463,547.850037,460.199921
321.615094,233.299370,480.547607,477.405884
319.338788,215.360421,347.312134,486.400482
348.931118,192.556863,305.141876,465.076935
376.757855,199.380425,257.566406,512.627319
384.059437,194.914757,240.811142,455.087952
377.605557,158.918481,298.375397,516.888855
362.744961,178.865517,304.541290,489.107330
363.271649,172.289300,308.996460,541.648071
357.009472,139.667443,345.801086,573.040344
363.784558,127.577752,371.167419,556.323486
350.683239,176.322747,358.406189,534.471680
376.080746,194.208749,323.621918,450.935760
348.625592,191.853783,338.815308,519.966248
361.523053,187.746392,343.038696,452.297607
291.257535,199.285714,419.372467,511.603241
329.494259,195.550347,398.501312,431.404053
363.527676,186.428475,368.902496,420.445526
255.662793,178.833077,496.620544,449.444672
294.861584,177.737191,486.647034,382.388641
210.733899,176.526269,574.096008,426.313660
91.041760,173.377709,697.221008,445.179626
116.774151,190.598763,652.453247,361.187225
68.423291,199.156640,720.643494,345.174500
72.326825,204.313149,717.909668,351.665680
59.754529,208.544076,735.156067,306.057343
59.516247,213.774300,739.873108,299.711884
84.276989,211.512780,714.108704,327.924622
59.813214,212.350503,734.219604,259.143951
78.759045,209.633111,708.661682,399.092896
51.523266,204.149270,731.435242,287.128693
52.435803,210.107567,719.224426,273.214294
52.025128,209.121758,717.694458,279.816284
73.261303,208.877419,690.469910,281.196320
70.036816,210.291390,691.095398,339.198212
45.772015,212.854241,720.753418,295.571045
44.512616,210.083611,709.032959,287.162354
52.806347,211.582818,692.925720,296.140259
39.033917,210.394768,703.466919,280.475342
50.661267,211.779168,684.181946,289.237549
40.299389,211.527688,692.834167,303.423859
25.796551,213.212304,703.712891,298.588074
31.548840,214.252892,693.255188,298.709778
34.320080,216.789605,689.559387,291.654663
51.113263,220.454079,671.808472,300.142609
39.895367,221.363686,688.445923,320.030670
37.566632,226.001031,687.105347,349.774780
16.184155,230.984063,712.601746,331.427368
15.764569,236.613366,706.458252,305.665344
37.212658,234.021874,685.108459,300.577576
36.791211,239.148537,684.481873,307.834015
31.899640,243.848656,687.602905,309.703552
49.432660,245.378457,663.365967,302.592926
21.690381,249.259988,695.340759,312.286407
24.793957,252.352746,691.767639,322.102356
38.104687,249.897210,679.556824,318.330811
29.379925,248.111123,680.056152,326.998199
45.551434,247.288552,662.141357,342.216583
93.128003,257.263955,616.420349,305.290924
89.769482,251.397393,614.176697,304.432251
65.643750,250.477532,637.861267,303.155273
133.954022,250.379525,565.599121,294.958221
155.697522,250.559182,544.801086,292.392487
156.422986,247.494378,544.302917,303.205078
177.313733,255.009225,512.868591,291.761932
71.782422,252.774560,614.188538,295.347351
27.293194,251.785241,657.589844,309.921936
26.752087,255.156319,657.807068,328.506927
39.882306,254.137780,644.547607,339.379456
145.310498,269.511193,523.544006,343.898987
72.153027,300.334283,601.597473,280.368530
136.922436,299.919991,544.440735,276.938568
92.651410,294.245248,583.953979,295.895966
202.495450,280.874474,480.291046,306.497620
212.765164,267.895333,478.839508,288.801117
165.288159,270.603997,527.558899,284.546021
152.408459,264.068276,533.897400,307.170197
142.153912,267.069344,544.928833,307.485809
152.413067,268.386971,535.899048,306.987274
164.636883,268.082452,521.592529,298.826050
175.289486,268.588509,507.964447,287.744476
180.273739,265.830254,501.887787,286.317383
175.274197,262.392419,509.187531,294.839783
171.959012,262.834801,510.339752,290.896057
184.488400,260.873574,496.604095,304.010406
164.516339,264.498223,518.591064,295.724609
162.383221,263.752709,520.761963,296.281921
180.704937,268.617715,498.679077,296.458038
162.860943,270.598046,517.298706,298.088806
165.849133,269.313424,515.016052,301.916962
140.713421,268.248925,539.932373,303.723572
155.083691,270.306679,526.519958,314.846100
172.580212,274.140816,510.449768,304.690399
150.628003,272.090493,533.919861,307.583405
148.184979,273.988152,535.947998,311.852539
160.386303,277.754876,523.555359,309.038086
155.308087,275.326577,530.496582,312.350006
136.053418,275.470666,549.492249,319.397888
104.288495,275.291939,585.473267,330.803436
14.803265,279.740060,670.969604,328.413788
167.338940,280.391793,516.764465,310.400848
141.473706,272.297707,547.767639,318.027740
77.673626,274.215356,612.389038,327.912170
117.564374,274.386758,577.122925,333.327911
5.237957,271.656136,693.815063,343.388031
9.490368,273.644662,686.366638,340.930756
38.357708,272.150796,654.286255,339.324005
23.077832,272.722954,666.707336,344.967773
85.533734,271.817528,609.503052,350.759827
22.620373,270.778313,676.699402,342.237183
10.612713,274.590401,687.722534,353.529022
56.713513,275.605614,640.075134,346.752747
71.790112,269.270531,627.949768,352.177795
0.000000,271.993478,702.035412,352.847382
3.605047,274.721703,695.994263,355.343323
16.670843,271.020730,683.034302,359.986969
1.837988,273.040597,703.754211,366.280731
0.000000,271.851754,701.732886,374.447968
0.000000,271.306328,705.586352,382.905029
0.000000,268.819024,707.699701,394.031494
0.000000,270.554879,709.367459,394.716522
0.000000,269.925652,708.992842,407.097046
0.990287,274.849724,714.390442,386.692993
0.000000,274.081307,708.495170,393.597992
0.000000,275.509545,705.807125,406.751038
0.000000,277.314736,711.574156,406.713165
1.590911,279.221139,712.654053,409.806854
1.550506,280.418999,715.232178,402.367920
0.000000,280.824944,716.378478,410.589478
0.000000,280.254693,713.182617,418.092285
0.000000,278.057549,715.365020,412.184814
0.000000,276.799447,715.131363,421.166595
0.000000,276.327965,721.889046,419.729675
0.000000,273.907403,722.410465,416.218018
0.000000,271.750008,719.369295,429.842377
0.000000,273.612221,723.881730,422.107452
0.000000,271.411599,719.212166,430.711823
0.276310,275.290398,719.396118,434.360229
0.000000,276.984490,721.910191,421.910278
0.000000,278.146310,718.776049,424.162567
0.000000,281.273995,716.622277,423.936493
0.000000,284.157616,712.336346,420.148987
0.000000,287.049218,707.596640,419.769104
0.000000,289.547661,701.458293,417.895020
0.494070,292.185754,699.000671,413.988953
0.000000,296.969475,697.611959,412.492310
0.000000,296.760567,695.205821,415.316376
2.625982,296.150124,692.665039,416.882721
0.000000,296.655739,697.422277,414.913483
0.000000,296.515053,694.951800,412.597687
4.582406,294.555657,690.828003,414.610718
0.231881,294.585290,695.069580,414.301697
0.688882,291.210854,692.443176,417.588409
4.417642,288.674279,687.231506,418.238220
0.000000,287.510888,691.255075,416.428772
4.801396,285.821892,684.999451,422.805786
3.569188,287.548196,686.404541,418.978668
4.253209,285.507851,681.645874,422.430450
1.970494,283.443215,683.042847,424.447906
0.453618,275.759484,688.569275,431.805359
6.529729,279.341729,684.465637,425.328125
5.358372,280.407784,686.591797,425.977509
4.340611,278.856164,688.982300,428.768005
2.839696,278.741830,686.946045,432.186859
0.000000,277.205727,686.903538,429.173859
0.000000,274.254082,687.406176,430.747559
4.554223,271.412545,679.533569,432.813690
0.167260,269.955422,685.818726,435.846832
1.204034,273.636574,678.686829,435.253571
0.468194,292.699303,669.518860,417.889343
0.000000,296.165032,671.976800,410.558716
0.000000,288.769417,668.610653,422.779388
0.000000,267.557641,673.380369,438.248596
0.000000,253.821297,681.794433,450.210297
6.620422,253.133996,682.025269,454.751892
1.897216,251.121545,683.645996,453.132996
0.000000,251.871346,685.188934,456.515961
4.636368,249.893243,676.924988,454.825928
0.000000,251.614190,681.858352,454.849609
4.994240,252.941277,679.982666,453.111694
0.000000,256.976708,682.491188,450.173645
7.665913,255.608712,679.825134,447.252167
1.690632,254.553551,681.191223,449.656189
0.000000,254.578316,687.492054,452.792938
4.286249,255.534157,679.920532,449.257233
0.000000,251.300942,680.963099,455.713654
3.494458,252.215539,678.210022,452.127869
0.000000,246.452492,682.756818,456.269928
4.528861,248.168542,677.816772,456.055603
1.081107,250.103753,683.171753,454.653198
4.847403,243.965829,679.474609,462.111908
5.365744,245.832589,673.410339,454.506073
0.000000,245.604531,680.513419,456.067902
3.341762,249.133126,680.019348,451.980194
0.000000,252.869042,686.898433,449.537659
0.000000,260.387124,698.021818,446.016632
0.000000,261.010934,699.625075,441.049530
0.546699,260.617074,707.882507,439.736420
0.000000,262.672417,712.331947,438.123047
0.000000,258.228661,712.537739,442.342346
0.000000,256.924645,713.496683,440.066833
0.000000,256.709359,713.404805,441.309418
0.000000,256.658654,710.896983,442.863708
0.000000,255.039147,710.978673,444.349304
0.000000,250.620370,712.465197,448.986664
5.471246,250.425149,707.064941,450.997955
0.000000,246.315728,713.250238,452.276123
5.221646,247.318780,711.242737,449.803955
0.000000,257.548501,714.088315,438.675079
0.000000,256.234643,720.675261,437.160950
0.000000,255.205422,720.352248,436.174469
0.000000,252.130837,721.260933,438.053864
0.000000,252.750527,722.850437,437.897736
2.006700,255.803292,722.537476,432.858124
0.000000,257.161477,733.004686,431.690338
0.000000,263.357567,762.667657,426.517395
0.000000,264.277093,784.777218,421.103149
0.000000,273.065392,795.462919,399.497253
8.799392,274.894570,798.760864,411.322784
1.184798,288.762398,823.476624,409.141327
26.103133,311.274468,768.685852,390.871338
231.286666,323.733010,550.765076,335.634186
260.288268,342.772591,501.752106,356.055756
129.137527,239.824166,637.972900,446.203705
154.495498,204.692238,595.277222,499.106476
119.873489,172.422509,628.096924,518.629578
99.527877,159.028863,651.295715,530.422485
87.367171,149.256707,687.484070,557.553467
62.492873,155.289910,723.560059,551.045166
54.679763,172.123742,746.561523,534.395569
46.883529,193.757683,760.349548,515.903809
35.897048,209.104333,774.151367,484.425354
36.923537,232.968667,777.067383,474.057281
27.967574,252.065484,787.727356,432.679810
21.290328,246.371407,793.441711,458.515717
16.436080,257.004861,794.804260,422.982697
11.254134,272.229867,813.999207,418.812958
46.369430,282.917123,774.081848,412.695526
2.602309,286.590584,808.423950,410.527802
0.000000,277.015679,811.914321,410.765259
0.579536,273.314355,814.736694,412.009460
4.321083,278.970711,804.032898,421.148407
0.000000,275.621041,803.766944,411.504730
0.270222,297.485497,826.896667,371.352478
4.783771,312.109704,841.005554,378.252747
2.931568,323.528298,843.125000,324.804718
2.743854,320.872399,842.005554,378.739075
2.903675,306.238213,841.830688,332.473022
23.898182,321.486108,825.155640,361.184753
49.897602,296.822350,788.167786,384.385559
110.995289,288.159539,726.688232,390.282227
2.236347,268.208932,829.076721,434.137054
0.000000,268.582085,823.131367,428.119019
2.616922,270.233941,825.561584,409.340210
4.081522,267.638680,829.137024,430.982391
0.000000,266.929894,828.280924,414.362854
18.432881,280.282296,777.305786,421.813812
4.889699,265.180260,757.662903,442.349915
12.839162,251.294823,739.887756,457.978210
1.004231,246.862343,729.127686,458.989166
5.563222,240.935998,740.790222,468.047668
0.000000,245.840111,729.919789,460.648621
4.376429,242.483254,742.177429,460.567657
0.000000,240.980721,776.868159,464.394989
1.973386,248.788262,787.497559,451.052856
0.000000,248.063744,792.113309,450.645447
4.709578,243.657738,796.968811,453.165955
0.000000,241.107155,799.707350,452.822784
0.000000,236.785165,796.649299,462.326385
0.000000,233.355416,797.467807,446.170258
0.000000,232.099633,792.444628,465.221130
0.000000,238.173104,791.273461,452.405487
1.548382,244.874703,754.018250,452.594330
0.000000,249.744256,735.283551,448.956299
0.563772,244.813576,726.721680,454.386261
0.000000,243.503991,729.546896,458.804016
4.865581,244.604088,721.737366,458.971497
0.000000,240.091332,723.940868,464.857849
13.233709,226.790368,745.377014,482.125305
18.555761,216.091958,736.222412,495.921051
13.435857,210.215722,737.610657,498.525085
14.071050,204.227013,737.596863,497.438538
10.957403,204.219277,739.478943,498.891998
7.799963,201.997704,739.215942,500.548523
1.658208,206.817528,744.793640,494.638123
2.655981,228.435235,704.901367,477.086304
8.901708,265.343285,681.498291,449.681335
56.178838,258.216561,615.783875,454.459686
106.086309,256.196313,550.050232,455.370789
131.129766,256.434533,515.840515,457.823303
162.502569,257.487405,486.341980,459.891388
175.292318,259.708901,474.721466,452.512604
142.051275,242.071526,516.442322,471.705078
156.103033,202.925301,543.002380,510.077362
156.571691,186.946557,553.172485,527.707458
129.251287,179.592980,580.292542,534.172668
129.295049,181.981560,581.147400,524.567871
96.903020,180.506646,614.585999,532.922241
102.849950,179.093835,608.448975,527.385315
109.929784,192.602105,590.659668,517.545288
127.283819,254.724633,536.106628,458.471375
191.747716,267.618233,474.754028,443.021820
222.595266,272.078530,439.486908,442.121490
222.221273,272.131249,434.285919,443.603210
205.893499,270.484460,454.336487,445.206116
206.479772,263.071221,459.296753,452.257935
160.166082,226.348015,530.822083,487.540283
168.378667,211.964959,545.517273,500.181641
145.254003,208.297570,568.665771,505.676575
121.140417,208.833382,594.101196,503.995575
61.312414,208.291299,649.183960,501.467194
59.371618,211.462197,658.935425,496.273346
62.759161,220.103921,646.581970,487.595856
132.580724,247.585808,568.259399,465.150391
156.282690,252.734383,526.233398,462.222137
154.664495,249.227196,523.391663,465.708679
159.092229,249.230172,516.672913,467.556976
149.912054,249.689873,524.684387,466.340942
121.729986,239.853951,556.409119,476.362640
111.972631,200.493401,610.647949,512.114990
96.295324,194.098504,627.412720,517.154541
90.573064,193.065880,630.543274,516.833801
67.961889,193.345208,648.627441,515.934814
62.455267,190.437462,655.465881,523.018127
85.851293,191.596429,630.718262,515.389404
91.546484,204.253625,615.617676,502.273499
94.775854,245.955514,608.873779,460.938568
94.390630,249.724923,608.889832,459.416351
86.254156,245.406792,617.993347,465.809937
85.127477,246.501305,622.630249,467.270569
101.279851,229.690621,613.934143,480.121185
115.691656,209.035042,618.363953,498.671600
124.551672,196.398217,623.400513,514.165710
114.355566,192.908227,641.683594,517.508728
128.989751,192.567345,629.711609,519.384583
114.692144,193.810937,638.607605,518.143494
109.004369,197.953820,648.245850,515.276184
110.172277,199.869530,645.327026,509.259949
112.826665,203.014748,639.602722,510.442657
136.287115,230.803368,605.209656,477.535095
115.743108,254.416619,612.008118,458.816406
132.109045,247.791161,606.039673,461.758728
127.608465,255.934472,600.759583,455.101990
121.384832,242.051812,616.130920,470.515259
126.311468,220.391884,624.779114,493.189362
130.807317,200.101739,642.467346,509.484497
120.603124,186.340874,657.024902,527.056030
124.022161,176.655419,659.198303,531.704773
128.211187,179.259698,655.004578,531.559204
100.602331,175.673089,678.986450,535.278564
106.223974,180.708703,675.718750,524.890442
64.635656,184.875390,718.816284,527.978699
67.060705,201.954858,713.982056,505.345154
19.569036,231.520241,759.011047,475.464142
10.296911,232.564294,771.191284,474.751282
5.256445,231.120354,781.090820,466.361328
6.422460,228.774300,785.026855,472.765839
4.631353,225.510827,776.768250,475.160217
11.288061,228.897347,780.370117,471.142303
6.120672,243.783288,788.543274,458.781067
0.000000,274.363457,816.074163,408.585083
0.000000,270.390481,827.088046,403.851349
3.358110,271.972405,828.462402,392.501465
1.711412,267.942040,808.908386,385.328308
1.439531,273.150918,801.717285,376.845123
4.881608,274.963906,788.740112,391.998444
3.028367,277.507500,785.835754,379.025024
8.561937,276.083062,779.994690,365.446655
0.000000,275.618340,791.263994,354.836060
0.672738,274.716164,788.542053,354.599396
2.712868,275.046593,789.425415,355.978333
3.383187,272.663766,791.611145,356.642426
2.422524,279.089989,843.895508,349.023621
4.816048,280.540002,850.554993,355.454895
6.293709,280.162026,866.260071,360.741364
5.607979,279.876763,863.750427,366.447388
1.578805,278.168038,876.716492,367.131195
2.904336,275.935723,844.709961,375.015747
22.745370,225.905739,798.693909,433.083527
37.978585,170.637368,755.672302,499.557526
11.337350,146.926324,773.244568,543.422241
9.750008,133.623131,775.474426,565.196350
11.761452,137.540673,778.331665,546.992371
11.899575,133.109856,779.148438,542.362549
1.849465,132.608880,790.872681,538.547852
6.143593,135.886895,784.380859,520.245728
5.882943,149.578881,777.858704,499.679138
0.061593,208.425835,819.356384,425.327026
5.906319,244.733697,822.827087,394.037476
3.753274,248.142617,827.448608,390.123444
1.924813,245.752801,826.896790,395.372314
6.173867,238.390771,822.381836,407.204773
5.936715,236.382973,824.968689,408.226227
9.171883,227.806054,821.760071,418.000671
9.817300,224.374047,831.708496,415.248718
12.117440,227.760094,830.803528,402.325745
14.668252,224.743722,824.332031,406.536469
10.478158,223.135262,828.731262,409.644501
2.853799,225.279626,838.852295,408.205627
10.111550,227.516595,825.661499,408.903320
1.439217,234.177422,829.496887,410.485718
3.040963,227.634041,819.982361,424.612030
5.161721,221.683831,815.913696,426.967773
8.499825,220.077904,814.374207,429.605164
9.960702,221.655770,811.431213,431.029510
6.555764,221.905923,811.067261,429.168121
0.203011,214.962594,814.986389,432.980560
1.733437,217.916512,829.840576,435.083954
7.202614,220.626458,860.937134,429.528809
5.793191,216.451287,896.472534,457.703857
11.796548,216.041817,907.949219,477.547455
6.451150,216.875451,927.065063,490.559875
2.556100,217.491357,938.170105,484.710876
7.760995,216.057183,939.027161,495.965454
6.656258,218.068993,918.309631,491.106873
27.260903,224.411233,898.657715,479.445343
22.071633,220.896020,893.431030,491.326599
34.503640,211.603890,860.342407,494.696747
48.010018,204.160119,844.124817,508.543518
54.270272,208.487221,829.030090,502.646881
35.592141,206.145470,848.425171,506.398499
39.375497,201.136407,841.580383,507.754517
30.955514,201.448693,855.923035,509.240051
75.578988,206.506417,800.677795,503.687592
104.078286,202.263039,752.756592,504.787628
145.427163,198.455361,708.683838,510.897125
144.689461,190.913445,703.332581,518.540527
114.976693,195.290703,731.734192,518.504028
126.754769,188.899102,716.274719,519.559692
115.975655,196.185509,719.414978,511.532288
149.793618,201.857201,698.288330,506.644714
142.970528,205.669488,765.755798,501.893188
131.912301,209.347817,782.495789,502.238190
121.346780,205.167107,798.300903,502.086182
95.772164,203.215111,832.791931,511.451355
89.058510,202.170876,837.937256,508.264923
68.573830,200.291131,871.337524,510.828369
65.701333,201.270898,872.890625,506.065125
89.566750,200.323556,840.223999,509.544769
112.327523,206.186104,793.814514,505.103363
112.777230,214.631402,772.088440,492.847290
115.688668,208.384835,773.449646,504.949066
91.039040,213.081429,801.012085,495.200409
76.021035,213.536950,805.432373,492.556702
60.667611,219.883919,813.506165,486.150360
48.017922,229.783349,819.941040,481.366638
55.078438,225.723077,852.793884,484.226685
61.503731,227.793328,843.546082,483.447998
50.212075,225.448922,865.282959,486.753754
32.408761,223.396462,867.995789,491.105988
19.851968,220.163384,898.032471,495.065552
25.999032,220.711053,872.920471,487.094727
23.128457,218.858620,888.221924,490.409454
47.553384,219.350762,855.049561,492.637817
75.408883,221.003686,828.221375,489.833435
67.692574,224.003289,842.301208,486.093994
50.376595,221.786187,871.004944,487.126831
14.173928,218.705239,906.541382,491.822418
15.279946,213.962426,897.239502,491.624451
8.466317,217.063134,912.646790,492.357605
7.966286,213.812569,905.143433,487.527435
10.726113,208.639352,904.832520,497.166351
11.036324,212.736031,906.290710,494.559662
23.524972,215.326592,887.892517,497.732544
19.496590,216.923150,865.414612,497.194214
23.685586,215.124627,861.228516,498.714600
13.927407,219.843987,866.899170,488.767822
11.459481,214.279153,885.356750,492.445587
13.141579,206.684640,889.484741,502.215912
12.495278,204.416863,897.685791,501.426025
8.529916,199.819115,905.358704,503.155212
2.734811,201.989907,907.409363,498.981598
4.012398,204.274895,898.195007,492.959229
4.311074,214.631386,886.007080,492.406647
5.190560,233.794121,859.813293,471.638794
4.463418,236.594002,869.966309,469.693085
0.000000,236.401543,868.118111,469.045776
0.000000,224.903115,880.440403,480.844147
2.656206,208.698189,895.415833,489.096527
0.000000,200.581933,903.401293,482.439880
0.000000,195.151192,898.718377,484.044769
0.000000,196.595589,903.933499,484.646698
0.000000,193.856957,890.347182,490.892517
5.475440,197.150399,895.137512,501.061493
1.835120,204.391381,874.294617,487.605408
2.200812,215.030297,864.376953,476.063904
5.260139,211.977029,877.134521,480.834503
0.000000,211.318535,879.230170,468.212524
0.000000,201.863930,909.133884,481.293610
0.417223,199.541726,922.850708,478.864532
0.000000,204.566292,918.626390,473.572968
0.000000,205.963525,918.141534,464.226990
0.805050,205.297066,932.070496,467.358490
3.457943,207.465356,925.620667,468.499939
5.133725,206.904122,919.545471,475.154388
0.000000,217.033013,899.944027,466.551147
3.283720,218.345376,892.886597,471.826080
4.297148,219.624306,881.118286,457.520416
0.000000,215.871087,909.188719,455.691895
1.713653,216.905923,902.280212,459.489410
0.000000,219.727700,922.428405,455.709137
0.000000,229.395440,926.904205,446.229858
4.304947,225.816598,922.266479,444.386566
0.000000,232.478844,922.028702,443.592102
4.815193,232.067849,916.682007,449.402374
4.542824,232.307381,920.265076,448.927948
9.427498,235.982506,883.706909,460.689270
3.003792,247.564767,850.765015,443.287933
0.000000,241.353982,867.282448,447.696320
0.000000,242.101403,864.360432,449.060852
3.660593,233.293755,873.297302,456.476440
0.000000,227.308999,870.752207,453.314606
3.942174,220.247552,889.835876,464.105469
0.000000,226.290826,881.355138,465.022583
0.000000,226.277901,874.972888,468.990814
0.000000,226.942910,878.453363,469.735260
0.235745,229.079842,881.711365,469.847626
9.749722,241.727669,833.237122,460.238007
9.030728,260.770882,797.562317,452.695282
22.204373,268.330193,779.053162,444.283203
22.949154,268.429604,773.195435,445.592682
40.122800,251.096795,767.575928,462.996094
57.075375,229.577065,769.475464,477.778229
82.944668,214.070672,750.248108,499.970215
77.472104,213.258782,750.690308,502.247070
72.004147,212.167138,759.678711,504.033630
96.608243,211.438500,732.035706,495.987976
74.729642,202.296715,756.964294,512.709778
69.298001,206.821343,753.125427,506.715698
81.008084,236.740151,707.889343,476.154938
109.499936,240.226876,653.081665,472.446625
153.179379,233.524041,590.737915,478.059326
115.656552,226.477883,621.587769,487.231964
148.383877,212.410287,611.995667,499.023651
109.068661,203.204903,673.838013,508.930511
106.031918,193.595360,683.768433,520.869568
118.813992,198.592415,664.876404,508.721161
97.570889,193.999901,691.532288,512.727966
108.530331,196.324914,673.733032,514.345764
85.324612,198.168542,694.139343,514.471985
86.772092,205.675912,692.576660,503.102020
74.710660,211.633904,703.840149,494.142822
51.107632,222.455132,752.089417,484.866333
23.649045,229.146889,803.492920,480.416656
10.399319,229.794671,839.238708,481.594971
14.089261,228.381020,851.246277,482.668121
14.403622,225.105370,857.780151,486.838074
10.391476,216.779061,862.550293,497.519257
9.193020,211.313470,866.568542,501.133789
18.456204,212.353127,837.403992,498.144806
9.576810,214.330163,836.617615,501.525696
15.342892,208.698434,839.668701,500.222504
10.495480,210.203744,832.584473,501.380829
14.622891,207.155083,836.576233,504.525024
10.954495,206.562890,829.031921,505.788757
21.211972,193.290124,818.989380,520.226868
21.525052,190.936974,804.521179,520.946350
47.518582,192.543786,780.027771,512.974182
64.702939,196.967202,764.775269,510.673248
86.672482,205.871163,738.087646,502.260101
91.022824,211.070550,732.238525,500.029053
105.601773,218.088357,717.770569,491.638702
108.657040,223.675591,716.395874,491.320679
129.022580,225.544640,690.602783,488.286194
142.852231,227.666619,675.232788,482.346680
147.758908,233.217705,662.590088,476.852905
155.726285,236.563683,652.880676,473.148987
144.634274,240.539483,661.637939,467.484497
143.731228,243.323693,642.597107,466.796204
140.684994,246.255013,628.558960,463.299530
128.573483,251.621865,629.172119,462.001373
126.932400,252.932595,618.755554,459.622101
128.095822,257.122399,606.522705,452.359436
122.374478,258.230706,605.958557,454.503662
116.306271,261.722146,606.527588,453.228790
120.614682,259.830819,598.698853,451.545624
114.264920,257.532418,600.895447,456.274994
114.501736,263.005044,596.540222,452.744049
116.197293,261.834664,594.688171,448.585541
112.755490,264.838051,592.396484,449.263580
113.522397,269.531533,589.420532,446.695953
116.532406,272.367806,584.617065,439.630585
117.263394,273.937005,586.063293,442.173584
132.911099,282.186333,570.758118,431.463257
148.642819,285.950722,558.475586,429.509674
158.146573,292.991967,554.095764,424.291931
175.762265,298.780465,541.214722,412.680267
185.909146,303.562066,534.124329,411.192749
194.352688,310.823174,526.303894,405.726685
192.872555,316.113244,526.545898,397.768860
199.666623,318.768777,519.276855,400.218292
199.155362,321.670785,519.084290,393.118134
187.625577,321.380410,525.934143,390.475250
184.954678,322.442910,527.208557,393.668365
182.042691,320.061989,526.742493,394.437531
184.822537,318.545464,521.476257,393.587036
163.949002,315.574334,541.707703,399.296143
170.147092,311.117760,533.870850,401.982971
160.154172,307.113747,542.772949,407.686066
156.384488,302.823861,548.595520,408.028534
149.345944,302.966805,552.022949,412.283417
147.266934,300.185387,552.188782,412.733704
140.938626,300.484017,553.364929,414.949921
138.508084,297.032860,552.572937,415.787292
136.558041,293.859551,552.218140,423.225464
134.429745,296.585396,552.811890,415.612152
129.408871,290.556206,551.383667,425.411011
120.417142,284.905221,557.575134,431.236664
117.168027,282.540566,558.995239,428.380524
109.081143,278.493432,558.860413,433.244324
92.074582,273.094353,573.724609,437.129639
79.940854,269.757744,582.585815,441.199341
74.546231,264.047631,585.518127,448.391052
45.032559,262.901269,611.739807,450.692566
30.447598,257.137688,631.803772,454.179932
20.704312,245.323525,642.490784,465.727203
12.548398,240.349969,654.872925,471.658691
8.582821,231.474862,665.877808,480.543915
2.650601,229.190392,677.415100,481.038391
7.526730,226.683236,674.307373,482.773895
0.000000,221.283684,694.371121,484.814697
8.179793,220.331856,686.363831,482.795990
4.646315,213.963647,700.482788,495.021667
2.454726,210.214593,710.942627,494.347168
39.355025,205.876626,680.103943,499.126862
126.407576,204.427209,606.377991,499.161682
168.287916,203.509011,578.467407,499.807159
151.687331,202.283410,603.743286,475.257141
191.915175,198.534142,562.714355,501.607971
169.952956,200.223382,586.465942,432.729980
226.288771,200.307305,522.973511,422.376587
264.845473,202.661614,486.541260,414.842285
251.921339,195.627801,492.565796,412.243408
250.989744,192.994668,490.670685,446.615631
243.026167,191.336907,502.082458,451.643311
241.992125,188.285531,505.300446,398.862030
211.829726,184.253579,540.637451,438.025299
248.437315,181.337304,505.021637,439.022888
259.169600,178.410027,498.522156,454.360596
264.407439,174.897378,500.827240,434.514313
284.804884,168.509560,478.816040,458.022614
191.034804,162.677285,584.955811,385.368805
289.182829,153.753579,480.816986,452.630524
214.019728,156.425713,572.336792,394.663696
237.743666,145.193017,548.718506,451.323425
232.279219,143.545571,562.202576,382.430573
278.154005,133.822915,521.869751,409.570221
274.229170,133.520104,535.330750,401.461975
236.214461,130.119210,576.406555,446.523285
239.110884,133.792733,570.660583,377.986053
344.146941,128.936165,468.544281,437.337372
359.725310,133.640847,446.964935,396.456329
368.155455,138.786034,427.867584,350.151062
217.737013,142.150490,547.029541,390.068634
328.760145,147.673028,432.781616,441.898071
299.608336,149.449486,433.124542,426.185730
375.447768,155.659707,344.354370,390.187408
339.167616,156.866799,362.651001,470.992706
365.568648,159.793938,334.264465,525.035645
351.849654,160.474053,326.488098,520.559448
339.190718,160.379357,302.393127,438.373352
262.955031,159.172631,374.593506,476.448059
275.895216,165.643883,364.314209,508.317078
274.610411,168.408227,362.450226,541.455627
286.445891,172.525353,355.956512,526.389587
281.762862,173.403985,371.877991,527.433838
268.165556,174.313912,385.455414,507.980927
247.322584,181.065911,417.579102,490.365845
236.681059,184.005410,442.378021,479.599396
228.824263,184.953957,458.434143,447.002106
192.588118,192.565285,516.506775,445.552887
205.658385,197.694436,504.229034,367.485992
288.874525,198.367791,423.177612,312.610962
267.597075,202.673501,448.989349,307.064728
219.873167,204.254357,505.289093,311.602844
185.017622,200.608819,549.737976,311.780884
40.101485,201.036782,711.268738,309.469147
191.913863,198.249779,557.366638,287.494568
168.611067,195.760552,592.207214,281.911377
173.160261,191.883263,594.136414,272.603821
169.374342,185.970589,599.533813,266.962372
186.837080,176.546532,581.491394,270.882629
203.307478,168.857461,565.382996,270.899811
241.076765,163.198876,522.600159,270.647278
309.673369,149.685937,449.963593,262.102600
294.201887,140.868996,466.583801,265.361847
269.969801,132.249764,485.411011,262.280609
216.011854,124.697823,532.298462,262.077972
202.343825,118.379738,538.475952,258.416656
1.050276,115.044175,732.590637,255.320450
55.509322,113.408333,668.634216,258.173676
135.117659,114.941216,576.144104,253.586914
0.519453,125.028123,720.902283,252.208023
10.385176,129.389580,692.680115,256.305420
64.414198,136.519631,624.410156,260.237213
140.462202,139.319802,538.869080,259.651764
256.127898,138.584542,419.601166,253.068207
332.957503,140.625390,338.165833,256.793884
460.177809,150.652535,363.630981,275.168671
433.745482,160.419518,307.991852,267.621399
389.884047,174.753213,298.731934,234.767120
314.676070,172.961884,467.200134,228.686325
249.757307,169.058999,445.729187,241.610504
188.300917,169.734399,452.359009,277.728821
88.693434,174.190392,573.336304,239.211365
13.188917,195.056801,587.074829,210.759674
0.544218,190.495698,465.329926,238.755051
0.000000,204.673562,478.391325,297.500397
0.000000,239.858475,531.928878,248.623489
0.000000,233.596947,521.288139,253.114441
0.000000,235.062325,524.961574,243.680389
0.425840,229.921319,511.864166,246.138062
2.195356,227.908616,515.113831,231.946182
2.097151,217.883088,563.695618,203.925217
0.000000,207.970421,407.629972,235.838806
2.049575,210.400048,409.399353,272.709167
0.000000,199.004014,624.838424,240.291397
0.000000,173.811425,685.223136,304.202087
0.360683,157.049279,891.811829,265.495667
0.000000,167.683739,649.062923,244.769958
2.475218,172.740716,692.728333,308.476562
0.263456,182.267815,517.195312,287.592041
0.000000,187.957467,490.031858,317.291595
0.000000,189.698968,544.943725,218.583740
0.053390,175.704697,485.040314,255.831314
0.000000,183.473473,448.028778,284.377014
0.926315,190.485879,451.610229,281.319489
0.522278,197.641152,498.141937,277.388458
0.000000,204.939324,483.149124,210.016968
0.000000,205.431672,414.666450,244.081833
0.000000,195.973656,377.340748,251.744202
0.706903,174.366875,878.835388,310.671509
10.052790,156.497201,926.234192,338.685516
41.207270,143.312859,836.786804,354.059082
72.448755,134.870721,829.049194,357.377197
75.293665,132.549767,745.575439,360.479065
151.600397,131.194054,663.116516,362.494446
177.474817,136.490517,635.806396,339.504303
227.153925,138.979088,608.712341,284.750549
264.810083,137.512063,610.370239,286.043732
297.465357,138.435631,603.998901,276.986633
325.620783,137.354943,607.645813,295.369446
367.083643,139.911477,582.393188,291.115265
397.449427,141.797707,590.802002,288.584991
426.462671,142.910592,598.268921,270.391937
459.081324,144.288186,576.824097,289.625885
487.313868,145.872750,588.740356,267.774750
521.475702,145.064049,582.742126,275.926331
551.054316,147.603707,588.408386,279.732391
585.261225,149.718011,582.790222,276.534912
622.890924,147.241357,577.502258,279.483093
654.745111,142.205697,586.445740,293.897675
679.633966,140.859261,586.636780,305.677948
702.754724,138.127221,510.110107,315.857361
728.756891,140.348443,542.439026,308.401733
749.639948,135.832452,525.144836,320.065796
774.131678,135.901681,496.799805,319.149994
794.566584,135.077279,475.061584,321.364716
811.069223,130.702981,467.795563,321.238434
824.764460,128.280541,455.235540,330.027283
838.599317,132.983407,436.264679,329.284149
842.484097,143.994958,437.515903,319.379089
845.297194,147.486214,434.702806,326.842743
850.341132,150.679070,429.658868,314.507446
858.087055,150.756783,421.912945,316.987885
862.670908,148.944192,417.329092,321.657623
870.716893,153.834649,409.283107,320.872803
868.459536,156.318444,411.540464,308.346008
873.382631,153.387643,406.617369,308.746063
872.806794,151.144524,407.193206,310.637939
873.053971,151.491860,406.946029,313.203400
874.939583,150.443917,405.060417,313.665741
878.669193,147.228295,401.330807,314.790222
880.105043,147.214745,399.894957,316.730408
874.595094,146.611626,405.404906,313.972778
872.410492,143.901406,407.589508,316.879669
869.628067,142.298623,410.371933,319.029816
868.327309,140.651940,411.672691,319.302795
867.007008,139.086373,412.992992,322.938080
866.706873,138.311822,413.293127,321.332642
870.761441,134.962090,409.238559,326.509399
873.590971,136.042779,406.409029,326.439697
856.831390,142.400262,423.168610,319.809448
828.243286,144.423608,451.756714,310.102600
780.381500,146.483544,499.618500,304.427917
745.210281,159.095727,534.049927,305.482849
737.238235,164.720574,533.094727,299.478638
707.291916,166.090203,567.369080,298.195312
686.958328,160.351861,590.119141,305.616333
690.282455,160.957940,585.200867,300.145630
690.720871,157.521126,579.948303,303.889374
686.919022,153.226937,574.171631,300.636444
692.816727,138.738702,535.734863,307.044800
726.816696,125.576287,536.318665,320.608643
709.851303,110.755837,559.302917,333.661896
731.550674,101.739983,535.228394,338.508789
731.119278,97.516732,535.768433,336.760712
737.376266,93.846566,516.907776,334.633759
730.954788,93.163705,543.885254,346.742645
735.622833,92.140496,501.185883,338.122559
734.685898,94.927270,536.764343,348.578796
735.265823,105.895486,536.446045,334.085968
705.912125,135.312264,565.322632,309.731659
723.751053,139.999978,533.952148,308.314240
714.539444,133.678490,542.186401,309.605408
714.528702,132.751763,543.710571,316.248169
724.756393,128.733483,543.357239,319.782532
733.323471,116.328469,531.793640,331.169464
734.882400,104.763543,529.062256,339.813721
738.588516,98.544366,439.438965,323.158813
743.930252,93.766137,522.867554,343.688660
725.740799,89.190133,530.002563,331.098480
721.185226,89.140893,554.212341,358.890808
730.832138,88.166466,539.788391,351.847961
713.866348,94.667260,533.064209,324.223572
704.489578,100.209923,569.001587,341.917297
709.130478,97.710168,522.630432,317.700989
706.357590,101.124764,489.519958,321.978973
708.657364,103.299004,564.492676,346.634277
701.521484,102.305291,506.090118,330.904175
707.753403,105.263039,558.270813,333.761383
702.172073,118.050790,542.600708,320.785980
713.471817,119.482537,521.205078,326.807251
706.673965,115.334954,469.597046,318.572021
715.895553,113.307000,550.793152,327.860962
701.093811,106.431328,494.450226,321.730225
714.127396,101.425805,556.718018,337.429749
710.942337,93.298592,485.365967,326.148773
722.407944,90.188866,554.188416,354.287781
719.207779,82.036233,544.367065,349.135284
717.919601,77.382821,539.332336,349.210175
715.424881,76.852425,509.536865,337.328583
714.567673,75.829400,562.644836,362.174683
708.648209,74.407586,561.838745,351.610352
715.034286,94.375085,525.736267,326.896057
702.630875,115.853738,571.599976,323.852570
697.698471,117.189690,547.436462,310.705322
692.447586,115.294167,573.948242,327.745392
681.091171,96.274499,528.498230,328.257385
679.332230,91.333764,584.872070,353.655701
675.689255,90.292916,585.307922,348.502045
672.692154,91.854928,587.896606,343.028656
670.698822,92.079934,509.026093,334.551056
676.456619,90.634789,594.829590,356.186707
662.312332,92.080773,606.874512,355.013000
666.900284,95.661202,583.627808,342.591400
659.259384,93.735161,591.513367,349.079956
657.752640,92.575509,610.622314,357.971283
650.600967,93.382195,622.243530,363.785400
648.173294,92.713174,627.001709,363.814362
645.566818,93.827859,625.545227,361.018097
637.482803,96.208260,635.659546,360.307831
633.172867,99.173867,636.196899,361.125153
622.235458,109.822289,639.664001,351.545349
619.164322,111.012337,638.062622,344.053925
604.699997,111.111275,651.540100,341.089935
599.570633,110.192925,649.599609,342.689087
593.013138,111.026086,672.269043,341.750793
592.339188,109.418114,671.402832,340.399353
590.810348,122.730263,676.224915,325.225983
583.502731,132.345910,593.894104,306.299377
563.042480,148.803002,494.948273,240.266541
546.298080,149.209130,664.654480,244.030701
572.182938,146.267480,641.879150,251.357971
581.364029,145.495583,606.097412,268.904083
597.069473,143.378792,573.890869,277.077850
611.848282,146.794839,547.503540,266.089264
620.845535,147.056801,493.361694,260.342316
635.957596,157.808144,416.833618,285.996979
632.015732,160.674187,422.473328,279.268921
648.074371,146.331994,339.583832,287.192200
658.965423,150.197167,290.134613,302.733582
674.787865,168.978783,196.127060,272.496765
678.953407,173.841637,254.071121,258.838806
657.802643,181.048165,292.071625,254.834930
612.037933,161.978051,345.587128,279.576233
568.887360,89.813210,388.424408,353.167633
600.994354,192.984025,352.944427,237.156448
608.046997,208.511330,346.567047,226.372711
613.778809,212.773209,365.325836,216.415237
599.156204,211.401025,423.497559,218.766174
590.913040,208.764336,460.631104,213.789429
603.420242,205.557496,487.758789,205.218735
611.981857,201.340172,515.407776,234.396912
624.050186,190.081841,540.538086,249.246216
625.424972,186.845582,570.163269,244.882553
636.547470,175.612809,588.608337,217.901199
597.693130,157.499116,656.836670,221.953781
518.397171,114.727044,747.348389,267.895386
522.528366,97.260155,752.607239,325.845520
538.777328,113.765114,741.222672,304.702301
662.350639,161.551362,617.649361,254.406662
756.210476,160.965874,523.789524,257.880737
816.058866,162.505593,463.941134,244.770660
828.204558,170.898675,451.795442,231.956909
664.696823,172.911507,612.069458,203.187225
631.727035,162.879899,648.272965,226.148148
628.194603,132.927499,650.989319,280.815033
624.707512,148.559823,655.292488,286.995697
619.336697,181.780236,659.938904,256.368835
638.194820,187.358643,638.701904,241.257919
644.414425,185.990006,633.820435,229.712723
648.757778,199.719300,628.308289,220.983749
650.721950,194.028870,624.142761,224.447617
656.903591,176.609475,619.473328,205.152130
693.304561,179.774544,584.527588,271.031097
686.696316,203.452874,592.039490,253.880859
668.776852,227.771897,611.223148,234.148087
692.916685,225.461976,587.083315,234.606796
692.911498,228.121514,585.058289,183.302490
706.793822,214.288521,570.424011,204.673309
730.735381,216.012383,547.846558,236.578003
740.847381,232.267594,537.588989,204.984818
731.416472,235.518922,544.948608,212.737045
719.578002,224.135743,559.157043,224.602646
749.650084,207.533105,529.564758,176.075134
768.498168,192.170327,507.717224,169.650543
799.171355,187.952370,478.895020,243.460724
801.010268,197.414719,476.911041,241.133438
812.469283,193.166909,464.269135,245.402008
811.623748,188.134461,464.425415,241.079941
791.267150,175.682419,488.690979,253.020035
771.375060,170.965661,506.579041,265.082092
764.464934,164.360329,514.217163,265.599640
749.431975,148.924905,530.568025,275.496857
724.837753,140.981148,554.796265,280.230316
749.311904,141.821160,530.688096,289.121582
752.144615,150.024758,503.435394,274.559967
722.896873,155.571023,490.791473,269.259430
838.794334,152.807442,357.447723,267.668427
955.591476,145.717141,222.959274,292.270782
943.781303,146.200356,224.341095,329.980988
938.185158,146.176644,222.663757,331.842987
928.960815,148.672997,225.923843,326.392761
920.344253,147.749276,238.533432,337.334564
908.761360,149.457833,267.449951,329.779266
899.099693,153.335046,277.016327,327.456604
887.030525,144.648080,288.040527,342.563934
869.539177,140.629357,308.019440,348.845642
860.849983,139.172692,320.622681,340.451599
850.284523,140.193703,323.748474,338.159210
845.467277,140.000207,321.188019,330.082825
839.057091,141.497658,327.883514,343.386017
837.652641,143.604928,332.127106,330.129730
824.026756,140.576180,351.250214,344.934296
810.582512,134.029275,377.287872,343.587189
795.095482,130.330071,400.394012,355.207764
787.342735,127.544289,433.176117,355.589142
786.497764,130.360436,441.024139,352.860291
780.651130,132.250497,446.033203,353.472992
782.307655,133.903908,448.903870,355.594635
781.611381,136.162133,448.828888,357.096497
784.750847,154.537514,455.703156,340.587433
786.209602,181.645196,443.242065,328.979248
797.248527,190.294930,405.920074,321.636566
800.371254,192.416497,395.897522,316.037231
802.263939,195.063454,395.953827,314.049713
802.002418,198.181405,396.612732,314.016327
798.636024,196.072549,407.823059,319.217438
767.619911,178.396813,466.183899,337.228699
745.889427,159.202553,509.352020,353.289948
731.145759,151.919518,539.782715,365.785950
730.380043,146.528573,548.447693,372.768524
733.974037,148.740868,545.879822,373.667908
732.477852,150.481713,547.522148,373.435486
731.823978,151.020867,548.176022,373.686523
733.481996,156.588006,546.518004,375.348877
728.132600,201.355096,551.867400,330.722412
716.101975,224.636941,560.504578,301.291779
713.119004,225.587670,561.194885,304.508972
716.545365,227.362221,557.992554,303.571686
716.992966,226.891869,557.345398,303.402039
716.236527,199.361901,558.404419,332.052795
713.073502,166.692910,560.844727,361.049957
707.333573,143.082665,572.666427,384.143494
707.016670,137.921456,572.022644,385.608490
704.620766,139.418542,573.532471,384.064514
711.354927,137.569771,564.173523,382.855804
713.652016,139.020943,563.364502,380.576752
716.016823,137.142281,561.346069,383.542572
716.796639,153.597588,563.203361,368.994751
704.670963,211.214196,575.329037,315.073547
699.275362,239.097481,577.837524,288.474457
703.785372,245.144662,576.214628,285.831268
702.700639,242.360406,573.851624,288.244385
707.851518,241.835564,569.048767,288.579102
714.096391,239.036278,562.070251,291.191833
723.757890,228.985406,556.242110,301.643677
732.264809,222.083764,543.798828,308.990540
736.503579,219.814614,541.657471,308.016022
736.725167,220.521584,542.913879,309.654205
736.157479,220.000832,539.333069,305.844147
738.929513,219.600472,538.778625,306.356171
746.526986,228.572915,533.473014,297.722321
746.269535,260.051064,533.175415,268.961090
747.988926,263.139672,532.011074,261.799011
752.819658,260.071023,527.180342,265.037750
755.336434,257.436684,524.450500,267.800446
758.211526,255.972985,521.788474,268.665344
762.355794,252.032036,513.048279,273.821289
760.965657,214.133889,517.509094,311.663971
755.206563,194.365060,522.446350,331.006317
758.211873,186.322671,520.792908,335.119171
759.104329,182.993462,520.895671,342.480469
759.254282,183.245324,520.334290,340.236755
761.576487,182.593499,518.423513,342.270386
764.248754,183.642220,515.751246,342.304779
769.654406,199.545067,510.345594,329.688538
756.121820,240.112969,523.878180,285.905273
762.102444,260.189492,517.494934,266.225128
763.068112,258.702752,516.931888,265.653320
767.662932,257.825997,512.337068,265.708588
771.510253,254.829079,505.982513,270.048615
776.510070,220.141915,501.779999,305.506317
777.615447,185.697777,502.384553,337.588196
777.047134,167.353066,502.952866,352.268097
781.458671,160.924813,498.541329,359.925385
780.906032,162.228875,499.093968,358.383423
783.615416,162.483254,496.384584,358.465973
787.598433,163.647240,489.399261,361.120422
788.031142,168.699547,491.968858,358.489441
791.156837,189.926049,488.422058,338.047668
791.114250,213.779092,488.885750,315.226349
787.825878,215.026894,492.174122,315.378082
788.832128,216.291741,491.167872,315.208496
788.921222,216.946206,491.078778,316.228790
789.315774,218.650170,490.684226,314.718933
786.726659,229.389947,493.273341,303.704590
775.767794,249.636544,504.232206,281.915009
773.780381,254.768578,506.219619,278.929871
773.908730,256.294228,506.091270,276.232208
774.981556,258.452981,504.985291,276.494537
775.444020,257.828561,504.555980,276.641205
776.797495,258.014046,503.202505,273.561737
777.282674,262.073418,502.414032,272.088379
775.614110,262.997964,502.863586,267.804352
776.046788,263.393578,503.953212,268.797180
776.595919,262.363335,503.404081,271.372559
777.100587,262.660287,501.951263,270.531586
780.587220,262.231240,499.412780,270.874786
781.667893,261.271004,498.003387,271.778168
783.376664,262.546014,496.623336,275.927979
782.299065,262.329354,497.700935,276.566132
780.832195,264.388528,499.167805,275.601715
775.354727,265.585656,504.645273,274.732605
772.554042,268.241234,507.250061,273.100403
771.862224,267.567727,506.106110,275.634064
770.619151,267.096398,509.380849,277.168396
767.876638,269.530739,511.550934,276.152374
767.167699,275.923623,510.920471,270.140045
761.970037,282.626748,516.808350,262.872833
761.729284,282.484627,518.270716,263.640839
761.589984,283.195275,518.410016,262.659485
761.683236,282.887231,518.316764,261.338196
761.971043,283.072335,518.028957,261.773773
761.724749,284.192818,518.275251,262.011444
763.304727,282.827874,516.695273,262.464600
763.695363,283.452019,516.304637,262.646851
763.620875,282.812661,516.379125,262.687042
760.705793,284.002099,519.294207,262.867249
761.985129,285.171273,518.014871,261.594086
763.604198,284.779046,516.395802,261.263672
771.714483,284.544884,508.285517,262.521179
780.308200,281.435876,496.219177,264.912903
784.577472,280.620034,492.475189,266.758209
787.985400,279.645608,491.699127,267.969025
789.121188,278.054574,489.411072,267.629486
790.606189,277.315591,487.759674,268.990997
791.391314,276.544320,488.216766,268.182709
787.798312,271.629052,492.156921,274.759094
785.454058,268.507760,494.545942,276.731659
785.965082,268.743600,494.034918,278.857758
788.040204,268.853097,489.753571,273.140961
788.639310,266.501107,490.467468,277.794647
789.577573,265.965783,489.619385,279.402527
788.218075,260.835992,488.958008,283.515991
779.844128,250.461587,497.107758,292.362335
778.757306,249.913399,499.592316,292.351654
779.327344,249.950555,499.861420,289.791870
780.363171,248.764977,498.493378,293.475891
781.191434,247.743478,498.594666,291.692841
783.797345,250.690011,496.202655,288.840668
780.480856,258.940972,499.519144,278.015747
778.582484,262.424554,501.417516,273.260620
779.399122,264.413415,499.708069,270.442200
779.056333,264.949425,498.218964,271.252747
777.370740,268.785439,502.532043,266.982330
761.757276,283.170045,517.120300,254.323593
757.518293,295.615616,522.481707,238.551224
755.258628,301.821984,521.737000,230.654602
749.192466,302.932000,527.498718,227.703857
746.437064,306.145348,532.368652,224.944275
746.901603,308.153863,530.523071,222.577271
744.001609,308.035714,535.998391,222.232391
745.360851,308.332642,534.639149,220.239365
745.617284,310.813210,534.382716,219.203278
751.645739,307.444459,528.354261,218.359238
755.833887,307.032639,524.166113,218.557388
757.102215,301.396859,522.897785,224.291962
754.313895,302.036126,525.686105,222.614746
753.815944,302.148354,525.382202,222.115997
755.491817,302.661362,524.262390,221.639053
761.401393,304.600564,518.598607,222.341461
782.677915,305.289521,497.322085,219.886398
797.087828,300.519623,482.912172,225.826096
801.411895,285.504479,477.687378,243.959656
801.527114,274.611108,478.472886,255.827576
802.960426,272.464745,477.039574,257.820374
806.485599,275.752137,471.207367,253.796005
806.350666,273.830468,473.043152,254.276550
809.490040,277.919861,470.309448,252.898422
808.911213,275.900826,469.977112,255.645477
811.997562,280.796700,464.849457,252.007416
810.146000,292.948014,468.287933,240.127029
809.277546,293.219178,470.722454,241.282333
807.786920,294.723450,467.737030,241.301620
806.617624,295.523690,471.966248,241.998993
804.895899,297.029259,475.104101,243.921936
790.992352,298.712495,486.328064,242.829269
783.626843,297.012147,496.373157,244.798935
782.425055,293.381539,496.421387,249.567841
778.991339,294.364205,500.253174,248.858978
778.367850,294.900376,500.427277,249.197037
777.720099,296.307221,500.717896,248.031784
775.376654,294.567414,504.623346,251.060715
774.145435,297.696686,505.854565,250.543259
774.317667,297.341439,505.050751,250.817474
775.071466,296.503205,504.095886,253.127975
777.160867,287.114525,502.839133,266.753845
779.050313,284.670174,500.949687,269.962128
778.438288,283.265603,499.282623,272.292267
778.437205,283.309853,501.562795,272.259796
778.899831,283.060052,498.374115,272.880493
778.625920,282.480447,501.148621,273.085114
775.893499,281.839593,501.423035,275.345093
774.162694,279.244698,502.450928,275.554779
777.148702,279.020669,502.064606,275.814972
769.647115,273.638940,507.313995,280.703796
764.093236,266.206307,511.346313,288.777191
761.408696,259.618783,516.027771,290.356659
766.143438,250.011208,513.223206,302.661285
767.561650,234.526665,512.438350,315.990845
759.014376,232.916939,520.985624,311.999603
756.611009,239.500802,522.143921,309.463593
744.050096,237.270165,535.949904,313.299133
726.008385,234.592904,553.991615,311.988007
724.686505,232.256798,552.081177,326.371155
706.273541,237.204842,572.769653,335.028778
594.033551,248.773522,684.382690,318.756165
708.377789,252.746621,568.516235,325.800446
717.873791,255.368401,562.126209,329.518311
723.978460,262.261803,556.000366,324.295959
701.822210,262.086205,577.094360,334.539246
695.192633,249.577798,581.752686,349.060455
693.540289,253.897469,586.459711,345.536102
686.913333,255.884652,592.426758,362.905975
700.197085,254.909554,572.919067,370.465057
682.455234,254.969094,595.322205,371.786896
506.511661,249.341469,635.667847,353.633942
466.857883,233.342980,590.179260,387.608215
474.417331,228.211068,470.935852,373.322723
656.743152,229.094933,270.685333,351.897278
649.547183,235.902764,273.116333,361.982178
588.738666,236.949013,353.131073,406.039581
520.722491,240.404549,433.725800,345.835907
405.637546,236.184472,548.959045,382.790222
370.078494,230.857476,605.026855,383.194946
285.309329,233.697610,681.993652,358.773712
291.959140,231.894646,664.338806,349.461670
279.976565,233.915948,675.757812,324.850708
268.449954,244.977685,677.969727,303.492371
230.416385,248.254433,712.647217,294.418121
227.679416,252.200524,726.282532,288.504211
202.471774,255.932656,745.626038,284.797272
201.594516,252.418008,740.594666,288.269684
201.952396,247.415429,732.953857,290.716736
198.932254,245.379967,725.477783,289.106750
177.572269,234.163018,749.705322,297.301636
183.048678,231.527276,737.663391,298.636108
166.755435,231.471200,736.314575,296.248993
173.266879,223.393059,730.737488,301.509033
172.179050,220.434670,707.190735,305.227081
149.287601,218.986779,718.278076,300.926086
134.925326,220.544335,724.306335,303.344910
124.372378,216.211083,732.921021,300.909119
67.190341,217.231576,780.479675,307.993378
65.690036,222.080163,783.311829,300.658997
56.710116,218.503930,776.742859,299.671326
67.953403,224.628731,765.803650,294.125336
46.588779,221.240472,772.687195,301.869385
34.259830,224.400445,781.623413,300.312622
15.459964,216.860161,795.068115,308.663452
19.572360,216.354775,777.696350,313.964996
17.647220,214.918618,776.309082,306.093658
8.982150,207.886437,791.113098,317.474915
6.432437,207.378915,761.024048,312.575897
6.343387,214.053139,793.769043,316.095367
0.664279,205.295495,766.827454,314.407043
6.969760,211.239464,744.043640,315.477600
4.370334,206.454903,745.044739,315.513519
3.763827,207.058861,736.672791,318.568787
3.445682,204.786629,733.203125,317.304169
4.214816,208.689355,724.516174,325.166199
4.316501,206.997109,718.410461,320.922760
8.025912,210.760323,707.115906,317.022308
3.854159,209.949990,707.585388,319.611725
2.574832,212.821023,705.095947,315.093781
2.773044,212.303292,688.416321,323.643890
0.000000,216.621834,685.826968,314.908173
0.599184,211.896584,668.978210,326.612335
0.000000,212.225167,671.122194,333.114594
0.000000,218.642525,665.112519,330.020111
0.000000,221.359490,655.210038,331.586670
0.000000,226.803567,655.474098,334.788116
0.000000,234.738930,645.958119,333.573151
0.000000,241.719613,638.720301,335.806610
0.000000,240.773858,639.288434,337.088013
0.000000,249.698846,636.413870,333.934814
0.000000,250.868798,633.414943,342.425964
0.000000,254.987771,636.373609,342.397003
0.000000,265.951729,618.880439,341.426117
0.000000,275.782799,624.550662,338.427063
0.000000,275.489205,626.260500,340.032806
0.000000,276.920449,618.904237,337.665192
0.000000,277.838082,623.286927,343.224213
0.000000,278.207558,625.117981,342.572662
0.000000,273.623192,628.168305,347.612244
0.000000,271.336892,633.563522,347.079132
0.000000,265.373055,617.151238,358.097382
0.000000,264.023186,646.774136,356.329834
0.000000,254.279183,634.102217,361.923065
0.040519,252.103356,620.784119,355.564270
0.000000,247.632088,629.718986,351.725067
0.000000,240.437325,645.620510,355.005707
0.000000,231.838235,644.832990,361.107941
0.000000,220.889245,642.675528,369.243713
0.000000,212.954476,655.593044,366.326874
0.000000,207.632104,654.202894,371.953552
0.633612,202.067132,639.976685,371.388428
0.000000,189.492654,641.976935,375.429474
0.000000,181.932229,652.080265,381.558624
0.000000,174.813164,655.833162,383.747681
0.000000,166.830636,670.455705,383.865570
1.465004,161.919808,658.427551,386.978241
1.881722,155.197442,658.965698,381.816040
2.643746,151.671593,657.564209,393.162659
0.000000,147.957787,662.339974,395.710632
3.370945,144.820580,662.764832,392.144714
2.607426,146.090523,657.898804,391.153656
1.606053,144.802972,661.249451,394.155762
0.000000,142.241173,667.309941,397.465881
3.276369,133.846963,659.918335,403.022125
0.000000,135.119363,667.625246,402.510040
0.000000,134.689919,658.946199,404.990997
0.000000,135.760903,649.878464,427.723053
4.142266,146.285851,641.324402,411.867004
0.000000,156.832619,637.658776,419.525909
1.256664,174.809777,623.393005,408.246399
0.000000,188.295006,621.410381,406.481750
0.000000,206.557763,615.993185,384.067566
0.000000,217.682107,606.065806,385.891388
0.000000,207.238213,607.921239,399.357300
0.000000,244.616601,606.669696,365.143738
1.034097,202.834969,617.568054,406.034882
0.000000,230.321725,606.117135,385.481537
0.000000,217.568612,605.188267,396.578827
0.000000,213.549370,596.433215,402.611694
0.000000,215.894509,596.900628,400.575714
0.000000,206.239937,600.868069,416.238129
0.663863,219.142922,602.487366,398.875763
0.913252,203.442895,596.618225,415.390320
2.431837,202.841698,598.608643,416.163513
0.000000,178.842400,600.661421,422.360596
0.000000,202.411996,593.145682,404.592743
0.000000,198.154137,591.922725,410.145813
2.619596,190.112282,584.778015,416.566681
2.400816,187.757851,584.082520,413.753082
3.195768,184.823342,588.936951,419.675079
1.725309,185.143578,586.088562,413.490662
1.044645,197.022454,573.570496,406.407471
0.000000,206.220650,559.607878,395.073822
0.000000,210.754327,555.005629,399.864624
0.000000,217.974267,551.013648,392.928406
0.000000,217.017281,552.022327,401.743256
0.000000,221.351144,555.704950,404.918549
0.000000,228.423241,554.977902,408.602478
0.000000,237.064995,554.466795,398.401489
0.000000,236.340493,558.409484,396.672516
0.000000,227.873391,562.002075,422.053253
0.000000,247.679742,568.216125,393.200562
0.000000,244.048745,589.880524,396.569977
0.000000,252.186104,606.483536,393.700775
0.000000,245.377846,610.172188,401.042389
0.000000,258.812615,602.243992,390.551270
0.000000,247.896142,605.629412,398.159363
0.000000,244.572884,614.710793,407.971161
0.000000,230.159173,605.895833,413.800781
0.000000,234.731606,610.178690,407.058502
0.000000,237.585564,602.376302,411.279541
0.000000,234.000100,602.317668,407.993439
0.000000,242.629937,601.704793,403.557007
0.000000,240.000100,603.889231,408.574249
0.000000,236.304543,599.268163,414.361115
0.000000,239.422417,593.444262,401.736694
0.000000,240.559014,588.927911,404.168823
0.000000,237.769509,587.840146,419.630646
0.982725,237.646371,579.445984,405.366425
4.424132,235.882775,572.218445,404.469299
0.000000,226.869363,569.595610,420.402863
4.633437,209.990822,550.169312,433.257111
0.000000,216.892281,544.212417,423.497650
1.393776,207.996468,540.642883,425.859100
2.612068,202.029030,542.025635,439.291779
0.000000,198.566521,543.047279,437.661133
0.000000,196.748055,554.434925,441.050018
0.301660,191.840737,564.688782,445.973541
0.216852,176.221459,572.166016,459.647156
0.000000,181.775231,582.699823,453.598206
1.529782,166.104439,587.204712,468.313812
0.000000,181.664757,598.134702,449.159241
0.000000,189.606744,599.781126,443.022583
3.793426,165.231164,598.141052,469.646545
0.000000,171.461983,614.026427,467.926117
0.000000,176.055459,620.810882,465.448395
0.000000,155.907860,619.093185,489.804138
3.333061,134.544808,621.659973,508.552704
0.000000,117.774346,643.534782,518.797241
0.000000,119.898019,636.704250,510.885834
0.000000,93.266991,641.160933,541.556824
0.000000,113.073571,638.711478,511.307922
0.000000,97.473382,640.229488,530.862061
0.000000,117.908700,639.049986,505.226044
2.430053,87.887566,649.492126,531.237305
0.000000,100.660973,636.972594,521.684387
2.977966,83.298363,648.237610,535.333435
0.000000,112.195351,638.275085,506.869781
0.000000,99.694329,651.015747,515.731201
0.000000,97.396020,647.344604,515.731628
0.000000,107.431618,639.884399,511.449249
0.000000,97.984002,642.919647,518.754639
0.000000,101.191308,637.538254,512.216492
0.000000,93.038781,640.866051,525.012756
0.000000,113.528756,637.666149,507.814301
0.000000,88.130974,649.352911,531.064209
0.000000,124.412102,633.388461,494.279785
3.019731,101.929864,641.283569,519.495483
0.000000,125.444909,637.339372,498.686829
2.487832,101.672600,640.615906,518.997559
0.000000,108.361458,641.893746,511.932098
0.000000,126.147713,636.372685,500.231415
0.478304,103.881280,644.357239,523.445190
0.000000,114.768181,638.423464,515.400146
0.000000,99.616753,641.085359,534.787476
0.000000,138.052743,633.601273,490.084686
3.203530,116.286355,640.078979,510.647736
0.000000,135.750863,640.745949,500.564178
3.449574,107.071801,642.550659,528.848083
0.000000,118.211419,639.962483,521.389893
1.071360,114.710290,635.793640,525.628479
0.000000,123.989037,633.008860,523.674744
0.000000,118.147393,644.748662,529.803345
0.000000,135.438698,643.174807,506.309601
0.000000,116.167016,645.783235,519.375427
0.000000,135.572671,640.924943,502.985260
0.000000,122.981042,649.104653,522.228821
0.000000,129.218438,648.827229,512.515747
0.000000,131.790673,645.132181,508.818298
