744.000000,253.000000,167.000000,115.000000
736.934441,249.560871,168.954544,114.454674
734.049194,247.356773,168.022705,114.475967
731.241028,245.768547,167.153625,114.589188
728.820824,245.575516,167.070572,114.177277
725.984955,244.333389,168.546570,112.921722
724.169838,244.076393,169.116623,112.813156
721.273895,244.497715,168.568237,112.300774
718.781380,243.615601,168.562057,112.521240
716.641815,244.111820,170.701355,111.502495
715.043060,242.252914,171.765869,110.745941
715.945496,241.105812,170.151306,110.900497
716.329269,238.814766,169.427704,113.145309
715.852440,236.424202,168.436905,114.824142
715.401443,233.881428,168.688385,117.119957
715.489288,232.551491,167.552307,117.219772
714.399414,230.412422,167.629333,118.152206
712.744850,229.586243,167.306992,117.501282
709.652916,226.204376,166.568741,118.089783
707.495750,223.581177,167.522171,118.468384
705.186974,222.104263,167.672134,117.344513
704.426689,219.738010,167.378677,117.428703
703.902298,218.050011,167.938812,117.099442
704.182312,216.250751,167.650452,117.454613
703.521637,215.584644,167.955444,118.140160
703.419464,214.353416,168.977112,117.879105
702.568161,213.715145,171.425629,117.684212
701.603027,212.780170,170.490662,117.100548
702.796608,211.008316,171.195297,119.036224
702.494606,210.489983,172.179245,119.353714
702.474815,209.912933,173.238602,119.784119
700.981720,209.721123,174.140503,118.907486
701.292603,209.480110,174.010498,119.081772
700.833488,207.990997,174.425369,119.360168
700.072372,206.708328,174.583771,119.940338
699.762802,205.478050,173.606537,120.956619
702.029358,204.977417,169.765381,121.823914
703.399597,203.312592,169.478882,123.223328
703.720856,200.658718,168.574768,126.887581
703.947983,199.122772,170.687775,129.748291
703.873314,199.532234,171.541824,130.403366
703.133133,200.528858,171.525482,127.954063
701.658096,201.430401,167.753448,124.670570
700.018021,202.106419,164.238373,123.529961
698.736008,203.705269,163.150482,122.331161
698.469994,203.662663,163.416214,120.829155
698.923767,201.577839,162.000427,120.734398
699.341522,202.138199,162.165588,118.512909
698.366730,202.513256,165.576538,117.688576
696.056053,202.219028,165.989639,117.293449
693.511086,201.261635,167.827377,116.982834
691.225960,201.850071,168.006454,117.193535
689.104698,202.457504,168.743546,116.710236
688.080734,202.013519,168.123322,116.442139
686.491615,203.306183,169.667282,116.091125
684.836021,205.456486,168.823380,115.480400
683.103485,206.515919,167.970642,116.098106
681.388420,209.582417,168.288284,114.867027
678.732941,212.994568,166.789429,113.142700
677.162758,216.912910,165.507431,110.738632
673.476273,220.425205,165.065033,109.160332
668.303513,220.384926,164.880646,110.312546
668.219910,220.807114,166.462891,110.356110
669.121964,218.571293,162.852325,112.312004
668.331825,213.956505,162.423447,116.753128
663.685188,208.220928,166.237045,119.817665
656.641449,199.274628,172.442871,116.026001
647.752853,183.977318,176.315338,131.102554
641.881805,171.958740,168.088867,134.744751
637.845551,163.424004,146.111328,155.348038
636.153526,162.632263,137.390640,163.960327
633.431801,160.256668,146.531174,160.912384
626.687508,165.421272,167.854050,138.927780
619.206978,171.932671,176.440170,136.038589
612.393242,178.329033,181.562210,137.639114
596.888466,180.299210,183.580917,120.874908
595.377686,185.749550,180.639648,101.804977
570.708832,189.217762,204.379883,101.587608
586.499313,152.126564,184.971832,163.010849
581.851303,193.165321,171.126129,145.144760
577.963219,214.105003,177.131546,135.253922
575.135239,221.034126,182.860992,134.833603
563.755966,224.062988,177.523468,132.775269
552.775223,231.703148,197.563690,125.188004
557.455818,231.671276,191.083420,124.981850
551.012253,228.533871,207.079437,125.202461
550.063004,227.651245,178.952240,127.267395
545.796745,224.082191,162.286697,133.368576
550.702324,225.096725,141.818985,133.069183
551.348442,227.901825,129.135941,130.352356
549.600513,230.035652,122.077354,129.420273
538.377106,230.287209,123.655823,130.293869
558.585789,231.902878,95.357719,128.730927
547.070705,233.834641,106.380440,127.334137
547.199120,233.573494,105.037247,128.673325
560.010136,234.823746,90.967461,128.358307
525.373646,236.853539,125.365196,128.259537
530.663147,236.258301,123.510193,130.664185
534.800385,236.581059,122.079468,127.075188
541.411999,239.708534,118.457008,125.733017
537.672199,238.888912,122.994530,127.410103
519.330521,238.777447,142.759613,126.301491
519.577759,238.166027,142.447754,126.604530
518.627769,237.854874,144.088394,129.244781
518.143120,236.861412,145.226700,129.121841
516.424469,236.182129,146.781982,131.633301
517.666420,236.116600,143.840500,129.956802
511.982674,236.172325,148.671799,131.321487
518.606491,234.658112,142.115631,132.908447
517.057220,234.255402,143.545837,134.017334
521.046501,235.687614,139.650589,131.487442
517.363434,236.258835,142.903137,131.522797
515.829361,235.435432,144.688324,131.891098
515.177605,234.562233,143.787247,130.404587
515.441559,236.019745,139.911011,129.447937
514.527672,236.680317,139.483170,127.870201
517.400116,234.578407,135.052551,128.916489
514.989792,235.482033,135.416962,128.285751
518.356331,237.111439,131.369919,125.853600
519.189323,232.170570,127.821609,130.785751
514.764931,236.341110,129.626511,128.149994
516.933453,238.836163,124.957191,123.949745
512.089264,236.674370,131.266724,129.260269
510.132397,238.860672,125.774879,126.344147
515.870811,238.528591,120.083206,127.153450
511.419987,243.661942,122.920769,125.468048
509.076263,246.683807,118.706604,124.361877
512.203232,247.081303,108.431854,127.233025
511.304714,252.902180,102.223518,121.571861
511.628872,253.607048,102.582649,123.676956
508.554363,257.731964,93.916298,122.755310
498.260376,257.845318,97.125671,123.923012
494.441849,259.667240,92.388458,125.199699
471.066818,259.992989,103.604187,129.822861
460.771057,258.499847,99.660248,133.469788
447.943691,258.577110,98.286476,135.322403
433.086079,261.887466,100.742485,134.310944
422.914524,261.073433,99.702721,134.615891
425.060070,258.312103,84.247688,136.871704
428.244797,256.596481,78.391418,134.543365
418.964828,250.844963,82.654327,136.497543
425.063175,245.534241,76.165092,136.754364
418.453491,240.615547,78.991302,136.314529
426.786255,234.611610,77.789276,137.223679
432.204807,227.691307,74.466026,137.658829
438.832474,225.568512,71.376282,136.751038
441.633812,222.125107,75.254562,138.367676
440.302662,219.097321,88.174919,138.396271
447.094112,213.140152,88.954018,144.669800
456.979164,211.880478,88.216019,148.625427
473.290207,211.515305,84.439087,150.555359
489.247871,214.223846,80.830338,150.251373
501.452625,217.945114,82.998528,150.377319
515.369419,216.581863,83.914940,152.031494
526.667664,216.136955,83.613007,151.490402
542.816738,213.768181,81.319252,153.912888
559.563942,211.943008,78.485306,154.481567
575.046001,211.333794,77.906319,154.872116
592.025787,212.447594,79.326996,153.115585
608.903076,214.991646,77.659760,152.993851
621.894985,218.313713,75.442848,155.939987
634.479080,219.418564,73.316650,154.210388
644.846848,220.876404,74.767273,152.852081
652.591373,221.212944,74.903831,153.223129
657.288544,221.582947,71.502777,154.386139
659.278011,222.499779,71.914955,151.667892
657.030643,221.171211,69.705101,148.506973
654.034622,217.865166,69.742401,146.049667
650.046432,212.560745,69.553833,147.492218
645.726425,205.548874,68.799591,146.516632
640.449261,198.295639,69.175880,145.894745
638.432835,197.780251,69.325127,139.483749
633.971565,192.730728,72.141342,137.717468
631.317123,188.769684,70.041870,135.325165
627.328773,186.169701,72.470139,132.877914
624.062492,184.351143,76.006607,133.310379
621.600922,183.505501,73.275909,133.202225
618.244625,182.038193,75.563423,133.708527
619.335770,183.472977,83.420502,134.482788
621.257862,191.783508,77.519737,130.630219
621.972416,196.607285,83.134514,130.905762
621.249977,206.684753,76.582626,129.230804
621.845951,219.404930,82.607506,126.908676
625.194233,227.679523,80.420158,127.297173
628.740997,237.335762,83.814972,127.598770
632.174686,248.216412,77.529930,127.799995
635.344780,263.066437,85.246017,128.145966
636.357895,270.268982,76.290649,130.597565
639.504810,284.993797,86.777092,125.099289
643.822506,291.350136,74.991615,129.081314
643.364281,291.459206,76.321365,133.375168
638.740017,293.684174,78.114265,133.525330
634.095966,293.724838,75.600151,133.106476
627.280769,286.557259,74.062515,137.273270
614.357872,278.844551,77.020432,135.600052
597.076214,261.077011,79.386452,137.004608
575.942291,244.212540,77.497803,141.147034
562.220455,231.154701,75.517036,146.026199
548.949547,220.301598,74.372665,147.694595
536.337906,211.778442,73.650116,147.610352
523.214962,203.359749,74.057655,150.896347
513.067047,198.631737,75.156708,145.827530
508.421844,190.968048,73.810944,147.170715
507.744205,188.676537,76.505943,142.216446
512.577198,183.610550,75.888420,145.074188
519.483952,182.029228,75.127647,146.945755
529.112217,183.148926,76.386436,144.798584
542.830292,186.906273,75.791779,145.504593
558.465031,192.313217,77.164268,147.668854
565.345390,191.023987,82.401840,149.056580
573.608620,184.788788,100.537247,155.482544
587.578049,171.295891,100.709900,165.042435
617.994850,142.784332,88.346024,192.772156
600.556782,125.807991,117.262627,194.779343
626.124535,110.590904,101.338852,149.322830
564.157501,98.398125,144.987946,154.597000
589.257622,90.160263,159.457870,210.966156
620.009956,81.665382,141.127701,225.367233
600.550720,75.789505,192.315643,225.886871
595.182564,63.869461,176.203934,233.233063
605.393387,82.178123,146.978027,207.289932
614.775024,80.545380,150.739960,202.772095
595.561409,74.615448,150.257950,188.651245
577.723846,82.709663,141.366547,155.383102
555.429771,102.590385,147.592758,133.189590
557.516602,113.830673,159.539520,144.613800
519.721100,129.270866,177.453522,142.108231
516.957680,150.384293,203.803360,141.759552
525.677666,181.486977,162.165146,153.616257
523.269051,183.098473,171.655350,184.503250
512.428963,197.076996,165.598465,179.749146
512.743362,207.316612,165.072388,179.703751
505.658730,220.791618,166.270706,171.422440
496.858582,227.559708,151.245636,171.919403
494.232643,235.086571,152.065201,162.548843
490.225418,239.523544,175.934875,158.698273
483.551781,242.538933,182.934311,153.799576
479.359665,248.198883,198.708984,150.107422
470.508118,251.398972,215.624298,143.957428
462.214111,250.791252,225.547150,146.763138
462.222755,253.795250,229.736404,145.799576
467.112419,251.226425,231.181564,146.112762
470.803261,255.454956,227.684341,139.808289
470.114098,255.169746,232.412582,142.218124
472.391960,257.870903,231.059921,142.357681
473.875298,256.360741,231.456772,144.066483
474.439011,263.179581,232.804932,141.898956
478.836380,263.912331,231.745789,141.486069
473.664848,272.209549,236.399094,137.734222
473.935028,270.309464,236.307159,140.727509
470.396820,275.240402,233.449615,135.570892
468.484428,274.025566,234.790390,136.848587
465.201431,275.156128,233.870361,134.037903
459.160736,274.679459,232.852570,134.814484
451.262993,272.021545,234.353012,137.050659
444.161545,269.386116,234.799377,139.793198
440.036957,270.688942,233.097076,136.468124
434.029129,268.704926,232.697815,138.009583
424.283051,265.384529,235.039215,140.414108
418.658638,265.132774,235.147720,138.269974
412.491318,259.151192,233.504761,142.673080
404.163712,257.863617,234.882996,140.327515
399.389427,257.424568,233.436813,137.747360
392.960686,253.118538,234.425827,140.075302
387.076752,253.941650,235.508270,136.159302
386.189629,254.034515,234.706650,132.915405
384.821877,252.228317,234.274979,133.315887
382.840057,250.865768,236.697723,134.564545
384.097420,249.602219,233.636734,135.229950
381.501305,247.678688,237.480270,138.609177
385.823570,248.779961,232.238815,139.299759
381.369698,249.616226,238.212540,140.421906
388.264961,251.594238,230.394608,138.952393
390.278107,251.497185,230.995880,138.975357
394.996132,251.083229,227.158463,142.134323
393.862915,252.213982,229.127838,141.738541
393.080254,256.214836,230.174179,139.087234
392.184425,255.472610,230.021378,138.462616
387.672928,249.754715,230.889465,141.897797
387.114616,244.628342,227.085251,144.528046
388.558914,250.765923,221.218506,139.788406
396.384918,251.854660,206.824432,140.444855
401.451942,257.193985,199.059952,134.459564
404.561226,259.186531,194.896194,135.037521
403.848656,265.398567,194.110458,128.194077
400.307991,262.723373,199.721085,131.418915
401.619713,266.748344,198.678879,128.235245
406.102844,266.412834,199.044830,129.005264
403.696304,264.521957,205.344360,130.336395
412.480347,261.781303,203.095062,130.659805
429.816666,253.347366,198.369324,136.492523
430.401978,239.380959,219.761139,150.840195
444.467537,226.013916,233.703323,157.595032
460.591843,222.960663,231.170166,156.827637
478.343636,220.677063,225.612991,154.177246
497.197578,223.110718,210.335892,165.852173
520.446716,226.020264,196.810760,166.519836
517.945717,228.245239,207.968094,163.120728
543.761841,231.632439,192.026520,157.818924
564.452271,233.592941,182.982941,159.432526
578.659157,233.896675,181.756058,162.823349
586.588501,232.695770,188.055084,164.815430
604.859062,235.038925,180.074265,166.770782
618.464127,240.859497,168.228271,162.229858
627.165543,250.053345,164.929199,155.357361
624.279808,255.368134,176.381088,156.270874
601.963623,260.650963,207.869843,154.856094
598.679970,268.766510,221.520889,148.072388
633.899879,271.987350,195.688248,145.070404
643.246964,263.565781,187.664978,149.529633
670.471527,257.945656,159.969391,144.129257
683.884895,256.261391,148.045975,143.542160
693.033035,258.776543,149.862610,150.167007
708.045982,264.435837,138.099655,151.441559
721.894238,267.676353,123.580940,149.323135
729.604797,271.476006,134.696503,147.230118
747.367752,273.653404,132.429016,143.266983
753.255859,276.899818,125.239777,141.373093
754.292393,276.829834,112.793907,141.179504
758.902184,274.948044,103.570663,142.788849
763.972881,278.071457,94.855843,138.749969
767.063656,274.915268,89.308144,141.681427
766.432041,275.163475,86.020348,138.114517
765.156696,274.449509,84.327995,137.567719
760.997448,273.669487,85.158943,139.805374
757.076817,272.283340,86.394798,140.285614
756.472206,273.423409,85.486526,141.038925
755.814022,273.996361,85.918800,140.401260
754.508034,272.690506,85.507462,141.030365
753.067356,271.213234,87.029686,141.919479
750.121796,271.317131,88.440338,140.987625
746.831432,270.580421,89.885201,141.709091
745.132885,269.808311,91.783150,140.731033
743.336548,268.841347,91.555206,139.874680
741.488483,270.493172,92.906364,137.845444
741.466034,271.451958,91.846893,138.695389
741.475975,276.215454,90.405319,135.669312
739.659603,277.896576,91.151405,137.671753
738.235954,282.365631,91.043747,135.802246
736.784279,284.204224,90.702652,137.285767
731.925922,283.444588,91.691826,138.465561
728.323364,282.613785,91.598236,139.335358
724.740524,281.207458,91.516418,140.203857
722.797859,281.062950,92.414078,137.599136
720.051186,279.600075,92.772537,138.717697
718.488445,279.344307,92.413460,137.249557
714.200230,277.564651,93.812401,138.180084
713.182026,275.790939,93.507866,137.632050
711.756046,273.305023,93.499901,138.542419
709.983017,270.938324,94.636230,139.261963
704.511810,270.522766,102.352325,135.872009
703.868279,266.203011,107.040451,137.977768
712.329170,264.770287,102.968887,136.561783
716.805958,262.111572,102.335625,137.410645
721.109825,258.070671,102.057907,139.038528
719.969067,253.484917,106.861153,140.132889
727.516289,247.984482,101.530075,145.386566
729.005970,249.238625,101.275383,141.360397
730.331177,247.267044,100.746307,143.100433
729.077023,249.274948,100.941933,138.725800
722.534428,245.329765,106.277977,138.928604
723.803165,248.031212,104.416344,135.534683
719.693481,246.448387,108.345856,136.808121
722.584400,244.522530,106.248772,136.514145
722.721176,246.169930,106.636414,133.243149
728.547775,241.856750,104.585083,136.398865
734.221478,241.661903,102.377327,136.363693
736.550682,245.258835,102.715378,131.618927
740.567238,249.418236,100.997696,128.061783
745.743519,251.715137,98.075554,127.085289
748.047916,257.054707,98.212669,123.844322
747.746582,256.315205,97.018829,126.085167
742.786629,250.731926,98.071365,133.250748
754.475647,243.702057,79.579803,143.197937
734.850651,232.736893,95.287895,155.711273
727.814606,216.463631,106.693909,156.450668
706.515602,207.812340,145.499619,164.115067
712.027412,194.373497,155.121201,154.571732
708.193687,189.714859,151.052078,141.771576
701.136688,188.412407,160.674255,168.477371
713.677261,193.977180,146.751984,176.408432
725.340721,195.707542,143.499161,164.588760
739.398476,200.787254,126.410995,165.823380
732.195221,199.270134,133.854248,163.184036
713.267563,190.765160,144.563507,170.319229
693.510139,177.419395,165.949509,183.272842
693.103539,203.151146,164.673965,153.522049
693.339325,203.539780,175.719543,149.192230
700.145370,207.847763,178.435333,141.579681
698.736496,219.150131,185.753204,128.811920
688.883430,207.054695,193.488205,136.778854
687.932724,212.238880,187.918060,120.769981
685.509941,205.916592,178.988541,112.552010
684.676094,202.246124,173.872971,117.443115
683.572861,199.970776,169.938507,116.200966
681.034447,197.583122,167.187210,120.438736
680.168869,199.727436,164.946808,120.168358
678.985481,199.816196,164.284958,122.108757
678.376198,199.314045,152.027023,117.069481
677.675682,198.939804,161.911514,115.068695
678.019310,198.662926,166.213699,111.844376
675.984360,196.521297,163.599213,110.924019
674.053986,196.330570,168.733643,112.554008
675.023712,193.913055,169.027893,114.439148
675.984550,193.151085,168.284256,113.464981
679.894722,191.397087,136.534225,118.166946
683.058842,191.982471,121.746513,124.225121
685.037102,189.664284,119.035538,112.664474
683.790627,192.142838,117.086899,118.725983
682.741348,188.737919,113.919647,118.172966
681.589642,189.857723,118.192787,114.611763
678.822678,190.189182,119.596649,113.101921
677.291904,189.633484,118.982536,115.377686
676.987358,191.674660,119.611954,113.997482
674.058372,189.716183,120.806839,115.108040
674.303150,192.080173,118.550377,115.031731
667.538586,190.570305,119.399452,118.196304
659.932301,193.405334,126.625755,116.042725
654.870983,193.819450,122.667641,116.962906
650.125370,194.720322,120.525871,119.061554
645.029766,196.705906,118.405373,118.438103
638.030632,198.369385,117.925064,118.165833
636.678726,197.850758,113.138092,122.961998
634.774952,197.907223,112.167381,126.052986
633.841595,199.812832,113.085548,119.271126
632.132851,199.791103,122.711288,121.004280
631.248272,201.791786,111.568703,116.476913
630.332661,200.711578,119.148460,114.296204
628.857960,202.516972,118.146019,122.612175
631.775520,207.276237,118.822739,111.784805
634.721844,209.222477,116.887672,114.193779
637.273098,210.130497,115.278816,112.375298
635.838882,211.465855,116.501801,116.669670
638.492989,207.664242,116.875656,114.812935
641.398785,208.282970,116.740517,117.939552
643.451756,205.981201,118.172844,116.738770
642.130455,205.587406,116.316727,125.963066
643.375660,206.299362,115.613914,120.384918
641.757362,204.085464,112.872299,128.114105
639.976646,202.385868,114.315323,125.452507
637.613102,201.320210,113.307793,126.988914
633.348610,201.689945,117.092575,123.785637
622.866730,198.942852,118.761292,125.777748
615.986290,197.302750,119.071121,126.999725
611.427727,196.284576,119.210587,129.211792
604.172905,198.501839,116.652115,131.746994
599.422409,202.800446,113.907318,128.470032
594.053959,206.888321,108.380424,128.519135
592.289650,211.844677,113.246445,126.964516
591.407001,219.967709,115.008812,123.003609
589.925724,226.113003,111.568596,123.937141
585.794563,232.153934,112.719040,123.660149
583.160633,239.794926,110.072594,122.350090
580.178692,244.934319,110.125099,123.383987
578.593395,252.623508,115.934547,120.719170
574.490711,257.897243,120.902916,120.643013
575.280811,263.231052,122.626793,121.276848
571.440403,267.562195,119.185051,117.475037
572.495434,270.141338,126.016640,120.417030
568.760849,272.289680,120.722565,117.948410
567.477997,274.638138,126.296509,120.501190
564.304287,273.328060,127.134956,120.611763
564.507446,273.202137,131.017883,122.085899
563.316902,268.817764,128.165146,126.561859
565.564331,266.328594,130.409058,127.147804
566.462711,262.510529,125.818779,130.657715
568.138405,260.084938,128.010849,130.031113
564.363777,256.865784,131.433701,132.177917
569.390358,252.308762,132.591232,132.837189
568.381096,248.042030,128.849136,134.612106
571.463165,242.428474,128.166443,138.602585
570.270481,238.170464,126.403313,137.381363
572.869667,236.703140,134.318344,135.111298
574.214817,232.533661,127.650017,137.575928
575.374710,229.808701,129.197296,138.184235
577.392227,228.210075,127.860992,136.849625
580.157227,225.425621,126.555847,136.774551
582.079865,223.078575,127.669739,135.980240
582.020466,220.266205,126.526451,136.426392
582.383793,220.584030,122.903740,135.369781
583.383827,218.411873,130.892990,135.413559
582.977097,216.134636,122.633026,137.366531
585.019039,216.015320,126.082710,140.030640
584.022079,214.192497,123.426605,138.707108
585.338867,213.584549,123.460876,142.389252
585.984390,214.486336,123.084625,139.355759
589.732521,211.582634,123.348129,142.203629
591.748043,208.896881,121.848763,143.615479
595.449375,206.475960,123.203789,143.009262
599.698299,204.621384,121.165108,144.115326
603.074245,203.066757,121.012947,143.278473
608.661003,198.923019,119.771683,145.570404
611.764210,194.701950,120.331749,151.163361
615.391693,192.241211,119.454773,150.678223
618.838348,191.038414,120.911560,151.115677
622.554962,189.417923,119.991150,155.032990
623.605358,190.303711,120.292824,153.112427
625.167427,191.615318,120.666061,154.274490
625.069801,193.051712,123.844162,154.279327
623.865417,192.530937,122.361145,154.944229
622.397167,193.974693,122.814613,155.175369
624.895718,196.084755,123.931587,153.696945
625.318947,198.341507,128.195236,153.765717
627.664368,198.310295,123.877258,152.653763
630.043297,199.296112,126.394363,153.553223
633.233910,202.881409,126.516251,151.364624
637.501049,202.998222,123.371071,152.652725
638.532806,203.774277,123.510315,148.238800
639.734585,203.961853,124.082771,152.594971
640.951740,204.883934,125.889366,149.508804
642.092651,202.982437,128.246521,149.584747
645.399597,203.443733,129.618286,148.163620
651.699696,201.489723,124.527061,147.410080
656.890141,200.789070,124.174919,147.230576
660.880901,201.931129,123.466469,144.259079
663.758595,202.239769,123.480919,138.524246
667.834949,202.572372,123.250267,137.829620
670.556644,201.908325,123.266960,139.526978
671.845821,202.876091,125.207344,139.217545
674.715504,203.832153,124.362938,139.666138
678.263073,205.846313,126.378883,140.814697
681.330818,205.343277,127.261520,140.308258
684.184753,207.027725,127.420288,140.146149
684.707588,207.677162,129.559433,138.371994
684.611618,211.022766,134.222198,139.244873
684.906021,214.604416,132.256500,135.646332
688.208092,219.357903,137.863297,139.685989
693.794136,217.986992,130.535263,138.929398
698.058769,225.924767,129.169754,134.301102
702.524216,226.856071,122.890289,131.774368
708.049809,226.087006,115.695366,137.520569
713.068230,221.498032,122.810440,142.358856
718.525486,217.415382,114.698662,141.961960
723.320580,217.163902,116.601212,146.180252
731.427807,210.207161,112.872231,149.379745
739.585056,210.985214,111.102776,149.761932
744.334900,210.321877,112.670654,150.549545
752.674679,206.586853,112.382271,151.311340
758.181583,208.342827,112.440239,147.147903
763.528458,203.316154,114.335358,149.512039
765.211449,200.555962,108.692276,146.156876
762.586842,197.346519,108.747093,147.505875
758.784767,196.113564,108.266891,142.612839
755.554367,192.778046,107.167511,144.703674
752.426800,187.561348,108.610756,145.119125
749.800026,187.253242,106.926804,145.755966
747.790882,182.006721,107.022850,147.043320
745.505001,177.648598,109.860909,147.664474
743.842537,178.854027,108.165146,144.181961
741.739403,173.214188,108.013260,148.419159
738.263512,171.864494,108.782486,144.943619
735.968239,171.475418,109.434006,145.474091
734.496101,169.543823,109.368027,143.786560
731.434406,169.219482,110.407005,143.552063
728.634315,167.371323,109.213669,144.757599
726.496742,166.416023,111.523422,146.972397
725.062172,166.316490,112.415817,145.635086
723.163795,166.646347,109.854416,143.491791
721.333580,165.313263,110.375504,146.698547
718.933224,167.158310,108.482430,143.979828
714.440907,165.694855,109.276390,147.240967
708.494202,165.716591,109.685486,141.455063
702.390491,168.810211,111.035912,144.188660
696.940422,173.876740,111.350479,141.917542
687.417862,177.155937,110.294830,138.524490
679.041996,179.884720,110.160454,140.009979
669.447342,184.839783,109.563507,138.348389
662.020817,189.573586,111.760796,137.246689
653.026356,194.616188,111.310997,130.979904
647.392155,197.628075,112.648003,129.109146
645.467331,199.803886,110.762848,123.827164
643.458706,201.842453,109.215706,121.459198
640.937984,202.768707,107.098213,122.806763
640.564732,204.381340,109.357170,116.624893
640.123135,203.376362,106.847725,116.198387
639.620712,200.769508,106.247833,120.914536
640.120148,196.290436,108.264282,114.002747
640.031048,193.130856,104.319313,117.035957
639.354656,188.658924,104.728737,114.533043
638.362385,183.558319,99.048058,117.131653
637.023022,179.225563,86.635048,114.575607
635.862988,175.803696,94.060646,105.669189
636.109261,172.867783,92.591415,101.412415
636.134590,169.280743,93.448807,100.024971
636.866112,169.308826,93.283676,96.940910
635.841557,167.678276,90.566704,98.409317
634.396881,166.330864,91.453705,96.641098
633.829670,165.548256,90.418419,97.059219
630.227940,166.137230,87.894554,99.463150
627.260387,165.998440,85.693459,98.485146
624.883965,168.619335,90.157822,96.479134
623.980438,170.212643,87.715698,97.301704
622.524818,170.577843,84.528854,98.731796
620.699604,177.788090,80.486198,91.067802
619.597031,179.107056,85.340240,92.678467
619.174934,182.933914,84.086075,92.306732
619.093258,183.517414,81.909706,95.647881
618.944580,188.404362,76.997528,93.460320
618.547417,187.466110,75.312088,102.090942
618.199425,192.319317,74.920029,96.780220
618.295216,196.617798,74.171288,92.510712
618.779018,199.998775,73.401894,91.872749
619.524796,201.322475,72.488861,90.756691
619.047604,197.885876,70.269264,88.228462
620.664791,187.382656,65.280617,109.560982
629.348858,168.373196,64.318520,119.847786
634.568205,141.781746,63.575443,80.950241
626.116421,107.693817,73.577003,129.459503
580.497482,88.142918,134.706696,117.691521
585.135651,72.754601,156.399231,125.383499
641.616802,58.268120,113.122414,133.768143
645.917320,46.775009,121.099564,162.603851
606.040176,37.640839,136.913483,161.000610
611.169464,36.433472,133.628540,161.151794
604.806099,39.465607,110.947678,175.252991
618.886406,41.834373,95.703018,155.990494
611.387913,47.148014,109.786674,123.116692
597.233406,54.379494,128.687668,144.626999
576.122421,42.837387,154.487762,168.438141
578.546104,72.170837,155.717178,139.460022
574.455338,91.842606,166.975494,130.133759
566.091446,103.081478,181.222565,127.623299
563.424057,138.653084,180.463226,112.480942
557.498184,156.005039,186.790497,122.495293
554.341942,171.753578,192.727554,130.869614
557.320419,185.742569,178.298126,155.613190
552.337753,202.842850,176.966583,146.045685
549.766457,212.789871,180.652817,137.309845
545.723976,233.249966,189.349594,122.027351
588.916527,235.338360,155.256302,113.757423
620.120300,234.903141,138.404907,115.243950
586.602272,226.312786,197.304550,125.918495
612.932228,214.736305,163.513657,115.442917
639.280655,201.471958,152.371552,126.193596
654.808876,189.990906,150.128891,141.553955
684.804504,183.647415,138.453186,152.039093
702.575310,174.198654,123.009720,163.525543
769.735756,173.181686,94.832809,166.392181
789.782101,178.175224,60.905586,156.219498
782.228271,193.896629,85.170685,148.158737
786.467865,207.706245,77.647003,138.626968
752.441624,230.197289,127.568596,130.997849
806.623135,246.427315,71.167732,125.868301
764.316063,259.546497,128.081558,112.816338
751.995331,260.663624,129.120789,109.322990
743.201469,264.163761,132.867325,104.241661
741.873482,264.930275,151.124130,102.056290
717.679199,255.665276,161.340210,107.725143
708.624580,244.706657,173.201706,118.174850
701.075562,237.347553,178.921021,123.398430
700.970085,233.252960,171.258133,131.486237
695.035904,232.041084,171.378448,151.930130
694.807159,232.115852,169.785034,150.535355
750.141052,235.109978,113.736938,149.877182
760.458038,232.631950,100.347717,164.547653
759.309757,233.347839,100.785332,165.528107
756.658367,234.736816,102.624062,163.861847
755.580742,233.267899,107.312576,165.607117
752.450897,237.597725,111.811218,160.357681
756.397285,237.087936,111.033310,160.827148
753.685886,236.638809,114.042900,159.322815
745.825661,234.683472,121.973312,156.895782
739.686966,236.971077,130.050201,155.324661
738.607178,239.724525,138.753113,154.485916
739.726501,243.919128,150.169861,157.630280
745.271965,248.186386,153.897232,149.218567
763.683952,259.639435,150.039322,156.713287
782.961731,272.313652,155.530212,146.705978
794.242989,274.087738,157.228195,152.942352
801.250443,273.081421,166.030487,163.156952
801.021103,271.512505,178.228607,168.352341
795.064270,270.150551,189.095947,161.673355
791.250206,269.938110,191.799576,161.481171
791.960823,273.041992,207.174850,163.211823
799.369804,278.098701,199.496292,158.069229
812.793060,285.991699,199.948120,149.925446
818.394958,287.101555,211.800232,170.408493
833.087067,293.242958,216.164612,153.000687
835.052444,293.385582,205.184479,153.656296
842.776237,294.571770,190.305008,156.970200
850.229553,293.197884,177.133179,168.799454
859.824257,298.950844,163.969772,171.415298
867.098358,299.883423,151.218689,170.355194
872.727295,304.333878,145.609009,164.400940
876.151779,305.934380,140.894867,162.559616
875.809395,309.296455,138.503098,163.957596
874.471008,309.471413,134.045410,183.708633
875.746292,315.634270,129.174957,186.674057
881.064953,321.242188,121.401222,182.735443
885.749546,323.041527,115.204948,178.822678
887.040363,322.723747,110.526573,176.042099
884.688042,318.048119,113.259964,182.146957
881.289371,314.230972,121.393730,188.709961
879.727104,312.694168,132.803421,208.365295
878.241592,311.485756,150.311676,217.596939
877.611298,310.697289,164.097229,219.620529
878.455376,308.177849,176.288345,221.315475
878.489197,311.173141,187.545776,214.016724
869.296700,311.946617,201.593552,221.717392
858.227242,309.362961,211.873703,223.506653
854.167511,301.117714,214.431885,222.349197
842.645325,293.711952,228.190735,223.156937
823.886505,285.603737,248.997437,221.276566
814.132690,276.514862,262.995667,223.474213
812.145218,267.500725,271.738434,225.631149
805.701889,264.242989,283.694061,232.537125
811.332672,259.706055,284.328125,241.131866
816.886108,253.408615,278.262024,245.686218
820.085205,251.100479,283.225891,245.795898
819.179596,248.834511,292.311035,238.009964
815.194870,248.696686,309.228485,234.273895
814.985748,249.144745,317.032593,232.702850
815.312851,250.607979,319.675751,230.226578
809.040482,253.567970,328.792755,225.773514
814.717346,255.621735,331.118591,222.735809
816.616241,259.505447,335.509521,221.843506
818.652420,262.084221,330.357941,217.273361
816.856842,262.616524,332.163330,214.634171
815.992157,261.776680,332.233154,216.440811
810.769226,258.367889,339.638245,221.266083
810.704147,249.559128,342.087128,221.853455
810.296814,246.888069,337.008240,225.619644
807.803040,243.643036,333.179260,224.294159
803.382309,241.147316,334.064056,223.996536
799.667709,238.515877,332.961273,218.322525
796.060043,233.851639,333.445038,221.910278
795.571106,230.522522,330.929626,213.478424
789.454575,224.651894,339.937347,220.262894
788.959015,219.777237,337.445190,213.139404
783.459747,212.709663,339.537354,222.672256
782.285675,205.808792,339.719849,216.371948
783.163498,199.408760,338.901581,222.143448
779.539307,197.153023,339.308044,220.635269
778.031509,191.262688,337.336945,222.299484
776.537170,187.341156,337.389832,222.451508
775.248672,184.607185,340.008087,220.992813
771.410156,184.186340,341.726990,219.076080
769.764435,183.649910,343.420288,223.928238
766.934418,180.736557,349.559448,225.225403
764.128693,179.411621,351.644775,224.367096
760.302261,174.551949,354.062775,225.716202
758.275284,172.448189,358.885895,224.892593
752.661942,169.078651,362.147614,224.382767
748.872269,162.907608,363.330231,229.267578
743.212036,158.515106,367.472839,231.681610
744.983994,153.432426,361.580902,232.712448
737.993378,149.822227,374.210571,234.631088
733.457779,144.679153,368.898346,234.553345
733.648010,142.860741,370.446228,233.376816
729.073288,139.594162,373.384613,237.100647
724.057449,137.572243,367.345612,230.330643
723.253174,133.118118,371.351746,237.936523
720.167374,129.855339,377.792023,239.500046
716.683594,128.372971,394.866272,235.937439
713.461624,123.865570,381.812653,241.037933
708.466873,119.835999,393.396271,237.469635
697.344254,123.596451,368.728546,239.097168
694.591522,120.640884,370.624756,239.830688
698.430176,122.168610,363.289490,240.039276
700.847183,123.076263,356.057281,239.255096
699.826874,123.868378,353.233276,238.144012
695.613220,121.360245,343.925598,239.839111
695.860382,122.474869,339.994019,238.527710
696.999893,118.057312,335.490997,244.895294
696.525650,120.087715,333.099518,242.850235
691.910156,122.886513,338.566833,238.125565
690.224014,123.362572,338.095856,236.535507
693.184708,122.754631,337.549225,237.506760
692.477600,121.936897,332.699158,236.953873
688.783310,118.885536,335.818573,238.419632
689.605972,115.455170,331.040924,240.968353
685.038376,117.100334,332.050751,239.253952
680.531174,114.907356,333.399017,235.536636
674.886063,111.687233,337.058868,238.051834
669.914703,112.148659,331.698975,235.739944
666.587631,112.376991,332.144379,238.310135
663.133362,110.591499,333.933044,239.769180
660.790466,111.159134,330.908386,238.796875
658.051102,112.353020,335.509552,239.789474
666.418900,109.792465,324.686188,240.515442
670.263962,109.018944,330.993744,240.327255
675.370132,108.854218,332.083282,239.729706
680.959412,112.677498,327.979065,239.269424
684.282303,115.703926,326.171661,235.810318
686.149277,119.113594,324.816010,230.460220
689.273026,121.066559,323.678497,227.829071
693.216934,120.194138,319.324005,226.990540
695.902328,125.164597,317.792572,223.284363
696.156891,130.207954,315.962524,220.577774
696.594589,134.591080,315.519623,215.735596
697.276398,135.619934,315.296265,214.698639
698.349152,140.372101,312.322998,214.698090
694.681213,138.936371,314.802185,215.937103
693.397095,141.927521,315.238220,211.399628
693.563354,142.916603,310.155334,212.496292
695.164902,144.844154,309.080414,212.652176
699.296204,143.006584,312.037415,213.119919
702.315720,142.715942,312.278290,210.631989
704.975906,139.418060,309.074615,213.528778
705.180862,139.932709,310.938995,213.934052
704.552124,140.267136,308.809143,210.052917
705.165161,140.092293,301.363586,214.289322
698.835602,140.083069,307.311401,216.021637
695.716400,144.756279,306.597900,213.440109
690.554276,145.718796,305.840485,215.210144
687.999985,149.903984,303.687836,212.029221
684.688080,154.455574,304.358276,209.831680
680.745438,156.438728,302.601349,210.346451
678.222946,160.019432,299.909760,210.165390
673.509644,166.928581,301.991272,209.020920
665.312973,168.919441,303.990204,213.310684
656.746338,172.672020,301.858215,213.534409
645.835937,176.938019,301.530334,215.796967
632.985855,179.479691,300.116486,217.797729
619.426178,180.983185,296.215698,217.206390
604.932114,183.921875,297.381805,215.691315
591.361038,182.784317,300.850739,216.031128
579.601486,181.092133,298.719696,212.209930
568.716385,178.898796,298.356232,208.884567
556.647858,173.105103,302.482788,210.398224
547.065628,165.457397,296.149078,210.508331
537.101074,161.776329,302.684998,208.727768
526.951553,156.693596,297.095123,207.212692
515.637955,151.197083,295.711945,211.810944
506.869141,154.114967,298.239929,208.775345
499.087921,153.128395,299.972534,209.041580
493.039444,155.708611,295.827545,207.817551
485.624557,155.090050,297.165253,209.499252
486.584045,156.082863,288.149231,209.864700
485.024643,153.344193,284.450653,213.492188
482.873352,151.933479,281.160095,216.532364
483.962082,152.982979,280.035004,218.603165
484.871170,154.247360,276.082062,222.016663
488.020660,158.194221,274.222778,220.457169
493.254135,160.508034,270.558685,221.522537
506.140884,159.298607,266.653717,225.566513
517.842941,161.485367,264.379608,232.262085
528.055420,164.838959,263.793762,232.548065
538.295868,167.589874,263.669678,231.480682
552.642273,168.408722,261.256531,232.846039
566.268631,169.324104,260.444733,232.923111
581.217255,170.271187,257.905884,233.046890
594.834656,171.292145,255.046082,232.915375
609.207314,167.189262,253.162216,233.608322
618.260872,156.779991,253.706100,237.295639
622.475876,144.364586,256.016327,239.843246
629.064072,134.603195,252.880951,238.067078
640.379631,128.559883,247.083084,234.854019
644.976395,122.521881,247.783356,231.569427
648.237396,122.516624,242.635986,232.253769
654.781082,116.276894,238.454132,237.616531
660.043617,114.550819,234.990585,238.841385
667.918320,116.388702,235.928314,239.749359
674.340973,116.593773,233.615601,237.058945
677.893692,116.089684,225.678009,236.681870
682.850792,116.646568,226.230240,240.044540
686.375984,115.274643,227.053268,242.133362
686.938988,120.308060,226.221573,237.862305
688.645821,115.865410,221.403610,243.949020
688.719719,117.272079,225.969681,241.906677
683.564827,116.681549,222.026291,242.278290
678.667358,116.881027,228.088196,239.985657
675.014626,111.824089,224.675034,238.993210
670.814796,106.496651,223.565292,243.758926
665.302673,104.640862,226.312683,241.606857
658.765083,102.788292,217.673386,236.535995
650.254395,99.535950,223.954407,236.475250
643.283913,98.179344,222.457748,235.726303
638.399780,94.049202,225.653137,237.957047
637.571281,95.315422,227.123001,239.400558
632.490944,90.647026,229.057114,239.654465
626.176201,88.966148,229.133865,239.391953
623.391418,83.405861,228.250183,242.623123
619.945351,86.673988,225.570297,239.685135
621.062508,79.684578,218.772995,245.161392
620.054199,75.696320,225.192688,250.121185
617.831116,70.123230,218.288635,257.644562
618.575195,71.349800,221.373596,254.828140
624.069855,82.187279,211.619385,249.092880
629.337402,96.938705,214.720886,249.274231
638.217690,112.066689,210.407700,249.550003
646.860863,123.591743,210.994644,253.386734
649.868179,140.895615,211.065338,245.761780
648.094147,152.600616,214.297363,248.535980
653.432236,163.340607,220.662811,251.501190
659.430168,175.574173,213.788162,249.727173
667.015770,185.462494,218.648209,249.896210
672.255219,192.138123,211.652100,251.162262
676.050789,200.020432,213.019333,250.230408
682.137993,202.130264,214.174759,252.152588
687.456879,207.847221,213.538208,250.657272
690.973640,209.990089,220.882492,248.797928
692.646423,210.847824,215.174744,250.842468
700.903076,209.705421,216.052185,253.438553
705.247765,213.467178,217.186172,249.740479
714.457001,211.495880,220.593872,252.832611
718.482788,215.535507,220.873474,252.246155
724.950417,215.884071,215.652573,255.007278
727.208305,216.331879,228.327103,254.344574
732.021187,220.891525,217.081467,252.754578
735.405594,218.241005,226.064972,255.165604
733.219391,218.165474,227.695312,252.053116
734.286072,217.582504,217.069519,250.238708
737.830040,214.389999,233.519547,249.431091
732.679710,216.726768,226.885635,246.058823
740.318649,215.922791,229.522919,242.475372
741.966263,220.192352,231.652008,241.135590
748.784050,222.704086,238.434036,237.303040
752.069092,224.847130,234.163391,236.356918
753.432304,226.837379,232.318558,235.823807
755.146095,231.310959,229.306625,238.430359
749.739525,231.922569,228.026505,235.783920
745.427757,235.359047,227.782120,238.144730
740.151123,240.511520,228.492859,236.770081
735.343117,244.434029,230.211411,235.341690
733.008118,243.353752,226.185242,236.258469
728.408569,246.869957,222.468689,236.970566
726.089157,243.654060,225.940399,239.740860
721.753998,244.183617,226.719727,237.709702
720.437782,247.966476,229.874252,235.909851
717.971573,247.283623,226.445221,237.713913
721.320656,250.766914,223.296005,234.560074
723.975098,252.341827,222.033264,235.149628
724.571754,254.311501,222.025986,236.352859
723.073685,250.108215,225.067413,239.010162
727.482750,257.236359,220.063736,234.005951
727.852280,258.130211,224.644257,235.034286
724.750114,262.547333,225.866653,230.835663
728.838860,261.433464,222.042068,229.895676
732.145638,263.160347,223.488449,228.758682
732.713570,259.624588,225.386765,228.682983
731.638161,263.059586,222.761093,223.510376
733.575737,256.695366,223.999222,227.796188
736.290863,258.922836,224.006104,225.356628
738.842667,255.526802,221.947052,225.072891
736.181953,258.650627,222.915695,224.014206
739.859810,257.072212,220.203903,220.292374
739.166893,260.310143,221.467911,219.722641
743.198814,256.663467,219.158585,219.361206
742.115898,258.954071,221.550735,218.843719
746.107994,261.601410,219.854385,214.143890
747.482117,264.587036,220.856873,214.176666
748.819267,264.166222,221.986771,213.443710
749.810272,267.025101,217.168335,212.784912
752.682564,264.860115,217.428879,215.144302
757.616959,267.390572,216.546417,214.917130
762.179939,268.094482,217.820724,214.643463
768.363777,268.344200,217.635300,213.052231
772.037498,265.609406,217.300919,213.198212
772.948921,262.383018,215.345383,215.327011
775.079666,262.264313,218.375519,214.274139
777.882858,263.774887,216.476532,215.115417
778.801506,262.735832,219.069778,212.272751
779.982277,260.424683,218.888535,213.929108
780.388306,260.689087,215.623108,212.751617
777.008003,259.522942,219.159225,213.654343
780.116608,260.901604,212.683105,213.792526
784.715355,259.317657,216.219498,216.277435
784.724327,261.439156,217.019669,213.398087
785.647255,257.903564,213.798935,213.875885
786.699028,255.332458,215.207962,217.545563
789.342506,253.357574,213.464340,217.107635
789.744301,250.656868,208.383896,219.011124
792.992287,247.335388,196.273666,224.387115
792.780869,248.095505,192.418793,224.922424
792.873550,250.742805,193.814484,222.302383
790.030830,251.422684,192.041061,222.726318
789.328415,251.908134,189.192230,221.839157
789.726143,253.764153,187.582321,218.161789
788.375397,256.345016,187.080933,215.187378
788.453362,258.346016,186.936050,213.941910
788.250084,260.933319,188.402908,212.120636
787.002495,263.253891,182.813309,209.194702
783.967308,264.450508,188.476517,206.759354
782.159630,265.276848,188.964859,204.791245
781.269348,265.874336,187.951233,203.460709
779.685974,266.069832,189.503357,202.456863
778.305435,268.618019,186.766754,200.444290
775.456192,269.748070,186.571075,199.348434
772.442940,270.945190,183.850327,199.585480
769.153992,271.090126,182.671265,198.748550
768.165131,270.125572,181.210327,200.521469
767.733330,269.494705,179.807083,201.719971
768.074524,263.183159,177.913086,204.978928
767.067619,260.663315,174.589859,208.628418
769.605087,257.261795,173.852386,210.591614
768.919624,249.501442,172.350754,216.195328
768.937958,243.323013,173.875793,221.965393
770.711845,242.143608,170.965530,222.817551
770.170021,238.799309,168.931870,226.467148
769.201736,235.535583,166.066376,228.782928
769.248947,233.525253,166.542145,230.493164
768.751907,232.157463,165.960602,231.325058
768.577499,231.534462,165.944916,231.354691
768.453400,231.100548,166.186951,231.764206
768.550247,231.341431,162.754974,231.947784
768.604118,234.379074,160.512283,228.028687
767.052231,237.190048,166.077972,224.927429
752.434212,232.747635,209.207626,231.257874
750.600582,219.703331,97.157722,245.443405
749.095314,209.628189,163.180527,246.063171
747.269974,203.100853,148.912384,253.507492
769.932167,195.086563,116.340683,263.548645
802.088997,173.520386,94.916489,278.100555
782.614105,142.986946,163.527161,254.662430
815.568909,119.999901,190.259644,244.866928
789.957176,100.957397,242.948807,296.855621
819.551819,76.488052,242.827026,314.828857
833.770683,110.850555,237.892105,286.012787
847.737152,46.558273,178.645691,354.358704
865.856682,36.773392,197.120010,357.292969
859.338585,28.737625,223.255081,226.991943
872.093376,22.669556,202.260147,342.982819
881.465797,19.613373,225.847580,328.323822
891.531578,14.688736,187.411087,344.227173
900.948402,16.132767,213.427048,331.176147
905.756203,23.672546,233.874069,344.993561
916.473930,36.838486,235.736588,343.125183
916.030731,56.645340,273.600647,317.657837
920.941803,78.232803,313.604309,278.170532
928.564178,100.573914,343.306335,282.236359
932.963959,135.055573,338.529358,262.378876
938.652100,164.194519,323.585815,262.552643
943.320007,175.678223,299.624878,253.796417
919.638885,187.618835,328.424866,239.389679
960.907150,195.986305,306.842560,237.320633
948.657211,232.640938,328.589752,200.779434
942.057831,227.570198,334.023376,182.331802
934.912964,230.710342,342.390259,189.917236
926.016907,224.021294,347.815308,214.008713
918.320755,219.024399,353.146454,223.704163
911.034943,215.461823,358.348816,224.191986
905.297791,213.992622,371.140259,224.818497
897.768341,210.200218,368.334045,227.763412
894.747604,212.463814,371.395294,225.620132
889.065491,215.027657,372.211548,224.096085
884.537064,209.054115,362.101776,223.346878
881.570633,211.040176,360.973724,218.917114
873.973938,207.556847,359.648926,220.437363
863.252563,206.281815,356.359009,216.920654
852.962646,204.079170,355.854248,217.445328
841.768158,206.161987,361.926697,213.624664
834.135666,202.661751,356.724884,215.994278
825.945541,199.656387,349.042999,217.918335
817.615204,201.523148,353.944031,213.709595
810.860626,197.443398,356.627014,216.680740
810.606613,200.109779,359.050690,210.970901
804.533127,197.910721,356.817780,213.283203
800.079193,194.245544,362.152649,215.451813
797.879028,196.548935,353.793579,212.116028
797.872238,194.759384,359.829742,213.613342
796.848251,196.865799,350.461090,211.176270
793.905502,195.930481,358.136383,212.955109
790.835434,196.798111,356.966949,211.194092
785.645767,197.575935,355.748505,212.032364
780.890182,198.756844,360.476715,209.576187
778.885345,198.851273,359.978210,210.594727
777.996063,198.277206,361.993958,209.770569
774.854568,197.139191,354.342621,211.147430
772.004974,196.873657,365.796692,210.500153
773.216980,201.335678,357.031494,206.899353
771.223846,200.644890,361.674622,207.890182
769.697784,202.570549,360.898499,206.799118
769.610168,201.214127,363.184082,208.292358
770.514343,200.798409,358.121094,208.884293
769.662674,198.672913,363.338348,209.441803
767.215683,199.493134,366.276398,208.156097
766.184555,191.884659,360.955231,216.619141
767.174774,194.298233,366.244568,213.620239
769.808975,191.523483,365.888763,212.203796
769.702911,188.155121,366.504211,209.371185
773.077484,183.434036,361.816467,210.503540
778.062607,179.903671,363.318268,209.965149
781.934479,179.145058,363.096741,206.953323
784.885345,174.842194,356.336365,207.450531
788.425430,171.320709,357.046722,209.184418
798.234146,170.898598,350.435394,210.421219
806.171509,167.767616,335.730469,215.730057
813.486710,153.709969,318.328094,225.733780
814.821991,128.321556,284.905823,250.756088
809.624718,91.845779,253.592728,288.780273
801.804237,61.976654,242.167282,316.125458
783.896881,47.157639,253.614685,316.631042
771.016403,38.612793,277.574738,296.869293
788.834488,16.563416,261.949554,295.964752
790.126114,2.515121,236.005096,297.348572
811.696304,93.430382,200.789520,225.430161
786.309753,4.038177,193.430359,339.363007
763.865631,1.099480,270.069336,211.007614
775.903267,3.503738,168.552048,350.094971
779.592758,9.060043,150.489471,345.689636
774.468880,13.851959,154.247726,356.154266
758.418510,25.338821,187.926590,353.884766
743.028328,44.159241,237.255905,325.032501
732.875893,66.611816,234.637070,300.964508
723.343582,94.463898,242.523834,269.294403
717.366264,127.798958,248.700760,242.593521
713.528961,158.731293,248.524414,220.659393
703.616928,179.376640,286.121552,196.388351
703.624634,189.445274,259.871033,170.389267
694.082779,171.337654,268.844147,209.393204
688.186752,149.252609,277.181610,216.870789
677.172607,156.568497,286.655212,224.250244
666.499878,171.754684,297.641052,199.034851
645.580597,149.410744,304.323730,227.639603
621.986221,126.134880,309.449982,238.779343
596.503601,103.306488,322.259094,252.094208
581.724335,97.443130,310.418213,228.004028
567.589096,95.713608,294.739594,245.955017
555.536224,110.028259,267.576294,267.102325
541.543365,117.025955,240.305542,283.463013
522.090042,128.377441,232.561554,282.018219
508.795006,138.623871,217.409439,279.848114
498.330818,144.671219,236.100632,277.294189
484.257629,161.515762,243.810608,264.453247
464.550087,164.801498,252.359360,259.309143
438.213806,160.730545,278.906555,267.469360
423.566299,162.109940,287.994904,267.173828
410.582718,162.614395,303.349152,259.217896
400.571198,165.538940,332.069946,254.126007
395.984482,170.372742,314.862518,254.357819
386.843979,174.060593,318.358734,247.766418
376.321152,177.723755,312.636932,237.154816
359.215561,181.065651,320.253998,236.255692
354.183655,185.111557,314.386780,237.901306
345.171417,190.131050,311.862671,230.043839
335.401184,192.237679,310.105896,232.478287
330.431213,197.754341,304.530701,226.805313
327.523346,201.161827,295.377930,217.231918
318.922455,200.664383,296.509521,215.496460
293.585922,197.900780,308.997040,218.324692
272.136444,199.621910,315.994629,219.647324
283.335823,198.949509,245.866623,238.063416
287.161041,200.174164,206.605347,249.029388
283.513344,200.502449,213.518906,250.533463
279.616974,206.549698,217.254883,248.515625
288.947784,219.667130,203.769043,229.542480
301.195999,226.078514,168.135773,232.875351
315.731544,215.530716,163.411362,248.695129
314.642601,200.278595,158.854691,266.118500
313.282845,186.888138,163.220810,282.747375
301.593651,186.161148,195.245926,273.583801
287.312820,185.639694,205.188934,266.665283
274.166618,188.329681,215.910294,249.701447
261.865013,189.866783,226.436478,248.239914
256.199028,188.845764,215.405289,258.970917
252.961708,190.271324,209.706467,255.959274
249.132530,189.757477,205.965775,253.104889
241.794556,189.615982,192.541260,247.771912
216.769188,187.877716,199.654251,246.180695
215.905731,193.062759,181.974670,242.917786
201.024391,194.751160,186.148972,237.068085
193.746719,189.847298,182.318085,234.294266
193.588943,183.077789,174.670258,236.181671
190.876419,172.369392,171.840546,238.453323
183.992996,162.354935,167.754974,247.046082
163.420128,162.377342,174.756485,249.074997
147.584114,167.060265,180.676010,233.768967
170.618233,168.380081,151.326401,212.208679
180.597939,173.581398,153.696579,207.208572
189.751427,180.886238,156.383804,198.018204
194.398506,185.640297,159.931992,186.260757
200.430588,190.924866,166.819672,179.573578
204.998367,194.472740,175.457001,175.084763
203.858971,189.797752,186.610245,184.251144
204.431435,160.745270,205.357651,219.823822
219.407822,122.664108,180.226776,241.654053
198.145248,95.959229,260.368866,274.738007
258.686325,69.270096,245.634003,287.370544
242.398712,62.406845,261.433594,279.673950
255.547180,48.112152,272.362610,250.384796
266.910751,42.924835,285.857880,230.001495
272.844574,40.582993,314.968384,207.577393
322.170227,40.380310,274.729797,220.649994
365.808830,41.830719,254.016190,230.824493
375.495682,45.418159,259.224762,216.028152
387.491791,57.471367,259.530884,199.429550
380.064651,78.240395,278.909332,181.307755
360.697189,94.566826,307.516449,191.738510
357.108459,104.055611,320.314148,207.216385
416.028702,111.663963,269.518097,230.367844
422.957680,128.406052,253.454697,226.091919
435.153107,158.028328,222.255981,180.854202
438.805992,151.321510,204.815628,226.681168
431.479042,171.385406,205.725632,220.655426
423.688263,199.890411,210.078674,181.221710
417.033905,202.450935,214.096252,179.226334
428.492279,202.482239,208.282532,180.386017
459.353271,192.527000,185.928406,189.936264
469.073013,175.327782,183.891937,201.435532
476.683090,157.014938,180.718842,209.554443
489.504921,152.806335,176.873947,217.025238
499.986267,158.621559,182.077209,196.986099
508.853912,166.204277,185.164001,192.182236
524.650574,171.265045,186.273010,194.824738
532.497673,184.021744,190.640030,189.136902
535.722137,185.187683,188.562622,195.562225
584.997078,183.372795,146.124435,197.483322
555.517242,204.363617,220.254944,184.155975
583.868950,203.040733,214.169815,217.857529
644.807739,197.759193,114.442383,221.260452
663.635635,195.443375,109.422516,218.754883
643.717194,192.021393,142.972778,222.047577
652.126328,190.088974,141.034515,227.505615
655.956177,189.020134,163.934448,229.993210
602.636215,190.941566,203.064117,214.835892
590.736557,207.454727,316.335236,199.307251
577.245636,222.781937,267.322815,186.421143
586.489090,240.331367,264.674896,192.965225
619.078117,245.001114,202.641251,173.631714
615.999939,233.382622,193.213013,176.170151
638.112473,226.969666,190.710114,168.559784
674.331558,205.570045,154.585175,184.874893
694.086792,198.707039,138.497864,161.115433
670.094757,197.032616,155.272461,173.743088
648.044914,203.471588,206.829544,194.270294
648.168541,205.858032,227.196426,199.117096
665.889069,203.342667,174.334473,207.781494
688.386162,209.604645,170.711685,202.096222
700.174873,213.687637,186.817001,200.829712
703.578819,211.339622,182.716324,196.993637
704.352234,211.467178,202.673340,235.322815
703.860550,215.431923,170.659393,252.899796
704.959671,223.692596,179.331390,259.668732
700.344910,235.147812,230.432495,227.750366
691.841278,244.707245,258.507874,211.704254
694.086121,253.872498,260.564453,212.483978
693.800110,261.052666,257.672607,207.341171
692.988998,266.768257,242.710480,216.019730
695.919189,262.073242,209.883057,248.970428
697.871246,260.211220,244.176453,208.280777
694.945435,266.117073,210.222412,210.438431
687.047707,267.141998,203.350143,210.189728
677.940559,272.368858,214.869003,242.786789
665.682541,276.609512,199.738800,241.769592
662.622360,277.006752,185.231598,244.915543
656.591827,291.304932,173.739319,231.029999
654.084030,295.835457,143.812775,230.375992
649.210644,294.972626,126.113258,234.404999
636.010284,294.209801,137.074646,236.047104
623.288094,282.381660,148.198593,247.488480
611.150726,267.371674,158.027283,256.161224
594.718246,248.241104,168.713470,272.898499
577.474770,227.648483,182.283676,283.417236
559.131012,203.600876,195.905273,294.544434
542.856941,188.811127,204.430588,294.290680
525.388718,180.692627,219.616913,299.769012
509.619644,179.626709,235.354279,296.193329
499.923203,180.339676,242.639008,296.573547
494.279404,183.095367,245.049896,287.520538
489.021896,183.736343,243.816498,286.894714
489.909813,180.897552,237.169083,285.829010
490.219727,177.584000,231.477478,289.247620
488.234093,182.354095,222.883072,286.768341
490.068398,188.805679,212.428696,280.493103
486.729218,187.154526,207.056152,280.290649
481.931984,196.494751,204.361069,269.359711
475.565094,206.219872,210.166626,254.898972
469.828514,212.083824,209.255753,245.835617
464.853188,215.641151,210.504013,237.864761
461.480453,215.337280,210.221649,234.813690
459.441139,214.544762,210.328720,235.529465
459.939560,207.225914,210.316132,239.525558
456.805901,213.117073,210.990677,234.783401
455.404633,203.230057,214.653564,238.854309
452.918983,208.862732,215.335312,230.742401
451.320473,197.549019,216.359726,239.778885
449.071442,202.967072,215.635010,235.633331
447.480171,192.382355,215.353073,240.418854
444.618332,191.843925,215.937836,240.330307
446.763458,186.077370,215.388550,240.906998
446.327965,181.322670,217.191544,242.764053
444.138794,178.384300,219.376648,245.178268
440.186996,176.801231,223.042206,239.872238
441.993721,177.086578,219.742233,240.252228
442.923523,174.394081,222.855042,243.651138
445.790031,175.991257,218.571609,241.214355
444.557549,181.706116,218.277420,237.021698
444.239006,177.653526,219.112991,243.906662
444.218445,176.796577,219.518494,238.378616
446.476234,173.182884,217.534653,243.282150
448.317055,171.330727,215.754745,245.770401
446.660286,170.483879,215.445480,243.699570
446.723518,170.767693,211.799240,244.263046
446.933037,174.574142,209.768753,241.745483
456.216080,181.583694,203.600372,243.257874
468.400795,186.177925,203.108871,244.679642
479.001564,188.134865,203.917953,248.592911
483.326042,191.012924,203.591751,246.418335
486.372139,191.362808,203.285446,246.219910
488.409096,193.693733,204.163193,247.365677
493.281258,194.717323,203.347824,250.263809
496.495850,197.477562,204.823181,250.510788
502.999931,200.277534,206.034134,249.422806
510.632523,201.446480,205.555573,251.657181
518.216507,202.880814,206.362457,250.778137
524.629494,204.333084,206.822006,250.590149
531.931458,206.322662,206.810486,250.446564
539.071426,204.560074,208.693268,250.513123
544.385620,205.669899,206.845764,248.876968
546.204422,203.487030,207.625153,248.695343
544.567116,206.435318,211.124130,244.953796
544.404366,202.204926,211.620041,246.791412
541.203514,201.501190,211.959244,245.699982
535.266525,198.078064,213.189667,247.966644
527.701706,195.215324,213.010590,245.203598
519.720108,193.970459,212.560211,244.380585
511.400925,190.998726,213.143646,244.865067
505.212921,189.880051,215.956421,242.706055
503.860786,184.856216,213.310104,241.502258
502.543175,181.813301,212.026749,244.257401
499.301277,172.112717,214.449265,244.771484
492.790154,166.626373,214.788406,245.649445
487.384911,162.523102,214.886978,239.214386
482.615303,154.906174,215.901535,242.932983
480.157402,150.181801,216.199173,237.899673
478.896652,143.503540,216.115082,240.640594
476.395004,141.678650,217.037323,240.344696
476.884705,138.637276,216.353455,239.064041
474.707748,135.639084,217.554047,242.250244
476.996948,134.639885,215.513000,239.312729
479.002426,131.963257,215.594574,241.701263
480.556931,128.794685,216.127411,241.790482
482.633278,129.813248,215.384995,238.928650
483.768387,126.987701,216.039459,241.253082
486.023598,125.305161,215.902328,240.458496
487.589310,127.691704,215.524811,241.285629
488.511024,127.464287,215.735947,240.432968
490.310188,129.761642,215.867599,239.131958
493.563049,127.490082,215.324402,241.349274
499.428825,132.892906,216.020462,237.659836
504.530647,129.286316,216.500656,242.924408
511.678421,131.875648,216.344269,239.027847
514.648361,129.338692,217.343719,240.175735
520.663475,135.671837,216.915665,233.383835
523.652649,138.643890,218.862488,231.106476
527.417526,146.817780,220.948822,225.054474
529.950058,142.861290,219.586273,230.327927
530.475464,150.363731,221.699402,223.344894
529.292374,153.617752,222.169586,219.959167
527.051292,156.690613,222.204605,216.950165
523.457298,160.011055,221.519669,214.880203
516.287163,162.015755,222.904373,212.321732
511.349594,165.430641,222.604950,210.981461
508.571854,164.185425,219.012482,211.196503
501.756081,163.778168,221.719223,212.267731
496.967262,166.126862,221.505600,211.097809
490.779190,161.573509,220.738922,212.383102
483.005226,165.474350,224.239487,213.042236
479.079857,163.420547,220.789810,212.251526
472.101517,161.744263,223.804596,213.773041
470.222519,157.063614,224.246918,218.635437
467.363533,156.524193,223.486618,220.054367
460.993523,153.223938,222.808792,222.641815
458.069679,146.094421,220.870346,228.021210
452.932144,144.181557,222.196930,229.307632
449.937660,142.198524,221.166122,230.858780
446.019638,136.413132,220.809784,233.794556
441.387482,135.268745,221.920776,233.341629
441.457123,132.937057,221.793945,233.635010
439.282837,133.512123,221.445374,232.133560
438.065041,129.340240,221.890244,233.467316
436.558540,128.881828,222.253464,234.007675
438.697136,130.684250,222.973465,233.543213
440.320175,126.606094,223.647064,233.478088
439.798286,132.410652,225.648117,227.875320
442.391602,126.337631,223.854431,234.240479
441.599129,132.836487,226.497971,228.710175
445.454437,127.756416,224.302002,236.544144
443.140472,135.672325,229.476807,229.293015
445.650497,137.117180,226.860687,227.411850
445.290260,138.997406,226.322861,227.925934
445.463654,141.562218,227.919678,229.086960
449.647064,138.958366,225.989380,233.098373
452.548157,141.947937,228.647034,231.373260
456.104332,145.912018,229.969986,229.352936
459.542534,148.309990,228.210281,226.222763
462.469742,150.423340,229.071320,227.385345
463.701195,156.016479,230.146255,222.845184
468.252144,158.524529,229.803635,220.447128
471.012299,164.027954,230.737549,215.599457
473.841476,169.214447,231.107147,209.878326
473.369080,167.366966,232.942444,211.323654
471.042358,169.934242,235.430481,208.461075
470.039146,172.913437,235.857681,204.884277
468.530128,175.430740,237.697495,202.162415
468.517555,170.554131,235.231796,206.071152
466.765953,172.904022,236.531754,201.466339
467.053322,167.370216,234.315659,206.099503
464.273804,172.016777,236.386414,200.398178
463.647652,166.685783,235.693405,204.690292
460.894142,165.480934,235.822495,203.530167
456.658310,167.446724,238.261322,200.977859
454.127197,165.158348,236.520935,203.031662
452.483192,164.880585,236.149887,201.528473
450.158150,165.282623,236.940231,201.004425
447.938408,162.952606,236.583084,202.082916
446.826698,163.976799,237.876328,200.174301
445.746368,160.823578,235.841675,201.831696
445.148544,160.830544,238.681732,200.288467
443.660965,161.168274,238.017731,198.918671
439.311684,156.570045,238.504135,202.303970
437.708626,155.183495,242.067184,203.292770
437.168991,157.475471,242.281464,200.844070
437.387306,160.481613,241.228500,198.049561
437.692390,162.023087,241.816208,196.358826
439.559029,162.633789,240.834518,195.063446
439.482903,163.828835,241.647415,192.929947
440.200668,162.478317,242.328094,193.843994
441.099205,161.893524,242.492691,194.080109
441.768417,161.941093,242.902069,193.571030
443.853516,161.023773,243.265076,194.089020
445.648941,158.974449,243.332672,194.324509
446.447945,159.646645,242.852707,193.570450
448.199501,158.486328,242.987778,193.603485
448.316628,158.722733,242.843735,192.807800
449.293159,159.484283,242.828293,192.396881
452.119217,158.472855,243.787872,193.958069
454.773537,159.874847,242.082260,192.545197
455.791611,158.186623,242.825775,193.383682
457.993523,156.681694,242.124100,194.187363
457.797112,157.936516,236.534744,192.139877
457.636108,156.307289,239.751892,193.118057
457.638077,156.762367,235.373444,191.949966
456.740265,156.871109,239.808472,190.300720
457.300232,155.926735,236.476257,190.273575
456.856720,156.774658,236.932373,188.785248
457.193130,157.880524,236.218048,188.788116
458.382011,157.938446,235.122757,188.297638
459.415604,157.296898,234.463165,188.774582
458.472275,157.227753,231.165619,188.779572
457.160912,157.504875,235.070572,188.661850
458.626564,156.765495,233.665268,189.144638
459.788200,157.254669,234.306717,188.410675
460.985031,156.026596,234.439056,189.128052
460.227959,155.474251,230.230423,189.062088
460.850296,155.368675,235.569122,187.454391
462.389236,153.763481,233.776154,188.449326
464.191574,153.429100,233.225677,187.433151
464.137184,152.436546,232.787338,188.331345
464.169090,151.168602,230.364639,187.776901
465.559563,149.740074,231.570511,187.017868
465.752243,148.063744,228.450043,187.924973
465.452347,148.049225,229.959381,187.114410
464.596230,147.525200,227.481918,187.888657
463.336052,147.713249,226.829422,187.854721
462.346565,147.279915,225.928879,187.944901
459.828873,147.183708,224.655670,186.931503
455.394608,147.117935,225.379059,186.592224
453.818344,145.604370,225.125702,187.616791
451.552910,146.263229,224.366287,186.663940
446.873497,145.125534,225.640335,186.721252
443.730721,145.815010,225.707993,185.934097
437.550560,145.998764,226.781021,186.271423
433.401527,145.860161,225.657394,186.343674
426.397911,146.656700,226.961746,186.057480
420.670097,146.350777,226.761307,187.111465
415.137459,148.605331,227.605698,186.294250
409.901840,149.777802,228.963409,186.473969
408.841866,150.113945,227.470444,186.814377
407.090034,151.581680,229.467880,185.973145
405.047081,151.389587,230.989456,186.463165
402.397507,150.578400,231.647247,186.413910
402.209969,150.862038,235.290146,187.168045
401.532021,151.378090,236.162521,187.312698
399.338524,150.774200,235.507278,187.814178
400.088791,149.502708,236.836578,188.815536
399.471939,147.974228,233.773773,189.755188
399.710434,146.800713,236.422028,189.062668
397.897888,145.370468,234.424072,189.100159
397.905548,143.794136,235.990173,189.407364
397.801888,141.783226,234.135239,189.129990
396.565788,140.252357,237.277359,189.483841
394.866585,139.060104,234.789658,189.331482
393.462120,137.617828,235.599930,189.702728
393.393265,137.395119,235.540253,189.502396
390.847374,135.587746,234.120926,188.529373
390.679855,135.146225,237.162750,188.529968
390.283516,134.718300,234.598495,189.019852
389.075417,133.333405,236.069016,189.271942
388.937218,133.555939,235.360306,188.752167
389.326492,132.422653,235.741180,190.217224
389.307465,131.867195,235.717712,190.604263
389.159973,132.202438,234.980469,190.709656
388.780930,132.504707,234.549103,190.544205
388.303528,132.040871,234.902954,190.418900
388.516281,131.985588,233.921661,190.358932
388.928307,131.605957,232.401199,190.310455
389.304092,130.141846,232.438812,190.948029
388.662262,128.781311,234.214417,190.821808
388.661476,128.038254,234.642136,191.107361
389.166206,127.905037,235.574326,189.585953
389.656830,127.158386,235.620178,190.744659
390.242676,126.725159,234.740479,190.649323
390.431549,126.412621,231.818665,190.596054
389.360947,126.914459,233.933258,190.389008
389.055618,126.830711,230.777313,190.770737
388.581215,126.456406,229.330856,190.680115
388.281975,126.230339,222.392960,190.320480
387.215767,127.846977,216.999680,188.336960
386.211388,127.031212,212.340836,187.689072
384.488190,126.772652,210.544617,186.994705
384.861450,127.110039,209.510803,185.295761
385.429863,126.395653,208.560135,185.215378
386.328117,125.847824,206.677505,184.527710
386.723785,125.812019,204.183411,185.139114
387.466606,125.106277,203.988480,186.010925
388.542000,124.691414,202.710129,185.838577
388.517395,124.108734,201.845459,185.932587
388.229523,123.255562,201.244080,185.404068
388.301674,123.477234,201.104843,184.982330
389.754219,124.096611,200.036301,184.423141
389.233749,122.594040,200.872650,185.367310
389.791924,122.129005,198.718582,184.560684
392.462692,123.176170,197.537262,183.556442
393.905602,123.911140,196.894608,182.405350
396.763802,124.807732,194.179916,180.339645
396.986389,123.970055,196.124207,181.476913
399.229591,123.708473,197.026901,182.136490
401.342293,124.224373,195.947495,181.999161
405.683365,124.428230,194.330048,183.950027
410.675507,125.044754,195.108887,190.478638
419.897583,124.108025,189.490845,199.095871
429.190735,124.674919,188.462646,200.306198
438.451958,124.349754,188.071243,199.762436
447.289108,121.701180,192.860626,201.255142
454.794205,120.129059,197.430206,197.901154
464.782196,116.504539,204.638611,196.021408
471.313095,112.411888,213.122528,197.739365
476.419640,105.029961,216.934219,200.693893
480.637215,96.609772,217.778244,202.814667
481.111816,85.885918,223.704651,206.449142
479.211693,76.416115,224.618790,208.152420
475.303787,66.248886,223.080353,209.339417
472.680527,48.348854,221.283417,214.879959
469.181648,35.750488,216.513474,217.804230
464.795296,24.668846,215.366013,221.974594
459.756256,2.073853,218.019043,235.462067
459.592583,2.765541,220.772293,228.245071
470.334671,8.659706,231.872345,218.566727
471.358383,0.000000,253.804169,225.302742
468.232590,0.499119,267.839203,226.461487
464.583786,0.000000,277.997040,228.808399
457.158554,0.031099,288.036957,222.844833
451.830521,1.690828,298.522858,220.729111
446.334854,1.233614,311.696075,226.827499
439.603287,0.584810,326.050201,242.594833
430.702988,18.330027,328.332489,245.099640
432.666000,39.429155,327.747284,236.604141
431.627182,67.567171,335.262543,233.061508
438.359238,99.952539,330.995087,224.221558
439.625107,130.905352,330.444672,221.449844
439.715103,165.162973,325.258087,216.393829
431.451981,199.957788,328.430695,213.610474
412.878510,219.094271,329.181519,213.124130
380.068237,234.236895,328.421326,216.084732
348.970779,251.384638,334.247711,217.022766
341.919235,266.213663,325.660126,220.270966
335.941772,289.935114,325.362244,223.090759
317.526581,307.755983,329.192017,222.342819
297.226685,324.624613,323.832214,225.997528
276.525757,342.313761,318.958801,222.935150
259.222488,362.495195,318.103912,219.815933
254.761002,372.273844,305.482941,227.213837
244.065674,382.415651,297.577698,230.017990
233.915405,389.026590,301.812073,232.080658
232.330963,397.033655,302.764648,227.389038
236.045746,402.830759,301.454590,219.788727
241.812561,401.618578,300.705750,219.391556
252.268982,384.020121,308.060242,239.978485
285.547318,336.298334,306.585602,282.701965
328.329086,288.794123,307.069672,325.116638
328.515396,253.459162,339.731476,330.674133
333.517807,221.552439,373.571625,282.387848
363.202515,201.433527,389.638123,289.675110
462.939209,189.415247,322.717102,338.248901
548.334503,184.301279,261.254272,366.081696
583.324944,185.893976,241.760086,361.202332
601.767105,179.129023,239.678009,337.903992
642.707230,170.813608,223.449982,349.299835
635.354279,194.001505,267.879272,314.184784
605.371368,173.576395,341.256958,301.480804
638.326187,176.408686,297.439117,309.486877
660.837753,181.681452,278.469086,295.066223
681.331528,183.082514,260.058807,284.241028
736.123344,185.865595,225.031937,274.654358
726.169502,182.051661,205.465378,283.087524
718.409439,181.746027,205.765778,281.415955
739.857681,183.349482,188.088531,275.257751
762.486931,191.073374,170.631668,265.073029
762.818596,203.904795,180.782669,256.042511
764.789894,211.764704,206.092636,256.864197
774.128197,219.751596,209.727798,258.746246
790.530586,229.874598,213.819016,248.983398
803.777397,237.241671,237.086502,247.767807
813.986023,245.673502,253.101746,243.067841
821.370468,251.506006,270.507782,244.335449
825.920746,253.886644,289.586548,246.670731
833.167908,258.482080,304.232483,241.881592
837.687134,259.443750,321.441833,237.968994
846.241364,250.688097,318.937744,237.244827
851.217209,241.315989,317.165863,235.666534
854.908401,230.504541,307.008698,236.588379
855.969620,219.063852,306.210724,238.637238
852.063324,211.933489,298.039551,237.257339
849.327576,196.827662,278.786316,243.017334
846.676178,184.726587,274.684937,248.464966
847.740189,172.207834,259.693634,259.215729
846.323792,160.296991,245.572815,274.976746
846.383263,150.196329,229.329971,285.851532
843.804276,148.575922,237.904205,288.404236
839.749374,154.027475,252.798553,282.690582
837.848953,160.818857,260.144196,282.808624
835.532013,172.631876,274.166748,267.456146
830.939819,186.537363,282.515442,246.981110
834.589920,199.480745,297.995880,232.910141
837.364624,212.568338,308.155212,231.897064
838.834015,235.303339,313.502930,235.641785
838.463837,247.668650,314.728760,233.528839
840.589111,263.578440,321.084290,228.619659
841.465179,277.111902,314.156128,227.485107
835.125443,280.887148,318.897125,225.289719
829.360840,281.594172,314.810120,223.569153
825.649445,281.284555,301.794922,224.067169
817.258881,279.008623,303.107788,224.508926
809.819595,276.191111,296.684723,224.158234
805.655136,275.018419,291.180389,224.689285
799.956848,272.214220,290.627991,224.173782
795.051315,270.733385,290.452850,223.507278
792.122910,270.363268,283.466766,223.966141
787.710449,269.368662,284.908752,223.387115
783.432556,269.043932,282.527039,223.898514
778.535019,272.269060,286.051239,220.862442
778.047531,273.464205,283.281342,223.103745
784.649353,272.200548,284.639343,219.496658
794.415100,274.689692,281.383484,218.739197
806.804657,280.332369,284.558350,218.975204
820.293564,283.432985,284.755219,221.855759
833.350601,289.354647,285.811432,221.472519
844.596161,295.140238,280.711426,222.213837
853.418121,294.474466,280.934692,226.993744
856.569229,292.998827,285.155060,229.548172
854.487137,289.165049,280.687408,234.345734
851.958679,277.947893,276.815857,233.164566
844.922623,268.532686,275.234772,232.379745
835.709366,259.421007,278.336334,231.170120
831.658127,247.194857,275.874847,231.973862
828.148209,237.110590,265.539337,231.938171
822.315369,233.340532,269.778503,231.761246
817.253586,225.852045,266.062469,231.528992
813.106522,224.820963,266.821075,231.336151
811.604797,224.077806,268.141541,230.579056
807.370544,225.209993,266.278625,227.473495
803.493958,226.185946,267.164001,229.125229
799.553085,226.149439,263.412079,227.739746
794.853455,224.014566,264.883240,227.208954
793.426086,221.909632,267.776428,225.975464
797.277786,214.739672,274.103302,225.231644
801.156921,210.622370,264.059753,227.654602
801.658401,207.512262,272.699860,228.127258
795.109039,201.084154,274.756226,230.396927
788.572021,189.423372,275.165710,233.946274
777.800903,180.891321,285.219788,235.822998
773.325027,172.952295,276.019073,239.094360
766.737488,168.026163,262.318665,240.882538
760.598175,166.287165,266.066650,240.696106
752.363754,167.605997,270.628510,241.844696
752.319214,173.863352,270.753967,241.556671
753.989105,184.297518,261.593384,241.697495
750.790314,196.107485,266.650146,239.715866
743.465652,206.478159,266.176056,240.970978
740.862488,218.566874,274.240173,240.789764
738.829742,230.532068,267.256836,241.851929
737.987488,240.571520,269.918396,241.962723
736.583313,247.107042,273.320251,241.741653
740.620941,252.283640,272.981445,242.970978
743.840698,257.529795,274.645081,242.501740
748.064957,257.598284,278.317535,246.202164
752.670654,260.419580,284.983337,245.126709
759.558182,259.701502,278.042267,247.563721
762.570160,258.746943,277.606445,249.121765
764.295837,255.128870,282.814270,249.046021
768.145569,254.254763,283.424255,246.960373
773.938690,250.607645,280.999023,248.591766
775.470734,246.511629,288.107300,246.144882
776.285629,246.194132,297.701019,244.599457
780.383698,244.839548,281.302490,246.766388
778.641251,245.108110,287.151276,245.300797
779.995270,245.304499,286.236694,245.831238
780.443039,244.638811,288.385468,246.338516
780.929169,244.777468,287.759644,244.479050
778.651932,241.205057,285.991608,246.870941
775.756882,239.497011,283.689667,245.443405
771.190781,235.025225,288.009735,244.868179
768.534302,232.781183,291.375427,241.204163
768.573441,228.147020,289.125641,241.969803
766.291275,221.201120,290.242462,244.801422
768.496307,215.297693,289.429932,246.898193
771.529953,208.274698,293.032440,249.110565
774.888550,200.638117,282.314026,251.543762
780.602478,190.114374,275.215027,256.143127
783.352768,180.814997,272.630585,258.982117
785.626038,173.196009,265.861267,261.223633
786.041077,165.380747,264.852112,262.999176
787.221588,160.427973,257.653809,261.960754
784.207153,154.887918,262.244202,261.005096
782.701721,152.067163,255.991150,260.450928
775.393280,146.677134,257.645020,259.419830
770.437157,142.749002,254.813248,257.606781
766.367905,138.368570,257.525238,259.057098
764.237930,135.113459,255.081085,258.436951
763.699661,131.357340,255.622955,257.548798
764.415909,126.160593,256.944122,257.682281
766.257462,124.655092,262.700958,255.478317
766.405426,122.950800,258.048340,255.393127
767.208588,118.434069,265.879517,255.778885
769.084045,115.268709,261.974548,255.752182
770.736725,113.062151,268.150391,253.827042
773.301849,110.856218,261.045288,252.460342
775.043427,105.649012,270.647705,254.753540
778.953384,103.535791,267.103790,253.663574
784.399506,101.543276,265.068970,254.576950
788.092987,98.830660,267.068237,254.344467
792.509109,95.820749,270.688629,254.593414
798.378738,91.752817,270.895782,256.524445
798.938324,88.569193,272.405273,256.578827
801.484116,84.845675,270.834686,255.615097
804.865326,80.967234,272.560547,255.173492
809.372467,77.184916,272.943237,255.825531
808.440231,76.426104,270.820892,252.812271
805.066925,75.687548,269.293701,252.930252
800.844452,74.031878,277.299072,251.801041
797.212723,73.417498,277.959747,251.667007
790.106873,72.616350,274.272034,251.328995
784.816589,71.051584,277.753113,251.091461
787.104492,69.587412,277.241516,252.337921
788.479645,70.763674,279.037964,252.323898
791.837616,72.955545,273.620239,252.215302
793.922180,78.352060,273.284729,252.508575
794.598770,79.379366,278.215485,253.423203
792.822159,83.064196,275.950226,252.349808
792.696335,83.019121,275.136200,253.656754
791.177673,84.291307,278.418518,252.071121
794.224213,82.168436,282.289185,251.360809
793.632980,80.258181,281.251190,252.227097
790.263153,79.928438,277.326660,253.018906
789.462448,79.048304,279.872040,251.079224
785.368622,78.389650,280.982544,250.809006
780.977036,76.024866,278.048920,250.605347
780.075638,73.780046,281.375153,248.769424
777.854660,69.934694,278.328949,251.463791
774.075455,67.114985,281.454987,249.314514
774.844162,64.413164,280.595673,249.102554
774.453354,63.372469,286.008148,250.076035
774.053482,65.149996,277.574493,249.463486
769.907166,64.108110,280.002747,249.320450
770.534409,64.453531,282.006073,248.285370
771.021225,63.120996,272.747772,248.300781
768.018005,63.575838,281.690002,246.957748
764.750458,63.091127,273.435791,246.288742
763.098190,63.560946,274.223480,245.312607
753.381638,65.146654,273.199677,243.233963
745.185730,67.164339,269.250183,241.908920
734.138809,68.033457,270.928619,240.561798
722.524017,66.338442,278.039673,238.348557
711.409775,66.730486,274.045868,239.158218
695.514694,71.462168,273.967987,235.559845
678.481674,74.741182,280.367889,237.904037
662.761383,83.521158,286.733521,234.049896
656.042145,89.540812,286.308472,232.464203
652.591537,96.052141,289.285614,232.880020
652.004013,103.772371,291.307098,232.222031
656.268860,111.464060,281.593201,231.261993
660.252884,115.398149,282.809845,232.017105
664.554916,120.684435,281.875946,230.777420
668.712006,127.984797,282.698853,230.196106
671.356934,135.751474,283.561951,229.943756
674.355911,139.540705,281.715851,232.499573
680.816406,143.277079,285.605408,233.392792
693.449600,150.440752,277.761627,233.345963
696.587067,150.630404,289.726562,235.762802
707.237106,154.965731,280.358978,234.737656
709.063538,160.955622,285.051575,233.617737
718.374420,167.755960,279.276245,233.372162
716.449600,175.789469,285.259674,231.342987
717.732941,183.902445,283.287842,231.934906
722.786530,194.588617,276.134399,228.624817
723.556427,207.687387,276.297119,225.676910
733.738861,217.267878,268.627319,222.522522
743.202560,227.073580,265.547333,219.936996
753.418854,232.478678,263.865723,220.720184
758.158096,243.814920,261.447540,216.688934
766.714935,246.323328,255.945557,218.798218
772.354904,254.634821,262.865326,216.361755
777.956032,263.760225,255.146103,214.595322
780.657410,268.850534,252.719299,214.937897
783.770950,271.532877,250.902863,213.822601
788.883644,274.348680,249.409409,213.079178
794.907410,278.350771,249.505066,211.113937
800.102402,275.861811,247.227386,213.226624
803.663857,274.247400,248.842270,212.046997
807.841194,269.743372,248.623215,208.259521
813.332886,267.495546,248.020691,208.558640
818.186600,262.530649,252.843536,207.979767
821.142860,258.261889,246.709702,208.229691
828.459000,256.282259,249.912018,207.898544
835.290764,251.351213,248.645218,208.467789
840.788368,245.750109,248.249741,207.433182
848.594063,239.843828,249.044479,206.799942
855.810471,234.011316,240.468109,206.772583
860.343185,229.175623,246.681244,207.286987
867.834335,223.647837,242.874603,208.233795
873.705688,218.366541,240.676819,206.488647
878.849136,213.517572,233.422028,203.360657
880.911301,208.234163,232.732147,201.178207
880.308441,202.920496,237.839111,200.970947
879.550560,203.465364,229.001724,198.568710
877.872002,204.020960,226.857620,195.197998
877.238274,206.070482,225.245560,192.559280
873.995850,209.210978,227.419617,191.495819
871.282295,210.028032,223.787888,192.440445
867.179878,211.807467,223.174973,192.348373
862.150810,212.864214,220.982803,193.419449
856.128334,216.541834,217.087082,191.032349
852.635330,220.384287,218.546539,190.323761
849.229836,222.735628,219.863571,189.916245
844.345886,224.755938,206.850037,188.604019
838.820488,223.708460,205.189529,190.299316
833.337349,226.727358,198.037766,187.528732
829.901779,229.292650,193.813751,185.324722
823.662476,229.098825,186.699829,182.825043
816.753738,228.045198,185.848419,182.049728
809.418243,227.773432,182.568542,180.626160
803.566345,226.656717,178.906067,180.576508
794.922218,223.788721,177.981613,181.692688
785.338432,218.928011,174.566116,182.788010
777.301819,217.662661,172.074829,179.494797
767.829987,212.452486,169.395813,180.061874
757.971512,208.156908,166.526520,179.579422
751.013779,203.826281,166.635223,179.747940
746.250992,198.677698,164.747894,178.754028
740.208885,194.624208,162.701614,177.683273
734.247627,189.806459,163.035385,176.727036
728.714531,185.858400,163.761246,175.191635
723.587708,183.207109,160.494141,174.515518
719.184814,181.654291,162.285950,173.497192
715.831413,180.136286,156.865372,172.531982
712.935822,177.109041,158.462830,173.088364
709.360229,178.678499,151.990540,169.184860
706.661819,175.072924,152.306732,171.260513
703.924614,171.307184,151.319595,173.235352
702.422668,173.594034,148.547546,170.232147
699.602692,173.379763,142.454895,170.226913
698.316299,174.045427,140.290619,172.009903
695.845680,173.991884,135.125839,175.897934
694.500275,177.401293,128.127502,174.783707
693.299320,179.523989,124.192619,174.725937
692.548031,178.875681,119.293159,175.931000
691.923145,182.525858,115.122154,172.449615
692.753536,183.733385,110.216927,175.014603
692.176556,186.754198,108.436684,171.876602
691.596508,191.082026,105.888466,171.648682
690.543110,193.940798,105.251183,172.432785
688.247612,196.495737,103.314285,171.743439
686.767456,200.008890,101.056580,174.623749
685.518806,209.413698,100.591599,174.489853
684.740471,222.028727,98.936966,174.876801
679.756596,233.805635,98.846306,174.304855
674.646698,245.954782,97.667542,176.579132
672.102535,255.042986,98.305672,174.581802
671.778774,264.443369,99.052742,171.125946
671.062099,269.637697,100.121712,172.165878
673.764671,276.191965,99.861954,170.656403
680.275192,278.911081,98.542938,172.382233
684.187725,282.607767,97.985023,172.768463
686.946861,284.261972,104.188858,175.859528
690.583820,284.673182,113.520409,177.685791
695.330265,286.447908,99.080925,172.361252
698.912357,283.499712,98.381340,173.599625
705.147606,280.667871,97.072891,174.035095
709.153275,278.619661,98.123993,173.349228
712.117786,276.055475,101.568748,174.781006
716.041573,275.244837,101.630478,175.011658
716.765877,276.121927,103.509995,177.232880
712.760441,276.655352,106.687370,177.342117
711.695602,278.134989,107.551971,177.777618
709.877850,278.722673,109.314369,177.877151
698.929749,279.552416,117.747437,179.516312
701.310524,288.362581,117.692245,173.207138
700.904675,286.998774,117.861061,176.694946
699.412151,294.478624,123.373878,172.165115
701.341728,296.816782,125.856522,171.742340
701.053181,297.885431,127.926476,173.168335
691.734276,301.658533,133.932327,170.953369
693.829147,304.499285,127.199310,170.173477
684.318329,301.895227,133.722473,175.750793
686.526211,306.161501,127.205513,173.812485
681.162415,307.289904,129.852661,177.462112
680.253281,311.297335,127.231476,175.148911
677.547058,316.642244,125.815918,177.765182
685.503708,316.694345,112.967621,178.877655
685.735847,319.164721,107.889267,179.630447
689.896149,319.292376,101.643738,180.260513
692.448750,317.525789,99.471336,184.675949
691.807709,317.451937,100.871704,184.322617
691.382317,316.863558,102.128677,183.273788
692.546577,314.661875,102.802231,185.256378
691.220718,313.328844,105.547638,183.794876
687.473728,313.087015,108.768669,180.571075
684.333073,309.357233,108.024040,180.788147
676.444798,305.295076,114.319511,180.636276
675.674446,300.324472,117.280136,180.319672
679.599907,297.477968,116.241776,179.548691
678.666706,290.276590,118.228722,181.809052
672.734314,288.842356,122.839600,178.179047
669.584431,285.585588,125.356407,177.368607
668.832493,284.989466,126.442009,172.340820
664.205158,281.658937,127.620384,177.203476
664.042156,280.089052,122.132973,179.048141
661.862194,278.623667,119.128029,177.008087
647.201836,282.724169,131.776566,172.737442
650.219509,283.332796,125.895332,168.082626
644.991581,283.720507,125.975334,170.787369
636.305077,291.111956,131.002518,164.848953
633.165085,293.428011,130.230316,164.034286
627.215401,299.225374,131.847641,163.864792
625.088028,304.678385,128.436676,163.937347
625.521481,308.829988,123.733650,163.164963
617.882423,311.182589,129.206223,163.831345
619.445442,314.926805,123.080063,165.232376
620.660419,319.110308,116.748375,163.629166
619.009129,323.336031,115.038994,163.935471
618.704315,323.795496,112.863525,164.515869
610.716061,327.251993,118.579536,163.091888
610.249229,329.900347,116.058609,159.500687
603.764431,333.182138,119.081917,157.574188
601.265774,336.297960,116.475777,157.301224
603.486900,340.015352,111.440567,158.934738
594.870831,341.861513,114.964577,158.273727
587.398769,346.038607,116.546394,152.372238
586.519302,346.344645,110.525360,153.509003
580.687370,347.645655,108.642715,147.507141
583.248901,348.786829,101.596924,148.176697
581.899284,348.561441,100.580460,151.305328
578.384468,348.132624,101.028732,155.899414
575.415348,349.908823,100.148857,156.003326
563.815830,352.586740,106.774040,155.495392
557.100433,356.186762,107.952393,159.776001
553.551395,360.404764,107.090385,160.324677
547.236973,365.193636,109.838249,157.239426
538.905903,369.765032,113.121117,150.422318
534.305653,373.123743,110.996666,149.972351
526.028446,377.662981,113.576775,148.202591
523.763630,380.440248,112.812584,149.622482
523.001251,382.772539,108.032349,149.310623
521.908432,385.318071,103.672821,147.501480
519.680031,385.591722,100.285995,147.714310
518.004860,387.577822,97.280136,147.582504
517.193268,387.878710,96.539795,147.369339
517.615070,386.943689,98.727074,148.824890
521.059219,382.607988,90.154633,152.160110
523.219147,381.681681,85.722656,153.452667
523.742767,383.337656,84.137695,158.856049
524.283279,385.391237,84.984833,157.493820
522.970955,384.962046,85.253586,158.420685
520.955208,386.129740,85.500412,156.310516
520.832874,387.039263,86.394676,155.205276
521.157852,389.114534,85.363922,154.703049
518.540089,390.303049,86.258751,153.834625
516.572937,391.309076,84.769409,154.485901
514.319004,391.942591,85.872063,152.863647
513.631813,393.590372,83.779465,150.711823
510.730572,395.076754,83.809547,150.658798
509.756802,396.414286,83.608894,149.167633
509.652218,396.517275,84.492439,147.673203
510.722641,395.923662,84.168793,147.266556
509.668255,395.720957,83.585365,145.900970
507.712837,393.992411,84.022934,145.484406
507.155918,392.758730,82.788017,146.940659
502.969269,391.518145,82.957336,147.679825
501.855675,388.938814,83.141129,147.821518
500.019920,388.178782,81.792374,153.114227
497.458755,385.276705,81.785858,153.676254
495.407730,385.393106,81.189117,151.950775
493.756012,386.041445,82.443726,151.373276
492.015923,384.078905,82.719925,152.609879
489.193329,384.843988,83.085571,149.964600
486.782776,383.066950,83.011414,152.789124
483.457996,381.481394,83.160423,152.724152
480.468945,377.813608,82.970985,155.420013
477.134743,378.222345,83.109177,152.308228
475.013771,377.314013,83.151840,149.932205
472.995316,376.645456,83.789398,148.829254
471.976009,374.845636,83.034187,149.211548
468.229946,373.723909,84.519234,149.679672
466.356228,372.738840,84.763924,147.930023
464.983639,372.180796,85.280220,149.031464
463.834900,371.366709,86.319458,148.149994
465.474876,370.434206,86.715347,147.197556
467.665806,368.480394,84.562126,144.040115
470.204796,365.240702,81.940018,144.734283
470.592175,362.116564,82.136330,144.484695
472.484325,359.602831,82.696449,143.911636
474.294449,356.293497,83.239471,144.282990
475.420116,353.583147,83.428444,144.036392
476.645744,351.182619,83.270157,142.997726
482.642822,348.256945,81.744812,143.199478
491.503761,347.479761,80.771896,145.753174
502.544281,345.435854,79.353027,144.735641
509.416531,342.763170,81.567696,144.803909
519.165459,338.420313,81.266190,144.119385
529.656910,332.812197,81.197838,143.084396
540.161251,326.414057,80.458138,142.093689
547.471935,320.050180,81.714577,141.337860
556.686401,313.691339,82.094788,140.089600
568.201843,308.865107,82.854187,138.121277
583.480961,304.832773,82.672417,139.399506
597.953335,301.744318,82.885384,138.087646
607.962555,297.601450,82.682983,137.855255
616.902264,292.619402,82.747169,137.907608
625.376945,287.742334,82.708450,138.145447
632.376675,283.302813,84.099373,139.074295
635.169048,279.813990,85.798744,137.251160
637.951069,274.667681,85.990318,139.306961
640.561260,271.896967,87.871315,137.170715
640.849083,268.191141,90.715714,139.523651
641.235497,267.270044,90.929337,140.734863
640.973022,265.654215,91.202454,140.170807
640.095867,263.687120,92.385231,140.641129
635.959911,262.345163,95.725319,139.311188
628.959549,258.883318,98.885406,140.893265
626.314453,255.095209,98.909241,140.742920
624.398991,252.175821,99.008598,143.012787
622.202271,250.137056,101.020935,145.478561
619.182476,247.585238,101.664101,143.643051
618.782482,245.042467,99.936928,144.453751
620.148766,242.965731,99.991043,141.594650
620.961189,242.267481,99.275192,143.036072
622.167286,240.349932,97.866722,143.606277
624.085926,239.168787,95.936546,141.194702
626.458393,237.319925,95.561668,143.080231
629.719395,237.510546,93.923210,143.692276
633.882797,237.083269,91.286407,143.618484
637.179726,237.734514,92.216721,141.417313
640.445621,236.258204,89.762138,141.168335
643.857464,235.700937,88.255348,142.097687
648.026493,236.061571,85.385002,138.394485
647.765606,237.980043,87.858192,137.234848
650.221870,238.307970,86.949631,136.876602
650.523254,239.296839,86.820068,138.579712
653.106972,240.022242,85.738266,139.972656
647.671234,238.398310,86.849060,139.124084
639.312843,234.714861,88.242050,139.047745
633.221962,233.478899,89.114304,136.478897
632.284153,231.747400,89.771904,136.182251
630.577225,230.404390,92.194611,135.590622
628.524525,227.426447,92.966087,134.386902
626.305622,224.387560,94.175926,129.445877
626.368004,219.974039,95.042130,132.724762
624.934067,218.522356,96.100677,133.606277
623.406887,214.797441,97.259773,134.890396
621.896915,211.557138,97.801506,137.590912
623.983646,210.413088,98.933708,138.381577
628.354378,208.757738,96.264145,138.906021
628.764896,207.469973,95.777946,141.782516
626.304562,206.997805,99.757027,141.645187
632.267090,207.164865,95.023499,143.385101
632.914902,208.078371,95.915436,140.782333
635.866035,210.885881,93.710556,138.803848
640.152218,212.173281,90.090401,136.716843
645.198032,218.219645,85.979546,134.362396
650.926632,224.292276,83.299690,134.354095
652.951847,231.176828,84.085991,130.744049
657.559177,235.101488,81.424370,136.148636
659.098457,240.081888,82.418564,137.154877
660.439137,243.077242,82.929466,137.769028
658.433247,245.968866,81.280174,137.459290
657.641022,246.162119,79.660828,138.655670
658.681709,245.788454,79.311081,140.238266
658.827904,245.269190,77.430557,140.936279
660.770828,247.313471,77.073700,142.309631
667.201649,247.655939,78.073326,143.941528
672.493233,249.785791,78.685287,141.340271
675.956951,249.180643,77.394997,140.591217
678.156010,249.124201,76.498711,139.609375
680.739059,251.001192,77.774078,138.360458
681.969490,249.555155,78.088730,139.614471
681.896595,249.725199,77.628014,140.110077
681.993950,249.403299,77.567764,140.684662
682.350060,250.222841,77.993973,140.091721
681.809631,249.295321,77.812317,140.520798
680.046398,249.516329,78.172096,139.671371
676.883392,248.388453,78.817383,140.196655
675.572292,249.220942,79.814766,138.537292
675.366413,247.817484,79.663841,139.806610
672.884197,245.301432,80.608498,140.245392
673.230511,243.432222,80.587013,141.237473
672.109947,240.972475,80.582901,141.140793
669.545883,238.452715,81.299286,142.062332
664.155205,238.152330,83.849075,141.950394
663.130825,237.987535,82.046638,142.293777
661.638386,238.656481,82.042076,141.690079
656.553261,239.175859,83.467392,141.947220
652.762726,238.511469,83.187744,143.569153
649.829487,239.306192,82.696007,143.343781
644.337444,239.323763,84.577187,143.333542
638.637222,238.305033,86.090363,143.197968
634.321022,235.863802,87.030502,142.339218
635.848499,233.667887,85.499229,144.609528
635.161728,231.902185,83.968353,147.004395
633.018272,229.160738,84.303238,147.861740
631.298767,223.361246,83.936096,148.651154
631.563034,217.112604,84.289825,149.143433
633.544647,209.548151,86.153687,151.777161
632.904301,199.496920,87.834038,153.988388
634.496101,192.119448,89.706345,154.098679
635.268604,186.197008,93.765709,154.280716
637.311234,181.007639,95.029205,153.048553
640.306835,176.728914,94.644569,154.272995
644.342262,175.504519,93.067245,152.794113
649.495598,174.359911,91.070023,153.942947
651.909035,173.066393,90.548813,153.201920
650.993965,174.131586,94.497726,148.153015
659.066387,175.563990,90.642250,148.456482
654.356804,173.630648,98.689163,149.220016
656.092545,163.096590,99.955475,155.921677
638.456516,145.328180,125.670219,168.817017
638.586700,129.083658,134.677185,180.996613
648.183197,111.603312,138.354431,193.521088
669.028908,97.541254,136.767929,199.810364
675.948090,84.913477,130.347534,201.319824
699.385414,73.752420,131.292648,190.144135
700.602745,67.832125,158.483963,188.962082
714.103264,60.986383,164.694901,198.942261
733.832436,58.291040,155.032150,226.341980
746.784027,57.794306,143.645020,230.503296
752.764961,56.849146,146.130600,231.436401
765.518173,63.253206,140.052521,225.296188
784.220295,69.880350,121.416771,221.405975
802.678886,75.917994,108.319839,215.047180
828.318756,85.055460,90.613342,204.427765
837.017570,95.677790,91.819107,186.192566
839.044552,104.239191,97.327705,174.317261
851.901005,111.684267,92.084526,167.741196
863.775391,115.146631,85.947144,160.920898
871.577274,120.061251,88.740227,155.800400
880.701576,124.512682,98.610703,158.056534
881.960636,128.941545,90.196709,157.903152
885.824860,136.254625,89.721069,155.266739
891.093014,140.969812,89.819893,154.706665
886.220421,145.960932,96.458939,151.935364
883.419113,152.448374,101.747162,146.159210
880.013847,161.424501,107.534439,146.848251
877.217182,168.076326,114.520897,139.829819
880.884132,174.331804,114.767014,137.903397
887.633892,175.327448,115.560280,140.355591
889.253983,172.766138,118.076752,147.929626
884.737579,161.898249,120.885010,165.310425
872.296219,146.488291,134.964996,188.090179
860.388756,131.035898,150.407242,199.982941
847.444885,120.668688,168.378601,201.162125
845.909050,117.435007,175.355301,193.836456
843.950508,116.738848,173.798813,182.195572
843.203514,115.771929,175.836929,177.910416
842.256783,118.087152,179.634567,177.925720
842.699158,118.677881,177.343567,182.573486
842.202522,119.770205,185.525558,193.126144
845.195656,124.300829,188.828781,189.364456
845.285072,128.997835,185.586594,185.150070
845.394493,135.413675,194.309036,176.851898
844.066605,140.188501,200.162933,170.251526
842.022621,146.204111,200.896286,164.122467
840.082550,150.028681,198.148987,161.251526
835.015923,148.816957,194.532791,157.872971
823.579971,147.466654,200.576569,158.581207
814.948845,142.861544,194.529373,160.335434
807.403275,141.602282,189.572113,159.030777
802.385544,141.663469,186.873138,157.396133
798.456032,145.406839,192.531967,150.782928
787.740616,146.767519,191.555695,141.934677
779.139404,147.010500,199.133484,137.382004
768.693192,143.106577,200.621429,139.317474
757.598785,138.144480,201.210938,139.655914
752.682693,138.349634,199.344879,135.527710
753.943794,137.758028,182.903671,128.449631
750.715706,136.787199,178.255966,122.638481
750.012970,131.610350,159.572632,125.694389
751.584015,126.162569,161.127441,128.027084
740.586601,97.427866,178.582169,155.910553
727.343285,74.090403,174.080826,165.488922
724.266495,60.534662,161.754608,167.267822
719.235855,37.589746,155.378632,174.019531
714.871262,26.535036,165.281219,167.914658
708.676666,17.331911,170.209351,152.936691
705.588905,12.815615,164.691635,155.465317
707.031441,10.624208,141.194260,161.951523
701.015236,10.066347,139.466904,165.068344
695.556122,6.912271,139.370911,166.473053
694.565140,6.328279,147.073273,163.654648
691.795662,10.286745,151.865036,154.970993
689.668716,12.787806,158.708221,142.479248
687.341301,15.004564,162.687027,131.504105
686.219376,18.947718,166.935822,129.640320
684.104836,26.129068,175.008469,146.792755
683.789207,31.230371,179.031693,158.154968
685.939491,38.287867,182.444809,159.642517
688.482460,46.229311,176.528793,158.294968
688.502953,54.616762,175.665482,133.609665
686.126205,52.461908,169.020172,135.815125
678.408730,44.449877,171.164719,150.775955
672.153915,31.981195,156.186920,150.737244
658.685135,17.186098,160.161469,159.645981
652.481522,12.853472,168.552826,150.789932
650.504646,4.401659,152.377182,113.674149
650.234451,0.830313,144.136444,116.071419
639.007309,1.794886,121.686493,125.592346
629.408020,45.629416,109.886292,103.165352
609.894402,0.000000,100.374741,171.571962
595.662914,14.089166,93.189644,165.590714
580.875992,13.467866,105.561462,167.919373
563.739006,16.713349,114.672775,164.110474
558.115284,39.828866,110.943718,136.572311
554.794682,59.049661,107.877037,117.066452
546.463886,61.841855,125.661919,112.316536
527.536758,69.587708,139.064026,114.384338
515.102242,69.206746,145.312820,109.941917
508.722397,56.429669,147.374756,120.321938
501.803711,63.892980,154.366425,111.708794
493.274422,63.949880,166.825577,110.585350
486.657822,62.752957,176.453796,110.550423
485.233788,70.344563,179.145370,100.005272
482.794182,71.091977,180.407333,100.307564
480.685760,76.471963,180.450714,99.074081
480.472191,80.809117,178.421310,96.518364
475.123749,83.074063,181.903046,96.072334
468.995415,82.201859,187.169540,98.891510
459.428078,84.787892,196.452408,98.973656
469.797188,86.621789,187.146011,98.298111
470.385887,89.985089,184.958969,96.369972
470.548813,92.058339,184.443665,96.517906
473.030441,94.621884,183.308838,96.443916
481.902328,99.074105,180.025818,95.886459
489.855400,105.104100,181.390915,96.354057
495.456467,112.751988,183.127808,95.704460
497.194817,115.508885,184.116013,98.312431
495.168114,120.517041,183.740158,97.010841
496.988693,123.904698,186.410828,98.062309
499.197525,128.196298,187.022278,98.960312
503.033562,131.046052,187.347214,99.765991
505.859863,133.642488,188.451630,99.806274
511.413429,134.777265,186.881180,101.387489
513.150948,137.338365,186.036331,98.925507
514.099380,138.933312,184.798401,99.056961
514.466965,140.766068,184.141724,96.428558
514.082413,142.396218,185.998291,96.949142
511.507324,142.863606,185.000092,93.694786
509.269165,142.658498,189.587067,95.003258
510.700996,142.124673,188.840897,95.309799
505.279617,142.408113,190.364685,93.999817
501.570137,140.996591,192.409439,95.090073
500.801186,141.268441,189.385147,91.671982
498.449562,140.438458,188.741043,91.015053
498.506691,141.321870,190.139481,91.165405
505.317978,148.768510,188.527588,90.551239
513.410599,154.073041,186.933228,92.274696
521.058212,159.797723,184.434692,91.681107
521.354813,163.252427,184.053467,91.826813
523.022331,165.600881,183.898849,91.599022
525.546501,168.984704,183.899033,90.152359
528.394371,170.040074,182.807114,91.230522
522.789330,170.968003,188.959702,89.832062
526.764580,172.247979,185.969528,89.458939
528.680450,174.956647,184.207184,89.315529
526.969788,175.295541,183.737396,88.626755
531.208488,176.665429,180.470078,88.476761
530.679527,177.927793,180.299484,88.797249
528.025581,178.064721,180.013809,90.207596
530.562782,179.390275,175.504105,90.542938
532.143867,180.373597,172.792801,90.855164
529.335228,183.254842,169.897385,89.959557
526.487747,182.510522,169.315796,92.071609
526.703636,184.888925,167.734177,93.510666
525.693130,188.527818,167.552368,92.618195
525.069748,193.237245,165.479492,91.986023
520.689377,199.227452,168.607117,91.342033
519.100677,207.157247,165.003387,91.768150
510.228455,215.362473,168.034882,91.538544
504.800583,222.855424,167.103577,91.674164
496.421669,229.519830,168.142044,91.965225
487.675041,232.887128,168.647446,92.576149
478.694809,235.348786,168.995911,91.345154
469.743484,238.812043,168.684021,90.492310
455.476555,239.921731,169.088913,91.987045
436.620430,239.482839,168.485672,94.295128
411.719215,240.615609,172.324478,94.075485
398.873116,241.892652,170.287857,94.513222
382.563240,244.359902,172.141678,96.599228
364.737755,249.471326,168.886276,97.904579
334.895721,255.462441,172.641327,99.169540
307.301926,264.776090,176.230713,98.899666
288.915680,276.353734,172.004730,100.530510
264.392090,289.661206,174.711823,99.135475
238.165871,304.144902,177.129105,98.610344
213.611137,315.922433,177.636948,100.026352
194.796265,328.203752,174.813324,100.541534
176.064163,338.401116,174.895630,100.387100
156.483635,348.885552,176.321518,99.577591
128.762856,356.750180,182.478958,99.479744
105.655472,359.291200,182.516968,100.007568
80.352470,359.683030,182.486008,101.049957
52.950020,360.669610,183.714920,102.316605
