266.000000,202.000000,27.000000,62.000000
267.909834,201.481762,26.842716,63.467461
269.652210,199.265823,27.637840,63.885498
272.118224,199.338428,27.652422,64.082558
275.514930,198.797398,27.574389,63.818977
275.325085,198.638676,26.913750,63.948387
276.492349,197.576178,27.723524,63.496143
279.022594,196.420338,27.955650,63.545250
279.107307,193.658693,28.543396,63.769131
280.347425,190.595682,29.394154,63.388775
280.876244,188.458946,29.000977,64.069839
280.688394,188.838037,29.471724,63.569378
280.548779,185.999535,29.002584,64.517853
280.840201,184.639843,28.293184,64.366051
281.243497,183.126518,28.165869,64.453827
281.662805,183.125217,27.901594,64.233788
281.194892,182.884907,27.139193,64.191933
281.981279,183.205357,27.243099,64.102867
281.811766,181.554394,26.833363,64.709770
281.399612,182.872284,26.509155,64.015778
281.103001,182.210297,26.214363,64.618393
281.579983,181.869289,26.182594,64.243141
280.738236,181.779984,25.980696,63.740189
280.714316,181.460535,26.372988,63.556805
281.476995,180.492456,26.068151,63.770153
281.107555,180.014986,25.926399,63.923855
282.188582,178.462460,26.002825,64.336937
282.802183,177.478394,25.829777,64.688828
284.321632,176.736778,26.202896,64.446838
284.263577,176.395939,26.458105,64.198723
284.889067,175.377205,26.537128,64.588013
286.745764,174.233551,26.509022,64.948242
287.861582,173.089489,27.337383,65.084480
289.120822,172.350285,27.494822,65.528313
290.135685,170.733170,27.275932,66.126465
290.085706,171.703625,27.052877,65.501198
290.884346,170.323784,26.740524,65.750580
291.216900,169.199554,27.194160,66.225357
291.318052,167.744083,27.993046,66.746819
291.271898,165.987316,28.305767,67.661003
291.689385,166.216320,28.343046,66.570122
291.370186,165.316162,28.282898,66.734253
291.793162,164.570717,27.973734,66.709579
292.207929,163.815628,27.985525,66.530319
292.580580,163.431969,27.614140,65.977554
292.304978,163.370827,27.515898,65.457764
290.426480,161.775955,27.690527,65.761658
291.188811,162.204311,27.888720,65.507164
291.238712,161.708775,26.457634,65.608543
290.755728,160.823528,26.335026,65.642891
290.697632,159.946846,26.583145,65.365356
291.485695,159.467693,26.515152,65.566124
291.145796,158.404629,26.629902,65.817726
291.177187,158.881191,27.132671,65.954124
290.072392,157.709347,27.213888,65.947395
289.422801,156.754204,27.369287,66.081528
289.120339,156.307888,26.992338,65.885597
289.268775,154.843010,27.568666,66.357254
289.369950,154.360378,27.626570,66.593147
289.001019,154.658127,27.415199,66.225372
289.203756,153.723598,28.079533,66.594475
289.824126,153.178520,27.728289,66.562119
290.362682,152.904980,28.963203,66.965141
290.799371,153.915535,28.452299,66.505280
290.775356,154.419334,28.347618,66.463867
290.777811,153.831890,28.219311,66.679298
290.921840,152.859951,29.518396,66.900902
291.828663,152.298531,29.699425,66.381348
292.893217,152.647049,28.779804,66.107574
293.027032,152.619259,28.104445,66.286064
293.032049,152.135464,28.350697,66.417702
292.858427,152.263695,28.092793,66.209427
292.693884,153.097408,27.814701,66.092598
292.350245,152.390606,27.539560,65.964943
292.131029,153.562355,27.121883,66.767960
291.362036,154.502640,27.104557,66.160522
290.682393,153.681870,26.622595,66.235077
290.585749,153.887589,26.793407,66.169815
290.469968,154.543560,27.055944,66.506935
289.988712,154.384132,27.149696,66.151154
288.209511,154.094631,27.361023,66.225807
288.129370,153.572201,28.123508,66.351097
287.646526,152.561283,28.620644,66.838402
287.896781,153.319393,28.806536,66.102562
287.443220,151.747284,28.816441,66.921967
287.657242,150.846252,29.079071,67.650314
288.276814,150.384319,29.576757,67.878426
288.158003,151.820827,29.074696,67.212669
288.782314,153.390434,29.071526,67.048401
288.964195,153.059345,28.726227,67.566673
289.510730,153.125675,28.605539,68.175850
290.543012,152.894543,28.963598,68.667305
290.743875,152.765121,28.467360,68.785416
291.346202,153.238583,28.599405,68.592415
290.971418,153.334423,28.813740,68.578957
290.975379,153.685143,29.190569,68.932327
291.216057,153.646713,29.321823,68.638565
291.831759,155.217323,29.150537,68.831329
291.862403,154.982166,29.455294,68.717659
291.769144,155.015640,29.411999,68.495895
291.660332,154.824200,29.437881,68.641624
291.572259,154.739819,29.416685,68.608055
291.703204,154.519871,28.915415,68.245384
291.190127,155.864735,29.129984,67.766960
291.544995,156.693584,28.951254,67.877785
291.107123,155.744686,28.838457,68.034966
290.725986,155.902420,28.634729,67.897812
290.681193,156.661140,28.515497,67.603134
290.881299,157.421638,28.229254,67.555069
290.983236,158.000126,28.459248,67.475746
290.007937,160.257019,28.883890,66.607010
290.005255,160.325851,29.544025,67.433212
289.796996,161.261879,28.249010,67.713104
289.743943,160.926464,29.302107,68.046196
289.782952,160.896671,29.431776,68.556053
289.194939,161.489017,30.327179,68.783058
289.094693,163.462898,30.527578,68.541656
289.855897,164.092239,30.059813,69.157272
290.466163,163.862759,29.299349,69.501701
290.604651,163.590752,29.496111,69.560974
290.011133,164.350090,30.300396,69.659653
291.407400,164.999115,29.178486,69.428940
291.454985,164.537949,28.905186,70.076645
290.281099,164.610203,30.552013,70.004082
289.197696,164.660389,31.201639,70.621788
286.566456,166.750595,34.227959,69.787704
289.354735,165.997112,31.803362,70.397408
289.144014,165.030331,30.992260,70.270149
288.768381,166.114044,30.983929,69.703445
288.206775,165.411526,31.083002,69.141396
287.595172,164.694221,31.506174,69.060730
288.294116,165.164913,31.378107,69.126915
287.773551,164.926373,31.377703,70.261742
286.871703,164.452522,30.829210,69.523529
286.694298,164.377632,30.818146,70.526031
286.834640,164.678219,29.383806,69.698433
285.864872,165.026039,30.857674,69.927597
285.690411,165.649639,30.705009,69.954430
285.273973,164.699272,30.442577,70.336426
285.007694,164.719963,30.906227,70.480621
284.422194,165.396568,31.230242,70.543716
282.912526,164.552528,31.017645,70.671768
283.130240,163.669342,30.722460,70.547302
283.364681,163.408253,30.600975,71.032005
282.368237,163.129021,29.770971,70.653732
281.455419,164.024609,30.203222,71.560829
280.690022,163.591499,29.041756,71.873062
273.694965,161.579113,34.188148,72.420601
267.109879,163.083618,36.072983,131.306824
254.897987,191.493332,47.414032,111.731934
166.869062,183.603703,38.903614,87.208672
265.092482,159.362137,36.509174,128.025665
165.432766,182.372952,90.592445,107.094215
163.088135,180.315613,39.690674,88.499207
163.632656,181.371479,36.570442,86.684990
162.561274,182.022964,37.369183,85.181763
161.618584,180.946148,37.518356,86.113716
159.593227,179.257957,44.215767,89.134964
157.905525,180.326748,38.372421,86.836800
156.858255,180.946068,37.951031,85.806107
156.229454,180.153511,38.457718,85.573471
156.397377,180.540424,38.176895,85.645988
156.367210,180.354137,38.972000,85.333656
156.741371,179.383465,39.947800,86.569038
156.367802,179.779839,39.563286,86.864731
156.023712,180.102272,40.245331,86.385391
155.719561,179.176441,40.297573,86.738426
156.260769,179.163372,40.060097,86.148659
157.165745,178.497585,92.689049,109.336647
209.979683,185.954922,67.403458,112.151344
154.767420,176.182011,44.789349,88.644585
228.136065,153.054970,49.129635,142.862747
231.106329,192.627117,44.713062,102.164650
232.200748,191.370880,44.296959,102.914154
229.184477,173.481293,46.284550,120.618622
229.157539,191.644726,46.047897,102.099648
227.978855,191.377350,46.380394,103.495178
228.430107,190.053982,45.434586,104.220772
228.256405,191.896084,46.545601,102.269386
229.857094,191.516922,45.123825,102.391754
229.293743,190.695766,45.241493,103.814552
229.041866,169.609665,45.625343,124.752838
223.971981,183.599262,49.496590,110.374138
228.236956,192.966499,45.319576,100.783676
224.326841,163.773567,48.737766,130.497910
227.591450,190.403038,46.120201,101.874283
217.850616,155.512276,54.718933,138.466476
225.780035,191.026974,48.133747,100.922920
157.980391,172.790764,38.319874,89.817978
157.582409,171.797146,37.503014,89.229530
157.718493,172.664162,37.320904,89.172989
157.356426,171.628780,37.255577,89.425087
157.768185,171.446571,37.805534,89.278397
157.421019,170.954758,38.137531,89.237274
158.227125,170.413086,39.129932,90.000702
157.900938,170.255474,39.969349,90.465919
158.311380,170.359962,40.833828,90.554184
158.357412,170.377075,40.438114,90.662689
158.654360,170.320263,40.754345,90.473915
159.410864,170.336124,41.177372,89.945549
160.393923,170.737328,41.190716,89.326767
160.619553,171.788612,42.101883,87.777481
161.268181,171.087753,41.974030,88.248199
161.260912,170.966133,42.038189,88.544174
162.016884,171.051235,42.327301,88.655434
161.611917,170.849705,43.000790,88.424187
161.942766,169.966808,43.031353,89.023109
163.341743,170.353451,43.103943,89.458534
162.603964,169.705296,44.140232,89.530571
162.604237,170.100613,43.741951,89.218056
162.459230,170.129601,43.898418,89.231369
162.351295,170.128532,44.052460,89.183609
163.847874,169.226440,42.914009,89.694519
163.593031,169.126732,43.082844,89.263535
164.001438,169.876369,42.770485,88.996162
164.080536,169.405991,42.853134,89.204895
163.707052,169.905830,42.666386,88.782150
164.164705,170.150444,43.013988,90.001114
164.105328,170.600471,42.104393,89.992783
164.742758,170.223446,42.176609,90.289528
165.136833,170.718021,41.778442,90.137627
164.374454,171.278900,40.958199,89.917969
164.925766,170.232624,41.555099,90.804802
164.106659,169.932503,41.403763,90.289505
164.673986,170.505726,41.180820,91.032616
164.353786,170.945000,41.264214,90.172562
164.833612,171.887634,41.155239,91.830353
164.845688,172.337894,41.020401,90.967766
164.969162,172.038280,41.022812,91.102272
165.910917,170.277119,40.803455,91.347343
166.481117,169.520493,40.413940,91.075073
166.607244,169.728409,40.372746,90.185638
168.332251,168.992619,41.383488,91.114372
168.252884,168.739170,41.071884,90.797752
170.359770,169.405960,41.891712,89.932495
173.099157,169.166756,41.815617,91.053238
173.995661,169.223724,41.695858,90.992981
175.521000,169.057110,42.243629,90.456734
176.666559,169.456982,42.249996,90.081551
177.639816,169.213364,41.908005,90.124268
177.585375,169.424381,42.329937,90.097527
178.965374,168.897671,45.538750,90.481087
179.805513,169.385223,46.782940,89.889862
180.523975,169.137604,49.362556,90.372711
181.289997,169.478577,50.591560,90.628326
181.150215,169.479145,54.962952,87.195457
187.568975,168.844769,56.372349,93.361519
197.871651,168.527092,65.187073,118.924789
208.505238,171.389221,55.675148,117.451019
207.626556,175.316483,57.168106,112.233368
207.112579,174.297852,57.780136,113.100739
208.729340,176.042233,55.629196,112.130867
207.525349,173.747074,57.387672,113.460106
207.434504,174.764462,57.462887,112.760139
206.340544,174.603741,57.655018,111.704018
206.463352,173.912193,57.476265,113.184494
205.963053,173.565937,57.173031,111.693962
205.682949,174.456497,57.111015,111.820923
206.039711,174.533539,56.283844,111.145844
204.664421,173.914455,56.979187,111.178780
202.163866,171.808819,57.751354,112.404823
194.026909,168.849129,64.094879,114.211166
194.788319,165.178883,64.878548,119.895744
191.700233,164.251469,67.463531,119.679497
190.042610,163.584747,69.165771,120.895142
188.216373,162.140041,71.459969,122.055977
190.840084,160.248199,69.031059,123.110870
193.847744,166.487514,63.870293,119.275703
193.680569,164.726810,66.953209,120.331169
191.016262,164.192535,68.110344,121.437500
192.477093,165.955112,65.391136,119.440025
191.918495,165.476151,64.038422,119.381714
192.764019,167.124432,60.691643,118.113533
192.928186,166.980270,61.241116,118.379272
192.127924,166.943199,58.893490,118.650284
193.047581,167.461674,58.904305,117.970512
194.343822,167.149899,57.379204,119.121407
195.898584,169.292332,53.035549,118.382286
196.911318,170.621578,52.896313,118.276833
197.849287,170.393612,51.042866,117.552162
197.506851,170.120987,50.677994,117.208984
196.999212,169.596584,50.610844,117.125740
197.643555,169.391907,49.778702,116.800812
196.892286,170.106487,49.790821,116.128090
198.092258,171.117863,49.235237,115.515404
197.563612,171.316010,48.414387,115.493835
198.314249,172.024738,47.309078,114.914726
198.990795,172.224964,47.203087,114.719261
198.226175,172.338589,46.723293,114.154030
197.102104,172.959164,47.620667,115.261482
198.570402,171.948483,46.752155,115.520760
197.841509,172.366215,46.198864,114.875694
197.830873,172.272888,46.782848,116.119141
196.819313,171.548473,46.104614,116.024483
196.594357,172.121616,46.172661,115.761925
195.222200,173.193928,57.799328,99.497765
199.479553,171.375252,69.194168,81.119583
197.393059,170.857658,71.148163,78.317062
193.413305,179.135094,49.665134,112.544937
194.344942,178.489861,52.393414,113.870010
192.974215,179.677544,49.756023,112.275650
192.376516,181.003254,50.462803,111.032951
191.897635,182.493687,51.995090,111.651299
191.458767,183.230621,52.331413,111.578674
190.816422,183.898655,53.169449,112.042625
190.563984,184.432278,53.780891,111.349190
189.325678,185.874096,54.247036,110.618904
188.947451,185.991596,55.801586,109.921654
187.718657,185.419472,53.138416,111.402145
186.636320,184.703640,54.890980,111.787178
185.870987,185.164867,56.342911,111.391426
185.420948,185.901241,58.207893,110.430641
185.193130,183.160545,70.452560,98.025162
185.145660,186.755497,53.715164,111.976311
222.868874,168.983845,48.110870,79.287926
182.123096,187.545303,52.321053,112.513672
232.183537,165.925259,36.976112,82.036781
221.740517,169.220554,46.342102,78.224297
176.281727,185.117783,70.605782,105.271301
173.268896,184.412277,59.869328,107.559906
221.711193,166.126301,41.749260,79.598320
221.010229,165.790012,41.679447,80.968803
176.050171,183.729990,85.200546,62.736248
180.768024,180.464848,81.392708,67.832390
212.730934,168.669422,47.559113,78.581322
212.075384,166.070328,45.544621,82.921875
214.526337,164.694969,42.895584,83.335587
160.362282,187.758488,70.893845,90.493370
157.173632,188.392529,49.165524,109.423195
157.986118,187.236015,87.255272,82.312241
213.048052,165.542416,42.964291,100.033974
154.442677,188.895267,87.175041,93.370079
152.463423,188.663937,61.317600,105.197151
207.705683,165.823025,46.210644,99.709999
164.368664,178.279251,87.194771,72.494232
148.736115,186.262669,97.812897,90.668114
170.499802,175.591850,85.369202,102.107956
146.285418,191.673988,49.598354,107.859207
146.458384,189.524727,48.459759,109.209824
145.718750,189.922024,47.389038,109.113197
145.345530,190.499817,47.701702,109.633301
144.971643,190.219967,47.820507,109.834785
144.166868,189.783882,48.390293,109.172043
143.907425,189.923767,47.028381,109.783264
142.688866,189.572018,47.022934,108.955482
141.284885,189.418663,48.262047,108.498947
141.292986,188.406738,58.408871,106.889648
140.922693,190.367058,48.573284,105.505356
140.702644,189.560646,46.695236,108.004532
139.559696,189.326668,46.744774,107.789780
139.782154,189.730461,46.219933,107.849258
138.890053,189.897137,45.786514,107.282234
138.410816,190.267754,46.540245,107.537582
138.235542,190.419708,45.715561,107.245880
137.425732,189.542480,46.359261,107.146240
137.278822,189.274731,46.515354,107.856483
137.309795,189.285957,46.367256,107.717728
138.224218,189.444782,46.626026,107.897118
138.538895,189.005829,45.810913,108.078064
139.053455,189.232609,45.877220,107.917870
138.753242,189.367153,46.174362,108.019783
138.782824,188.864857,46.307003,107.943138
138.970570,188.353424,46.398064,107.896088
138.730072,188.308270,46.238586,107.745796
138.767506,187.363289,46.300560,107.780777
138.050598,188.479431,46.665527,106.553955
137.317902,187.970219,46.226105,107.641106
136.942606,187.491009,46.620007,107.376137
136.398632,187.530636,46.512215,108.027626
136.014507,187.145672,46.427620,108.488075
135.304567,186.767624,46.055111,107.661102
135.105419,187.068188,45.991096,107.754097
134.721348,187.164387,46.446373,108.050011
135.166660,186.994263,46.247215,107.867981
134.835955,187.458443,46.248928,108.102707
134.675304,187.086887,46.182716,107.866508
134.945326,187.356037,46.351505,107.470879
134.490259,187.198536,45.881237,107.836693
135.040897,187.939053,45.702049,108.183052
134.332983,187.027855,45.540791,108.980637
133.991674,186.621880,45.963673,109.005875
133.526863,186.459656,45.867355,109.612152
133.097425,185.377735,45.987766,110.676506
132.720739,186.250633,45.981037,110.173569
132.219030,185.645508,46.474567,110.949738
132.890162,184.915264,46.030132,111.637794
132.859909,184.177387,45.860413,112.510338
132.062283,183.645615,45.975990,113.331940
131.472471,182.921055,46.113041,113.653740
132.012266,182.975056,45.577702,113.506706
132.357052,182.689526,46.099586,113.550301
132.597244,183.202160,47.130951,114.443825
132.999502,183.158348,47.807880,114.391251
132.444004,182.592640,48.730064,114.978172
133.658604,181.901821,48.206322,114.461555
132.705347,182.139820,47.985729,115.065544
132.701332,181.977531,47.895920,115.059769
133.040518,181.836823,47.472584,114.748596
132.541973,182.383133,47.456215,114.339966
131.954384,181.982269,47.988907,115.089661
131.726713,181.408909,48.078526,115.173332
131.018965,182.297497,47.859653,114.830238
131.205021,182.399075,47.511314,114.461067
131.063564,182.266586,47.263161,114.446625
130.035126,182.373367,47.158051,114.570435
129.758438,182.070747,46.823944,114.247513
129.626356,182.999477,47.180790,113.356514
130.120104,182.633469,46.748714,113.257050
129.794512,182.867130,47.002499,113.542625
129.775890,182.059185,46.709389,113.931740
128.463259,182.084278,47.044003,113.492577
128.094238,182.374500,47.462494,113.533073
127.761063,182.228088,47.857025,113.504242
127.611631,182.652958,48.254307,113.530937
127.569004,181.548180,48.285789,114.309280
126.625820,180.793381,47.983192,114.633820
126.610973,180.152134,48.359810,115.002800
126.010595,180.453156,49.208454,115.642761
124.812639,180.872875,49.639309,114.872231
124.668617,180.817558,49.763290,115.085953
124.508469,180.134243,50.197754,115.584694
124.355598,180.892529,50.080826,114.920753
124.392586,181.135727,49.677933,114.899261
123.994102,180.306423,49.706406,114.899940
123.525476,180.810448,49.896709,114.364548
123.888659,180.824142,49.870235,114.597778
123.287354,181.042961,50.054321,114.611130
122.837015,180.826668,50.576885,114.507278
122.739025,181.226810,50.854317,113.703758
122.836750,181.522217,50.744682,113.673584
123.563059,182.548885,50.195965,113.527962
123.237047,182.930527,49.867306,113.035065
123.346502,183.310776,50.193043,112.957520
123.097017,183.278629,49.923702,112.900139
122.487537,182.906487,50.691124,112.750992
122.721167,182.805576,50.425556,113.046989
122.173386,183.149902,50.260162,113.073181
121.991884,183.322765,50.534573,112.888527
122.399872,182.995079,50.604034,112.737900
121.910536,183.184586,50.090427,113.024872
121.957344,183.158733,50.619675,113.081825
121.269676,183.352715,49.780319,112.914078
121.427382,183.861259,49.383671,112.742447
121.684572,183.705307,49.662380,112.957581
121.352871,183.713024,49.034615,112.473518
120.811234,184.297241,48.918365,112.394165
120.714392,184.561005,49.109486,112.316132
120.970781,185.555901,47.590633,111.752945
120.840343,185.931396,48.014595,111.315094
120.796175,185.767498,48.053951,111.280647
120.775017,186.875317,47.714493,110.932289
120.528605,187.208153,48.234142,110.363541
121.051975,187.231194,47.688622,110.655746
121.518877,187.435329,47.218777,110.397743
121.799015,187.772762,47.156395,110.523140
121.463173,187.468800,47.255020,110.644463
121.859827,188.071190,46.983868,110.498672
121.541256,188.331188,47.571938,110.356544
121.899946,188.521832,47.431156,110.989510
122.113310,188.274731,47.552616,111.080421
122.274870,188.832020,47.774021,111.137718
122.071131,189.098232,47.397167,110.980843
122.618687,189.780907,47.761070,111.203995
122.270884,189.917515,47.819836,111.264793
122.059881,190.153442,47.600452,111.314545
122.502035,190.273170,47.608234,110.747696
122.870455,190.215790,47.573879,110.921173
122.415142,190.004303,47.392464,111.269318
122.625359,190.231213,48.002365,111.211464
122.133831,190.728470,47.807686,111.259644
121.954100,190.918873,47.643223,111.330254
122.341125,191.200054,48.057220,111.229958
122.165031,191.195805,47.671921,111.293205
121.457102,191.805443,47.130138,111.006088
121.922266,191.744553,47.128796,111.115234
122.016624,191.632351,47.280319,110.932930
121.420307,191.143089,47.739220,110.982071
121.791054,191.395565,46.889572,110.866249
121.083691,192.172127,46.997169,110.511978
121.239845,191.728088,47.241592,110.730743
120.873852,191.713474,46.792152,110.847588
120.622519,191.272118,46.731129,110.905807
120.802790,190.529480,46.077312,111.642242
121.020555,190.497959,46.417873,111.719902
120.056856,190.064102,46.722927,111.536224
120.254839,190.916370,46.668362,111.475761
120.210018,189.927101,46.858498,112.134476
120.364912,190.183910,46.713474,112.199959
120.243042,189.507114,46.412659,112.403831
120.568968,189.211277,46.857487,112.222954
120.826130,189.337013,46.672417,112.442947
120.109465,189.497253,46.320133,112.429688
120.237423,189.712547,46.425240,112.462448
120.565763,189.072685,46.933048,112.354813
120.494806,187.963539,46.573742,112.594162
120.423714,186.208805,46.865646,113.109215
120.322866,187.051994,46.937641,112.402298
120.398727,186.979507,46.216614,112.724335
120.167570,186.550869,46.730930,113.625557
119.719582,187.593548,47.207413,113.182533
119.799604,188.106842,47.000980,113.047150
119.445971,186.851955,46.798275,113.149330
119.262407,186.218914,46.803860,112.996407
119.037493,185.519917,46.827145,112.925713
119.525249,184.514339,47.042030,112.571114
119.268669,183.449490,46.595047,112.590919
118.838409,183.246471,46.575226,112.480507
118.705885,183.726154,46.411106,112.122612
118.552668,183.731537,46.767071,111.624023
118.251953,183.074100,46.672394,111.751976
117.758097,182.214962,46.802898,111.560646
118.547678,181.356010,46.325176,111.171555
118.115145,181.028179,46.553310,110.727119
117.820089,180.392143,46.455280,110.805984
117.752577,181.877174,46.012913,109.439499
118.419500,181.475029,46.227070,109.741348
118.132059,182.368992,45.953899,109.564537
117.603069,182.175346,46.109932,109.421951
117.411810,182.150093,46.315357,108.822433
118.214548,181.653324,45.963421,108.778465
118.137920,180.917862,45.983192,108.635620
118.184223,181.006195,45.997795,108.313080
118.102623,180.233578,45.522842,108.366798
118.589100,181.465405,45.617027,108.109200
118.959774,181.171432,45.988838,108.303375
119.285042,183.226860,45.742203,107.174454
118.333698,183.938881,46.019096,107.164749
118.963650,183.147327,46.263832,107.792351
118.643686,183.402065,46.360058,107.303993
118.852850,183.164368,46.314045,107.224731
118.394051,183.949741,45.951065,106.735466
118.810919,183.984806,45.985554,106.751488
119.211420,183.986958,45.980083,106.818779
118.707161,184.173843,46.015366,106.711151
118.866547,183.875893,46.110840,107.090866
118.481623,184.270176,46.245159,107.186913
118.784483,184.147495,46.164188,107.072472
118.606527,182.679813,46.301044,107.455406
119.101732,182.555748,46.076900,107.642197
118.768448,182.714333,45.721527,107.365341
119.056023,182.405720,46.087662,107.418205
118.945856,182.055210,46.524029,107.826103
118.975529,182.483807,46.105553,107.806770
118.830433,182.332932,46.521599,107.411926
119.545679,182.965897,46.946850,106.950104
119.348696,182.932388,46.313259,107.059113
119.699183,182.664906,46.759747,106.881187
119.973305,182.250957,46.783096,107.643898
120.191259,180.920971,46.475086,107.942482
120.267178,181.153694,46.388924,108.030045
120.965279,181.110439,46.460098,107.975380
120.400801,180.454266,46.045902,108.180824
120.388308,181.254665,46.433590,107.260994
120.696465,181.632042,46.535172,107.359421
120.794733,181.064735,46.314465,108.106888
121.048449,180.948784,46.398190,107.944656
121.354120,181.352242,46.960522,107.337143
121.692087,180.990974,46.619488,107.545792
120.870523,181.835155,46.729443,107.042549
121.440786,181.596428,46.980244,107.471481
121.195896,180.887283,46.449028,108.163818
121.344324,180.803631,46.080334,108.204659
121.223328,180.957012,46.362244,107.517128
121.268591,180.723816,46.369312,107.528717
121.130720,181.095058,46.334263,107.658272
121.066303,180.092457,46.227287,108.475883
119.946003,180.867691,46.127983,107.818176
119.943632,182.468254,46.260563,106.718460
119.998966,181.889542,46.805138,107.224365
120.209024,182.066338,46.237591,107.235733
119.427465,181.746521,46.430561,107.626740
118.665588,180.876244,46.417694,108.102859
119.405956,182.086555,45.924385,107.488022
118.647566,180.469097,46.094761,108.601204
117.447289,179.311138,46.276260,109.380684
117.254383,179.599075,46.503105,108.833282
116.974541,181.203438,46.563889,107.479080
117.306707,180.862968,46.486683,108.203445
116.962561,181.933746,46.155109,107.354187
116.210205,181.011719,46.460541,108.052063
115.999346,180.480682,46.232723,108.558563
115.889805,181.596668,45.948112,107.816277
115.462433,179.184559,46.267029,109.721581
115.439703,179.957848,46.600361,108.986160
115.503679,181.277897,46.213161,108.025291
114.565811,178.453796,46.034485,111.159698
113.957344,180.930855,46.109421,108.526474
114.191141,180.894554,46.639446,108.638931
113.358442,181.080383,46.051548,108.634125
114.161114,177.163010,46.305855,113.667511
113.609325,175.176365,45.596504,115.813957
113.969229,176.154827,45.341663,114.743721
113.740574,178.102360,45.263969,112.670189
114.009619,178.401470,45.188496,112.752571
113.341436,179.766071,45.410694,111.366325
112.811556,181.285168,45.527554,109.666145
112.363054,182.054111,45.590664,108.864555
112.248291,182.807861,45.805267,107.835602
112.719532,182.551247,45.728477,107.977432
112.349407,182.166248,45.719429,107.945915
112.567778,182.396046,45.820011,108.635735
111.371065,183.324226,45.720516,107.905167
111.559563,183.459572,46.296219,108.122757
110.832127,182.643024,45.801720,107.790916
110.534843,183.647285,45.818192,107.855972
111.149048,183.664772,46.237732,107.672012
110.669262,184.675617,45.566261,106.945183
111.048147,184.540722,45.807240,107.337288
110.530830,184.156258,46.033493,107.082870
109.084032,184.473709,46.528561,107.065643
109.247463,184.681019,46.256599,107.140892
109.739363,185.416183,46.435673,107.278168
109.152794,185.042625,46.977585,107.098984
108.710722,185.874550,46.351292,106.927811
108.252300,185.726868,46.415932,106.956726
107.464340,185.627331,46.304810,107.050758
107.150385,185.557091,46.312328,107.322586
106.845047,185.624176,46.335205,107.235199
106.215467,185.565365,46.589725,107.830360
106.090012,185.433701,46.614410,108.465790
105.951057,184.950668,47.027634,108.773163
105.692034,185.488144,46.766567,108.890900
104.999258,184.488186,46.460590,110.258888
105.455170,184.239140,46.492157,109.851463
104.514441,184.151146,46.670460,110.461868
104.231030,183.776196,46.709053,111.012459
104.323196,183.080143,46.616486,111.071678
103.853548,182.776649,46.526577,111.305618
104.135372,183.144329,46.846809,111.519539
103.914795,183.026985,46.748871,110.996536
103.786402,182.705063,47.015331,111.635803
103.724592,182.580925,46.953251,111.930161
103.696442,182.447330,47.060791,112.487846
104.478573,181.953503,47.022713,112.490852
104.082081,182.595665,47.163475,112.753708
104.020350,183.059875,47.410229,112.066925
104.226782,181.936180,47.312946,112.578598
104.341137,182.278633,47.252510,112.307419
104.347410,182.620678,47.205509,112.217323
104.062836,182.370319,46.979858,112.774467
103.501282,182.240845,46.942444,112.955841
104.339954,182.502186,46.952019,112.975334
104.262291,182.883564,46.882980,112.905266
103.562160,182.783104,46.714516,113.161606
103.409014,182.500790,46.845455,112.678902
103.332993,181.658356,46.950409,112.923828
103.380051,181.301167,46.997894,113.457848
103.266186,181.629913,46.657204,113.738190
102.984478,181.773849,46.518593,113.559265
102.839008,181.390968,46.454002,113.425613
102.115232,181.467388,46.210911,113.428413
102.273146,182.200333,46.439457,113.051575
101.580971,182.427200,46.861435,112.410095
101.136238,182.376850,46.819443,112.383324
101.501568,182.672806,46.149361,111.839447
100.769119,182.027077,46.245239,111.879349
101.012093,183.315643,46.222366,110.843231
100.930593,182.463448,46.014637,111.255325
100.315691,183.279888,46.685177,110.664375
100.171717,182.285839,46.415081,111.355965
100.584137,182.826717,46.494537,110.638313
100.546663,180.913857,46.300869,111.238052
99.879013,181.161758,46.382996,110.978790
99.046215,181.754642,46.266151,110.956505
98.709742,181.155369,46.140606,111.675774
99.103035,182.250008,46.509689,111.063828
99.028753,181.264637,46.042133,111.728203
97.863340,180.875637,45.906620,111.397102
97.803413,179.940098,45.989731,111.378075
97.219593,179.591568,46.271935,111.265839
97.022514,178.717468,46.129288,111.718353
96.609930,179.458385,46.313709,111.194283
97.350914,177.822128,46.274796,111.816895
97.210398,177.768421,46.107464,111.389091
96.406145,177.552685,46.038754,111.733376
96.224451,177.190491,46.209637,112.165314
96.131756,176.767696,46.349922,112.564278
96.100523,176.569771,46.336765,112.559738
96.096436,173.779736,45.993378,114.185097
95.219500,172.813854,46.068630,114.691048
95.671793,171.270035,46.110973,115.610565
94.941570,169.743259,45.921822,117.439720
94.890764,169.283291,45.779202,117.135017
95.082514,169.392067,45.946392,117.353714
94.803577,168.104385,45.914787,117.488647
93.752419,167.835686,45.967972,118.034653
93.376129,167.985023,46.180206,118.271255
93.504757,167.992241,46.127419,118.805679
92.764109,167.303326,46.180523,118.302467
92.280424,167.884190,46.231113,118.846123
92.120089,167.024418,46.249050,118.828911
91.370804,167.004269,46.517548,119.433479
91.323685,167.132870,46.647278,118.896645
91.069845,166.933208,46.617847,119.323708
90.729296,167.202923,46.240963,118.604988
90.814484,166.953892,46.560608,118.678093
90.142099,167.540787,46.573528,118.562744
90.453289,167.084019,46.110268,118.339836
89.077679,167.616638,46.439522,118.059784
89.361673,168.015759,46.054729,117.273476
89.871374,168.247250,46.188282,116.458443
89.784809,168.906761,46.187889,116.435318
89.206072,169.961052,46.195766,114.579605
89.100145,171.525055,45.995419,114.263458
87.953405,171.824745,46.139942,113.487137
88.402039,171.899540,46.240906,112.887291
87.949142,172.837345,46.068176,113.018639
88.745197,172.048584,46.394188,113.009094
88.317181,172.639191,46.337715,112.493317
87.807556,173.187637,46.557892,113.151306
87.253151,173.286221,46.682571,112.964302
87.404509,173.059517,46.490635,112.822708
87.866383,173.762325,46.568748,112.517525
87.858782,173.598911,46.563839,112.400536
87.722694,173.323696,46.601242,112.416176
87.633337,173.075775,46.568531,112.391144
87.659109,174.071373,46.484028,112.264267
87.581888,174.604549,46.555706,111.871681
88.073246,174.844273,46.642479,111.820030
88.227440,174.625614,46.573837,111.986473
87.332405,174.830513,46.479141,112.076889
87.710138,176.022022,46.783306,111.544640
87.601629,175.828915,46.574757,111.677345
87.832458,176.631821,46.835144,111.031616
86.771717,176.587852,47.048637,110.912521
87.507553,177.184425,46.819122,110.584335
86.949444,178.457157,46.770180,110.184471
86.876698,178.361378,46.733482,110.352226
87.011459,178.442760,46.720398,110.296394
86.812609,179.534916,46.688107,109.333122
86.584690,180.315399,46.671562,109.336151
86.406191,180.009655,46.624508,109.567696
86.143745,180.003738,46.508041,109.482239
86.205038,180.787994,46.595020,109.265625
85.798441,180.604839,46.766369,109.842567
85.357008,180.965439,46.721714,109.789795
85.842291,181.720398,46.181904,109.302307
85.345148,181.687115,46.533703,109.431740
85.434748,181.212769,46.302074,110.044891
85.224634,181.542782,46.517193,109.851631
85.331486,182.672726,46.578117,109.047462
85.045557,182.401237,46.335949,109.378830
84.602921,182.930790,46.660889,109.121483
85.003723,182.483162,46.319275,109.750015
84.030521,183.357441,46.205040,109.071342
83.805401,184.362972,46.334511,109.170143
83.541061,184.975708,47.011932,109.006561
83.693899,186.595512,46.539265,108.849869
83.155209,186.056015,46.783485,109.029022
82.680456,185.657619,46.718250,108.905312
82.187527,185.649635,46.465919,109.347580
82.516027,186.298119,46.895191,108.704453
82.708788,187.010460,46.958706,108.928513
81.689329,187.555302,47.462467,109.111290
81.573940,187.635696,47.475990,108.788391
81.429104,187.562363,47.414162,108.815063
81.090359,187.804306,47.519997,109.202026
81.246716,187.842468,47.156319,109.280670
80.783911,188.424400,47.422993,109.491714
79.932779,188.173851,47.154247,109.533737
79.365099,188.982140,47.098568,109.529831
79.817167,188.803383,46.752598,109.535660
79.427425,188.915970,47.411598,109.249237
79.072886,189.225288,47.416485,109.627182
79.001438,189.663853,47.376579,109.563194
78.642542,190.244907,47.157482,109.831657
78.137703,190.526108,47.214218,109.819336
78.378815,190.371181,47.034210,109.527870
78.003092,190.499283,47.344036,109.468842
77.118221,191.122105,47.122200,109.683189
76.821922,191.347862,47.187393,109.835251
76.980993,190.900818,47.009663,110.555298
76.160835,189.481998,47.279831,111.361351
76.356703,190.005043,47.551060,110.841049
75.400887,189.143806,47.029129,112.012344
75.475126,188.378017,47.447178,113.038216
74.134514,189.529308,47.217148,112.912453
73.198668,188.783230,47.214848,113.643074
71.888039,189.336678,47.570175,113.284134
71.552811,189.180885,47.493591,113.603989
70.262486,189.263954,47.702568,113.382950
67.720993,189.589046,47.790771,113.034187
63.455517,189.633759,48.081245,113.184357
59.990355,189.499432,47.704655,112.584572
55.349228,189.992424,47.886749,112.431808
54.687862,190.027000,48.287880,112.159256
48.632305,189.669724,48.761360,112.687317
42.298185,189.579239,48.658146,112.488068
35.703203,190.315735,49.011257,112.882965
29.737684,192.802647,48.243778,113.198784
22.671635,194.588020,48.705956,113.052750
22.965960,195.036716,48.666317,113.023430
15.922363,196.293404,48.758636,112.667953
9.156557,197.452347,48.434170,112.306488
2.187004,198.121315,48.532486,112.442642
0.000000,198.273659,44.293085,112.294327
0.000000,198.399597,36.317735,111.373291
0.000000,198.527100,36.920748,112.728668
0.000000,200.051514,28.701416,112.229156
0.000000,201.878651,21.613874,108.970634
0.000000,203.685555,14.809207,109.074921
0.000000,231.950607,10.430537,61.981110
31.606616,202.497055,28.052954,93.032112
29.477714,191.584045,47.996670,103.979515
21.774290,195.594189,147.450760,127.653198
131.445022,190.843208,53.757915,127.258186
125.836689,191.423164,50.356174,127.405556
118.925148,191.030674,50.981075,128.865067
114.786985,192.366573,50.589523,127.413300
0.000000,193.761791,44.798008,105.227417
41.459482,196.791439,117.412033,132.872467
101.664938,194.366005,52.889732,126.805611
0.000000,194.018063,25.953322,106.222076
0.000000,196.047577,19.887425,101.505669
0.000000,197.713718,14.530714,101.529022
0.000000,197.615150,13.059849,99.892769
0.000000,200.213104,10.000000,87.292824
0.000000,208.777245,10.000000,89.828468
0.000000,253.062267,16.646953,67.854294
64.457006,205.369747,19.915039,120.026581
61.332933,200.940628,50.718422,125.630165
60.747053,199.343025,50.165390,127.200462
54.094158,200.865131,50.858631,127.231506
49.030782,203.405964,51.418304,125.838959
44.419607,204.689590,50.705933,125.663185
39.248960,206.110413,50.774277,125.265541
34.864492,207.214138,51.402405,125.463150
34.925703,207.480263,51.304489,123.713524
30.066467,207.015373,51.505810,126.009056
25.932592,208.216610,51.893066,124.435959
20.939926,209.563683,51.779797,125.686546
16.900043,210.968861,51.960270,124.846741
13.108787,211.598778,52.058895,123.902092
12.381238,211.479416,52.888870,123.434303
7.283636,211.972694,53.711243,124.901024
4.365196,212.526924,52.791225,124.355705
1.145931,211.355465,51.346607,124.849197
1.215232,211.539528,51.290432,124.571831
0.818239,210.893269,51.202766,125.232941
0.939477,211.365940,51.168114,124.843689
1.005483,211.461704,51.846893,125.682068
1.956134,212.088120,52.812199,125.822914
3.796533,211.888180,53.124809,126.816757
5.272790,211.582077,53.226677,126.596413
7.426715,211.614025,53.917667,127.941605
7.195240,210.566162,53.849735,127.159004
8.577140,210.939610,54.172848,128.465576
9.776285,211.438835,54.725578,127.707420
10.510187,211.667496,56.029228,127.967690
12.354566,211.356228,54.850540,128.067978
14.395986,212.043964,55.185883,128.235718
14.607078,210.798611,55.871456,128.844284
16.356262,211.069195,55.122326,129.430893
18.192668,212.043118,55.690144,129.190201
19.460304,211.461704,54.794033,129.417969
20.550600,211.581776,55.389076,129.202515
22.149585,209.765797,55.304813,128.502014
22.323114,209.516788,54.985497,129.422974
23.895046,209.123821,55.353474,128.891281
26.685916,208.195599,55.891178,128.575180
28.961793,207.812077,55.949409,129.034943
32.969406,206.857014,56.546246,128.628998
36.500644,205.345982,54.233494,128.474121
35.848245,204.993008,55.003319,129.223831
40.436986,205.823406,54.594604,127.477371
43.192049,203.918514,53.581734,127.852036
46.161190,204.143677,54.084492,127.782387
48.991994,203.552185,54.201691,127.475868
51.946676,204.094810,53.955017,127.964470
51.121038,203.308430,53.946289,128.100861
54.489011,204.307755,53.253372,127.941383
56.016466,203.487438,53.434944,128.267227
58.813520,202.738388,52.679855,127.618752
61.156509,201.606621,53.113903,127.135765
63.823408,200.949387,53.093033,127.021889
64.095838,200.688938,52.481552,128.281189
66.057434,200.539463,52.263744,128.262817
68.168052,200.073814,52.184017,127.714104
69.622570,200.571369,51.764240,128.609955
71.538665,201.449955,51.775921,128.092926
73.923013,201.671101,51.629173,127.955139
74.087821,200.653408,51.160580,128.663620
74.363014,199.421291,51.878353,128.307602
75.800622,196.914349,52.954613,128.556992
77.177585,194.686115,52.263371,128.763672
79.328222,194.268078,51.752563,129.307358
80.821634,194.008717,51.731987,128.896149
43.445634,194.044743,87.741219,132.326538
19.782732,187.018475,106.753883,143.406784
75.827411,193.807339,61.335484,130.550308
83.799739,193.501026,52.090992,129.178467
0.000000,197.585266,22.300331,100.801613
0.000000,201.643257,14.951030,94.008995
0.000000,201.372395,14.168558,93.991486
0.000000,199.605965,13.890011,95.163582
0.000000,187.279045,14.702561,107.936699
0.000000,185.714664,15.294326,110.059570
0.000000,181.112709,17.370147,112.422508
0.000000,181.169956,17.729195,112.236069
0.000000,181.824539,17.611057,111.901451
0.000000,180.377346,19.029490,111.942093
0.000000,180.567753,20.115553,112.483826
0.000000,180.697838,20.953029,112.553215
0.000000,182.441765,21.864809,111.002068
0.000000,182.945522,23.388687,109.280304
0.000000,183.020630,23.169726,108.694832
0.000000,182.317604,24.391190,108.685341
0.000000,181.447460,26.332942,109.059296
0.000000,180.782028,28.112104,108.620598
102.486193,184.847610,36.219795,125.234978
102.656512,183.137566,50.047493,126.907417
103.717912,183.263401,49.806438,126.302597
105.195422,182.820282,50.121773,126.019249
81.354819,177.592999,74.704651,132.598022
100.226601,173.169476,60.988796,144.086700
111.629035,184.817074,48.546326,125.047821
0.000000,178.077885,38.850505,111.169052
114.309778,184.778591,48.774223,125.682770
114.349689,183.527401,48.989109,126.691071
116.283264,183.549442,48.783550,127.217545
117.380000,183.824577,48.553059,127.637886
118.415349,183.931267,48.680298,126.465767
115.047332,181.727818,53.457867,129.837448
119.483951,184.107189,49.748692,126.413269
120.775165,182.137394,48.451267,128.532455
121.827190,183.133362,48.032001,127.629478
7.530965,179.603821,42.659454,107.385429
124.590671,182.593235,44.565128,126.238113
122.940038,181.964943,52.336670,127.079994
126.191345,181.030045,48.592846,127.575279
127.983861,181.200382,49.877869,127.388596
130.365835,182.369072,50.288757,125.924202
132.536085,182.181053,49.557419,126.114540
135.103303,181.756840,50.279366,126.222061
137.336858,181.684368,49.190918,126.434509
138.795410,181.679470,48.440594,126.834198
93.922002,178.010296,94.088348,131.030487
141.495286,180.582249,50.124092,125.707138
143.351943,181.743187,49.161938,126.088722
145.306936,181.482735,48.724670,126.056007
44.818395,178.176960,150.273407,131.341599
146.202625,181.571320,51.656071,127.719383
147.998001,182.127838,50.577740,125.537437
28.393995,180.141621,159.901474,128.871384
153.285722,181.065296,50.997414,127.296371
19.785673,181.914825,76.514725,107.076469
25.751386,178.477596,78.471268,119.636200
13.502273,177.173100,10.000000,112.235123
0.000000,210.028248,12.065798,89.209076
0.000000,209.785080,14.216362,87.680153
0.000000,206.021717,16.218252,91.033569
0.000000,202.085526,18.299169,95.119225
0.000000,198.804676,20.201414,98.553177
0.000000,197.501163,20.760537,99.578857
0.000000,188.338230,23.171809,108.820770
0.000000,186.538380,24.390963,109.849503
0.000000,184.853680,25.967121,111.406158
0.000000,183.992352,28.471095,112.036133
0.000000,183.662987,29.686793,111.575600
0.000000,184.175613,29.824898,111.898674
0.000000,182.932220,32.273922,109.883598
0.000000,182.112949,35.071894,111.058334
0.000000,181.209465,42.584720,108.780739
67.345520,174.192356,44.356907,99.133652
0.000000,175.563187,43.978124,111.898338
0.425990,176.439133,108.919815,97.924950
191.665055,173.552773,56.335850,120.190956
73.660804,169.251827,46.122551,99.254944
3.273032,172.065151,47.465691,112.962067
3.282262,170.684704,48.178768,113.830048
6.001429,169.477505,57.038284,110.554688
65.297444,164.837997,59.436977,108.259483
7.733662,167.482464,47.300961,112.246063
8.887694,165.637650,48.463692,112.647301
42.492141,162.245205,87.800087,97.651184
206.342826,161.904175,55.163902,117.317894
209.678479,161.441833,53.196331,117.840508
89.284819,157.991425,57.797218,101.324211
16.308371,157.675358,47.960945,111.852554
18.386023,156.384697,48.075661,111.688271
20.101271,155.099510,48.596642,112.329170
22.703772,155.018982,48.430824,111.588188
24.441508,153.681984,47.674133,111.099495
25.562243,154.013012,47.181137,111.543915
26.527665,153.475975,47.269154,111.576363
29.078492,151.712185,47.259113,111.418091
31.685019,151.069801,47.329933,111.714333
33.723267,149.865025,47.357319,111.085190
34.828017,148.514969,47.800224,111.643822
35.213242,148.923515,47.788807,111.406502
36.929097,146.752735,47.260601,110.781662
38.576752,145.668091,48.061848,111.267784
40.896298,143.820576,47.568722,109.898788
43.125983,141.306751,47.959541,109.695999
45.328143,140.397308,47.736252,109.870689
45.815100,140.590393,47.601143,109.924858
47.948018,139.520962,47.318920,110.281586
49.812186,139.347397,48.056282,110.613731
53.109706,138.654453,47.980133,110.508316
54.230557,137.090019,47.961910,110.770821
56.646893,133.306744,48.079861,110.955231
56.303330,133.556889,47.241199,111.076096
58.278975,129.556747,48.366539,111.563103
60.947861,128.406151,48.304829,111.948524
62.952042,126.578274,48.535450,112.717133
65.446271,125.864246,48.561398,112.364151
68.000024,125.302547,47.944675,112.279999
68.946275,125.131931,47.805470,112.417160
71.294686,125.092796,47.922398,112.607704
73.615117,124.373283,47.498272,112.971016
75.376712,123.699768,48.157700,112.967827
77.803714,121.575218,47.976852,113.501686
80.251612,120.632008,47.892395,113.393845
79.628514,120.778130,47.957561,113.341835
81.895856,119.061611,48.189632,114.048492
84.247508,117.621490,48.161621,114.275261
85.427823,117.404354,48.332699,114.187225
86.947230,116.338005,48.250000,114.484322
88.696137,114.004017,48.160023,115.279434
89.045396,114.714813,47.959705,114.504509
88.324834,114.799522,48.335308,114.320107
88.864529,113.805450,48.093044,114.386040
88.179702,114.060406,47.720329,114.005188
85.751660,113.579655,48.016354,114.616379
85.584431,117.661983,48.227642,114.341217
85.314515,117.232883,47.796741,114.358109
85.036092,120.464790,47.761761,113.387550
85.137421,122.429935,47.619343,112.425247
85.190242,125.076294,48.063690,112.180565
85.939173,127.835087,48.125854,111.656845
85.519967,128.669785,47.625858,111.462517
85.788817,128.557243,47.598045,111.542580
85.772420,129.519623,47.619518,110.967094
84.657307,129.646217,47.445904,110.995857
83.134442,128.873573,48.039455,111.021706
81.911431,129.817963,47.055759,111.196587
80.200574,129.760162,47.333614,111.320641
80.142947,129.066345,47.405533,111.670128
77.575257,129.349308,47.810810,111.752457
76.597874,130.726151,47.443401,111.905724
74.147031,132.757473,48.082882,112.174225
73.510093,133.846062,47.277901,112.398140
71.769061,135.082714,47.440506,112.181244
71.924725,135.452065,47.885860,111.899513
71.690646,136.831848,47.654526,112.577263
70.002465,138.627537,47.539585,112.377029
69.548243,139.884197,47.293457,112.317932
68.725911,141.116970,47.342937,112.112579
68.491410,143.097164,47.279224,112.321106
68.079301,143.351242,47.440479,112.085075
68.023196,144.628952,47.343918,112.193932
66.952914,146.719837,47.092880,112.685837
65.499062,147.113647,47.300938,112.331444
63.318742,148.359722,47.571796,112.026062
61.644923,151.815475,47.423767,112.591789
61.760640,151.669655,47.741009,112.669655
58.973948,153.028870,47.873383,112.411644
57.441617,155.793709,47.422543,112.711128
55.200192,157.872036,47.614468,112.487701
53.464310,159.294369,47.534504,112.374268
52.834611,160.769760,47.442249,112.253960
52.399194,160.849941,47.902073,112.224823
51.521874,162.522949,47.267887,112.874229
51.027819,164.239349,47.698990,112.663475
50.665786,165.739540,47.536522,112.616005
50.595628,167.325771,47.558186,112.411316
49.982215,167.887394,47.707191,112.459274
49.609168,167.779465,48.038918,112.823357
49.448788,169.683125,47.389919,113.127426
47.597775,171.392292,47.871120,112.621231
47.166241,172.623589,47.517818,112.314430
46.978448,174.005993,47.470707,112.694489
45.680724,176.139709,47.360008,112.639977
45.825640,176.775269,48.367630,112.269127
44.933806,177.880756,47.533195,112.766006
45.282880,180.132076,47.932827,112.279297
44.370286,180.519878,47.788685,111.497406
44.243638,180.312836,47.531757,111.635185
43.395591,180.351070,47.810402,111.415039
43.459901,180.163673,47.865498,111.581123
43.761575,182.488335,48.076176,111.894539
43.464024,184.430233,47.941174,111.236481
43.318095,186.475113,47.775574,111.092857
42.027823,187.025696,47.781563,111.023003
41.689484,188.265415,48.065510,110.441177
41.670634,188.190117,47.911133,110.601601
40.747290,188.698299,47.609535,110.298340
39.866238,189.649559,48.223995,110.148354
39.300193,189.047146,48.475075,110.262665
37.570235,190.112785,48.208580,110.374031
37.821484,189.834106,48.003689,110.601830
37.998748,189.656624,47.943626,110.609474
37.267499,191.379406,47.912960,110.591553
36.440865,192.107815,48.178898,110.573456
35.656419,192.295170,47.995045,110.851578
34.860690,193.674244,48.232559,110.431839
35.118134,194.910706,47.917896,110.480339
34.807366,194.845791,48.063663,110.399475
34.749970,194.949455,47.655598,110.590645
33.977143,195.911709,48.021107,110.484985
34.004884,196.636349,47.720997,110.256775
33.730994,197.814190,47.807838,110.053589
33.093526,198.514069,47.988201,110.416405
33.224890,197.999268,47.838387,110.094475
32.659898,198.057556,47.766438,110.060997
32.415663,198.122467,47.841515,110.532219
32.560704,198.125343,47.835186,110.706917
32.949744,197.075558,47.532326,111.198151
32.405057,196.326042,47.209774,111.135017
31.714785,197.324791,47.976547,110.543587
32.002093,197.161621,47.819229,111.213219
32.123078,197.132996,47.468586,111.772545
31.966262,194.198952,47.552330,113.452888
31.515834,193.998470,47.328979,112.819336
31.810788,194.184441,46.817287,112.887032
31.843934,192.667282,46.833607,113.687126
30.951602,193.234016,47.004562,113.226204
31.067679,193.430393,47.090950,113.586411
30.880774,193.425114,47.148842,114.021072
30.585164,193.941990,47.584972,113.498642
31.306533,192.958866,47.473717,114.480423
30.347276,193.727360,47.481007,113.817642
31.494319,191.839611,47.133545,114.795441
31.225497,191.174099,47.394272,114.974487
31.495005,189.650234,47.500702,115.243744
31.695222,190.279118,47.964832,115.668716
32.462476,188.970154,47.689083,116.365562
32.198613,188.804798,47.553600,116.344955
33.407910,189.782524,48.446407,116.460274
34.323628,189.209572,48.495007,116.393227
36.320019,188.830379,48.483547,116.321655
37.992476,187.694065,48.770897,116.562943
39.892352,188.139175,48.976181,115.582298
40.286319,188.142101,48.432755,115.690399
42.018245,188.962143,48.680878,114.872581
44.249854,190.015564,48.483315,114.815880
46.101392,190.693333,47.889889,115.347916
47.102082,191.491371,47.341419,116.196571
48.107337,191.504177,47.668007,116.465637
48.307830,191.847446,47.713493,116.358902
48.333199,189.967751,47.904118,116.941872
49.052621,190.554943,47.882481,116.326294
49.450333,189.346657,48.162098,116.561043
49.771950,189.961311,48.196568,116.005501
49.697394,190.837147,48.915291,116.416855
49.853106,190.913822,48.915512,116.331436
50.548539,191.928299,48.568073,117.058006
50.604810,193.706612,48.559017,117.223488
50.815264,193.555401,48.584824,117.122467
51.197991,191.840950,48.822788,118.500648
51.945868,189.645378,48.233223,119.497414
51.869284,191.255665,48.419197,118.949448
52.214606,188.837406,47.852303,119.716476
52.201937,188.319401,47.910110,121.077652
51.872546,189.158627,48.580917,121.115967
52.823552,187.875851,48.305706,121.483398
52.403928,188.814911,48.760952,121.324730
52.880263,188.989479,48.654289,121.296822
52.483353,188.344212,48.147022,121.161850
52.804911,187.859966,48.531433,122.535828
53.596236,188.293934,48.613091,121.750656
54.006017,187.606575,49.319653,122.251717
54.146149,189.369186,48.904041,122.292412
54.287799,188.634697,48.561935,122.270638
54.139645,188.784081,48.687496,123.068153
54.774796,190.147224,49.335987,122.880959
55.474223,189.378403,48.487671,122.081230
54.977298,189.779144,48.809525,121.408195
54.975236,189.475204,48.651936,121.550316
54.924229,189.309155,48.655254,121.460480
55.264006,188.963749,48.368065,121.625717
55.947432,189.476410,48.470116,122.725365
56.519883,189.949356,48.072803,122.660912
55.739270,191.399891,47.529018,122.547287
56.104398,190.314308,47.699886,122.418526
56.912308,190.474663,48.320393,122.774544
56.405095,188.897285,48.083233,122.522285
57.017049,188.068680,48.396893,122.832085
56.707162,188.088211,48.735233,122.198143
56.446002,187.557354,48.970383,121.982544
56.885911,187.545628,48.896778,122.242538
56.377560,187.834805,48.433315,121.995026
56.719722,188.055584,49.068237,122.845337
56.518508,188.553738,49.419365,121.964355
56.596883,188.243206,49.288921,121.991241
57.095210,187.825397,49.607788,122.030930
57.286654,186.292805,48.071304,122.053726
57.143119,186.403404,48.620216,122.344795
58.008101,184.829205,48.094688,122.514191
57.453069,185.510754,48.191814,122.520233
57.208617,185.970020,48.553642,122.187668
57.709407,186.186661,48.805450,122.305382
57.301995,185.652401,47.600376,121.593567
56.907914,185.497875,48.570515,122.466522
57.328593,183.671436,48.522736,122.208450
57.456387,182.330528,47.201504,122.225288
57.639247,181.931026,48.031281,122.860535
57.593940,181.740326,47.813820,121.648430
56.993575,181.335949,47.493614,122.279968
56.723086,182.085815,47.976151,123.044579
56.882951,182.119949,48.070789,121.633354
56.197238,181.784222,47.545731,121.689026
55.731585,180.146362,47.966537,122.172356
55.215863,179.519428,47.642056,121.908615
54.595404,179.999790,47.833290,121.562820
54.188260,179.393799,47.620876,121.403069
54.997838,178.175327,47.919903,122.192703
54.271561,180.139046,47.813007,121.292213
53.173604,181.962315,47.716198,121.818588
53.217017,182.703796,48.027260,121.458549
53.141257,182.510521,47.881355,121.252388
52.773354,181.867088,47.462070,121.149208
52.422494,181.363415,47.469730,121.101624
52.871144,179.191132,47.763439,121.333214
53.098223,178.284267,47.629532,121.492401
53.192794,176.334133,47.723503,121.572601
52.444674,176.666279,47.740250,121.433884
52.623767,176.626060,47.854080,121.633888
52.551574,177.648445,48.292076,121.258797
53.648116,176.936764,48.159843,120.403229
54.360156,177.364601,47.953140,119.046181
54.699460,177.884304,48.309566,118.757965
55.118630,177.425129,48.340153,118.798447
54.395980,178.576607,48.445641,118.654182
54.782252,177.150318,48.602509,119.250778
55.308043,177.468700,48.864952,118.787018
56.619847,177.544357,49.392742,120.087212
57.438739,177.591152,48.869827,119.735565
57.866563,177.576275,49.343403,119.834991
57.335923,177.627045,49.468952,119.467400
56.806630,177.941654,50.083294,119.344528
58.064561,179.038609,50.257313,119.469315
58.583249,180.224136,49.696072,118.227592
58.644299,180.942413,50.105740,117.800896
58.221377,181.609013,50.518661,117.399796
58.612969,181.391609,50.918064,117.450691
57.671302,181.977737,51.453255,116.100853
57.981448,182.447762,52.280106,115.486732
57.911509,183.236401,52.450745,114.617554
57.940383,183.815289,53.824760,114.223541
58.071574,184.859417,56.117371,114.409180
57.247374,184.416485,55.354088,114.055206
57.868991,185.303822,56.841751,114.169571
57.825532,185.776955,56.619740,113.669075
57.873505,185.391159,58.271198,113.642876
57.405284,186.221764,59.407166,113.108864
58.444737,186.222313,58.898174,113.332405
58.458733,186.735092,59.027531,113.378929
58.394027,187.616131,59.340324,112.728485
58.528224,188.785477,57.690613,111.415428
58.981520,188.986401,56.579216,110.934326
59.043381,190.028183,55.963490,110.596397
60.294139,191.507137,54.463806,109.458557
60.477721,190.313091,54.494316,110.031281
59.421437,191.978710,54.994274,108.765503
61.683928,192.291893,52.990715,108.472725
61.561106,193.254765,53.510986,107.184616
61.043435,195.750164,53.667393,104.938904
62.302237,196.105732,53.423531,104.386032
62.424563,196.169674,53.907730,104.239288
62.892716,195.793365,54.107441,103.794640
63.732075,196.704468,54.448620,103.513878
63.925187,196.433746,54.935444,104.332878
64.501122,195.341206,54.540592,104.960159
65.060305,194.586376,54.712143,105.874969
64.651381,194.474499,55.584404,105.537109
66.088462,193.091858,54.444038,106.297295
67.499331,192.739613,53.144638,105.195786
68.972756,193.278435,51.195591,105.706825
68.451817,192.818226,51.238293,105.485611
70.463250,192.226620,48.658237,105.831421
70.746182,192.561798,48.463131,104.848259
72.249957,194.050838,46.235733,105.578430
72.564801,193.439899,45.742306,105.131363
72.922354,192.412243,44.762825,104.805206
73.972087,192.328720,43.951111,104.355980
75.164477,192.236397,43.872055,103.360115
75.291827,192.119938,42.088943,103.008591
76.952466,192.146587,45.273342,100.310455
76.405198,191.231964,42.121418,103.316795
77.291999,191.641525,43.987282,103.495506
77.328955,190.764641,43.719765,104.479347
76.977961,189.106544,44.708038,104.996071
76.504639,188.570782,44.953205,104.735474
77.113236,187.388893,45.198170,106.279762
78.177171,185.844189,44.653065,107.000793
78.595902,185.496563,45.403980,106.565552
80.294451,184.140797,45.874985,106.704391
81.569093,184.522861,47.653034,106.808762
81.271163,184.074818,46.766838,106.994644
82.641368,182.681076,48.428223,106.787956
84.203725,182.347900,48.160381,106.958549
86.214118,182.102684,47.494270,107.784279
88.005255,181.743832,47.972939,107.278656
90.258273,182.297474,49.149185,106.049942
89.744500,182.333660,50.612949,106.139709
90.550668,183.225983,53.345432,104.088341
92.339236,184.523777,129.255234,108.382492
258.364220,168.883919,52.119572,123.731850
261.664239,170.101784,48.764500,121.340370
261.947570,170.405651,49.062370,122.116119
262.142262,170.873207,49.617962,122.025246
238.425917,171.896687,73.883537,120.361923
181.302691,173.164265,54.956924,120.998245
234.998999,170.990467,77.477150,120.227310
184.420081,170.884186,53.320473,116.654259
252.773787,169.659695,60.850548,120.441742
262.539702,170.108444,51.519035,120.712059
262.151282,169.619167,52.745949,118.376617
263.840745,168.780376,51.333942,118.381073
265.189206,169.160618,50.124813,118.294296
265.993186,169.084820,51.256813,118.434692
266.903186,169.170288,49.944473,118.486870
267.869696,168.681175,49.535957,118.812965
268.109322,169.014023,49.577183,118.939110
269.052970,169.212360,49.426247,119.253860
268.896287,167.679142,50.726765,118.241745
269.892684,166.037491,50.803154,118.409386
270.604544,164.579372,51.087532,118.565033
271.132537,163.969616,50.503563,118.866211
271.989077,163.001068,50.788467,118.710197
272.804177,161.198196,51.070286,118.596642
268.522797,160.544571,57.676075,119.158226
273.991219,159.730244,52.215763,119.946335
216.610385,160.182926,108.335220,121.636612
274.961854,161.314480,52.280781,119.206818
221.049945,161.326691,106.384171,121.409386
272.936879,163.298691,54.911083,117.922173
276.086411,164.460690,53.822071,116.852386
278.422568,165.537014,52.253151,116.344269
279.397406,166.467796,50.881538,114.922279
280.172942,167.638657,50.585289,114.526360
281.351231,168.744610,50.444775,112.945770
193.242488,158.486042,137.204102,123.366470
279.008475,167.346378,53.465706,114.829147
198.618565,157.571266,63.275692,123.764870
198.258683,159.149750,52.489872,121.826225
197.351846,156.877773,52.926563,123.934418
198.661200,157.957432,53.617668,125.111649
200.208016,156.335056,52.798328,126.361069
200.724505,156.949013,52.505096,127.191444
201.519015,156.419628,53.301056,127.012360
203.034936,155.923759,51.520588,127.168800
203.418961,156.143337,51.227543,127.672699
204.100806,156.816956,51.048210,127.341331
204.432301,155.672680,51.533230,128.392517
204.948191,156.180923,51.171555,127.739098
207.972733,154.600086,50.730686,127.562332
209.055453,155.509579,49.644012,127.005554
208.730197,155.753391,50.112091,127.027115
210.207419,154.352531,49.568901,127.948158
210.825928,153.736134,50.032383,127.872726
210.236964,153.995930,50.505936,126.255692
211.622245,154.066097,49.605034,126.667419
210.675494,154.002586,50.967194,125.617165
210.523757,154.333405,50.811440,125.739708
210.316050,154.843113,51.483383,124.846268
210.110919,154.732689,51.780212,124.085335
211.183242,159.721031,51.458260,119.272102
212.460742,160.999939,49.970215,118.301781
212.250386,160.832535,50.309261,117.058647
213.966086,162.492424,48.625023,116.644539
213.338994,162.987946,49.389736,115.125481
198.994824,162.671333,62.220562,114.340034
151.273993,145.786266,65.191643,133.316528
154.159373,145.490414,63.850540,132.878815
153.223103,146.017673,62.351620,132.075272
155.225129,152.432854,59.958836,125.628395
157.470778,145.703709,74.391365,130.358383
287.802073,163.631805,53.010818,106.324303
217.054707,164.623981,47.193279,106.245163
210.117160,152.348457,78.991379,115.428291
200.379485,157.324039,63.990318,111.266769
213.782088,159.583847,52.565361,109.602592
176.765792,151.452293,71.251854,113.668159
219.134875,162.400192,45.877121,108.714104
276.242060,161.678013,61.875671,102.425125
273.268811,160.821030,63.241604,103.172356
272.745246,160.131847,63.615181,103.067535
273.952330,159.882988,62.608543,103.250465
271.139409,158.046368,63.437786,104.204132
272.845921,156.887756,61.417431,104.869835
269.228810,156.505577,62.723919,105.593178
270.254920,155.196426,61.264839,105.834709
269.019831,153.572994,61.753052,107.105042
269.680623,153.760559,61.359722,107.225182
267.743088,152.422367,61.924397,108.568192
267.231484,150.066078,60.697392,110.041908
267.313662,149.714291,60.674576,110.084167
266.914086,149.547279,60.179600,110.541145
266.695037,148.570618,59.516747,110.993950
266.855485,148.074299,59.260761,111.400192
266.683362,147.991364,59.109402,111.327293
266.742945,146.832096,58.427521,112.024643
266.224871,146.645679,58.594131,111.954697
266.248650,145.555576,57.191868,112.907913
265.504731,145.019768,57.254993,112.651161
265.002618,144.755848,57.612125,113.136124
266.098964,144.571739,55.744293,113.448372
267.287892,143.324322,54.024059,114.332611
268.950318,142.642246,51.634052,114.858292
268.278315,142.212624,51.624481,114.927589
268.365540,141.028286,51.004993,115.517365
268.252061,140.886402,50.933216,115.733566
268.311530,140.159134,50.476723,115.989372
268.141333,139.303955,50.510262,116.390160
268.521222,140.383888,50.254543,116.350746
268.140956,139.610325,50.167664,116.544998
267.537631,139.785271,49.987350,116.488777
267.261689,139.365334,49.991779,116.612434
267.656010,138.889690,49.789593,116.661133
266.765261,140.269176,49.846786,116.427338
266.863251,140.105484,49.530018,116.294029
265.914630,140.660725,50.059311,115.975540
266.082818,141.158207,50.015385,115.925339
265.624612,140.332119,49.746861,116.102386
265.928208,142.522957,49.948597,116.081367
265.870688,142.954430,49.738991,116.400551
265.463599,144.178047,49.639992,115.928841
265.110732,145.986092,49.629601,115.516304
265.197999,146.351986,48.949482,115.222015
264.469119,145.895317,49.013748,115.364204
264.025880,145.958908,49.272755,115.534843
263.996775,146.455448,48.840485,115.089035
263.560935,147.767162,49.372353,115.518463
263.123271,147.238098,49.080688,115.809868
262.279677,148.831944,49.560143,115.679642
261.752877,149.115566,49.323124,115.458954
262.049037,150.416512,49.562256,115.647987
261.981265,151.628281,48.878647,115.319237
261.582648,153.144455,49.311592,115.613152
260.915000,153.457710,48.833412,115.609383
260.615367,154.192051,49.293091,115.418442
260.686202,153.742870,48.975883,115.678070
259.294383,154.742535,49.447083,115.616333
258.949433,154.927479,48.936878,115.643753
258.677846,155.093002,49.124096,115.759544
258.453723,155.520012,48.994980,116.001595
258.106919,156.183453,49.217396,115.405304
257.879563,156.591381,49.187519,115.354126
257.662242,157.212414,48.845367,115.443420
257.510598,159.173611,48.496708,115.542511
257.211484,160.356441,48.627590,114.444214
256.803635,161.093121,48.594257,113.739410
256.788235,161.266411,49.372372,113.968544
257.228778,161.463486,49.136551,114.072533
256.968924,162.019390,48.693581,113.449219
256.527346,163.303310,49.517685,112.905334
256.551265,164.093124,49.617920,112.359856
256.562182,166.162201,49.190536,111.069908
256.135714,166.757160,48.824692,110.243637
255.970141,167.478306,49.039993,110.033524
256.035895,168.799129,49.027809,108.408264
255.591391,167.523182,48.869698,108.838913
254.508721,169.045704,49.332737,107.795609
254.391921,168.931694,48.965752,108.429909
255.061984,168.200100,48.790543,108.498840
255.201192,169.272877,48.649181,107.986618
254.740330,167.837677,49.071758,109.088310
255.053477,169.381683,48.617371,108.060997
254.888877,167.526722,48.120430,109.218002
255.355428,167.968430,47.939190,108.590416
254.859473,168.979870,47.777473,107.979736
254.724803,168.393326,47.653564,108.721825
254.612750,169.510559,47.632034,107.556541
255.095008,169.919937,47.960030,108.228081
254.309771,169.870266,48.560043,108.142151
254.733771,170.627266,48.373665,108.352974
254.519383,170.591995,49.101269,107.721794
254.771123,171.763149,49.200573,107.131012
254.849404,171.921982,49.746586,106.998711
254.631316,171.944080,50.750664,106.556503
254.436957,171.628651,51.109962,107.419022
254.686059,172.008717,51.264927,106.748917
254.679021,174.182114,52.714245,105.564964
253.989033,174.000416,53.812908,105.758102
254.160092,174.141678,56.079464,105.413536
253.392205,175.255058,57.216190,105.110725
253.879607,174.811222,58.530571,105.446609
252.961158,175.231693,59.327461,105.251389
253.346846,174.859158,58.705101,105.613831
253.363208,174.761665,58.717789,105.618263
253.536937,174.851776,58.578369,105.406914
254.355277,175.304302,58.254433,105.663422
253.696631,175.087734,59.032814,104.520508
253.434052,174.661762,58.428150,105.822525
253.454730,174.154881,59.121964,106.137863
253.288583,173.698444,58.494297,106.616531
254.209876,173.144184,58.119911,107.238754
253.501822,173.681671,58.492622,107.331963
254.460892,172.638680,57.978291,108.687843
253.408087,173.311550,57.846291,108.306793
254.418940,174.052319,55.109619,108.224335
254.899676,172.608627,55.969070,108.676140
253.330064,173.389942,55.423176,108.008408
253.786505,173.129478,54.717781,108.417336
254.332227,173.785439,53.749996,108.005074
253.736443,173.228222,53.152958,108.573547
254.535199,172.528557,52.147243,108.329475
253.901831,172.605320,51.802101,108.287949
254.477629,173.257896,51.473595,108.102150
254.239596,172.503635,50.574112,108.819351
254.319119,172.994896,50.764278,109.237160
254.429665,172.572762,50.678989,109.375252
254.450501,172.147392,50.462269,109.425087
253.720767,172.211426,50.464157,109.474327
254.160788,171.983402,49.820442,109.613022
254.007058,171.701641,49.138462,109.852539
253.301451,171.248989,48.581291,110.080078
252.926261,171.495815,48.140602,110.476593
253.782315,170.793198,47.720791,111.491325
253.227401,170.448772,48.083488,111.486145
253.088206,169.821564,47.368378,112.147881
253.677596,170.294594,47.877281,112.178017
253.911603,169.370815,47.304317,112.890350
253.420626,169.299866,47.317368,112.712090
253.951255,169.267319,47.564156,112.774681
254.052691,170.248631,47.576736,112.228989
253.790513,170.156982,47.287800,112.550591
253.971793,169.302158,47.246010,112.867233
253.575085,169.439659,47.288296,112.636940
253.685826,169.617825,47.411968,112.906555
254.224772,168.951385,47.593811,113.374168
254.071957,168.880608,47.197048,112.879768
253.875653,168.897095,47.436214,113.135490
253.586053,168.943008,47.437809,113.250847
253.306029,168.688671,47.459740,113.584747
253.607230,168.616482,47.395882,114.105377
253.835595,167.572727,47.365025,114.258621
253.113833,167.888855,47.227890,114.067711
253.543885,168.372349,47.513630,114.643875
253.613753,167.053852,47.428032,115.311935
253.681128,167.302391,47.448189,114.821541
253.702466,167.385632,47.714931,114.764160
253.223006,167.548141,47.330315,114.896660
253.681605,168.425827,47.515930,114.683769
253.765448,167.478203,47.663765,115.263771
253.764716,167.445343,47.733498,115.187553
253.677350,167.741493,48.069210,115.043800
253.522923,168.163071,47.641277,115.794090
253.926461,168.416073,47.754154,115.130188
254.092553,168.727531,47.817692,115.232857
253.881501,168.764572,47.864765,115.138054
253.721675,168.966980,47.916077,114.694633
253.996379,168.597309,47.639252,114.637100
254.006097,168.919846,47.918858,114.581139
254.403834,169.067604,48.273834,114.417763
253.767874,169.698040,48.456459,114.313110
254.420562,170.028221,48.338127,114.175423
253.914029,169.840328,48.377285,114.040680
254.183388,169.692528,48.721897,114.062111
254.605944,169.674622,48.602280,114.514671
254.769238,169.136864,48.576656,114.567909
255.128213,169.439152,48.488621,114.603622
254.740739,168.932228,48.691181,114.630348
255.126336,168.022919,48.576969,115.230736
254.918137,167.451752,48.798267,115.692894
255.859736,166.830963,48.239624,116.509361
256.384106,165.434475,48.138088,116.830597
255.506978,166.170288,48.824261,116.801720
255.370967,164.087543,48.465576,117.873459
255.273679,162.911736,48.705868,118.848579
256.030122,161.596527,48.414173,119.246849
256.707593,161.285580,48.041683,119.672150
257.095925,161.990414,47.887394,119.489014
257.042126,162.105602,47.834225,119.303528
257.511456,162.687626,48.516689,119.054825
257.556456,163.651249,49.748314,117.865128
258.258639,164.561554,50.472153,116.803429
259.624388,164.396229,51.589958,116.062698
259.587872,164.277737,54.424587,115.635803
260.349061,163.835068,53.810474,115.906212
260.164027,164.305855,56.217285,115.402290
260.317254,162.884037,58.170658,116.837875
261.685134,163.097122,57.322746,116.702141
262.799639,162.062870,56.733719,117.372818
263.727496,162.236637,54.657944,117.326370
263.320254,162.483330,55.825699,116.632729
265.513329,160.959660,54.323460,118.329269
266.305106,159.963215,52.922768,117.813065
267.827540,160.355808,51.397980,117.743576
269.882521,158.857090,49.520958,120.479660
271.649256,158.066769,48.163208,123.099030
271.666787,158.852913,48.610447,122.809975
273.416367,157.496323,47.731617,124.132042
272.749526,157.969429,48.864952,124.019661
273.837390,157.049824,49.866226,124.636520
274.961821,156.864086,50.650597,124.273102
275.676352,156.213444,50.677620,124.422379
275.405139,157.439407,51.098404,124.106041
278.204123,156.964993,50.147346,124.575104
280.238539,158.123165,48.485283,122.717194
281.697627,158.985821,49.515442,124.296967
282.546260,158.381355,50.307526,124.268166
282.978244,158.552387,50.777695,123.870529
282.992238,158.806328,51.152111,124.146461
284.331628,159.441277,51.369267,123.682198
285.162535,157.827492,51.672142,124.550240
286.700698,157.597191,52.007103,124.988014
287.719634,157.452339,50.977562,124.634529
288.351170,156.833817,51.301403,125.316124
288.958180,157.052147,50.951214,124.640236
290.183707,156.924156,50.398506,124.910164
290.597325,157.130013,50.380901,124.459511
291.287764,157.912342,49.740105,123.332016
291.656518,157.624062,49.791813,122.866737
291.235114,158.850639,49.743416,123.187294
291.593547,158.894733,49.800293,123.679214
291.611073,159.290112,49.821148,124.895660
291.799884,159.723190,49.729843,124.769432
291.809773,159.840343,49.741833,124.491394
292.210509,159.629620,49.410515,125.061981
292.406535,159.437870,50.045319,124.908951
293.012620,159.181004,49.768269,124.955215
291.927434,158.887619,51.264111,124.958061
292.755778,158.178219,50.742828,125.234924
292.811635,158.502659,50.516827,125.679855
293.929934,157.894405,49.337784,125.419281
294.361970,158.131836,48.809193,126.698875
294.514437,159.007767,48.874008,126.717522
294.931144,159.303062,48.966255,126.932961
295.953868,160.101376,48.404297,127.073120
296.562850,160.629726,48.585533,128.850647
298.173032,161.668980,47.815731,128.155167
298.327353,162.174252,49.480110,126.776733
298.606286,162.601444,48.827793,126.452225
298.158822,162.658329,49.640720,127.552109
299.062457,162.253513,50.138992,127.291183
299.069644,161.603371,51.134689,127.833412
298.921960,161.806599,51.960941,127.745010
298.419495,161.750656,52.135731,127.250725
299.501469,161.730831,51.552105,128.061646
298.924096,162.319263,52.132664,127.553329
298.607535,162.480171,52.581551,127.196022
300.183631,162.101780,51.327919,127.234268
298.909825,162.588318,52.622662,127.834038
297.002316,162.834766,53.460659,128.235977
297.754313,162.470646,52.219543,128.704910
296.148436,163.628719,53.065239,127.602478
294.921716,164.828594,52.714939,127.063263
294.635440,164.826805,51.984970,126.688698
291.846347,165.185936,53.649246,125.999855
288.865914,164.649090,56.080540,126.776947
289.423692,164.064213,55.406483,127.448929
287.275384,163.988491,57.421848,127.578766
287.966086,163.172253,56.030312,128.557739
288.334019,163.385853,55.934429,128.137833
288.411559,163.536427,55.224876,127.999527
287.158118,163.425594,55.268196,128.327545
288.073418,163.203892,54.001591,128.542496
287.879254,163.629375,54.257412,129.187256
287.280091,163.690533,54.147022,129.083252
287.640689,163.561069,53.596786,129.044052
288.140218,163.875599,53.454693,129.607468
289.078822,164.020931,53.004700,130.092896
288.122134,164.144833,53.056137,129.870697
288.482171,164.721813,52.668186,130.365051
289.913703,166.002430,51.889076,129.784073
290.605927,166.581043,51.349201,129.079453
290.663682,166.532940,51.448689,128.576447
290.424136,167.033154,50.655106,128.650787
289.906346,166.975361,51.061749,128.714371
289.857014,166.508854,51.497478,129.046402
288.595296,165.677052,51.209423,129.638718
288.964225,165.515476,51.962959,131.521957
287.627446,165.401897,52.245525,129.902893
286.903268,165.275700,52.524632,131.038651
286.854792,165.217106,52.351257,130.905472
286.596684,164.603024,52.544323,130.616638
285.585679,164.948475,52.787647,132.747940
284.518471,165.082020,53.260532,131.126846
282.355586,165.180210,54.110657,131.622177
281.105124,165.601856,54.717567,132.813553
280.226678,165.156048,54.753819,132.697235
278.052491,166.382114,56.093586,132.556564
277.450141,167.277088,55.241432,132.007187
275.782124,167.805508,54.706493,132.006531
273.193616,168.595234,56.126827,131.793167
270.222358,167.692585,58.768806,132.416641
268.981147,167.346394,59.654884,133.257828
266.777978,166.816952,61.945530,134.005127
265.213759,166.276569,60.958519,134.398117
264.933110,166.605648,60.621685,134.092957
264.728184,167.312450,59.931561,133.894775
264.118108,167.692066,59.937634,134.171524
264.662951,167.507336,59.370712,134.525543
265.580432,168.198803,57.281937,135.058472
268.217618,167.245541,54.140530,136.714874
266.963279,168.549824,54.194588,134.958969
267.402756,168.931187,53.140919,138.019394
267.968077,171.547749,52.435814,135.608505
267.519486,171.473400,52.458271,135.142883
268.160083,172.589001,52.555771,134.063232
268.351624,174.288509,51.972095,132.830261
268.361060,174.313389,51.947334,133.062149
268.296378,174.323437,51.778664,133.493286
267.470029,174.580997,52.226131,133.841629
267.077740,174.427555,52.564632,133.667343
267.564387,174.727566,52.063782,133.621124
266.893677,174.077709,52.111347,134.394836
267.064517,175.325306,51.376938,135.359787
257.201377,173.458073,60.121834,138.257736
262.507340,173.784679,54.306599,135.692627
263.197974,175.515079,54.280037,134.827133
261.586007,176.161938,55.331547,135.084961
260.643269,177.219463,54.118267,135.348450
258.325536,177.300480,55.633099,136.515976
252.473330,178.307728,59.944199,136.244125
257.001763,178.681934,56.559757,136.760025
243.202163,174.064175,68.559502,146.316132
254.346043,177.346676,56.643230,137.120667
254.790009,177.753361,55.334034,138.705460
246.188973,174.977970,58.776127,145.788620
254.681281,176.285259,53.408791,137.014221
254.754594,176.922115,54.875019,138.108978
255.043727,176.753078,54.548553,139.179688
255.308251,177.505398,54.705143,141.108887
253.479857,177.849400,55.738396,140.410355
256.991885,178.411724,52.374710,139.961243
257.458216,177.778233,47.416870,140.467850
256.911423,178.404308,51.601063,142.251465
258.692292,180.370419,51.559376,141.886749
257.195220,180.730778,50.605827,136.627579
211.599509,168.972996,64.318306,125.494095
247.813987,180.450344,53.300697,121.074280
212.794530,167.151203,55.452953,128.664902
242.490178,173.302647,60.279583,140.066879
251.944203,174.860767,57.179729,143.572678
257.156989,176.431446,57.230263,142.898636
258.585917,179.774738,57.915741,142.229843
258.996985,178.745594,57.292824,139.076248
258.421710,178.618885,58.893631,140.892838
257.229298,178.537441,59.742474,140.065979
257.885928,177.787495,59.309464,140.260086
257.734069,179.184444,58.999077,140.543671
258.094733,179.946033,58.931129,140.691177
257.395113,177.973293,31.103014,139.779480
260.995511,179.168644,55.872860,142.186264
260.129630,174.563114,49.123970,146.562790
259.098187,178.235500,56.726894,144.755981
247.291528,170.804188,10.000000,139.583786
222.446428,168.370792,47.415176,129.794678
259.375337,176.938702,57.042435,144.413498
253.004267,166.095966,10.000000,144.821625
180.200418,174.073898,90.069794,126.594276
246.317423,170.371029,69.195160,150.639786
249.202539,173.944714,65.246765,145.979233
253.085514,171.774349,63.882671,150.913834
251.864191,170.041737,65.684753,151.583099
253.125441,171.790226,66.370476,151.321625
251.690817,170.749226,68.108894,153.371246
249.741335,171.074589,68.201431,152.423218
251.191370,170.946720,66.454102,153.127289
254.523047,172.390797,64.686714,151.448822
257.291502,172.823345,65.308403,150.180588
259.303812,174.741848,63.516571,148.664963
259.116694,171.242603,65.256134,151.728180
260.009630,173.994526,63.521835,149.016571
257.910360,172.438900,68.156898,151.581833
258.570116,174.538876,69.929550,148.024155
261.263433,174.861530,66.917305,148.002380
261.604891,174.866199,65.191330,147.243195
262.201044,175.456142,64.971008,148.818893
261.122324,175.234669,64.389984,147.791870
260.408762,175.454578,66.387299,148.151947
262.815878,176.591213,61.134224,145.430923
263.969849,179.871166,61.107990,146.396652
264.889053,179.433033,58.791096,146.555664
265.176981,180.733631,57.581818,145.198364
266.082973,180.027775,56.775723,145.541351
264.716103,180.649151,57.963993,145.486282
263.268610,179.909809,58.232941,146.703461
260.356421,175.206600,60.514381,151.553909
243.692308,176.230709,73.654190,150.680069
250.739767,170.484715,69.385445,156.081848
253.965410,174.687733,65.870621,150.048248
252.800657,172.595104,67.185478,152.266556
250.161516,168.901478,69.965683,156.748596
251.023085,169.067867,68.875786,156.611984
251.253725,169.850056,70.437210,157.088928
253.610300,169.828259,71.650269,158.341568
254.018019,170.289272,69.969414,158.481613
254.087946,169.358799,69.772247,162.522675
255.422838,171.109325,70.850998,159.298904
256.879908,170.427052,71.535065,160.130981
257.007837,172.527225,75.284210,158.458466
258.925703,171.381870,75.450127,158.189056
257.626867,171.498020,77.308540,158.407745
258.516836,169.903629,78.428322,159.052887
259.074354,172.203129,80.077324,158.501251
259.455038,173.478848,79.572792,157.633224
259.204916,173.883030,79.474831,157.217621
259.546339,173.243946,79.183159,157.195007
258.821684,173.106030,78.968468,157.647232
260.496408,172.983952,77.471375,157.614838
261.362417,174.456417,75.289040,157.248154
262.944681,174.875446,71.838867,156.226318
155.784578,175.091244,69.878433,141.072433
266.188543,173.560902,70.212654,160.818665
265.937685,175.487972,68.037003,159.355820
248.137888,176.525188,85.064301,160.437454
250.385511,173.638515,80.742271,166.571457
250.650152,173.731876,79.320229,165.815582
252.347155,173.931988,78.143448,165.499283
252.348597,174.579891,77.678711,166.135361
252.645697,174.443157,77.226418,166.148026
253.236368,174.338879,77.165131,165.515091
254.557467,174.676556,76.856308,165.685989
255.897459,174.452778,75.992973,165.781128
256.881922,175.060947,74.853821,164.823212
258.749811,174.956089,73.961792,164.421783
259.731077,174.713505,72.517387,165.283539
261.039515,175.179043,72.433899,164.414108
262.486288,175.259602,74.777473,164.677612
263.961267,172.721966,76.325745,165.209427
264.898706,170.219563,75.722168,166.752502
264.772345,167.507397,75.677650,167.901016
264.416479,168.227871,75.291969,166.793808
265.052729,166.630993,74.572632,167.481339
264.492517,164.648327,74.398865,167.292130
263.805746,163.091915,75.371162,166.579575
262.451765,160.752544,76.775780,166.220230
260.905485,159.316257,77.227287,165.878387
259.633455,158.506588,77.597336,166.519333
258.537455,157.247341,77.087006,166.381393
257.534822,156.675037,75.727097,165.732300
254.474142,157.103687,76.537971,164.133301
253.061434,156.164555,75.980759,164.352081
250.453871,155.744900,76.142845,163.291122
248.231241,156.488583,78.888580,162.482468
246.898676,155.016171,78.406128,163.108505
245.204088,153.292751,78.993362,163.999496
244.439177,153.196857,77.249870,165.488953
243.562052,152.904308,77.030792,168.019669
243.871321,150.878498,74.263756,169.819397
242.758364,150.388935,75.695602,170.332031
245.661253,148.604786,70.583305,170.191040
249.056498,147.854984,66.890045,170.430695
249.791533,145.499310,69.443413,171.117081
249.397108,145.631557,68.969017,170.836655
248.387327,144.378155,70.629692,170.008072
247.427137,144.245090,69.859764,172.024384
247.488401,145.328892,68.909660,169.225189
248.203627,143.992496,67.792931,170.267975
247.359358,143.062046,68.615929,170.134491
245.752123,143.584698,70.237259,168.420181
191.735651,146.404560,123.360626,168.898071
241.604303,141.485020,75.493988,171.845551
242.169870,141.460667,74.603760,172.208099
239.315546,140.894657,77.219086,172.948944
239.957499,141.400784,75.007324,172.990829
238.827131,141.861355,74.176506,174.539536
239.348055,143.116711,72.209976,172.982925
238.586744,146.110386,72.264153,170.876068
237.591692,148.414402,72.834579,167.272797
234.078211,147.785831,75.576080,168.787872
233.739912,145.220066,76.268425,171.124969
238.871923,143.654003,70.239021,172.681534
238.988401,144.768360,72.319481,172.003296
147.588854,147.934147,159.878708,167.441315
233.658285,142.112614,78.635292,173.763275
235.313391,142.144062,75.808174,172.877380
149.996592,143.946751,152.521271,168.283417
228.642332,140.050533,85.286919,173.914536
232.277132,140.275211,81.179611,172.452179
230.966066,140.327908,81.552475,171.092819
220.149252,138.871456,90.576973,175.064804
230.816702,139.322353,82.476326,174.873825
227.595675,141.128445,81.718246,172.155258
224.314791,141.029247,85.576828,175.599869
226.358717,140.920635,84.155785,175.969925
226.066866,140.756336,85.132004,176.045837
223.547338,146.980526,88.419716,169.194992
224.787722,144.471058,91.840073,170.452271
221.392523,140.447727,94.861732,172.561676
218.875868,145.740673,89.799461,168.458572
220.510515,145.769001,88.982925,167.560974
220.806353,143.341816,93.447891,170.098083
221.062529,141.948612,88.268913,170.585419
192.519762,153.712399,96.317886,163.428940
217.159815,143.541264,93.316833,170.651581
152.683710,145.460018,145.714661,158.465195
148.501738,149.571712,87.017570,151.861557
151.781885,150.971081,72.102356,143.346573
222.066805,149.192585,97.273666,145.737518
177.733881,148.093708,145.486755,145.219025
210.219263,157.486958,91.110535,160.919830
160.506163,148.511471,71.463554,149.443375
162.787897,145.015957,69.695801,155.620316
162.663725,146.491184,67.356987,154.340332
166.501856,144.646236,68.072693,156.344650
29.904222,104.295063,191.295029,189.659119
164.182589,142.525425,83.360489,170.113556
169.355722,144.276287,77.522278,149.554276
32.813322,107.817139,57.928780,114.630287
29.534351,108.196754,59.665188,116.328972
33.416958,109.676071,55.367840,115.897865
175.727495,145.966618,65.815735,160.048340
180.059534,150.616993,66.224777,153.436554
181.587637,152.198223,64.835991,151.875198
52.756189,116.531300,185.983627,187.200531
177.139734,151.181850,74.664780,162.808243
182.470407,153.834774,64.990799,154.092239
179.476309,153.619007,104.954277,160.252472
180.370058,155.344532,66.713898,153.596283
217.925203,149.732388,118.583771,139.417740
181.892828,154.946949,67.940025,152.233612
190.738276,154.296368,131.736374,137.496933
182.085543,153.341480,70.386627,153.668732
183.261427,153.512295,68.715279,150.220169
183.335627,152.579708,64.134781,152.875504
172.853125,149.981518,73.952995,158.616928
183.418314,151.788120,63.931259,156.267212
186.556217,154.355778,57.814968,152.718231
186.382931,154.184444,57.275402,153.657852
187.018431,154.604542,55.703682,154.110382
187.348116,154.561863,56.708557,153.808167
187.209795,154.562099,56.169464,154.513382
188.558203,154.314526,55.510429,153.674118
187.817434,153.975613,56.472069,155.819107
188.865805,153.663227,54.464043,155.178833
189.018993,153.932087,53.282696,155.596222
189.142632,155.265705,57.412342,150.755463
188.880653,155.102413,56.460560,150.666916
189.425852,155.850941,55.045883,155.180695
189.572956,155.852962,57.790829,150.062210
188.257332,154.511936,57.087055,150.341034
187.962629,154.116039,123.828621,146.823441
288.094736,144.273006,71.824356,157.021896
186.195652,156.443356,42.853298,154.564865
288.949926,149.346233,65.089928,154.166855
289.113661,148.690609,65.456520,153.445877
287.562563,151.569889,65.077484,154.680695
286.162409,152.835857,64.809433,153.078415
285.579275,154.285961,63.896568,153.282974
284.724508,155.699612,62.854790,153.216049
282.411392,156.290997,63.349277,153.901443
283.590378,156.508762,62.562077,154.669342
281.675821,157.733105,63.586685,154.733688
280.660027,159.393276,63.975391,153.807632
278.559355,161.203953,64.403206,155.271118
278.996634,162.206440,64.367638,153.291901
278.620951,162.578487,70.153275,155.183029
279.537634,162.032658,68.503624,155.622955
278.696154,162.345058,73.087769,155.507248
279.010115,162.537853,69.431282,157.043045
162.607882,167.369015,168.712128,166.367477
156.833044,170.839420,98.249535,168.579315
157.526484,170.427990,129.015244,169.087967
262.136328,168.790043,85.061607,159.239777
154.372202,170.410389,94.881058,170.685852
276.243540,166.247196,71.861649,159.578888
277.832281,166.499073,72.013329,160.161926
277.736212,165.945629,71.013390,160.678238
276.908064,166.643566,71.129890,161.205032
278.181360,167.136005,70.427231,161.300171
276.209780,168.365215,71.245026,161.063675
277.081709,169.115948,68.802498,161.551773
277.358191,171.129406,67.190208,160.661880
274.395399,173.845837,68.890511,159.685440
273.513407,174.173748,67.879166,159.749832
273.679045,173.850674,66.713905,159.109787
273.087149,175.834522,65.523064,160.196411
271.926600,178.296787,65.385849,159.737030
270.096052,180.404079,65.414284,159.695847
267.844690,182.677639,66.011490,159.674545
266.405386,184.229046,65.887230,159.753433
265.363432,184.917126,66.910408,159.004044
264.406450,186.645985,66.156403,159.977173
261.624891,187.910908,67.844795,158.429504
259.726522,187.423306,68.870476,158.593002
258.339937,187.409336,67.770111,160.003754
255.979757,188.552052,69.135063,159.651062
256.498911,188.927029,68.066055,160.679672
256.608126,189.762188,67.010712,158.272049
253.474569,190.012844,69.215874,157.681381
247.565466,188.349072,72.833641,160.463638
253.443689,188.248241,66.439438,159.849258
250.706724,189.077084,68.616493,157.908798
251.509996,188.417583,66.500427,158.348343
231.586550,188.496319,82.685455,162.905350
233.837114,188.840954,81.799805,160.128983
248.491488,187.406925,66.672394,160.552704
246.097658,185.420399,68.260345,158.913513
247.038816,180.573193,65.696877,160.438431
247.179213,180.322750,65.703377,159.709213
245.824961,176.916592,66.200912,157.699844
246.334448,172.938419,65.451317,158.364044
245.439291,169.459629,66.296257,158.897064
243.741095,166.679943,67.316490,158.891403
246.054705,164.619480,65.883789,159.361206
246.681143,164.168034,65.567070,159.771484
246.596781,162.398930,66.507217,159.897095
246.710768,160.663288,66.550056,159.998810
247.634535,158.077198,66.036201,159.445404
243.009958,156.497631,70.528763,158.568832
247.222960,154.415936,66.705116,159.629868
242.112104,155.380375,72.181496,158.996643
247.447577,152.315205,67.498405,160.457001
223.129515,153.929935,92.270821,157.616272
247.748880,149.437778,70.187607,162.316284
249.886148,146.724888,67.852036,161.637939
250.547789,141.897816,68.119453,161.214142
250.237959,142.600590,68.717873,160.434265
250.432077,138.202816,68.528122,160.931961
249.580915,135.172939,68.977272,161.612503
249.214293,133.929363,69.203865,160.934494
248.766249,133.961514,69.322304,161.080765
248.315535,133.513088,68.874428,161.383804
248.185518,133.844830,68.660400,161.012131
247.603579,132.521572,68.972229,161.175858
247.048555,131.944431,69.537354,160.440369
246.751455,131.056767,69.536400,160.215332
246.198473,131.939808,68.830536,159.512848
245.781187,132.170773,69.008858,158.713577
246.077444,132.995586,69.341454,157.755844
245.822809,136.413647,69.724380,155.255539
245.727095,137.960476,68.970985,154.055984
245.576078,138.809772,69.454048,153.091156
245.286592,139.227917,69.872070,152.453598
244.531412,137.624294,69.319016,153.380569
244.438810,137.858898,69.612373,153.105698
243.457014,137.642452,70.087624,152.342484
243.325277,136.838032,70.056053,152.929962
243.333113,136.481030,70.300758,152.630905
243.436338,136.213482,70.103951,151.683273
243.939562,135.459263,70.545258,151.866211
244.150076,135.923260,70.221275,152.087082
244.503267,136.276394,70.539734,150.893875
245.848902,135.869778,70.541092,150.308243
247.343008,134.148624,70.351646,151.488220
248.397440,134.726826,70.480270,150.653473
249.064718,133.997868,70.536339,150.613892
249.778486,134.330143,70.632607,150.299133
250.200293,134.949802,71.043510,149.946472
251.242079,134.033306,70.896950,150.625351
251.940474,133.894672,70.908241,150.106598
252.538881,134.338383,71.829224,148.859314
253.006422,134.362232,71.837624,149.382660
252.831041,134.363323,71.575287,149.759201
253.193853,135.002590,71.085320,149.435684
253.538275,135.104389,70.949150,148.957916
254.453520,134.945484,70.904427,149.595184
255.281202,135.242596,71.788979,149.370346
255.762300,135.103298,71.545959,149.552811
255.741461,135.185192,70.916985,149.257248
256.097204,135.891186,71.752495,149.734116
256.850809,137.085773,71.809433,149.220490
257.099958,138.063938,71.707314,149.099731
257.895838,139.657955,72.373611,148.254959
258.170496,139.175739,72.752579,148.130646
258.117674,138.945606,71.677681,149.344330
258.698984,139.637653,72.604172,148.250702
259.686167,140.674557,72.916733,148.197586
261.390139,143.112881,73.292847,147.091690
262.722658,143.430691,73.624634,147.555740
262.271414,141.795986,74.795677,150.331314
262.441149,142.137623,75.314301,150.554413
264.113928,139.452625,74.970390,152.520782
266.895483,137.866421,74.288322,154.578262
269.412489,137.465549,73.489479,154.931519
272.289019,135.867199,72.997894,155.871872
274.143286,136.398281,72.683220,155.154739
273.963186,136.912090,72.981590,155.293320
275.939314,137.127277,72.678688,155.839935
278.006262,137.156071,72.270195,156.851440
279.395269,138.774754,71.491936,157.118103
281.390764,139.713703,72.263275,156.872162
282.587744,137.270763,71.418083,157.989182
283.424883,138.044209,70.729218,158.038544
284.064245,135.919651,71.056877,158.674255
285.200190,136.270824,70.541092,158.137558
285.665724,135.842358,70.598061,158.761459
286.256788,136.517925,71.060585,158.159897
287.115816,136.757259,71.610291,158.101028
287.546099,137.111782,71.383453,158.435074
288.144587,137.104183,71.047562,158.853958
288.246481,135.910442,70.780479,159.262070
289.268267,136.226559,70.977570,158.557144
289.471922,135.674427,71.611824,158.891815
290.536909,135.243526,71.491920,159.334305
290.734083,135.141682,70.776039,159.537323
290.903219,134.436497,71.307945,160.172729
291.522669,135.129795,71.548904,159.632324
292.108191,135.301533,71.253288,159.916901
292.617823,134.652340,71.332596,159.885330
293.839529,132.756062,70.414940,159.837311
293.563154,133.385273,70.086891,159.855560
293.674639,132.922131,70.649872,159.841843
294.326712,131.858067,71.311119,160.633911
295.155497,131.939610,70.852036,160.635193
295.101496,131.895641,70.576248,160.354416
295.820253,132.027668,71.166870,159.936371
296.279314,131.601368,70.680878,160.340363
296.144266,131.364017,70.805038,160.793152
295.600130,131.047489,71.472595,160.495239
296.354002,131.148075,71.176949,160.809875
296.717775,129.724216,71.223999,161.811401
296.688303,129.588215,71.356735,161.773041
297.095202,129.853519,71.459808,161.621704
296.678259,128.717434,72.082512,162.233780
297.547636,129.234913,71.137581,162.001862
297.320650,127.921398,71.291687,163.427902
297.931990,127.455158,71.730080,163.449493
298.267801,127.555988,71.862534,163.015289
298.657759,127.430378,71.907326,163.038483
298.642927,126.575497,71.358131,164.215836
299.469667,126.193974,71.782837,163.763062
299.793123,126.110218,71.757080,163.620026
300.490107,126.708569,71.026932,163.266708
300.433867,126.186275,71.285652,163.656693
300.609236,125.940090,71.321754,163.819412
301.295485,126.994572,71.485939,163.277161
301.544512,126.575680,71.335846,163.479935
302.734545,127.266186,71.365082,162.783981
302.795446,126.848331,71.616753,163.320129
303.975542,126.750202,71.180389,162.981903
303.598051,126.382137,71.683784,163.112076
303.813833,126.977192,71.390709,163.339569
303.982744,126.428593,71.404510,163.286377
305.189428,127.285938,70.821648,162.197968
305.428526,127.167629,71.146004,162.850479
306.005430,126.867374,70.942696,162.688660
307.063356,127.171619,70.887268,162.540558
306.887976,126.997845,71.194206,162.445663
308.359648,127.272358,71.183174,162.352020
308.912653,127.748058,70.496292,162.302536
309.066061,128.623714,70.947594,162.837967
309.538683,129.037327,70.830475,162.122192
310.046682,129.230511,70.630394,161.931137
310.420485,129.184483,70.388100,161.849182
310.933622,128.876934,70.883736,161.792160
312.322035,127.975918,71.329445,162.039322
313.087061,128.304615,71.096207,161.697174
314.253687,128.548580,71.267166,161.948868
314.186190,128.097668,70.754883,162.618637
315.135618,129.006214,70.852608,162.038422
315.505804,129.520885,70.972954,161.845993
316.783880,129.613293,71.041740,161.652328
318.070078,129.572094,71.004379,161.891342
318.773954,129.525928,70.639046,161.985443
318.676203,129.194309,70.528030,162.458801
319.616129,129.735157,70.919968,161.553375
320.268934,128.762669,71.344704,161.927002
321.435213,129.281605,71.353882,161.774261
322.474180,129.869801,71.364510,162.209503
323.739889,130.282391,71.040489,162.407944
323.941137,130.753002,71.090996,162.656174
325.269773,131.324818,70.978645,162.293243
326.423590,131.780109,70.662041,162.380463
326.938116,131.446865,70.696831,162.557999
327.953497,131.474430,71.093010,162.413818
328.739527,130.570087,71.424576,163.013947
330.034884,131.057568,70.940857,162.523666
330.704668,130.601582,71.128876,162.936249
332.020308,130.467312,71.204262,163.505753
333.567663,131.604305,70.913689,163.695938
334.957815,131.470898,70.806541,163.883530
336.411097,132.281033,70.986954,163.701248
336.964033,132.211582,70.802223,163.532166
337.939741,133.474964,71.207924,163.908234
339.420492,133.013950,71.178246,163.485413
340.795900,133.634388,71.195129,163.508575
342.734835,134.044979,71.018555,163.284988
344.017061,133.475948,70.589417,163.640762
344.727877,133.810291,70.644958,163.409821
346.089144,133.435795,71.117310,163.124878
348.348726,134.706684,71.628235,163.901703
350.327963,133.876896,71.697166,163.671936
352.803240,134.011761,71.027924,163.095566
354.538839,134.335361,71.040306,163.482117
354.767496,133.507290,70.390366,164.367996
356.301428,134.082272,70.626945,163.331070
357.613802,134.753712,71.042786,163.110138
359.298353,134.927471,70.383766,163.170517
361.549837,134.771931,70.733459,162.860321
362.985117,134.839344,70.676498,163.117340
363.046015,135.120464,69.869278,163.136581
364.138651,135.186504,70.460983,162.556320
365.618929,135.731106,70.985352,162.902054
366.897078,135.377048,70.008827,163.370667
368.277910,134.955303,70.361908,163.120773
369.528612,135.023739,70.429535,163.188919
369.421824,135.813480,70.218491,163.373657
369.663992,135.677738,70.005516,163.395691
370.877485,135.821377,71.191872,163.457962
372.300169,136.482861,70.716927,163.553146
372.685141,137.807842,69.942833,163.015121
373.421366,138.005329,70.255051,162.954315
374.008852,137.640408,69.923462,163.043350
374.035433,138.187397,70.295471,163.020966
374.138689,138.082829,70.230560,163.025940
374.226919,138.983128,70.524437,163.306763
373.656885,140.372189,70.358536,163.834183
373.449961,140.989910,70.006027,163.293259
373.091330,141.443081,70.002525,163.349136
372.239832,142.194683,70.212845,162.965256
371.694078,142.676701,70.021881,162.343567
371.068010,142.043163,69.799652,162.668137
370.707804,140.748844,69.902267,163.132935
369.350939,142.558300,70.516876,163.759750
368.789923,143.265545,69.686211,161.979233
369.430941,145.587170,68.951233,162.430954
369.761259,149.045612,69.511177,164.523956
370.287153,154.172916,69.969215,164.404175
370.367746,158.615910,69.717636,162.870239
370.536448,162.545841,69.799606,162.379395
370.759310,164.291958,69.310364,160.924576
371.285845,166.685177,69.618439,160.935318
371.722475,169.175930,69.772705,160.465530
371.651037,171.457523,68.939751,159.340576
370.985029,171.995556,70.007362,156.970627
371.494932,172.621349,69.945320,156.559189
371.585501,173.115986,70.313622,155.893524
370.988829,173.274296,70.058296,155.513184
371.249300,173.082050,71.781982,154.711761
370.992773,174.097584,72.226189,154.746857
371.166716,176.608257,73.751289,152.921738
371.295130,178.409801,74.269608,151.417099
371.877562,179.039150,73.669441,151.122513
372.084970,181.144611,73.272202,149.436432
372.244154,182.743351,74.966225,148.296509
372.434607,183.864422,75.388176,147.065170
373.115541,184.749813,75.719238,145.958389
373.586634,187.078915,75.143753,143.837051
373.650755,186.871861,75.675789,144.443909
373.681265,189.506924,75.686058,142.183853
373.778830,192.125004,75.186485,139.207764
374.304907,192.629841,75.272087,136.877594
373.996737,191.316326,75.566254,135.819229
372.915087,189.298428,75.628113,135.623703
373.107279,189.185612,74.758377,135.427002
371.961039,187.425007,75.863083,134.830536
371.151629,185.090893,75.644684,134.902481
371.669519,182.844219,75.437057,134.282425
372.750391,179.731350,75.108749,134.043747
371.460032,176.949650,77.200272,133.900299
370.538763,176.802296,77.808800,134.296967
372.314676,173.041271,76.477676,134.429764
372.016481,170.865108,77.043671,134.134140
371.823679,169.248707,77.461227,134.806274
372.016371,167.761250,77.587227,134.780762
372.468039,165.473515,77.374748,134.329773
372.544878,165.238018,78.217651,134.176743
372.448111,163.377010,78.376274,134.097824
371.832972,162.747097,79.101364,133.880539
371.652693,162.823078,78.840950,134.013184
364.470495,161.825581,81.136192,133.218079
365.205938,162.233433,79.420982,133.068512
365.659784,162.264004,79.165146,132.867294
361.969408,161.015270,80.031281,133.520920
361.033316,160.054897,78.096214,132.201736
357.522978,157.360600,79.564369,134.037933
356.133924,157.176647,79.398445,133.640701
353.992987,156.465816,79.635094,134.276108
354.229803,156.133892,78.900902,134.088699
352.833414,156.129414,78.736954,134.400391
349.420794,155.057507,79.477142,134.945999
348.552523,155.236805,78.585693,134.964478
348.181131,156.208233,78.255112,135.658951
348.058615,156.137501,77.494164,135.687500
348.334963,156.700077,77.338257,135.714996
346.861963,155.293652,77.101089,136.383621
347.340940,153.766453,75.864143,137.487152
346.559183,152.153133,76.236801,139.433121
346.597376,150.714382,74.684341,140.748306
347.416811,149.686817,73.511108,142.215179
347.260042,149.591648,73.949097,142.536072
347.509562,148.938457,72.975693,143.448288
347.210695,149.165035,71.433929,144.672928
347.518896,151.184505,70.396721,144.137161
346.359564,150.838268,71.115379,144.875504
346.019667,150.141651,71.019936,145.314819
345.655760,149.654812,70.992744,145.346848
346.204428,149.229046,70.135704,145.594193
345.615843,148.620861,70.289101,146.256088
345.202250,149.691288,69.426315,146.165833
344.858789,151.134151,68.533035,146.629684
344.469564,153.508396,68.543114,146.873138
344.144064,152.591373,68.702934,146.944885
344.391619,153.244190,68.235077,146.445374
343.357603,154.002605,67.988625,146.636368
343.787355,151.157154,68.046661,147.529724
343.137758,149.147579,68.793030,147.723740
342.542532,147.296825,67.671867,147.705276
342.879148,147.710300,68.171455,147.426025
342.406202,148.468349,67.370430,147.272446
342.111536,146.889683,66.595901,147.928558
341.956514,147.871845,67.075562,148.174103
342.011942,148.181858,66.639938,147.792023
341.520041,146.478054,66.994225,148.567520
341.236879,147.942089,66.912781,148.016068
341.094145,147.241352,67.235909,148.284973
340.676355,147.107021,66.964218,148.761063
341.416780,146.552998,66.295197,149.485687
340.169378,146.478420,66.513298,149.288071
340.006094,145.119427,66.538078,150.088486
340.431513,146.260853,66.756973,149.824951
340.214361,145.510296,66.052666,149.499069
339.321398,146.202480,65.710358,149.780167
338.746042,145.544056,65.582901,150.243317
338.755987,146.880871,66.135246,149.629044
337.809626,146.748470,66.125381,150.272293
338.072771,147.828564,66.901978,149.973495
337.429369,147.636250,66.320984,149.969696
337.057608,148.254704,65.541222,149.999359
336.686472,149.110691,65.919479,150.044312
335.945005,148.973354,65.552010,149.500748
336.011244,147.675320,66.372414,149.843857
336.064932,148.094936,65.225334,149.798843
336.166224,148.151058,65.980301,149.668411
335.692377,148.422306,65.475327,149.632172
335.659422,146.686581,66.090218,150.371719
336.025778,148.523220,65.911064,149.532333
336.467413,147.688000,65.386375,150.427048
336.229849,148.155361,65.589012,150.325302
335.758959,149.744434,65.378296,149.965668
336.176851,151.041897,66.203979,149.745346
336.730467,153.503185,65.690071,150.429733
336.500185,155.931805,65.066589,149.891495
336.960482,156.666180,65.979218,149.984512
337.245237,156.299679,65.104317,150.144363
337.926855,157.594685,65.350426,149.877594
338.179239,158.079006,65.293594,150.357437
338.078390,159.713818,65.257103,150.223740
338.244909,159.420200,65.227013,150.544250
338.606077,159.961506,65.092018,150.352142
338.249281,159.635777,65.326973,150.491119
338.231401,161.309376,65.792816,149.744873
337.758089,160.809505,65.805389,150.388565
337.649916,161.148769,65.883644,149.584305
338.061567,161.249622,66.620155,149.667053
338.653379,160.092846,65.564217,149.450119
338.706724,160.960491,65.511909,149.705032
339.363482,158.070972,65.492554,150.204926
339.034655,157.938374,65.136353,150.402924
339.106157,156.415356,65.220123,150.277878
338.716497,157.470631,65.724449,150.436920
338.593660,158.122791,65.274109,149.615204
338.605074,159.020893,65.979980,149.570862
338.981329,157.701595,66.208488,150.157211
339.141943,158.696613,65.749077,149.815552
338.727003,157.515194,66.248177,150.610062
339.857386,157.791172,66.698227,149.987000
340.420145,158.734585,65.647659,150.056168
340.851931,158.077419,65.099152,150.277664
340.867529,157.520054,67.029350,150.600891
341.377317,158.669674,66.649147,150.586868
342.686899,158.921337,66.680679,150.980820
343.600721,159.109394,65.673195,150.624390
344.820684,158.864605,65.952263,151.226334
344.958036,159.234417,64.762520,150.335922
345.313334,158.698994,66.118546,151.056793
345.830641,158.496731,65.478554,150.648544
345.895540,158.327366,65.737610,150.371155
345.708666,157.093952,66.097321,150.282715
346.190722,157.575855,66.756042,150.504578
346.029932,157.773403,65.800735,149.671341
346.892889,156.397007,66.660698,150.672394
347.547148,154.174114,66.079781,149.928329
347.681475,152.697201,65.778778,150.282364
348.201483,150.105038,65.998741,150.687881
348.577963,149.890644,66.143791,150.570129
349.014578,149.616535,66.177086,150.577179
349.558554,149.734005,66.001549,150.969284
349.522173,147.916508,65.911469,151.263306
350.361582,147.708881,66.294266,150.673004
350.011988,146.980473,66.055893,149.586548
350.760630,144.410511,66.269424,150.309174
350.885286,144.395878,66.041656,150.379486
351.284979,143.259487,66.276665,149.795944
351.092318,140.221058,66.513611,150.103882
351.544336,139.504841,66.860214,150.065735
351.933069,139.168110,66.703140,151.118347
352.217123,138.915752,66.788017,151.313004
352.231478,139.025928,66.187103,151.646118
352.268927,141.946232,66.859917,151.316132
353.860876,141.702526,67.692772,151.965286
355.908667,141.432224,68.665367,151.748169
359.703943,141.828762,68.311874,151.774857
363.541170,140.381786,68.372833,152.125107
364.348333,140.966892,67.375664,152.345428
366.671759,137.489826,67.614189,152.497711
370.616892,136.101177,68.658432,152.956924
373.513937,134.076672,68.088951,153.140182
376.924932,132.570271,67.221184,153.905121
379.532698,131.346996,67.323891,154.662857
380.033953,131.363773,66.445892,155.097717
381.648920,130.042042,67.103897,156.004059
383.531641,127.728481,66.677078,155.765427
384.420393,125.625217,66.203255,156.562378
385.257032,122.954990,66.009926,156.250580
387.056143,119.260273,66.076988,159.615448
387.179537,120.448528,65.877808,157.982834
387.817022,118.292362,65.513817,159.216980
388.783690,117.300945,66.563332,159.892899
389.982634,115.402027,65.939247,160.264038
391.351866,111.745113,66.113686,160.418137
392.045343,108.939709,66.308884,162.226974
392.067328,108.325016,66.016319,161.682983
393.142069,105.154591,66.000687,161.827545
392.801416,100.992619,67.368942,161.281738
394.453878,97.419392,67.697075,161.568878
394.882303,94.141361,67.419388,162.835083
395.199270,94.553059,67.709648,163.268097
395.620512,95.175442,67.804054,163.292252
396.644312,95.706783,67.421066,163.409622
396.445219,96.903126,67.647987,163.977142
396.013212,97.630657,67.229713,163.653488
395.455595,94.880619,66.664528,165.233154
394.687376,93.573093,66.487404,165.450989
394.288416,93.017696,66.736130,165.835648
392.996077,92.840069,66.955696,165.134445
391.715048,91.187916,67.215019,165.754059
389.581545,89.000919,67.313934,167.047974
387.189516,87.644070,67.810577,167.373428
385.744375,86.690929,68.060905,167.378220
385.308321,87.005215,68.188995,168.132828
384.982210,85.794842,68.436310,168.211838
384.675306,84.835323,68.560432,168.885391
385.054441,83.371494,68.396584,169.333130
384.995386,81.720539,68.276108,169.990448
384.925867,81.258862,67.839523,171.322067
385.130732,81.288670,67.810165,170.602661
385.159697,80.040882,67.679176,170.360992
385.000292,78.528896,67.841064,171.314468
384.118113,78.392254,68.097610,171.562119
383.370310,77.741375,68.720963,171.548935
383.352659,79.742573,69.082558,172.579559
383.141787,79.414417,69.445465,172.274078
384.271109,84.698559,68.887321,172.137680
384.359285,87.911312,68.923798,172.362747
384.022055,90.089832,69.610832,170.694855
384.109583,93.017773,69.243820,171.296188
384.367838,93.005810,69.266251,170.333847
384.443739,93.151043,69.100227,170.320724
384.732847,91.759388,69.365883,170.094269
384.997808,91.015217,69.013329,171.292938
384.434603,92.495937,69.499908,170.723892
384.641584,93.149937,69.496895,170.614014
385.061655,91.161160,69.201492,171.047501
384.679091,90.817020,69.556831,171.031982
385.702467,90.873249,68.918159,171.566620
384.887888,90.469463,69.485123,170.635544
384.205297,91.034939,68.836754,169.476883
383.291216,90.935352,68.218018,169.248260
382.547991,92.925098,67.630005,167.101105
382.594252,92.738117,67.454781,168.388580
380.183867,94.928234,66.246376,164.950241
373.615225,95.724651,64.380058,159.399948
365.235548,101.500561,61.946632,150.596664
354.067230,109.553371,57.072147,139.400009
344.779013,115.741032,53.653374,128.707275
346.168325,115.784367,51.475334,128.206818
338.764772,121.138981,48.334015,119.008850
330.896517,125.252419,45.759186,110.603752
327.622545,128.573750,42.184998,104.547394
326.878424,129.554424,41.839195,103.502396
326.436750,129.473171,41.809853,102.992569
326.386650,129.546406,42.066334,103.173004
327.178566,129.074516,41.671131,103.156456
326.829588,130.132324,42.132362,102.976936
326.673056,130.956581,42.202202,102.124321
327.835245,131.863232,41.977676,102.159592
327.600248,133.879314,41.483223,102.019638
327.836582,133.561825,41.529720,102.223984
327.212534,134.821297,41.762741,101.615440
327.760380,135.324120,41.555386,101.161064
327.705582,136.012714,41.477116,101.150421
328.121647,135.777439,41.464870,101.305237
327.544579,136.106815,41.527149,101.136322
326.973490,136.350281,41.590988,101.140602
326.871370,138.066879,41.223145,100.946480
325.551317,138.556133,41.493164,100.917007
324.202868,139.294098,41.543579,100.812019
322.755550,138.503452,41.405499,100.548645
321.772776,140.263069,41.707291,100.674156
320.984127,139.135887,41.654003,101.111900
321.830862,139.974331,41.131248,100.937637
321.190632,140.544579,41.114132,100.761436
320.717056,139.462448,41.451542,100.825050
321.893587,140.989258,40.733002,100.885780
320.742020,140.880970,41.295597,100.765015
320.805849,140.931870,41.059540,100.552498
321.404064,143.724224,40.373455,100.841873
320.519060,144.361485,40.778534,100.909210
321.477993,145.950924,40.419323,101.019089
320.527258,147.406113,40.546959,100.274818
319.784834,146.390678,40.955574,100.784660
320.011669,146.313744,40.614910,100.929436
318.688543,146.920353,41.090721,100.641785
318.160076,146.881664,40.738140,100.309677
317.222261,147.730522,40.417053,100.707939
315.841293,147.514713,41.178074,100.634583
315.891459,150.126099,40.315872,100.474373
314.704113,149.734356,40.824200,100.523300
313.669718,151.559383,41.113144,99.995377
312.951147,151.752872,40.520653,100.009460
311.487829,151.375751,41.033012,99.800812
311.155989,149.941822,39.863045,99.991302
309.907722,147.929436,40.529255,99.892387
309.179111,148.809723,40.511013,99.075142
308.589657,146.689163,40.043896,99.517555
307.263439,147.794796,40.686138,99.138321
306.611858,146.588737,40.587200,98.761497
306.702700,142.950417,40.280334,99.070976
306.216419,139.733479,40.165829,99.221741
306.242111,139.570175,40.693119,98.452888
305.353230,135.690907,40.621059,99.120575
304.896616,132.819584,40.366104,99.263458
304.308769,129.924309,40.742451,99.407372
304.185633,127.500835,40.845352,99.463974
304.093798,125.574978,40.699524,98.974960
304.512148,125.877789,40.279938,98.559158
303.425074,123.896038,40.512405,99.123245
303.415749,122.737724,40.797688,98.702538
303.018654,121.586815,40.517689,98.628349
302.789364,120.778202,41.194195,98.114838
306.176716,119.029930,40.412533,97.730980
305.014812,119.636906,41.095837,97.487579
308.980440,117.860584,40.695618,97.907623
313.750359,117.479328,40.835438,98.195831
317.846027,118.227859,41.077114,97.807106
322.673214,118.124584,41.731945,97.617508
326.989573,118.029972,41.298752,97.780487
326.343689,118.295982,41.751347,97.620384
331.455526,118.956284,41.685783,97.769173
332.519117,118.562397,41.310188,97.773254
333.453312,117.831978,41.648769,97.778191
334.837046,115.911938,41.509140,97.827621
335.153500,115.958458,41.917400,98.083061
334.783001,116.307873,41.717541,97.937973
335.678225,118.457840,41.938049,97.448494
336.603270,120.287731,41.219185,97.029068
337.254065,119.441265,40.717522,97.089188
336.946131,118.321064,40.979141,97.378784
334.673204,117.463310,41.207520,97.171288
333.507652,117.217701,41.418629,97.012726
327.938715,117.120358,42.624588,96.938980
323.368271,115.021423,41.521000,96.807411
316.253262,112.904320,41.891644,96.792870
310.928686,111.216446,41.091515,97.016914
307.080135,110.974663,41.043957,96.291679
306.237097,110.960018,40.938835,95.832962
302.887333,109.036415,40.875179,95.847313
301.657936,105.996613,40.229542,95.218300
300.795820,101.562786,39.841682,95.450394
300.791933,99.407547,39.703552,95.331947
300.154894,98.620907,40.043762,95.721725
300.644932,98.856525,40.409023,95.942627
300.642462,99.927853,40.074150,95.211166
301.995310,103.519630,39.705978,96.228630
301.301849,103.691437,39.813480,95.118996
302.366304,105.236778,39.699158,95.878899
302.814995,110.342991,39.510120,95.864990
302.120493,110.606712,39.855087,95.596733
302.349657,115.810932,40.189667,95.734650
303.272200,121.959923,39.949623,95.599632
303.726162,126.718479,39.598492,95.849854
304.010784,129.435913,39.975475,95.191383
304.504448,130.563225,40.007557,95.359398
304.046366,130.703384,39.941208,95.163918
304.040659,133.289398,39.914474,95.330666
305.308744,137.344582,40.002937,95.994377
305.322014,141.000008,39.813099,96.468163
305.402956,145.440289,39.821655,96.759048
305.056704,147.348522,40.244843,96.316971
305.790876,146.155201,39.686134,96.913300
305.455601,147.605747,40.110561,96.787445
305.046211,147.661331,39.870106,96.906288
306.057911,149.340275,39.597927,97.687378
305.985020,151.523777,40.136837,97.533020
305.371988,153.159611,40.409622,97.509369
305.165537,153.025627,40.178238,98.037193
306.176153,156.543442,39.527367,97.741371
305.942328,157.081177,40.045097,97.859718
305.427444,157.578289,40.190678,97.156387
305.314777,158.615448,40.394558,97.033943
304.908350,161.493488,39.995865,97.200287
305.080391,161.572624,40.289845,96.619438
305.724957,163.613155,39.961224,96.392410
305.472752,165.756062,40.149899,96.867096
304.585379,167.741447,40.348412,96.587212
305.433859,169.262615,39.944084,96.866928
305.320581,171.735249,40.089828,96.426666
304.440199,172.452667,40.664040,96.102577
305.070110,174.088673,40.205608,96.372711
304.883284,175.291142,39.964180,96.169678
304.416485,175.456089,40.052807,95.858459
304.898432,175.155384,40.009232,95.934753
304.471155,173.958729,39.671463,95.838226
304.169977,174.200645,39.926834,95.812767
304.997036,172.604908,39.606976,95.654999
304.367203,170.729755,40.023960,95.676086
305.508883,167.413990,39.416473,96.207001
304.881155,164.749596,39.970024,95.926567
304.559460,163.072033,40.032452,95.493668
304.024683,163.184158,40.130295,94.846321
304.295568,160.727741,39.816551,95.537933
304.744375,158.127682,39.686852,95.672897
304.809855,156.922012,40.038925,95.299171
304.925484,155.336212,40.230488,95.528969
304.481596,155.066231,40.200264,95.178520
304.029528,154.650230,40.183929,95.167503
304.986704,155.413940,39.973770,95.000954
305.295591,155.391151,39.847206,95.079704
305.252611,154.789974,40.104370,95.107864
304.865360,154.205181,40.393398,95.071274
305.614763,153.949795,39.777832,94.482101
305.504854,154.010983,40.081940,94.266617
305.068491,153.170246,39.883072,94.457581
305.300432,152.748322,39.703461,94.509285
305.423115,152.296154,39.827999,94.492264
305.561918,153.087795,40.030678,94.391006
305.512459,153.433846,40.239094,94.226250
305.566301,152.427113,40.100586,94.681915
306.082907,153.498627,40.222404,94.485786
305.709597,154.310760,40.295502,94.383247
306.383373,154.641991,39.959240,94.072258
306.168547,155.686848,40.398506,93.172089
306.132710,155.761154,40.408077,93.042213
306.062006,155.734791,40.466019,93.077942
306.249140,156.180138,40.560593,92.571617
306.607754,156.296173,40.481274,92.628212
307.152054,155.447079,40.597385,92.581711
306.969582,154.524864,40.445606,92.800224
306.646835,154.575401,40.904362,92.382530
307.017691,153.680859,40.918053,92.818924
306.803026,152.682129,41.385101,92.965950
306.840355,152.443005,41.622303,92.814224
306.957657,152.268990,41.696690,92.566826
307.283360,151.672409,41.609066,92.785500
306.936327,150.204018,41.471985,93.059441
307.384188,150.806675,41.575745,92.803375
307.075588,150.530025,41.704754,92.842972
307.515940,150.655632,41.483627,92.467918
308.135256,149.471554,41.143005,92.746506
307.975346,149.627434,41.629665,92.691154
308.320084,149.481102,41.529819,92.481224
308.489054,148.570747,41.339767,92.661400
308.373882,148.463482,41.329357,92.338120
307.994755,148.291618,41.386501,92.445671
307.965319,147.092896,41.756348,92.668434
308.148977,148.412624,41.504936,92.774796
308.668760,149.411068,41.362740,92.815964
308.844053,149.235226,41.244240,92.621170
308.933310,149.438736,41.416405,92.523415
308.479448,149.945660,41.316589,92.330612
308.211473,149.917873,41.135956,92.664810
308.427919,150.300793,41.576263,92.423813
308.667639,149.859394,41.081810,92.512665
308.278927,149.965191,41.104046,92.367691
308.547798,149.906700,41.174091,92.401543
308.266708,149.457752,40.822483,92.662079
308.075764,148.171314,41.239956,93.328033
308.097303,147.887718,41.752357,93.683037
308.324499,146.124477,42.061363,94.631241
308.312555,146.503242,42.140671,94.394127
308.294981,144.673096,42.025551,95.750069
308.369822,143.480179,41.902603,96.119270
308.129522,142.217365,42.450798,96.817993
307.720591,142.610485,42.479019,97.248764
307.865051,142.610203,42.471958,98.433075
307.824596,142.154114,42.691631,98.642647
307.667282,142.541676,42.663792,98.988922
308.031755,141.914680,43.157593,99.520653
307.430225,142.357433,44.323849,99.935593
307.543041,142.858421,44.783276,99.544487
307.052822,142.431797,45.692333,99.915375
307.258766,142.969883,45.400288,100.050079
307.510715,143.047127,46.189205,100.381554
306.996571,142.003345,46.282223,100.834320
307.034054,142.442726,48.089886,100.855034
306.201567,142.152252,48.918037,101.528481
306.526714,142.262726,49.983227,101.894630
306.685507,141.645969,49.397636,101.959869
306.397270,142.039982,51.151539,101.756531
306.468700,142.504688,51.153576,102.220276
306.347075,142.270130,50.549110,102.315338
305.604664,143.070072,52.539272,102.508789
306.470339,142.884171,50.485870,102.295448
306.157421,143.034977,50.764080,101.801300
306.080439,142.161827,50.485275,101.992455
306.229965,142.021614,50.806919,102.304314
306.413584,141.976772,50.184586,102.565628
306.308449,142.501137,49.690845,102.590965
305.824045,143.444099,48.678391,102.589378
306.507254,143.227688,47.866508,102.793106
306.319138,144.027233,49.193851,101.999771
306.850851,143.700943,48.369102,102.352089
306.767685,145.211189,46.932499,100.968376
306.611279,146.896305,45.666546,99.398193
306.814899,147.871929,44.949032,98.239761
306.659510,148.398613,44.801376,97.866447
307.252838,149.062939,43.875950,96.985336
307.031561,149.644974,43.273613,95.869850
307.328909,149.671539,43.511681,95.973183
308.008369,151.184479,42.088947,94.079842
307.633211,151.585705,41.539001,93.511154
308.241266,152.251324,41.183823,93.227554
307.986582,150.862595,41.399582,93.695808
307.735613,149.999222,41.374176,93.509010
308.123299,148.708126,41.528095,93.917404
308.061329,147.748623,41.828671,93.963058
307.924011,145.834591,41.753544,94.893112
308.087448,146.398712,41.824528,93.793739
307.830143,146.014755,42.405972,94.697243
306.956081,144.625271,42.952770,95.494614
306.898766,143.257313,44.693897,96.460052
306.872025,143.312237,43.847294,96.541000
306.656189,141.766819,43.861729,96.634308
306.500807,142.280827,43.661964,96.541199
306.515308,141.244320,44.242611,96.402481
306.496758,140.873962,44.066792,96.589394
306.224789,140.798763,44.184612,96.358780
305.973425,142.314575,43.582146,96.022438
305.412401,142.688866,44.264709,95.891228
305.243942,142.024471,44.134892,96.127823
305.827570,142.358677,43.844345,96.075928
305.892874,142.697350,42.852257,95.161797
305.699854,143.434006,42.327072,94.766090
305.523594,143.292633,42.711605,94.867195
305.152620,143.118656,42.354523,95.092224
305.373951,142.825745,42.601742,95.052803
305.024292,143.294827,42.199986,95.052078
304.096735,144.158695,42.634903,95.187622
304.362352,144.197979,42.229706,95.618454
305.073483,144.604988,41.968792,95.330284
303.975914,145.130219,41.980579,94.492043
304.645159,145.076214,41.908051,94.534470
304.269703,145.464081,42.325741,94.444496
304.111141,145.602646,42.395245,94.853340
304.405207,146.055458,41.996933,94.714897
304.367359,146.381546,42.081844,94.792183
304.353130,145.950359,41.810619,94.742142
303.853033,146.334007,41.331169,94.088493
303.212856,147.212708,41.715862,94.187996
303.556246,147.382328,42.116364,95.057800
303.487831,148.475994,41.399769,94.410904
302.985058,148.334229,41.136547,94.331734
302.776197,148.186623,40.776344,93.841881
303.159437,148.525177,41.142220,93.963997
302.973713,148.459934,41.306423,94.163177
302.642973,148.645981,40.614082,93.407814
302.650372,149.545399,41.123150,93.748444
302.197411,149.437088,41.082355,93.784920
302.341433,149.407856,41.426819,93.899506
302.342360,150.194286,41.054817,93.453781
302.075619,150.223015,40.696331,93.218803
302.379335,150.397121,40.597565,93.324509
301.774736,151.199726,40.383179,92.884674
302.340057,151.552448,39.527805,92.637360
301.629892,151.851715,39.661423,92.658424
302.001783,151.736389,39.895180,92.615303
301.660336,151.558163,39.504833,92.949966
301.546009,151.442570,39.679989,92.833984
301.942801,152.056568,39.780724,92.819214
301.512363,152.554214,39.595058,92.842445
301.485676,152.356922,39.810421,93.035950
301.380373,152.879543,39.601807,92.993240
301.233686,152.877369,40.030342,93.266052
301.359657,152.269733,39.914448,93.365356
301.436111,152.621700,39.888584,93.397049
301.523605,153.188694,39.876865,93.362183
301.651411,152.705009,39.827217,93.577690
301.019930,153.335670,39.646759,93.417717
301.621573,152.224846,39.649437,93.773857
301.403427,152.770859,39.766148,93.553596
301.232817,153.432312,39.789345,93.377968
301.212759,153.067947,39.784966,93.511696
301.052315,154.341953,39.588001,93.112976
301.103529,153.854248,39.728767,93.205879
301.710865,154.306347,39.824917,92.991074
301.676840,154.717491,39.836021,92.938194
301.764212,154.276176,39.792229,92.990135
301.797672,155.257351,39.664974,92.516800
301.822165,155.010632,39.606377,92.570175
301.819038,154.820656,39.599323,92.545250
301.896713,154.773705,39.512211,92.551872
301.901873,154.715446,39.568115,92.534477
301.997835,155.693958,39.704010,92.651489
301.553520,155.310364,39.724903,92.434120
301.615431,154.993774,39.907234,92.334236
301.377123,155.289314,39.788208,92.057823
301.504202,154.400196,40.040886,92.270020
301.167377,154.035912,40.000362,92.128227
301.608336,154.902477,40.132057,91.620132
301.261705,154.173248,39.867615,92.170998
301.391785,154.207584,39.785526,91.689209
301.609440,154.026775,39.651241,91.607742
301.961792,152.433414,39.369846,92.426788
301.483839,151.158234,39.380379,92.581581
301.338217,152.306770,39.778526,92.232323
300.915689,151.737511,40.148087,92.534782
301.332325,152.007870,39.902035,92.256882
301.180223,152.467018,39.887604,92.147392
300.901802,152.717125,39.757893,92.181206
301.013828,153.813412,39.823544,92.620041
300.487078,153.716221,39.775024,92.521240
300.498398,153.988152,39.922855,92.191063
300.680080,154.459255,39.884777,92.110428
300.314497,153.889389,40.116920,91.991920
300.549335,154.182770,40.084713,91.488930
300.303940,154.522243,39.964573,91.594162
300.010054,153.855427,39.892403,91.898987
300.291140,154.527313,39.929382,91.589119
299.994204,153.617661,39.515991,92.166298
299.874554,153.618229,39.577343,91.823975
299.471676,153.221703,39.644329,91.691338
299.679661,153.913109,39.780605,91.475548
299.253071,153.338383,39.509914,91.722107
299.046381,153.863972,39.641464,91.360870
299.466436,154.986282,39.610130,91.528969
299.493021,154.104641,39.583237,92.175369
299.084150,154.667667,39.400185,91.450531
299.389404,155.202564,39.406895,91.061340
299.111980,154.562935,39.374004,91.509453
299.101446,155.101376,39.772575,90.922531
298.953724,155.174824,39.778561,91.118347
298.557734,154.756432,39.538010,91.306480
298.332783,154.339493,39.546261,91.472694
297.792473,153.670887,39.832447,91.488678
297.485184,154.848480,39.995792,91.401009
297.421436,154.596581,39.786861,91.763329
297.074520,154.614330,39.677258,91.679245
296.982950,155.222988,39.647690,91.576889
296.712681,154.582169,39.615902,91.557472
296.329491,155.046638,39.675373,91.492821
296.360569,154.561779,39.826046,91.579178
296.256523,155.467663,39.803394,91.278030
296.304514,154.962528,39.511520,91.709290
295.878893,155.281204,39.570526,91.380287
296.130850,155.791225,39.497368,91.083115
295.865549,155.291206,39.460068,91.582909
295.934971,154.908566,39.636410,91.295822
295.760271,155.458035,39.560699,90.941422
294.919743,154.863659,39.521267,91.258469
294.987846,155.508907,39.788868,90.545609
295.201065,155.509159,39.602360,90.529633
294.738766,153.399464,39.375164,91.795013
294.708410,154.082840,39.248161,90.706886
294.543930,154.638493,39.292667,90.335022
294.759047,154.397743,39.141762,90.723869
294.908211,154.331188,39.116505,90.734482
295.034422,153.952847,39.196602,90.852829
294.869984,154.247753,39.137264,90.640915
294.987370,153.900379,39.263729,91.005157
294.791044,154.690208,39.424965,90.986290
294.242636,155.198929,39.522758,91.210915
294.164581,155.767212,39.336582,90.732735
294.733389,155.409218,39.532372,90.870354
294.938709,155.746773,39.635616,90.639091
294.851589,155.852665,39.288250,90.822052
295.010420,155.482914,39.781593,90.863739
295.469950,156.224369,39.743698,90.409393
295.588295,156.127262,39.496418,90.668060
295.515530,156.386932,39.791454,90.344063
296.154545,154.762207,39.577023,90.991829
296.410473,155.015224,39.932903,90.326645
296.267353,154.586521,40.067928,90.796143
296.930010,155.625286,39.622314,90.113022
296.942406,155.747772,39.712971,90.099953
296.873716,155.907974,39.678719,90.258766
297.136644,156.721153,39.653839,89.687584
298.067650,157.281620,39.722523,89.014069
297.952448,156.629189,39.905411,89.740074
298.156998,157.337868,39.867771,89.451103
297.940046,156.635475,40.010994,89.448357
298.117208,157.859852,40.377892,89.058838
298.746866,158.204891,40.378036,88.902603
298.557882,158.632069,40.306786,87.809113
298.355480,159.879307,40.613262,86.317688
299.139397,160.175442,40.518696,85.951126
299.505949,160.602726,40.332436,86.271118
299.259865,161.133358,40.484119,85.815567
299.387655,161.097805,40.459221,85.129196
299.334667,161.873020,40.599682,84.354248
299.855408,162.550720,40.979343,83.291054
300.305967,162.894180,40.300514,83.373512
300.983456,162.631779,40.434887,83.545166
300.787888,162.991951,40.137821,83.495689
301.043240,162.508430,40.484753,83.800804
301.847569,163.326927,40.303493,83.595573
302.607666,162.750088,40.397068,83.276749
302.724140,163.130306,40.398586,83.206009
302.636486,163.151882,40.222790,83.145279
302.792048,163.388287,40.140335,83.081223
303.429153,164.256733,40.458378,82.652496
303.513012,164.009560,40.281536,82.760918
304.047268,164.350216,40.022503,82.760330
304.226656,164.001102,40.432495,83.097107
304.537430,163.837788,40.534214,83.171661
304.789755,164.146400,40.057030,82.974083
305.212549,164.368805,39.834427,83.153297
305.147245,164.795433,40.046120,82.472191
305.306337,165.082668,39.969635,82.466507
305.482857,165.937958,40.526203,81.998878
305.529228,166.256390,40.468678,81.743027
304.928059,165.966953,40.691006,81.907562
304.459225,166.168648,41.112988,81.890434
304.124035,164.052647,41.300335,83.322998
304.433865,163.040627,40.919506,84.743279
305.149115,162.848892,41.143944,84.752266
304.747084,163.228035,40.829262,84.842216
304.869083,162.856907,40.180538,85.312164
305.184044,162.463619,40.759388,85.390213
305.017256,162.074913,40.507484,85.593987
304.807043,162.280869,40.585625,86.017128
304.912148,161.827354,40.697254,86.464134
304.560818,161.185783,40.810314,86.414177
304.922138,160.573486,40.619259,86.600502
304.593700,160.272694,40.498241,86.645233
304.945814,159.140938,40.334694,86.327660
304.879152,158.591499,40.129211,86.760490
304.619814,158.398491,40.221741,86.505669
304.674824,158.669067,40.450191,86.144051
304.589415,157.990417,40.102394,86.808723
304.144064,158.665005,40.459984,86.544052
304.564766,157.468067,40.369343,86.603088
304.325207,157.692177,40.254925,86.956352
304.802507,158.170708,40.253754,86.592369
304.491678,158.388153,40.144394,86.712898
304.153692,157.348442,40.220268,87.318443
304.073208,157.249302,40.249462,87.295380
304.255528,157.934547,40.213100,86.885918
304.874733,157.091431,39.970661,86.841042
304.949833,156.108273,40.054806,86.967056
304.714157,155.367512,39.980412,87.447998
304.619061,155.008270,39.646130,87.500069
304.637955,155.035923,40.077854,86.801331
304.632072,153.584614,40.231586,87.353210
304.709845,153.151863,40.279076,87.342216
305.015945,153.476906,40.089725,87.380150
305.015957,153.362125,39.915813,87.466858
304.912800,152.833954,39.994289,87.619148
304.401947,151.556705,40.080082,88.059662
304.999353,151.477436,40.109329,87.862396
304.456974,151.425896,40.124813,87.743919
304.657694,151.535000,40.192368,87.470230
304.883160,151.504295,40.200603,87.471764
305.061251,151.132015,40.029816,87.862320
304.363121,150.881989,39.855366,88.033363
304.271986,151.867573,39.876625,88.176117
304.013237,151.948433,40.155750,88.151817
304.012897,151.531776,40.050564,88.217522
303.936365,151.175911,40.077866,88.191917
303.796526,151.595119,39.750519,88.360916
303.766596,151.711536,39.894424,88.429688
303.594055,151.952251,40.112858,88.351913
303.180813,152.004307,39.569714,88.277771
303.325035,152.962975,39.297504,88.054222
303.546982,153.339836,39.484776,87.889214
303.051081,153.268024,39.636459,88.136078
303.142334,153.894176,39.299931,87.798996
302.780052,153.295986,39.530872,88.139633
302.882299,153.796864,39.351463,88.014771
302.970852,153.717316,39.602245,88.101295
302.803936,153.071758,39.549297,88.457779
302.840536,153.606422,39.179924,88.270561
302.767334,153.513107,39.309727,88.415596
302.652800,153.393772,39.409706,88.543732
302.920717,152.661152,39.311859,88.740204
302.543045,152.996304,39.419987,88.562057
303.029734,153.113152,39.210587,88.783745
302.339127,152.317253,39.676792,88.878593
302.351316,152.869892,39.510994,88.792145
302.141830,152.563381,39.644413,88.758652
302.942839,152.952435,39.544197,88.874222
302.290667,152.422604,39.887421,88.991501
302.548771,152.512104,39.482052,88.966034
302.049166,152.866962,39.723755,89.122070
302.086407,153.013477,39.470470,88.922852
302.080614,152.343964,39.800537,89.060219
302.149691,152.308556,39.549652,89.113792
302.382936,152.367683,39.734589,89.298363
302.378500,152.394005,39.549919,89.189507
301.731047,152.642990,39.651466,89.323769
301.569853,152.500233,39.292091,89.412933
301.026123,151.971622,39.910954,89.167389
301.626625,152.322491,40.007679,88.894119
301.701029,152.533619,39.346786,89.034912
301.867659,152.498486,39.156044,88.861282
301.371946,152.393269,39.323982,89.524658
300.574770,151.706337,39.752563,89.647392
300.845966,152.042675,39.601406,89.578384
300.592962,151.840702,39.359917,89.850647
301.072903,152.173317,38.863811,89.492577
301.041735,152.670723,38.864075,89.482201
300.790087,152.284512,39.147186,89.568008
300.419682,151.615044,39.347591,89.729210
300.737848,152.576424,39.239609,89.602989
300.267084,151.812801,39.196915,89.860489
300.497278,151.934666,39.380386,90.213196
300.025282,151.432835,39.312508,89.967377
300.019459,152.568222,39.389706,89.822670
299.926245,152.893131,39.365318,89.919769
299.711714,152.266705,39.010963,89.958542
299.634111,151.764648,39.188232,90.336159
300.076910,152.155495,39.054070,90.106316
300.023762,151.710979,39.166348,90.401718
299.712505,152.198906,39.101665,89.983513
299.217392,151.895096,39.260044,90.056618
299.042889,152.285641,39.295452,89.798141
298.780264,152.589409,39.155449,89.766258
298.797997,152.240513,39.324543,89.939362
299.369286,152.939323,39.248432,89.355644
299.446522,152.400978,39.355282,89.895470
299.247181,152.842079,39.071804,89.649925
299.042311,152.242355,39.052284,89.681374
298.795694,152.532970,38.895737,89.967026
299.233562,152.200787,38.920361,89.852432
298.877735,152.670502,38.878017,89.819466
299.370874,152.356064,38.902390,89.834114
299.046406,152.843670,38.881771,89.908798
299.423130,152.521389,38.999294,89.974228
299.288027,152.170979,39.154144,90.372314
298.691294,152.987843,39.351120,90.094482
299.090271,152.676289,39.341587,90.080170
298.662136,152.117989,39.214825,90.473106
298.793379,153.051067,39.560799,90.016800
298.769424,151.690338,39.343662,90.687630
298.541601,151.854336,39.461205,90.406845
298.217167,151.908508,39.478146,90.439796
298.792004,151.895313,39.510693,90.444031
298.527044,151.957100,39.427971,90.429985
298.119448,151.912407,39.551392,90.618187
298.187977,152.587536,39.435909,90.624252
298.560293,152.718575,39.657433,90.648033
298.721085,152.053539,39.418247,91.347244
298.251425,152.767704,39.574608,90.562012
298.315989,152.079937,39.477066,91.327499
297.953022,152.757702,39.614285,90.772354
298.049154,152.134666,39.498924,91.510704
298.394989,152.933617,39.667759,90.974297
298.024746,152.590115,39.609295,91.127213
298.515259,152.268204,39.568363,91.090034
298.062813,153.004856,39.594379,90.897186
298.106758,153.251038,39.326160,91.394539
297.896669,153.035305,39.400360,91.490921
298.138157,153.684418,39.529018,90.873390
297.963758,153.392342,39.667885,91.614372
297.833546,153.615189,39.753506,91.441475
297.781424,153.739922,39.685600,91.541679
297.786137,153.050777,39.580044,91.865799
297.914856,153.604198,39.499119,91.806320
297.905293,152.805428,39.711483,92.488548
298.071384,153.725552,39.888393,92.064194
297.775612,153.724739,39.884998,92.456657
297.914854,153.324902,39.912392,92.654526
298.629179,153.376972,39.876472,92.664581
298.246183,153.053986,39.658852,92.804359
298.662018,154.083794,39.937107,92.657219
298.759707,153.399345,39.685852,93.450676
298.737803,153.120758,39.684769,93.458687
298.779926,154.573177,40.187740,93.072372
298.799921,154.855961,40.031876,92.644379
299.146685,154.391689,40.075836,92.915268
299.461594,155.380466,40.192417,92.022339
299.745394,156.008095,39.741516,91.649345
299.346554,155.987900,39.750317,91.656807
299.623680,156.069019,40.206562,91.623016
299.500780,156.734196,40.011841,91.377991
299.778767,156.776726,40.033077,91.441185
300.326004,157.140430,40.367100,91.126831
299.899267,156.847145,40.142204,91.333336
300.622805,157.217575,40.273712,90.983864
300.457075,157.214115,40.332985,91.427124
300.063173,157.037689,40.012421,91.392525
299.974007,157.316525,40.060627,91.399826
299.939951,156.530445,39.852585,91.619415
300.616684,157.000488,40.066227,91.203529
300.465265,157.218967,40.140030,91.357513
300.378275,157.822426,40.217148,91.365440
300.667685,156.830078,40.145439,91.731514
300.006714,157.095734,40.145420,91.654152
300.320087,157.648045,39.986538,91.248444
300.022856,157.468174,40.070930,91.532104
299.765892,157.389523,40.091602,91.572067
300.503090,157.097244,40.037800,91.663887
300.333191,158.076942,39.977055,91.338554
300.088503,157.814571,40.000366,91.742813
299.823586,157.782864,39.983753,91.651932
300.595821,158.248482,39.991070,91.527763
300.358194,157.573208,40.067429,92.125748
300.447912,157.885281,40.074364,91.660294
300.604048,158.394215,39.978065,91.140106
300.068913,158.867435,39.857265,91.066193
300.131125,159.658443,39.910332,91.189774
300.376127,160.203686,39.963203,90.744308
300.647503,159.280083,39.939098,91.406059
300.645369,159.989002,40.059669,91.136963
300.745251,159.503147,40.135723,91.849579
300.515999,160.033745,40.059071,91.492119
300.939362,159.939671,39.983799,91.659943
301.322411,160.541298,40.117420,91.298820
301.169973,159.870308,39.975792,91.582909
300.877409,160.697342,39.913185,91.159676
300.851631,160.670563,39.912342,91.281624
300.984520,160.808472,39.996052,91.119423
301.170931,160.993412,39.918182,91.033081
301.420820,160.218945,39.956856,91.004135
301.531975,160.293621,39.983234,91.083328
301.111454,160.728233,39.869289,90.624352
301.063908,160.482513,39.994320,90.882057
301.531345,161.111088,39.950863,90.861359
301.363764,160.571377,39.836624,91.163040
301.870026,161.637409,39.788120,90.991974
301.953501,160.858559,39.919113,91.425041
302.128254,161.303749,39.986507,91.315697
301.911644,161.938690,39.835255,90.831184
302.248335,161.302048,40.281258,91.067421
302.374010,161.955631,40.062012,90.844788
302.812944,161.931519,39.865631,91.023537
302.418667,162.145184,39.913464,90.838028
302.721939,161.046021,39.872746,91.344917
302.525496,161.578434,39.698524,90.667480
303.037115,161.459724,39.667686,90.927299
303.156734,162.063026,39.698833,90.655663
302.688000,161.467556,39.840343,91.420181
302.211811,161.300148,39.964657,91.471855
302.399580,159.906349,39.814430,92.536095
302.937187,160.293804,39.741322,92.250504
303.021557,158.851067,39.764141,93.551689
303.035900,158.136612,40.032757,95.103065
302.302589,157.883747,39.904133,95.174072
302.241737,157.480736,39.997486,95.562035
302.913126,157.203323,40.341049,96.201973
302.852591,156.657745,40.295769,96.696480
302.176201,155.361496,40.615589,97.487648
302.861658,155.343033,40.247147,98.036415
303.400494,155.563297,40.383953,98.144714
303.077839,156.007229,40.625301,97.796646
303.571260,155.436722,40.031433,98.273781
303.087250,155.473461,40.093479,97.736710
302.948450,155.917122,40.169357,97.679039
303.545485,156.081257,39.828163,97.597778
303.906181,156.868763,40.020954,96.836578
303.491383,157.258377,40.079006,96.569283
303.259064,156.896240,39.949497,96.161995
303.750172,157.393745,39.942867,96.494133
303.755194,157.656105,40.000450,96.125694
303.664656,157.744045,39.982338,96.214859
303.569639,157.911560,39.865761,95.938393
303.247953,157.738800,39.825874,95.354073
302.828510,157.813839,40.146908,95.244400
302.743998,158.394279,40.274826,94.774071
303.013950,158.233677,40.336697,94.749146
302.864061,158.701561,40.110474,93.970360
302.885305,158.962669,40.343529,94.450829
302.245760,158.671268,40.285187,94.262390
302.296600,159.065075,40.356449,94.563553
302.163988,158.765335,40.613525,94.394142
302.704323,159.259872,40.448933,93.773445
302.521559,159.510242,40.286476,93.821747
302.288010,159.699326,40.245640,94.032326
302.793171,159.014442,40.335262,94.216850
302.965298,158.971931,40.065990,94.032799
303.059488,160.058651,40.008133,94.246780
302.744448,160.154564,40.151733,93.978508
302.693747,160.280281,40.155876,93.852531
302.991381,159.337551,40.093933,94.467453
302.984581,159.550671,40.012196,94.155411
303.265875,159.896358,40.062126,93.967148
302.691729,158.537003,40.361664,94.444191
303.697893,156.340630,39.933899,94.823997
303.532921,153.929451,39.877399,94.658562
304.255095,154.320717,40.367287,93.972435
304.416536,154.273151,40.265503,94.030914
303.870752,154.856049,40.403152,94.164284
303.688032,155.713203,40.694618,93.803764
303.919973,155.131966,40.531151,93.960045
304.240603,154.508900,40.570251,94.257019
304.621710,155.015915,40.340721,93.758583
304.925230,155.398563,40.268593,93.610992
304.840740,155.314575,40.415936,93.885811
305.928852,156.415127,40.412411,93.899551
305.576538,156.262863,40.516148,93.609718
305.815201,156.650608,40.266300,93.130890
306.784098,155.733803,40.131088,93.290489
306.222540,156.206715,40.534233,93.211212
306.571161,156.132217,40.222580,93.219337
306.608822,156.555229,39.916759,93.078941
306.432781,156.418755,39.992809,92.916985
306.193829,158.092152,40.127575,92.177795
305.845219,157.544464,40.192348,92.185066
306.303013,158.095970,40.382626,91.854637
306.271002,156.446293,40.207573,92.246765
306.298346,156.221088,39.951225,91.723755
306.125534,155.654430,39.994877,91.582382
305.969219,156.707676,40.029491,91.318573
306.623484,157.906052,40.074478,91.251045
306.296360,158.171970,40.052151,91.181305
305.934170,158.777897,40.291027,91.532867
306.274826,158.810703,40.138462,91.528107
307.031155,159.220341,39.927685,91.251404
306.802013,159.155277,40.172588,91.265503
307.210390,158.912014,40.321442,91.573441
307.221102,158.418743,40.464111,91.668015
307.542053,158.761730,39.993992,91.417160
307.892862,159.073544,40.341354,91.258865
308.534317,159.316013,40.131107,91.105530
307.835236,159.424084,40.686619,90.488022
308.267031,159.101509,40.177124,90.128685
308.103043,159.031624,40.183506,90.187859
308.822935,159.723038,40.216652,90.141518
309.179953,159.438469,39.699638,90.350029
309.798391,159.282513,40.015587,90.425735
310.488560,159.730572,39.928036,90.044083
310.741022,159.472752,40.022446,90.270691
310.671993,159.744350,40.082195,90.061234
310.756390,159.937603,40.016827,90.092667
311.310646,160.018456,39.999287,90.614403
311.592779,158.600128,40.045097,92.131416
311.159826,155.699245,40.288597,94.286758
311.567516,154.617905,40.040997,96.017372
311.532520,154.131748,40.394772,96.359100
312.202139,154.938000,40.005302,95.627396
312.765974,155.022568,40.666512,94.594521
312.208567,156.174049,41.503738,93.908653
313.413921,156.578228,41.813702,92.812637
313.851963,156.676575,42.543758,91.437874
313.978256,156.579182,42.411228,91.793945
313.620518,157.029518,44.725155,90.189384
313.914726,158.243530,45.082661,88.666023
314.179422,159.426239,44.587723,87.749733
314.396612,160.857304,47.015617,86.408051
315.343008,162.839985,48.437462,84.908722
315.943117,163.238758,49.163269,84.824554
316.000174,164.281616,49.774010,83.755287
316.110668,165.355659,49.448254,81.800529
316.022240,167.755230,45.831165,80.259537
315.842876,168.307629,48.134838,79.662430
316.147388,170.014168,48.703213,78.446495
316.884333,170.235973,48.234451,78.140884
316.042866,170.705990,48.478481,78.192368
317.148764,170.721004,47.751427,78.351852
317.598743,170.990650,46.667934,78.182404
317.998468,170.131248,45.683517,78.448601
317.907335,170.873276,45.915680,78.167183
317.969978,170.313389,45.619526,78.226410
318.511442,169.809872,45.892250,78.414719
319.345985,169.138210,45.133198,78.631668
318.847483,169.248615,44.962448,79.949738
320.008438,169.249008,43.634281,79.214912
320.656145,168.620277,43.015350,79.377556
320.229353,168.559910,43.513466,79.543427
321.638897,168.456772,42.335552,79.469734
322.816238,167.405388,41.976353,79.920464
324.213642,167.011406,40.235439,80.008049
324.843813,166.663410,39.957672,79.916138
325.535629,166.327709,39.702000,80.297684
325.015858,166.128681,39.954159,80.617706
325.813248,166.365818,38.629276,80.750763
326.856388,164.996357,37.162991,81.464539
327.568207,164.725525,36.641453,80.968605
327.958857,164.015575,36.077316,81.271683
328.683342,163.767612,33.929371,81.084839
328.347713,163.523026,33.709850,81.045906
328.663209,161.067741,31.872133,83.969322
327.649364,158.222488,31.694075,86.260017
328.677290,158.601299,31.312447,87.126358
328.141956,157.357403,31.687466,87.648331
326.954161,156.988579,32.207710,87.839592
326.627584,156.787598,32.489830,87.965187
326.755484,157.123199,32.267509,87.106850
326.565788,156.805275,32.292744,87.442833
326.571428,156.398148,31.992981,87.421791
326.498697,156.810123,32.304184,87.148285
326.316566,157.362305,31.633932,87.513863
326.909317,157.450489,31.181828,87.599091
325.101173,156.644356,32.255116,88.305626
325.691089,157.069752,31.334166,87.638336
326.027658,157.331169,31.063402,87.416618
325.571932,156.277836,31.698608,87.118530
325.797577,157.261726,31.013065,86.829582
326.723629,156.705044,30.417675,86.777328
326.811482,156.948944,30.403986,85.980995
326.039598,157.706879,31.042923,86.142952
323.012142,157.764919,34.063900,84.653336
308.600687,156.424362,47.656250,84.069374
300.872454,158.123592,51.770004,119.306564
301.261492,159.580582,50.317093,117.276009
301.806063,158.319660,50.760208,120.556335
302.766237,157.565247,50.901932,121.719673
304.324478,159.821568,50.548328,120.746277
304.442694,158.737804,52.124031,121.059158
304.862494,159.264603,53.769875,121.018440
305.321402,158.897301,53.707314,121.619164
306.303604,159.415924,54.165394,121.708412
306.968485,159.261593,55.391937,122.295822
307.303524,159.268410,55.661129,121.742973
309.355989,159.560650,53.822769,121.529800
308.958971,158.217625,51.606033,123.249725
308.914774,159.405125,53.894012,122.217896
309.389166,158.443535,52.247719,123.148521
309.849152,158.406017,49.101795,123.247574
309.249390,159.045750,52.300220,120.918182
309.254337,160.557880,53.375286,121.003357
308.914501,162.855236,55.785824,121.642868
308.848846,162.765041,55.428944,122.039566
308.457708,163.824757,55.318336,122.178772
308.441750,162.431171,55.851658,123.917297
308.510185,163.121265,55.407871,124.471069
307.768251,160.692997,56.940170,127.282104
307.372311,160.691589,58.194576,127.897560
307.973026,159.877712,57.518383,127.896805
308.997982,163.822342,57.473629,124.782692
309.976847,162.159595,56.307434,126.837463
313.360500,164.153351,53.837582,125.009865
317.211990,166.496284,51.120411,121.559044
311.608183,161.148350,47.286522,106.083618
315.045099,168.466423,38.972687,89.909752
287.493841,158.370655,55.493507,89.759033
311.738155,165.635181,37.405727,81.826782
305.455057,162.368153,40.269440,86.119720
203.252485,140.834572,72.822334,76.683128
311.510542,166.077305,46.697884,90.474640
194.821928,139.509949,71.692574,74.498863
317.409859,164.616497,37.930897,87.110779
194.252964,137.319912,27.196653,56.006241
194.786462,136.686937,24.084217,54.205952
195.280292,136.372330,24.031723,54.742165
195.496053,136.067968,24.324612,55.313793
194.826986,136.133949,24.424265,55.262001
195.346568,136.764833,24.737198,55.273869
195.788842,137.623652,25.327808,55.116901
195.973663,137.620817,25.811163,55.313534
196.544682,138.330046,26.526457,56.132732
196.023808,138.426355,26.583080,55.619144
195.467028,138.444675,26.613543,55.447464
194.520401,138.750446,26.315084,55.186661
192.055443,138.441784,26.594213,55.975937
188.379867,138.349295,26.917885,55.885189
185.108988,138.086033,27.196306,56.505127
181.743158,137.071194,27.345232,57.262833
182.633818,136.925632,26.424311,57.160812
178.040401,137.266434,28.077101,57.120323
175.079897,137.692314,27.537813,57.231438
173.261518,137.533432,27.066141,57.264091
170.879836,137.516106,26.399849,57.297630
167.322575,138.258945,26.978758,56.353714
168.428293,138.501524,25.691103,56.339642
165.184703,139.512438,26.572235,56.312931
164.526997,139.911089,25.281904,55.911915
161.857451,140.597025,25.810783,56.261570
159.660905,140.929720,25.081593,56.361256
157.506904,141.034500,24.727043,56.732567
157.148966,141.347248,24.249529,56.383743
154.878864,140.865347,24.813429,57.177303
152.815157,140.268341,24.663546,57.963890
151.160493,140.598742,24.902561,57.603703
149.279374,140.692980,25.143787,57.914356
148.391041,141.111103,25.616804,57.394989
148.293171,140.673130,25.337416,57.726410
146.864405,141.025871,26.182619,57.793678
145.943660,142.383373,27.312714,57.412811
143.549158,143.098318,28.753038,57.717541
143.059537,143.553959,28.685696,58.367813
141.805909,145.075317,28.690006,57.717155
142.078491,144.868010,28.308935,57.493938
140.831806,145.147291,28.874632,56.965603
138.917053,145.784174,30.261496,57.450184
137.287354,145.586977,29.839376,58.013920
137.224839,145.794100,30.298573,57.810795
136.059612,145.258322,29.685530,58.650021
136.161967,145.578936,29.747940,58.598667
133.847477,145.946602,30.683470,59.123451
132.631809,146.028938,30.326918,58.585976
132.231169,146.193277,29.945810,58.793049
130.920897,146.747944,30.660744,58.095078
129.843038,148.116167,30.919643,56.880054
129.779877,147.772026,29.720251,56.938438
127.976610,149.107687,29.974566,58.653194
127.338402,150.432852,28.971045,57.992443
126.324783,150.397081,29.274984,57.560947
125.105879,150.532711,29.243845,57.980942
123.750466,149.609156,28.889271,58.587040
124.564634,150.146570,28.638788,58.089008
123.226090,150.273476,28.220020,58.813179
122.908987,149.937365,27.412714,58.289829
122.141992,150.333397,27.783390,58.619469
123.222335,150.152554,27.373405,58.241241
124.323837,151.135597,28.212774,58.558083
124.814872,151.307697,28.135841,58.565079
125.112114,151.189781,28.397909,58.857338
125.374909,152.266926,28.927143,58.214996
126.057588,153.312180,29.430485,58.095940
126.592981,153.529034,28.825579,58.008301
125.803436,153.675074,29.033041,58.426441
126.890822,153.563398,28.651649,58.159618
125.524856,153.896963,29.365227,58.463787
125.656495,153.319576,29.780827,58.545914
126.019390,152.593716,29.462797,59.803894
125.506116,152.491554,29.225048,60.200584
125.723658,151.302454,29.643816,60.467045
124.946291,151.179857,29.444521,60.455982
153.819556,158.069519,80.594139,98.908409
124.277186,151.490540,113.837814,101.399529
127.966426,151.217693,115.200058,108.431061
141.847335,156.778393,102.700020,103.579010
195.715673,170.570938,40.918423,82.125816
196.371913,170.315655,39.402969,85.923065
195.351264,170.503002,39.375359,85.715973
194.318046,170.481956,39.357811,85.818825
194.115802,170.716118,39.332550,85.529640
193.275485,170.527943,38.927795,85.959702
191.676965,169.024403,38.849689,86.687820
191.265452,169.599758,39.219772,86.078339
191.459548,168.350826,39.542519,87.133057
190.514283,166.187061,38.566654,88.526169
189.529153,164.754818,38.880329,88.756470
187.792567,163.831516,39.507919,88.717300
187.032044,162.720898,39.252323,88.808380
186.762887,163.172867,39.061237,88.159752
185.886527,162.767372,39.508995,88.378273
184.295877,162.617085,39.051838,88.338364
183.143840,162.572525,39.442245,88.076744
182.471591,162.711819,39.528900,88.339691
180.905890,162.387951,39.368492,88.545685
180.266635,162.348785,39.434845,88.298210
179.508698,163.165821,38.961582,88.282211
178.171763,163.071655,39.165756,88.791527
177.358294,164.176262,39.112061,88.126411
175.586360,165.598244,39.130936,88.435097
174.111485,165.641537,39.084591,88.380432
174.169209,165.156075,38.988094,88.395943
173.081868,165.405033,38.973141,88.758957
171.984130,165.805103,38.892525,88.181656
170.473346,165.900166,39.123169,88.161484
169.643464,165.363934,39.077885,88.134644
168.603353,165.811043,39.243526,88.557411
168.280913,165.259846,39.148537,88.177322
167.049590,165.756905,39.155556,88.677956
166.235925,165.079082,38.881702,88.678253
164.851132,165.440403,38.923534,89.750870
164.795049,165.569042,38.829861,89.288666
163.794517,165.031235,38.934990,89.188805
163.998158,165.299168,38.487179,89.531113
163.854112,166.001793,38.407536,88.988899
162.523044,166.468563,38.577911,88.406525
161.757575,166.062206,38.696281,88.794403
161.458177,166.975430,38.411259,88.871277
160.186444,167.350029,38.584057,88.375679
160.383704,166.899071,38.524284,88.421181
158.939317,167.619160,39.161777,88.378769
158.522723,168.026867,38.749298,87.894348
157.780025,168.849514,39.146774,87.064972
157.725825,168.847530,38.827408,87.427765
157.075421,168.868687,38.516735,86.877457
157.047063,168.864086,38.803432,87.286194
156.321969,169.447567,38.165119,86.807037
145.636960,166.410400,48.553692,90.368187
147.055623,168.303112,46.076504,89.186798
104.294925,153.783424,87.131012,104.498238
153.073543,170.836079,38.876083,86.486984
153.360454,171.479282,38.301529,86.554062
150.786155,172.896015,40.741142,86.884659
95.987098,155.081860,81.277184,99.407135
148.190747,171.084332,42.717907,88.538757
92.564889,151.644798,41.756596,75.345833
150.843785,170.797459,38.117779,88.650070
133.704810,165.397865,55.535927,92.991524
92.185254,150.311474,34.459820,71.583801
95.912128,150.798668,93.461945,109.561806
147.876893,169.404449,39.479252,89.055382
122.303168,163.833885,63.050285,96.515633
146.505328,172.292774,40.195557,87.027695
147.178620,173.120220,37.775181,86.776947
145.610827,173.182999,38.427124,86.567680
146.255092,173.111164,37.963943,87.068436
145.525931,172.835007,38.009117,87.233299
143.813127,173.446140,38.360783,87.524460
144.328460,173.348747,37.449257,87.698555
143.464334,172.749039,37.672901,87.714592
144.750920,172.948235,37.200008,87.818794
143.906287,173.312050,38.694115,87.420540
143.428927,172.998226,37.663239,87.781769
144.481437,173.363083,38.104912,87.711784
144.573211,173.815948,37.125130,87.668419
144.774100,172.701553,38.046806,88.015465
144.988463,172.581352,37.016579,88.524361
145.691888,172.483608,37.292713,89.023895
144.988317,172.033890,37.165096,88.989983
145.210589,168.349903,35.755432,91.386887
145.558896,167.357014,37.600597,89.811569
145.282741,167.068398,37.563980,89.663368
145.297791,165.654144,38.349186,90.021904
146.063781,163.590366,39.723579,90.643539
147.658423,165.638897,38.477989,88.137238
148.220674,167.652702,38.634617,88.307167
148.487784,169.831985,39.397057,87.166008
149.618510,169.542503,37.982895,87.518867
148.760800,169.612740,40.024029,86.369820
149.178575,171.444973,42.162174,85.976990
143.878106,172.164780,48.207783,87.523888
84.653922,147.830189,30.803764,70.654800
83.971567,148.788960,29.211184,70.740677
83.389260,148.983082,29.365314,70.573868
82.742740,149.582550,29.330063,70.410103
82.069545,149.198006,29.353592,70.793968
78.690976,148.020786,29.912441,71.406830
76.194967,147.810074,30.612528,70.692223
73.738285,145.737038,30.337156,71.607262
73.486853,145.640961,29.916117,71.392143
70.374209,143.487553,31.107986,72.087997
66.331793,141.744080,31.183893,72.026390
62.385024,140.800320,31.408195,71.965469
58.018090,141.009277,31.349567,72.687187
54.478757,142.881466,31.499599,73.077896
55.007174,143.296032,30.364351,73.113617
50.602313,145.899834,32.230042,72.490944
46.469567,146.060452,32.170673,72.377151
43.043580,146.999496,32.165241,71.858055
40.158458,148.653259,32.012909,72.380379
37.949916,149.558731,32.052078,72.416862
38.868429,149.324692,31.697107,72.457848
36.054772,148.445709,32.147541,72.457817
34.491134,146.965042,31.891533,72.859276
32.720611,147.081158,32.017326,73.060043
29.926729,147.143173,31.937243,72.944191
27.992171,147.101162,31.673485,72.923035
28.237120,147.581169,31.244043,73.131004
26.120011,145.769436,31.388554,73.065048
24.334033,145.329147,31.619934,73.102730
22.048135,146.221020,31.137882,73.294998
20.875313,148.504780,31.074713,72.747467
20.778490,148.328201,31.376589,73.356010
20.987805,148.447487,31.248592,73.439430
20.223588,148.863445,31.292652,73.094528
21.585865,149.789207,31.792402,72.895317
23.326403,149.309246,31.304232,73.060959
25.060183,150.775311,30.916277,72.335388
26.210766,152.031425,31.268034,72.156242
26.184521,151.511116,30.415937,72.520897
27.152575,152.631123,30.683229,72.384384
28.479646,152.756935,31.095310,72.652458
28.308258,153.433155,30.743643,72.553406
28.442127,154.845139,30.455885,72.521370
27.919430,155.792217,30.747252,73.039703
27.461235,156.050743,30.734259,73.004036
27.620227,157.706043,30.650421,72.698914
27.720822,157.440075,30.504253,72.740280
26.622063,157.730186,30.607641,72.706520
26.314685,158.687996,30.237152,72.573936
26.296407,159.306641,30.482983,72.274467
26.561024,158.896660,30.566298,72.392235
26.836926,158.378517,30.239895,72.718239
27.594053,157.937073,30.824488,72.186775
27.959440,157.467396,30.134943,72.143967
29.386333,157.060982,30.369062,71.985603
30.141584,157.620422,29.891611,71.733650
30.672570,158.030415,30.054142,71.659073
31.953039,159.261162,29.638559,71.481422
33.056527,159.705086,29.828754,71.619286
34.027981,161.224361,29.718428,71.247147
35.647531,162.573677,29.855167,71.236336
36.508566,161.696842,29.773233,72.032822
36.813863,161.783394,29.926174,71.735710
37.435667,161.720562,30.058725,71.760147
38.291102,161.176632,30.073257,72.417282
39.649942,160.899727,30.143190,72.858147
40.292183,159.747669,30.376837,73.407043
40.887079,159.718246,30.303774,73.371605
40.791814,160.196148,30.192181,73.105164
42.395391,159.802345,30.839960,73.185204
42.325004,159.459034,31.245811,73.724396
43.825549,159.350780,30.391861,73.810379
44.310130,159.323868,30.508896,73.732475
45.050742,159.914799,30.749992,73.500290
46.286809,159.459751,30.245541,73.782913
46.257690,159.546581,31.042974,73.904282
46.137377,160.623211,31.544558,73.635666
47.787858,159.964115,31.410618,73.803558
47.545033,160.000843,31.533781,74.352066
47.846403,159.597942,31.808786,74.925812
48.191587,159.423607,31.871851,74.866722
47.611686,160.296085,32.853493,74.829102
47.906999,159.885841,33.521778,74.539772
48.734990,160.589081,33.327663,74.658882
49.657924,161.190258,33.767258,74.049500
50.142049,161.273529,32.681515,73.583839
50.626462,161.762436,32.859646,73.548622
50.182944,161.434242,33.725777,73.365456
50.330966,161.264790,33.044556,73.295929
51.639243,161.711342,33.237511,73.858925
51.612063,160.777283,33.505447,74.252022
53.076819,161.223450,32.476418,73.682762
52.300628,160.904362,32.217094,73.793549
52.937751,160.883278,32.844673,74.349785
53.301932,161.208096,32.713554,74.242096
53.741344,161.064056,32.816315,74.299477
52.842065,160.887398,33.005833,74.414940
54.365439,160.824486,32.912300,74.412422
53.773995,160.847263,32.670506,74.386749
53.655169,160.407532,33.172272,74.532249
54.027278,160.702908,33.269531,74.891083
53.875556,160.611568,32.990669,74.699783
55.978496,160.916515,32.266876,73.929077
55.753080,161.071060,31.786264,73.594643
56.205556,160.514603,31.858212,73.593285
55.637607,160.378208,33.143723,73.649185
55.997333,159.919006,33.185638,74.032722
55.676927,159.598907,32.879856,74.039467
57.071729,159.603615,32.090984,73.961067
57.872044,159.124348,31.984617,74.027695
57.748264,159.425762,31.938414,74.468826
57.647723,158.822334,32.179657,74.271278
58.499910,159.257885,31.906023,74.763855
58.173630,158.816044,31.969809,74.357407
58.552000,158.018829,31.941263,75.115074
58.923079,157.444702,31.755989,75.076576
59.297562,157.704170,31.680258,75.250877
58.345873,156.893257,31.744997,74.602928
59.774866,156.526470,31.296251,75.016373
59.024162,156.055847,31.915655,74.583717
59.587715,156.441448,31.529959,74.917587
59.842364,155.950016,31.959473,74.442169
59.356500,156.043789,31.683567,74.803665
60.354456,155.391373,31.459291,74.629448
59.545496,155.081818,31.474092,75.228432
60.450254,154.656948,31.012171,75.322144
60.010021,155.041939,31.037092,75.506065
60.355671,154.425060,31.101774,75.879166
60.742662,153.996376,31.091265,75.869942
59.942125,154.332951,31.003160,75.893921
60.322545,153.131935,31.072414,76.590477
59.735837,153.260475,31.299480,76.738106
60.804877,152.138863,30.641472,76.919518
59.761540,152.463684,30.701183,76.957100
59.998000,152.263603,31.102242,76.957512
59.819187,152.284466,31.045652,77.041275
59.541138,152.120075,31.099981,77.008530
59.326593,151.814365,31.002077,76.782272
59.574431,151.840988,30.860649,76.759087
59.452478,151.899353,31.120485,76.611382
59.155058,151.342930,30.843973,76.769623
58.916494,150.947769,31.382624,76.783226
58.917219,151.346386,30.670206,76.855301
59.078297,151.136158,30.867430,76.915512
58.939219,150.500454,30.687838,76.892395
58.885999,150.933205,30.689770,76.830986
58.745852,150.164124,30.645844,76.994347
58.570757,150.147728,30.932116,77.052406
58.667500,149.762005,30.536009,77.119354
59.753425,148.966789,30.954109,76.904152
59.289082,149.246262,30.902113,77.120079
59.001561,148.928070,30.804684,76.991753
59.130958,149.011353,30.976509,76.820717
58.415273,148.658936,30.704052,77.215919
58.078516,148.161888,31.478350,77.642738
58.048274,147.752480,31.353851,77.812813
58.620785,147.380295,31.033812,78.275749
57.677135,147.296463,31.603498,77.845818
58.071799,146.883659,31.521385,78.096626
58.018197,147.371868,31.642521,77.884674
58.111135,146.308334,31.254129,78.078697
57.925816,145.899788,30.948378,78.270012
57.214713,145.129799,31.050850,78.836296
56.736549,145.364765,30.999395,78.261002
56.595754,145.781387,31.190487,78.202461
56.905968,145.683071,30.570013,78.498077
56.761538,145.491524,30.261995,78.234291
56.830372,144.737381,30.597441,78.050224
56.482047,145.417988,30.504372,77.513214
56.690240,144.962570,30.332081,77.587502
57.195593,145.336559,30.600702,77.267075
57.181114,144.780483,30.671026,77.501724
56.095492,144.427887,30.591019,77.229362
56.797737,145.118225,31.082541,77.011055
56.371609,145.585560,30.759489,76.460953
56.825822,146.598839,30.491154,75.906853
56.541542,146.006310,30.301794,75.992622
56.405490,146.417271,30.501480,75.597061
56.749867,146.197533,30.603664,75.543541
56.493974,147.511948,30.135929,74.697182
56.399178,146.469788,30.175299,75.413857
56.529061,146.440712,30.562595,75.373055
56.513004,147.092041,30.415815,74.976357
56.713862,146.766693,30.681900,75.506386
56.374087,146.855431,30.416321,75.183647
56.039673,146.995110,30.821051,74.922630
56.537325,145.876705,30.644411,75.042892
56.506894,146.770145,30.851482,74.626740
56.460864,146.161472,30.773529,74.994476
57.324017,146.390331,30.709349,74.414291
57.167129,145.157715,30.292763,75.078438
57.630651,146.313053,30.135403,74.120102
58.170060,146.233398,30.633244,73.811485
58.959466,146.736893,30.545872,73.532967
58.286177,146.272888,30.553873,73.979179
58.406927,146.847351,30.295481,73.593590
59.262846,146.660019,30.944559,73.516319
59.093608,146.553875,31.183426,73.278625
59.406455,146.984253,30.917259,73.153069
59.803909,146.390869,31.374838,73.174309
60.559167,147.124363,31.168980,72.767548
60.412737,146.863922,30.997759,73.248451
61.389851,147.274754,31.565092,72.754044
61.704006,146.743465,31.635298,73.193420
63.510424,147.078445,30.648088,72.763054
65.670800,146.399162,30.565189,72.700035
64.936139,146.291828,30.772030,72.902740
67.734938,146.960274,29.950022,72.432518
70.410804,146.106148,29.883339,72.625801
71.438288,146.654812,30.798021,72.010925
73.254397,146.794022,30.308548,71.785835
75.321707,147.286610,30.086603,71.754349
74.074286,147.130470,30.777262,72.358192
77.148972,147.654533,29.775488,71.916893
77.912332,146.586193,29.659336,72.079346
79.653156,146.781227,29.226713,71.593422
81.181055,147.555695,29.484194,71.285423
82.848502,148.681919,29.753242,71.185623
83.173571,147.951767,29.873964,71.530891
84.445091,148.908257,30.484442,70.896721
86.052567,149.776745,30.290503,71.231323
87.070360,150.423344,30.303698,71.168076
86.510115,150.521259,31.939966,70.726654
88.593469,151.044163,32.064991,71.098068
88.495570,151.193344,31.560791,71.156975
88.495868,151.872631,32.112991,70.856369
87.677306,152.230118,34.335426,70.845192
89.301173,152.519413,33.866760,71.904236
88.991464,153.511024,34.387089,71.687355
90.694657,154.334625,33.682468,70.586815
90.499143,154.327892,34.083492,70.486069
89.982432,154.010929,34.921936,70.364014
94.709096,154.832661,31.852856,69.208862
94.549287,154.697147,32.445942,68.659012
93.434339,154.872448,33.759701,69.478577
95.091987,155.989433,32.932671,68.709206
94.476254,156.063831,33.031887,68.170273
95.970122,156.941704,32.689873,68.093086
98.065734,157.981380,31.674171,68.031235
95.521390,158.622925,33.917675,73.971657
96.552648,158.851357,33.662380,68.316841
97.908069,160.043385,32.280289,67.445908
97.693496,159.530571,31.890495,68.007530
98.109441,161.151005,32.144756,65.771210
87.919374,159.257736,46.149052,67.464958
87.487163,161.031128,43.632187,89.154442
85.137204,161.577793,46.350750,88.745316
85.601480,162.685089,44.446583,88.446159
88.221614,162.742393,41.931076,88.711586
86.587373,162.008808,43.086063,89.498184
85.633996,163.234337,44.208088,87.466286
87.239718,163.241718,42.878845,87.102676
85.859496,162.539600,43.951515,86.293900
86.764829,162.432922,42.695141,86.101646
87.247058,162.967957,42.459351,86.395409
87.529237,163.251602,42.137394,85.318047
84.731997,163.339691,44.029297,86.478874
89.030028,166.006424,40.946815,84.158257
87.168580,165.900879,41.203587,83.875145
86.991391,165.028717,41.670818,84.198082
87.428370,164.834000,41.951920,84.114098
87.112184,165.049007,41.625309,83.983643
85.610822,165.386005,42.125256,83.392105
85.735084,165.142159,42.204582,83.017159
85.205073,165.225605,41.331802,82.530197
87.248389,165.295601,39.639061,81.309212
86.526364,165.861855,39.949322,81.470253
85.716123,165.624409,39.787060,81.351212
86.627004,165.767414,40.007595,81.925980
87.102410,166.163040,39.020985,82.327538
87.346181,166.268826,38.128841,82.274933
88.106963,165.879944,37.825264,82.445183
88.275880,166.123230,37.740788,82.494102
87.739404,165.938263,37.901783,82.257133
88.699918,166.317226,36.821728,82.151550
88.643220,165.915226,36.980900,82.368759
89.088922,166.158863,37.735065,82.526321
89.488170,166.124504,36.949783,82.662331
90.098380,165.435394,36.934288,82.738701
88.975257,165.750088,37.829613,83.182770
89.663444,164.860268,37.946159,83.264534
90.628892,165.485188,36.210941,83.185623
92.147166,164.411026,35.924362,83.111443
92.487453,164.292450,35.697342,83.948174
92.683623,164.609905,35.725502,83.897858
92.170783,163.972118,36.325096,83.404297
93.305770,163.474129,36.313637,84.205513
92.740270,163.689507,36.732204,83.881233
92.721797,163.206337,37.258347,84.038185
92.578454,163.554413,37.590626,84.365501
92.423804,163.028458,37.807274,84.481865
92.571063,163.183052,38.760651,84.259560
93.308883,164.220329,38.882027,83.814919
94.981929,165.385311,37.933670,82.253357
94.161391,164.008205,39.968117,82.821381
95.839360,167.590694,37.908840,79.941010
94.352521,165.651733,39.974682,81.385765
93.598205,164.958385,40.193275,82.607239
94.005191,164.497723,39.920319,82.193329
95.055430,165.885986,39.404343,81.318443
92.658204,163.560528,42.064518,83.193878
93.468755,164.978558,41.328121,81.797180
92.723590,164.486412,41.656036,82.607521
94.653522,166.392551,39.587616,79.675369
95.090257,168.597012,39.385044,77.744232
92.851838,163.636375,41.831791,82.508247
93.547439,162.007462,41.524239,83.684868
93.141284,162.373516,42.042114,84.011475
93.687860,162.600975,41.770435,83.850838
93.026937,161.422600,42.005825,84.147804
93.455266,162.413033,41.880764,83.978645
93.299201,161.649895,42.097191,84.247200
93.863320,161.635246,42.088642,84.058418
93.438802,161.412617,42.220608,84.110916
92.976813,161.824490,42.385582,84.353333
93.141130,161.226051,41.986881,84.446022
93.406550,161.728268,42.365616,84.275452
93.334676,161.896633,42.471981,84.024994
93.341430,161.941547,41.987251,83.711685
92.996425,161.380047,41.954575,84.510651
93.117061,160.890873,42.344223,84.214523
92.903989,161.076553,41.779736,84.355247
93.210755,160.469543,42.157566,83.969627
93.124593,160.672436,42.116512,83.457153
92.819434,159.895496,41.863243,83.496353
93.008870,159.510715,42.250515,83.575485
93.258220,159.727840,42.407791,83.996948
93.478950,159.962467,42.278160,82.919876
93.513030,159.093998,42.320168,83.300644
93.429833,158.940632,42.551258,83.677841
93.559655,158.834221,42.580463,83.490089
93.976966,158.467339,42.351219,83.291847
93.378856,158.275661,42.135422,83.229797
93.442435,157.446491,42.551201,83.654709
93.895860,156.267853,42.583347,83.562889
92.985284,155.810776,43.547962,83.573112
93.044261,154.905090,43.276321,83.816612
93.005063,154.853348,43.413647,84.066307
93.329070,155.207512,43.615791,84.283577
93.754743,155.451794,43.234234,83.751648
94.027234,154.865368,42.621349,83.610809
94.036849,154.233501,42.365486,83.292206
94.837733,152.968182,42.066147,83.235229
94.595124,152.280846,41.942142,83.155617
94.311355,152.560749,42.164223,82.952286
94.678565,152.347355,42.397728,82.924179
95.660348,153.253963,41.821217,83.026520
96.175702,155.080059,42.232189,82.368744
96.533172,154.909958,41.973335,82.392723
97.591243,155.037632,41.299088,81.733932
97.580091,156.737259,40.988384,80.805107
97.964871,155.631741,40.360088,81.422424
98.296931,155.626232,39.708511,81.074707
99.108102,155.688347,39.412464,81.104897
99.736173,155.452263,39.401806,80.648750
100.515204,156.741837,38.572502,79.296227
100.815091,156.608692,38.748333,79.365494
100.405982,156.222923,39.232506,80.492226
100.729728,155.718094,38.499016,80.322868
101.493846,155.764137,38.470901,80.533028
100.451932,153.307014,40.056469,81.965401
100.789704,154.354874,39.704838,80.574699
100.728236,154.593582,39.588028,80.815392
100.629121,152.678814,40.488102,81.579224
100.099256,153.494717,41.088909,81.868988
100.787829,152.943684,40.511444,82.287247
101.993115,152.317181,39.724499,81.661072
103.054204,152.084080,39.990749,81.832962
102.690564,151.571922,39.502514,82.620247
103.506055,152.132908,39.976574,81.802444
104.863109,152.793613,38.697372,81.189774
104.648438,151.975048,39.247837,81.691437
103.471316,150.956909,41.650024,82.282158
104.602649,151.150284,40.636902,82.055962
104.931014,151.149605,40.756996,81.900093
104.856431,151.360069,40.723911,81.584969
104.165269,151.001495,41.918491,81.850975
106.326449,152.296989,40.300629,80.998634
107.202300,151.153542,40.706123,81.837624
107.569455,150.699131,40.376812,81.850357
107.775157,151.137146,39.911880,81.626854
107.110065,150.621071,40.924408,82.363289
107.540353,150.884018,41.234669,82.226097
106.828456,150.271751,43.134659,82.615181
107.757464,150.876564,42.196259,82.089973
109.031047,151.219456,41.166580,82.020065
109.956969,150.336914,39.924049,82.095329
109.766704,150.253132,40.973434,82.355667
109.787198,150.231689,41.044811,82.486870
109.506648,149.924091,42.041855,82.851212
109.187993,150.514820,41.953213,82.548203
110.778108,150.499237,39.745274,83.253288
111.700397,150.266857,38.949890,83.036011
111.595664,150.372253,39.251732,83.068047
112.363801,150.088585,38.511936,83.687660
112.941455,150.602615,38.505585,82.937737
112.223386,149.672249,39.468121,83.566383
113.573075,150.792328,39.695164,83.403801
113.985991,150.764435,39.435829,83.416710
113.282668,150.873997,39.741707,83.746048
112.429593,151.027760,40.191479,84.536057
112.982184,152.280365,39.003166,84.190147
113.752208,151.909374,39.783401,84.807404
113.757318,152.327473,40.069355,84.497879
113.889852,152.580574,40.104702,84.439552
113.451999,152.042522,40.445404,85.273712
113.121972,151.069965,40.480152,85.401169
113.027280,150.557961,42.796734,85.113869
113.831668,150.616989,41.882874,85.245018
113.591355,149.937122,42.418980,85.238510
113.683728,150.206383,42.341442,85.680244
113.565946,150.171341,40.134289,86.316887
112.945916,150.939091,41.218647,85.973953
112.595893,151.104649,41.332634,86.160080
112.427484,150.007206,41.207294,87.052597
112.585015,149.241089,42.090931,87.037285
112.796451,149.807285,41.621552,87.339279
113.068305,150.225986,41.311607,86.748642
114.175439,149.444775,40.686848,86.936859
113.521203,149.920017,40.913471,87.097885
112.922017,150.164391,41.102413,87.743629
112.290877,150.155384,40.399849,87.743057
112.104299,150.718792,41.304043,87.490570
111.656802,150.134052,41.563538,88.011581
111.019687,149.231583,40.748047,88.676567
110.521844,149.748363,40.027058,88.052155
110.178559,149.750397,40.747257,88.665123
110.541448,149.017944,40.024044,88.840019
110.104857,149.237274,40.033424,88.646721
110.089896,148.977825,39.098503,89.017883
109.437293,149.164398,39.060570,90.040672
109.175979,148.776234,37.366951,90.145584
107.007606,148.899055,40.639091,90.986580
105.354894,148.114979,38.570370,91.144791
105.009681,148.603859,38.642540,91.765846
104.567498,149.001472,38.794147,91.596138
104.966573,148.649044,38.876766,91.766205
103.270274,148.141598,40.696548,92.321014
102.722362,147.952145,38.715530,92.053467
101.224654,148.653198,39.088692,93.322624
101.932771,148.041279,38.912327,93.101425
101.984393,148.267204,39.577423,93.504280
102.928645,146.946373,38.100204,93.839699
101.965116,148.401585,38.800701,93.389511
100.567323,147.360428,38.978947,93.918144
100.343337,147.438435,39.663918,94.188889
101.093444,147.045284,39.500191,93.916443
101.941161,147.332985,38.625160,94.464516
100.379544,148.076099,39.445507,94.151138
100.743888,148.172302,38.516472,93.874687
99.657731,148.291584,40.158085,93.765732
100.425866,148.756031,39.620441,93.628433
99.821157,149.010139,40.229916,93.891304
99.854995,148.659313,39.441353,92.962921
99.866549,148.571941,39.366730,93.380524
99.033072,148.501587,40.353020,94.347252
98.213918,147.716888,40.409115,95.180138
98.600907,147.477646,39.110050,95.236107
99.210874,147.553246,38.804638,95.140175
97.775399,148.002136,39.760853,95.443748
98.568490,148.452820,40.255939,95.080009
98.322858,148.704136,41.072643,94.677597
97.837100,149.670132,39.946411,94.403168
96.580607,150.799870,39.429947,93.013779
97.180289,150.820660,39.326744,93.164795
96.194255,151.053093,39.625473,93.196938
96.063642,151.244461,40.120098,93.366600
94.630788,152.289268,39.580166,93.175606
94.391320,152.419922,39.508472,92.978325
93.569272,153.077099,39.115582,92.230133
92.894986,152.873249,39.275188,92.085556
93.396575,154.271526,38.450325,91.656433
93.058118,153.878914,38.169292,91.116798
92.348645,155.086624,38.148815,90.631645
90.928811,155.707218,38.390186,89.859146
89.871854,155.906044,38.716686,89.433998
89.668757,156.500172,38.446091,89.284775
90.458505,155.202946,37.295246,90.403397
86.831994,156.691750,38.862171,89.761513
85.308785,155.565861,39.728809,90.114639
84.689605,155.461132,39.373726,90.499725
83.842645,156.089298,38.616199,90.480667
83.863257,155.660427,38.555565,91.056732
81.658412,155.095886,39.795639,91.404106
80.333991,155.947887,40.547050,90.608337
79.610658,156.025875,40.190495,90.840881
79.555461,155.988991,39.868729,90.701546
79.380086,156.732510,39.673702,89.599823
79.565961,157.191906,39.168865,89.285889
80.590280,157.210190,37.833912,88.942039
79.248069,158.561428,38.907188,88.167786
77.636359,158.232853,39.906487,88.163986
77.015307,157.973782,39.948425,88.267395
78.192435,157.925735,38.348564,88.016289
77.201835,158.621262,38.862022,88.343407
78.495490,158.950405,37.291954,87.627350
77.880979,158.023380,37.473461,88.036606
73.732232,158.611038,40.608540,87.835991
73.627900,158.205315,39.706669,88.065437
76.633746,158.186077,37.744446,88.190704
75.500340,157.727203,38.089535,88.082207
74.626040,157.945808,38.208221,87.501503
74.633267,158.188683,37.526379,87.354652
74.434052,159.070255,38.073673,87.471817
74.109773,158.456608,37.871098,87.750687
73.389155,157.762836,37.922470,87.872757
73.411946,158.864632,37.670467,87.053139
72.992745,157.988403,37.981617,87.259544
72.748754,157.519131,37.967007,87.425354
72.397544,157.441055,37.915367,87.735039
71.883964,157.254303,37.981804,88.082390
71.711267,158.302895,37.855976,87.331459
71.443172,157.632053,37.871445,87.483994
72.241885,158.297974,37.590485,87.722862
71.723102,157.805805,37.859711,87.595169
71.369554,157.162174,37.729984,87.374649
71.660447,157.629971,37.834629,87.034027
72.337220,157.319363,38.012180,86.834137
72.714194,157.576351,37.874138,86.895569
74.812951,156.885071,37.872944,86.972588
79.577823,156.097404,37.719818,86.518105
86.820811,156.803417,36.086746,86.048981
93.112969,157.578045,36.165943,86.303467
99.750096,156.743526,36.205898,86.055237
98.616401,156.924633,36.959984,86.329376
106.175220,157.096565,36.431549,85.593880
114.140199,158.804134,35.807987,85.647675
118.935317,160.797764,36.436226,85.314774
125.589011,161.640522,35.982170,85.978897
130.959855,163.271774,36.365177,85.385124
129.794402,163.351913,37.095253,85.601646
137.017709,164.455833,35.776112,84.824745
138.996251,163.989433,37.609585,85.432106
144.034696,164.933685,36.778881,83.932640
148.122090,165.258263,37.314877,84.595924
150.854121,165.697620,37.744522,84.045242
150.914855,165.686745,37.323463,83.555428
153.168080,166.147438,37.665127,84.205421
156.131104,165.804607,37.603855,84.274231
158.061791,166.619476,37.315998,84.224358
160.398164,167.237003,37.339268,84.096115
161.328856,167.087746,37.745308,83.747169
162.168761,167.646976,37.565041,83.173965
163.748473,167.672695,37.634712,83.691162
165.388770,167.107613,37.785423,83.810005
167.179688,167.534096,37.709629,83.493874
168.519301,168.042259,37.440376,83.206459
170.495963,168.795650,37.516228,83.307709
170.926803,169.593773,37.584175,83.229927
171.756839,169.840538,37.658844,83.270454
173.241344,170.729488,37.291489,82.917816
174.312633,169.507004,37.207443,83.074364
175.111514,169.340965,37.519714,82.575508
175.563960,169.598305,37.592239,82.528694
175.555476,170.400459,37.031204,81.763557
174.863946,169.585350,37.874134,82.418861
174.369441,169.826996,37.483292,81.916832
174.020883,170.231735,38.213398,82.266869
173.420497,170.722023,37.597031,81.789955
173.282262,169.729557,37.603268,82.524063
172.726645,171.427738,37.623680,81.686630
172.508483,170.235226,37.957405,82.262360
173.018981,169.198318,37.815590,82.411613
172.242259,169.850231,37.370987,81.460632
171.882327,169.121750,36.546722,81.601891
170.620076,169.918476,36.643948,80.969681
170.676976,169.515533,37.173611,81.427208
170.053061,170.650013,36.996086,80.643997
169.314330,171.110928,35.372780,80.286346
167.742892,171.371223,35.825256,79.695503
167.011024,172.808506,35.560966,79.238327
166.389834,173.876171,35.998260,78.553314
167.240014,173.144176,35.634235,79.095459
166.037580,173.200939,37.761089,78.333344
165.821591,174.020718,38.333141,78.132263
165.740796,172.952526,38.526196,79.230377
165.177930,173.787941,34.047436,78.227180
163.420661,172.849850,35.528557,79.831818
163.191422,173.507774,35.802341,78.808693
163.226291,168.311314,36.202362,83.924759
162.641761,169.902813,36.715874,82.724609
162.277652,170.397961,37.184296,82.033447
162.452436,170.714352,35.856121,81.373169
161.547585,173.622169,36.377949,78.439186
161.180617,172.088654,36.342934,79.991600
161.420033,168.699699,36.546749,83.860146
161.756627,167.779625,36.676296,84.792763
161.454505,166.708679,37.257042,85.319847
162.154794,170.514862,36.676502,82.422173
162.360505,171.260704,37.198856,81.136726
162.848447,171.224026,37.188152,81.270538
163.771237,172.233330,36.002850,80.244850
164.209813,171.086033,36.114773,80.861588
163.655932,173.076080,37.166290,78.970909
164.928096,174.097729,36.102646,78.003937
165.102397,175.003242,36.378128,77.132576
164.940240,174.455669,36.408772,77.742096
164.805375,174.874695,36.643070,77.143181
165.543565,174.798153,36.619297,77.379425
166.346614,173.418812,36.049271,78.438614
166.072276,172.495823,36.653458,78.845016
165.717582,173.847462,37.152336,78.234451
166.246646,172.601341,36.661835,79.280617
165.642650,173.384094,36.561203,78.554588
165.583068,171.424381,36.944038,80.122482
163.915437,171.686546,39.280094,80.179909
