547.000000,238.000000,22.000000,23.000000
547.836351,237.480664,20.341366,24.877218
547.859603,238.018460,20.337961,24.795996
547.917327,237.432002,20.317438,24.844004
548.041325,238.354361,20.556740,25.215046
548.896126,238.355529,20.819008,24.472330
548.779665,238.855062,20.727451,24.647520
549.282175,239.705338,20.854015,24.645475
549.306486,240.778932,20.835873,23.916037
549.651223,241.316254,21.104155,23.441124
550.580791,242.913692,21.324747,23.319061
552.030300,243.412650,20.324150,22.662088
552.656201,244.735653,20.360067,22.091080
553.223290,246.304237,20.413260,21.507019
553.460481,246.530554,20.178122,21.938587
554.541961,248.567575,19.418734,21.601706
555.570769,248.768940,19.162226,22.468910
557.191049,249.535623,18.787825,22.112814
557.368812,250.393544,18.911104,21.921209
558.297055,251.041977,19.039595,22.247452
559.859001,250.399735,18.621719,22.656034
559.074138,251.457860,19.018496,22.218893
560.681294,251.361819,18.796652,22.620714
561.005978,250.749496,19.017860,22.649698
560.723674,251.028751,18.990160,22.729805
562.016252,251.530208,18.956442,22.524721
562.935174,250.538327,18.586843,22.736845
562.298834,250.675107,18.702610,22.217360
562.143204,249.254751,18.748787,22.235195
562.359668,249.261094,18.870348,21.896513
561.845824,248.250463,19.048967,22.220638
561.437428,247.332419,19.301628,22.035273
561.282308,247.531263,19.332884,22.102688
560.959067,246.319664,19.177660,21.623245
559.526571,246.621334,19.706013,22.042282
559.395006,246.542741,19.876629,22.144857
558.441483,246.326405,20.672972,22.257683
557.824799,246.926221,20.733818,23.455488
557.769058,247.175832,20.107018,23.186384
556.820701,247.101631,20.650507,23.134026
555.711211,246.959159,21.902231,23.733675
553.730160,247.790136,22.367378,24.768398
552.771874,248.189274,23.095472,24.793892
551.581458,247.770327,24.014780,26.163136
549.174978,248.785360,21.905720,26.144009
548.615743,250.389908,20.296812,24.316948
547.003160,250.228386,20.374014,24.052429
545.770383,251.272122,20.282026,23.851812
544.470595,251.143085,21.192980,24.940500
543.604548,252.147949,21.133091,24.894218
542.891822,253.564642,21.240625,25.170864
541.669209,252.927564,22.169670,26.655149
541.169934,253.718279,22.905058,25.775021
540.944305,254.047352,23.101463,25.153000
540.608817,254.288079,23.737146,26.917189
541.138591,255.556355,23.087915,25.356583
540.674591,255.126548,24.196625,27.435480
540.342085,256.422297,23.704197,29.042360
541.958959,257.915814,21.946890,24.100264
541.252161,258.049099,22.598385,26.598778
540.654393,258.845663,23.206121,26.150814
541.292929,263.785756,21.816784,24.197203
541.452607,264.986643,20.655676,27.100124
543.875236,262.319079,19.915911,24.526232
544.092296,262.493094,20.081247,27.259630
544.782218,262.206894,19.709276,24.907921
546.400547,262.417596,19.317467,25.729780
547.298801,264.711576,19.307487,26.402449
548.586009,265.006209,19.753321,24.793947
549.643615,265.444932,18.974581,22.951742
550.362505,266.405449,19.151600,24.110909
551.522340,267.000884,19.190748,23.307657
553.042440,266.817183,19.316761,23.377537
553.108392,267.307363,19.919676,23.666746
552.909656,267.445268,19.901957,23.280951
554.892188,268.448657,19.339373,23.581797
555.426774,267.980969,19.772863,24.497351
555.825124,268.124970,20.487608,24.241842
556.606801,268.605700,19.850798,24.134647
556.235864,267.378900,20.035376,24.185713
556.548895,267.448184,20.322170,25.000978
557.531975,267.887068,20.164970,24.146450
557.099837,266.865168,20.300364,24.745144
556.940481,266.592829,20.273365,24.225956
556.628606,267.054339,20.182508,24.451288
556.422482,267.073277,20.308722,24.322922
556.317549,267.054611,19.128040,23.365417
555.672988,266.726930,19.325693,24.470724
554.961485,268.064047,19.252071,23.250004
554.279048,267.419378,19.437502,24.355816
554.867956,268.039762,19.479427,23.688587
553.394139,268.167551,19.600538,23.568363
552.758694,268.514167,20.008583,23.907160
551.354854,268.890205,20.266169,23.568207
552.292279,268.222212,19.440619,23.097103
550.497240,267.894094,20.349911,24.009138
550.348753,268.691270,19.592457,23.505148
549.592672,267.751197,19.917591,24.536997
548.972166,267.997982,19.919521,22.734283
548.699016,267.920327,20.089464,24.048803
547.478093,267.496507,20.114157,24.431631
547.775074,267.702653,19.732986,23.642370
547.330373,267.233143,19.385748,23.315781
546.437061,267.916153,19.556831,23.786926
547.146238,267.258605,19.107021,23.862001
546.929723,266.827930,19.655294,24.818695
547.052694,267.181268,19.474987,23.784079
546.399560,268.105175,19.763533,24.325600
547.138243,267.796968,19.426563,24.928038
547.405387,266.644732,19.268099,25.520632
546.893673,266.374643,19.575211,24.177250
547.848093,266.942282,19.104084,24.016483
547.754157,266.663487,19.818270,24.325041
547.789219,267.948477,19.982094,22.508778
548.973792,267.334174,19.430285,23.224184
548.984613,268.401020,19.880375,23.369461
549.584168,268.464707,19.716879,23.504316
551.213274,269.185849,19.406994,23.557669
551.685031,269.540251,19.375437,23.794025
552.878113,269.907479,19.654060,23.150015
553.007022,269.542771,19.350809,22.612173
553.084200,270.066831,19.829571,22.685972
553.803314,269.999911,20.034859,23.037180
553.707587,269.793207,19.309633,22.422329
553.720922,269.939159,19.994114,22.953079
554.086272,270.512595,19.726839,23.577547
554.244560,270.098027,20.180252,23.383245
554.481174,269.504528,19.761988,23.846176
554.642281,269.151456,19.710541,24.355452
555.146194,269.367212,20.752869,24.277950
554.812074,268.695211,20.210135,24.138783
554.723978,268.609974,20.861820,25.058144
553.812850,266.052657,21.218523,26.059565
554.122508,266.656111,21.197603,24.145924
553.319965,265.662633,21.298149,23.993872
552.715298,265.641726,20.430038,23.213398
552.720688,264.481252,20.263779,23.281652
552.380745,263.836754,19.549583,23.747055
551.248202,263.126388,20.491556,24.365732
550.711293,263.354686,21.274054,24.791590
550.218831,263.135024,20.152868,24.113489
549.104265,262.892968,20.862247,25.152006
548.375871,263.440582,21.118055,25.334595
547.528468,263.318664,20.867296,24.662279
546.880291,263.360274,20.358315,24.621180
546.248922,263.198573,20.370052,25.109949
545.690656,263.090339,21.066862,24.980623
544.490199,263.789453,20.414064,24.768354
544.451791,263.590905,20.245764,24.084784
543.539142,263.930753,20.532801,24.585768
543.217100,263.507167,19.640888,24.558413
542.366025,263.398128,19.918493,24.652452
541.679651,263.301450,19.775913,25.381567
540.675344,263.500834,20.745504,25.615902
540.629049,263.176828,20.387043,24.907688
540.117528,262.840022,20.995558,25.948664
540.202511,263.171854,20.462624,24.908794
539.481997,262.422905,20.528223,25.673668
539.707904,261.452195,19.912767,24.993498
539.240162,261.046325,19.499153,24.297632
539.371480,260.429695,20.270010,24.496582
538.690652,259.101892,20.035261,24.976208
538.425575,258.434483,20.417572,25.169617
539.494454,258.451566,19.981642,24.793852
539.358087,256.743945,21.258039,26.522989
539.838244,255.978639,21.215387,25.407881
540.116260,255.996621,20.909945,25.503599
540.574677,254.850204,20.823065,24.754549
541.383358,255.304305,20.830185,23.772837
541.760912,254.675739,21.422276,24.924843
543.517717,253.642496,21.222187,24.070850
543.774635,252.904188,20.887039,24.104023
543.920012,252.624553,20.957621,25.308786
545.375031,252.320993,21.013466,24.129528
546.056874,251.914783,20.632978,22.918032
546.193889,250.609341,20.201899,23.968208
547.136324,249.974994,19.918568,23.662622
547.914029,249.520960,19.943533,22.627644
550.286295,248.581663,19.480915,21.565197
550.419662,247.400724,18.931862,22.035076
551.780139,247.148489,19.675341,22.157970
552.522920,245.919270,19.687773,23.999275
553.111488,245.780375,19.556625,24.092350
554.434897,244.687162,19.995928,25.075771
555.048330,243.664007,19.979778,24.300236
555.095153,242.825283,19.459658,25.007462
556.937365,241.232918,19.179958,24.028732
556.736371,240.619729,18.832029,23.386076
556.972433,239.900867,19.062458,22.892387
557.812641,238.814197,19.391747,24.090166
558.048800,238.977898,19.678514,23.640121
558.091253,238.033639,19.656582,22.080481
558.794373,236.708104,19.738144,22.123907
558.920469,236.906972,19.673946,21.711805
558.734618,236.121035,19.455751,21.531841
559.153081,236.380959,19.302114,21.037811
559.496131,235.513612,19.445269,21.209417
559.656958,235.292633,18.891270,20.933083
559.462550,234.385500,19.064135,21.024479
559.755093,234.429538,19.047348,20.732126
559.085272,233.645121,18.801281,21.168461
559.103766,233.867630,18.593889,20.802406
557.929681,233.298860,18.716879,20.257696
557.767953,234.052764,18.770445,20.318102
556.772052,233.872221,18.739344,20.605358
555.507215,233.130566,19.087627,20.623695
555.216810,233.857925,18.973583,20.551537
554.166528,232.907580,19.245634,20.747934
552.968068,233.273617,19.592474,20.933968
551.731615,232.533760,19.904903,20.935791
551.391544,232.128795,20.118835,20.943483
550.419142,232.440769,20.070675,21.572830
549.583145,231.741239,20.118919,21.498236
548.441368,232.311728,20.255531,21.487614
548.430448,231.128508,20.012976,20.467373
548.310913,231.407379,19.790283,20.971619
547.624946,230.745043,20.286852,20.218426
546.648775,230.271753,20.292744,20.430965
546.564288,230.456450,20.172091,20.832783
546.552726,230.347983,20.694040,20.445169
546.869655,229.662293,20.601480,20.790358
547.047687,229.318150,20.246317,20.819664
546.806056,229.507543,19.811388,20.332220
547.685325,229.348837,19.972589,20.485569
547.871908,228.670661,19.786762,20.329805
549.094075,229.445869,19.493048,20.319473
549.232862,228.855856,19.974134,20.079472
550.050658,229.423067,19.942385,20.342236
550.777550,228.966467,19.867966,20.246685
552.468522,228.530041,19.885695,19.613541
553.188643,228.613160,19.807001,20.011137
554.824290,228.461237,19.397867,19.378590
556.045385,228.265523,18.865208,19.286909
557.271708,228.358339,18.984026,19.448544
557.648602,227.648108,18.942108,18.948015
557.969533,227.153255,18.746374,18.970385
558.562131,227.699227,19.107519,18.937399
559.713464,227.611222,18.925879,18.358435
560.161959,226.967085,18.962765,18.427959
559.962495,226.834802,18.956404,18.709646
560.597405,225.893836,19.027639,18.519197
561.154016,226.174827,18.930769,18.490648
561.014027,226.037421,18.670280,18.302500
561.206122,225.226993,18.772120,18.289545
561.887682,224.943468,18.641544,17.942944
562.268279,225.055202,18.386354,18.181444
562.696280,225.141412,18.279308,18.306234
561.932366,225.312600,18.313856,18.368521
562.527376,225.323486,18.275394,17.966377
562.760920,224.469634,18.316784,18.028963
563.248768,224.494450,18.183296,18.562286
563.267015,224.400017,18.110640,17.815102
563.164343,224.542955,18.213421,18.427143
563.160601,224.136267,18.457966,17.772549
562.441566,223.988830,18.610138,17.354929
562.162918,223.808411,18.553299,17.663589
562.262007,223.682758,18.401608,17.933571
562.263089,223.375745,18.299292,17.385550
561.894856,223.369300,18.725958,17.600206
561.123184,222.691577,18.540474,17.346605
561.712801,222.801061,18.224064,17.378370
561.463204,221.486088,18.454931,18.066658
560.411901,220.927936,18.659153,17.339952
560.327523,220.593612,18.574415,17.669008
560.194168,220.302310,18.809853,18.044672
559.971077,218.896991,18.978500,18.410532
560.170642,218.975009,19.047205,18.896181
559.990719,217.881962,18.804604,18.397926
559.932846,217.884860,18.777649,18.344110
559.059480,217.081431,18.929342,18.494165
558.602568,217.293066,18.753559,18.485729
559.143469,216.459313,18.598270,18.346754
559.175901,216.834520,18.910900,18.906475
560.006845,217.200330,18.262182,17.912970
559.699601,217.558077,18.595610,18.404011
560.518399,218.700942,18.474981,17.932421
559.776875,219.018590,18.576559,17.478041
559.565843,219.509061,18.838049,18.195227
560.305385,219.836669,18.874811,17.611231
560.066197,219.684024,18.406271,17.999216
561.000265,220.013519,18.393032,17.408012
561.564067,220.296249,18.304316,18.047142
562.177497,220.445671,18.334169,17.918671
562.584476,220.658689,18.312479,18.061405
563.671731,221.103159,18.135878,17.643589
563.743227,220.528928,18.433796,17.268003
564.704388,220.703590,18.168953,17.233955
565.871017,220.967132,18.084429,16.177835
566.487865,219.597530,18.358437,16.674995
567.107750,219.982909,18.018417,15.925967
567.161130,219.994621,18.597685,15.822464
568.534386,217.177466,18.889244,17.376162
569.878469,217.959435,18.230413,16.257454
570.146516,217.858305,18.498831,15.499104
570.226454,217.775492,18.298389,14.891360
571.068285,216.905741,18.372395,15.592045
571.518623,217.159685,18.244408,15.413174
571.841468,217.199549,18.315042,15.047084
573.515279,217.326601,17.824408,14.951046
574.698763,217.153757,17.547802,15.301746
575.524644,216.999037,17.833090,15.825848
576.399076,215.913977,17.711859,16.875477
576.060171,216.557262,18.414806,16.696754
577.343996,216.115594,17.820934,17.062963
577.964816,215.327147,17.942896,17.327389
578.349812,215.673113,18.225586,18.230816
578.819213,215.220603,17.837702,17.291140
577.831177,215.305359,17.835251,16.904152
578.862549,215.611016,17.518440,16.952429
578.243873,215.152183,17.668306,16.430521
577.907295,215.508964,18.016884,16.848101
577.336288,215.419276,17.554886,16.287226
577.155483,215.310567,17.400764,16.047148
576.592940,215.348593,18.173128,16.328854
576.278251,215.058047,17.976870,15.975153
575.404204,214.609956,17.982721,16.109053
576.018619,214.232096,17.818880,16.463886
575.283335,214.214355,17.860699,17.346573
574.356874,214.143394,17.655180,16.894363
574.210243,214.000132,17.734673,16.659985
574.034528,214.161366,17.722982,16.248657
574.184453,213.893620,17.528685,16.003798
573.434128,214.031518,17.872887,15.868911
572.938964,214.221890,18.131784,16.604597
572.397872,214.373602,17.931406,16.094280
572.762883,214.251127,17.728979,15.983944
572.554896,213.732435,18.023424,16.594204
572.300386,213.368035,17.907589,16.698248
571.644167,213.662893,18.276348,17.542866
571.118996,214.581989,18.600227,17.329712
571.967531,214.496092,17.847553,16.817104
571.546368,214.775131,18.026962,16.603470
571.015563,214.636648,18.062548,16.122570
571.070191,214.850258,17.851004,15.823188
571.259544,215.203975,17.836227,16.288843
570.858531,215.297377,18.120317,16.160198
570.400432,215.481615,18.143259,15.885830
570.221873,215.282876,18.294313,15.863561
570.568085,214.790107,18.107841,16.113565
569.928244,214.466290,18.079380,15.773132
570.819960,213.861011,17.645969,16.025171
570.498950,213.343776,18.069994,17.170763
570.193952,213.788813,18.149076,17.044025
570.618408,213.414775,18.166374,16.607058
570.858424,213.503515,17.343988,16.495388
570.502330,213.947476,17.900118,16.315252
570.865626,214.095548,17.487673,15.658728
570.329844,214.189787,17.107042,15.890803
570.037558,213.863613,17.522434,15.940187
569.641527,213.873464,17.056614,16.247763
569.748616,214.221196,16.886648,15.972770
568.810523,214.061815,16.988489,16.132206
568.147240,214.306100,17.229126,15.689779
567.581249,214.681344,17.489288,16.304419
566.611415,214.865886,16.921442,16.260843
565.057568,215.273039,17.398804,16.840389
564.878412,214.674330,17.160770,16.852032
564.313894,214.912033,17.786480,17.646652
562.163815,215.151554,18.342270,17.647713
562.244220,214.822364,18.113588,17.896784
560.917677,215.400220,17.920757,17.578962
560.535121,215.286824,18.154665,17.841696
559.186142,215.434849,17.678268,18.314705
558.550634,215.393477,17.836338,18.353037
557.574377,215.618594,18.002605,18.713381
556.320460,215.409913,18.010027,19.006262
556.404538,216.090838,17.071569,18.958094
554.493247,215.409037,18.017923,18.258236
554.167961,215.707462,17.839828,18.376785
552.449641,215.988306,18.076281,18.525364
552.201662,215.163287,17.922039,17.786058
550.530519,214.661225,18.097990,18.161398
547.887074,214.715856,19.654150,18.780676
546.328850,214.193179,19.795326,19.144754
545.674877,214.055078,19.855164,19.333555
544.089706,214.053214,19.907722,19.551943
543.352201,214.401011,19.534595,19.397839
543.373741,214.487041,18.728638,19.303453
541.697110,214.686140,19.170782,19.812527
541.557046,214.621503,18.273230,18.692877
540.089110,215.616093,18.673838,19.946022
539.524012,215.583228,17.853153,18.555002
538.487065,215.440401,18.316641,18.314373
536.603791,215.544057,18.871641,18.662207
536.060551,215.532844,18.914703,19.341158
534.552777,216.014975,19.117582,19.412411
533.417701,216.608126,18.924639,19.750370
532.457364,216.185503,19.142813,20.640926
529.572050,215.629402,20.175373,21.169563
528.433778,215.487387,19.017653,21.728870
528.685352,215.376476,20.886276,21.218719
527.438521,216.101007,20.607355,21.152578
525.934881,216.381278,20.957813,21.558184
523.827907,215.262514,21.926111,21.832218
522.956497,215.936921,23.363785,21.471487
521.958995,214.724802,22.462763,20.928913
520.141805,214.091443,22.469435,21.522818
521.139995,213.415612,22.331736,21.438276
520.191245,213.461125,23.741648,21.884886
518.960738,213.494184,22.747637,22.055202
518.550122,212.946036,21.972013,21.146524
518.179914,212.546091,21.672062,22.127300
517.936497,213.095972,21.401070,22.126347
517.384092,213.563581,21.949535,21.642981
517.078595,213.966613,22.167067,22.026003
516.564550,214.748464,22.477489,22.042486
516.643049,214.524095,22.272915,21.813276
517.273199,215.304584,22.424816,21.808718
516.960752,215.347458,22.606871,21.925713
517.291212,216.133165,22.804523,21.933849
516.629952,216.490488,22.892782,21.967762
516.428710,216.704377,22.675737,22.075277
516.589501,216.814538,22.583609,21.934935
516.439237,217.098115,22.708082,21.838476
515.921009,217.267113,23.066124,22.057823
515.892724,217.165040,23.080687,21.575377
516.056164,217.442654,23.210587,21.719292
515.724012,217.177777,23.345486,21.551184
515.018535,217.648559,23.405313,21.912745
514.622489,216.759599,22.779100,21.405706
514.310719,217.047544,23.083549,21.626095
514.553718,216.783763,23.319727,21.299913
514.577822,217.322306,23.469051,21.890804
514.624189,217.092204,23.594318,21.562006
514.223742,217.210704,23.571703,21.497850
513.630077,217.415138,23.569458,21.437881
513.716229,216.450507,23.045301,21.816469
513.278457,216.729986,22.930796,21.480686
513.464770,216.979140,22.580065,21.436716
513.215784,217.266703,22.311092,21.511257
512.705844,217.214554,22.399195,21.758331
512.157557,216.808074,22.385876,21.481150
511.468820,216.956591,22.398733,21.604763
510.249829,217.330279,22.614508,21.746180
509.822129,217.412786,22.801886,21.703625
509.474932,217.960533,22.614986,21.938576
508.244898,217.638292,22.979900,21.651432
507.651001,218.204822,23.384109,21.925028
508.059333,217.876488,23.026537,21.597992
506.582532,217.473985,23.166975,21.753912
506.224695,217.467564,22.969967,21.771240
505.546169,217.846540,23.454926,22.088535
505.327275,217.183315,23.373350,21.989807
504.749331,217.404607,23.235821,22.297590
504.157378,216.676080,23.711626,21.988028
503.479411,217.265577,23.308405,21.907269
503.079130,216.546642,23.401211,21.804008
503.066869,216.564209,23.781263,22.002274
503.048832,216.518163,23.982483,22.089804
502.784854,215.863213,23.447603,21.786018
501.997531,215.955611,23.893595,23.177446
502.188286,215.806968,24.161835,22.998034
502.094057,216.681059,24.642681,23.447765
502.102997,216.451601,23.693527,22.782253
502.645111,216.803417,24.118507,22.682487
502.681035,216.311371,23.639120,22.402557
502.007551,216.134768,23.593472,22.410402
502.840537,216.495116,23.598253,22.371935
502.436625,217.002641,24.037861,23.174917
502.162599,216.941480,24.103354,23.081373
502.400196,217.580118,24.262756,23.184673
502.712337,216.885726,23.778000,22.302340
502.180922,217.369262,23.881916,23.076784
503.529314,217.259301,23.612255,22.097570
503.088404,217.076944,23.887081,22.702366
502.858343,217.369460,24.225735,22.736734
503.725101,217.163419,23.863802,22.340162
502.935284,217.790293,24.541206,23.385906
503.800898,218.053288,24.664219,23.540085
503.705945,217.889272,24.448065,22.681921
503.341006,217.791317,25.177065,23.413101
504.248966,217.649278,24.189674,22.309889
503.998037,217.284164,24.164776,23.012611
504.351027,216.688078,24.063105,22.616535
503.532956,217.175587,24.743628,23.541779
504.664626,217.064203,24.074816,22.341732
503.696341,216.813494,24.256565,22.773991
503.623590,216.836252,24.494595,22.690380
503.342407,216.834872,24.787781,22.989992
502.696942,217.109198,24.896696,23.151676
501.893018,217.146119,25.424215,23.600355
503.595822,217.379995,24.084860,22.431141
501.984572,217.022025,25.245707,24.131372
502.189883,217.208974,24.158884,22.519300
501.827322,217.095628,24.595913,23.129881
501.478318,216.992039,25.428480,23.567101
501.782614,217.889979,24.505535,23.009821
501.109585,217.851777,24.908905,23.214697
502.341419,217.881576,23.976974,22.352709
501.493288,217.976580,25.061802,23.560070
501.908822,217.592610,23.901175,22.563978
501.629951,218.190966,24.281891,23.207867
501.737249,218.080409,24.110134,22.871126
501.204024,217.278875,24.106684,22.775166
501.966240,217.315382,24.011543,22.954975
501.100168,217.364717,24.719929,23.219091
502.487961,217.219179,24.032982,22.770527
501.677419,217.396854,24.584883,23.292435
502.526638,217.090295,23.904488,22.752150
502.533516,216.997810,24.256691,22.741417
502.782514,217.279465,24.268698,22.819214
504.194275,216.685462,23.365807,21.925798
504.660921,216.375151,23.125156,21.754032
504.017650,216.585076,24.229860,22.831839
505.344435,216.781964,23.448177,21.626829
504.575372,216.958755,23.739126,22.050791
505.108188,217.082787,23.939554,22.375458
505.737747,216.846444,23.550812,21.839323
504.707555,216.479078,23.602293,22.045483
505.235840,216.576902,23.611015,22.169750
504.599367,216.729643,23.597340,21.817921
505.163520,216.388666,23.917513,21.660084
504.721226,216.761185,23.654030,22.665398
503.913093,216.752213,23.524668,21.898207
504.201130,216.102106,23.231956,21.734028
503.858397,216.570583,23.933718,22.541245
504.412107,216.110021,23.185802,21.772253
502.946508,215.600675,23.304073,21.877302
503.180456,214.714812,23.841610,21.764559
503.337024,214.017549,23.740480,21.738974
502.922335,213.943959,24.165356,22.136374
502.584125,213.670366,24.206469,22.086926
502.522422,213.117743,23.872416,21.668520
503.450334,212.918636,23.771528,22.019264
502.250252,213.243240,24.336609,22.565704
503.162446,212.296203,23.955465,21.595720
502.398410,212.696523,24.264879,22.635405
501.476966,212.588119,23.806185,21.875132
501.770443,212.254295,23.601013,21.849304
500.485560,212.647727,23.918978,22.343973
501.344214,212.157477,23.462717,21.642923
500.219368,212.801774,23.267555,22.400732
500.667509,212.046269,23.731762,21.648870
499.182217,212.265571,23.713608,22.267443
499.323704,212.235942,23.486389,21.920855
499.663743,212.379634,23.573843,22.346674
499.326912,212.276088,24.001045,22.119005
499.902480,212.354752,23.766970,22.343796
499.133766,211.596848,23.931984,22.338036
499.824759,211.802016,23.691645,22.351442
499.723963,211.951592,23.444477,22.187681
500.000871,211.498087,24.160864,22.435780
499.427089,212.292481,24.320230,22.875387
499.645830,211.839635,24.093922,22.478064
501.096977,211.729343,23.479034,22.003387
500.793385,211.766449,23.903351,22.717766
501.664775,211.780187,23.879480,21.847807
501.343139,212.087325,24.531908,23.162508
501.642664,211.535407,23.814632,22.122499
502.747217,211.859967,23.724628,22.002119
503.080534,211.804970,23.828968,22.223495
503.773998,211.285281,23.526825,21.763384
503.486546,211.281004,23.157440,21.617817
503.970897,211.229259,23.735987,22.065620
504.446516,210.974819,23.270992,21.921478
503.256658,211.539681,23.587156,22.629576
504.233009,210.972823,23.237915,21.843714
504.872748,211.372089,23.545603,22.076843
504.073779,211.484546,23.747042,22.147470
504.876168,211.137053,24.247473,22.092646
504.882224,211.321764,23.842997,21.953655
505.723621,210.972021,23.503540,21.742077
506.312825,210.905755,23.316473,22.049597
505.954757,211.038342,23.239206,21.792112
506.268441,211.261143,23.370352,21.979698
506.350935,211.116924,23.094769,21.854683
507.192821,210.478957,23.020365,21.732714
506.592668,211.203980,23.121367,22.428854
507.566895,211.306723,22.915060,21.767063
507.847326,211.397914,22.800816,21.374140
508.386937,210.824113,22.391127,21.562025
508.316267,210.653990,22.593731,21.528065
509.195565,210.699397,22.366499,21.875399
509.085380,210.738270,22.207033,22.364822
509.547497,210.671498,22.237915,21.469366
509.536235,211.176640,22.322268,21.472260
509.895990,210.501568,22.089535,21.300491
510.931568,210.361769,21.908920,21.472454
511.313522,210.364712,21.829842,21.242226
511.481135,210.519486,21.656031,21.290838
511.631452,210.419564,21.946768,21.473043
511.861280,210.107318,21.697689,21.107927
511.659090,209.646582,21.707195,21.233349
511.460699,210.141495,21.783237,21.276894
512.848375,209.746405,22.058498,21.015827
512.788512,210.245551,21.979708,21.133211
513.035669,209.537374,22.059727,20.744732
513.452595,209.986300,21.649574,21.313160
514.313475,209.252602,21.840992,20.736687
514.170104,209.575212,21.613291,20.824743
515.204846,210.027320,21.461294,20.738138
515.208488,209.802318,21.424316,20.716707
515.825852,209.616427,21.200460,20.401033
517.404037,209.245089,20.818268,20.332684
518.145093,209.197078,20.961607,20.340937
518.056898,209.597356,21.059391,20.699659
519.274159,209.566767,20.782087,20.782009
519.594730,209.324944,20.829620,20.527328
520.522221,209.130162,20.818680,20.128889
521.750274,208.786816,20.580721,20.458763
521.732442,209.019948,20.091642,20.022596
522.005268,208.537030,20.018257,20.067518
522.086673,209.424096,19.744982,19.720434
523.657879,209.140500,20.223709,19.742376
523.902821,209.337711,19.929245,19.264832
524.711366,208.549105,19.600386,19.523869
524.827929,209.184377,20.012629,18.718336
526.210389,208.066759,19.685812,19.480633
526.591693,207.965204,19.995012,19.086475
527.035202,207.276312,19.945808,19.138462
527.959784,207.391414,20.010693,19.194109
528.446916,206.936721,19.958784,19.446291
528.985496,207.141855,20.087328,19.286884
529.114933,207.539257,20.064339,19.515587
530.038634,207.157431,19.520937,19.199413
530.758505,207.650073,19.856556,19.458040
531.116483,207.420503,19.762167,20.037436
531.937354,207.887110,19.063425,20.040241
532.678813,207.466930,18.815287,19.379280
532.493312,207.951888,19.068483,18.945322
533.368005,208.268195,18.670897,18.844378
533.542271,207.452293,18.535324,18.927628
534.288215,207.784340,19.057116,19.116371
534.469261,208.041583,19.181099,18.686174
534.245165,207.490116,19.260410,19.535706
535.578573,207.534909,19.424702,19.381529
535.801257,207.857996,19.656397,18.986721
535.996280,207.821711,19.506479,18.468555
536.676275,207.459027,19.250057,18.391142
537.661375,208.086799,18.672657,18.164270
538.457758,207.802773,18.910221,18.337715
538.251364,207.965007,19.255138,18.432604
539.393032,207.533950,18.587837,18.045557
539.250604,207.226501,18.526304,17.858459
539.901876,207.337409,18.668133,17.956865
540.503901,207.965858,18.798542,18.761482
540.995474,208.292237,18.688663,18.238005
540.918045,208.211645,19.233276,17.995693
541.625889,208.629897,18.793175,17.881990
542.077530,208.493850,19.174690,17.267923
544.709065,208.549307,17.349150,17.424809
545.875675,208.643722,16.697723,17.429628
545.772668,209.255587,17.775633,17.671146
547.313464,208.891088,16.878931,16.835958
546.955449,208.691528,18.296942,17.578781
547.935238,209.567327,17.914841,17.399961
548.813242,209.496750,18.234455,16.545753
549.699947,210.296413,17.955307,15.587730
549.619338,209.759625,18.412378,16.022863
550.537343,209.325384,18.935408,16.123638
551.722587,210.330660,18.402437,15.354693
553.109469,209.130111,19.118769,16.034098
553.889085,209.833047,18.780043,15.719610
555.371924,210.211915,19.742609,15.590278
556.683061,211.171710,19.730253,15.261790
558.116569,211.024971,19.803263,15.261603
559.114784,211.359272,19.536423,15.171761
562.184463,212.144671,19.169474,14.989496
564.183122,211.752556,17.853453,14.727546
565.157694,212.188853,18.154087,15.571077
566.241795,212.909808,17.987411,15.471552
568.499433,211.845548,17.764875,15.009145
570.145663,212.640626,17.905283,16.151220
570.907492,211.399709,18.509594,16.834288
572.035214,212.230722,18.093550,16.104443
573.758421,213.467593,18.411076,16.088221
575.226310,211.519804,19.181269,17.639721
576.022298,212.455566,18.833944,16.938332
577.556738,211.821336,18.917324,17.265219
578.775343,211.923507,18.745518,17.059580
580.135291,209.801968,19.340418,20.273735
581.241586,210.462033,19.131956,19.297903
583.084327,210.064538,19.358294,19.894278
584.056738,210.644799,19.180050,19.121496
584.140121,210.330740,20.404161,20.982021
585.914568,212.164123,20.303471,19.457537
586.241567,210.046281,20.124922,20.956793
587.236532,212.263133,20.420422,19.713785
588.528764,212.959453,20.078299,18.390001
589.400302,212.317000,20.830103,19.207369
590.574523,213.450728,20.409678,18.978090
591.369545,213.558101,19.997467,18.522364
591.047619,212.956783,20.697472,19.825783
592.614176,212.374735,20.204975,19.983990
593.146066,211.623809,20.212172,20.889505
593.557334,211.418827,19.958460,20.326141
594.729259,212.049376,18.898743,19.032543
595.822925,211.964507,17.801264,19.047899
596.924911,211.809276,18.280207,18.740580
596.889500,211.661649,19.769173,19.223761
597.813251,212.008875,20.145899,18.828297
598.648960,211.936105,19.485291,18.860106
599.505594,212.187105,20.780247,19.619083
600.020165,212.110601,20.840445,19.096981
600.583580,211.178420,20.801201,20.073137
600.780016,211.365430,21.209599,20.137663
600.954857,212.007712,21.183891,20.638811
600.867546,211.388214,21.168037,19.072304
600.997534,211.894076,20.748058,19.756296
601.684403,211.064663,20.949087,19.329765
601.284805,211.514390,20.883698,20.475454
601.397899,211.157045,21.668482,19.989056
601.497546,211.417913,21.424135,19.757572
601.514042,211.573478,21.159584,20.250536
601.624089,211.838691,21.904943,20.017702
601.771642,212.446624,21.675787,20.592112
601.479984,212.152827,20.956566,19.140985
602.360734,212.654951,21.444014,20.278637
601.905576,212.575571,21.428534,19.924885
602.012081,211.916392,21.444740,19.739229
602.532358,212.635503,21.446217,20.386999
601.920134,212.580515,20.903759,20.099773
601.857660,212.486335,21.001339,20.057787
601.685278,212.318410,20.700459,19.602606
601.256209,211.910979,20.555368,19.654566
601.589500,212.337493,20.369545,20.094576
601.038888,212.503299,20.204832,19.533602
600.687337,212.631952,19.920156,19.414196
600.477680,212.228538,19.903152,19.235331
600.127550,212.245873,19.890629,19.416059
598.625204,212.297543,19.707256,18.642685
599.409054,211.531793,19.934189,19.192823
598.844768,212.126602,20.427958,18.723167
597.710657,212.379550,20.527309,18.789446
597.505545,212.196944,20.860035,18.807665
596.502050,211.670817,21.253345,19.564142
596.125362,212.208969,21.329338,19.629440
595.846295,211.425696,21.837782,19.236048
595.656719,211.462538,21.617012,19.546978
595.202616,211.684588,20.816929,19.483301
594.480043,212.012640,20.752193,19.271481
593.934713,211.842482,21.274647,19.784107
593.827253,212.428206,21.064487,19.538248
593.813094,212.583383,20.614969,19.385656
593.495683,212.653473,20.755804,19.181755
593.073826,212.671185,21.184013,19.053101
593.050967,212.119503,21.540545,18.554634
592.675629,212.493244,20.694695,18.950462
592.488407,211.975044,21.436256,18.950775
592.058099,211.823446,21.243185,18.795284
591.764681,211.905846,20.815929,19.038353
591.692923,211.703279,20.177235,19.005987
590.914495,211.371646,20.163906,18.486864
590.759208,211.066636,19.982851,18.452116
589.957882,210.737628,20.007607,18.254946
589.076607,210.601995,19.954048,17.594700
589.312536,211.266646,20.054768,17.160143
588.555694,210.499605,20.071550,17.754948
588.820288,209.439596,20.126240,17.412991
588.269218,209.095218,20.107201,17.304430
587.626755,208.459695,20.333099,17.335173
587.193027,208.334747,20.238359,17.327057
587.297042,208.071422,20.037874,16.953676
586.263448,209.062443,20.284269,16.015396
585.965219,206.813112,20.046604,17.237438
586.214805,206.808345,19.489603,17.452654
585.547557,207.144586,19.353113,17.136084
584.852527,207.007982,19.485834,16.869282
584.183675,207.379505,18.336821,16.833458
584.213939,207.452852,18.421106,16.224171
582.741125,207.661119,18.524952,16.808781
581.684631,207.338453,18.658165,16.737240
580.965805,208.019717,18.296692,17.205179
580.564368,208.199170,18.287439,16.789503
579.952471,208.039971,18.254818,16.731543
579.606325,208.434237,18.326542,17.244623
578.142740,207.821571,18.936039,17.064079
576.783248,208.126582,18.613169,17.041277
575.789907,207.426044,18.937702,16.606752
573.987746,208.485729,19.045549,17.630051
572.487611,208.553824,18.352400,16.916895
572.075704,207.811057,18.771208,16.408121
570.776558,208.479845,18.883820,16.621502
568.613260,209.044315,18.559284,16.917221
567.631331,208.948136,19.240740,16.624083
566.475698,209.536985,18.931005,16.512280
564.974524,209.717485,19.095240,16.348698
563.747135,209.994518,18.720810,15.849419
561.837296,210.176598,19.450819,16.233932
561.485010,209.545033,19.143360,16.299118
560.145386,210.957324,18.963829,14.989108
559.846726,210.713551,18.533659,15.067986
559.345683,211.252817,18.042017,15.233891
557.960580,211.470723,18.343451,14.991363
557.352963,211.399790,17.693747,15.116230
557.078650,211.225287,18.225718,14.590777
556.510207,210.567190,17.876734,15.343952
555.431244,210.009274,18.230972,16.604040
554.686377,210.050435,17.987499,16.002523
553.961387,209.691429,17.834833,16.517632
553.109465,210.259023,17.626789,16.504652
551.964107,209.507061,17.914644,16.522972
551.022578,209.428430,18.211596,17.558271
549.905644,209.163279,18.282690,17.822063
548.485970,208.452840,18.350447,18.196936
547.705167,208.619308,18.193624,17.803637
547.841104,208.130643,17.457098,18.637671
546.123071,208.869334,18.643301,18.635790
546.694609,209.479342,17.474834,18.417507
545.447159,209.666334,17.999977,18.015553
544.409455,210.069476,17.968885,18.898264
544.020460,210.100694,17.452473,19.112600
542.812350,209.940792,17.656778,19.339943
542.000572,210.712211,18.121765,19.795069
540.815413,210.888639,18.094944,19.388134
540.206897,210.536961,18.711168,19.507736
539.899808,211.457314,17.977705,19.244612
539.590748,211.520807,18.227104,18.974277
539.114983,211.197962,18.452705,19.053905
538.546261,211.563844,18.408508,19.498007
537.568614,212.012232,18.491404,19.491955
535.988136,213.006552,19.123749,19.881275
534.676845,212.544818,19.071215,20.040049
534.346566,212.232957,19.454306,19.996634
533.382442,212.307298,19.458466,20.143202
532.568943,212.496765,20.103737,20.532387
532.843041,212.244996,19.477438,20.505232
531.656074,213.029230,19.823244,20.806774
530.932714,212.623377,20.030605,20.132885
530.808432,212.227911,20.875790,20.531178
529.724890,212.291385,20.284863,20.879793
528.943316,211.995439,20.588572,20.772367
527.793250,212.118930,20.687571,20.855944
527.458146,211.549459,20.783186,20.377308
526.872934,211.729467,20.040241,21.157719
526.072666,211.748347,20.380783,20.720522
524.934358,212.204608,19.996542,20.387964
524.377567,212.842796,21.550064,20.790161
523.473699,212.999590,20.941946,21.037121
523.641144,213.568437,21.714310,20.190901
522.192400,213.162717,20.842770,21.317709
520.864634,213.465981,20.793530,20.653061
520.668921,212.597206,22.102230,21.641426
519.795690,212.657383,22.136717,22.414940
518.888993,212.493526,22.773535,22.037142
518.254522,212.507004,22.910717,22.145638
518.237772,212.459850,22.550114,22.483002
517.478270,212.648453,22.792545,22.439819
516.633323,212.573568,23.388330,22.592609
516.427486,213.343358,23.352768,22.377501
515.022193,213.047480,23.400705,22.440220
515.359689,212.677058,23.556791,22.362490
514.818120,213.103649,22.795935,22.806381
513.737059,212.869648,23.854763,22.494270
513.211435,212.789357,23.761906,22.712713
512.875336,212.154160,23.279549,22.408590
512.682497,212.127155,23.753056,22.343124
512.356355,212.168011,23.664206,22.791473
512.575950,211.836135,23.611917,22.377878
512.704172,211.299522,23.752728,22.345055
512.711089,211.865145,23.740992,22.676662
513.273717,211.334793,23.512724,22.356140
512.933483,211.330921,23.545227,22.805206
512.997629,211.348886,23.802624,22.337620
513.569592,211.260451,23.526901,22.341974
513.158900,211.654759,23.733591,22.605406
513.350067,212.018556,23.905876,22.811247
513.457692,212.352824,23.209829,22.681093
513.386363,212.918113,23.359125,22.884531
513.862426,213.560847,23.609446,22.883326
513.855536,212.640566,24.132532,22.917461
514.674335,213.438329,23.066856,22.627226
514.454811,213.617113,23.134201,22.836620
514.095894,212.884192,23.805283,22.868824
516.210672,213.302189,22.959766,22.592087
515.770867,212.889103,22.738508,22.421783
516.421065,213.010049,22.551752,22.357450
517.371975,212.838443,22.542839,22.353510
517.148838,212.262066,22.706131,22.611031
517.722187,211.900444,21.713806,22.121361
518.688352,212.262541,21.704466,22.455555
519.232257,212.242203,21.278322,22.194489
520.110103,211.743857,21.653421,22.000055
520.539061,211.735807,20.748089,21.381046
521.065061,211.891894,21.159979,21.492342
522.259670,211.711174,21.025612,21.057945
522.865457,211.729532,20.430372,20.644970
523.503900,211.136039,20.256056,20.633554
524.909841,211.565634,20.401876,20.747631
525.026545,212.213947,20.071804,20.799797
526.201385,212.088391,19.765917,20.629766
526.730840,212.459901,20.086859,19.947866
528.506520,212.575829,19.925131,20.242912
528.945902,212.846922,20.297276,19.994495
530.069632,213.380488,19.724651,19.937304
531.363947,213.540762,19.352398,19.434597
532.093991,213.473800,19.226248,19.339144
533.522799,213.420229,18.940195,19.139179
534.101783,213.825529,19.114603,19.354618
535.811428,214.033733,18.514542,18.733482
535.209382,214.428080,19.659452,19.217861
536.665414,214.196854,19.169287,18.873474
538.377448,213.649274,18.628817,18.896261
539.589557,213.820833,17.863771,18.754772
540.179341,214.096413,17.976339,18.594742
541.533277,214.355823,18.020117,17.640619
541.450800,213.378015,18.649914,18.182699
542.986427,212.902771,18.629471,17.852257
543.324384,212.405029,18.809645,17.619102
543.035875,212.545543,18.740459,17.858202
544.440833,212.973800,19.044680,17.307688
545.217324,212.632360,18.956968,17.206511
545.807392,212.378157,18.859764,17.071133
546.850250,212.382607,18.527100,17.093283
547.174226,212.901798,18.282415,17.302948
547.833398,212.984439,18.451445,16.844545
548.241327,212.890367,18.521694,17.277639
548.753597,212.670489,18.572113,17.315325
550.073793,213.677835,18.442783,17.830952
550.315724,213.412735,18.598799,17.799606
551.303572,213.474283,18.526463,17.624058
552.356831,213.631902,18.444183,17.913206
553.035681,214.057955,18.566517,18.350391
553.181699,213.850420,18.940184,18.421261
553.842906,215.021189,18.874613,18.205563
554.473800,214.407361,19.080187,18.158133
555.337109,215.784366,19.059944,18.272188
555.737453,215.035110,19.344019,18.643557
556.586696,215.165354,19.181993,18.719364
557.175048,215.549562,18.756899,18.529514
557.595632,215.726480,18.754629,18.358992
558.609384,216.674461,18.979406,19.081635
558.747491,216.599696,18.944670,18.534906
559.291363,216.640649,18.788116,18.622526
558.762809,217.152431,19.130350,19.044237
558.888880,217.569568,19.634441,19.036600
558.887748,218.064734,19.379313,19.054476
558.703310,219.179992,19.393200,19.611345
558.505692,219.879954,19.501951,19.308924
558.401843,220.078304,19.307673,19.331963
556.987988,221.231401,19.574591,20.079235
556.842653,222.133600,19.601505,20.101177
556.069715,222.640132,19.996166,20.112551
555.346229,222.951436,19.907610,20.698606
555.166753,223.293017,20.223585,21.042612
554.732109,223.297461,19.971901,20.790905
553.361856,223.501620,20.066151,21.774233
552.852523,224.123337,20.354219,22.288292
551.747639,223.936641,20.468529,23.345736
551.790735,224.375881,20.549633,23.526680
551.209928,225.019649,20.699774,24.050577
549.975159,225.737710,20.451515,23.576330
550.166903,224.886724,20.673761,25.280317
549.657883,226.407531,20.469414,24.041727
549.782994,225.720059,20.590216,25.031042
548.952320,227.097949,20.881439,23.927843
548.951490,226.218934,20.774296,25.121305
548.624256,227.099435,20.842072,23.538465
547.931834,227.403942,21.188158,23.584587
547.481984,227.359189,21.476683,23.586241
546.545264,227.529816,21.770136,24.196129
546.147618,228.604595,21.377829,24.288620
544.730077,229.605317,22.279692,24.246634
544.167155,230.746584,22.576204,24.940838
542.978137,231.436845,23.312311,25.251226
541.703937,236.099214,21.654940,22.486670
539.832282,238.734885,22.644732,21.125307
540.281418,239.445990,22.191734,21.393154
538.702561,240.605746,22.635588,20.685282
535.831273,243.943558,20.659277,19.382126
535.871468,243.061289,20.300514,20.596218
533.801999,241.858057,22.032866,22.581295
532.717535,243.258007,21.089390,22.574844
532.480435,242.559031,21.805563,22.491495
530.714093,243.309380,22.295698,23.706535
529.722610,240.661935,23.889132,26.998449
528.690233,243.130500,20.778698,24.721552
527.407288,243.330415,22.942818,25.587111
526.695365,244.840981,21.521494,24.880751
527.036264,243.420166,22.601070,25.869453
525.234905,243.688648,23.757774,27.222313
524.242657,243.978910,22.517151,27.689030
523.669794,244.420046,22.622463,27.445194
523.894697,243.942894,21.805065,26.597176
523.230518,244.708129,20.838577,26.504824
521.859047,245.176738,21.044319,26.240435
522.409010,245.632623,21.468616,24.892218
521.485512,245.509867,21.990364,25.976208
521.766577,246.150217,22.008198,25.189419
520.078753,245.346285,22.247477,25.748936
520.307325,246.149103,22.453266,25.822491
519.367152,245.250113,22.767733,25.066126
519.029932,245.719723,22.602695,24.858482
518.592910,245.213170,22.130236,24.813032
517.631878,245.237448,22.418495,25.379475
518.143666,245.511347,22.084997,24.809269
518.175102,245.650173,22.061180,23.326859
517.564586,246.168289,21.909853,24.543877
517.101202,246.240201,21.528339,23.204290
516.378793,245.427479,21.704062,26.034203
516.699718,245.416151,20.997431,24.125294
516.217094,245.531863,20.973328,24.152445
516.407387,245.165560,21.293091,24.762608
515.367500,245.059205,21.296829,24.316603
516.284322,245.045979,20.586119,22.663345
515.059347,245.031490,21.117695,24.861076
515.361869,244.124826,21.420084,24.218670
515.241886,244.400510,20.962677,25.032164
515.501112,244.436104,21.347507,24.750832
514.657005,244.411409,21.147255,25.031727
515.142052,244.155272,21.728821,24.751568
514.532191,243.702221,21.660181,26.742363
514.482821,244.080758,21.482485,24.323851
514.639847,243.888798,22.145416,24.904503
513.725859,244.942348,22.168652,27.202799
514.716585,244.713775,21.702168,24.954340
515.126100,244.191670,21.458242,24.009146
513.296115,244.827801,23.043222,29.983765
514.405055,244.184146,22.090891,26.487345
514.730424,244.205315,21.515532,24.243546
513.956585,243.876598,22.352081,26.505875
514.633424,244.007493,21.549765,24.020132
514.901454,243.661562,21.515543,23.778149
513.773499,242.658508,21.675079,25.077232
514.704749,242.521029,21.416590,23.801945
513.871655,242.446218,21.460602,26.514614
513.902742,241.859911,21.200611,24.371624
513.143590,241.925572,21.846334,26.076277
514.157213,241.660688,21.316570,24.842846
514.537769,242.078881,21.098618,24.096571
514.213750,241.388921,21.177832,24.819769
515.005684,242.167849,21.175888,25.501698
514.889637,242.200109,21.134445,26.310757
515.740945,242.009382,20.935186,24.751934
515.423230,242.827724,21.177160,25.891985
515.891351,241.188671,20.939421,25.342880
516.678991,242.150850,20.624043,24.669201
516.213564,241.915929,21.065472,25.352247
515.452667,241.506946,20.999718,26.339266
517.183163,241.704682,19.875015,23.686125
516.189174,242.184442,20.323709,25.542540
517.724678,242.026937,19.687622,24.535305
516.512508,242.555551,20.211929,25.906675
517.869085,242.003338,19.402866,24.661720
516.934665,242.329044,20.102495,26.151924
518.356936,241.532615,19.594721,26.150980
517.617000,241.510084,19.896738,27.952923
516.960199,242.533734,20.279621,27.799551
518.789828,241.901927,20.495951,25.417215
518.040328,242.444427,20.328463,25.599930
518.209154,241.035373,20.212955,26.084436
518.095798,240.926552,20.858635,27.141609
518.397139,241.678793,20.995533,26.592983
519.405772,242.238878,20.302439,25.768963
519.134534,240.910254,19.872480,25.558672
518.555485,241.748840,20.572495,26.632835
519.174407,241.517203,19.847605,25.549395
519.014943,241.269852,19.961256,25.401810
519.380049,241.902484,20.152431,28.448641
519.543940,241.492996,20.089924,26.066719
520.083281,241.334487,21.038670,23.553484
519.271583,241.500342,20.943293,24.713663
519.866402,240.998383,21.177490,24.227676
520.282080,241.292936,21.396030,24.512859
519.874149,242.299287,20.942345,25.135054
520.282453,242.090664,21.127882,24.317101
519.777163,242.118902,21.191944,24.648182
519.459061,242.592800,20.924217,24.767052
520.330606,241.553661,20.754230,24.726112
519.200847,241.183295,21.889536,25.293268
519.793312,242.050002,21.514626,24.761263
519.094007,242.153440,21.179554,26.252430
519.606483,242.004069,21.207314,24.650370
519.174502,241.637110,21.029932,26.253201
519.750937,241.539305,20.617413,23.809574
519.022423,241.778623,21.388206,24.923162
519.105072,241.930454,21.369026,24.491486
520.198018,240.676582,20.091116,24.230812
518.936925,241.224988,21.425604,24.688696
519.589282,240.916824,21.102396,24.300743
519.047379,241.189098,21.455437,25.092888
519.304925,241.283472,21.197592,24.669735
518.651356,241.424586,22.099701,24.871721
519.021460,241.148246,21.459873,23.869463
518.123090,242.020711,21.534056,24.712149
518.304824,241.388400,21.915384,24.583925
517.495568,241.326568,22.623800,26.767374
518.226176,241.640907,21.729555,23.696556
518.347639,241.856611,22.240833,25.306950
518.075272,242.078759,21.072205,24.172850
518.105782,241.553579,21.923531,25.344997
518.211681,241.562078,22.194206,24.021778
517.555377,241.305763,21.581186,26.600723
517.851832,240.904170,20.949984,24.680094
517.858265,241.267818,21.571968,25.542221
516.987287,242.219184,21.150640,24.343302
516.989892,242.226511,20.561087,24.461185
517.077826,241.606815,20.590860,24.282646
517.268310,241.858960,20.802675,25.626600
516.825452,241.057781,21.802107,25.177155
516.638325,241.690590,21.042618,26.075241
518.379169,241.099492,20.815613,24.447119
517.343596,241.715254,21.284357,25.641766
519.438968,242.395338,21.540529,24.390430
517.886519,241.975830,21.822260,24.871597
519.782865,241.696405,21.337477,24.452824
518.351019,242.482319,21.051502,24.633430
519.728733,241.804392,21.327782,23.597012
518.696626,242.818133,20.992163,23.994745
518.714837,242.673730,21.657377,23.989096
517.628522,242.930941,21.542768,24.919819
518.963086,243.536849,21.416311,24.326197
518.309710,243.724857,22.185986,26.010391
518.646566,244.419740,21.870808,25.505682
519.120152,243.481192,21.706137,25.962757
520.419209,244.267145,21.304932,27.327206
520.430420,244.549052,21.671379,27.209986
522.126176,244.866041,22.024084,26.502766
522.244812,244.277758,21.283073,25.876156
523.233106,244.904171,21.310148,25.431648
525.470176,245.467587,21.213053,25.413643
523.733721,244.285161,21.694798,25.226507
524.423323,245.022568,21.283588,25.213722
524.849993,244.159113,20.032696,25.814816
524.631286,245.235373,21.132418,25.117548
526.724218,245.788815,19.335346,24.272612
526.434340,247.597341,18.903131,23.488501
527.415839,247.269517,19.787737,23.161337
528.109712,249.893168,19.961157,21.443415
526.354746,253.514480,20.283276,18.392519
528.413660,254.114809,21.114536,19.048275
524.821165,259.444342,24.181698,14.235126
524.542590,259.990801,23.880297,13.917354
523.338198,259.732897,26.942875,15.486308
534.797907,252.285989,18.711315,19.288855
534.406554,253.415418,19.115129,18.391317
528.638579,254.411611,24.138346,19.662474
536.462888,252.432681,20.496687,18.569559
536.533792,252.970562,18.730543,17.638451
536.908083,253.416553,22.220516,18.462328
538.225610,250.562839,21.344084,20.872065
539.020157,252.840488,21.704918,19.094948
539.815233,252.585392,21.561291,19.608078
541.171356,253.389960,20.970535,19.116701
541.085981,251.778479,21.145527,20.805386
540.345799,248.882894,21.766867,23.336111
539.877223,251.785830,21.813959,20.837221
541.065459,251.049994,21.124567,20.926828
539.986211,251.364033,20.835073,20.591599
542.112136,248.782749,20.081614,22.317352
540.844696,248.964068,21.151642,22.662554
543.033004,248.611138,20.072008,23.138083
542.497911,248.335880,20.495182,22.752579
542.781507,247.674977,20.113819,22.426558
542.760666,248.915821,20.519600,23.346489
542.376026,247.945330,20.173210,22.552197
542.080963,247.610506,20.590210,23.485950
542.417678,246.366443,20.066622,22.778223
541.160094,246.491323,20.107508,22.174778
541.542735,245.736918,19.945772,21.071520
541.416222,243.706309,19.854630,22.475542
541.335347,242.875328,20.729040,21.533829
540.542723,240.858892,20.136127,23.986950
540.370181,239.709623,21.001200,24.147129
541.203136,241.532682,20.799660,22.733921
541.340192,238.483077,19.629225,24.164545
540.264617,237.293313,20.364046,24.432806
541.912254,234.172553,19.992683,25.403948
540.703869,234.762076,21.283051,26.061655
540.588181,233.281527,20.913939,23.735241
539.910121,232.787187,20.674387,22.508894
540.140927,231.151961,20.599943,22.631052
541.307239,231.111315,20.436068,22.743053
541.341977,231.457262,20.420782,22.960400
542.276185,230.476850,20.222662,21.912458
544.751290,230.250980,19.628836,22.703697
544.746011,228.844995,20.250456,22.227972
547.656318,229.390746,19.711443,22.792986
547.730146,228.623753,19.986759,22.161148
548.465565,228.279711,20.894691,21.450939
551.551967,227.633796,19.726053,20.969774
553.552368,227.100894,19.770798,21.083414
554.429372,226.864791,20.345297,20.918276
555.592852,226.169699,20.308262,20.334347
556.883781,225.309697,21.190887,20.323690
558.762983,225.280724,21.334759,20.043846
561.909395,224.478569,20.856838,21.156494
564.532217,224.480624,20.343777,20.093981
566.503141,223.544671,20.187420,20.238012
569.125244,222.999117,19.963562,19.739948
572.557808,222.465712,19.043404,19.605175
575.371712,221.942064,18.646286,18.134731
578.397455,221.601931,18.493511,17.613743
582.224200,220.880029,18.371859,17.144377
585.093564,220.115702,18.446997,16.851879
589.597473,219.574122,18.573769,17.196253
593.623877,218.443239,17.935207,16.807964
597.931042,218.168365,18.849762,17.537355
601.404221,217.890752,18.870033,17.100851
605.761809,216.714439,19.958101,17.169472
610.415381,215.261374,19.630335,17.068323
614.540548,214.163425,18.454258,16.921555
619.025336,213.862777,18.856073,18.074549
622.924813,213.883815,18.503904,18.747133
627.037180,213.750801,20.688358,24.656815
631.449673,212.694891,20.180885,26.486713
635.222116,213.040740,20.493505,25.160479
640.328875,212.227021,20.537731,26.435400
644.474051,217.549046,20.651911,22.035759
647.679428,212.512443,21.866524,26.401125
652.167844,212.377387,20.290251,22.240213
656.202302,211.812141,18.458395,21.578354
660.587485,210.958486,18.970881,22.684393
663.457127,211.798225,19.806770,22.797668
667.028045,210.635603,19.509531,23.389759
670.917418,211.059316,19.460741,22.570555
674.209655,211.161955,19.398523,22.207981
676.851688,210.672660,20.017326,22.969316
679.830617,211.438910,19.900236,22.015713
683.515821,210.463397,19.712973,21.684755
686.465618,211.357761,20.467560,21.947388
688.978294,211.641932,19.982239,22.951670
691.410920,211.766430,20.182486,21.259392
693.376485,212.239965,20.114393,21.473957
696.732811,211.387673,19.701538,22.513723
697.875387,211.305447,20.133305,21.161842
700.430586,211.238761,19.441082,20.535433
702.289762,210.459389,19.669582,21.185600
703.239322,210.664576,19.866373,20.159817
704.583775,211.145782,19.852638,20.471788
706.300755,210.863373,19.579659,20.633255
707.076817,210.397342,19.895256,20.477182
708.656114,210.889648,19.724241,20.826118
709.727042,211.151363,20.173693,21.603035
711.638357,211.152610,20.113728,21.838251
712.694697,209.974813,20.080019,20.975681
714.146680,209.888016,19.524069,21.439880
715.462007,210.403576,19.619833,21.319778
716.185567,209.801497,19.747847,21.064808
717.802778,210.946480,19.995899,22.367928
719.089511,210.699438,19.952448,21.637920
720.799289,209.935729,20.167795,21.832033
722.469922,210.861928,20.420622,21.003645
723.745639,210.724915,20.408525,21.968323
724.922809,210.103515,20.861635,22.268404
727.246506,210.094770,20.129234,22.898060
728.861897,210.175460,19.571571,20.831881
730.493657,210.200836,18.748388,20.227982
731.552238,210.174194,17.706589,19.702019
734.228244,209.346470,18.159060,20.876396
736.017540,208.215521,18.576248,22.122562
737.710248,208.797969,19.429541,23.117701
739.586761,208.354897,19.853401,22.001244
740.835866,207.192993,20.169432,22.273560
742.804386,207.335681,20.063797,21.650835
745.300847,205.962452,19.842047,21.081856
746.850374,205.802197,20.127750,21.278587
749.296017,205.890353,19.518196,21.031969
752.007147,205.550342,19.666294,21.478930
754.843170,204.063672,18.866791,21.245993
756.854595,204.390030,19.408264,21.555817
760.057265,203.249310,19.041796,21.268768
762.315523,203.925678,19.100834,21.433113
764.601562,202.970865,19.091766,21.353535
766.714939,203.455906,18.982437,21.143661
768.837640,202.736014,19.928900,21.584192
771.274110,203.005585,19.889647,22.562523
773.268612,203.746808,19.253044,21.054144
775.630080,203.282012,19.183367,21.813692
776.608961,203.219036,20.993572,23.512039
778.423642,203.265161,22.635954,24.795843
780.223580,202.846660,23.640638,25.303850
780.260517,202.303986,22.266182,24.078949
782.336995,201.452127,21.551649,25.141737
783.233126,200.105353,21.377407,23.668879
785.840648,201.274811,20.745180,21.828293
786.726699,200.044597,20.899355,21.572443
789.076219,200.088833,21.475027,22.415222
791.007203,200.715087,21.991117,21.305498
793.629585,200.219645,21.209030,20.605892
797.564359,200.765276,20.083105,21.291729
800.695580,201.499943,21.577093,22.470604
805.059226,201.066294,20.317530,20.682888
809.224714,201.215518,18.667179,20.381769
814.125366,201.081699,20.730728,24.531227
819.551940,201.067307,20.648012,22.818817
825.203819,201.361986,18.662941,20.396648
829.349668,201.138275,22.561552,22.323860
835.201889,201.640593,17.912582,19.326435
840.729590,202.782628,19.829668,19.940184
846.351203,202.676963,22.847078,22.185602
853.403918,202.929701,24.183161,24.235508
860.001472,200.985880,19.662521,21.290714
866.760006,201.453397,22.077568,20.632734
874.512400,201.684908,23.311275,22.415081
880.566396,201.608322,22.823751,22.212029
892.918206,207.666129,18.842543,17.002573
895.239562,196.875914,21.025881,23.702282
899.191321,196.237152,24.104593,26.495201
903.351110,194.260583,25.496853,27.461714
908.803205,195.137523,25.252377,25.844995
913.884892,193.135465,22.803679,25.461561
917.233918,193.989028,24.091681,24.848749
920.951691,192.600113,25.485237,25.277420
924.590592,192.786720,24.408972,26.057938
928.895458,193.355258,21.692520,25.135454
930.370020,194.402733,16.461483,20.899330
932.824475,194.288895,17.771589,22.524559
935.921245,194.061109,18.497881,22.227240
937.514902,193.268147,20.063519,23.518362
937.971578,192.657159,21.574224,23.445135
939.392850,192.829345,22.016645,22.675646
942.976420,192.898112,21.788462,21.854921
944.588648,192.618307,21.802349,22.243580
946.190274,193.368196,22.055578,21.524656
948.420038,193.072900,21.089252,20.880468
951.431262,193.713293,20.400545,20.489491
953.269040,194.410357,20.765989,21.538446
954.203781,193.851275,21.620346,20.920046
954.903669,193.543903,21.565403,21.078842
957.096554,193.032290,21.373802,20.871181
956.781037,194.354975,21.130186,22.426777
959.320126,194.543372,20.962265,20.764048
958.858442,194.768794,20.809490,20.468325
958.057244,194.923361,20.537809,21.357388
956.768653,196.389800,21.541414,22.561663
956.383109,197.247351,20.508791,20.378613
956.531172,197.812153,20.999439,21.630363
955.021416,198.086609,19.818398,20.736717
954.246111,199.393484,20.343937,21.864658
953.085922,200.896891,20.120735,21.214252
949.875324,202.798775,21.957680,22.951080
948.507979,207.124339,22.021097,23.558321
939.226851,206.872000,23.900209,25.394161
932.330298,203.862353,23.716120,24.046701
916.899321,198.845540,23.731983,25.144003
909.332978,198.159479,22.139479,25.063000
900.932243,195.645248,21.731766,24.148666
894.135282,194.272703,18.869291,22.308262
887.606298,192.105092,19.656429,21.245214
885.407490,191.441891,19.021759,21.607193
880.819484,190.069324,19.830683,21.329620
878.154907,189.158719,19.259926,21.165884
875.636514,187.996903,19.160391,22.012129
873.047035,186.923654,19.634789,21.363783
873.327873,187.320662,19.153511,20.579157
872.663158,187.054647,19.861008,20.386288
873.417504,186.969242,20.335371,20.544502
874.534466,186.078221,20.143265,20.951132
875.905797,186.120703,20.612478,21.373402
876.231985,185.578655,20.496708,21.657799
876.662609,185.280991,19.087296,20.907639
875.797392,186.091731,20.479229,21.556856
876.052066,186.506624,19.801249,21.355885
876.816345,186.788223,19.839935,21.837326
875.351170,187.150407,20.545662,22.051985
874.613891,186.616068,20.584757,23.384647
872.883923,187.367681,21.099510,21.900160
869.411427,186.879397,21.205215,21.748491
865.637424,185.511392,21.619341,22.927511
863.479764,184.925939,21.907980,23.741385
861.052476,185.526869,21.341146,22.794888
860.436509,185.125099,21.121229,23.432167
858.828371,184.693350,21.416538,24.211658
857.657074,184.711229,21.293144,23.962566
857.266217,184.752875,22.093290,23.950075
857.609825,184.168263,21.875023,24.429670
857.009638,184.468878,21.843075,23.725246
857.731089,184.361176,21.998165,24.102043
858.216263,184.323481,21.824738,24.207836
858.770886,183.123260,21.617933,24.029711
859.666571,183.459230,21.251453,23.888760
860.573899,182.550609,21.025846,22.623362
861.762019,182.611753,21.307566,22.908224
862.297825,181.014009,20.827080,22.937634
862.454391,181.950551,20.671938,22.501066
862.573602,181.460690,20.399794,22.547277
863.020705,181.107766,20.673594,22.557386
864.631977,182.532975,22.827095,22.729704
866.014590,183.098544,22.635004,22.567522
867.409452,185.023968,23.234913,21.459267
869.075872,185.214146,22.902554,21.457596
870.498021,186.965164,22.314718,21.677925
871.341232,187.722745,20.437988,20.603720
872.039608,188.680052,20.820503,21.768902
871.963815,190.094577,21.153708,22.328501
872.443231,191.087455,20.257849,20.225473
872.161562,192.025352,20.038181,20.784464
872.664839,192.747811,20.569897,21.011435
873.583383,194.281752,19.786993,19.582844
873.787810,194.654623,19.193529,18.268337
874.337665,195.592900,19.560411,20.347540
874.418454,195.959948,19.528997,19.102467
874.456127,196.465622,19.044548,18.315025
874.776814,196.859887,19.881691,20.053495
875.040257,197.467957,20.252930,18.792862
876.559324,197.520340,19.867031,20.346184
878.222238,199.279652,19.452551,19.833458
877.882490,199.164504,20.753910,18.720865
878.337383,199.989208,20.490486,20.329018
879.365757,200.008335,20.261971,19.713760
879.024003,200.894369,20.763731,20.730602
879.186047,202.168400,20.494484,21.116455
878.109476,203.847598,20.506512,20.905649
877.433361,205.070609,20.073517,20.939028
875.704480,205.137859,20.111288,20.081566
874.031254,205.261839,19.788208,19.429073
872.216932,205.919080,20.238667,20.841551
869.079106,205.864103,20.720068,21.239040
866.687407,206.813702,21.152727,21.320618
863.290507,206.988061,21.643160,21.383894
861.253304,206.462706,20.936768,22.379253
858.057463,207.673959,21.418400,22.458632
855.137431,209.059099,20.797541,21.319149
851.326066,210.951952,21.371183,19.895214
847.478246,210.283201,23.772032,21.357082
845.524171,208.433226,20.928305,20.984020
844.619900,208.414869,20.521553,20.013424
841.388263,208.544723,19.250429,20.121752
837.821337,207.083572,21.496883,22.146637
835.486277,206.984210,20.771984,20.796350
832.428470,206.927328,21.722147,21.369503
830.517106,206.031502,21.080397,21.012527
830.031747,205.664606,17.675695,18.978222
827.621914,206.447371,18.092697,18.468494
820.004124,205.713184,22.120789,22.294556
817.588202,205.904054,24.115030,22.266317
815.743252,205.960208,22.633751,21.841784
814.598909,206.290191,21.527912,21.248560
810.954396,206.641641,21.186651,22.048346
806.114133,205.918428,20.194174,21.842777
805.089979,204.091290,18.895718,21.935301
803.861901,199.116807,18.554464,19.098089
799.944830,199.157871,21.266773,21.702026
797.721410,200.334735,22.175665,21.896219
794.664231,200.735126,23.380178,21.439669
792.403608,200.887000,24.278042,21.015207
792.452402,198.775820,23.549580,20.622868
787.805526,199.390188,26.203508,20.755573
786.312609,200.539320,27.911259,22.820515
784.226758,199.935796,28.640570,20.771521
780.988584,199.991631,29.125303,24.797073
779.853964,200.560425,22.615688,22.056259
778.711973,200.013354,22.084209,23.055109
777.170157,200.282187,22.945673,22.088177
775.890415,198.992229,24.220078,23.796900
773.754622,200.466537,22.884808,21.638437
773.187466,199.739991,23.067726,23.908186
771.551378,199.861222,23.343014,23.432219
770.086067,200.804756,21.892204,22.990845
768.240811,199.364409,22.461958,22.429888
767.587833,200.513675,22.027466,21.106890
766.882659,200.139425,21.769579,21.053600
765.309958,199.687860,21.678499,23.566526
764.010676,200.700313,22.967997,23.591097
762.730164,199.973428,22.631348,22.391005
761.222374,199.771185,22.253426,20.495876
760.199197,199.288411,22.498205,23.299406
759.044238,200.353105,23.007433,22.952253
758.213611,200.631714,22.759729,23.400230
756.715941,200.409208,23.163874,23.801006
756.708844,199.651991,24.329153,24.401051
755.824016,199.283494,22.916079,23.874083
754.433196,199.844256,22.112963,23.912828
753.856367,199.603242,22.639622,22.776724
753.752602,198.273396,22.869415,23.160057
752.942677,197.820143,23.299820,24.938244
753.235688,197.490128,22.980848,24.427414
752.840458,197.057676,22.765129,23.997967
752.851232,196.172741,21.914251,23.768372
752.766361,197.096413,21.822273,22.137825
752.616058,197.512700,22.311600,22.550451
753.369984,197.021795,22.495018,22.199467
752.547896,196.219749,22.987535,21.459419
753.223530,196.954694,21.823082,21.675932
752.872235,196.377253,22.016272,21.426044
753.559885,196.303833,22.391193,22.600410
753.766997,197.168263,22.248163,20.651236
754.213161,197.008891,21.620087,20.036112
753.547397,196.607468,22.977648,22.021843
753.759484,196.553896,23.373297,23.373981
756.483591,195.625554,22.627224,20.289228
754.665085,195.061658,21.969391,19.936842
755.205840,194.895666,20.795794,21.652065
756.832127,194.796361,20.076736,19.422598
758.909836,194.855170,20.228294,18.912943
757.814196,194.241474,22.128857,21.354858
758.905553,194.102517,24.585295,22.655661
758.504027,193.961198,22.776636,22.057859
760.009443,193.762403,22.580547,21.327190
760.433568,194.234447,27.232466,24.517891
765.762313,193.904824,20.846064,20.291891
764.892024,192.713244,22.127939,21.170664
766.811851,192.784024,24.381067,21.586584
766.736712,193.356039,23.052830,21.359310
768.260298,192.394015,21.189808,21.893213
769.956359,192.592927,19.818438,20.427168
769.574299,192.454746,22.558495,22.529922
771.318645,192.286486,21.601770,20.743061
772.585542,191.901824,21.894743,21.440859
774.282446,192.018056,21.929012,21.531675
775.213898,192.344541,23.468407,21.127432
776.259608,191.636866,24.696260,21.484707
778.340267,192.129580,22.658974,20.798382
778.459184,191.835529,25.251242,21.204865
779.855249,191.938980,23.413700,21.063446
781.621053,192.210181,22.615484,20.384218
781.995657,192.038486,25.003376,22.381439
782.933003,192.074614,24.533285,21.330753
784.170164,192.349989,27.406796,22.904949
784.141178,191.555521,23.012787,22.906902
786.448146,191.563188,23.729166,23.943724
786.785587,191.010365,25.416412,24.759850
789.118502,191.604868,25.084873,23.496647
787.889489,191.731525,23.903036,23.599998
790.638976,191.344641,24.380747,23.881046
790.936675,191.247758,23.246401,22.931013
792.128222,191.130589,22.230618,22.685287
792.816549,192.146852,21.590260,22.507206
794.322306,191.446963,21.427876,21.691362
796.146335,192.459990,20.149759,21.572193
795.265813,192.278349,22.952162,37.321529
796.237996,192.493423,20.415892,21.716225
796.973133,191.770236,20.582130,23.726366
797.018091,191.961852,19.796192,23.553499
798.170791,191.697248,18.995386,23.434673
798.483069,192.316695,18.071611,23.794413
798.552373,192.521768,17.603102,23.734396
799.365368,192.551901,17.455109,22.383259
799.539057,193.023623,16.869625,22.692141
799.623775,192.813141,16.997385,24.486885
799.328672,191.385086,16.789791,26.095497
799.893947,192.047011,16.568216,23.856241
799.757970,192.972319,16.252821,25.822697
799.924714,192.937505,16.008375,24.933538
798.172014,192.928555,17.037663,27.653175
798.215539,191.369246,16.362143,27.352999
797.451788,191.627420,16.660351,26.248150
796.333735,192.856270,16.942804,27.426666
794.490596,191.468954,17.750467,27.417339
793.147742,192.322113,17.580645,25.691650
792.884629,191.641266,17.362883,28.028008
790.878260,193.002050,18.673878,24.996059
788.707276,192.511794,18.840193,24.405367
787.778646,192.031445,18.350582,25.196350
785.637202,191.852599,19.440584,25.660555
784.145617,191.844627,19.427233,22.929604
781.665328,192.623197,19.552507,26.070936
779.139749,193.136757,21.492964,26.994423
778.514967,192.441316,20.522060,24.969389
776.221356,192.090569,20.836699,24.782623
774.492001,191.798881,20.353912,23.919901
773.305696,192.217260,20.965345,23.089657
771.662320,192.534646,21.270071,23.494459
769.898232,192.369166,20.609510,22.645578
768.148229,192.611200,20.432798,21.835247
767.519432,192.647927,20.116837,20.360243
763.845540,192.033242,20.475027,20.799620
762.629887,193.093667,20.519226,21.817533
762.458615,192.546061,19.488157,20.412441
761.051992,191.888116,20.015560,21.746061
758.333489,193.211850,21.983183,21.566336
755.867349,192.992764,23.877546,22.873549
753.969721,192.528154,24.273762,22.312695
753.034731,191.855970,24.200352,22.374851
750.110306,191.650445,23.818443,22.325735
746.305334,193.989301,22.401768,20.338835
743.249228,194.843639,19.020487,19.249458
740.944465,194.651404,23.305262,21.854837
737.881960,194.988857,24.143055,21.836334
732.914540,199.868982,19.944632,20.188602
732.012898,202.270666,20.832098,17.845394
727.481469,201.498886,19.897619,19.477013
723.255760,201.782266,20.090149,21.744917
718.943970,197.998164,21.613487,24.770456
714.611235,202.478690,21.717953,23.735216
710.576010,203.698175,20.632534,22.423962
704.121052,205.185174,21.742126,20.351515
693.537962,204.381547,26.127506,24.219366
691.399888,208.377160,21.675688,22.380651
681.634083,207.657677,23.605034,25.596031
651.888230,216.215004,24.437689,20.454262
651.348420,216.582423,19.943991,17.931505
651.570935,215.902823,19.119184,16.002062
655.737768,228.874346,28.511051,34.626690
644.450876,205.658130,21.385265,26.485567
639.125058,170.162092,19.094915,34.683632
628.422678,201.929783,20.968456,22.644878
620.899517,199.614570,21.385101,23.903563
614.728733,197.666452,19.863747,24.322716
607.420072,199.282139,20.689749,25.849491
602.154457,197.881339,18.800148,21.892645
596.031082,197.247134,19.774521,23.033148
590.655043,198.324933,20.282055,24.895990
586.313610,197.960274,18.676773,20.463787
581.135118,198.288495,17.167027,19.848185
576.512226,198.848711,17.068039,20.684296
570.889632,199.530124,16.894152,21.069120
566.301044,199.711404,16.105104,20.609728
562.044314,200.916495,16.809771,21.887175
555.687075,201.722390,18.067844,23.019938
549.546171,203.541899,17.986919,23.348160
543.583245,204.111690,18.680326,24.443388
537.292623,204.718501,22.110464,29.080420
533.969454,210.812980,17.518147,23.973097
529.159047,209.036272,16.610037,27.661301
522.181754,207.635054,18.110498,30.337280
516.085703,208.247764,17.782299,31.608847
510.158623,208.706976,17.482628,32.018570
492.443939,241.413433,22.927696,36.778690
488.434541,238.093782,20.169714,38.837929
486.233197,208.099756,19.488920,49.913254
483.405394,207.977837,17.305233,33.375004
473.354748,210.668512,18.836563,52.050873
470.846926,208.758200,16.828678,44.098625
464.608332,206.583340,17.549397,35.690372
455.120248,206.338512,21.627478,46.660297
454.367594,206.126234,15.926823,51.347092
448.164888,207.131142,17.473286,33.481205
441.877096,208.015297,18.218716,36.831135
437.596655,208.984324,17.440327,33.329163
416.048637,257.473233,25.580200,22.625238
414.034801,253.141614,24.984268,24.624208
422.490547,209.095276,20.726540,33.700733
418.127766,211.027365,18.729706,24.344200
413.026446,210.882504,17.983744,22.795397
405.185191,210.250992,20.993341,35.974850
400.620839,216.069200,19.812727,25.467920
396.322719,212.210842,19.285837,27.545284
390.905484,212.388347,21.461164,27.207426
386.890415,213.755939,19.935249,24.800358
379.610268,214.184963,20.280251,26.417133
373.221592,215.601529,19.809021,24.194849
366.775556,215.640188,19.913359,23.947136
362.708116,215.865835,18.233603,23.459709
360.512736,212.892284,19.354013,22.757954
353.351433,212.899549,19.398407,23.169952
343.672700,212.334839,20.684713,22.593906
335.534388,210.528319,20.690647,21.835463
329.491755,207.979318,20.471844,23.653658
321.200475,206.658343,23.046865,28.175009
314.576233,205.564816,23.940529,29.700092
308.667678,205.490934,24.880594,30.707916
302.938506,205.212164,26.678202,31.490265
299.872072,204.500971,27.418995,30.925697
295.057891,204.049543,26.465250,30.110413
294.798639,204.952634,24.708118,27.272539
291.897607,205.066560,25.314596,23.743387
290.152431,205.856805,22.559786,23.160624
289.961323,206.325507,23.154724,23.532644
291.234897,206.390842,21.024652,20.117504
292.686177,208.122582,19.780226,20.998102
293.795837,208.257736,19.472588,23.288891
296.026482,211.078705,20.040558,21.413509
297.924322,211.192256,20.188931,20.964743
298.146405,211.210184,20.654379,21.168037
299.909786,211.187313,21.497139,21.902004
303.353447,211.777730,20.250084,20.614397
312.693799,189.584945,19.908781,20.783438
318.330243,190.191459,19.501913,18.010168
324.375511,189.316650,17.099869,16.937473
326.599586,186.676492,17.483521,19.163248
313.312035,208.486284,22.448929,25.732460
312.949803,207.988182,22.445349,26.728809
306.113851,219.163040,27.905111,43.092350
314.267099,204.451243,25.033901,26.654875
318.538342,202.806540,20.873329,21.916336
319.928313,201.991761,20.738771,23.780291
319.755814,199.902475,21.036438,22.621635
322.984991,198.711768,19.703426,21.370237
314.636428,215.113109,23.505907,17.098425
284.678849,249.165300,31.168249,19.945412
317.238692,284.827242,22.753031,30.136848
345.197853,238.298673,24.046089,21.699358
329.948492,234.162475,21.150562,21.096197
337.372816,232.727527,21.326656,20.815519
343.249850,232.251890,21.210520,20.894302
357.889257,231.294850,20.240696,18.799822
372.594351,230.323461,21.082783,18.617105
384.993100,227.015491,22.042036,20.777401
396.094678,227.478307,21.583250,20.475725
405.051208,226.549302,20.977921,20.109980
422.327241,226.851324,19.650068,19.769310
443.805500,230.395225,26.664665,25.238470
477.381880,225.799959,19.439594,20.562279
490.625312,224.460526,19.828569,21.142193
495.974365,223.317021,20.733803,21.432291
500.512345,224.619247,20.187056,21.316006
504.298815,224.972627,20.376461,21.026522
506.797507,224.914017,20.750177,21.422260
507.092585,224.415510,21.114223,21.055260
507.662427,224.409547,20.605322,21.514902
506.875214,224.521132,20.774193,21.578169
505.603767,224.702302,21.383026,21.089655
499.738461,223.455297,21.414307,21.829124
493.391415,224.124887,22.589035,22.103464
534.990812,214.708321,20.094799,27.451946
556.767129,174.248939,25.236975,21.957438
544.930965,175.454459,26.184364,25.096163
541.428106,176.004290,26.855953,27.171932
545.096169,176.396212,30.666649,31.526257
555.983862,177.093591,25.164944,28.444395
561.595693,177.371196,23.436903,25.169748
565.601909,177.651366,22.974184,24.358385
567.205228,178.067782,22.678488,23.473413
576.990505,182.565016,20.486778,56.238834
626.106474,179.368578,34.865894,37.282284
655.043022,178.854893,27.692169,31.869530
671.590561,178.766961,23.002945,23.529570
671.250093,177.794906,23.839954,23.849642
671.147494,178.577102,22.998827,22.507174
668.798713,178.170219,23.195589,23.078156
664.504463,178.082613,24.434731,26.241207
655.815793,178.512897,24.400145,28.207483
648.086034,178.735673,21.041304,21.999289
631.708134,179.571414,24.143173,29.429125
620.133566,181.360469,23.490620,27.203173
608.336283,182.992901,25.153843,30.329880
600.529812,183.024119,25.283638,30.168001
597.160011,184.282194,23.187714,25.445110
592.543391,185.566745,24.046984,27.580301
590.684357,185.635530,23.296249,25.290348
588.089181,186.990591,23.243147,23.740704
585.397907,187.400064,23.020714,24.333820
583.690781,188.490496,22.791458,23.794559
582.158989,189.263530,22.183792,23.208467
584.132580,189.963949,22.128197,23.086178
586.457008,190.652752,21.955856,22.379700
588.103528,192.253304,22.915449,24.837980
588.654029,192.347434,22.664194,24.402163
590.438585,193.543263,22.063923,23.030058
588.591186,194.199095,23.729120,28.511829
590.562496,194.819416,22.720245,26.421013
591.290248,195.067379,23.116838,25.158653
592.188214,195.696179,22.134657,22.367483
593.187012,195.875931,22.036758,22.213539
593.355083,196.618359,21.267145,21.253448
592.490912,196.086195,22.183527,20.293072
590.902264,195.597442,21.529793,21.897783
590.739030,195.578180,21.440382,21.138294
589.993716,195.176109,21.692049,21.320740
590.029935,194.999347,21.571112,21.393053
589.483414,194.155792,22.146400,23.891945
588.755291,194.524173,22.158913,23.176531
589.066635,194.047004,22.228218,22.369829
589.060468,194.024244,22.877768,23.112881
588.385714,193.902958,22.235996,23.259644
587.414030,192.588154,22.268475,23.857719
587.901054,192.751718,20.979477,22.637159
587.485962,192.940842,20.854080,21.644821
587.642549,193.382756,20.875181,19.992086
586.819580,193.472448,20.241417,19.206264
586.486121,192.872755,21.186693,21.286930
584.763821,193.405507,21.185692,21.437490
584.584232,192.942262,21.442261,22.689535
584.625865,193.118587,20.953783,22.308893
583.321745,193.217368,20.670979,21.512674
582.452210,193.122190,21.191198,21.947104
582.031569,193.844594,20.933725,22.613844
580.461594,193.588172,21.460999,24.335360
579.491400,194.236915,20.943501,24.843798
578.899623,195.134613,21.854136,26.133827
578.873074,195.457740,20.563026,23.350611
578.445282,196.368240,17.923584,22.214432
579.318570,197.273537,17.703436,19.962555
578.278804,198.665065,20.110216,21.177843
580.008142,200.037356,18.432669,17.033411
578.231810,196.364041,19.479008,20.360189
578.026969,194.888580,20.801592,20.987999
576.547894,195.191306,21.656881,22.130877
577.831160,194.837765,20.653790,21.072891
574.531593,194.595338,22.484245,21.317137
576.148835,194.160527,20.742041,21.548933
576.515698,193.967208,19.570654,21.178659
576.458116,193.576656,19.806440,20.574371
575.962254,194.425653,19.488190,20.624945
575.914633,195.262986,19.373974,21.185781
574.966455,195.281383,19.574423,20.337831
575.146255,196.502793,19.337334,22.724035
575.214334,197.292029,19.367201,20.742624
574.705676,197.842417,19.167986,20.585270
574.509528,198.916157,18.827105,20.956871
573.318719,199.692558,19.002295,20.565353
573.011172,200.466251,18.547220,19.809898
571.814675,200.976753,18.918638,20.071724
570.747282,201.594929,18.632061,19.877724
568.478801,202.115710,19.211832,19.639170
567.573614,202.355538,19.201504,19.804770
566.744449,202.979596,19.187677,20.044333
565.296893,202.685263,19.125170,18.969395
563.627664,203.224217,19.281759,20.450590
563.097148,204.028102,18.969080,20.269892
561.758544,203.222154,19.080873,19.545866
560.650661,203.957560,18.836756,19.461338
560.044436,203.007454,18.907772,19.926796
559.944198,203.064624,18.944323,19.529497
558.312481,202.791837,19.215302,19.636541
557.586529,201.814621,19.310333,19.781914
557.365981,201.598448,19.540522,19.553341
557.322444,202.125249,19.216127,20.276983
556.793217,201.398105,19.725594,20.364977
555.966483,201.582093,19.715158,19.759069
555.623390,201.709533,19.547073,19.919992
554.397641,201.855063,19.598257,20.212473
554.091765,201.715802,19.707499,21.272734
553.576749,201.451955,19.851072,21.983145
553.010974,200.865785,19.234659,20.762220
551.693344,201.813034,19.541771,21.558243
551.453999,201.431060,19.549637,20.877176
551.237219,201.240101,19.681004,20.900055
551.094587,201.071470,19.383762,20.148563
551.593567,200.831518,19.322151,20.622257
551.647079,202.327150,19.412735,20.468533
551.853949,202.238720,19.162601,19.244247
551.967326,202.742219,18.979044,19.644156
551.958964,202.749835,19.194704,19.558725
552.470941,203.005424,19.252989,19.409859
552.557104,203.045658,19.429111,19.485352
553.427067,202.910299,19.640419,19.332745
553.891783,202.416382,19.658901,19.763847
553.997046,202.587597,19.818483,19.990929
553.878250,202.290495,19.453049,19.988369
553.986865,202.112155,19.488359,20.263781
553.498711,202.240867,19.341408,20.007334
553.289744,201.915309,19.414606,19.943193
553.699535,202.425957,19.481758,20.197395
553.712513,201.095294,19.219566,19.770258
553.167069,201.284785,19.223326,19.905725
552.237407,201.353558,19.358484,19.640350
552.230146,201.085274,19.128330,19.401688
552.684932,200.735222,19.174356,19.476822
551.670712,200.214760,19.777952,19.628273
551.837265,199.592624,19.991615,19.496111
552.411922,199.187874,19.802156,19.636612
551.690652,199.080422,20.141951,19.668653
552.077258,199.282372,19.956598,19.954254
552.632756,199.230531,20.401251,19.732359
552.710179,198.670746,20.750456,19.882607
553.139781,198.375709,20.703905,20.087130
553.817815,198.351194,20.421240,20.214703
553.630022,198.490674,20.478466,20.522940
553.487389,198.361543,20.720802,20.616888
553.021980,196.930040,20.989777,21.068913
554.749854,197.344905,19.350275,20.435656
554.474321,196.102411,20.656345,20.582851
555.399738,196.324031,19.744644,20.345003
555.645753,195.386205,19.645956,19.794371
555.174727,194.837823,20.354540,19.688612
556.025531,194.603828,19.569201,19.433533
556.188345,193.785061,19.383801,19.131279
557.072160,192.944570,19.117178,18.338156
555.817463,192.954405,19.803108,18.454853
556.363451,192.926288,19.244541,17.690203
556.374858,193.033384,19.862246,18.422009
556.308085,192.797867,19.564257,17.766472
555.908175,192.203377,19.414211,18.265045
555.475199,192.349455,20.132755,17.659489
554.573053,192.427746,20.706745,20.650864
555.108810,192.587166,19.897911,19.151566
553.444656,193.227880,20.720818,21.049938
553.287099,193.656065,21.511976,21.297169
552.787865,193.581596,20.569717,22.028679
551.346637,193.677512,22.154947,22.961199
552.286955,193.283182,21.735294,21.343250
552.565893,193.620876,21.802921,21.435867
552.465752,193.956471,21.159874,20.658041
551.416641,194.149039,21.560760,21.335207
552.390000,194.202006,20.790907,20.289957
551.674208,194.963479,21.524296,21.409369
550.613453,194.800054,22.283760,24.002005
549.955562,194.706648,21.743326,22.148312
549.440868,195.727292,21.877251,21.953192
549.132929,195.520681,21.551167,21.165028
547.958076,195.455517,21.600321,21.682999
546.467066,195.816669,21.485424,21.470201
544.664550,196.012303,21.456842,21.693426
543.532717,196.824542,21.388401,21.634867
541.795833,197.285197,21.861338,23.856012
540.569166,198.321129,22.040699,21.643295
538.949777,198.955701,22.113211,22.345221
538.096222,199.973747,22.640862,22.466385
537.638452,200.066775,22.581549,22.119242
536.728280,201.061104,22.828436,23.289574
536.521954,201.516234,22.144547,22.519899
535.160876,202.181985,22.516565,22.602369
534.225705,202.928812,22.479689,22.229313
533.635823,203.187696,23.026571,23.085096
533.059719,202.891777,23.033218,22.165642
531.543887,203.557779,23.502321,23.004566
531.041519,202.658393,22.883476,22.114382
530.457800,202.638406,22.965611,22.000273
529.959275,202.783252,23.207357,22.083986
528.421252,202.466822,22.859797,22.429813
528.686584,201.981192,22.594080,21.980167
527.539983,202.087846,22.551260,22.458654
526.418097,201.753591,22.854679,22.316977
525.703239,201.937025,22.407036,21.987484
523.829192,201.957460,22.650629,21.396282
520.579750,201.219638,22.969757,23.264322
520.502898,200.663671,21.541437,21.712507
516.991958,200.385049,22.575655,22.957479
515.591473,200.134430,22.512001,22.944244
513.357809,199.077096,22.030346,22.229628
511.067981,198.965348,21.894411,22.015829
509.621975,198.648756,20.750740,21.708347
509.513587,198.153466,18.728853,20.802603
505.703413,198.000813,19.494831,21.062332
503.240996,197.202183,18.519182,19.490677
500.982873,198.210164,17.505491,17.776999
500.074411,197.840139,16.094837,15.515583
489.604527,197.964545,20.377159,19.981020
487.729869,197.811060,19.055094,20.480808
525.407744,241.629341,16.390047,10.972130
525.509308,243.635284,14.618812,13.167404
526.514878,243.767536,12.986509,13.293763
527.433973,246.193638,20.368763,22.013260
502.023568,288.414288,16.420988,16.427185
528.009739,322.676771,19.574242,11.301084
532.305314,335.253655,16.301619,16.076895
531.808739,334.876474,20.068520,19.076298
523.773279,326.535187,24.572544,27.084938
515.952340,324.664532,21.277998,23.267395
476.230421,303.806873,59.889019,45.434715
447.487368,196.024405,35.807224,31.968697
529.870177,133.394902,12.020670,19.726713
530.636612,133.381631,20.131393,13.855848
529.580288,132.894441,48.818565,29.597654
549.570786,133.473358,41.738495,37.217056
502.650922,186.950220,19.558805,22.428249
505.612273,213.291765,24.407724,32.109142
487.112462,185.557414,17.786596,15.519823
487.329967,185.334692,17.611864,15.643817
486.227286,184.336324,16.296732,15.092038
454.875660,199.141338,15.487670,23.181976
469.526659,188.964450,29.521183,10.000000
445.056038,199.271230,21.694155,21.454647
443.824506,199.139449,21.857323,21.671715
443.257216,199.454562,21.366796,21.811218
440.060275,199.783959,22.550360,22.285885
439.782160,199.658306,25.434904,24.128508
439.672240,199.788576,21.806669,22.584993
437.623424,200.041502,24.981945,26.889750
437.829689,201.006821,21.871639,23.424383
435.534334,200.740545,24.506592,26.426371
435.609058,200.911654,22.184025,25.387367
445.550510,196.030530,43.164249,10.000000
435.922517,201.093303,21.928692,23.734890
435.924814,201.534920,22.456821,23.428438
434.740932,200.819522,27.113472,22.837528
434.956861,200.694778,23.073711,23.839130
439.165948,197.513602,45.856190,10.000000
435.727962,200.541903,22.106621,23.112879
435.453110,201.088701,22.043821,23.955439
435.743502,200.798185,22.280474,24.489649
436.093586,200.794046,22.404333,25.486063
436.613359,200.542538,22.382648,22.938612
436.611336,200.785750,22.750082,26.576485
438.380100,199.926936,21.690231,21.296692
438.530017,200.116620,22.307648,27.299770
439.611425,199.948536,21.894688,22.611509
439.438479,200.341438,22.515764,25.590193
442.885158,199.057249,20.573204,22.155703
443.292247,199.177685,20.938553,21.685965
443.979538,198.555774,21.324072,21.688942
444.452169,199.230376,20.813725,22.560402
445.761496,198.791292,21.922052,22.277689
447.419959,198.608820,21.034624,22.005281
448.480844,197.896049,20.950497,21.004416
451.656701,195.280410,28.861013,21.926361
450.157450,196.745541,22.063646,23.519934
452.939836,196.828860,21.083317,21.860535
453.274974,197.159423,22.922661,26.543419
455.329359,197.773423,21.436703,20.548931
448.860300,195.951416,33.921024,27.935141
447.071708,198.540774,88.011909,80.653671
514.430526,263.477979,24.586357,34.605038
453.965637,208.058970,84.208015,97.625046
519.459221,264.019404,22.744711,36.976456
517.365223,273.245484,25.680754,30.048832
472.878822,263.052474,51.463058,38.133438
469.608711,195.745082,74.191238,101.026451
526.331303,242.220208,25.420340,41.146694
477.921612,193.768826,23.551931,25.398796
481.584054,194.587368,22.382444,24.756296
484.837812,195.028357,20.896809,23.594137
487.494051,195.378263,20.861805,24.012480
488.366069,196.596958,21.480385,23.668154
490.913975,196.366897,21.035818,24.853161
492.780884,197.753384,21.052717,24.480204
494.811137,197.149994,22.064814,25.417643
497.852061,197.901418,20.931299,23.501427
500.018014,197.424366,19.961178,21.242273
501.282009,197.137956,21.559006,22.761803
503.001014,197.183650,20.255264,21.478863
503.981288,197.457408,20.203712,21.968090
505.711120,197.885670,20.839188,22.962091
507.220104,198.288985,20.257095,21.051731
508.297295,197.637786,20.217550,21.288570
509.120842,198.096408,20.039040,21.637775
508.192369,198.446017,20.725307,22.011829
508.558447,197.180554,20.841074,23.675598
508.382131,197.094637,20.097271,22.901571
508.113745,196.268659,20.377893,23.064903
506.821987,196.903742,21.242355,22.625143
507.895309,195.699192,19.820503,23.595461
505.052881,196.044204,21.254314,23.436153
502.712511,194.811069,21.552746,25.787409
502.406959,195.399324,22.482986,25.535566
499.158596,195.850866,22.427376,24.863943
494.847741,196.160074,23.424688,26.184729
491.076869,197.005996,23.340874,26.089321
488.410227,195.764843,24.240641,27.461946
486.158357,194.816790,23.712376,28.513586
481.687950,193.777418,25.141319,28.893217
480.682265,192.688519,22.864359,28.141663
474.822378,192.892187,25.475788,29.790724
468.924113,194.688352,27.555918,28.364410
469.427036,194.460295,23.224586,25.380934
459.438426,194.347344,29.561646,28.381973
453.572160,192.813295,32.144138,29.917402
453.469336,193.432119,28.667139,31.450644
453.138918,193.054884,25.207796,28.187033
446.803545,193.756432,27.283108,28.678240
445.452422,194.011840,23.171694,27.682972
438.718506,194.960467,26.471731,29.907558
433.102535,194.680442,29.856995,33.049366
434.370456,194.437784,23.596268,25.492125
430.016577,194.341402,23.850336,24.079168
425.703366,194.888541,24.672552,27.518291
417.256828,194.712504,29.136940,28.096821
412.687195,194.155983,30.776831,29.645578
411.558538,194.281570,29.045193,28.563410
411.393704,195.375582,25.666410,27.582052
406.362264,195.733308,28.747051,28.912621
407.050356,195.549945,25.395693,26.961185
402.181274,195.789793,27.552376,29.016569
399.309277,197.062264,27.204741,29.625938
399.956929,196.776642,24.218473,23.900995
395.544193,197.861395,26.280373,27.431585
392.600817,198.249229,27.252909,29.525942
392.323266,198.669095,25.639708,25.477287
391.173845,200.181787,24.137211,25.258406
387.757987,200.374866,25.661180,28.459726
384.595687,200.570340,26.314468,29.386787
380.808150,201.669359,27.715136,30.316847
381.150556,202.194535,25.894444,27.136063
379.863058,202.845707,24.146137,26.212641
377.655177,202.885962,24.713457,25.957058
373.801440,203.902833,25.636095,27.291466
374.192477,204.098766,24.221743,24.000582
372.406977,204.458899,24.420900,23.796247
368.806322,205.224191,26.887089,28.161613
369.463648,206.181791,25.148027,25.219084
368.318933,206.197171,25.109234,24.370552
367.590131,206.761398,24.702000,24.493151
368.290956,206.219049,24.301769,23.578382
367.583031,206.888371,24.952909,24.714020
366.388533,206.894231,25.137896,24.705780
368.308689,207.000342,24.017807,23.329105
367.554554,207.401089,24.629316,24.436029
369.247698,207.451413,23.884691,23.244652
369.005711,207.496169,24.569319,24.010113
370.446324,207.299144,23.660566,23.865368
370.458417,207.425147,24.200161,24.972141
372.643064,208.353762,23.673260,24.383978
373.868174,208.381157,23.414316,23.503878
374.737263,208.373190,23.824766,24.079542
376.535425,208.698897,23.949581,24.936474
378.575749,208.755921,24.155546,23.675117
380.821141,208.803960,23.456938,24.048225
382.424048,209.722087,24.262156,25.155834
384.477540,210.573716,23.990185,23.709023
387.421077,210.995606,23.708260,24.525200
389.542846,210.993211,23.312927,22.818726
391.419281,211.607133,23.627724,24.574532
393.836409,212.062243,23.101130,24.085369
396.185596,212.516656,23.426842,23.935699
399.155407,213.246973,22.977140,23.556120
400.736192,213.490913,22.962666,24.504473
402.529488,214.478643,23.318274,25.211401
405.056311,215.479396,23.274103,23.946796
407.769154,215.603705,22.515371,23.979565
409.351465,216.104902,22.083729,25.048162
411.718398,216.341903,22.778261,26.046215
413.475556,217.547640,23.425581,26.594915
415.214778,217.864934,23.349297,28.903030
416.641800,218.027534,25.250807,30.679104
419.727212,218.164936,24.367214,25.362886
422.014013,218.049687,22.829426,23.503601
423.928287,217.806549,22.417252,24.987589
425.297521,218.339792,21.093685,24.117727
427.060310,218.740753,21.743027,24.044313
418.972706,218.279588,31.372458,29.947212
427.344069,219.444933,22.813478,25.839346
429.542829,220.353636,21.713146,23.605436
425.067382,219.485089,27.264481,30.051529
428.232147,220.016086,23.896805,25.481846
426.145880,219.920321,26.687807,29.844351
427.303090,219.636550,27.479223,27.564373
431.600462,219.671227,22.299425,23.877954
431.040022,218.325714,23.227907,25.941545
429.651142,218.704335,25.031410,27.074524
431.192914,218.493385,23.638157,25.556650
427.360168,218.389635,27.388474,27.953772
428.228277,217.059726,26.680180,28.909336
429.800066,217.137719,24.433270,26.348946
429.756853,217.788069,22.223949,23.640127
426.317779,217.067736,25.187836,27.859404
426.029871,217.763378,23.829889,27.307291
420.744050,218.396132,23.452375,35.723072
422.783242,215.755540,23.420439,23.973610
421.600704,215.087731,22.247025,24.541344
418.640721,213.326197,22.343100,26.689924
416.121222,211.992660,21.988451,25.619541
412.705316,211.479573,22.189358,24.575928
411.694763,211.023661,21.472595,23.089666
408.927140,209.257470,22.144308,24.362534
407.194181,209.232673,21.927876,25.370586
405.240662,208.154867,22.296850,24.307493
403.184944,207.664415,22.204750,23.888624
402.817171,207.468654,21.620319,24.874363
400.819960,207.671216,21.911875,24.289642
399.872196,207.573365,22.002594,24.432327
398.176242,207.489015,22.479530,24.947617
396.947941,208.290346,22.378561,25.842939
394.648063,207.712477,23.491798,25.719084
394.286847,208.199085,22.374693,24.655466
393.666218,208.260412,22.111212,24.705328
391.852937,209.429188,22.131077,25.063776
390.573553,210.134996,21.793209,25.212980
389.525042,211.145998,22.176615,25.343916
388.169024,212.188293,21.767313,24.631954
387.432148,212.313040,22.165619,24.419836
386.285143,213.398870,21.947023,25.650335
385.354997,213.179020,21.812679,24.411707
384.664839,214.101094,22.017092,25.734337
382.960966,214.270089,21.898525,23.838333
381.399763,214.117382,22.103542,25.758402
379.679575,214.625302,22.094515,25.037109
377.277640,215.185084,21.935160,25.343098
376.646541,215.353452,21.498482,23.887489
374.756307,216.013232,21.863041,25.133236
371.681866,215.298221,22.509024,26.135052
370.780106,216.536135,21.396925,24.990782
368.843025,216.780885,21.525955,24.646812
365.556690,217.052879,21.644310,24.341440
363.652862,216.919929,21.130867,23.570271
360.996740,217.090788,20.914417,23.449598
357.122807,217.582789,21.506865,25.116657
353.918271,216.841310,21.571203,24.088341
349.637741,217.046946,21.507103,24.490713
345.858148,216.385737,21.615818,23.391003
341.814287,215.633658,21.264263,23.546268
337.515430,215.483320,20.834778,22.874678
332.364498,214.112617,20.678909,22.929722
328.047408,213.055114,21.103380,23.354137
322.851998,211.436143,21.036024,23.067017
318.482661,211.701962,21.383234,23.334351
314.403800,211.175483,21.341545,22.769222
309.670100,210.351096,21.388025,23.176449
305.878930,209.725523,21.469847,23.153997
301.703324,210.079181,20.866148,23.067204
297.836199,209.126647,21.428186,23.629086
294.474389,210.034756,21.295057,23.797670
290.790405,210.329369,21.160324,23.285166
288.051981,210.548638,20.840166,22.818680
285.180422,210.378181,21.404215,23.409792
282.316500,210.579314,21.165888,23.591236
279.962851,211.176607,21.154490,23.860098
278.109493,211.284035,20.931892,23.326777
276.049339,212.656070,21.074234,24.092152
274.090771,213.020607,20.941015,23.933764
271.955624,213.370257,20.974585,23.212307
270.993598,214.510509,20.893280,24.401079
270.762819,214.710437,20.359837,23.133778
270.628104,214.546172,20.791613,23.539631
270.524834,215.711658,20.311575,24.444973
274.405118,217.577209,19.821438,23.166567
276.982215,218.944804,19.730835,23.069645
279.697470,218.909779,19.064188,23.230471
280.787692,218.634888,17.901369,24.237032
281.761837,219.595937,17.978043,23.919861
283.229232,218.674952,17.484116,25.109762
286.679995,219.267907,16.803339,29.645020
289.574962,224.705663,15.680696,34.137642
291.784651,236.347621,14.549456,33.824306
293.400478,257.166022,14.304489,34.048344
296.539673,270.210267,13.423368,34.434357
299.578853,277.417138,13.961961,32.333328
301.364183,280.260751,15.589183,33.571976
303.085088,280.635095,13.111813,33.884041
304.820888,280.880300,13.491234,32.677895
307.372675,280.858808,14.633944,29.401520
309.851175,279.924341,14.580218,29.399885
313.780746,278.740421,13.097733,23.139757
312.312942,294.867564,18.022926,35.041416
320.815569,275.605637,14.159579,30.963243
322.465553,275.558150,30.540321,58.589069
292.950110,385.023943,27.389750,15.227612
293.789528,385.043524,25.701277,19.195280
293.497607,384.196034,26.356447,18.717270
293.576880,383.853677,27.505045,19.483749
294.121985,383.837973,28.027361,18.938215
293.863599,384.203392,29.741741,19.625475
294.470704,383.234830,31.042768,26.793648
295.502422,394.594979,35.557442,26.947006
293.639306,382.801396,27.544279,23.835838
295.596708,398.551523,34.705433,21.489698
295.681907,397.698871,36.557434,22.057049
295.373201,398.083382,37.594326,21.875750
293.877532,397.874823,39.765549,22.817404
295.392107,397.627708,38.682125,22.400499
293.904619,395.719291,39.997173,23.300175
293.138313,379.500510,43.495911,34.432301
298.607393,385.973704,39.805141,22.882732
295.351720,376.727225,43.453388,29.678623
294.390434,366.020473,42.790329,30.191219
294.576961,365.416587,45.328514,32.339008
295.908522,361.949031,28.711626,21.757961
302.750194,370.013173,38.713142,21.971153
301.890064,352.752625,39.368217,26.361712
296.964775,330.880955,34.571899,19.268053
297.071128,322.354737,38.328812,24.195587
296.843940,321.256598,39.925995,33.996204
303.942142,328.207892,32.195854,22.816486
298.181810,310.031975,33.427425,22.280260
299.793521,308.722728,30.181602,18.920437
299.655662,307.733495,29.467110,19.215385
301.775138,306.313956,26.060654,19.183582
302.413823,305.573604,23.124083,19.473789
305.530977,305.011743,20.365047,18.456276
306.738699,304.136725,19.503382,18.910923
308.584919,303.783182,16.589674,18.398054
310.577646,303.802615,16.881252,33.178577
312.481102,303.441668,16.845833,26.829138
315.459709,314.092815,13.029297,25.444483
317.650385,320.471158,11.643802,19.442711
323.775966,300.358102,24.419106,35.554146
302.234268,256.514827,40.289200,57.207882
328.938289,191.318597,47.948570,71.798264
348.696811,124.191340,45.587471,42.121014
344.012943,124.133050,24.806984,108.090195
327.859102,186.995220,17.258099,30.980539
329.916678,195.738441,21.203188,34.539799
346.954010,165.463984,49.118484,40.983425
339.894369,131.249940,28.278797,120.824234
448.212017,299.846073,26.109688,23.665964
455.691411,300.928296,19.439228,26.120735
458.998747,301.465043,20.254816,24.090996
465.253739,301.081930,21.197821,28.990774
462.138048,302.246757,36.315342,28.152729
495.611873,302.103625,32.595673,29.775814
518.930971,302.428185,26.523777,29.047075
530.956993,303.173044,25.450996,28.801466
547.200295,303.887000,28.309164,27.381138
560.930419,303.877731,39.741966,28.113543
596.079705,305.225540,26.730841,29.798021
609.960191,305.265040,20.792469,28.835384
616.044132,306.055105,20.938004,28.909193
620.653153,305.569431,20.863546,28.548090
624.862161,305.568021,20.103687,29.296661
627.143552,304.824528,20.026806,29.103029
628.972398,304.357948,19.244350,29.050097
630.785295,303.918921,18.652805,28.593830
645.007976,303.327199,24.018478,29.202026
663.610276,303.421630,25.664160,28.203762
683.525305,302.174819,21.436472,28.641064
692.993934,301.406857,20.775322,29.224115
697.660467,300.999344,21.174404,29.214205
699.796118,301.936967,24.950586,28.984619
662.904357,323.377322,33.212257,35.290966
700.730588,325.288469,22.450359,29.084883
733.081932,301.428008,36.222511,25.157444
767.037385,301.126097,21.066395,29.475668
763.330418,302.734514,19.973425,29.262144
754.279099,303.162161,21.405470,28.607573
743.711667,305.285336,22.542845,28.821886
734.382450,305.736517,21.941818,28.561186
725.345322,306.540776,21.028616,28.712387
718.298512,307.437003,22.532820,29.072048
711.697350,307.439878,21.686415,29.396666
707.099238,307.639490,19.839296,29.084028
703.134431,308.026091,20.732601,28.846434
700.554187,308.696604,21.639679,29.558172
699.488498,309.013178,21.048973,29.487219
698.880655,309.868877,20.567585,29.068941
697.910427,309.924406,21.255783,29.153067
696.787034,310.119642,21.098372,28.968084
695.637573,309.938957,20.988670,29.338861
682.910232,311.124432,32.513672,28.398996
693.006497,310.594514,22.309515,29.163956
690.835748,310.593695,23.981327,29.240576
694.135127,310.411173,20.877794,28.965574
694.214872,310.883866,19.909801,28.891861
694.489868,310.860987,19.257942,29.018766
692.844744,310.394044,19.649538,28.675247
693.122726,310.679684,17.901962,22.415407
692.427662,310.935676,19.965811,28.118877
692.769439,310.965957,19.241646,27.202610
692.908276,310.841879,17.656698,23.033110
692.789427,310.134874,20.316965,29.791327
692.657495,310.634285,19.066761,26.950335
692.893857,310.679079,19.346584,26.726248
692.281142,310.523880,18.391153,24.009325
693.381676,310.046756,17.007811,19.753635
693.002524,310.565389,19.517801,28.252449
693.268811,310.541074,18.387617,25.377449
692.457647,310.351263,20.517071,28.425146
692.993539,310.929695,19.992260,28.558374
692.659847,311.066932,20.156197,28.934406
692.721337,310.699574,19.168928,26.593561
691.593666,311.468765,20.768265,28.182741
692.642745,311.042978,20.628138,28.996954
693.466608,310.920087,19.483425,29.048943
692.217143,310.794473,19.992998,29.006065
691.668192,310.703888,16.869410,17.539171
692.042828,311.133962,19.429480,28.791924
691.851429,311.289905,19.425467,26.698330
691.338334,310.996336,19.650114,28.891172
692.189260,311.126204,19.664600,29.634144
691.185351,311.707541,19.504526,28.703238
692.313526,310.904602,18.712952,27.297228
690.954822,310.539825,19.292343,25.661562
690.817920,312.143788,20.117332,29.068459
691.974745,311.677120,19.524263,28.518335
689.499612,311.212394,19.001934,24.028950
690.203825,311.542271,20.004910,28.845240
690.065272,312.243514,19.844728,28.732288
690.409768,311.357541,20.002577,28.579819
690.789629,311.471335,19.851498,28.605534
689.708759,311.797517,16.829155,16.126778
689.099013,312.229115,16.994097,16.379496
689.317979,312.341240,16.387173,15.742167
689.951441,311.688593,16.953203,19.753683
690.081213,311.528574,19.696955,26.282942
689.523860,311.597282,17.890869,20.455873
690.427447,312.055530,19.150003,24.562153
688.940933,311.570946,16.436737,16.685526
689.287922,312.531190,16.256147,17.910660
689.846146,312.756676,15.958968,16.270060
689.664562,312.348112,16.245560,17.094755
688.978817,312.175877,17.282225,20.002298
689.734597,311.963492,16.947805,19.390171
688.907217,312.363882,16.778988,18.195143
689.882145,312.771823,17.458906,21.349506
689.275877,311.691730,18.120913,21.482800
689.053059,311.882987,16.746084,19.412258
689.307992,312.294525,16.003477,16.928316
689.127100,312.608903,17.491703,22.860710
688.887840,312.044623,16.502975,19.044079
688.718793,312.407752,16.259647,17.290287
689.133451,312.536448,18.552372,26.015654
690.051529,311.819241,16.100615,17.792162
689.252392,312.736468,17.910398,23.734470
690.087127,311.883404,15.699632,16.544832
689.996315,311.909306,17.121008,22.524256
689.189257,311.539536,16.117327,17.465494
689.391790,312.443758,16.171101,17.391928
689.618070,312.352326,15.636623,16.447456
689.036520,312.052666,17.804958,23.884569
689.242193,311.928533,15.763294,16.375252
688.784975,311.777809,17.451283,23.319185
689.081754,311.821607,16.804768,20.510391
688.926016,311.424629,16.472834,18.764109
689.191716,311.927092,15.819220,16.851439
688.984253,312.503117,19.121710,27.269609
689.085476,311.609519,15.872397,16.699680
688.885671,312.001319,18.013042,24.964787
689.187637,311.956352,15.478103,16.506983
688.371024,312.373150,16.983316,21.648424
688.260392,311.995319,15.583180,16.555994
687.332339,311.865950,16.064150,17.767813
688.057088,312.353542,15.201290,15.722102
687.549264,312.145828,15.546605,16.703249
687.894728,312.224127,15.995043,18.249426
687.996574,312.485944,15.381134,15.841552
687.966231,312.060741,16.876268,20.367418
687.779801,311.495396,15.948431,17.604731
687.928459,312.091069,16.074318,18.295944
688.621288,312.282758,15.218651,16.865486
688.397832,312.079489,16.873760,21.517897
688.752716,311.470202,15.394416,17.829807
688.714064,311.885403,15.727800,17.350710
688.787000,312.136155,16.115452,17.869293
688.894605,311.511941,15.824245,17.252136
689.076241,311.808643,16.750212,21.640413
689.137104,311.493114,15.686240,18.370617
689.358670,312.344150,15.679418,18.565517
688.629371,311.451250,16.623482,20.200239
688.507933,311.509111,16.645777,19.614004
689.056026,311.788813,16.333130,19.182508
688.251654,311.708941,15.914569,17.978834
688.263565,311.994010,15.576126,16.796101
688.014279,311.823525,17.426100,22.569176
688.350944,311.736590,16.830505,21.341801
688.929126,311.519495,17.650993,23.637701
688.754611,311.442151,15.919739,17.721481
688.150781,312.173741,18.154018,24.799393
688.600270,311.828981,16.291204,18.583509
688.854243,311.081143,16.978106,21.918198
688.151535,310.836354,17.255943,21.683159
689.259528,311.669968,17.473429,23.611635
688.389561,311.671165,17.179747,20.728367
689.335313,310.844951,17.655788,23.413280
688.714939,310.858562,19.659096,28.331860
688.980639,311.052357,18.904520,27.959314
689.194767,310.980050,18.692869,28.281380
689.222126,311.165688,16.319662,17.875422
689.519003,311.822755,15.799022,16.904419
689.385232,311.975803,16.810551,20.426760
689.997625,311.012820,15.530941,18.663792
689.364825,311.922624,15.578012,17.252907
690.020556,310.908813,16.673807,21.874012
689.752509,311.304812,16.589251,19.748821
688.703116,311.057527,16.178919,17.535698
690.326632,311.799919,15.037027,17.216249
689.743246,311.137067,15.421375,16.916855
689.173292,311.454329,15.747592,17.503445
689.541008,311.580152,15.318609,17.151581
689.531158,311.546717,15.569328,17.437864
689.475091,310.991426,15.507710,16.875465
689.376241,311.343417,15.421926,17.078526
689.635207,311.345448,15.602175,16.505945
689.369287,311.518582,16.543262,19.868729
690.126752,310.785032,16.590504,20.486631
689.357023,310.334944,18.556980,24.451712
689.993104,311.160663,19.650562,29.033993
689.801553,310.655631,16.631771,21.683666
689.156274,310.801493,16.204784,18.301146
689.627454,311.493687,15.499387,16.182756
690.323057,310.796777,18.691799,28.293274
690.036496,311.390220,19.311193,28.961651
690.405913,311.333751,17.842470,25.531635
689.725432,310.601098,19.160616,27.957420
690.646782,310.534142,18.979528,28.839172
689.422670,311.375057,17.319469,21.840982
690.361770,311.143429,17.220367,24.873186
690.180762,310.440858,17.616938,24.659912
690.698534,311.262507,18.698984,28.407070
690.271590,311.354430,18.072588,26.245502
690.016456,311.001010,18.722313,27.805775
689.911501,311.355737,17.594492,24.217415
689.571193,311.364412,17.342323,21.979284
690.490908,311.268712,16.554667,20.718208
690.059873,310.856864,17.371258,22.005856
689.479825,310.733018,19.238499,27.958046
690.820814,310.725284,18.554226,28.618618
690.566857,310.970812,18.255362,28.027647
689.893649,310.911530,18.909212,28.865381
690.277217,310.718982,18.522461,28.405804
690.392818,311.269300,18.533676,28.758001
689.983544,310.615842,18.924017,28.823334
690.358282,310.384730,17.684467,25.637852
689.820035,310.536822,19.409809,28.742252
690.247051,311.289994,18.847321,28.664597
690.553156,310.974356,18.583506,27.857038
690.282851,310.829562,18.720156,28.605480
689.900218,310.950898,17.792526,25.374886
690.542769,310.927698,18.111032,25.014822
690.075834,310.763616,19.116894,27.806732
690.025792,310.512850,17.342344,24.527563
689.904169,310.613714,19.012669,28.668936
690.272398,311.335579,18.331751,27.707430
690.477836,310.576152,16.198318,20.381374
690.327788,311.376138,15.615923,17.034882
690.589946,311.106654,15.655656,17.556896
690.216612,311.489265,16.321703,20.203714
689.965376,311.029089,16.664354,21.012625
690.800540,310.429804,15.825379,19.639273
690.165222,310.899270,15.692390,17.004822
689.922475,311.476529,16.015316,18.696732
690.772635,311.561357,15.089183,16.219284
689.976196,311.376206,15.615432,17.248581
690.649690,310.537861,15.478054,17.817537
690.357256,311.469038,16.591944,20.959646
689.434018,310.817789,18.716810,26.999304
690.520938,310.825476,17.996269,25.572424
689.304793,310.603053,18.883570,26.540272
690.093682,310.832024,17.411757,23.895937
689.919302,310.693317,19.154751,29.316355
690.703095,310.971767,18.803083,29.156183
690.389038,310.628461,18.718071,27.497269
689.771623,311.359109,18.012196,23.955971
689.877595,311.337102,18.369503,26.273430
690.286795,311.525054,16.051928,17.825268
689.836138,311.089364,15.651041,16.895523
689.730577,310.739794,15.953809,18.712484
690.491549,310.823048,15.589137,17.496874
689.910757,311.265462,18.546734,26.530815
689.974102,311.107084,19.152372,28.925154
689.925975,310.640513,19.296638,29.245045
690.598845,310.848755,18.420725,27.753527
690.001296,310.857015,19.295412,28.761566
689.852316,311.165866,16.996866,21.532902
690.821404,310.855872,17.855009,26.262020
690.533110,311.435176,19.130449,28.337879
689.696995,311.026030,18.547750,26.796904
690.481016,311.396322,18.944225,28.064009
690.401475,311.383618,18.176830,26.943443
690.538315,311.289750,16.993422,23.991989
689.731483,310.673047,15.950080,17.234833
691.121677,310.964665,16.964500,24.724449
690.338930,310.696791,16.680531,21.334021
690.647405,310.786988,18.059841,25.158875
690.537033,310.677887,17.909973,25.090029
690.871253,311.197552,19.111763,29.291636
690.315339,311.242858,18.570372,27.046589
690.554426,311.170139,16.976704,22.407511
690.055597,311.207371,17.498135,22.198259
690.497013,310.626058,17.884811,23.928085
690.881373,310.475320,18.946077,28.842506
689.886537,311.258844,17.744785,22.370237
689.920731,311.306382,18.170828,25.112572
689.844429,311.229708,18.133581,25.701223
690.388789,311.011265,17.180964,21.525087
690.823677,311.321968,17.478264,23.527918
689.554370,310.895657,18.093842,25.674540
690.218540,310.636271,17.901993,24.560690
689.816900,311.427352,19.856091,29.758831
690.417015,311.323577,18.936073,29.147221
690.475803,310.891728,18.155785,26.743294
690.644665,310.702581,17.821882,25.733465
689.465344,310.457951,18.382490,25.685686
690.568815,310.723864,19.004826,27.778303
689.683277,311.015985,19.082458,27.826750
690.825595,310.830829,18.481537,27.747044
690.754946,310.654598,18.908739,28.875101
689.928930,310.611909,19.121021,27.734283
690.799388,311.434717,19.420532,28.836683
690.437356,311.287266,19.544827,29.858538
690.216911,310.678006,19.329002,29.556786
690.493738,311.348720,19.224072,29.405979
640.651481,266.551734,23.377441,21.424284
689.536524,311.186018,13.203653,16.477814
690.627097,311.660934,18.839380,28.786808
688.988438,310.696273,20.033590,28.803770
689.353919,310.355184,17.704203,27.368303
687.549487,309.924326,18.443644,20.700500
671.626349,271.297539,21.951426,28.907122
682.657178,245.775290,22.924328,26.164211
688.813810,249.205302,21.912121,24.834370
695.258389,251.856175,21.448698,25.385826
701.496398,255.185883,20.649071,22.634340
671.943126,267.761664,26.390598,29.887821
649.267333,273.092715,23.528868,25.912807
696.601463,283.862616,20.206936,21.645849
712.286101,268.385741,26.703566,29.305408
725.123382,271.120769,20.178890,24.172817
679.732096,278.038605,17.544796,23.932367
685.392232,278.682730,17.809935,22.270941
691.653430,277.274031,19.171679,24.566755
698.143445,275.641168,17.558548,23.496620
707.711052,268.336167,22.021896,33.352005
765.611604,267.575251,14.310392,26.794577
723.794299,268.984832,22.920853,28.637737
778.842631,265.886542,14.461746,26.963413
736.575786,270.444884,21.760418,28.761204
731.523237,249.035111,37.159081,52.702087
784.210485,328.059852,37.040840,34.886036
800.559271,323.712016,27.185873,37.012600
809.970105,333.408123,24.751551,29.499521
815.911522,336.141495,23.018755,27.867220
830.768918,309.069850,21.193079,41.264118
839.501193,271.929167,22.965376,23.003931
847.797954,275.557807,19.406750,23.093079
847.368742,277.789849,24.206694,36.439579
853.548231,284.279614,20.324478,23.294231
853.195988,289.424224,19.683176,24.460022
857.825861,292.639370,19.114052,23.341551
865.117841,295.152812,19.159149,23.641785
871.548337,295.173280,18.697845,23.248135
877.738846,292.821733,19.914110,24.592167
881.776265,290.283847,19.062845,24.281250
884.871430,289.020176,18.856958,23.837942
890.079195,285.779140,19.947325,23.291130
897.256485,282.427732,20.003712,23.751764
902.464138,278.779593,19.392345,23.459475
906.458127,275.719685,19.317863,23.048117
911.943169,273.055871,18.925463,22.841091
916.559038,271.166718,19.195885,22.483982
920.633742,269.440792,18.604048,23.707319
923.446483,267.822787,23.108585,42.143387
925.230718,268.741275,19.092194,22.811127
926.573677,270.522617,19.098248,23.785856
924.471183,271.987432,19.285702,24.492929
923.026659,274.549407,21.308022,30.296005
923.209817,278.336873,23.147545,23.995991
922.863126,279.327703,22.169975,25.480425
924.779912,278.648249,21.246826,26.043650
876.408791,290.624768,24.410465,32.662388
868.411799,243.625756,37.899246,33.067951
798.361441,171.259076,33.632572,59.378014
740.972928,261.521602,74.968147,36.364864
647.733490,154.368966,42.082466,32.544571
606.063393,151.386317,49.866272,33.926220
587.203848,152.916062,54.526936,34.407516
547.148295,153.526635,46.548717,34.006302
529.223420,154.913510,47.348557,34.893013
525.282429,157.016385,47.303734,33.609154
525.861466,157.558927,47.906952,33.689552
529.908040,156.816272,47.962334,34.954601
538.878163,158.148582,49.734123,33.427326
546.688677,159.150300,45.842190,34.393585
554.469115,160.694690,44.167454,33.995937
549.697663,162.099627,48.478928,34.494350
535.539540,167.137246,70.011909,23.935242
549.709393,135.569779,81.676170,43.783798
584.023404,173.488751,33.093040,38.387505
584.134775,175.615170,24.081709,27.176628
532.179835,158.921464,24.455750,20.169472
501.955870,123.374139,72.208466,87.779694
489.858944,303.760678,63.843784,43.053062
410.249264,275.761657,42.981113,40.105534
405.764460,274.801581,43.834206,39.681034
389.699084,276.414807,43.382469,43.713356
465.401934,251.655006,25.568535,27.994310
413.376513,282.004191,112.802971,43.906567
435.602801,237.556039,61.663902,81.900070
448.600594,257.366136,44.569225,45.966187
450.439940,255.810584,45.342865,42.611805
453.236351,254.962951,45.778378,38.149387
466.078641,261.890524,29.706026,25.591894
474.298346,263.056891,23.270386,20.374714
483.043244,256.339442,23.802273,20.121639
489.696513,253.809417,21.793976,18.035290
499.513348,248.232203,17.893261,16.523741
514.989656,242.602075,30.384523,47.100510
523.294703,227.828072,21.957901,25.542650
537.175356,228.272936,18.017227,17.965345
547.792526,224.202601,17.402441,17.264736
549.573775,213.285965,22.494514,21.382830
556.188069,207.234248,22.643116,23.490971
559.592104,203.925416,24.138741,24.236832
564.386039,201.873268,24.019835,22.622324
565.877507,199.571328,23.667271,22.603401
565.701175,198.865590,24.193411,22.317909
565.712102,198.946177,27.039255,24.069523
567.213520,200.835116,27.450911,23.755390
568.236890,202.741247,28.189264,23.566771
571.225106,206.072228,24.926228,23.137947
574.226050,208.531058,23.787987,23.124104
575.931299,210.038665,24.782801,23.082119
578.222682,210.962009,23.471230,22.794092
580.406282,211.419480,24.838907,22.532524
584.197661,209.549104,24.211678,22.080467
587.244274,206.810692,22.006414,21.854219
589.753939,205.543054,22.117851,21.601448
591.896138,204.174205,20.865910,22.424343
593.458878,201.566728,20.960690,22.183182
594.423099,200.317659,21.434050,21.683691
595.532088,200.624454,19.769119,20.805218
596.922421,199.127905,21.144314,22.314405
597.846443,199.421005,20.227766,21.349771
598.538477,199.813809,20.188881,21.180824
599.144312,201.143418,20.660225,21.559898
600.301205,202.448370,20.644604,20.957678
600.284266,205.022024,21.252281,22.033361
600.371895,207.288375,21.825214,21.732426
598.436150,210.216947,23.534260,22.403526
595.857434,212.768377,24.324520,22.842947
594.541481,214.186372,21.339710,22.482864
592.319080,213.566821,23.349150,22.199596
591.025630,210.418854,22.420364,21.178072
589.363703,207.132003,20.524879,21.092121
588.472126,206.693225,21.126530,20.662090
587.328506,204.899091,20.943838,20.781715
587.683305,204.812733,20.718874,21.777857
585.972724,203.996061,21.826101,21.646605
585.874164,203.502377,21.624556,22.161768
583.811217,203.015209,21.900414,21.559275
583.113317,204.004079,24.175425,22.203941
582.885020,205.198637,23.452614,22.481474
581.852995,208.156118,24.390862,21.512281
579.671139,212.785411,21.869312,21.347691
577.983884,215.038898,21.865480,23.361134
575.860466,216.936235,22.890736,23.447828
575.079523,217.992248,21.871767,23.212727
572.517310,218.265964,25.004372,22.702641
570.401911,215.493563,23.363457,22.357557
567.863060,214.188179,24.317968,20.850550
563.165715,212.350415,22.095661,18.785492
559.490198,210.942773,20.185343,19.359673
554.251431,209.511318,22.925922,19.994120
548.567980,207.189581,21.396164,21.345922
543.865299,206.747259,24.094824,21.307196
538.619330,206.505320,26.148216,20.566832
533.298472,206.144562,24.638565,21.185480
528.364013,206.559949,24.257330,22.141403
523.184274,207.670451,24.001131,20.010677
517.143075,210.134402,24.050486,19.503551
510.917591,212.982102,23.722921,19.788132
505.248582,216.403822,23.520243,21.090361
499.231637,218.166286,23.957020,21.183125
492.548727,220.833028,24.208628,21.360062
486.102110,221.214383,24.831802,21.505478
480.662380,221.522456,24.534903,23.007099
476.283848,219.413844,23.872578,22.291004
470.131111,218.261090,24.279989,21.943924
464.836498,217.170280,24.299009,22.021860
459.690659,217.273760,24.524593,21.915678
455.851367,215.808463,24.121161,20.811283
452.882619,214.272223,24.959116,21.494122
449.818176,213.229507,25.128065,22.869097
446.410258,211.796474,25.502419,23.461063
443.497636,212.699855,26.167246,22.898197
441.303904,212.912343,23.163750,23.297096
438.553109,215.936416,19.756084,22.532757
435.664702,219.886451,20.887032,21.760845
431.396215,223.691166,17.609163,20.090181
426.858225,227.178074,19.084885,20.617891
423.246993,231.089504,23.581100,20.799646
418.748359,231.446996,23.341871,22.114578
412.573208,232.042177,23.012730,21.650877
405.560388,232.950370,25.139482,22.045254
396.860708,230.357637,23.927164,20.186918
387.488844,227.435570,25.128403,20.383593
375.395575,225.839725,22.865257,19.910151
360.942935,224.308731,23.130379,22.141870
343.459646,224.289444,25.156923,21.727167
329.679455,223.954795,22.848026,16.494198
317.727633,224.559072,20.921600,15.787375
303.444510,224.194334,20.944809,17.533575
290.104168,225.698947,20.964802,18.305653
272.913096,225.958764,24.575172,20.015671
263.353085,228.284901,22.890659,21.760973
251.826995,230.264839,22.977034,24.048288
239.265757,232.263998,24.526550,24.942236
225.925185,233.512338,25.857803,25.572823
213.151341,237.214334,26.048779,25.427908
199.352764,238.974671,25.459242,26.263313
186.151768,239.049571,25.240719,27.142368
172.166724,239.379724,25.822144,26.640480
158.628479,237.627282,25.734486,27.359383
144.106999,236.053556,27.614941,28.235884
130.599881,236.616684,29.150829,28.182245
121.854542,236.865522,28.690472,28.045057
116.520787,237.109493,32.342999,29.961382
124.963440,240.452277,28.045261,28.456539
134.740394,245.407323,27.543570,26.805130
149.629048,252.515593,28.870586,25.508284
168.188200,260.564150,29.637491,24.561392
186.329576,267.797813,23.928835,22.088434
203.600146,273.987918,23.125000,21.238552
217.959854,279.183366,22.694601,20.322151
233.461641,284.457047,21.194597,18.966547
241.606948,287.284694,20.603056,18.866863
236.237484,286.896685,20.020794,18.741766
226.561243,285.565372,21.280634,19.451845
219.065246,286.090377,20.510061,18.727299
210.578097,285.438135,21.378853,19.331396
202.666746,284.814179,21.746874,19.546867
193.853316,284.701504,21.854248,19.654993
186.490828,284.811968,22.644608,19.998899
180.062062,285.614283,23.005047,20.230383
173.333580,285.312165,21.883596,19.940338
166.618119,286.029555,21.910892,20.888432
158.898702,287.598725,23.477282,20.474663
153.027952,288.304864,22.126215,19.944130
146.315828,290.008658,22.372339,20.337864
140.076996,290.779368,21.552914,20.055370
132.851057,292.655865,21.776239,20.433603
125.135785,294.370782,21.830540,20.714638
116.686301,296.315516,22.700081,20.807606
108.318106,297.610804,22.998398,20.484747
102.710150,298.421570,20.614868,19.312670
94.252093,298.100063,20.470215,19.252779
85.732690,297.090635,21.524332,19.510374
76.066028,294.954207,22.809141,21.040104
70.141565,294.249484,22.825464,20.664417
60.447529,294.794598,27.693478,20.579203
54.913056,295.079130,21.697567,19.168722
45.126338,293.927052,24.230421,19.833115
39.704745,293.442834,19.451584,18.406960
31.254583,293.865185,18.034853,19.003420
21.778496,292.856822,26.940174,21.514912
14.641207,295.556761,28.378708,20.433470
12.103076,295.579296,25.544434,20.543467
2.579785,298.521415,23.328884,18.781406
12.773254,270.066587,18.255865,28.269194
0.730226,278.648694,19.706331,39.342880
0.000000,285.835881,14.878273,28.469528
0.000000,274.797544,17.643653,41.807320
36.789626,328.746019,33.232079,28.127592
38.213466,267.450788,80.920517,106.294792
18.311992,253.550017,46.630386,49.174061
49.305349,283.188102,30.710506,31.510777
80.336521,325.489839,54.518784,43.647293
131.095920,319.495648,70.266525,49.621376
229.665386,217.309777,52.363556,146.413147
234.530395,229.358529,50.813286,51.690186
284.032025,222.857766,28.740232,40.079468
294.601677,280.973559,25.903326,28.157574
336.487130,283.072570,22.465918,21.787174
356.296702,324.114260,31.934038,19.800123
410.905737,318.122716,18.057917,27.774254
396.615124,292.913251,24.203924,14.336753
434.790243,256.148079,16.224979,18.422241
449.384618,264.953049,32.320423,26.346962
507.068727,317.143452,24.175869,26.682220
534.737305,281.309761,25.323179,23.605000
487.727966,315.248724,24.043530,33.174644
535.644644,286.279796,27.654585,21.582365
543.217131,286.090108,24.669584,21.490061
531.307706,285.656287,32.172508,23.490202
530.051155,288.141150,28.492250,22.976028
525.638893,286.597702,24.124943,22.917957
511.344785,286.172791,27.213837,22.458124
509.444018,285.836132,24.168959,20.286419
486.620320,281.257608,26.385294,27.124062
499.040700,281.397687,30.506752,22.912066
497.962662,279.322341,22.168200,22.639631
501.106630,273.945210,24.065247,25.260767
511.753815,275.775602,21.473177,21.660599
513.315251,275.047683,22.185076,20.131964
505.085787,275.024549,22.806044,22.659889
508.355192,272.205043,20.571686,21.715895
505.896720,271.155336,21.950169,22.953537
510.180887,265.252322,23.910172,23.509893
504.763341,264.658723,23.300819,21.504534
507.295769,263.777453,23.445673,20.791800
512.903887,258.527576,27.902670,25.559109
527.282444,256.667683,23.967409,23.521862
523.409085,254.124631,29.144442,30.434877
527.957674,254.240383,23.525549,26.042042
523.164856,259.971732,19.419306,21.313139
549.486996,250.806593,29.033785,25.482079
579.697231,215.593122,31.593983,42.645348
624.860668,174.684108,28.222401,23.919531
621.688006,227.619455,27.696859,17.497276
616.497863,246.665438,26.626614,22.926231
617.301434,247.471881,22.884470,20.652884
616.441015,245.567778,21.049141,21.396461
623.322738,243.010346,20.210567,21.195383
621.107862,246.165026,26.231453,29.445572
581.352167,262.946620,19.677940,21.173643
561.261901,224.351362,30.602413,39.539474
571.671822,161.297937,31.607340,50.637955
655.504713,107.470490,22.419340,31.687031
688.006472,87.569906,21.914785,19.901634
686.487195,77.822660,22.480087,19.069519
700.523844,94.154784,27.445822,25.941557
760.337501,96.440913,14.208858,21.282309
791.155833,117.677504,15.434805,20.933578
754.771255,94.232351,19.055592,22.197773
754.681603,94.510169,21.763933,24.081522
764.372426,103.676219,47.205208,14.946520
766.953565,70.592366,29.657501,22.419561
814.289748,107.324674,25.542540,24.218740
856.467852,79.827486,22.096731,39.581341
867.789136,81.765360,36.040451,26.213192
835.464761,21.151077,34.073654,29.461472
893.961434,90.464557,30.087297,16.967203
913.926408,95.614676,45.834198,54.142292
1004.769470,123.486700,44.495701,60.013355
1070.192891,139.818943,69.202904,65.090691
1014.723886,127.305740,94.987396,52.360016
1003.725625,130.150434,53.043488,45.515049
1096.368413,158.005945,35.673164,57.925518
1103.095004,190.178665,27.736462,24.520508
1103.303118,190.631710,27.266890,24.538719
1092.030291,230.531687,23.330137,30.839230
1091.561885,233.509750,28.762341,64.354980
1003.774660,257.446148,93.494484,39.198753
1146.570480,265.292261,40.256237,43.162624
1098.980284,193.624819,25.775511,22.341263
1084.222034,242.022277,18.694607,16.768713
1091.378000,205.922429,24.522324,16.234514
1076.551799,244.230482,18.988697,14.806259
1073.298523,225.997951,17.984278,15.200079
1084.394381,198.069718,24.240690,26.759886
1074.440866,241.483818,20.807892,27.530518
1073.869611,215.983955,36.651360,40.182251
1124.307516,267.986376,53.919563,52.815197
1130.537212,269.032618,49.644466,49.590542
1083.096070,195.640933,26.498995,24.513025
1075.128507,245.103008,18.452118,20.393196
1083.575464,206.811503,26.443619,18.205690
1083.530406,198.279144,10.940220,60.931389
1076.518572,210.327363,27.561270,31.500952
1066.798604,236.173283,30.508759,32.413498
1125.062620,278.113977,27.970932,42.262043
1079.146341,243.818867,90.762764,70.467422
1106.529876,93.580454,46.331142,56.256580
1112.086639,92.262327,33.873501,38.968624
1111.137130,89.930718,31.476391,31.683340
1117.602511,95.766993,22.537939,18.669315
1108.907749,116.424360,33.481998,35.009899
1104.933053,99.074881,40.662987,53.465725
1107.727706,92.920822,32.455975,42.169960
1111.580090,89.742931,31.713732,36.712204
1106.515853,95.426859,34.946209,53.162342
1109.689521,94.118744,29.977154,33.963707
1081.505386,115.340118,49.104786,46.010979
1106.275848,94.460756,35.996662,46.814106
1105.492000,94.898108,38.667171,52.677975
1104.706001,97.564970,40.112095,54.420864
1103.367845,96.684868,37.407730,48.188484
1103.289605,98.440123,38.834061,54.820339
1105.113347,94.755972,38.632942,56.183727
1104.679258,97.133230,39.859581,54.383450
1103.958732,96.266865,41.381290,56.206070
1103.930847,98.045956,39.080692,51.975739
1106.295026,96.691727,29.766197,34.423378
1068.029451,151.789259,37.740753,24.583416
1102.453393,97.965525,40.395126,56.221203
1107.230951,95.279112,32.715042,36.908314
1103.853370,96.201319,37.798756,55.653774
1106.685731,96.238440,30.102386,31.715244
1093.292108,104.976480,42.500412,46.776974
1107.570905,96.762764,25.440331,26.081024
1062.085418,150.977427,43.850605,16.870556
1108.161050,97.702311,32.548431,53.576092
1106.347503,96.826244,36.386616,55.316017
1106.108453,93.823210,38.548309,58.769367
1106.573253,94.316647,42.166256,60.235405
1106.405857,96.516088,26.639887,28.867834
1089.494718,92.433790,52.221138,63.323704
1108.533297,96.128222,26.601255,26.193689
1090.483287,119.060072,48.913540,37.725620
1113.131341,98.073300,28.922012,30.233786
1103.550376,98.543631,42.801746,56.437534
1112.728887,95.913447,28.830788,31.248804
1073.987134,131.991192,72.328583,23.771858
1114.515115,97.439020,35.766151,54.617519
1114.261443,96.703224,37.763271,55.158890
1118.838449,93.887478,33.802544,50.941429
1123.372226,94.509201,36.245640,48.028290
1168.562562,76.164101,40.576149,73.759735
1087.779325,117.462464,156.930008,26.883894
1048.171960,96.513529,82.753609,57.132229
991.467843,96.345589,99.611137,65.654327
855.736438,52.152519,56.118710,56.745331
990.169912,127.806280,20.959526,37.554813
945.009509,164.333792,39.247257,23.578312
928.346977,157.332523,37.479549,32.312889
869.016045,99.477937,25.461729,24.531939
881.538332,96.823170,26.584085,27.281116
884.546385,94.763329,30.301058,29.114132
937.750327,116.357798,28.996323,59.739265
940.075378,52.684412,57.292114,64.816383
1081.919895,127.048429,24.050224,33.186798
1023.017681,153.597141,31.335472,34.012959
956.832139,98.470786,22.639675,22.499563
958.747785,90.977771,36.308247,30.916059
892.901925,141.635233,28.937992,31.961945
858.433973,170.997108,28.969921,33.892841
902.630533,138.048771,34.633640,38.742199
918.425125,142.010897,32.367897,32.566650
919.968839,138.043900,43.464870,40.577488
1002.095735,101.275277,33.897633,23.302881
1020.961376,96.419880,27.918488,26.582661
1030.137237,97.591973,21.272682,25.432718
1024.048362,89.786846,32.740265,34.735363
957.210912,142.370146,36.011044,34.583412
1038.174153,81.993080,16.691496,37.732456
1081.750639,58.724710,10.000000,66.091896
1057.248742,102.179345,20.749987,21.936060
1091.174942,59.660654,24.511219,34.921688
1055.703524,102.175598,26.732658,24.764786
1057.632023,96.288010,29.495258,30.759575
1118.219083,151.856543,22.108034,27.436016
1069.776739,104.185459,21.119919,23.203783
1113.661877,60.314410,16.568361,26.922203
1092.707773,79.170197,25.620239,18.263134
1100.903548,78.925862,26.436544,18.539646
1103.072148,90.508790,26.606180,35.538494
1153.877152,89.294787,31.743822,79.988167
1105.736768,99.785033,41.935509,37.557068
1190.958524,160.034009,25.267906,33.458530
1200.454727,156.711352,38.879673,34.478920
1197.814147,158.040732,53.532688,82.850647
1079.350019,201.508227,122.294563,94.240425
1034.646596,255.919108,66.817039,47.100731
1038.007484,260.293836,32.495182,28.296009
1038.456010,261.420553,27.407959,26.969271
1038.227672,260.711539,31.928951,26.846603
1036.335148,260.718271,27.029200,26.206934
1035.536658,260.804231,28.141973,27.074749
1020.098623,205.205913,46.686760,76.129044
1031.372968,260.988939,27.984871,26.996340
1019.713402,206.276576,29.574152,45.112682
1031.491125,261.767943,31.182447,28.055851
1029.976340,262.310398,26.283384,26.933130
1029.028712,261.671411,28.208197,27.425781
1028.752027,262.704534,26.881180,26.772591
1027.440565,262.048477,26.718824,26.820055
1027.707969,262.870437,25.978390,26.517887
1026.599637,262.590719,26.240967,26.984335
1026.722813,262.628487,28.687868,27.330828
1025.905827,262.732865,25.785173,27.272293
1026.121331,262.811388,28.346018,27.562605
1025.795741,262.742611,26.519718,27.076136
1025.208670,263.309480,27.046659,27.277893
1024.801852,262.979674,27.148642,27.610233
1024.662177,263.749136,26.234768,27.012854
1024.830906,263.480308,30.940691,27.493549
1024.966648,263.625752,27.794773,27.030022
1011.135595,208.569558,38.432983,68.380890
1022.856901,261.685050,33.369766,29.623600
1023.788921,263.433600,28.791508,28.017277
1023.549263,263.689459,26.938013,27.601538
1022.734594,263.855765,27.173340,27.548817
1020.159759,252.065785,34.480541,39.824707
1024.415908,263.979932,29.019451,26.217865
1023.316005,264.363001,26.637989,26.456350
1013.673135,232.489299,43.805260,61.437496
1021.847040,264.071134,29.427940,28.225853
1022.330228,264.276723,31.407089,26.939766
1022.292749,264.580803,29.642052,26.849504
1015.505571,242.900031,39.610313,49.264812
1020.971965,264.100632,29.152485,27.871439
1020.708288,263.439128,36.739609,30.178501
1051.159398,318.972598,31.246796,34.705433
1020.278417,264.192441,36.421021,33.522266
1014.805089,240.173438,37.162186,49.108765
1019.747918,264.627384,30.010981,27.168219
1019.474056,264.572397,33.416431,28.094812
1042.306970,301.948161,39.334969,45.295113
1019.081902,264.063627,31.459574,26.544443
1019.330999,264.052892,35.714188,28.674999
1018.586801,264.325395,33.479332,28.304279
1019.031860,265.282698,29.002865,26.900980
1018.136783,264.855308,26.876331,27.260017
1017.735202,265.717908,25.468571,26.771786
1017.396636,263.971547,36.933636,28.698696
1017.251846,255.310546,56.250546,79.706123
1012.100844,263.288154,31.643064,30.188988
1018.145123,264.978459,29.095095,27.339901
1016.981315,264.699281,32.130718,27.436619
1016.507326,264.727581,33.609779,27.486235
1017.573127,265.032215,34.126736,28.099180
1017.538547,264.785451,33.655735,27.945431
1008.792278,224.737390,39.194065,59.527874
1016.717998,264.005186,31.158497,28.100618
1016.878164,264.721705,32.971558,28.181755
1016.612377,265.423646,35.136677,27.633785
1017.071987,266.010159,33.192646,27.356937
1017.162572,265.975903,32.500824,27.426046
1009.883567,231.417281,44.105282,62.759323
1015.607734,219.043715,34.742092,72.941956
1021.487483,150.305550,26.931156,29.291365
1022.965193,153.658756,25.200972,26.462194
1022.611790,150.550316,25.065371,29.668394
1022.641642,154.055444,24.769201,26.280636
1022.675048,152.580727,24.416798,28.764654
968.396957,164.233260,24.490353,21.522255
1005.745407,206.540960,21.470224,20.203348
1004.425678,204.951047,19.866245,24.495342
961.753353,164.577380,24.276016,21.308922
1005.614371,206.811187,19.575451,19.720657
999.815792,201.720422,23.642296,29.558414
1021.610231,152.386303,25.288527,28.280436
967.267414,165.504260,21.326891,21.286022
1006.445393,206.707811,19.625048,17.589445
1005.592034,208.144208,18.130579,19.125854
1005.336403,206.093458,19.289904,20.993559
1006.203637,206.818583,18.756769,20.876705
1005.150938,206.225633,19.454000,21.750427
1005.440326,206.407274,18.348713,24.312933
1003.512451,205.906453,19.203876,23.915596
1005.025758,205.074636,19.601639,24.366568
959.875780,167.262597,24.500343,19.250153
1005.335304,208.951113,15.840620,16.986570
1005.628495,207.581305,17.760952,18.948477
1004.913195,207.407789,19.096977,19.893995
968.122418,230.238237,26.799664,23.025793
1017.507960,266.117742,20.264282,28.333420
1016.491597,265.343151,36.517651,28.540346
1049.490780,329.826969,30.191036,22.685106
1048.901696,321.149999,30.534534,39.420456
1047.479033,318.487784,33.289772,42.690578
1016.833973,266.091347,33.139889,26.833193
1017.967430,264.581369,33.961506,27.821363
1017.800949,265.885235,30.961508,26.727793
1018.183998,265.393679,35.236103,28.612257
1011.597316,266.714024,27.875792,26.828775
1004.111857,265.386750,35.126587,30.248199
1005.983582,296.726177,37.560169,27.127893
1013.300892,296.954148,39.373989,32.866226
1020.939421,309.703799,35.187294,29.021694
1024.180056,317.182464,37.091614,28.206516
1025.873614,320.880593,36.538483,27.948944
1027.223875,319.568517,48.934990,35.713387
1057.403258,277.566873,74.454399,91.235992
903.447127,234.552308,117.850151,187.107864
609.177424,359.445790,128.963074,99.490028
433.098162,195.944543,75.265289,59.647858
403.833997,273.568872,26.897837,23.858915
424.980477,281.706094,24.263523,20.370453
443.929682,282.586018,22.978577,16.007051
466.504053,279.145241,23.537613,14.590898
488.504498,271.736471,22.852169,16.984587
510.563556,268.776794,19.049345,15.924654
521.736476,267.037489,18.532850,15.476568
527.416172,266.506701,18.401928,16.249805
534.975587,266.208301,18.976137,16.138210
545.103561,265.342541,19.994169,16.923944
556.273121,264.206259,20.036945,16.423292
566.662488,263.467754,19.294779,17.130388
571.803607,263.618734,18.826628,17.754072
574.419966,265.985723,18.342865,17.057495
584.117554,265.714842,18.929356,15.897451
599.083979,265.295501,21.412399,16.742786
616.552117,264.760321,19.642262,17.879835
622.995429,264.233481,19.563223,18.567272
623.960654,264.776225,19.049789,19.075977
631.973895,266.107960,19.983923,16.767900
645.099656,265.512412,22.816853,17.382694
665.830157,263.774738,22.545792,17.832087
677.073007,260.323419,20.799166,20.247650
679.427516,259.727429,20.106367,19.867897
680.780424,259.413318,20.773430,20.635647
690.458132,259.141465,20.518661,18.561478
709.892898,258.409286,20.870932,19.507702
724.348584,257.742123,21.821270,20.443125
734.253085,258.068296,21.339333,22.066076
738.499930,258.444038,21.246452,22.038103
739.766669,259.187133,21.337189,22.553280
739.389140,260.944848,21.862175,22.158333
732.344928,261.563547,21.121099,20.623320
722.463110,262.926025,21.594276,21.731943
713.882618,263.847318,22.021877,21.747223
705.480879,264.388103,22.601547,22.288607
698.231970,265.853152,23.102997,22.723316
692.308836,266.734406,22.384293,22.676468
685.508194,268.163415,22.209026,22.341881
679.013255,270.033467,22.271584,22.569878
672.980346,271.917713,22.255751,21.205400
666.490939,273.464358,21.729004,21.393223
660.337298,275.610518,21.631546,20.348188
652.510395,276.976620,22.034405,20.596270
647.093542,277.264740,21.126352,20.248362
639.968000,278.324271,21.309847,20.318203
634.557808,277.838821,20.429653,20.422571
627.918305,276.930320,21.532772,20.247417
622.091605,276.573145,20.756775,19.226782
614.757313,274.968605,22.540447,19.914484
608.573108,272.885805,21.858587,18.906965
602.755400,271.340156,21.495438,18.200352
596.908241,269.759045,22.366766,18.341906
593.064675,269.390422,21.531895,17.247776
589.723991,268.776960,20.983503,16.683661
584.677837,269.228962,22.158422,17.520250
581.808643,269.294085,22.062292,17.231680
579.310693,268.273835,21.753351,18.600021
578.276884,270.439461,22.256813,18.523943
578.499822,270.247934,22.072115,19.376753
577.119854,271.631707,22.229420,20.184700
577.484177,272.808222,22.346966,20.686125
575.977882,274.212962,21.765234,22.763538
575.390931,275.251181,22.258854,23.268415
574.554888,277.214632,22.371025,22.019850
574.386202,277.534318,23.197906,23.188469
574.192534,278.491394,22.500793,22.750666
574.460527,278.864784,23.292749,23.598078
574.553906,280.310874,23.290043,22.810253
574.916002,281.138756,23.029802,24.654131
576.019987,283.133212,22.635834,24.526348
578.115671,284.514135,23.698664,23.901022
579.835601,285.284756,22.667654,22.861269
579.776054,285.711752,24.115934,24.368223
578.984236,286.622014,23.282768,23.808891
580.171092,286.689178,23.628477,22.965488
583.781007,285.555615,22.799120,23.423889
586.031278,285.393512,23.105326,22.796803
586.545296,283.846001,23.349216,23.072046
585.724279,281.863680,23.016298,22.040808
585.428882,281.911358,23.364599,22.194498
586.519445,280.900667,24.031252,22.007849
590.809254,282.232194,22.417904,21.382530
594.195747,282.888595,22.679899,21.552677
597.054436,285.614027,23.350704,21.365026
597.496810,287.853937,23.261595,21.915518
594.674167,290.216063,23.727270,22.531483
591.889280,292.551546,23.621668,22.244322
591.031939,295.171540,22.887932,21.629181
588.816123,295.616921,22.838095,22.618782
588.374173,297.495253,23.282200,22.305578
588.541173,297.346369,23.593378,22.074591
589.381956,298.466542,23.550079,21.901199
588.239364,301.245269,24.121016,22.141308
586.026553,303.131778,23.505013,21.350986
582.953076,303.860924,23.861485,22.235132
578.887120,305.279575,23.629925,22.084833
575.921850,304.295151,23.499613,24.143152
572.301488,305.095759,22.400187,23.045368
567.338354,306.798459,23.114540,21.914024
562.999416,307.270904,23.353704,23.238949
558.686667,308.442762,22.142586,21.691633
552.697874,308.426785,23.587242,22.927132
548.914826,307.451683,23.880825,23.173456
546.084141,307.185360,23.644558,22.483248
548.866240,306.690720,23.400536,22.594881
503.073957,272.411159,25.781828,33.079834
442.556599,215.454795,65.251602,43.774113
477.690380,274.555161,38.996735,53.126144
426.777867,207.993085,29.709747,51.214149
447.537230,193.895136,46.593548,21.783628
483.654909,240.522506,34.420872,36.264210
464.818066,206.612741,113.436630,128.130035
561.161274,275.062404,230.142670,46.655575
778.298969,296.199406,28.620577,28.711649
780.083746,299.347260,25.402416,24.599672
776.663625,299.281880,25.892797,25.221718
772.063649,298.482065,25.800629,24.922926
769.889808,298.796591,26.489916,26.904593
766.274722,298.068216,27.151249,26.882948
762.785116,296.690681,26.449965,27.148350
760.654453,297.192045,26.854082,27.998419
759.303144,296.729893,26.336531,27.186518
758.196441,296.350336,27.339930,28.874754
757.520419,295.781035,27.350298,29.077396
755.925593,295.865078,26.940311,28.227747
754.278868,294.553843,26.150845,28.281584
752.807005,294.970773,26.172329,27.001297
751.323045,294.015538,26.755682,26.869057
749.664458,293.001770,26.256817,26.953371
747.607581,291.495684,25.864880,27.104170
747.183267,290.009649,24.621664,24.733366
746.772603,290.203406,24.949270,24.599102
746.463571,288.090253,26.027891,23.979454
745.974882,287.463490,25.018003,23.072563
745.608228,287.016477,25.249517,23.574936
745.343745,285.533442,24.875713,23.323065
745.428669,285.052477,24.846581,22.672644
745.877594,283.904486,25.104767,22.953985
746.182905,284.305683,24.695730,22.034754
746.599973,284.218637,25.330404,21.677511
747.037176,283.742101,25.260618,22.006050
747.181547,283.844702,25.080832,22.000166
747.501824,284.488142,25.157661,21.815733
748.127473,284.069441,24.993414,22.369116
749.021902,284.540089,24.882504,21.316248
749.719880,284.582762,24.940788,21.978743
749.679398,283.987237,25.452354,21.902420
749.391748,284.697911,25.136206,21.782928
749.590762,285.036016,25.262203,21.029837
748.648115,284.923431,25.233633,20.912966
747.553440,284.914497,25.285614,21.271456
746.998071,283.598830,25.392683,21.877499
745.268119,283.467166,25.039637,22.089626
743.767226,283.256148,25.227200,23.071171
743.098347,285.361532,25.110481,22.419615
741.021748,285.803386,24.564896,22.928951
738.725354,286.633251,24.338264,22.635271
735.247143,289.228505,23.412743,21.092316
733.640866,289.792836,22.435829,20.825783
728.456846,287.508038,24.083067,24.070177
724.255935,287.520971,25.201242,24.867033
720.157392,286.190910,25.852835,26.009600
718.212454,286.667010,24.891926,25.409100
714.375841,286.399065,25.556355,25.956785
712.767159,285.656300,23.952095,27.451914
708.792451,287.090280,25.334890,27.227890
706.058919,287.124444,25.452749,27.213409
702.534569,287.426010,25.472519,28.317080
698.001186,288.917078,26.239206,27.957701
694.942530,288.217113,25.818798,30.107523
689.931480,290.823991,27.491549,29.194992
686.850504,294.564679,27.915752,28.144249
684.380417,294.887785,28.821396,29.160727
680.858813,296.731401,29.483944,28.539366
676.979802,297.800347,28.135977,29.196732
671.984565,299.978160,29.422808,29.967434
667.709618,301.405956,29.932465,29.129313
659.296320,303.459447,32.949947,30.817818
658.524244,301.254107,31.480246,30.051756
657.024454,300.893943,29.621885,27.006367
668.054673,291.228101,20.310455,26.442413
646.608513,300.346691,15.139153,25.876940
650.505206,295.810266,22.141260,22.801405
641.406866,294.688416,29.168003,28.081055
637.874951,293.609447,28.911583,28.299587
636.268899,293.049957,28.292601,30.937090
635.261986,292.834302,28.607040,29.293846
635.347487,293.066663,27.882557,29.029015
635.103702,293.365768,27.934977,29.016832
637.719400,294.100109,25.529203,26.986307
639.093116,293.701947,26.839235,27.036232
640.108451,295.008404,25.848711,26.600077
640.758992,296.290886,25.655617,28.152605
641.344796,296.108115,25.356400,28.114384
642.455885,296.767293,24.639973,27.981163
643.356957,296.951367,20.407059,28.103233
643.287866,298.544994,18.055326,27.469362
636.452442,322.402064,24.395494,22.276798
635.460510,311.944613,19.516191,31.725819
633.135289,319.284528,68.273781,64.614594
535.470005,290.106297,39.722710,32.380661
535.286515,288.573524,38.236969,36.926189
535.460045,288.225490,38.573013,36.281300
534.834235,288.275098,38.337376,37.514816
535.006693,288.089862,38.536953,36.768024
534.895529,288.277730,37.881092,34.434616
535.176278,288.020806,39.508530,34.197960
535.009791,287.969312,37.248531,34.196030
535.181420,287.667166,37.383408,29.083220
536.065543,288.470408,37.921909,37.322483
534.960667,288.095271,38.715508,37.533955
534.709893,288.531577,37.535629,34.275326
535.798725,287.446890,37.617012,31.169050
534.539620,287.796203,39.181274,38.197216
535.449053,287.614776,38.028912,34.350613
534.806843,287.607770,38.491570,32.409683
534.212162,287.801755,39.534233,37.464828
535.227644,287.623359,38.902836,32.197414
534.569569,287.642583,40.176994,40.435455
576.340477,255.418694,10.000000,57.280968
537.001019,289.017098,39.682152,39.685356
535.708607,288.621053,39.231956,41.408493
534.967375,288.586740,39.389149,39.987343
534.980494,288.719062,37.839825,37.750134
534.794039,288.641221,36.774670,37.675346
533.704296,287.834628,37.020378,35.640919
531.766795,286.269410,39.818264,33.682869
532.654793,288.570384,39.885101,33.988316
528.811758,285.045966,43.315418,36.979870
532.789643,289.092093,39.632080,33.480633
534.962838,288.248340,39.627686,36.027836
534.365977,288.094424,39.909985,37.406574
535.477732,287.782710,39.081951,36.443867
534.023909,287.753167,39.404041,33.039116
535.041775,287.677188,40.514763,40.285557
536.079264,288.890100,38.688030,38.394554
534.633471,288.915835,40.039806,37.504688
537.448710,289.177909,36.707699,36.824429
537.555624,291.782807,36.472263,34.488441
537.475937,290.813348,36.054443,37.281212
537.126719,292.381577,34.887341,38.994957
539.136816,290.029916,35.166172,37.762688
536.497029,290.235711,38.001472,38.379128
539.429751,289.788423,34.470898,34.688744
536.838204,288.945693,37.548721,36.917110
538.527823,289.291661,34.784916,39.087463
539.057471,289.812888,35.530918,36.792400
537.645195,288.997172,37.159225,37.261097
536.209492,289.252807,38.171547,37.821011
536.139182,339.193691,19.294039,23.035219
545.492917,298.097880,23.184790,38.458904
540.031435,289.656842,33.545605,37.137306
536.535128,288.587287,37.620113,38.524342
536.593510,288.982177,37.966850,38.850452
537.376042,288.954921,37.616539,38.717388
534.797589,289.339808,39.039772,38.797985
537.970330,288.956792,36.078430,37.035973
534.675433,289.149108,38.892895,38.191334
537.787453,288.569858,36.162369,36.081326
536.478876,289.105199,37.166317,38.319023
537.282036,288.740577,36.782028,37.666615
536.489270,289.099040,37.249916,36.357098
535.325249,288.664908,37.955154,36.164524
538.333903,288.634915,36.034451,39.006447
534.858651,289.395600,39.696121,38.407684
537.061571,289.052426,37.304958,38.043114
537.160210,288.843492,37.220947,38.684845
535.460982,289.619620,38.490040,39.679371
536.824227,289.757009,37.445648,38.753822
537.017605,289.248172,36.731590,38.691723
537.070160,289.664767,36.318634,34.898388
539.637417,289.695378,32.816826,37.962440
538.345673,289.562041,34.584183,38.198765
538.218945,289.963376,35.261177,34.801399
538.345694,290.060060,35.047550,36.965714
538.594220,289.861808,35.058586,33.347157
535.740067,289.671426,38.394897,37.796432
536.775856,289.523935,36.264709,29.891447
539.130635,289.526586,35.593361,36.127754
538.182509,289.555066,35.952320,36.208839
538.110747,289.677569,35.341679,32.658932
539.680678,290.113158,33.981770,35.045460
539.346106,289.648425,34.889362,35.717144
539.350495,289.494756,35.363861,33.894310
537.265637,289.374301,36.395821,34.635021
535.499400,289.108611,36.878979,34.427143
534.978104,289.132995,36.391830,32.217793
534.535294,289.559378,35.847504,31.947134
535.887190,288.923226,35.788197,29.304031
534.998047,289.370045,35.687607,29.919641
535.608059,290.340688,35.456200,30.864418
536.475409,288.600080,36.046757,29.714911
536.536644,290.431727,35.037918,27.528774
535.771479,289.852592,36.078182,28.579060
536.440022,288.827117,36.563255,32.002186
536.220557,290.025960,34.998768,28.554482
535.089856,289.612866,38.953529,31.534782
535.655598,290.262882,35.698296,30.077219
534.780239,290.283302,36.514198,31.037737
535.312897,290.320548,36.542419,32.111881
535.231734,290.447125,36.034962,31.232964
535.574049,289.687936,36.791279,32.584213
535.277590,290.070125,35.541531,31.292553
534.678728,290.496273,34.767681,29.342905
534.152058,289.833610,37.746407,34.832951
534.982718,291.547966,36.181767,30.591875
533.802271,289.837859,37.145687,31.766666
534.227574,289.093024,37.592461,33.280766
533.770953,290.328471,36.473797,32.011929
533.765339,289.825127,36.606682,31.705736
533.648451,289.891315,36.690113,31.873590
534.054604,290.033092,37.062805,29.666224
534.131108,290.519982,34.783195,29.200470
533.188197,290.351985,37.107616,32.700314
533.673497,290.773249,37.484673,31.658018
532.840798,290.406875,37.604523,32.541004
533.257809,290.352895,37.517754,32.682243
533.118756,290.174325,37.024803,30.141022
532.540093,290.589402,36.810577,31.090103
549.834241,272.129687,30.857733,27.395351
531.659756,289.324273,40.062767,37.342667
532.491309,291.080840,37.216618,27.922092
533.144520,290.516320,38.165291,33.792053
533.526905,291.104814,36.801430,29.756882
532.932896,289.884412,38.126320,33.258598
533.995478,291.354826,37.689953,31.457449
534.485230,291.000975,35.144470,27.700888
533.139338,291.948849,36.443310,31.455927
534.002518,290.683999,36.632126,28.599106
534.179312,290.826125,36.878422,30.544209
532.743378,290.178953,36.966156,31.249716
533.751152,290.338687,37.350998,32.036602
533.847859,290.713401,37.624245,32.007450
534.337555,290.373796,35.721100,29.637556
538.569641,283.463123,40.846268,20.552210
537.164671,287.354284,38.352940,31.012121
531.445767,289.846602,39.911247,32.824512
533.259179,291.009545,36.913406,31.981567
532.733538,291.088754,36.354717,32.597382
531.257618,290.247800,37.894096,33.585915
527.994000,290.081403,37.958992,33.140633
527.311760,292.405464,37.142105,31.967165
509.578595,278.943656,54.049583,47.335300
523.256297,292.172873,36.488949,31.609104
519.567421,292.101754,38.262222,32.016418
515.756316,291.808749,38.452702,33.105892
468.190406,354.717147,22.169237,20.988682
452.567659,311.211714,20.051794,15.844298
470.414552,282.317215,20.849112,23.717812
426.424364,271.564642,24.597601,42.250317
357.797093,237.130749,21.514366,23.450554
346.538892,239.899722,17.289320,21.214708
340.035406,239.544240,17.594763,21.153463
334.643793,240.753743,17.147039,20.748144
327.867302,239.128847,18.556068,22.517658
324.714427,240.567686,18.269480,21.714703
324.703256,240.980599,18.154982,21.373816
325.461463,240.843655,18.355120,21.809860
326.575850,240.906687,17.280415,21.476841
326.502885,241.541398,17.747114,21.042982
327.733034,241.401320,17.814138,21.104342
329.131853,241.911523,18.913221,21.897100
331.712820,241.144831,17.656208,22.164280
333.612345,240.481424,18.689541,22.795918
334.659758,241.227942,19.041279,22.543797
336.415255,242.311084,17.855946,21.797152
334.460187,242.223091,22.402510,33.749985
286.232115,295.078919,38.420067,26.118284
288.756081,295.097117,39.268787,23.039316
288.743897,295.494741,37.978519,30.304447
340.364040,240.580069,18.191084,23.079891
339.299364,241.862664,20.268364,22.859419
295.433789,282.226088,29.773272,19.607777
260.018651,259.984413,68.776855,66.071831
198.185039,428.984648,33.175663,16.135509
203.911758,431.618209,32.308537,25.112375
150.983241,485.008760,21.290508,23.480244
152.433859,486.502038,21.441648,23.072630
153.281102,487.643702,21.460901,22.364811
154.264615,487.689528,21.289856,23.441036
156.179221,487.543665,20.937338,23.600048
157.724949,490.913493,20.637056,21.021685
159.177586,488.372386,20.728998,23.042635
159.922065,489.495922,21.215595,21.569817
160.737426,489.089036,21.731770,22.761770
160.859922,491.140395,21.765327,21.891222
162.026900,491.228932,21.208807,21.453169
163.217121,491.419016,21.361179,22.182781
164.701894,491.366775,21.266563,22.176615
164.447495,492.779092,21.556803,21.223761
164.863824,492.516506,21.326195,21.668991
164.980871,494.287541,21.248260,21.022161
166.308031,493.510034,20.719084,21.514395
167.436157,494.859335,20.736813,20.986645
168.507677,494.739458,20.855215,21.032314
169.598008,494.532743,21.322557,21.171993
168.947858,494.573484,21.319611,21.329273
169.205494,496.558026,21.615671,20.148336
169.194684,496.651295,21.391220,21.306862
170.067169,496.083623,21.235874,21.239408
169.667829,498.306079,21.406944,19.948137
169.365433,497.306651,21.162195,21.217516
168.394755,498.521347,21.257307,20.017242
167.616851,497.607337,20.998829,20.416643
166.784643,497.975975,21.373199,21.042343
165.582936,499.279673,21.271616,19.882145
164.583495,498.335857,21.518291,20.685768
164.442022,497.509054,21.524208,21.676716
163.098233,498.017261,21.289331,21.807291
162.509639,498.141695,21.312321,21.561604
162.224290,498.196012,21.618362,21.889532
160.625786,496.388929,21.819315,23.788990
160.331600,499.031375,21.840000,21.866007
160.716330,498.014306,22.047346,23.109671
160.539043,498.157596,21.630009,22.848368
160.801754,498.900578,21.449038,21.920021
160.212246,500.931366,21.172289,20.895866
160.094182,501.323205,20.978577,20.752638
160.386025,501.291359,21.092516,20.876953
160.658692,503.202376,21.115564,19.006845
160.149710,503.502134,20.659597,18.900669
160.473398,504.512609,20.847862,18.400249
160.294402,504.303393,20.519718,17.739672
159.840017,504.211704,20.853287,18.859283
160.317016,503.780308,21.065632,18.838669
159.881316,503.644425,21.118391,19.822752
159.702123,503.621001,21.295517,19.794832
159.417568,503.671480,21.630688,19.851543
159.734030,503.086704,21.595442,20.202492
159.552295,503.314531,21.459599,20.146938
159.555430,504.053004,21.785879,20.169603
159.462452,504.062558,21.330523,19.290289
159.799006,502.896255,21.252523,20.353081
159.850779,504.674425,21.383383,19.173779
159.205818,504.671620,21.037067,19.231604
159.697805,503.627139,21.093887,19.659563
159.693589,504.526558,21.269434,19.518585
159.772794,503.895061,21.169113,20.284235
159.619304,503.519032,21.051334,20.141722
158.906124,503.287025,21.090555,20.325401
159.420021,504.562832,21.149988,19.307053
159.220779,503.888199,20.948406,20.046417
159.360568,504.737195,20.884617,19.493528
159.555420,503.514317,20.815042,20.198181
159.515142,504.120805,21.016632,19.865217
158.542697,503.767738,21.005245,19.699005
159.117547,503.232739,21.027023,20.359137
158.597660,504.565722,21.253542,19.766926
158.784379,504.385147,21.014854,19.605865
159.261615,503.778131,21.186726,20.707937
159.428430,503.405321,21.041664,20.542660
159.212871,503.390909,20.922955,20.430325
158.960000,503.685967,20.786591,20.170988
158.902832,503.612508,20.955828,21.157255
159.504858,505.992581,20.697981,18.918325
159.425104,504.501194,20.954908,19.778580
158.919846,504.038919,21.020510,20.721325
158.825342,504.009540,21.133575,20.471827
158.800108,503.862257,21.109022,20.484692
159.190407,503.960348,21.184870,20.610935
159.202997,503.493208,21.292564,20.874348
158.928391,503.896631,21.128092,20.604939
158.946012,503.530220,21.170364,21.006905
158.532408,504.093922,21.215216,20.809135
158.700312,504.723239,21.447676,20.841997
159.356502,504.620835,21.137882,20.328459
158.871179,504.288680,21.322952,20.573435
158.866540,504.642496,21.355072,20.635288
158.855667,505.005102,21.321764,20.692448
158.376382,505.179769,21.070969,20.068449
159.314815,504.145508,20.756535,20.557556
158.560390,504.840028,21.108562,20.721487
158.015123,504.302011,21.396332,20.120487
157.887997,504.888465,21.700548,20.376680
158.024930,504.649590,21.314308,20.639587
157.773854,505.614415,21.704622,20.463217
156.186144,506.311279,21.786512,21.170425
154.754362,508.411742,21.698957,20.273020
153.208751,514.313442,21.910717,21.130096
151.004431,518.735056,20.710356,20.778500
109.361200,521.356477,29.675056,22.946898
141.941921,472.168767,35.510853,24.621752
117.681388,467.917109,45.049236,32.239128
97.511318,390.074455,36.625568,47.929333
161.032007,321.812256,43.330376,53.122433
73.195060,281.367659,31.225437,34.085129
25.399569,287.060754,25.377649,28.406717
30.863315,313.750624,38.824104,48.000336
6.620651,236.184753,81.109406,59.332668
118.990014,211.851191,45.899670,46.071632
30.617771,153.276899,125.884682,82.891663
192.721794,101.019157,36.959167,50.043194
148.662994,103.133152,42.125137,34.062473
112.743715,102.188961,42.250683,35.371876
75.155816,100.315243,43.462345,36.166859
49.870838,103.097643,43.723312,38.570030
40.142213,109.043005,52.083973,73.975845
22.487024,98.975801,45.650150,39.260887
8.797666,103.983219,47.474468,52.362659
24.975229,177.350170,50.341541,34.022526
2.794690,253.731146,49.079357,33.779556
49.359767,277.289335,65.383438,64.960022
9.054395,394.177202,34.614468,30.724205
0.000000,398.471968,18.310963,24.383148
36.882919,357.687682,19.969030,23.141989
44.092206,357.150461,26.002954,22.820488
38.557401,356.085616,23.504549,21.565893
24.425951,352.365153,39.026253,27.223219
6.210751,331.165009,52.182819,48.357944
1.391556,256.186638,33.253582,28.539547
0.970064,251.630146,34.680336,33.041538
7.296320,258.688525,32.985374,25.632589
4.696415,253.826449,36.155384,30.292349
7.593344,243.248411,32.992661,38.626801
5.463074,255.563181,34.127468,26.332848
4.137848,253.644629,34.221310,26.982040
4.347054,255.406306,33.102093,25.717535
4.340950,247.823048,32.511211,32.459171
1.249430,253.047304,28.099388,23.996788
13.935367,289.239805,30.203238,34.293289
0.000000,288.146393,22.372213,34.165874
1.419215,349.414909,36.200119,18.364208
0.000000,352.626744,18.252308,18.116899
0.000000,351.512554,10.000000,19.513569
0.000000,345.702999,15.931118,24.818817
0.000000,327.192139,40.762861,75.491951
113.502419,226.048901,31.978634,69.341331
106.416186,226.126896,43.994011,43.201530
59.223941,181.111237,75.514229,96.324265
95.794124,247.013954,51.785332,51.170319
205.041747,175.985025,32.742020,26.715794
194.544326,177.378142,32.531502,23.005854
183.454820,176.668899,31.974491,22.632425
166.177012,154.844988,37.487976,43.221783
249.049650,167.169430,26.771357,30.014030
233.971248,218.228353,33.368729,27.692419
225.082343,243.529037,84.375755,53.381927
205.941146,252.896698,61.525551,70.948303
94.680392,218.346409,101.945541,87.760399
160.005231,411.179922,42.391079,48.873524
145.190343,441.992596,41.717876,44.477608
138.414020,442.802568,42.612625,44.624844
133.300769,441.397884,42.737747,45.391685
129.793073,441.356327,43.191830,45.516243
128.126796,441.168348,45.757004,44.284184
58.836837,383.489403,79.731766,76.134781
136.987433,254.621368,66.741119,54.459122
58.033301,181.579365,215.445587,113.165977
316.940215,248.355858,197.033005,196.166275
469.364684,244.329514,173.653793,297.893158
511.622787,209.317017,151.005264,360.304260
519.672950,380.681664,134.395905,185.484390
752.857474,219.981819,83.206787,102.926712
760.191907,144.636789,58.383656,58.029461
873.332786,46.181599,38.539154,32.074966
870.566683,47.610811,31.336939,23.703770
872.220056,46.748183,31.544262,23.097132
842.403028,12.132195,21.786333,93.448753
783.301805,113.160912,26.193056,27.696465
785.024524,149.785353,41.952179,37.611568
728.425397,191.192286,20.082458,23.551027
721.454747,197.049003,29.420982,26.799662
702.468106,225.133787,72.313026,43.410793
754.839771,271.056001,18.811182,25.980551
755.423588,291.427399,19.704073,22.796440
754.343589,299.948552,47.731472,31.360472
757.385217,268.771385,26.936195,34.439339
744.553132,275.006847,38.290871,36.737457
755.348171,266.976012,25.691698,25.690928
797.264604,295.487829,20.157249,24.381100
793.112887,293.285761,24.968349,20.796307
797.223133,293.069508,18.861589,18.778854
786.065059,294.741158,19.568027,27.172354
744.784451,326.967514,84.028000,33.343544
791.622163,371.781891,35.776894,54.333839
799.165446,329.992723,48.769917,35.214611
756.469098,367.611050,40.450325,70.413902
671.769172,302.546608,37.449368,41.408752
640.704358,296.203541,22.017639,21.904381
642.237884,297.389477,21.482044,25.054970
646.572227,294.415666,19.644863,31.009069
649.539860,274.936666,25.590334,25.416172
653.836085,300.336021,19.086124,32.198868
652.647230,277.044620,24.911940,23.130083
633.605145,266.313779,15.650398,18.964857
638.968371,266.898923,16.559788,18.052397
643.844514,266.652021,16.330963,17.540760
648.164860,266.157451,16.555162,17.295649
652.430978,265.404463,17.114716,18.154583
656.227245,263.475314,16.860826,19.009729
658.941454,263.250392,17.017492,17.708193
663.138277,260.479409,20.127188,20.233305
666.058118,259.189631,17.872276,18.424196
669.115048,258.685827,21.082138,19.264523
673.959406,256.820837,16.626150,19.656200
677.195567,256.666287,19.000896,18.314657
682.836897,255.855305,19.048994,18.820389
687.559716,255.015781,19.472473,18.449539
694.462971,255.650644,20.499521,19.097752
699.811713,255.156693,24.188946,21.173132
703.962639,254.886135,22.900232,19.695129
711.470885,255.500865,25.433041,23.309328
720.069058,258.413998,20.310379,20.754364
718.339193,256.736975,24.455046,21.609821
720.828861,258.590138,27.852083,25.814161
724.792848,259.365076,25.967751,23.954853
731.685822,266.860166,17.043098,18.414732
733.445823,231.574796,19.245365,23.939867
738.731200,225.197793,15.284238,20.717333
755.120951,263.003644,24.586111,12.602761
768.584494,289.792354,15.540158,19.312681
784.614015,258.497566,21.759407,21.870033
783.590052,258.095230,21.114004,19.760216
780.243793,256.742031,19.262920,19.246147
780.379400,254.183755,28.284246,17.815245
778.931809,251.405736,21.307930,20.890745
778.405742,249.815841,22.073498,20.638636
775.103024,247.888803,18.876024,19.198957
766.768442,248.127077,20.164648,19.203190
754.641829,245.859388,18.870800,19.024860
737.206196,245.551753,20.496313,19.861376
725.553829,245.278753,26.381880,22.624447
723.236959,244.947212,19.206036,20.180389
724.164723,244.498208,18.012341,21.102018
726.569450,242.649643,27.373098,21.773163
732.471383,243.175267,18.511036,19.195333
696.182885,221.343468,20.056122,74.024399
736.684046,245.587605,22.467375,19.559637
753.090549,253.864353,41.876080,40.593407
753.558624,237.776159,30.081331,19.643070
756.177016,241.545558,23.302654,18.012529
762.700395,241.753848,18.593430,18.019365
766.114673,240.398009,22.292362,20.203440
774.187180,237.017941,22.533274,22.843025
775.552984,226.715900,29.299841,22.205849
766.790167,222.191037,21.353544,20.387037
768.916520,222.221201,21.430809,21.471020
782.480218,241.436463,14.840813,30.125212
779.687966,253.729595,20.356583,18.680191
796.237987,234.771872,16.911747,15.949955
787.621176,217.052628,25.588530,28.130024
793.169928,219.615380,30.088820,29.889421
796.619767,226.072004,22.404182,19.703773
831.904017,230.473370,23.384281,23.959393
798.269863,266.452701,18.991022,17.645506
824.800461,230.615231,16.975557,17.617184
792.872712,198.737179,32.436325,42.958679
808.467033,217.033652,29.932467,31.149073
800.675208,193.084924,18.497906,17.770697
798.802182,181.022770,15.258248,18.902451
785.515512,180.635359,25.643850,26.328449
804.346578,230.573586,32.424713,21.652937
799.655208,233.903675,10.451793,65.949638
798.220778,214.853271,37.936802,28.534351
786.760343,216.127680,42.938087,82.072433
734.557744,196.855267,90.193123,47.619900
698.008294,181.241888,45.760483,64.723335
693.410018,169.435003,30.981220,31.372383
675.863402,174.439720,27.579006,28.223621
686.413318,225.643167,28.390247,22.871859
641.879121,202.310831,39.486145,91.823868
664.484212,198.085293,53.838615,45.692654
648.892093,198.701122,49.859844,43.170361
625.800895,199.676481,40.512211,43.374809
604.389718,199.319490,37.510742,35.153229
609.525105,228.782000,21.916237,17.447281
606.807122,228.712401,17.388641,17.449942
606.929747,231.077910,16.423201,16.633619
611.525519,231.237489,15.928936,15.969820
618.263216,233.194810,17.178038,17.973536
639.105517,242.138226,25.593777,39.172192
638.904718,240.870992,21.814054,15.309885
647.238973,234.428549,26.510239,37.165802
653.428008,239.129681,35.956127,41.575962
661.482093,239.952223,27.577328,101.878967
675.380107,233.519995,24.205372,26.493668
684.858344,238.532078,25.833813,63.031513
688.337866,234.399129,22.833677,19.643541
701.111569,234.436993,16.017014,17.190899
709.008733,231.539170,15.188155,16.466379
716.903807,230.438311,16.137419,17.061417
723.566243,228.836972,16.642868,18.852091
723.270185,226.361322,16.925779,18.008698
721.611281,226.184763,17.293980,18.176338
723.083889,224.436402,17.052843,17.838938
726.797410,224.249751,16.942978,18.485708
731.045070,222.832840,18.036716,19.642574
735.395990,222.589998,17.783422,19.020149
740.753072,222.356492,17.626717,18.754129
746.954130,223.000303,17.572187,19.203339
751.310024,223.199047,18.502504,19.418537
753.190148,224.615516,18.621422,19.597387
755.297226,225.287563,19.079279,20.350391
760.942588,225.737668,18.535564,20.490297
766.215389,226.510779,18.538813,19.967100
772.141388,226.788678,17.578501,19.401308
777.778277,227.304682,19.191051,20.131210
780.026460,226.562627,19.870178,19.836992
781.532312,226.090303,19.232939,19.999992
782.283435,223.352004,18.543736,20.207380
784.791179,221.887427,19.518703,19.410940
788.701985,218.826895,19.990265,19.545700
794.219548,217.558404,17.369507,17.380228
799.741006,214.834074,16.790726,16.117088
804.509026,214.078960,13.642327,13.302723
812.927058,212.494249,21.589977,24.746758
765.722057,166.985636,20.454067,51.852730
821.968900,208.092821,24.153650,19.471657
826.220948,208.110389,21.997278,19.290922
832.339299,208.094346,19.651926,18.387453
837.704375,208.387287,17.817556,17.380856
834.486092,208.322619,15.477665,16.687536
801.784105,226.407561,29.670809,26.578726
746.119543,225.471698,22.468925,26.047651
737.082559,221.797881,24.637774,20.697149
727.770450,221.909085,23.431005,18.786798
721.643986,224.656748,25.334858,19.656746
678.311564,178.496129,23.749325,29.626888
713.207639,229.195718,23.586296,21.071934
669.000834,183.731850,18.046951,20.144205
654.430048,190.935712,66.744759,46.061905
696.104012,234.497975,28.781170,44.347198
696.810335,234.756031,20.816673,20.104891
693.461759,235.098837,21.104479,19.594267
690.812916,234.037910,21.036823,18.740688
687.720894,229.580416,20.865849,18.816175
683.208118,223.596233,20.730640,19.129648
679.873737,221.273733,20.515011,18.359762
722.680555,255.116578,11.550667,18.941635
691.568684,227.615312,45.224392,36.950977
611.681894,168.511048,47.183331,53.758991
675.833511,218.301545,71.190674,47.795734
683.879529,222.866105,26.075628,21.394855
693.588663,224.323078,19.003307,19.701757
692.560101,223.939726,16.104721,17.916193
692.578417,225.311788,21.162655,34.516125
688.080490,225.632641,18.404404,23.443510
686.989343,228.717912,20.242735,23.855404
696.485435,236.419319,30.198456,25.184973
692.375123,238.210822,27.342505,21.496681
688.446775,239.481355,24.971973,21.841656
667.669561,231.641268,19.814289,25.187883
678.413373,240.531912,22.557226,18.841074
659.765328,231.917298,17.460836,16.459103
653.238970,230.911197,53.304874,47.313179
635.378065,222.823524,52.207439,76.070251
634.327797,234.146392,52.920494,79.068405
532.122517,244.989381,51.458435,59.925365
620.988535,253.837182,40.933094,55.680813
535.393333,184.293061,59.089088,54.295643
590.914186,233.281344,62.188648,90.699020
525.386929,190.228127,50.759338,48.075062
589.903626,231.618117,21.083609,23.097023
582.148040,238.367630,17.574038,17.073736
574.168549,241.354115,17.417542,16.448032
565.652558,243.078272,16.858175,15.989213
555.401269,243.573886,16.209642,15.914139
546.984940,244.423790,14.746799,15.774693
536.223295,243.859947,15.507966,15.635207
527.390571,243.211795,16.411783,15.699432
521.312181,242.621668,14.101322,14.098977
513.860215,242.544420,13.912360,14.427463
506.909183,242.430234,15.272364,13.533855
500.491416,242.787364,15.821706,13.108087
497.149459,243.030437,14.187834,13.005844
493.596695,244.464657,13.412868,12.162702
490.283385,245.388707,13.329477,12.122219
486.429620,248.098603,13.575487,11.498341
482.820821,249.512648,13.158120,12.130632
479.269175,249.169626,12.985785,12.806430
476.160696,250.975199,12.920804,12.749070
471.111604,252.651591,12.733519,12.201592
467.047600,255.473656,13.345882,11.782735
464.130351,262.320838,15.305254,10.975013
459.302679,267.208805,16.057816,11.037200
453.053823,267.687956,16.339020,11.854676
448.543116,267.096388,16.118759,11.353387
444.285413,266.832033,13.773394,10.828067
441.405429,268.741538,13.636927,10.055680
437.376566,270.265393,14.800452,11.297607
433.269258,268.374004,13.984991,10.458666
432.492857,266.956450,11.164963,10.000000
429.148880,266.496459,11.469295,10.000000
427.467521,266.415248,12.100194,10.000000
426.455137,267.462167,12.920247,12.754945
426.897244,267.739113,13.942694,11.592463
427.564274,268.168186,12.788322,10.320556
430.339548,272.310377,12.215188,10.000000
430.102777,277.696991,16.707577,15.663966
434.953151,291.344707,18.270014,29.202290
440.405617,283.855834,22.247482,27.078169
467.570686,313.648518,38.927338,38.228825
408.211069,315.942904,32.789524,37.383141
465.024879,294.339128,33.223763,39.398140
475.501270,296.922573,20.301865,18.112019
486.771133,300.819265,18.059807,13.944879
492.242882,303.693439,15.751090,14.320562
495.582469,307.026476,15.459224,13.754341
497.734276,310.526832,15.837753,14.117932
502.040476,313.909328,15.392063,13.590788
513.842389,317.789802,16.373983,13.372114
525.472713,322.342996,14.653307,12.903924
529.552045,326.066779,13.996962,12.447165
529.525789,328.527788,14.124158,12.802513
532.700647,328.256190,13.850095,12.547149
539.290401,328.065053,13.462753,11.916132
542.419295,326.805889,15.853991,14.088570
545.310934,326.256889,17.529148,12.914619
552.636298,322.394656,17.323816,11.635234
561.889630,315.961931,16.230368,11.604618
577.376408,307.157281,17.995216,13.748747
597.967153,301.745337,16.711523,11.184864
624.529226,296.974626,12.843578,10.765546
629.534995,298.536449,10.000000,25.035591
655.450469,281.616871,15.081620,13.554214
661.665150,275.115985,15.844764,13.864538
668.951516,273.253590,15.911267,12.063297
677.649719,263.980116,15.856612,13.628394
685.998649,259.693102,15.795106,15.166168
694.172919,258.494463,14.990609,13.905791
700.849429,255.165371,14.652771,13.250835
705.794830,253.305287,14.123618,12.406779
707.016726,252.838870,14.866770,15.307654
707.421903,251.141680,16.173008,17.569344
707.458306,250.261023,17.204496,16.989296
707.913408,249.256337,17.199291,17.720758
707.653089,250.304251,17.270260,16.972168
708.332168,250.064689,17.135376,17.476294
708.320331,251.250380,17.428024,17.000618
707.130681,251.560148,18.634029,16.782478
707.414578,251.454500,18.755484,16.954491
707.677574,251.027099,18.719498,15.949568
706.283581,248.966434,19.680334,16.536673
707.323280,246.858232,18.891403,16.816469
707.846507,246.054739,19.864120,17.470222
709.457470,244.126304,19.431883,17.378622
711.069537,243.341140,18.929392,17.750158
712.685605,243.455102,17.980740,17.327394
715.122550,243.248925,17.824181,16.600191
718.250375,243.998631,15.670537,16.567173
720.590381,245.524260,15.745468,17.261101
723.577114,246.235913,15.341788,16.834398
724.830909,246.822868,15.577507,17.098103
726.490248,246.981249,16.094324,17.602859
728.525503,246.524542,16.073948,17.164062
730.073459,245.930180,16.258179,17.068928
731.427361,246.606791,16.400396,16.511246
733.105387,246.659841,16.460260,16.864573
735.750718,246.427857,16.814962,17.282221
737.342491,247.850896,16.853073,17.027956
739.761217,248.896147,17.388147,17.552483
743.747576,250.411942,16.712412,17.333927
746.314817,252.569749,17.635937,17.506456
750.300646,253.571713,17.259546,17.775667
754.169731,253.009408,17.501396,17.898859
757.529750,251.955264,18.122620,18.314955
760.227214,250.294614,18.544624,18.340349
765.064108,248.804051,18.164171,17.938555
768.146600,248.230174,18.899517,18.115385
773.285478,246.655126,18.762905,17.965517
777.526921,245.614183,19.399412,17.751755
781.185256,245.124589,19.258240,18.135813
785.031885,245.464653,19.695446,18.327198
789.354478,244.905293,19.847881,18.293102
792.695558,244.967034,19.863705,17.876963
795.597190,245.486729,20.611549,18.665783
800.216575,245.592698,20.081841,18.618509
803.645735,246.638004,20.439188,18.738789
807.913705,247.385464,20.550030,18.770489
812.428999,248.127165,20.150141,18.785957
816.750643,248.556578,20.766512,18.626205
821.088854,251.135859,20.854158,18.474974
826.495674,251.337832,20.648552,17.880827
831.590559,251.953885,19.341608,17.510118
835.490467,253.784058,18.970060,17.450909
841.502275,254.493151,17.924229,16.541451
846.667426,255.686935,17.964127,17.267689
852.443429,256.732267,18.881092,17.546783
858.569575,257.644238,20.007906,17.158762
865.738230,257.864772,20.854937,17.399305
873.574184,257.401901,20.514534,17.008793
881.776472,256.238880,20.365450,17.310658
890.694030,254.361194,20.900764,17.567434
898.621142,252.622827,18.823458,17.074800
906.055577,251.039210,18.888350,16.260862
914.507768,249.596826,21.188648,16.932825
918.609043,247.648545,19.948776,17.666040
924.052861,247.924974,20.082312,17.641739
928.830594,246.603661,19.343960,17.150265
932.886714,245.179505,20.433861,17.463427
936.737139,244.844062,20.967630,16.670904
941.136050,244.350053,20.190271,17.133333
944.232109,244.292686,21.402143,17.224676
947.803041,244.175050,21.561985,17.946772
950.809818,244.080767,20.890953,16.997749
953.136634,244.536828,21.591492,18.065294
954.947108,245.320210,22.510851,18.535435
958.347815,246.230848,21.431040,18.419456
959.133782,247.256662,22.719633,18.229340
962.251669,247.133505,22.160242,18.376923
964.584803,246.793877,22.342760,18.439426
966.613796,246.504033,22.424126,18.802843
966.348422,246.870850,21.800735,18.942226
949.478787,247.844656,18.702238,16.777542
922.039043,247.796837,18.419117,15.620646
944.594147,244.240749,23.737604,24.768429
924.750139,234.387011,41.085075,35.534752
849.298081,245.503013,29.863201,31.231672
824.874595,245.611440,20.216108,17.994310
816.842540,244.052581,20.287535,17.963774
809.081252,243.505382,21.600235,18.053534
799.741873,242.133851,20.788162,17.658495
788.792652,240.054693,19.624157,17.617531
781.495889,239.294805,20.176546,17.559664
780.210341,237.416678,20.729866,18.738340
781.523501,237.167841,20.381660,18.508636
785.264120,237.179455,18.750925,17.861507
785.867337,237.236346,21.557941,17.865522
791.939930,235.066978,18.486507,18.241697
796.621876,235.952094,16.776180,18.581045
797.992786,235.474329,20.084944,18.424530
801.010608,236.288849,19.518507,18.755733
807.138689,237.409959,18.474098,18.170732
809.054713,237.472907,20.534706,19.168928
814.792776,238.542541,18.709877,17.876524
817.376180,239.353919,19.014345,17.906446
817.563901,238.571321,19.752825,17.657457
816.750423,239.486069,17.801550,17.941448
808.800711,239.736529,18.198166,18.471395
803.696102,240.023148,18.337063,18.399197
801.345549,240.816708,18.306389,18.621418
803.087632,241.089391,17.523441,18.696787
805.604557,241.341302,17.695232,18.880251
807.899572,241.054465,18.879557,19.231161
808.092393,240.959282,19.165735,18.970806
804.543987,240.959905,18.945372,19.161333
802.962582,238.845230,17.659107,17.594906
804.213907,237.515587,17.834970,18.459469
805.854101,237.021551,19.221231,18.047646
