252.000000,188.000000,22.000000,19.000000
249.136592,189.140113,19.692019,23.435244
248.281932,189.453835,19.524439,26.389395
249.531083,188.860656,19.033079,29.100405
250.845388,190.249911,18.476665,30.923914
252.726193,190.364628,19.930723,32.213455
250.531473,189.965940,22.250355,29.466763
252.387050,190.911215,19.623507,32.267788
249.417484,191.730947,21.615089,31.681067
247.931915,193.796074,20.593948,30.289703
246.425163,195.161534,19.502434,26.484877
245.023088,194.640083,18.128841,25.160538
241.460605,192.572436,18.728334,26.286013
240.397473,193.241024,18.083303,25.741020
239.008801,191.356290,17.234833,26.016546
231.341681,190.761783,17.589022,31.039209
226.672641,190.916391,18.641047,35.028446
227.014944,191.158560,18.799656,36.480541
223.211544,189.950201,20.002541,35.704296
218.415310,190.788740,21.902054,36.058971
211.223511,189.202429,25.368599,36.909618
207.245897,189.459568,25.681507,34.110031
201.931410,188.368092,26.528927,35.413010
196.758132,186.625504,28.639963,38.307472
196.683834,180.283321,27.752640,39.933884
196.194805,185.174669,21.863037,32.388615
192.580275,185.132885,21.284824,32.274216
189.742570,183.580959,18.778112,33.079437
183.852695,180.802948,16.089737,17.301697
180.147097,180.939004,15.307491,16.968756
178.956644,178.307872,15.064617,19.016779
179.423953,182.958081,14.448618,14.681738
180.674597,181.835041,13.352047,14.683496
175.471011,175.455358,18.296785,29.828001
172.240561,174.651405,19.714632,23.338127
168.593877,176.797919,16.984106,20.159838
159.764685,176.702073,17.094311,22.233374
149.366982,175.600415,18.766287,25.580000
143.006093,176.570193,18.998716,27.813929
136.456516,188.149761,15.937119,18.831459
120.464520,189.857759,18.958042,22.373234
78.444857,230.452798,18.294954,14.224936
94.719357,197.068781,29.064558,23.640642
113.211811,195.949915,21.550215,23.864580
122.394686,199.059767,20.195971,26.235857
131.997911,201.673146,20.483995,23.308193
136.466820,199.653401,22.067816,26.124104
152.666283,209.349127,23.853872,26.157961
148.976304,205.476560,36.155720,27.242634
144.802163,196.152177,42.045017,38.562542
174.368876,266.325830,31.445267,38.457851
182.785542,265.640191,30.897612,43.270199
194.557090,277.217225,30.197151,37.771862
203.434104,269.277390,35.090294,46.672344
195.491462,218.018268,45.165947,36.705627
205.798612,221.060557,44.517895,36.489014
212.569863,219.978765,47.845249,55.083935
217.730689,221.467219,46.289986,41.275696
221.102979,221.858029,41.567226,41.100170
224.975554,216.022567,53.505867,82.597557
224.634080,201.740270,48.172215,55.929577
233.795154,206.879012,40.341522,48.174004
235.512359,207.606584,36.246269,46.423161
240.324225,204.057633,34.434807,41.673618
250.150805,193.276633,35.565979,44.951012
256.726436,183.229978,39.110428,47.140408
256.871400,181.693696,40.395695,45.088413
253.814441,181.455098,42.766068,42.582684
254.749316,181.718507,41.124969,41.966740
254.488481,181.448922,41.980045,42.064487
254.024358,181.569261,41.996044,42.380787
253.716910,181.790891,41.903419,42.371471
277.005062,248.510478,27.105421,30.058426
273.927550,252.113797,23.963188,31.950832
223.790128,198.589250,41.010757,32.678802
218.146867,182.955394,42.638954,50.490673
206.816802,178.954307,38.572491,54.584965
196.750985,167.973744,38.128944,62.822945
190.322553,169.614499,37.448441,59.919807
189.526158,167.573775,37.618729,59.010426
190.706700,168.149365,38.897476,60.685646
188.299468,164.697425,39.881008,62.110630
183.521657,170.528783,38.134995,52.487709
180.107987,172.562249,55.199867,95.087341
180.206532,169.062696,55.953430,114.462852
182.494721,160.924649,42.187752,95.494743
180.556161,161.313500,47.595329,144.035919
177.165124,171.877633,47.171349,142.912079
180.006862,164.600633,42.577198,130.137039
174.726899,177.285645,46.601601,150.901291
169.830531,172.968423,51.231770,147.358490
164.443763,172.325074,43.491116,141.684280
156.223542,169.793649,50.381081,162.004578
150.850570,163.371339,54.734051,166.618362
147.908870,151.776223,46.797840,171.254822
145.695518,145.697488,45.676998,190.954803
139.363185,149.923493,48.923603,181.953293
130.218291,151.278321,48.794079,149.791000
130.961823,161.285314,47.974831,90.993385
141.434083,172.146440,44.440071,49.243393
126.900949,269.520782,30.142889,32.489277
117.329750,269.158857,31.894922,31.627798
115.655557,252.661063,32.258278,46.525150
116.557412,261.433570,32.269096,32.924976
128.229543,196.400051,40.289505,26.720276
171.319392,155.666362,20.014851,10.177126
177.979836,155.716412,15.729036,11.096999
183.347951,155.822894,15.663612,10.485927
182.575731,153.646452,15.080195,10.714866
182.983438,153.469038,14.605867,10.309143
180.885923,152.329584,14.629371,10.000000
179.641397,151.204602,14.725231,10.000000
179.496262,150.797073,14.851857,10.053041
183.882080,150.559453,14.966139,10.113789
189.082827,150.736841,15.912187,10.107450
187.992717,152.351884,15.194617,10.329764
186.448494,153.224461,15.120706,10.000000
189.366237,152.964217,15.897160,10.515947
192.510794,153.434990,15.723241,10.244690
193.097114,153.228937,15.243731,10.809925
189.521895,152.859023,15.670250,10.653903
188.456999,152.686546,14.735533,10.400086
188.763598,153.002528,14.496556,10.012076
188.388620,152.628612,14.546584,10.000000
189.174732,153.206146,14.647593,10.142169
187.398409,155.195673,15.464940,10.824256
186.900834,155.509328,15.385349,10.126382
189.478723,154.300013,15.342540,10.732978
188.203065,154.736528,15.448390,10.707450
185.089056,154.161344,15.126783,10.838673
182.020902,153.490859,14.945422,10.771711
181.779638,152.905750,15.449045,10.000000
179.768495,153.522103,15.084418,10.798155
180.202229,154.732178,15.215097,10.649947
184.187223,154.462458,15.256476,10.911872
186.902066,156.955996,16.139626,11.107375
186.822179,159.354017,15.090363,10.000000
187.333498,159.980778,14.790392,10.359085
186.773981,160.235814,14.559179,10.475210
189.224300,162.097464,14.717173,11.110195
189.550549,161.556197,15.128359,11.726348
192.384198,160.955753,15.448418,11.344518
195.523365,158.509108,15.326960,11.112865
196.116207,158.296220,15.349963,11.362776
195.410483,158.489136,15.086064,10.471779
195.736239,155.916579,15.653851,10.899791
199.676540,152.698172,15.990069,11.150180
203.730857,148.901949,15.453898,11.133541
203.126992,146.878749,15.291725,11.618376
201.083563,143.172308,15.197263,11.062759
202.471891,139.509241,15.370948,11.027928
206.972194,137.359106,15.994334,10.397389
208.353106,135.406111,15.667760,11.201365
202.966851,134.644211,15.393696,10.739235
203.225553,134.358325,14.985209,10.422654
207.754354,135.633660,15.277789,10.846030
209.275977,136.832985,15.600213,11.442267
206.879851,138.239872,15.342278,11.193856
204.422424,137.988916,15.244944,11.506757
204.937840,138.440396,14.974260,10.788443
206.270437,137.119473,15.637122,11.484699
204.656551,136.688551,15.119036,10.559769
204.908606,133.847788,14.941739,10.925804
205.101926,132.518313,14.875252,10.663619
203.410774,129.289307,15.105478,10.600590
204.638233,126.257727,15.395373,10.260856
206.010031,126.860121,15.026868,10.000000
206.931185,127.733817,15.061907,10.151917
208.401403,127.523030,15.350749,10.646328
204.368425,129.132583,15.260088,10.218329
201.421927,130.649371,15.426057,10.087776
206.501187,132.869431,15.148991,10.000000
205.661623,132.911291,15.506289,11.050474
202.228707,134.886659,14.764894,10.000000
201.034944,133.595046,15.424129,10.687646
201.167426,133.417091,15.537575,10.904633
202.318824,132.425258,15.436751,11.046547
202.664952,131.147577,14.832310,11.181530
200.041819,130.111784,15.826524,11.328830
199.932562,130.409732,15.301279,10.926231
200.735003,130.493041,15.519555,11.383295
202.598250,129.435375,15.158440,11.006782
201.143174,131.118666,14.680767,10.779719
200.390962,131.817273,15.228115,10.961096
202.501291,129.887951,15.873423,12.243659
205.289582,129.852275,15.541074,11.433044
202.094436,130.765388,14.973456,10.553138
201.103062,130.104375,15.024228,10.779222
202.022819,129.917511,14.792526,10.809822
202.882957,130.718127,14.865256,10.487581
199.929080,130.027728,15.542892,10.729052
200.263535,127.971209,14.638515,10.352427
199.396565,128.857928,14.593895,10.150194
199.756815,133.741148,15.085016,10.620479
198.289028,129.485202,15.701499,10.710094
181.793135,121.414680,15.427692,11.476899
165.125594,120.408014,15.510165,11.266285
164.795968,129.325130,14.254889,11.047379
172.630548,139.592169,14.168880,12.296779
163.882114,146.350113,14.683770,10.845930
143.522558,153.998003,15.482205,10.811382
133.301739,161.998063,14.766079,11.340422
108.184803,152.138590,14.232247,17.260416
101.517615,165.110181,15.612591,16.169125
123.929130,163.984100,20.375376,14.660866
149.393933,158.272384,23.870575,19.440598
181.846296,199.019387,15.888960,10.929135
181.758442,199.835016,14.781372,10.631313
173.263342,191.966393,14.738983,10.932512
156.737654,186.907904,15.011576,11.079803
150.950725,182.985719,15.358747,10.958939
164.842374,175.331135,15.398477,11.038230
181.695171,171.427536,15.856342,11.258437
199.351943,164.643972,16.186573,10.811065
214.958892,154.869455,16.415066,11.809502
230.861803,145.076574,15.824677,11.362190
238.906273,136.078560,16.637598,12.542711
243.256988,128.150899,16.232075,12.097137
243.506754,117.165937,15.195472,12.776263
247.621534,104.495135,16.124763,13.221498
260.144961,96.509386,15.657011,12.748306
270.591284,90.244553,16.160521,13.454756
276.573618,87.827402,16.704077,12.703335
283.932577,85.262673,16.918106,11.842343
288.699116,81.299733,17.784655,13.278653
299.686403,82.038678,17.953262,12.520375
313.556731,81.134025,18.074530,12.244554
320.557828,81.406521,17.596901,12.753333
323.602160,80.978104,17.287580,12.110717
324.347375,80.583314,17.564972,12.391949
328.922512,81.212598,17.174709,12.650646
332.146877,83.515378,16.529957,12.194715
327.641625,87.291161,16.891451,11.655706
325.205352,91.709949,16.894917,12.093696
331.199605,101.020771,17.137651,11.589332
328.078966,104.433347,17.648491,12.924718
321.220224,107.731471,17.207790,12.485155
317.708586,111.070761,17.108950,11.968844
318.193060,111.179861,17.243731,11.732043
315.226922,113.468601,17.106688,12.461189
312.992327,116.299551,17.617907,12.355486
308.107176,118.755258,17.158659,11.712658
304.407138,115.639582,16.521461,12.700510
284.722143,103.921016,60.460094,34.420555
297.702247,114.541824,54.607872,72.145554
316.751440,114.626657,57.738125,63.459194
334.081268,112.707057,54.245277,62.778465
353.745212,102.574264,50.557098,68.988937
369.434364,93.915199,46.760887,71.782806
370.656717,88.442413,47.412952,78.768692
372.656898,83.090160,48.619896,85.970940
385.744852,77.427772,51.280109,92.994232
403.636882,77.058834,53.241165,97.293480
404.875862,78.323139,54.391930,100.050270
395.526832,78.572040,52.158348,99.025459
390.849239,73.630123,54.486343,99.753746
395.048622,69.725566,53.467613,99.927147
396.572477,70.214553,52.394848,98.918900
387.829254,70.569198,50.297707,102.195328
378.043813,70.885227,52.920925,100.929207
374.311990,70.219219,53.704365,101.179893
371.393245,70.915313,53.991074,94.158005
374.401151,74.405902,49.550579,91.490761
375.803161,81.114051,52.072884,87.979462
376.842651,87.702217,54.043770,84.708344
375.829511,96.413345,57.289471,85.320694
363.365810,111.170387,69.042404,81.325165
369.015865,104.742782,70.236557,88.353714
372.567523,90.687709,70.683929,102.205589
370.204284,105.220653,70.320900,90.846550
371.688560,95.231296,67.759331,101.868324
383.533540,94.903533,57.010868,106.080185
383.869482,98.232337,60.807491,105.117767
383.172988,65.436683,53.584694,136.316925
364.330230,69.175857,58.706520,129.668777
352.159008,48.332489,64.501633,140.262222
335.214420,19.325767,75.491058,150.737946
308.715236,10.672813,84.104752,142.358765
283.020896,11.476661,73.966423,140.852509
252.539264,18.045585,65.114105,147.336975
228.814449,23.158981,61.969070,147.044327
213.539970,24.157920,62.693169,149.172668
206.284420,22.822219,61.724136,148.360184
195.416584,16.869728,61.110901,150.397919
175.221515,16.331779,63.282349,157.255310
150.020830,14.442779,60.007969,164.448685
130.383770,21.472282,60.168747,163.639618
124.204235,27.349838,65.015823,150.736710
124.175739,34.242019,75.572845,133.583481
110.895645,45.100837,88.921181,118.837860
82.440223,62.019378,77.583672,108.944809
63.440738,75.773628,79.115021,104.213806
65.469039,98.743759,76.688240,93.552353
71.887386,120.681888,76.885391,85.105904
79.920825,144.163257,76.435303,78.569618
93.549957,165.285987,75.372475,72.203094
116.169448,181.040348,70.349739,65.568153
177.333450,218.879034,67.371864,61.557468
204.578943,228.747629,63.299335,61.022640
244.439367,255.054573,49.441525,35.334564
243.149978,234.659101,68.527626,53.146702
251.727909,225.702348,72.914764,63.070370
250.832729,223.841571,74.066299,64.965813
265.261539,220.545890,79.278412,64.897629
274.446231,209.365314,86.408569,81.969780
280.569229,236.400581,45.125282,62.327316
282.525672,240.535182,51.050652,52.296638
277.279222,215.314981,52.452030,55.594769
283.627185,233.720018,38.085785,29.672634
293.832060,246.138052,31.177469,27.246906
303.537439,233.923630,30.816105,30.337194
316.653644,212.718198,30.732758,32.985493
332.743108,209.089460,31.508770,30.009022
341.805955,202.801404,34.885670,32.763233
341.117477,207.320154,18.040077,40.775799
360.260698,172.520719,37.746601,33.045326
378.417329,163.602802,34.076908,34.428600
395.482020,156.715921,29.866213,34.989166
401.279270,149.955144,37.594376,33.933189
415.097068,140.433225,35.541817,34.717461
429.849380,135.216239,34.771736,32.452396
373.011815,77.091086,31.324484,30.096819
377.340360,64.611965,33.192799,29.580772
428.551864,103.931274,36.034897,33.361023
373.323062,63.520187,87.079582,70.991577
392.189594,27.140872,77.205986,107.775719
404.060924,27.105716,71.932503,107.737297
401.723136,28.520744,65.984085,108.473862
400.414527,39.837337,53.520950,101.987038
386.531547,52.375450,52.015701,97.746658
383.408559,86.686010,47.870686,56.659718
366.114757,88.040714,46.986153,49.450829
345.320562,95.984937,47.619968,46.897663
346.652614,95.917587,45.899620,47.622803
343.929359,99.805181,44.578003,59.320133
317.905097,89.051101,71.700729,84.689011
310.221759,64.562992,69.385612,124.396278
323.175720,146.203098,43.800873,49.936012
310.247001,155.748268,39.714233,42.307037
293.299688,160.604553,38.928654,43.685791
273.793285,164.636995,39.784325,46.361340
254.779464,184.287692,44.230392,29.456888
262.441797,174.090354,29.873577,38.281479
225.367986,234.818664,23.445614,23.356506
233.940022,224.765570,18.806105,18.931726
251.792211,232.729176,19.941845,15.209349
245.590562,231.151375,41.498074,16.738005
304.259578,252.141758,16.878426,13.652961
317.988826,259.763684,12.427849,10.000000
330.856657,262.853659,12.757785,11.589883
326.160697,269.686482,11.362497,10.296589
330.001100,288.609224,17.293789,10.974580
329.918298,283.712370,10.813619,10.000000
343.249967,284.953612,10.939778,10.000000
339.273920,290.924548,11.058810,10.000000
360.384285,284.959122,10.000000,10.000000
349.790862,282.718777,11.202410,10.000000
353.324979,274.931213,11.914749,10.028245
354.422708,268.328116,13.053135,10.917225
341.735262,271.504224,13.122087,10.404044
322.295346,283.235223,12.727184,10.000000
317.823990,300.506711,16.673344,11.093391
295.012351,319.810242,29.263096,17.007166
273.558361,318.706367,29.001284,21.765551
263.557192,329.863611,34.367825,28.746809
261.605671,330.257623,35.790428,28.910934
253.103526,333.546566,38.347576,25.674967
242.968422,325.567843,41.472321,32.630169
319.986176,249.890473,22.729385,30.509718
325.644874,265.769145,15.664309,22.218546
305.957695,247.244843,16.818806,16.939053
331.989695,243.431440,16.716858,19.343979
358.114439,242.114997,17.201897,17.769369
380.283573,238.592577,25.973341,21.755722
397.392858,226.002154,26.669474,17.568144
419.409742,219.297358,17.970209,14.720687
427.561384,206.919909,15.242730,17.282898
431.513830,199.198237,14.822793,16.683210
447.341963,196.133492,11.224335,14.612530
420.454580,174.970082,13.562449,17.679989
397.593801,168.649100,24.106218,19.849602
390.618354,162.865232,25.542265,20.218988
387.971263,160.871501,25.495718,19.579849
386.163161,160.571543,23.741501,17.692316
382.230851,160.102082,25.304790,19.118076
381.149935,164.970037,23.763901,18.427700
379.955633,166.809613,25.853022,19.884930
381.530973,166.260550,25.523371,20.514442
383.826973,159.375577,26.073803,20.959545
391.959537,159.144133,24.640219,21.018869
417.030321,198.873057,22.924189,21.148422
449.286069,183.618246,29.152803,30.620844
420.053435,170.766120,41.061569,40.213722
404.523325,169.212104,39.740059,38.016563
388.820096,157.136561,43.129459,47.707993
380.812258,152.574021,40.007820,52.985966
369.751679,166.771848,39.622784,40.080853
369.192339,167.420346,39.364433,39.915279
355.749039,167.901212,38.413921,40.023373
338.034718,165.298768,38.863956,39.543049
324.772128,161.296523,35.387489,39.071907
306.722191,158.491813,34.226711,38.298683
287.300194,155.332606,32.560268,39.481079
268.521454,150.398461,34.706158,40.536243
258.562832,141.993411,31.386250,42.302933
246.488478,135.691022,28.801559,42.765820
235.457352,211.795195,36.382870,24.478708
230.976298,205.606862,41.757988,44.880474
235.245364,209.794181,68.758705,102.125313
231.819941,244.523067,76.527184,75.362549
238.726172,245.007186,73.640106,73.334435
238.415892,242.385303,74.970016,74.871689
245.635046,243.038283,72.774567,74.036888
243.858435,241.586577,75.461029,77.133904
242.457747,243.059176,75.379898,74.162552
244.223094,239.359118,75.204857,78.701950
144.265059,120.932078,175.332962,199.649628
109.560095,0.000000,212.560760,318.580195
102.055773,0.114934,120.553658,159.067245
106.169577,92.729091,84.388428,63.659061
160.577557,101.675706,37.028767,45.799583
166.949776,99.026403,38.097256,50.653442
174.791634,98.506961,38.021999,51.667698
183.527594,98.155540,38.323288,52.774273
201.813124,98.585119,39.524261,51.633377
208.483523,102.020040,39.371086,49.643829
218.879668,103.239692,38.492874,49.238781
228.741932,107.027551,38.424107,48.891609
229.706561,107.521459,37.789070,47.946075
239.065899,109.427194,38.563190,46.483116
252.810784,108.798967,38.517620,46.470726
267.588618,109.859601,39.032433,45.260361
283.188586,110.604696,37.872093,45.052719
296.593453,118.222902,39.845181,43.023659
311.779559,124.862329,35.501122,41.879494
318.932690,131.543855,34.344227,39.027779
323.481453,133.644376,33.505474,39.116348
331.626835,136.039312,33.779881,38.929367
342.656958,134.993682,33.743515,39.473766
355.134932,135.343837,37.575302,39.237324
368.317009,134.944414,37.996960,38.761024
381.215920,134.654043,38.147182,38.274170
390.781186,133.651723,39.792500,38.715866
398.998744,133.259782,39.157738,39.160500
401.389859,133.804986,39.565128,38.801125
406.744858,134.087226,39.649776,41.959667
411.094380,134.784452,38.919270,39.416611
413.123749,136.360883,40.706478,38.332581
416.809191,136.574718,40.347862,38.839252
417.394976,140.096298,43.153481,39.109921
429.022164,142.627269,37.527813,37.698505
431.728377,146.864917,38.953598,37.428288
428.170090,153.260873,40.673031,37.450172
421.064620,160.353019,43.738510,37.094006
414.548470,164.357284,44.478878,38.567562
404.118157,170.332019,44.693752,37.287342
388.726450,184.890306,42.645744,34.588371
377.970170,189.009035,41.843136,33.776375
366.252522,193.946606,38.581989,30.587374
377.131484,136.467554,19.065186,89.139221
353.607432,161.854078,43.571587,63.826378
340.988156,186.016744,45.536640,44.296852
328.723385,191.697425,41.515339,42.235081
319.335867,196.463808,36.908707,41.208298
305.050118,203.485025,33.348400,38.068893
286.103440,208.437114,33.304668,37.024792
266.712119,213.753797,35.809647,34.995720
195.617271,246.057050,30.328720,40.029137
191.908844,251.849731,33.945450,42.915058
187.244483,258.119775,38.515244,40.185455
189.295320,262.522354,35.514874,37.511005
190.984842,265.205459,33.486126,32.981663
171.631845,223.878683,50.109447,64.928665
157.829061,213.929945,59.420948,65.699066
153.382684,224.114305,32.430950,43.885124
150.593771,236.003730,38.761494,42.411877
151.718870,249.737340,43.225758,45.641342
155.573226,259.352258,116.548264,70.719917
156.984561,248.457864,114.863625,85.513161
157.550281,250.203752,113.634193,82.954247
152.875688,265.089908,49.302105,50.758625
143.262455,278.859085,61.782860,45.688107
142.498470,284.548362,110.825417,41.233868
212.258354,244.335416,55.343460,80.413025
227.115571,260.080621,42.697323,64.305336
124.014339,288.887558,35.408726,30.490656
119.362466,290.629185,43.439949,29.670275
136.185786,300.819061,31.592749,25.774136
143.194198,306.366586,33.259350,24.230553
187.557594,312.651064,35.566463,24.135183
140.655984,287.454031,40.647728,42.116974
117.717706,292.049474,37.456215,34.661438
121.280557,296.228249,38.665443,30.848948
111.788757,303.066543,33.557415,25.928188
108.526168,311.109966,24.944164,18.834614
112.166619,317.176809,22.763750,15.412971
114.977682,316.994028,20.383018,14.352730
121.439023,313.593515,18.290277,15.288795
123.926846,310.091127,16.517092,15.568909
117.871686,299.467248,22.816765,23.505707
126.409515,311.366926,54.124363,18.652306
124.989152,312.647862,49.942596,20.614130
124.358900,308.598682,32.979103,23.663769
118.918183,319.806987,30.623255,13.615582
114.307529,319.581034,50.233784,19.528326
115.030447,317.332417,44.480392,19.051699
104.149211,311.935176,57.485722,20.143085
117.927661,309.098619,46.547611,22.605431
186.837001,314.917059,27.714130,31.539534
152.554643,308.837560,68.041786,32.147110
208.973829,293.279333,82.614151,52.022919
189.392164,283.403142,115.348801,61.802277
190.901731,280.241371,107.633591,58.583614
167.004041,273.127719,126.504074,60.239109
208.596845,267.076797,75.814041,60.046581
174.443471,261.271801,103.253601,60.647053
136.100599,254.298303,137.049240,61.613609
129.291219,250.315181,138.143646,59.465046
165.330076,245.266481,102.173538,61.860207
164.221139,240.843177,110.410149,62.901302
165.219854,238.555301,115.327545,62.333652
165.399286,237.964948,118.743950,65.021469
200.384328,241.870714,81.606781,63.716896
165.415151,241.744123,117.476868,64.333145
196.004755,238.260419,82.420708,66.619766
187.943422,244.068531,91.115120,60.909519
188.567880,243.684923,87.592278,62.871101
159.365179,241.692865,120.093597,62.653282
167.727453,239.991346,112.091644,62.321823
189.355581,240.587615,85.774689,63.902264
170.883543,238.428930,102.159561,62.134003
87.316495,228.575548,182.818375,71.909401
90.693906,221.723371,181.670609,78.486496
90.297620,222.940233,184.503708,77.420387
89.923032,224.904726,188.043350,76.254219
89.668806,226.278158,189.002792,74.868500
86.989179,229.951093,189.927414,73.841660
84.690694,232.807096,191.850372,73.002274
105.877882,236.129770,170.349045,71.176994
94.061872,242.527189,184.483383,70.097366
96.167455,246.516645,181.262024,67.315903
98.721830,249.410604,178.511246,66.544159
85.955663,253.505151,190.826233,64.892418
99.126478,255.308923,181.460190,66.102623
92.114042,259.450822,186.741898,63.834450
92.172796,259.618936,184.745972,67.329582
89.442091,258.962415,184.762985,69.036179
88.642736,256.727136,182.682007,67.856529
87.526678,253.129468,180.303589,68.087570
78.781744,248.831121,185.305420,69.908447
79.691709,246.061437,185.474503,68.078857
87.012563,236.777917,180.229095,74.044395
88.116949,227.849992,177.350464,79.431374
86.602003,218.560392,178.118271,86.761978
83.492246,211.070074,176.008194,90.091064
83.268064,210.617582,177.392227,93.665359
78.193151,204.861982,172.950134,98.568893
69.883138,197.193998,175.143219,104.120621
64.553586,192.051740,170.690201,107.032761
57.486913,183.070013,170.662537,111.452759
58.439512,176.700784,169.729019,115.505241
65.325635,171.574331,168.477036,118.194855
73.471036,167.732145,167.761795,123.893021
82.498556,165.221647,163.514435,124.701370
84.872739,162.063573,162.099258,126.427612
85.522718,157.248685,162.095688,129.395584
85.412893,150.647466,162.832611,134.702820
83.282995,147.268766,163.138489,136.990860
85.397649,146.553152,163.963867,139.148041
87.348585,146.232915,165.126144,138.901306
90.931356,145.999128,166.322296,140.871140
98.450918,147.412336,167.263885,144.689011
106.878599,150.699842,168.222244,147.093307
115.240720,160.419027,165.237930,149.738251
123.318029,167.864255,161.525513,155.962662
129.086759,177.662847,166.505264,170.268311
134.059507,183.583227,164.622818,164.659180
137.573301,181.798284,162.262100,165.301086
147.092351,173.008062,157.778198,171.230164
156.930158,165.080343,156.436203,182.767670
156.073324,178.048292,158.921112,179.110825
149.194211,198.775129,153.734818,156.342758
122.069143,232.497270,152.292084,125.360634
117.548048,242.270586,150.000412,115.380409
123.690504,239.151170,155.260361,118.838783
144.840398,231.546255,156.702454,125.306793
145.331548,234.884515,154.713623,122.662498
170.762525,225.262121,159.024094,131.451172
184.065603,220.288305,171.507477,136.468445
0.000000,193.190786,47.205083,122.095551
0.000000,192.247232,42.534150,124.448997
0.668148,195.322027,35.907692,122.427795
0.000000,200.064741,33.993422,116.769821
0.030278,193.003126,36.439823,119.224533
0.394674,181.696203,42.059086,124.160034
0.685191,177.316728,46.275688,124.292030
0.000000,174.460065,53.895103,123.685745
0.583334,174.388395,61.767925,124.789871
0.317478,176.018907,64.016464,123.084999
1.117509,172.498350,59.256855,122.513016
0.549883,163.290838,51.118031,122.120880
0.435752,148.739183,39.818062,120.829689
0.000000,140.008111,30.013322,118.493767
0.000000,142.668664,26.836433,115.786674
0.000000,148.049413,25.656144,115.078308
0.000000,141.278326,30.023584,123.081726
0.305186,140.791074,45.871952,129.360764
1.386544,142.093763,66.775215,132.923050
0.593201,134.104040,97.540428,147.348907
2.384248,124.249395,108.282188,154.017670
1.720822,126.121244,109.777496,151.410690
1.916108,132.025037,101.884178,160.125931
0.893220,144.038633,93.750084,162.425949
0.230271,156.356168,94.719475,163.172165
1.801991,169.026601,105.913986,162.522705
1.704697,169.169485,114.148430,160.209229
0.000000,170.041120,121.696877,157.515396
1.150105,171.132825,129.437439,154.939774
0.402638,171.062131,130.130615,155.291794
3.237957,172.021932,139.048477,149.565552
3.343319,162.671552,148.294357,150.494278
6.325787,156.810102,150.119583,150.525772
3.615986,152.546728,144.690674,150.207001
0.178322,151.190046,121.400108,151.227737
0.695427,148.750257,91.597710,150.182693
0.935070,144.068624,63.919876,130.230530
0.955407,135.524877,38.621330,120.158386
0.490059,125.168867,34.097130,116.736099
0.068220,117.282777,41.010479,125.515388
0.497929,115.386907,46.959991,140.462006
0.547648,121.311353,55.865620,146.443344
1.252015,126.677412,67.957680,165.712692
0.718350,127.840063,81.499313,162.724915
1.519497,122.670248,106.723373,175.274017
1.529267,108.340620,112.662392,191.684067
8.235524,80.597349,129.986633,220.649429
20.324002,40.533880,149.439438,265.463562
32.536930,4.424352,165.884064,281.837769
37.051609,0.000000,182.661224,237.906209
57.130726,0.879229,141.730774,208.736923
111.528199,0.018008,104.793617,175.765762
140.547688,0.866084,90.111816,158.797821
171.080853,0.111773,85.346939,141.221909
201.167061,2.033366,77.722801,125.923218
225.492962,0.801341,68.886978,141.266968
229.970742,0.348025,95.062950,135.961441
271.552819,0.430613,124.257133,144.534729
274.603272,0.994891,115.146950,166.516159
269.643895,0.000000,118.222443,178.711985
256.936718,0.000000,131.936234,185.391805
237.302357,0.000000,153.445923,184.765467
266.615010,0.000000,129.287170,203.292631
275.921048,16.282897,133.077805,220.355621
293.690480,51.794738,135.406189,198.420197
321.534932,61.325392,135.785645,189.575073
358.059281,78.860274,120.214546,156.317322
392.893246,87.179045,86.986557,134.247162
430.811287,98.643756,47.556969,97.565849
460.238189,133.053015,19.346079,46.945938
464.438597,174.361481,15.327420,20.801479
470.000000,210.803858,10.000000,14.458260
470.000000,205.397163,10.000000,12.705652
470.000000,186.794655,10.000000,16.403324
469.825169,166.897337,10.174831,37.030045
470.000000,145.256717,10.000000,32.466858
462.719093,116.791595,17.280907,50.894909
405.323023,135.981647,44.622486,50.695377
470.000000,86.233471,10.000000,51.189579
455.640495,55.252222,23.362465,87.955963
436.144970,58.898004,42.551636,82.448349
412.681255,49.578775,66.414734,89.893326
384.532875,62.182241,94.580055,88.174095
390.210991,63.031156,86.705879,78.942543
380.546171,0.000000,39.553951,75.375288
369.861879,67.286458,61.152241,53.451542
373.268208,45.159337,106.731792,41.245350
370.940073,54.889115,33.322784,63.950863
368.337679,56.650330,33.367859,28.612865
383.812521,70.333104,25.503883,34.890308
381.730409,94.335564,24.292345,32.286572
377.130558,100.114585,36.193096,47.447647
448.254444,145.995421,30.331493,59.996765
384.678225,210.001437,56.554764,62.291313
337.334181,192.966788,78.452873,165.863358
285.955500,212.760825,77.163818,146.014297
243.790670,212.920417,78.697639,145.513779
200.686033,210.573287,82.657005,147.581696
165.139380,228.880011,83.827156,129.104416
144.823423,236.568255,87.963524,121.046837
120.922781,229.709327,94.382576,128.812393
95.356600,220.245009,101.375717,138.071472
72.521566,207.654242,100.539253,151.184219
51.697683,199.130347,94.253792,158.908646
29.809916,194.413802,93.082367,163.226746
2.192549,186.238387,89.449547,172.088623
2.032812,172.985572,66.034157,183.475235
0.000000,173.688712,49.281605,170.861069
0.000000,161.090079,39.758106,153.413589
0.000000,157.238059,30.326609,131.314163
0.000000,134.483447,18.255782,107.040382
0.000000,138.858893,20.125506,73.306412
0.000000,97.221192,39.126453,43.518124
0.000000,88.451711,31.338784,38.770405
0.018387,83.522910,27.486015,35.297852
0.000000,77.008307,32.312241,41.651291
0.724455,73.162003,40.984547,49.130199
0.000000,115.317294,14.642291,78.678535
0.000000,115.568465,30.159431,89.052185
0.306675,116.504207,48.705505,94.058754
11.030323,72.564460,79.433441,134.525925
16.509456,69.362296,86.974869,142.423294
31.731445,74.363181,90.302681,146.893448
39.303863,93.053679,97.839302,142.439026
40.004566,90.245124,98.259064,143.691391
57.356170,95.135909,102.878487,155.274017
80.728103,98.659148,107.129738,167.332703
109.270622,99.787261,110.450096,178.946716
132.155163,124.750495,114.693771,169.471664
157.893799,137.420791,118.375557,168.989044
186.757435,152.482718,118.522247,162.093338
220.770283,163.028251,109.674042,155.655594
241.802276,164.505172,106.907845,155.333893
251.069835,163.220168,115.169479,160.606415
262.025478,162.100211,122.824905,188.142410
323.980724,171.432929,77.566025,145.606796
341.983314,183.649344,70.993950,168.333511
355.269859,179.367812,72.212975,157.909149
366.489486,185.762259,83.492470,172.224136
375.941238,192.401999,96.036720,164.339920
389.017307,209.514350,90.705688,146.404953
398.625358,199.559340,80.751183,156.125946
400.282207,203.604827,79.372055,150.863831
402.234741,202.151175,76.768257,153.554825
399.228943,214.483065,79.060493,121.858757
406.717354,212.078750,71.658928,118.428070
385.935165,214.380767,91.681984,140.891632
370.679783,216.573027,108.853333,139.426422
370.807903,221.440139,107.802231,135.059937
393.346321,223.491835,85.511345,133.071411
397.863533,239.197890,81.635796,119.046814
407.695003,241.340182,70.761337,116.452354
394.570606,250.490104,75.884583,107.558762
375.696140,254.463084,83.315216,104.368355
355.122581,222.165549,93.704430,136.362686
332.248054,259.548583,102.175957,99.100830
335.526325,261.429496,98.306274,96.773300
312.645664,270.222281,48.365509,87.525192
286.040706,270.897960,49.265549,87.665260
257.542478,270.114695,51.282116,88.540138
191.956848,215.847556,86.912239,141.851517
205.865680,260.209609,53.582916,96.674652
177.623897,265.582496,56.657181,92.053970
147.561704,264.202739,59.490215,93.904305
111.475879,258.547522,68.324738,99.771896
91.941540,258.436438,63.623276,99.858414
69.586704,256.743518,69.133942,101.945274
58.263294,254.461882,66.047821,103.695648
57.139620,251.788951,60.016087,106.748848
46.248333,242.496222,65.342392,114.763229
36.283603,239.689181,67.118347,117.475822
15.642570,232.401942,74.979881,123.567757
0.644546,224.424163,75.153267,133.046417
0.596773,217.455024,58.460819,138.645004
0.644005,214.650744,36.009941,125.596916
0.509054,201.672385,19.747250,72.890976
0.129394,191.656588,12.547341,68.393440
0.000000,188.247836,10.000000,63.922447
0.000000,194.536589,12.165195,70.525757
0.000000,179.998103,24.266656,115.062904
0.000000,149.586524,43.810420,180.230423
1.238170,153.309623,51.589725,173.679245
0.000000,158.623893,60.487283,180.316055
0.000000,165.419120,79.177594,192.205887
0.113211,144.841994,95.534241,212.593842
4.573599,212.296141,95.980042,143.211121
27.278414,176.881369,83.112526,179.700577
25.589465,147.803840,85.217171,207.878281
43.018919,204.869635,77.843307,152.526291
61.473349,155.296645,67.561646,202.993896
46.826323,175.660567,92.319199,182.262390
29.897784,182.099097,122.532539,176.764786
41.771300,191.479285,126.095627,167.326797
67.585101,182.909102,123.508308,174.920532
102.164011,179.029540,118.601036,177.376617
149.715994,179.363845,106.742371,175.218323
211.535055,167.920211,72.099243,187.756714
236.461748,205.661338,72.973824,150.529831
250.678057,222.049491,72.807014,135.343246
265.295161,231.208995,58.081932,126.756355
286.049698,237.519915,57.256634,120.076134
306.587069,234.810759,58.876961,122.508392
321.974238,234.286422,63.243340,123.061218
333.679022,238.830897,76.441254,118.913979
343.132525,241.673980,106.665779,116.418243
348.669890,245.834784,129.305832,111.886856
349.725046,246.101661,100.035728,111.057144
354.731348,243.379554,100.735893,114.846268
295.528433,100.999686,118.689484,184.450211
380.140002,250.399680,86.689857,107.104813
391.227122,252.747882,86.256126,106.207848
403.640211,255.216815,75.518204,103.629478
408.471476,258.581038,70.596672,100.026978
408.328482,265.453086,70.650055,93.658798
400.794360,271.347457,77.075935,88.435150
390.997313,273.558680,73.134506,85.850014
391.255080,271.987429,74.045395,87.596672
390.724165,271.019797,74.232285,88.980203
391.599657,270.925716,74.364510,88.434387
391.617541,270.833766,73.641701,89.126495
340.452763,308.542612,39.623600,51.213627
321.284182,295.234435,36.139336,64.032402
297.312094,280.760276,41.318375,78.306740
285.932684,273.546852,41.412888,85.637184
277.252484,268.968814,38.505192,90.759750
269.157418,264.658035,36.315258,94.499077
240.388199,261.943366,54.944912,97.349983
211.828764,267.423000,70.122101,91.484222
191.396315,265.058563,74.785706,93.840233
178.389296,268.244350,72.130768,90.940796
167.184092,270.429305,68.462837,88.387199
164.105860,271.461238,58.971230,87.575073
158.189991,272.562362,52.572163,86.473167
150.112231,275.683155,51.853539,83.085312
137.709921,278.779788,59.582596,79.962784
126.101958,279.485683,62.629486,78.951630
111.857481,278.747341,65.589905,80.473663
106.345749,282.252494,62.711361,76.575294
109.222082,264.965747,59.384689,94.446274
99.347803,261.737407,76.334938,97.409973
101.403189,260.547641,91.964127,99.059402
102.000395,252.716426,87.710907,104.579651
116.032015,233.082874,82.919182,124.620102
122.902949,225.489833,78.834358,132.663666
128.984133,218.937175,67.596489,135.549011
138.374632,203.526348,48.932678,127.415253
143.404711,196.089713,47.070976,123.530312
153.082093,191.875240,45.358395,118.371521
156.982954,190.225143,49.712158,122.230461
165.718626,182.760341,51.209106,128.091766
177.740589,180.667789,52.040455,125.301590
177.847943,187.337150,50.037418,120.445320
193.142676,186.574912,48.643631,116.347908
201.583142,188.519855,48.880711,109.722763
211.131129,182.656036,47.826759,114.255119
222.437170,180.015048,45.571487,110.224380
227.830315,171.729564,52.467388,126.476654
235.169180,164.699100,54.633163,121.758102
255.008124,156.440463,43.807541,134.829666
261.206793,156.390300,44.421341,134.079559
268.615851,148.014400,45.103012,141.287720
273.813269,143.478496,47.728134,142.401611
275.531281,142.327068,51.496243,136.892242
280.001133,144.341281,53.766743,134.413345
285.153616,145.147685,55.108994,118.029205
285.268938,146.547565,61.495323,126.582718
298.490700,148.703891,54.489758,119.901566
303.670969,151.042083,54.864388,115.085289
318.914845,155.153251,42.099873,112.609474
327.180451,155.836143,36.038296,114.053230
327.053555,162.009086,38.823338,110.474098
329.922686,178.474483,45.461754,72.001556
334.693920,190.279220,53.077274,77.665703
338.262183,202.812103,49.340591,88.713402
342.261696,243.217193,41.935345,75.648766
340.071713,272.961406,45.992344,81.089600
335.273440,296.246114,55.561546,57.269970
336.424448,316.267511,67.730507,42.919498
343.939616,313.336950,69.205879,44.942608
338.359778,316.144182,82.173233,42.944324
339.281058,321.867643,83.433640,37.010159
351.977545,323.483814,74.507095,35.598404
352.451834,323.302345,72.755600,36.106148
357.297152,323.233045,64.864922,35.583920
355.291106,322.505721,66.506958,36.411186
362.899317,323.223932,55.234840,35.882359
355.999520,324.492673,55.764065,34.126156
349.280777,327.365179,56.230404,31.516171
345.160027,329.848264,56.202663,29.034939
343.308024,332.097402,56.645943,27.771404
344.480963,331.865046,63.359726,27.782946
348.685534,330.077299,66.949944,28.860867
353.664477,329.005083,66.332054,29.547289
353.567721,327.799556,69.630852,30.679214
344.045237,326.257717,84.226936,33.120895
341.811579,324.441595,86.837135,34.651760
339.929461,323.663438,87.146416,35.744267
336.601866,321.482290,89.192230,37.176266
332.661242,320.641244,91.014732,37.967152
328.839232,319.234575,94.634186,39.271030
322.023829,319.090227,97.579628,40.000980
318.333472,315.564733,100.484207,42.874569
314.515536,310.157989,103.651848,47.795845
310.419215,307.560108,106.468056,51.892914
300.574942,303.375793,110.183762,54.842232
291.092772,299.890685,113.316254,59.659859
261.437708,296.217388,127.394753,62.373978
240.496718,289.728309,131.662384,68.835045
228.782824,284.289115,127.761803,74.158775
218.308703,279.009090,122.527000,78.016617
207.321802,282.440727,110.876808,76.520439
193.005358,299.871074,112.692192,58.664963
181.515799,302.645877,124.963150,55.308350
175.996497,298.320936,109.851028,59.945538
175.596613,298.519958,115.825447,59.827858
175.071120,298.365030,97.706726,60.680958
164.212782,295.911354,62.309235,63.492088
147.857241,288.317382,72.785423,70.677437
130.463976,278.759090,81.575340,80.281784
106.452078,264.497825,82.932938,95.309898
85.475836,252.868293,100.351517,106.154686
81.684061,248.642238,111.890388,109.624680
59.706248,245.218765,118.523628,112.406013
59.042071,242.630866,107.144585,92.875328
52.199370,240.463626,90.735168,78.864319
43.314947,241.647682,94.135727,74.994164
38.908137,238.147663,102.041145,79.349487
34.568907,236.810489,107.091461,80.477509
30.566927,236.194961,106.755333,80.033485
27.209376,237.032695,107.980629,81.042099
24.303847,238.083213,112.356812,80.797691
23.473990,237.139411,105.688797,82.188560
22.192770,237.141086,96.341232,81.919617
23.954424,238.126579,87.512718,83.712669
26.932741,240.410961,74.500328,82.212173
37.028738,243.747352,63.623734,70.952141
38.626021,247.796863,63.984894,76.879730
45.488753,251.583244,59.742126,74.359856
49.782517,254.875213,58.057552,82.651466
50.246973,252.363353,62.423134,94.897324
54.118012,251.215488,61.734646,97.320801
52.717551,248.778228,65.966141,97.443764
39.967688,246.359336,85.427780,90.447166
31.245009,243.856231,94.732208,93.586250
22.793127,240.272857,105.276169,94.882759
17.969851,234.199459,110.598564,96.070358
20.289172,234.966503,108.420433,96.563126
17.050162,229.358802,108.952225,98.327812
18.114683,223.092559,103.101196,100.521278
17.372786,218.052913,101.087189,105.399826
25.459288,215.794212,99.758423,107.010185
26.575754,211.521507,102.704262,107.729729
22.471861,209.920268,100.156311,108.174515
15.799486,207.103588,108.566612,108.105423
9.198599,205.922290,112.800247,110.578735
7.196936,204.049537,110.809250,110.387596
7.980704,202.103164,113.600113,111.131416
8.798148,199.532119,109.328445,112.834053
7.850455,196.580345,113.013443,115.682976
8.766447,192.886856,111.503540,118.283699
14.921053,188.719886,104.424309,122.841087
22.705584,188.454708,99.278038,127.823837
35.241400,190.292735,85.477707,131.370743
39.057532,191.891601,83.037643,125.210487
39.141047,192.860576,92.077156,117.204575
35.235751,192.983131,95.141411,110.577995
28.210894,191.336109,92.532127,106.687653
24.465308,190.962573,92.564407,98.898956
24.424898,189.769058,89.178001,97.022835
24.469691,189.813251,88.558052,96.496460
37.893786,185.008544,80.217461,94.669472
34.686938,183.667850,84.268730,101.819885
40.134352,182.076759,82.213562,101.175072
44.863909,180.186435,74.301872,108.639008
48.622019,175.388153,70.966560,115.816048
50.202273,171.647712,69.386406,124.103386
57.712206,167.242671,64.557213,121.238358
57.746771,167.272895,65.608109,121.999290
55.746416,161.309791,78.027367,125.661430
56.316279,150.535758,84.131721,119.654015
60.466669,131.855323,85.329109,123.113823
71.168135,93.296588,78.371918,155.420990
76.717982,57.520595,84.251778,179.230789
81.780829,26.083095,86.992722,186.464676
85.754992,19.206882,85.557579,172.055420
89.587214,10.183299,87.176826,158.311569
97.780279,7.763072,82.431442,146.746750
102.603400,2.224376,82.234726,143.500595
110.007731,0.978252,76.861000,134.712875
123.447714,0.000000,66.186417,126.287666
131.218001,0.000000,64.936462,126.925617
140.430479,0.000000,56.180054,123.553919
145.954895,12.529851,55.573940,115.587387
154.675789,22.915532,55.623241,105.394455
165.624489,27.212392,54.818676,89.528122
183.332007,29.130135,48.767838,70.277260
196.322337,41.350596,45.710945,53.831730
213.934670,38.343030,40.114178,53.025436
231.364706,35.658227,38.035324,51.042336
248.310759,31.174838,35.479324,50.259281
265.756724,29.041234,33.608681,52.443268
296.304994,27.580100,31.826838,59.909679
308.012085,28.709823,33.294659,63.728924
320.244330,28.994107,34.843658,67.992172
332.888981,29.458604,37.252171,72.403511
345.224383,30.205827,40.105080,76.070137
357.317677,34.325490,42.823032,77.946899
369.918576,38.110135,44.011341,76.922592
381.672755,42.716798,44.433403,75.643135
381.125716,42.616544,44.398666,74.933365
389.694105,48.612081,45.163193,73.973358
398.033879,54.329846,47.365879,72.175522
406.469261,57.827878,48.279385,70.871353
414.889614,61.163571,49.907673,72.189590
424.199759,65.576173,49.876740,73.745766
431.184845,58.440576,46.912945,89.271599
436.438629,69.702989,42.035839,88.815834
440.479819,83.503720,38.589081,85.533890
442.488026,90.668878,36.439823,85.289970
443.007517,96.213361,36.508537,85.256882
441.008639,91.948514,37.772682,96.854385
436.861765,102.021607,42.358330,95.180458
428.015900,112.876409,50.745098,92.091858
416.896912,119.273248,61.611034,91.965477
402.067496,120.757420,69.980377,86.432037
401.466147,121.618665,60.374756,87.432541
386.093951,86.310151,64.296028,126.833199
382.327750,119.555375,52.249298,97.519630
372.736557,104.730618,44.311230,119.773239
322.984927,119.350278,88.168007,130.876358
319.589350,77.490209,63.715996,181.894440
304.571286,131.637868,53.382771,145.881714
287.367050,136.587750,47.857708,152.394333
249.707373,120.857213,47.377930,176.789368
207.851759,104.936932,90.695847,199.231033
203.089102,103.132062,94.238434,198.597305
200.549475,99.566640,65.330017,197.150818
188.124262,105.768140,49.562279,172.662796
173.879284,106.480733,56.478748,186.751007
159.868328,107.880879,61.086140,183.348114
157.165179,110.436315,63.101936,174.360779
139.008192,122.769040,73.791183,166.186234
125.556467,96.485890,83.417107,180.629913
123.218401,94.569371,84.133217,173.238708
115.858740,92.714246,88.171143,149.985947
119.802702,90.486012,75.179153,133.940277
116.645609,84.323026,64.652763,133.578232
116.740137,125.982907,55.736076,76.065445
115.207484,130.973454,54.616692,66.184082
142.296454,127.978028,46.168213,61.709724
146.552435,122.193736,55.649292,60.573475
129.778548,61.119321,84.051895,116.421234
137.485884,57.850644,81.198318,118.052979
145.230181,55.099446,82.177376,117.266922
158.457175,89.027425,67.249207,83.297440
164.857367,47.408772,69.842255,128.134140
176.023373,94.646974,55.500538,77.953453
187.568722,77.418244,55.620380,90.817497
203.637051,94.260278,48.909138,72.210030
215.779515,52.420331,47.547611,110.171005
230.305487,50.685792,45.537384,108.740028
249.601254,48.881936,40.654530,107.047630
266.753104,53.073903,38.840424,100.820374
282.926445,102.470807,38.406033,45.209244
293.005802,99.604537,44.870731,46.875317
316.694329,53.776322,55.416195,90.525063
328.629652,65.250062,53.278000,81.214729
338.960081,52.987081,57.056534,98.651581
352.053444,54.022332,55.593594,99.802727
363.240916,54.175858,55.314903,103.014076
373.319567,54.132249,61.051460,105.175819
384.311056,94.582852,54.753601,67.352463
383.030371,95.301572,56.271240,68.900742
395.845265,56.813584,51.287022,104.957283
404.210619,57.765611,48.390724,99.239082
412.528851,61.605035,47.669300,99.891411
419.503710,66.458554,53.847816,96.232956
423.839285,69.549161,55.242340,88.394211
429.345148,73.956033,49.373253,88.619926
431.823977,77.686089,45.838905,88.445122
435.570052,89.445443,42.713699,81.929131
436.605395,128.368382,41.360939,46.528931
436.246741,133.065991,42.777740,41.209747
432.962279,137.712624,45.695129,54.351601
430.144245,143.444941,47.912891,55.549412
426.788578,148.040282,51.785419,59.965450
422.479815,151.652045,56.412926,63.399059
414.681395,158.196477,62.726807,67.831711
404.908415,162.085298,73.182770,82.433922
397.041743,166.806153,81.457771,88.798698
388.938231,171.667153,84.552216,94.265572
378.228808,176.479386,77.350487,96.379112
367.797739,181.627122,72.009895,98.467583
354.072798,179.399983,68.506378,106.727005
341.048003,156.827969,66.450867,132.885529
323.910296,189.076764,68.794456,100.218719
311.312270,175.749593,66.559143,110.688583
272.440398,151.421567,70.285461,143.565002
256.578070,149.386907,74.760513,146.636124
243.039400,178.637666,75.044395,120.869225
204.103758,176.398038,101.707031,131.203583
202.583193,173.825284,105.536736,130.850983
190.829451,168.344342,116.600067,135.527039
181.119181,163.928914,125.480507,134.629379
182.657229,164.521512,124.753838,131.185333
150.626959,157.976865,158.050766,140.059479
145.632452,149.606458,162.202133,147.389465
141.957228,142.922215,166.738800,151.639908
145.686552,131.337037,96.128174,124.584373
153.981772,144.860745,152.063431,149.564301
186.223196,168.508527,122.525528,132.043579
157.990652,135.560162,149.313370,161.581116
186.956633,169.317365,117.289734,133.185059
129.490420,96.761380,78.449577,139.396484
137.094431,89.739331,67.979347,136.984100
141.478037,105.218991,77.658272,132.811523
142.565569,99.448594,85.677849,127.514427
145.507216,108.713021,85.165894,125.941566
151.089850,115.724469,74.258011,130.004181
142.502573,122.321263,76.601570,135.395493
138.064890,124.082173,92.514290,141.341324
141.317992,126.116658,134.209808,157.748917
144.925200,131.840650,131.105560,157.108185
147.020071,145.539281,119.328110,128.007919
136.392561,181.448472,85.053101,82.107384
134.469015,176.362996,132.015244,86.231613
131.118811,186.860383,129.256302,80.941368
125.871760,193.667615,113.168190,65.018036
119.580031,198.590623,67.567200,58.896721
117.191042,204.478267,41.588676,48.092228
119.046086,210.375161,35.107258,39.936272
116.705863,209.731172,31.990049,39.537407
117.437471,214.740725,31.720804,35.311131
117.830151,210.611930,31.464954,39.495678
117.800223,204.612895,35.257141,44.395344
118.101366,208.004447,34.536430,40.839779
120.332628,215.880750,28.941156,33.486923
118.626797,217.170993,26.471241,32.040195
115.374080,210.224544,28.959219,39.760319
117.533580,215.674989,25.192511,35.954323
114.294157,213.906613,27.754288,39.926956
117.587244,221.330779,23.062691,33.898022
110.287114,202.187104,29.292894,52.316574
120.330283,218.438395,27.966217,36.272320
127.350499,216.510829,47.308903,41.465191
129.056422,202.484157,67.446449,58.691357
134.532427,201.467130,63.436577,61.617744
132.790133,196.976880,63.474632,66.229164
131.376574,194.467881,64.445457,68.182922
128.540438,193.444631,65.893669,68.606743
125.779475,193.008542,66.329994,69.853218
125.011999,192.357331,65.568344,71.321411
123.963120,198.983193,63.977871,64.346176
123.795782,194.345517,65.776596,69.839027
125.566599,196.230851,65.615425,67.847992
124.985037,193.200475,67.908493,71.046501
122.718695,191.267659,69.393936,72.943687
130.073777,211.206769,61.666409,52.863899
138.365002,218.869838,54.336216,46.115734
128.882580,213.077645,62.637180,52.388657
125.256541,210.858312,62.888771,49.931572
123.770790,208.560260,36.710049,46.500362
123.733393,211.875550,24.200890,39.188095
124.632313,212.562934,46.031940,43.635670
125.960930,210.132111,61.374096,47.059860
126.150912,208.300662,58.478752,49.236889
123.657037,202.254012,30.186869,47.986637
125.713164,206.621304,26.637253,39.254509
126.477837,207.172994,25.069851,38.211739
125.894062,206.727290,25.249241,37.437908
126.424507,206.396285,26.627026,38.088642
127.068842,206.903504,24.891548,37.769547
126.221439,205.153174,25.171560,37.374500
128.292775,205.707194,22.490726,38.600506
126.247474,211.526826,23.891432,33.069778
128.517628,220.917739,20.791752,24.179676
129.528155,224.819462,20.878288,21.765017
131.175614,230.508634,17.497898,18.282791
138.036931,215.338244,19.532061,32.708660
124.189484,213.285449,29.190975,36.721035
119.880047,197.850163,32.758701,51.850990
120.063589,195.860953,35.015091,56.721989
121.011278,204.122733,34.375130,46.208225
117.422333,197.588113,34.383755,56.105896
113.865403,197.838284,37.920086,53.294701
113.683989,195.359286,35.884476,55.229076
118.425358,191.043498,33.644245,61.705212
121.178254,189.716729,35.448025,56.681671
121.576039,184.670985,40.089649,63.168591
126.280451,204.661439,33.433296,37.639130
124.090489,203.388709,21.295200,28.724110
122.057766,199.478285,19.183819,23.850355
139.321823,218.658068,20.915867,22.577749
139.384389,220.735040,20.638971,20.066437
139.660694,213.741098,53.524014,24.955915
135.414042,212.853233,53.002090,29.304811
145.102608,216.781797,48.730885,18.158789
113.671714,195.934842,21.945349,22.805832
114.727278,196.319133,35.833305,38.610035
113.677836,194.712087,43.347214,38.290802
117.787039,195.902226,38.306984,36.221649
120.445439,197.081378,24.094662,29.844379
122.668396,198.238813,23.629063,24.181486
125.834156,199.470448,22.969982,25.776703
126.145926,200.140077,32.585793,37.044411
127.403914,200.148314,24.366493,25.488094
128.907632,200.909085,23.768885,26.715279
131.012748,200.404157,26.093473,32.745293
132.564633,200.521092,26.503284,32.507851
135.155279,202.978478,25.646942,34.227539
138.181970,206.586852,26.145105,36.636066
141.059234,211.463399,24.134825,37.139351
142.407041,214.068839,22.737993,33.312244
141.784851,213.305039,22.723370,33.649353
138.141651,210.579465,24.227329,34.899406
134.179888,205.396521,24.493568,39.591602
127.081567,196.808404,30.752481,46.664810
118.902958,185.992524,35.296665,47.162384
111.530604,168.624093,47.968193,67.229126
104.350096,160.071868,54.078537,54.317173
100.287056,151.449124,61.403225,83.977577
93.991583,146.349294,58.946198,67.552238
90.928355,145.268708,75.643517,76.750732
83.127947,146.908851,65.577492,58.571095
75.444746,156.821176,71.937729,57.916519
72.973654,162.354659,66.479919,52.554111
68.045058,163.931210,69.005386,52.174263
63.989985,161.747786,61.545128,54.759159
63.069521,160.487470,80.647255,55.494148
61.127234,156.602862,61.775513,60.031307
60.498309,158.039155,67.977852,58.470215
62.392290,153.475415,65.992683,62.878578
63.448248,149.977611,66.943207,63.195049
67.464247,145.186240,49.517349,62.341694
68.522297,144.504823,56.837772,64.564819
67.739704,146.141452,59.661900,62.799068
65.717799,147.350411,70.046654,62.373032
66.168242,150.603677,65.305344,54.714767
65.405203,154.547313,69.404175,53.183605
62.086699,156.030129,70.743362,52.369705
57.117918,158.024394,57.937759,49.985394
53.050589,159.053649,42.973724,49.372044
49.593291,161.150163,76.741013,45.639893
46.750014,160.599448,79.305862,41.703602
45.077841,165.127334,80.154938,38.384403
42.789694,166.325454,77.773743,43.765537
40.881750,179.956021,31.673203,25.983742
41.962643,183.469383,27.080631,26.415392
41.048434,185.557720,24.677971,27.119837
39.772383,186.355480,26.647369,28.625879
37.007130,186.031056,26.263309,29.450615
36.113493,183.024774,29.490463,31.708998
36.771570,182.896044,31.531778,31.189695
37.953908,180.678702,26.910082,30.720982
40.262540,177.928156,26.112459,30.595015
41.116615,177.896014,25.866438,29.458706
42.225095,182.369135,28.786257,25.801374
42.777007,184.201748,31.027342,26.333521
42.006220,187.024642,32.356087,27.037708
41.748204,190.759230,32.842167,26.359884
41.722742,196.233202,32.026588,24.897383
42.301668,199.401228,30.234291,24.734610
42.787975,197.926359,31.774420,27.003500
43.076798,202.670328,30.029705,24.363768
43.059107,204.287700,29.760002,25.628155
43.009511,207.584876,28.355700,24.299458
42.944702,208.832010,27.814909,24.759642
43.698860,204.741773,26.978697,29.836952
46.932457,200.046830,37.903088,34.324997
46.077166,195.950398,46.014030,39.373360
44.761838,202.048787,30.744738,33.065224
45.650166,202.888738,32.377354,31.941032
45.428454,204.521756,47.851967,35.065712
45.354281,205.018884,75.204353,26.911758
55.111739,159.841218,72.817810,86.314178
39.958460,168.598611,80.933388,76.687943
37.350623,153.464059,84.293228,87.120438
34.321509,152.811971,82.080002,89.137413
32.424868,157.501622,84.336052,86.108543
31.135306,180.463254,74.944016,60.812233
32.968790,177.158311,79.653419,65.667206
37.197104,174.813924,76.662643,77.267204
43.889384,173.665074,74.871498,86.046532
49.967497,173.569547,72.429901,75.438026
57.611658,176.908647,69.400764,71.249207
63.390864,178.202737,69.404152,73.452377
64.598887,181.442162,68.285469,69.752182
62.429190,180.287339,71.477737,73.265717
63.647646,178.762429,72.368492,75.104477
66.157095,178.142671,74.383316,79.571503
69.318465,179.072583,75.384216,92.205818
72.084307,175.989995,77.007072,98.219261
76.803042,178.239953,77.359825,100.853165
80.457404,178.515912,77.180435,102.495674
79.789637,179.123555,77.322762,103.273460
82.544028,181.198350,76.816788,100.737823
84.118807,179.270112,75.778099,88.702545
84.912630,176.934705,76.281364,95.932747
87.083704,170.873330,74.568977,85.019547
90.898234,160.734082,75.825966,100.286201
95.052180,151.620850,75.500404,95.549988
98.818625,140.447659,77.641739,107.992897
99.672251,129.392949,84.416359,114.086143
100.128550,126.572320,87.243538,112.675766
98.155260,134.774239,89.127190,100.708603
97.275923,139.396344,92.148315,92.651619
95.462855,154.951127,95.202003,75.340698
90.695509,171.054355,102.141998,59.458645
88.240252,188.208838,106.105125,53.173725
89.735297,192.447789,98.994339,52.045158
90.069296,192.042739,102.427750,54.825901
87.799795,190.245915,111.306900,56.727684
84.529028,187.452554,109.260147,57.657089
80.666899,183.580155,101.265106,61.069122
78.618590,179.017301,97.273743,63.676216
76.224406,174.557485,93.592262,66.546501
74.197935,167.254620,94.942078,75.588326
73.421965,165.401025,93.355164,72.723557
74.294428,166.939732,86.129463,69.094170
79.817192,162.695538,62.131969,83.431282
82.515530,159.294999,58.881535,86.501068
86.792364,158.260770,63.191208,91.126320
91.618584,157.532464,61.560589,91.987564
95.513214,157.053719,63.821255,92.258072
98.322644,157.507638,63.008793,90.514175
97.597523,157.086522,63.712391,90.674034
99.523932,156.673051,64.605576,91.552856
101.710398,156.660699,68.220863,92.797348
106.311909,156.132829,61.036579,97.743622
112.565449,155.343556,61.932941,100.824486
115.532616,155.942864,53.693768,100.966354
118.834673,157.783517,58.408531,103.635513
118.041025,158.587033,55.664803,104.083015
117.888842,161.320928,56.618523,98.466515
116.566737,162.803800,60.128548,107.542122
115.936915,165.142171,60.611458,105.875145
116.090077,167.179601,58.691639,100.306602
115.807452,169.339177,55.250237,82.122276
116.001938,169.961621,56.449306,86.947853
114.284972,169.664964,59.278168,81.991547
113.720124,169.875718,60.731350,79.593201
110.026110,168.320363,64.290154,87.055992
108.761687,167.635438,64.798523,75.386444
114.056404,165.960271,61.014782,76.719048
123.991679,162.871465,55.940102,77.757591
125.408112,157.578786,58.757931,80.911034
121.470276,151.372392,58.343136,105.170502
115.920843,140.778989,68.264664,97.569893
107.629320,125.931004,78.291924,108.036827
111.549742,107.356774,80.823303,124.690659
132.512755,88.080430,81.314270,138.264160
134.659441,68.521218,82.469749,109.061295
152.756583,60.422395,66.608566,98.444580
168.554728,55.264665,54.242226,100.931366
173.918579,50.663937,57.122890,103.196815
175.012673,46.003102,62.523724,105.588768
170.796147,42.568765,62.442036,113.576706
170.516669,42.383176,66.146469,112.778297
168.626437,43.020680,70.430840,99.515038
174.073439,46.089967,71.004669,86.312134
180.656321,48.955892,65.424812,83.742760
185.594687,52.892125,67.089798,80.449638
187.878912,58.280698,68.969009,74.875526
187.893191,63.107675,67.915215,70.499985
185.957491,66.442887,68.092339,68.724854
183.460680,69.523251,66.689781,68.375069
180.337733,70.232087,67.608803,69.965027
179.707610,69.692151,68.264893,69.461342
179.523379,65.005757,69.922844,71.481041
178.769091,60.034039,73.059288,76.328011
192.946181,56.448735,68.091370,75.176079
200.157591,45.586080,70.554108,84.885246
204.064822,30.141805,69.567894,101.276299
206.744822,11.920476,83.141609,109.730553
210.161841,6.121606,90.916489,121.086899
231.621033,91.518937,42.128536,49.971863
235.770708,3.200999,50.557228,60.285679
254.948178,0.087628,62.076588,58.956726
255.817320,0.766950,73.808029,55.188263
280.317259,0.000000,55.107986,55.849366
276.835554,0.000000,67.256729,53.542698
279.862051,0.737980,80.167236,54.572231
286.383162,12.950226,62.286758,59.597782
304.168516,0.683558,68.617111,98.903305
321.795306,1.554548,63.361763,95.883339
261.556261,86.573561,82.091377,80.430275
360.551350,27.278815,36.399723,103.558067
366.060557,39.591913,42.365410,105.080795
368.732046,47.939451,44.913940,111.995888
368.075690,47.609244,45.296692,112.889641
370.531771,54.893553,47.635719,118.369484
376.061230,64.821387,50.379261,123.653801
382.583412,83.892634,56.135708,106.728867
392.318262,76.978346,54.672997,103.075600
404.056677,81.356425,68.594696,117.950241
414.402319,84.029906,65.034973,118.031044
419.050501,94.967329,59.600822,110.536079
421.688954,101.793654,56.673496,110.283974
423.854332,104.231272,54.931240,107.116531
427.472851,103.689909,51.422382,83.898323
433.774214,107.690825,45.001938,73.027809
440.565932,106.234106,37.320816,65.635246
446.907523,107.626009,31.918213,50.376953
452.525087,119.251194,26.571375,37.020687
459.266921,120.686922,20.035383,32.181335
466.511442,121.918741,12.917192,32.807434
429.583285,92.376053,50.416715,59.280422
446.965802,104.209896,33.034198,46.825840
466.123270,125.109822,13.689310,30.947695
461.213621,126.551766,18.643503,33.546391
454.476766,129.346634,24.456034,33.182835
448.698486,131.968996,30.614157,40.137283
441.196997,134.625393,37.742134,47.070217
430.928515,138.271088,33.388306,38.132816
418.047829,143.102474,30.180882,35.797741
387.829890,150.874068,81.901276,75.845726
370.786479,147.530985,81.085022,88.862518
349.500517,150.801733,73.764214,91.768929
336.389968,158.144156,65.917961,94.337959
315.488116,153.736258,65.225784,109.705269
315.572627,153.713721,60.385101,99.816261
295.800255,152.737494,63.220890,123.545204
277.685095,146.920397,56.450966,126.802658
256.165768,113.356356,55.385952,154.588242
236.601218,131.761538,53.489998,132.058609
216.869519,112.899142,52.385799,144.267960
197.695845,105.779726,56.872490,142.900223
181.979033,103.390627,61.787956,130.132553
167.825087,97.960539,67.875328,124.005455
153.062804,85.408816,74.350273,126.671432
141.750292,87.327440,75.743820,73.749741
129.974940,84.642672,80.185181,63.286880
163.046145,76.618485,42.699722,44.175983
171.198866,75.878338,32.206139,26.972088
173.528478,70.171222,27.152048,27.200087
172.556388,64.701330,25.925179,25.665169
170.567668,60.120284,26.135002,26.542898
171.663687,54.942991,24.798279,25.432619
172.725031,49.422961,25.243828,25.381315
172.579163,44.562968,27.129848,26.651945
174.688696,44.365056,27.987991,25.809076
182.582265,43.949807,25.215916,23.953524
184.992786,42.970364,28.773809,25.319149
175.277518,32.074829,42.983719,37.430897
174.594340,14.007223,50.014748,57.580879
186.893332,16.227816,43.845779,58.176804
200.363408,32.327028,43.390522,54.820969
225.549800,60.934488,25.912329,24.766939
229.245278,40.471935,32.572231,46.627605
242.676857,55.260863,30.930296,33.098671
257.610991,34.046694,32.687363,59.398026
267.380845,43.162188,35.714535,61.280594
267.258532,42.787670,35.111259,60.861355
283.010617,53.128111,37.439548,60.987038
294.226222,58.834891,41.868202,59.717400
304.883916,61.094061,46.990589,62.546104
320.757344,76.973974,49.145405,51.281212
332.730969,81.328146,51.690769,51.073235
338.530755,86.122833,53.733929,52.370029
342.941870,81.381453,54.580246,62.243080
346.189459,90.561432,55.745895,57.594639
353.002556,95.353575,57.051464,60.634407
362.548935,96.599653,61.207150,63.043373
371.753707,98.613569,64.166046,66.663795
378.221984,101.576243,69.958435,70.873001
386.340849,102.597708,75.250214,70.725548
396.615599,102.337275,77.835480,73.949417
400.642665,101.223334,77.055428,77.376183
403.113715,101.127623,75.401169,83.424049
406.426619,100.397242,72.640533,89.033768
405.319666,100.951845,73.682533,94.416046
401.983958,100.543013,76.794319,100.938728
391.334464,102.237475,85.566483,107.533203
381.926116,108.084955,87.941956,107.780746
370.119170,111.237871,90.000793,112.409729
355.442320,114.487646,91.235443,115.379112
340.597407,119.458140,92.741158,115.069901
326.655680,123.949053,91.670570,115.844177
289.868079,125.258589,91.319168,123.513924
270.416571,127.313524,90.502396,131.949036
250.666831,128.951311,88.141678,105.082275
229.881156,131.137049,87.280777,88.080032
214.465232,128.156636,85.486984,58.680904
196.633105,128.642847,83.297661,78.676498
197.831935,128.360358,83.413185,73.846153
181.655737,123.555773,82.781174,75.584747
164.995741,118.421767,83.574829,72.288094
149.614306,112.994887,82.458458,65.215340
139.720378,107.620367,78.275673,59.730980
123.779898,101.356283,80.997299,52.969017
113.139269,94.948994,80.040855,53.414150
107.477282,96.268137,79.157036,49.588608
101.867224,87.205418,78.840195,51.355190
87.870055,78.212433,89.037018,61.457493
99.639857,69.532179,77.151009,75.985237
84.329970,60.955645,91.895386,79.193726
101.908740,58.589701,76.495476,76.344070
82.345881,48.458384,98.440620,81.251236
83.383269,39.280695,99.626099,75.897263
106.441420,32.120478,80.012878,71.364090
103.725123,23.389479,86.631325,69.695259
102.667803,7.676455,91.537621,71.845032
110.692965,9.961909,92.611259,64.281509
117.567549,27.838427,92.549133,47.939697
187.423157,45.447933,32.068447,31.378277
197.518286,43.299999,32.327423,34.571819
209.533434,45.070297,32.914482,35.439747
219.899031,46.321724,35.819046,35.029423
231.264287,47.765423,33.607380,37.234478
243.204028,49.557902,34.464439,38.603973
257.248398,14.858088,51.773357,77.558441
256.776503,12.175394,67.854111,88.353577
279.011778,30.305891,59.894791,82.034874
296.451214,37.074583,58.048756,87.098106
313.402703,39.039900,62.666012,96.132042
312.294589,53.050554,65.080849,82.421616
329.566210,62.668986,64.067055,87.483093
348.176127,77.079207,52.326958,90.431847
369.534682,93.651633,43.951431,87.415871
380.800376,116.612955,43.619507,79.788544
399.603047,114.103838,43.916294,92.008926
409.583808,119.232233,66.159058,98.958008
420.289155,130.082621,58.356884,94.820343
429.005330,142.145682,50.334934,88.017525
425.159791,140.042589,53.978680,94.105820
420.540999,150.722944,57.637833,88.248039
416.021012,161.181639,62.769238,94.485191
412.110579,155.768011,67.889421,109.576027
408.624740,173.252024,71.086807,99.898590
406.326942,171.446070,72.679596,106.573608
396.361385,181.209509,79.562279,104.198494
386.758479,180.605719,88.218010,111.037300
370.184993,137.773714,97.110008,154.639755
364.626506,204.627520,99.249199,93.346146
364.388576,200.610098,99.470909,98.626045
363.737365,201.626398,99.812180,97.117676
363.980090,203.442259,99.748085,94.849144
276.898414,210.850294,74.290253,80.145988
253.550861,210.168646,87.000282,107.905739
230.867141,207.449175,58.168839,62.368179
207.799102,172.890909,76.291702,129.223846
185.673065,176.025110,81.259720,131.353363
164.243171,159.294878,91.508331,154.191971
146.525417,141.036005,91.753044,171.773865
127.945102,159.314936,96.717079,148.728027
114.864188,134.316363,96.329407,170.850784
102.107696,143.856501,91.820175,156.872498
100.148174,124.332056,94.372215,176.781799
93.399665,114.025217,86.173798,182.276703
89.647128,103.271891,76.053688,171.670319
85.635047,115.819491,74.902557,139.427902
95.165408,164.736635,64.867043,51.338486
82.512897,72.948244,77.861153,134.194473
94.170467,130.210634,68.452995,71.719925
123.248666,136.764132,43.316463,49.988327
135.733236,129.316683,36.879032,50.517838
140.128463,125.039654,39.195450,45.294399
124.241222,97.252043,63.931938,84.915565
114.379386,76.706087,81.194397,91.117218
121.433231,63.939734,86.761482,97.172234
141.940112,65.600100,76.082710,86.067261
158.035960,68.514498,72.128288,77.099457
171.354389,55.113974,72.758858,84.873833
179.482944,50.959032,78.106361,91.421814
189.400085,62.128702,75.567184,82.126938
217.496059,50.379400,74.834190,91.706017
233.594611,45.028296,69.891327,99.522392
244.919780,46.574450,68.820885,98.863098
260.599073,54.343565,63.701740,94.433510
274.898944,20.648478,60.543770,133.309921
287.451345,32.185057,58.888157,126.462959
299.232490,36.748259,77.536621,125.888924
313.456458,86.373987,59.383545,77.306839
324.047874,51.859633,66.790344,116.058601
340.268894,61.390192,100.585091,112.479446
350.380889,111.431841,107.109818,67.729767
359.182090,108.249228,101.165619,75.025230
370.179176,104.954493,100.720612,84.451370
368.288226,113.780646,65.483559,74.217339
381.272771,126.448244,62.883457,67.287537
398.525043,131.986552,58.161324,66.401260
392.374507,94.127913,76.798759,110.508919
410.307575,151.507975,67.119545,60.479935
413.417587,158.686095,66.189285,66.363014
415.429607,164.926974,63.103233,75.228790
417.047792,173.464041,61.835430,87.117027
416.832092,168.814333,62.482742,117.209991
419.284023,178.819048,59.228508,132.462921
421.556464,180.049502,57.434326,139.024811
419.670764,186.359553,59.103340,146.951614
414.487140,189.189203,64.657326,159.574448
410.406246,191.088206,67.504082,167.109634
402.337070,197.233843,74.934486,161.006470
391.381450,199.636118,76.358665,157.633255
384.790443,202.417284,68.838287,156.424072
376.835832,205.789820,61.881054,152.730331
366.276059,207.420588,59.240803,150.024918
334.742507,204.331286,69.880997,152.995697
313.083370,201.840090,83.223747,153.387390
291.018424,199.195147,94.670166,142.213531
269.739433,193.455385,104.398926,133.011353
299.314956,190.153239,69.192520,66.243881
295.313978,188.738005,29.992083,107.081306
301.641408,176.909332,53.000401,58.630466
297.327405,167.116638,51.429951,51.389210
293.182103,157.335100,49.322651,51.065887
287.575414,149.360316,47.305073,51.935043
281.274411,139.783373,44.592564,50.560928
273.428104,129.787779,43.662376,49.074165
268.988422,120.079947,43.728889,49.105385
266.897252,119.650870,45.532795,49.508018
269.525295,110.610758,40.972115,49.566544
270.268445,102.868908,38.583134,47.496761
266.732383,93.066000,40.567307,45.468437
266.200326,84.215376,40.656826,43.983360
227.875064,74.481400,75.099312,43.792820
250.156089,66.686798,51.262878,45.016300
197.198554,61.583052,98.479813,84.800514
208.433063,47.244864,103.953209,96.028435
219.432334,42.713480,100.966751,91.470688
227.151496,38.049780,100.750748,91.321007
231.540969,38.026980,99.914185,90.739746
241.747665,38.368410,99.689301,88.478577
252.626853,40.455446,97.956802,84.974976
234.007308,43.462607,125.018494,88.048576
271.426059,43.096613,97.684898,83.806015
241.905830,46.608355,133.746109,86.555542
254.467910,46.428885,130.436768,84.630302
281.568012,49.881548,114.665642,90.357361
313.916133,50.348402,92.503090,91.380165
320.192596,52.152739,95.308350,100.906105
337.460986,56.696829,96.111778,107.486259
352.595077,61.224638,102.708466,93.771065
363.802020,62.088827,99.122398,106.309441
395.087341,67.813185,70.943604,85.365211
394.549041,71.656969,76.398560,101.631531
421.093293,72.899557,55.128719,105.849358
430.583238,76.783381,48.113705,105.255508
440.949933,79.922106,37.639622,107.489441
450.685734,78.620779,28.503042,103.619255
409.210735,30.866656,70.789265,135.005463
410.170648,10.007109,67.464104,97.135262
407.454097,34.770411,49.439106,69.768845
430.042440,38.209578,43.563385,55.033699
428.476379,49.609421,30.995708,32.560703
427.590438,55.549462,31.272184,31.171604
427.192253,57.010948,31.699352,28.880314
428.735692,61.999991,31.032671,29.822990
433.163102,66.662692,29.552301,29.511747
436.504802,73.504420,30.995609,33.640656
436.166650,75.918400,32.476768,35.297863
434.749017,74.831572,29.502586,31.889824
429.964668,77.278080,33.907848,38.048306
423.961479,80.462939,32.556835,33.414062
422.954840,79.386978,28.901274,33.672657
417.842523,77.910515,27.306343,32.293232
462.885999,130.202298,16.331024,30.904123
456.949563,126.285441,21.721811,35.271553
447.906770,123.181467,30.840279,45.152565
433.360929,120.552658,45.571442,56.361294
355.279665,57.102408,96.930168,110.519791
343.503652,108.794279,97.262894,123.767273
375.274038,101.158711,52.086136,56.072071
362.910391,96.933428,49.074188,53.094841
351.500356,93.435980,47.393936,52.610107
338.735305,88.906204,46.103283,51.667309
325.504512,84.890841,45.804676,51.289055
306.687471,79.084547,49.781807,52.834930
292.133466,72.998305,50.028748,55.774826
280.083326,67.428940,48.574921,56.893688
271.228603,62.654268,47.268940,55.413139
264.094803,58.007853,45.274136,54.096474
254.885883,52.752325,46.226078,53.302750
257.370428,54.475390,44.885376,50.718773
248.937221,47.344006,45.531193,53.250309
246.941341,43.277779,43.267994,52.336697
245.400856,39.578751,42.559643,51.869259
245.994348,37.411406,42.470818,50.896088
247.066234,35.773878,42.401127,50.321152
250.611076,35.983385,41.111568,48.853661
253.237716,34.308987,40.689266,49.341160
256.847879,36.336636,40.332497,48.568562
258.344396,37.049324,39.947678,47.645885
261.511825,40.405449,39.504986,46.626492
268.871835,42.775452,39.043770,46.720257
277.725814,43.612585,38.279476,47.521545
285.905637,47.655071,37.920822,44.631611
293.721334,51.602875,39.524277,42.996319
291.911451,53.904473,48.073685,43.219845
300.532018,56.181509,37.077957,41.006500
308.050119,56.460966,36.476387,41.171326
316.403436,55.830712,49.282875,40.627605
337.989544,53.750723,59.679234,41.335083
347.808944,59.289458,34.899471,34.975555
355.383192,56.750714,31.660400,37.737507
362.624979,56.391649,41.242867,37.446465
372.207193,57.659725,38.062019,36.471516
381.567342,57.360666,38.729401,35.843376
390.919803,55.135082,40.006611,36.253498
399.831270,55.310892,40.258980,36.482368
412.581289,54.156689,35.660690,37.286930
424.001642,56.356667,37.381691,37.288128
436.058481,57.490898,36.160301,39.210400
444.420044,60.424292,34.205502,40.682098
449.649876,66.182053,29.226320,38.523891
449.979398,65.686268,29.164536,39.940525
453.995514,74.638972,24.956890,36.460838
455.906277,85.962464,22.915041,38.214001
457.198832,98.960905,21.786520,38.883865
455.690345,121.691170,23.578579,41.214031
451.715467,147.402979,27.981339,65.058037
449.200889,181.653589,29.749554,75.169884
451.147821,215.559099,27.371651,79.681099
454.430987,253.522875,25.267065,83.671669
457.884420,288.924834,20.986740,69.864700
452.916808,316.507487,26.662748,43.053658
441.066532,337.729820,38.789936,22.148191
430.423463,336.238097,49.157646,23.761903
436.415187,329.057762,42.300510,30.248810
422.485204,319.835922,56.585144,39.209457
376.773752,318.864715,101.664055,40.889404
364.349489,318.632490,113.057899,40.471500
346.244486,324.375866,120.485893,35.239967
304.734049,311.385194,118.076622,47.292019
283.530405,306.089023,122.624809,51.663109
265.265035,296.327320,48.144592,40.918602
249.043056,287.774740,50.943928,39.479145
229.311556,278.230127,50.227119,40.588238
209.020794,268.438600,50.909245,42.456600
191.948276,260.211094,56.620594,46.951714
183.220445,248.874458,63.255745,54.542953
175.150827,240.657844,105.624840,94.189133
166.248998,232.655960,98.463226,108.757843
140.345869,227.351371,145.189041,122.576797
135.238889,216.553878,132.941025,121.814911
128.727926,210.143386,127.303345,123.680450
129.375032,193.836410,115.836403,141.082367
123.681314,194.865631,118.236961,142.970459
86.154462,175.323921,150.869095,153.411911
74.694791,165.603073,156.122177,147.162445
91.028688,163.045406,127.578041,114.570320
75.380933,159.669338,129.058548,118.201607
63.297441,155.452415,116.297554,129.325577
48.533292,149.995483,113.620590,129.722534
45.391771,145.319549,109.541328,177.895325
39.976339,142.912429,122.559631,155.981354
31.789747,144.872177,147.103348,139.090851
21.791006,147.758827,165.267273,129.920151
11.278623,154.196098,176.421738,122.015457
5.781232,163.265743,181.161331,127.675667
3.966741,172.161110,181.764923,127.611191
11.858282,186.032074,150.860321,172.575867
0.547872,174.702331,158.051025,180.197266
1.654119,170.062378,152.423615,187.745422
0.000000,168.383110,153.422826,188.627151
3.049434,163.288292,156.333969,192.701431
40.126559,204.243164,119.630707,151.791931
0.638057,155.173343,117.778427,127.854912
0.000000,155.864605,121.704627,120.072853
0.000000,158.719207,123.492240,115.817749
0.000000,158.437439,124.835148,112.777344
0.556993,154.829971,150.354584,176.157928
67.125204,197.049415,98.907982,159.510849
1.027899,149.143760,127.106377,125.453995
0.000000,145.206340,136.509455,122.320595
0.000000,146.727852,132.769330,120.104355
0.000000,146.318344,135.896307,124.156158
72.374397,200.201934,88.507500,157.715149
73.027061,198.681427,89.307396,158.713684
0.000000,143.144497,58.365991,124.570412
0.153584,144.232620,56.382797,134.441650
0.901820,140.840690,59.562168,141.498337
0.996827,137.427772,65.867180,134.870773
1.615029,135.081604,76.189156,141.459625
7.817502,133.381508,83.867828,144.876663
18.636098,133.031364,84.191940,139.912827
31.228654,135.170402,85.155693,145.341293
42.435917,136.428100,86.145401,146.691986
46.589730,138.086334,82.763985,141.896759
37.515225,137.779869,92.700043,137.992783
33.005662,136.125816,99.042900,133.219162
29.933652,137.593677,105.352142,125.015251
32.131402,133.697322,118.370277,123.889259
41.833222,131.668159,116.599022,111.663406
43.930337,132.116260,115.485786,115.388786
44.344521,131.518566,112.972359,111.111946
36.495663,131.174186,131.552521,119.144943
46.411397,129.174240,112.623215,108.577515
30.571248,128.818863,133.849472,113.654724
34.229951,127.936462,118.510277,131.496674
39.597188,127.991294,180.187119,155.141586
41.711033,124.945121,118.258438,155.506210
39.755986,127.662269,163.274002,164.166641
37.631577,128.231140,120.092827,160.223907
118.493828,171.711685,114.541664,140.598145
49.054822,133.132339,179.304077,143.275024
45.187188,128.635765,115.120705,144.327560
52.732308,126.980301,99.377083,121.712952
52.428322,125.964775,93.504158,121.299240
55.404797,122.983890,106.078552,124.740685
53.431038,122.320976,113.681099,124.571884
60.084569,117.125106,104.292007,126.572388
60.265656,110.469055,105.353661,171.574066
58.715897,103.195770,109.867302,163.256378
69.284062,90.266525,100.582291,139.967712
79.421727,70.219413,104.923904,149.427048
113.817952,41.762653,77.480331,76.140587
124.008786,10.651168,113.005280,220.530151
172.556317,176.204551,74.934753,174.266525
166.900483,178.116424,77.402122,174.968536
117.347073,14.148826,99.977814,190.982010
140.782826,39.628021,109.611374,269.539917
156.986634,0.000000,74.059898,100.707771
177.340462,0.236191,78.711464,56.630653
182.758530,0.000000,75.712883,41.116989
205.331746,0.585415,66.777603,44.985924
206.997330,0.871233,91.336876,56.454510
224.642941,0.000000,85.480103,79.872814
281.032849,6.364454,70.876129,86.938828
302.185670,47.874388,63.402550,45.931992
323.203425,52.815229,52.692356,40.037125
362.506035,59.680809,34.783485,33.771160
388.868592,57.189230,31.276878,33.402359
405.620416,53.210102,31.282873,34.251804
424.569755,54.568368,25.287912,30.573084
442.654227,51.539732,20.381741,31.714508
422.171551,20.583136,52.486816,81.770172
444.187575,3.681684,34.923855,110.093063
457.878465,13.520357,22.121535,79.771492
425.758429,0.000000,53.591297,35.726393
439.396693,1.747149,40.603307,77.874153
451.793365,3.517177,28.206635,58.205864
450.891542,6.922992,29.108458,54.655876
462.198997,11.526481,17.801003,53.587814
466.779355,30.490060,12.690366,35.934277
421.384130,64.649468,56.681335,31.805645
345.572481,43.597777,88.249466,83.495331
194.592882,49.081069,186.409470,176.955627
84.619387,220.953940,80.999466,138.765671
93.147989,275.626800,70.649292,82.459808
91.630979,291.117259,71.775414,67.014656
91.394503,291.353709,69.640060,67.679451
87.043215,291.512305,72.331802,67.635635
88.335146,291.820823,71.098892,67.332535
89.123171,290.061675,70.416702,69.485931
92.721048,287.904170,69.322021,70.908333
92.847032,285.356833,71.326035,73.180252
94.314043,282.641086,70.539566,75.826775
94.123671,279.820666,73.047142,78.509117
100.845285,280.449988,70.820435,77.736954
110.854834,280.603065,74.096657,77.470627
116.133230,277.756572,71.448830,80.833199
112.589655,271.220336,76.428223,87.554352
105.918657,246.952487,82.672043,111.392845
106.204805,250.302684,84.046829,106.675575
101.842180,208.367286,92.116867,147.976334
336.584364,93.323058,74.116020,120.330109
307.372072,85.932952,119.352341,118.979034
278.434477,75.409446,122.465019,130.578964
264.092924,61.478446,109.701469,156.450119
253.660280,53.259055,96.783249,147.270615
228.502912,42.222381,100.311607,146.565033
215.007898,26.791556,97.484741,151.938766
216.504194,27.914435,96.991234,151.681351
200.795008,13.789359,95.683411,159.066452
187.131529,0.638587,97.857719,165.196304
173.589712,0.402717,96.893440,160.365372
164.343664,0.863112,92.914772,151.813721
156.465979,0.375945,87.634010,143.313446
148.868494,0.000000,87.417786,122.253627
145.829382,0.000000,85.734932,99.361795
143.986925,0.000000,82.795883,69.496880
145.292936,0.260468,80.378654,97.817314
143.836134,0.536862,81.305016,87.190430
145.743563,0.000000,81.073074,78.170601
151.890524,0.529308,79.455605,64.910751
159.883676,1.042257,81.360657,52.788113
170.836840,1.715630,81.424820,45.694939
185.152044,0.983168,78.984688,44.270489
197.104864,1.159167,78.640419,47.234226
208.429171,1.103394,78.679855,52.945656
226.911585,1.381079,70.553436,60.531368
267.769024,0.352902,57.119503,71.454239
279.124983,0.000000,62.277824,81.667271
297.757568,0.516230,59.936481,86.874100
318.810753,9.906305,58.298923,81.575912
344.754297,17.069780,53.914276,76.395355
364.684812,20.311438,56.796928,77.921013
381.987970,25.993940,60.424805,77.673561
400.775240,33.800428,64.619370,76.180336
414.648207,42.268911,64.021019,75.935692
432.220524,49.726332,46.686138,75.292091
447.034782,55.362925,31.876804,78.022049
455.637504,70.109316,23.308538,66.902313
465.580255,78.805500,14.419745,52.095608
465.207042,79.511658,13.752703,36.393742
445.148894,42.143816,31.669399,36.275066
439.988080,32.553593,32.386765,32.316933
447.392862,38.725620,31.675634,55.498421
447.848910,48.026379,31.161442,48.488380
444.829894,54.185446,34.059246,49.915867
438.458525,57.635956,38.579479,35.674377
436.522699,65.596475,25.594015,27.666807
438.289013,69.243048,22.413149,26.727253
438.638090,69.667342,21.772612,24.447184
435.649805,75.254897,22.966742,24.114595
427.483283,78.985901,26.214504,24.541924
416.948260,80.690249,35.752720,30.789814
399.761296,86.235493,79.521469,83.423813
417.051200,150.027981,60.823284,54.669617
393.964787,73.751228,84.950363,123.569649
405.258919,92.985455,73.374550,104.718140
368.316636,94.710880,111.097588,125.742935
339.032880,101.495159,100.392639,137.264099
312.923657,99.962422,158.264282,147.482529
302.148480,100.841335,145.938721,155.075226
284.638188,105.883122,138.496170,163.587845
266.618787,106.291729,128.594849,174.946411
248.627267,112.287655,111.412544,171.358673
229.362885,107.950382,67.173607,175.489395
206.816338,117.051350,89.786537,163.988998
180.357491,84.586292,80.005684,180.972336
157.760133,96.731083,88.475426,144.800858
145.073628,79.665539,93.567123,92.960480
182.183232,105.367174,60.276871,47.183247
169.988335,94.231825,73.682930,52.702511
171.929784,106.438835,67.718124,36.182716
160.150622,79.562267,26.061375,39.495804
160.030063,71.827121,23.026567,28.915789
157.184187,64.552693,24.674467,35.864983
175.581240,108.522901,25.376514,19.531103
174.240267,103.094184,24.229055,16.597284
173.846878,98.007609,23.571451,18.426508
168.470911,78.858738,31.438726,36.716324
165.269368,85.134290,36.346848,30.498106
168.027173,96.148326,34.832489,16.372469
186.145555,94.447208,21.059790,14.004181
183.976859,67.359861,28.757214,36.241180
175.498110,37.813906,23.260090,25.438385
186.246327,38.524345,22.330795,28.087551
200.731304,46.462837,21.628633,25.957439
210.649916,45.985323,23.270016,32.927948
224.417917,54.863089,21.459692,32.018837
234.793268,57.261979,19.874807,25.536699
245.685493,58.696721,19.112131,26.229525
271.497258,61.719669,19.527390,22.148914
283.726810,61.805906,19.950899,23.635155
295.264496,65.169393,20.575571,24.040110
302.884108,68.678793,21.260136,58.359657
319.575021,70.397438,23.584471,25.633686
338.826998,72.968389,24.347118,26.694605
360.790203,77.684585,26.429010,28.149694
378.698891,87.598341,32.119247,64.852623
387.174430,90.251717,38.511341,44.930958
395.736973,102.587242,45.782890,35.620472
404.517396,101.296520,44.325684,63.342785
414.123353,102.617012,43.143646,41.930363
421.921014,104.148924,50.642181,42.495491
423.640700,101.116184,53.491337,54.995449
446.811631,110.483240,32.328186,86.811844
455.593502,105.674883,23.517740,86.339401
404.556491,47.664206,35.389111,27.299442
413.172906,51.224024,36.997803,27.209850
428.791560,49.976750,33.266994,28.170830
445.150350,50.053649,25.754156,30.235781
449.057261,52.548417,25.552410,29.575834
446.139029,54.184831,28.813999,31.089933
439.597960,55.576046,35.086094,28.507423
441.916821,57.661018,32.512550,29.190233
440.827479,58.271856,31.246578,30.085987
439.832422,60.403720,29.612715,25.472849
434.972807,61.246292,31.518850,28.810226
429.393220,63.725844,35.446609,29.909487
430.309485,64.848503,28.226933,30.179184
413.616124,77.771948,27.491051,21.167774
407.087093,77.886919,28.687960,15.729031
397.828917,77.873849,32.726887,19.087339
392.831578,74.495472,70.803871,69.171776
418.640536,137.275955,55.397472,129.184662
400.147530,136.988182,67.837891,220.848892
375.450486,173.613678,72.123398,183.926147
350.266114,145.073654,74.262650,210.930695
314.332658,189.404488,85.714218,166.906174
301.415234,156.732758,80.793144,200.843689
257.677930,219.192398,102.674492,138.424896
253.153550,245.776367,86.656235,111.824280
248.763047,266.285233,79.559708,91.505829
234.745717,263.807175,85.007881,94.535431
225.508515,260.739773,90.300095,81.514259
236.658221,272.543739,48.806286,48.957291
239.073512,271.398850,45.373257,50.230042
238.360717,275.931521,45.794361,54.829998
224.208104,282.430115,61.323097,75.294510
244.183133,293.087574,43.502800,56.093819
242.565650,307.102032,42.573704,50.764397
236.994235,323.015957,50.664852,35.845573
239.145280,310.153689,49.980377,49.001553
247.335976,313.128361,45.913956,45.527260
242.333302,310.836676,54.458763,48.246128
256.494071,331.932256,45.848713,28.046148
232.346646,330.678530,62.264870,29.321470
196.936879,335.784367,74.184273,24.215633
200.964001,273.885546,60.847466,84.835892
157.397462,266.943880,102.287186,91.721970
166.817651,260.857527,91.515320,97.409477
178.356587,253.317221,79.977760,103.227211
187.495927,252.982016,70.099716,105.534035
182.835381,253.905844,74.020050,105.188637
156.105275,290.393080,92.735237,67.560570
142.543935,324.202234,81.315681,34.557587
134.696145,315.765131,78.742569,44.012512
132.305157,292.041666,75.902351,66.899231
149.802928,301.483376,59.724743,56.808231
136.826966,250.497690,73.835754,107.865707
146.965813,296.505535,58.447861,61.618237
154.429024,305.642984,39.579788,51.541794
148.748337,301.190846,35.698044,49.357281
137.127940,292.490194,40.000393,48.484383
139.155308,286.585625,37.414146,49.593311
134.798659,282.658642,43.772617,48.419292
127.222787,258.240450,54.783661,68.387299
123.152047,249.590975,59.330078,76.217804
120.518445,231.700102,67.732445,86.559303
136.848153,256.665056,56.719635,54.505249
139.179763,246.005590,57.233295,65.505028
141.023511,237.074854,56.201988,72.443344
140.478234,243.158529,51.962158,49.952232
138.819127,242.666098,51.382088,62.331322
132.859067,238.830015,57.446495,71.115028
136.000184,247.687796,53.812912,65.539513
148.448321,249.599663,40.937054,60.900837
146.356309,251.620575,41.821365,57.471394
141.012196,237.367796,57.064140,65.960182
152.117320,224.515234,48.361736,74.284355
141.971074,222.555170,65.820183,79.013718
156.378165,186.007664,42.476063,47.902065
157.186469,179.719797,40.636295,48.520203
149.423009,165.771708,64.596626,56.346695
149.028134,161.238049,58.754601,59.905315
146.519122,156.711380,60.790905,63.428898
146.111973,152.453243,55.099800,61.359722
142.923049,148.697107,61.595295,62.653915
149.381034,149.812515,50.043430,58.353031
148.594876,142.572037,55.952049,62.834660
147.715304,135.087729,47.987804,65.792595
147.985114,127.220507,47.170261,69.149078
149.225518,124.770865,44.577301,64.580193
150.931409,127.814829,45.549004,55.948196
149.236939,115.547953,48.514053,64.995361
147.479083,115.636141,13.375835,104.471390
121.448970,197.285858,30.732525,38.802052
118.432667,185.228823,35.372368,46.687546
117.363234,165.520865,36.949162,63.657494
116.784692,166.849051,37.400482,62.648460
106.609475,145.793669,46.373352,83.698479
92.367337,127.585691,53.637383,55.542061
82.760688,113.693857,59.278568,53.598328
80.027310,105.446814,66.931084,82.997017
60.379559,104.212240,77.810387,63.623451
63.262849,105.374395,103.670670,114.355995
57.921532,107.765581,109.840240,132.120804
57.714417,110.679731,103.795975,117.697227
51.723386,114.611116,99.574974,94.562180
46.338956,115.135408,104.501030,88.824600
45.033456,114.784269,92.094879,83.319206
45.927804,114.430635,104.210663,98.073990
41.342828,114.773455,106.770447,98.508438
34.456204,113.012997,60.667992,63.960262
29.940154,110.654074,53.491108,63.863747
28.147839,106.623554,52.088005,62.922497
29.285355,104.103502,45.853104,60.383041
33.050797,103.280434,44.381729,61.908573
58.091412,111.655680,88.307243,103.023621
41.930489,105.620699,108.056122,110.547928
46.329476,109.662012,78.939667,104.465912
48.088174,109.606756,115.349487,117.588051
58.748498,97.239138,112.357758,137.521652
53.263310,84.078333,106.243904,150.143677
60.462247,58.859041,92.521080,177.691147
62.345830,54.712358,75.934761,176.437393
57.646588,127.794577,83.520805,102.716438
107.107686,131.994053,43.814369,49.137676
100.826268,131.689201,56.741600,56.302326
105.664944,134.202866,54.731300,52.371952
111.833205,139.035843,54.192722,51.894627
110.840806,138.287542,54.139984,52.811394
107.770518,140.451750,59.504711,52.376595
109.612744,143.325939,56.918159,50.893993
110.521552,141.799091,54.477894,52.079220
95.255023,145.769949,60.554104,77.792625
105.193467,132.221525,55.260986,52.518929
101.455792,127.770210,56.686653,60.122395
94.326676,122.980448,67.565247,82.162064
96.535544,118.661346,54.095509,52.419285
93.974343,115.255877,64.387955,85.920380
82.441285,115.434553,68.146240,86.453102
4.342812,113.417109,138.286636,153.815048
2.731126,112.340372,139.137146,153.961319
3.527238,110.727076,135.548767,155.139633
2.544495,107.755823,130.683502,162.786667
0.000000,102.940729,130.139062,166.538559
1.220944,97.605967,124.316315,163.125748
1.147953,94.649149,116.901993,146.356277
4.002556,89.307451,120.434914,145.770813
5.101441,82.365137,113.743370,157.140549
8.834710,80.748529,100.835609,158.889694
9.125332,76.419535,99.099640,182.746536
8.010308,76.846910,99.597389,189.551392
9.064064,75.177897,90.644051,179.039810
10.984272,70.295664,84.755844,173.165359
13.779293,63.519518,82.803558,169.316406
18.274872,57.433657,94.512474,166.346771
17.510189,52.650682,100.816254,168.582947
17.468178,47.637354,97.819160,177.886581
25.316922,45.219919,87.918365,192.282364
28.219574,36.910006,90.593651,189.078583
29.219612,35.906687,89.090034,188.465775
30.675576,23.110064,99.449532,194.796387
57.230526,0.000000,91.812225,189.714296
196.047108,130.798139,105.471298,113.484352
63.716637,37.255059,73.345543,144.019913
73.773503,0.573586,73.413696,134.846420
81.575024,0.042588,80.476791,97.924133
249.430247,158.232778,62.833729,87.679253
254.243769,165.894815,62.479298,82.322800
259.979975,171.518552,61.554981,66.408607
258.331318,175.836743,66.586945,67.557106
259.341145,182.644952,65.580170,66.457809
259.920857,191.834655,64.483215,56.268162
279.615263,210.436788,49.047955,52.495628
281.666954,215.997294,49.351158,50.551342
272.896941,226.346150,59.038067,75.981865
260.165566,234.435391,65.619133,97.964790
248.194023,239.179769,71.227226,107.398552
229.529938,237.215360,81.050117,118.629311
195.836220,217.464997,99.259850,138.916412
280.818158,0.000000,56.284195,92.331265
296.029360,0.000000,60.354710,34.066809
312.834441,0.642617,54.926708,34.902027
329.020338,0.755191,51.666698,32.840836
347.040694,1.089278,51.166103,42.834145
366.396427,1.168147,51.969925,57.810455
379.623532,0.520469,56.778931,78.546669
392.476416,0.175357,62.241863,93.020798
401.745633,1.067085,64.609344,127.538185
411.155011,1.803149,64.267426,165.643478
419.999071,16.489314,58.656696,154.129730
430.150072,18.285259,48.246876,199.970825
433.503073,34.236957,46.496927,186.150894
438.186359,34.251350,40.106216,126.334175
443.417197,42.565135,35.487862,101.041504
443.569226,52.577403,35.726101,76.654907
444.175254,64.491336,35.145241,73.718033
441.546434,71.930034,37.447330,76.246124
430.031505,79.343055,49.968495,77.193977
437.354368,90.284126,40.969620,77.075539
377.133100,74.417205,83.470169,79.603523
434.245735,115.725024,44.181087,113.570587
434.077350,116.799449,44.062199,130.556412
431.486158,123.121684,47.081863,134.774033
430.298885,130.136592,47.951374,140.746414
435.207096,160.602046,43.083622,121.919601
427.418998,146.986079,51.556606,149.206039
416.404329,148.275775,62.808022,134.248383
426.756353,191.094957,47.877319,60.179203
417.026468,193.672900,46.622810,55.942535
394.028257,191.603269,53.263031,57.741573
350.246559,185.746061,55.278027,58.650143
331.406808,181.459012,55.990959,58.713192
311.800865,180.426458,60.121792,56.798382
308.857946,181.513334,45.886902,52.866695
283.716610,183.765342,48.325413,47.942589
259.113771,181.622903,48.327980,45.479969
235.986965,175.747823,47.560474,46.043453
212.753084,170.632676,48.776558,43.979908
195.059358,161.505983,49.295235,43.897526
182.204317,150.223733,47.732948,44.924549
171.073593,139.045066,49.044613,44.282463
158.933170,126.643007,48.986774,44.915562
147.664337,113.116086,46.542889,45.475063
147.251934,113.640203,47.363178,45.515133
137.107103,100.521550,45.692543,43.904781
126.029222,86.269691,46.053062,44.694511
117.885391,73.522075,45.452785,44.226852
112.535215,61.391376,45.399933,47.087662
110.935224,61.152482,42.016891,41.972050
106.287408,57.275638,41.820168,44.201599
103.034206,59.891015,40.789555,41.315434
100.013437,65.681279,40.847359,38.473507
97.356447,73.721967,42.370567,34.949459
100.083093,77.667325,41.319206,35.731258
104.797622,84.562375,41.710217,32.842464
111.617368,84.961065,39.669296,35.106792
119.471904,86.894979,37.436008,35.926281
124.459320,89.399715,38.847622,38.412918
133.921001,89.646398,35.048893,38.918758
146.692220,85.955283,35.317596,40.656685
176.017179,20.808940,51.702164,92.174049
224.944093,0.000000,54.730324,84.978130
217.820261,0.667505,101.114647,118.427605
237.345686,0.621225,96.249100,123.814781
257.097974,0.339414,93.136551,141.999557
270.173139,3.716787,93.267044,119.126526
291.932069,6.967569,91.237770,114.836510
320.768720,11.971521,81.971634,93.212456
335.050905,13.095121,87.790504,94.550858
377.677568,16.376733,66.262886,87.708611
396.305387,17.000909,66.554886,80.174889
410.269014,22.975198,65.493080,85.571037
417.815914,30.670908,59.309803,108.175499
431.770956,33.361669,45.040833,151.196289
431.139005,35.430746,48.410538,138.887115
445.447942,34.338358,34.552058,113.833244
450.574231,41.604417,28.479107,120.831306
455.443029,43.533491,23.377710,91.604050
463.320010,66.638330,16.421722,66.627266
467.751511,93.518375,11.377399,40.161945
470.000000,100.007619,10.000000,26.876375
442.633768,74.838819,37.366232,68.886261
416.856618,32.817768,47.033936,34.297535
419.444020,41.502930,43.305130,26.179163
415.501489,47.205452,31.167290,27.431316
413.451505,46.114889,47.779373,40.270035
409.460477,54.459168,38.731415,30.110483
404.522309,61.366748,31.170174,26.281590
395.782295,65.970304,31.571978,22.696594
458.952889,123.606456,12.915391,14.011922
446.024909,130.107964,20.873177,28.838060
428.817003,147.185018,23.008043,44.952171
411.643438,95.349298,25.999140,107.209267
378.818849,133.795858,39.495823,82.320023
356.813342,128.332700,70.104614,89.810547
216.404050,291.208772,61.376820,60.679192
220.818667,291.397730,55.360817,65.739967
226.985414,286.212368,51.651562,62.439976
225.502639,293.762867,49.311386,58.704823
222.309470,289.222303,56.354828,50.852158
223.333537,288.481805,56.062798,54.005058
218.762506,283.507242,60.670315,73.891563
197.902465,249.400629,79.458908,99.823997
157.737403,210.957170,96.145264,83.457527
151.587766,61.539833,38.351490,50.715504
142.584447,60.060753,28.228214,32.118214
142.771807,63.548649,21.793909,27.764109
131.844624,58.228594,19.881239,26.955221
124.073255,51.738027,20.310062,27.853401
120.580395,46.349346,19.934225,28.427746
120.847422,40.307415,19.720209,27.462345
119.377114,35.232639,18.601147,26.643085
112.447809,29.477235,20.916567,27.298859
117.545844,26.320770,16.097862,24.195072
109.149149,9.616879,24.823847,31.218317
123.953630,14.788289,19.220850,23.617792
131.323147,1.732650,19.384260,34.569294
149.691444,68.295678,24.430090,10.000000
152.656853,67.696867,29.739927,19.338003
164.345412,69.518884,26.759216,17.657761
173.050062,71.784405,27.635721,16.586123
184.565322,73.562420,22.463966,15.166040
183.392267,66.329929,30.914675,31.451509
201.125706,110.532254,26.343260,38.091263
219.332030,111.511430,23.324791,37.635323
249.869864,57.420850,27.760553,48.224609
265.584296,46.357593,24.960915,33.633808
275.497497,13.213426,33.341713,67.822319
286.510205,37.957120,51.146435,116.267029
288.455119,5.307584,70.149307,157.454987
302.407779,1.438695,75.371307,159.575333
317.367305,3.874250,80.501328,159.691162
320.600333,9.220243,90.745781,163.023712
364.970489,9.921079,64.081947,170.417511
360.318599,20.545102,82.642319,162.692230
389.781451,16.470311,72.981018,189.215591
409.482623,19.070722,68.992310,203.767822
412.357635,34.585561,65.201088,196.740646
412.825736,28.416837,65.148308,202.109222
420.228328,43.838239,58.201950,188.918640
191.101317,264.201665,77.866287,90.169937
199.121116,277.662210,71.905640,80.741707
204.737733,267.849748,61.741222,73.881981
202.942710,279.531633,67.404266,77.107811
202.869315,271.364419,65.771210,85.478798
199.910357,285.063081,67.829323,72.570763
204.776248,261.290090,64.050056,93.316330
202.641654,286.747876,66.874298,71.879730
208.483195,280.552041,61.502007,73.142128
208.846263,288.794232,61.867241,68.672241
208.264052,291.000993,61.143295,65.555199
210.715022,290.368066,57.959984,63.444374
224.493905,289.217101,39.410671,46.087551
225.638297,291.890531,33.169464,40.396561
222.733310,290.683309,35.240425,38.855347
222.712085,289.498208,35.329918,39.013100
223.622812,285.745950,31.641306,39.500603
222.150641,281.493699,32.738892,40.592155
224.019162,277.717750,31.393604,41.478252
221.575309,271.836509,94.689240,59.221584
279.688935,286.616687,45.293682,43.574039
261.835340,288.976684,42.864368,40.196041
248.543954,288.040151,40.803356,37.496887
231.224820,281.779666,42.921162,37.835606
219.187066,264.074744,39.955700,45.435650
210.711190,255.867694,48.062267,40.276402
125.491366,215.305638,106.379822,73.825012
168.880260,63.206281,65.890945,112.660889
161.244258,72.883615,61.942123,94.242134
168.289355,96.272866,53.411896,69.157387
132.043162,198.749303,118.573929,65.755020
127.296008,180.970525,134.185486,175.354752
134.113902,175.261678,129.077957,173.606552
72.118400,92.416619,118.024223,127.060036
35.813884,96.741895,130.843338,101.700256
18.595851,88.276113,124.942001,148.706833
23.721660,83.388093,107.336624,98.922813
14.448768,76.628472,116.363579,90.992256
10.276599,66.973203,125.131989,146.951843
18.977939,56.230641,115.979675,155.847794
40.490485,87.758256,91.820061,122.044395
57.608512,107.520837,73.248741,67.814583
100.067191,108.125583,37.041924,45.641804
99.982718,105.106492,44.967888,47.588493
106.830709,45.979787,49.738903,90.527649
121.939643,102.484368,40.500343,42.616295
130.931510,96.457540,41.382027,45.653275
147.087749,99.367250,37.254929,40.135933
166.162099,99.859698,47.044689,46.217136
174.205659,99.708669,54.221363,44.398834
188.919469,80.061711,54.014141,65.810867
205.891330,83.385747,50.921799,64.320541
205.290725,80.921365,64.254112,65.771126
243.014422,91.446519,42.199966,54.002281
260.219174,105.382184,38.493710,40.616028
277.186877,106.846078,39.077026,40.109871
293.619283,105.106053,37.851635,43.438568
307.411279,99.047624,42.176685,51.257835
329.741134,119.054320,39.688301,33.510815
346.923991,117.204764,41.588211,48.506496
365.637233,118.330016,41.387131,44.395168
364.998740,118.026473,41.414268,52.125362
371.482894,78.630101,48.201012,90.333328
388.242017,123.239185,42.154476,48.280659
400.216744,124.190946,40.160862,54.557770
408.149510,126.165918,40.078991,54.417213
408.993709,124.965867,40.772415,59.333229
406.517182,125.327439,41.196400,53.726036
404.362115,125.705964,41.966419,51.791527
402.696424,127.498342,42.028973,49.115875
398.473874,127.770290,45.779125,54.995869
395.941085,130.306415,46.749794,59.507572
393.395776,131.593866,42.116932,48.927406
392.293492,133.921788,38.294918,47.341339
393.563474,139.007791,39.665371,45.572899
395.761655,144.886647,39.615673,45.454315
393.232097,151.596723,41.767502,45.126984
385.238574,158.653012,41.949982,44.571121
370.368529,167.520770,46.108971,42.309666
355.912356,172.493123,41.383362,41.685730
328.168881,179.593598,42.748165,42.115685
315.755223,183.744523,46.247112,42.476707
306.148660,191.126483,47.556736,43.809498
300.509294,201.518478,45.832005,44.917629
293.183120,219.521037,41.196907,46.270359
285.946424,240.044215,40.431042,47.052982
272.910361,263.344745,39.131462,46.911976
257.703576,292.118812,39.041401,37.532299
249.191209,312.468907,57.195194,40.782211
241.355548,305.071489,46.040100,47.583458
232.934020,301.256627,74.932838,54.210297
192.106399,273.275468,110.829964,76.717476
188.030570,267.722909,106.150230,86.228081
188.944060,268.422967,100.993111,81.459496
187.769820,264.066293,82.820259,84.529625
183.845447,265.219953,78.874420,85.328934
187.075683,267.114839,66.060066,91.647591
181.803218,271.573300,59.303391,86.621658
174.087798,276.590036,68.676796,82.867729
166.292006,292.298257,74.101723,66.753838
155.882396,311.989617,74.618515,45.228966
148.507613,307.913335,100.178139,50.192078
142.519816,308.789388,73.821243,48.607513
135.762378,308.958724,51.191071,49.286724
129.266479,317.410703,52.635094,40.695114
127.343602,332.186548,61.148113,26.038595
141.060306,341.488087,106.083969,17.662889
149.253234,345.735335,66.081566,14.264665
132.668694,347.108163,40.579540,12.304608
138.697503,340.653439,44.083958,19.177984
119.608161,333.901511,21.395920,26.098489
96.970729,311.025903,21.453087,33.057926
77.205684,315.726449,37.432434,23.666584
47.132581,332.222566,52.845478,27.161747
63.023955,285.155498,95.013626,73.539719
46.977515,296.534768,129.280090,61.904652
25.825469,305.579843,135.518631,53.179829
12.729453,308.738408,134.664459,49.477169
3.587310,309.191303,143.248276,49.263123
1.320739,307.934987,154.437668,51.492733
0.000000,308.232032,185.979484,50.662163
0.327892,312.837352,205.549683,44.914474
0.000000,310.229423,169.083416,48.601921
24.148870,297.160886,144.399689,60.339947
21.749380,298.967702,144.467255,58.978817
13.890218,285.603011,163.580872,72.926094
24.511556,261.973811,145.585022,92.111679
9.066664,259.396125,166.721878,98.558617
5.549665,256.946758,168.523392,100.331680
1.829489,258.978065,178.840454,97.908653
16.492025,257.744193,172.676941,85.598015
0.307607,297.759156,153.523315,60.590549
0.000000,317.559598,135.522276,39.086926
1.249518,327.125789,83.269241,32.059372
0.000000,334.643617,45.320136,24.825565
24.709154,277.460271,59.941608,52.824276
133.395677,177.784194,48.125904,70.857422
181.308622,177.587442,45.322475,37.346691
184.370151,180.098474,66.387558,40.562267
186.786350,173.360873,65.405624,40.604576
193.925809,169.960361,53.882961,32.557442
204.253194,168.014329,51.483150,37.997784
200.224849,157.070573,57.775543,41.398983
212.782793,144.208871,50.570759,36.512066
234.951560,142.747236,48.950020,37.769825
237.304004,129.955833,45.812210,32.555237
253.761657,123.531023,44.256981,30.918329
270.933074,115.004655,52.088341,37.080746
289.917707,101.064487,41.304195,32.108131
311.594831,96.155153,46.778454,40.461834
328.882362,88.679080,50.209801,41.446480
342.021726,81.423505,48.759274,41.190037
344.585758,70.456537,48.938141,35.831661
366.757451,77.279849,46.128063,43.501167
382.889827,76.380132,42.553757,37.306660
405.317222,75.004030,40.617943,40.582272
404.505613,74.746654,40.778240,41.382927
427.000143,69.702012,51.094112,45.417995
450.202744,58.212020,29.156591,54.576859
449.933598,69.892711,29.601164,43.011894
426.028140,92.532279,53.515793,64.327835
318.034660,11.599311,90.264648,131.902588
148.896900,74.311851,91.692451,199.489105
157.746559,41.362777,116.864594,229.170212
162.971092,12.800575,137.521667,235.469727
173.820686,0.000000,152.921478,203.325172
185.392219,0.414028,154.978058,158.381699
201.939773,0.709217,147.284866,127.754456
218.196678,0.000000,175.952026,122.480663
240.597808,0.000000,151.072983,139.037046
253.186050,1.873229,137.093521,164.833313
256.307510,0.354789,127.241959,177.870132
247.502014,10.141456,129.438217,181.646469
232.838371,26.594718,157.349304,191.278091
217.517692,47.066199,163.223328,188.134018
194.659675,79.599181,134.974701,160.019043
190.896324,95.184562,120.908508,155.294998
166.618579,108.043876,111.279549,149.841629
134.103790,119.030295,114.160812,140.659378
105.270072,126.802291,116.083923,139.372040
85.374198,129.781760,119.440002,138.321121
73.594161,127.565474,119.949600,145.554413
77.430236,124.430266,110.895920,148.541321
81.102096,119.965041,100.641190,132.694733
80.834743,118.395919,93.179741,156.269501
75.643444,112.972129,90.286217,164.738785
67.477340,112.755752,93.604935,166.765045
59.296001,108.408843,100.745811,154.922974
56.378803,108.744956,105.187874,153.545059
55.052104,96.744430,113.419212,149.231720
57.501529,76.413749,123.442177,153.805313
68.310951,48.801047,107.148834,175.471085
81.477786,11.997176,115.895241,201.542633
70.161910,0.111701,127.057510,198.542831
67.924632,0.000000,122.580345,189.932120
74.500789,0.000000,115.222649,158.078128
81.328620,0.000000,323.533478,359.646654
100.427562,0.000000,106.213280,139.162270
276.674598,232.145039,114.464081,110.966309
275.374324,264.269616,118.496208,95.730384
140.653922,56.768414,87.637924,114.654816
173.013854,0.000000,72.192108,192.972149
193.122211,23.947744,74.098747,189.904663
199.510810,51.834662,74.534500,183.388397
187.108043,68.579992,84.076851,150.399872
205.218845,84.607359,61.259972,172.191208
189.620487,115.381041,81.375694,153.531662
206.449302,117.196005,73.564865,174.135742
237.957225,123.441259,66.089119,158.633392
286.728454,128.063002,47.635162,69.451187
318.250024,127.828226,43.383190,77.059441
325.569202,135.067709,63.790611,156.267822
343.754169,137.178030,75.964500,182.875732
386.103836,141.820940,55.902069,71.046181
400.691820,142.001097,61.387600,168.380264
422.910423,146.112555,54.093704,192.616028
426.427270,147.717245,53.572730,196.339447
442.705886,151.536352,36.670773,116.050385
358.779092,94.181566,68.131416,68.894035
360.507619,89.287111,84.884811,73.245354
358.469407,93.929468,116.246910,122.699684
361.849316,106.797716,116.150604,125.394524
369.224435,115.611605,78.995216,76.659081
379.389371,92.937368,87.608795,80.481094
394.393193,127.862154,70.823563,63.491966
407.351887,125.729176,45.278244,39.633289
432.885357,128.960406,22.902819,26.849081
424.486686,141.906890,27.552660,20.539595
431.495457,138.352718,25.554832,21.745230
453.751514,122.384709,18.567850,22.636395
451.394234,103.804049,14.950516,44.550613
443.563214,113.601900,21.551048,27.152679
418.636628,123.826663,25.330284,18.710997
421.295606,101.465056,23.377325,26.092896
409.505780,93.838468,24.259911,24.879641
455.764811,78.380636,21.137142,36.547440
436.999051,73.575647,33.756561,31.355722
415.657803,66.732792,41.435997,27.737934
392.510146,63.347151,42.671444,27.780823
389.868748,61.550620,40.968002,24.683241
370.832132,68.543482,20.972334,72.746254
311.118437,151.791958,47.514515,41.324131
284.148566,147.952948,37.623554,90.823624
245.237645,169.821081,27.681847,146.784195
258.662614,243.614422,55.014801,60.209049
221.814391,302.729706,61.061359,54.087856
185.403371,193.177885,85.714165,146.086700
157.335553,97.087988,74.304085,175.157242
139.262830,87.480330,76.008064,186.155212
123.921811,72.088812,76.698280,189.664261
109.334477,60.743971,75.814781,178.517761
109.402970,61.232466,73.323425,170.300110
96.686867,44.410994,74.330948,184.661011
86.072530,32.391302,76.591301,181.199295
72.077676,16.475821,78.206558,189.797958
63.423642,4.377371,78.817604,161.252426
58.827412,0.000000,81.952629,155.653364
59.019841,0.000000,81.230186,108.439490
60.615769,36.491962,69.269897,59.587555
64.006215,26.431554,60.802238,58.437069
79.373412,25.455293,46.394260,50.572178
93.387976,33.034639,37.109180,34.997684
102.061406,33.129214,38.336937,31.248888
113.388289,35.183691,37.916187,25.753628
121.594031,33.659820,39.298038,25.849983
139.190297,37.735303,28.955803,24.362255
130.831372,41.886373,41.915932,25.660656
135.424741,46.426110,43.554359,26.570379
136.806742,54.268416,49.521740,27.628702
147.651950,57.503564,47.203335,34.069706
157.051513,65.404361,29.417253,59.559265
175.328721,54.281021,48.877487,72.980003
193.568978,59.461868,46.129669,64.757439
206.855811,52.886360,61.342381,88.360847
226.060376,56.068206,60.518425,93.203545
246.023404,76.158798,49.977562,86.212212
263.118066,79.451309,52.514160,69.789146
276.807395,82.064685,36.937962,57.861191
284.919451,89.729242,41.651928,52.265141
290.182452,95.729454,50.310207,47.959480
310.542723,105.575534,47.130863,45.895493
375.306105,36.127159,42.313389,52.324524
377.449198,35.162975,40.561123,46.434334
381.426800,35.614082,51.265358,51.368896
408.725587,50.360260,36.654388,42.898666
418.551738,59.373796,37.418514,44.040646
425.691128,65.563276,42.124901,44.113361
436.807221,70.524663,41.399261,46.322147
447.187550,76.046194,31.261681,46.186619
458.509877,80.130149,20.226738,45.293823
457.527665,82.673976,21.253159,40.107384
465.462285,83.218633,14.454032,38.080784
433.919974,44.188350,21.731861,48.105423
427.064308,54.689654,18.611864,29.635622
419.028885,58.236600,14.096025,21.853306
403.847974,38.688207,16.740021,34.637592
374.862340,11.690553,35.084099,38.038906
377.034692,54.013645,17.686155,27.030937
366.528257,59.036900,16.552122,20.622061
359.395305,59.155840,16.430780,19.838816
350.694223,56.160713,17.440145,22.792221
330.144162,48.010620,17.844677,24.342010
319.284103,43.230149,18.259306,23.279005
312.181079,38.707222,18.737335,23.760984
304.533901,34.218929,18.870207,22.802277
297.239784,27.875047,19.050169,23.732708
284.710137,22.153635,13.625233,29.642040
265.607057,11.458101,15.595980,30.329769
240.324047,1.305141,15.047032,59.401733
207.407435,8.743783,22.481834,50.159733
186.714549,15.795259,20.616348,26.387348
149.669890,1.055303,39.556694,49.580647
101.990832,84.051355,69.742020,41.693768
166.675002,155.307277,41.919273,34.938118
166.481472,155.208668,29.240828,24.835043
167.067810,151.861208,20.773916,18.910686
163.737885,144.861923,27.633671,30.043076
183.411578,131.263282,51.928085,84.235016
49.887339,16.832527,61.072128,54.994431
42.644896,23.937480,33.884422,34.284554
39.246306,19.859145,24.050591,27.483751
41.007954,0.829095,37.406612,37.924221
44.197491,0.556654,46.524990,34.716770
48.572209,0.709522,30.681164,22.906181
73.340977,0.000000,32.030987,23.936770
85.508809,55.848305,40.326153,18.669695
92.461096,55.040735,29.800407,57.454468
84.608075,3.879674,59.954510,44.144714
69.824000,30.935869,52.837067,96.657265
62.250859,8.369853,43.065166,54.362293
48.662774,22.344152,39.706257,41.022705
39.288895,42.934745,36.126820,34.437145
33.962392,66.547309,38.058575,47.603664
27.913138,115.777473,43.278389,40.110134
30.254948,135.043670,43.062634,41.102901
30.171952,143.816695,42.330326,34.632580
24.355714,145.753284,43.569004,34.129017
13.168376,148.049642,49.498474,94.346695
0.766831,137.975114,63.478443,77.077690
1.096957,135.858560,69.804733,89.269264
2.424742,129.308858,69.359581,89.560898
1.179827,121.529710,74.873123,99.222527
1.027507,112.674257,91.846191,126.619499
0.920954,109.851316,88.746124,128.934082
1.112567,104.727720,64.743881,103.383423
1.199408,101.661397,66.969093,122.341782
0.687072,98.930249,69.515709,132.208893
0.767577,99.363294,59.516899,141.174103
0.000000,103.715383,42.632575,98.099319
0.000000,109.821679,28.849366,34.363380
0.000000,116.563731,16.526859,35.291386
0.000000,121.140255,10.000000,30.946245
0.000000,106.240302,40.513227,59.116291
77.980798,84.882152,52.524685,51.979763
119.331378,48.526067,102.175545,118.649879
379.616031,21.849622,38.753090,71.631126
451.082852,83.531049,28.183796,60.032768
446.377791,110.973245,32.760056,48.029053
442.007453,123.642976,37.192291,49.000168
393.862336,41.145696,59.259167,63.854752
391.011298,33.097522,46.024811,42.933887
453.263683,55.170266,26.146811,96.996590
443.467969,72.711282,35.849583,117.009041
427.598594,197.601951,40.837387,13.947155
426.078034,222.541223,37.567760,36.034233
389.224219,234.680669,45.619492,55.142181
369.983964,240.602725,46.089642,52.262089
352.844256,239.877988,44.245033,52.930542
345.901242,240.057830,34.604343,46.406948
334.566035,230.652372,28.863411,41.608246
299.794990,221.666038,46.227409,43.864544
300.692318,210.306985,28.273817,41.437340
283.599504,202.639295,24.899263,39.657959
266.493078,195.678386,22.611025,38.789783
252.618366,187.803851,20.020597,35.791157
237.846047,180.869077,19.389400,32.776604
226.644432,170.964751,17.153929,30.832098
226.171689,170.770042,17.258358,31.150181
211.362930,164.520803,20.183050,29.331451
160.476535,213.562029,28.596205,20.512686
125.527267,186.846016,20.410566,19.644472
123.858204,156.990276,23.784740,36.246933
140.594100,136.723195,14.761512,34.844906
133.553996,123.612339,25.589132,20.250814
110.515968,172.832068,19.679398,12.204957
110.090683,164.000265,19.068687,21.414507
108.828562,149.696529,21.035503,22.022705
108.388299,137.146358,18.690458,22.940994
107.100806,127.970227,20.023401,19.588774
108.190140,122.835016,19.055893,19.386707
109.485305,120.298902,18.932520,19.345379
113.270097,119.939991,19.244131,18.985228
120.588003,119.626170,20.483646,19.977951
158.646985,78.615183,18.070608,16.113621
190.011993,62.017082,16.368484,27.864525
191.880253,64.797785,20.581383,34.369495
140.846920,66.465433,48.547192,33.092289
149.986588,65.305079,30.006090,23.510563
165.811375,61.275006,33.172985,20.009064
187.654039,46.420548,22.250671,24.277252
213.172784,35.188996,19.041277,31.536720
245.938681,32.237660,32.031548,26.453140
273.708614,36.898233,42.399868,27.562918
289.464231,34.108403,23.177729,35.583282
300.640976,34.418366,26.077351,44.157127
307.104940,38.700514,33.004967,50.900311
294.991766,86.236216,53.256752,54.696552
316.011209,4.063500,50.792877,97.718575
320.544041,6.578808,57.707653,134.409790
314.963528,0.206852,63.260311,141.565933
322.888601,2.196476,64.398964,134.229294
331.034281,0.171261,62.978333,176.957031
343.048887,0.000000,56.719994,183.445675
352.104462,0.934569,54.907429,185.543884
358.860998,0.736334,57.163338,191.281601
365.538193,0.384459,61.982777,203.777588
367.455256,5.205832,65.459198,216.797623
369.354731,7.161764,67.792633,229.234634
375.904875,18.362944,66.062523,226.335510
379.532370,25.910765,67.356483,219.569946
381.953962,30.288176,67.543571,212.823242
384.183775,50.064177,66.568077,168.902710
382.777719,58.459227,67.792725,127.692657
379.891996,64.021357,66.946190,122.421303
377.609262,65.689047,65.252014,119.270218
374.787584,69.672236,63.240158,105.854439
363.350267,67.037043,68.625504,101.904945
364.625471,63.248125,63.958580,99.986595
319.916792,41.969946,95.376213,115.855637
310.632334,40.848650,95.803040,114.464317
292.473513,46.654047,103.622665,109.504707
271.283098,64.207670,62.484543,52.753723
252.959780,60.910076,43.233810,51.019169
277.673460,30.222027,33.868980,41.078770
270.159182,14.234239,39.358429,29.712259
204.500792,63.993559,79.878868,41.864029
171.553066,61.690008,49.773190,53.510681
152.799353,58.379501,51.933632,52.830196
135.361475,52.218907,50.721436,54.831715
119.684351,44.693827,48.449326,55.882500
104.416918,36.261999,121.487457,92.576385
105.117296,36.419600,124.572906,93.838150
94.672213,23.726732,117.314453,118.697212
84.019293,7.981569,106.336418,97.751930
74.301569,0.365088,100.958725,99.325134
68.062868,0.000000,95.632751,92.552572
63.532042,0.000000,90.252541,85.379417
61.183489,1.326740,84.218170,75.503647
62.032064,0.369785,81.043938,85.766617
59.907717,0.000000,84.590027,80.042869
61.033930,0.703396,85.319839,89.587433
67.611731,0.000000,79.392906,89.470070
79.279772,0.482006,68.543854,86.590439
83.616041,0.244812,61.885628,79.586159
92.376635,0.000000,59.946930,74.515900
105.889870,0.195232,53.092182,48.936226
116.180304,1.122045,77.387779,27.845539
133.279596,0.656743,73.093674,25.380423
140.490551,1.330460,57.864361,24.404373
150.724749,0.357290,43.195633,19.727879
176.352594,0.000000,37.398209,10.000000
172.967642,13.806409,21.535240,16.010443
156.632214,49.424444,16.091904,14.235707
152.396135,19.716345,18.001461,18.583895
154.428981,0.664212,15.910478,15.986042
139.370735,8.258346,33.296532,35.377182
92.427702,51.183459,45.134380,52.149269
62.381062,145.543612,33.773483,41.062691
60.701007,150.667329,23.840517,47.586163
92.143647,229.864238,17.960852,20.646080
99.497610,241.970890,12.917447,27.754980
95.950652,250.985194,15.289293,36.801727
93.723235,250.840089,16.959139,36.723759
82.894235,281.953460,15.961446,18.673576
82.321467,280.178055,14.320520,20.809759
78.574319,278.354912,17.072950,23.070181
73.420257,284.156060,22.224024,14.937916
72.993100,287.234993,20.529364,12.714414
63.246167,292.751113,22.784555,13.735962
48.708196,295.810909,20.423246,14.204017
17.341187,298.559324,29.928926,22.531565
47.775724,300.587943,39.216240,49.096550
88.182706,277.185077,28.264948,29.986786
90.507538,277.676334,25.001057,28.684736
92.248785,276.090408,25.596443,28.910757
93.742505,275.818894,24.953928,29.112217
96.452591,274.483030,25.989368,31.250956
83.512066,231.174621,19.672428,31.555408
106.326418,207.488706,23.197792,56.896538
142.194399,251.437789,50.486641,61.889393
224.289589,156.293134,55.919216,41.742073
213.970541,154.539048,52.683121,34.316360
210.294473,158.046102,27.342844,26.344917
208.517761,159.324338,23.608868,22.307549
205.819360,158.392833,26.238894,24.787777
201.844810,158.551465,23.069685,23.478401
196.868305,158.194163,23.316624,21.829739
193.679976,158.662510,24.627953,23.107744
191.470879,160.152256,22.952374,21.636011
189.339497,160.318386,22.758587,22.350801
187.837359,161.085655,22.966032,20.888597
187.864962,164.119554,24.861710,24.241150
189.074165,167.787101,24.256748,24.355732
184.866201,173.918450,27.580505,23.243851
183.527200,174.455042,27.448046,22.633039
189.616053,175.977832,20.088165,26.821133
187.677679,178.243590,23.656906,24.029125
184.976265,179.886437,26.871372,21.864105
198.701117,177.699196,18.412514,24.054613
193.672218,173.477083,26.931805,22.410688
195.960463,169.113605,24.581696,26.024172
199.453414,165.235724,20.965696,26.708492
202.672839,163.162138,20.054304,26.402945
201.163552,165.160406,19.557291,26.173338
200.689549,171.607525,17.684122,22.738466
201.879012,179.531966,19.752531,26.603901
202.325473,187.777551,17.820898,24.739517
200.177065,195.021107,20.418251,27.898188
191.723910,202.956668,21.928732,26.366970
178.113628,210.429940,23.572041,24.576874
168.976081,217.513992,21.990774,24.461458
161.809500,222.349212,23.271355,27.922764
156.876135,226.840814,22.792038,25.212021
143.522595,233.534312,27.497103,25.604122
137.673094,235.847356,26.446571,24.709999
127.672724,240.281508,26.018616,23.643726
122.014827,242.761413,23.183722,22.545216
116.468604,246.585017,23.067739,21.482738
112.595919,251.799799,22.586121,22.814642
113.770942,255.008331,20.179266,23.851229
109.545660,256.215048,24.270912,24.065275
109.402860,256.815982,23.117212,23.249195
112.274368,258.725278,21.473125,23.552971
111.469829,257.880087,24.466429,23.594061
110.592126,257.932192,24.332148,22.440977
110.673185,257.459751,25.887466,23.420465
110.075526,257.939517,24.196463,22.397282
110.451016,257.478347,24.677500,22.637112
114.410244,260.575985,24.127583,23.736383
116.465764,265.077074,22.854692,22.267714
115.977875,269.245160,26.044941,23.933563
112.645280,275.186784,24.763567,22.161171
112.152533,281.713140,19.799843,20.403778
111.929887,288.226707,18.200586,21.731434
112.746541,290.919128,23.177691,24.389124
112.641456,291.648016,22.472471,20.111769
120.243240,291.225552,26.070370,21.363314
127.482788,288.726231,23.715237,21.250673
130.965656,287.683540,23.487530,18.909296
134.229137,286.970965,24.817173,19.353283
137.011759,285.383224,25.165779,19.688234
141.794652,284.682362,28.090448,21.970705
145.818124,283.328176,28.631029,22.357407
145.617827,280.014399,24.678495,19.745718
147.136508,275.960900,25.893789,20.086014
146.974812,267.722837,25.556171,19.979147
147.789362,265.648028,26.524170,20.632961
147.848448,264.361777,26.412712,20.226322
150.560416,263.718943,26.139883,20.506124
152.100993,263.347784,25.772551,19.343573
154.904088,263.329317,25.364809,19.831594
155.986911,263.797689,26.649687,20.939138
154.260891,265.092831,24.453693,19.547457
152.779048,266.599153,22.493086,18.261642
149.914797,265.648213,23.412323,18.651390
146.698688,264.167272,26.714956,19.846588
145.925208,261.906836,24.696890,18.478102
146.024454,260.890915,24.594727,17.865602
145.253914,258.654390,27.111347,20.889303
146.642959,254.430793,25.652792,21.446972
149.870541,253.607855,26.564480,21.265860
152.181368,249.321685,25.512505,21.133282
153.547219,247.606524,25.092112,19.411724
152.393241,245.246143,25.565893,21.650805
152.331278,242.703568,26.286812,22.479250
153.106160,239.910639,25.701548,22.973593
153.210349,238.254614,25.331617,22.287474
153.789565,233.218791,28.940756,26.590366
153.193561,229.847167,26.187651,23.926540
153.636926,226.516046,27.785524,24.873444
154.490415,224.076645,25.821283,24.750803
156.389303,222.486346,24.722664,23.145245
157.349686,221.594720,23.760334,22.912987
157.901576,221.908321,23.088346,23.020983
158.965505,223.150124,22.043009,20.549234
157.751851,221.915589,21.540796,21.244171
156.064014,220.970100,22.736866,24.588976
158.371859,220.338336,20.513756,22.916042
161.172240,220.538411,20.711195,22.068764
163.576367,220.013169,20.334078,22.700523
165.715602,220.117140,20.248938,23.201880
167.518313,219.559632,20.743887,22.808426
168.063339,218.805588,20.509617,22.883615
167.628668,216.338006,20.716621,22.299889
169.122143,215.671444,20.655895,22.991426
171.815633,214.509741,20.077227,22.116774
173.764570,213.445218,21.337395,23.409615
177.129537,211.952589,20.504351,22.451605
178.934594,210.018609,23.983156,24.413094
179.004275,209.484241,21.667326,24.043697
178.878205,208.177765,24.243967,24.766588
178.216002,207.123340,22.943113,22.857014
178.000002,205.212529,22.987030,23.120865
177.888415,203.648451,24.982077,24.875601
177.042675,200.615023,29.708790,25.514906
196.700069,158.900184,26.234486,19.414623
187.697630,158.637036,24.092934,23.185425
180.239075,197.654395,24.252209,24.419186
181.338553,200.187891,25.651014,21.991957
150.649568,151.683891,18.503096,19.598677
134.849427,146.243436,16.687571,20.807522
119.579534,143.756791,16.490015,19.679356
106.953616,143.090389,15.713668,18.060591
96.091619,137.304073,19.622070,21.764837
87.004559,136.928731,19.493694,21.219814
80.380856,135.486091,19.131458,19.827240
78.121340,135.824627,19.168274,20.050642
78.840568,135.442567,19.181982,20.867245
85.512750,132.860398,21.156221,23.509235
88.853461,115.891482,23.120985,39.515236
138.181285,101.218551,30.630774,45.713608
139.485620,101.574731,39.242226,45.975643
131.808462,104.547540,48.021774,45.694942
140.539591,109.858043,44.205788,45.938240
149.920008,117.964850,37.015617,45.016678
175.345824,61.193630,27.976072,26.699278
146.583797,55.485045,51.484051,38.730659
164.249786,132.755347,41.801334,42.894798
180.254429,137.919166,37.886440,43.501884
193.280722,143.126052,37.536980,44.022881
209.081900,148.882871,34.932030,43.157757
210.009506,149.391097,34.446918,42.395973
220.873146,153.017625,35.820164,42.834248
230.452284,157.595794,37.664619,42.048851
241.715300,161.425532,36.770882,40.843567
251.247868,166.030759,36.850964,40.741848
261.199066,173.035131,35.833225,39.177639
272.404634,175.536136,36.160950,37.850906
286.805237,175.112590,34.944569,37.446548
294.904360,173.932672,38.916229,38.235157
303.785059,171.496085,40.288910,37.983955
316.542200,170.766335,38.418533,37.373096
327.089121,168.853978,39.358109,37.163815
279.521836,139.435769,31.009012,17.325787
292.256801,141.933880,22.804312,16.834372
300.502241,144.109100,22.210785,17.023092
303.440105,146.607460,18.613239,18.004957
311.365497,149.294961,14.200765,22.509007
315.252531,140.269250,39.262726,28.627377
369.985394,100.292224,33.791965,36.125549
400.916067,171.068963,41.532242,26.036060
372.172247,164.207683,78.503372,93.862183
360.956499,183.524673,100.895866,99.499535
346.694845,214.568774,114.972153,101.373856
356.617464,252.974444,97.418785,101.354813
367.306715,283.213485,79.609528,75.381737
357.471426,299.302476,90.118820,58.796925
353.032583,301.763410,85.674393,56.181759
354.271708,295.544898,82.302071,62.970070
353.492189,285.668033,91.137413,71.572495
356.252348,278.076564,92.697327,80.331940
360.364630,272.349803,85.728470,85.288483
360.589087,271.529098,86.008743,86.514732
354.436445,268.791583,73.712616,89.155075
344.105341,267.751243,68.384224,90.849434
305.584089,265.992118,99.200623,91.887642
307.160593,266.461013,88.172554,91.268486
295.501844,266.511928,101.822388,91.317017
290.123156,261.046908,98.174461,96.427750
282.602282,252.420035,125.641472,105.493477
279.633753,245.997870,121.620644,111.308449
280.192270,241.131419,118.526436,112.450165
276.714994,239.184699,120.456512,116.062172
267.748976,237.054870,124.795044,116.763786
257.726114,237.715175,104.727669,113.939819
244.973932,238.369540,107.242226,106.699142
242.855944,240.481875,101.888237,103.931381
234.784346,244.343253,102.995270,102.069649
229.665968,248.666743,107.115906,101.049622
219.511316,248.801723,91.437599,94.696716
207.486822,255.189937,95.828262,88.066681
188.154909,264.834914,98.607750,90.014671
173.372538,266.879355,118.414406,90.534187
163.640772,270.189075,106.125313,86.390823
153.531328,286.940608,112.426353,70.178864
143.610456,288.204631,104.924286,69.390198
128.724562,289.409804,112.376251,69.924828
114.622896,289.754210,120.279442,69.086052
102.073862,294.286464,119.872383,64.869568
93.228228,289.765719,114.514671,69.211960
89.590765,288.881148,104.650772,69.841637
88.516752,286.562850,89.824036,71.163780
85.861143,284.610301,80.056091,74.062531
56.172541,279.574157,97.110512,79.157768
34.091730,280.311107,119.975563,77.348663
58.612581,271.904796,87.416771,87.201050
22.796110,256.076678,121.053650,102.557114
17.237570,235.369060,141.110916,123.221191
9.474989,214.921428,146.473785,142.797119
7.609121,198.846004,130.096878,156.711273
6.880350,186.844836,119.866493,169.932541
1.325602,180.133853,113.434914,173.557083
0.511915,176.668033,137.001617,156.781998
0.000000,174.832850,131.782042,136.405975
0.245093,172.981856,129.072372,124.985283
0.000000,174.828052,126.638724,122.531296
0.000000,178.010249,129.362331,118.147858
0.281500,179.369185,130.198196,111.846611
0.152853,184.890712,132.124557,116.132477
0.355947,182.812682,133.469589,109.415428
0.296751,174.687636,142.190948,115.732414
0.904203,166.009727,151.621613,122.481972
1.231901,159.384395,159.649078,126.294525
7.784750,139.515063,158.591476,117.555710
8.632345,133.687514,151.354355,120.513969
5.178274,126.266921,143.114975,127.000359
2.971090,119.755588,129.358200,134.020767
0.212522,112.444049,119.001984,140.384567
0.000000,105.187541,112.698686,146.337402
0.000000,100.955699,107.245618,148.816711
0.000000,98.627887,88.092165,145.266647
0.000000,99.414371,74.786561,143.847794
0.889184,95.264354,66.055435,144.505371
0.756362,93.780345,59.563511,139.977844
0.558388,92.209727,59.810898,136.076050
2.053750,88.488460,64.899460,134.436310
1.223557,87.681064,63.582855,135.154739
1.157986,88.297595,70.450935,140.258102
3.575368,88.199779,73.223900,133.698273
3.623051,86.965480,73.527336,131.999634
3.749028,85.889766,71.434929,136.795532
3.723771,84.657939,71.262665,145.633331
2.619431,84.401584,71.967224,140.335709
2.653069,82.634967,74.520584,130.915359
3.974408,80.237727,75.805183,129.619843
7.466752,74.985812,75.816986,131.633377
12.366452,61.152759,79.308540,162.509842
22.979939,36.434886,79.680870,181.114471
252.575356,123.321849,80.668015,169.747284
252.826737,130.737216,144.543182,163.180771
259.333550,131.486644,136.605728,161.046661
38.762894,0.000000,85.105637,135.724452
59.408093,0.000000,81.264824,131.247343
71.307076,0.000000,220.120483,248.758300
251.122784,129.871932,125.804497,171.176056
246.037652,141.562522,135.673492,166.154007
246.337861,146.575248,130.883011,157.523026
128.524129,0.000000,93.002937,99.450523
143.578007,0.337959,67.332283,77.236336
164.506270,1.332252,59.399586,93.134132
179.890378,0.603477,55.486900,109.526497
194.801135,19.963009,48.946239,113.376099
204.256178,30.867401,55.219349,124.603966
211.129265,17.138500,74.492828,158.034973
213.337056,34.307598,72.659584,125.460815
245.251364,59.267603,36.934605,45.909275
261.817925,70.569196,44.818619,50.397930
262.051327,70.694391,44.484352,49.042637
281.863625,94.346277,40.628799,41.380283
301.771491,104.195501,37.634632,45.001446
324.053984,133.397695,33.775623,35.993496
344.826243,159.515052,33.986904,33.934395
359.547034,187.950069,45.079395,39.927414
366.437604,222.296085,57.235130,81.115784
344.956738,253.052555,96.102592,68.126404
346.475834,251.017181,109.864662,100.152260
363.063233,233.337639,108.451523,100.161064
375.145589,248.800903,103.355476,81.213295
379.370148,248.274147,99.732773,90.521233
382.674290,247.436180,96.221504,92.529167
381.727563,250.636169,96.443878,89.935493
380.919190,258.650558,97.592209,78.874123
387.295395,267.018875,91.607559,73.413643
397.919732,268.932998,80.041534,67.405617
417.866406,268.179142,60.682701,58.433899
407.301926,269.072359,71.487106,58.640354
380.696244,268.312309,98.422501,66.947105
373.402810,267.686443,105.243286,66.590103
369.881138,266.469749,108.112892,66.723137
368.828713,264.449844,110.040222,67.462502
364.447590,260.410469,114.508583,68.151726
365.417634,259.242828,111.017960,68.293770
365.029759,257.373493,109.889748,68.190369
367.391160,255.147033,106.773514,67.606911
369.111966,254.454574,105.154259,67.293739
371.966557,250.432422,103.476692,68.926331
370.752972,248.817455,103.290794,70.591293
380.859162,246.394195,91.770462,71.677345
374.165864,245.206867,94.265152,72.402893
372.179009,244.760765,97.715973,72.406395
375.432271,242.063026,91.578621,74.531670
376.461232,239.574791,90.323036,75.503044
357.328278,236.522323,110.095474,77.633919
353.344216,232.296077,119.363861,79.348251
351.337208,230.048847,119.042305,79.944855
347.750363,229.537956,116.111015,78.977776
343.179234,229.517383,115.368324,77.008606
342.733143,229.831058,92.437874,75.724823
333.257958,232.406192,76.394379,77.711487
326.625138,233.055130,66.642593,83.259682
311.555161,221.349224,76.046829,99.078049
293.230504,229.245685,89.609840,95.667755
284.635590,189.410259,96.495102,141.653091
287.436349,180.499325,94.540436,143.794052
279.142705,180.629337,102.573463,146.915863
267.676415,179.853321,106.293945,133.929688
263.421033,186.457958,89.801414,143.070572
248.213517,229.408199,84.142715,123.931076
217.374390,260.696815,86.641464,93.828392
188.624909,272.296489,99.393295,79.513626
173.379685,280.492840,100.290085,76.121872
159.902176,290.192192,107.118607,66.904076
142.934132,302.118425,120.356819,56.154758
127.230839,311.055788,114.379463,48.264011
117.642422,310.486030,106.692955,48.729790
106.079980,305.361593,136.722992,52.097591
94.636014,301.364746,100.238945,56.647804
82.724534,298.149217,83.929947,60.129398
66.924378,288.328869,81.646255,70.627518
36.282796,274.583259,106.246864,83.402367
34.861523,274.203216,108.389641,83.967384
37.623902,258.816883,137.255142,99.140564
10.861539,240.465179,117.463829,117.728127
1.209023,228.974956,123.762207,129.123795
0.000000,225.750873,133.350297,131.885986
0.000000,232.449661,117.691403,124.469307
0.000000,238.881984,140.639319,107.905563
0.871127,249.664463,139.087860,105.045135
0.420230,258.171108,123.338593,98.952805
0.535773,264.706768,113.086815,94.109451
0.725913,270.658943,106.416252,86.596764
1.011615,274.934726,100.228455,82.168182
7.221980,275.944618,126.973007,82.466728
115.605212,242.456432,127.567322,115.064102
95.680568,247.152679,176.222763,111.428078
125.360416,243.678245,165.169952,111.788872
159.810626,233.990555,129.510498,122.082039
157.118938,239.380115,128.338638,118.143982
156.035136,244.481933,126.303726,113.685341
156.434829,243.654548,124.492989,113.702232
149.622645,251.423031,123.714340,104.995895
142.150615,255.224178,124.664749,101.982651
136.280860,258.368835,123.041100,98.802162
133.153049,262.557815,121.813324,93.873604
134.772681,270.743377,122.347008,86.251259
137.409591,278.146148,118.553047,78.800270
147.203788,285.567905,107.861626,70.556061
164.431304,297.808441,102.795601,61.149940
211.574763,304.242277,52.684311,54.544689
219.760350,311.185039,46.355984,46.759903
220.336358,313.720001,45.458347,44.830360
216.210832,317.043083,46.172138,41.400261
216.772994,317.515804,45.049797,39.678146
216.370637,321.950302,46.397953,36.620949
221.738185,326.106682,43.081451,32.578499
225.241082,335.677375,42.332920,23.425179
224.092563,339.823006,42.825562,19.827536
221.574000,342.148022,42.666107,17.204924
245.371922,348.137666,18.421888,11.487920
252.354702,350.000000,14.502517,10.000000
257.674985,350.000000,12.831477,10.000000
279.203771,326.562171,10.500561,11.021357
293.216206,314.675591,12.012739,10.000000
290.293269,319.903792,11.643014,10.000000
283.843554,316.080493,14.854364,15.310690
296.500195,328.577887,28.970427,29.356918
329.203617,326.616375,27.830122,24.296482
327.012766,324.124754,21.860582,28.761505
326.398488,319.420929,20.021313,32.350979
323.529254,315.942955,20.336678,34.751873
318.671041,311.666979,20.368176,34.906395
314.218239,315.747111,18.519049,22.296745
316.881599,317.992028,15.352163,16.456036
316.407454,316.402141,14.711466,15.977988
318.648284,313.818364,16.135368,17.879154
320.838807,317.326406,15.558019,16.395510
322.487719,307.270352,15.314463,29.662792
316.067557,303.804907,21.672432,34.830978
313.241640,306.303406,21.210878,35.517269
313.042711,313.338627,18.825518,29.584385
311.189923,307.754479,19.820850,34.175106
309.497740,309.317605,20.790804,27.559200
310.689689,306.409842,21.262253,26.049530
313.817867,299.909120,21.568571,26.903131
313.495995,295.643857,22.182753,30.541399
318.103817,299.000156,20.746969,22.444052
325.582834,299.435272,17.850473,16.565962
327.990135,294.299995,17.334715,15.727452
331.792633,290.836462,15.739447,14.672371
329.869177,285.354696,15.702897,15.985697
322.982566,283.047309,16.630753,15.086668
311.939151,279.191464,16.535233,16.727810
301.578030,276.014457,15.888845,16.153639
293.931080,271.415876,17.023733,15.972071
280.872827,261.157362,18.832539,21.573433
266.861096,261.432168,19.041349,17.212200
254.360744,255.097743,18.454269,18.651520
246.348661,254.994006,17.603458,16.440926
242.493132,251.496193,17.920321,16.032108
248.398464,246.157866,16.226736,15.062035
252.989100,240.465088,16.835077,16.579647
256.351312,235.142498,16.923809,16.977522
259.944466,229.685866,17.417433,14.537726
276.227762,217.041430,14.364009,17.757584
283.867344,208.656815,15.090666,18.700619
287.004452,200.150362,15.410551,21.550516
286.568104,198.101846,16.257208,18.606035
286.486521,180.040406,17.744631,32.846897
285.998237,175.557974,18.403915,33.504021
288.331522,184.814897,17.311487,22.456926
305.024417,158.593260,36.116539,43.620056
287.555142,167.619025,51.076740,50.130234
193.342929,205.049075,29.938606,27.731804
194.597926,208.066465,20.402687,20.211718
203.603458,197.346915,22.644156,42.863586
264.441119,217.674933,20.683220,23.988892
239.775865,200.338823,31.865643,25.344820
220.025372,185.048039,28.853529,25.931553
207.662271,190.650359,40.092663,35.201111
187.283296,182.361983,49.256481,40.256470
166.040340,151.287520,82.654427,74.942459
57.883468,52.255354,101.587692,135.152481
47.253371,46.275645,97.809250,121.358299
29.028232,30.665041,106.764839,124.390358
3.748515,19.181410,120.401970,125.759659
1.870196,21.537749,111.391335,106.463181
0.000000,8.354792,107.506557,110.645988
0.000000,5.294695,99.748167,106.522408
0.000000,3.763098,96.330859,101.535645
0.000000,1.532469,96.307428,98.351944
0.000000,0.345507,97.752465,96.343147
1.194367,18.899607,92.341240,81.458641
4.031910,4.836939,88.125015,98.536888
15.816696,1.947905,89.372307,112.644211
30.781388,1.987971,86.593376,123.371147
37.509709,0.377181,99.512405,137.539505
50.631253,0.178572,101.054779,179.292068
82.088776,0.000000,84.329063,180.457304
115.726918,0.519698,68.155746,192.475525
142.398024,1.015929,61.074825,166.651825
167.905030,1.070129,56.625023,182.013580
190.338803,0.766845,59.147491,188.991241
207.857464,1.224609,65.687805,189.789886
230.387600,0.532516,70.172150,202.172058
260.348488,4.672004,64.403206,195.074234
286.642348,6.010833,62.193783,161.187653
311.463700,1.115966,58.628593,157.952789
311.182856,1.013808,58.605076,155.293518
333.497931,4.789489,56.102734,148.789856
353.158549,5.123817,56.322269,148.638290
373.904141,5.006950,57.537201,150.787247
381.026394,16.945922,69.412842,140.921326
396.450856,18.760017,76.321426,139.768570
414.611157,32.625434,63.524811,117.003250
429.327134,26.757690,49.242638,130.257263
436.461798,127.771930,42.164959,40.218773
463.325506,60.588004,15.395063,78.489143
402.397011,18.852172,76.280212,92.968628
394.588429,27.358760,64.701271,64.402046
405.917631,28.001552,63.848133,58.911568
414.717238,32.527763,61.793476,56.081436
423.783251,38.008918,46.512218,47.824173
430.705916,36.460998,48.314274,52.913330
436.190056,37.014526,43.366592,58.614227
437.942971,44.857450,33.182907,33.886219
433.487910,48.197532,42.842556,42.739624
423.994234,56.800531,49.283062,51.190121
412.356741,62.001340,59.750004,53.560627
466.436962,131.953094,13.319788,60.302078
455.256811,132.053512,23.836674,93.462234
438.134011,134.451713,41.317383,150.116577
415.250752,129.582443,63.355476,183.225723
391.754586,110.186195,86.104523,228.195831
367.647316,112.181091,82.536530,236.643784
345.224644,108.973266,98.667702,246.878464
323.104760,111.581672,79.420227,239.455414
297.996323,112.673675,70.294144,243.414841
267.717068,102.234191,81.976677,247.074020
228.179959,108.208579,100.719963,248.714050
238.976612,101.908805,86.990974,246.134155
174.956818,103.719581,145.061508,255.223480
171.448006,106.955512,135.820404,246.408661
157.193680,82.823180,111.137955,217.122665
142.430458,70.151130,97.925446,215.079987
133.595700,67.734969,83.234367,187.693741
121.526238,57.394302,72.125549,177.984879
107.462906,47.246597,66.629532,163.315872
94.035532,17.787139,63.783566,177.560349
82.399090,32.882484,65.484642,145.452240
69.900689,30.785873,66.338898,134.436630
60.564068,30.926788,65.139091,120.872726
53.622918,6.831626,68.836670,135.730927
47.065529,0.950996,71.089661,129.794464
44.165291,0.000000,72.794952,119.147510
45.049820,0.000000,69.068741,106.765585
43.676762,0.000000,69.593361,109.588614
45.874924,0.709278,67.275772,111.417007
47.717553,0.728382,69.004242,115.559830
71.290730,0.000000,64.944771,126.480953
81.453534,0.622740,71.297203,130.359680
91.722302,0.806455,82.866783,162.793762
98.327584,0.000000,97.372589,164.235952
119.108868,0.000000,93.826378,171.946666
144.539692,0.000000,88.708321,179.693967
156.706116,0.000000,95.303940,199.955817
177.329094,0.000000,93.119934,195.924800
199.323494,1.375532,88.997650,192.571259
214.584416,2.860235,91.061684,211.583237
241.709858,2.782842,82.489326,199.483688
267.589588,3.993971,75.472603,187.406403
262.352852,6.076597,79.274200,189.771790
292.374745,3.681570,71.158760,206.651321
318.065697,19.099096,66.671631,192.431259
340.853323,27.202062,63.780155,185.727097
361.432873,29.667814,67.466087,144.924438
382.070938,36.972295,74.807632,137.110825
402.152523,41.911550,75.573296,163.949295
422.289343,44.827078,56.258091,161.336441
437.032606,45.907682,40.958851,163.880341
450.169313,72.898416,28.209089,52.511055
463.933428,82.703201,15.087201,40.717922
434.887392,41.063068,42.065510,47.126324
434.551579,4.480245,44.822540,58.444939
446.321570,11.777158,32.485165,56.517403
438.449984,36.420509,37.968143,45.836430
459.174493,12.168993,20.825507,66.865143
461.656819,28.833761,18.343181,75.479057
459.438150,30.433075,20.561850,36.932255
455.746712,31.458528,23.338097,40.905380
443.139352,38.910165,35.145302,52.003860
427.912223,38.582143,50.592709,62.621941
420.756322,37.391958,57.252228,65.521782
414.553261,52.194788,63.464165,89.612900
455.468106,182.769521,24.531894,44.666557
440.101302,178.653108,38.535980,58.824768
424.759196,185.016088,51.264946,58.013527
406.099833,192.617786,47.593544,49.178417
383.863322,151.399194,63.596489,134.525421
356.842581,110.193559,73.436249,246.975754
326.205843,114.771951,71.831306,242.216858
295.062598,108.945970,76.775146,250.222763
262.013781,97.593698,88.733192,239.918213
265.404398,96.012102,92.062981,247.944931
221.716494,95.258005,116.354927,237.544861
203.963911,79.571657,127.931931,241.932755
176.124739,80.171259,128.284592,221.897064
139.180891,57.845461,137.256577,237.934952
126.181094,50.922968,121.798409,190.499115
106.476935,38.431360,164.188477,302.507599
89.561316,39.803377,105.464233,209.689590
74.186083,50.078340,106.873085,193.617569
54.251089,46.759073,107.699615,180.984802
38.122523,26.493669,100.912254,191.419601
25.051512,12.952829,97.869156,192.836243
18.470053,0.745538,89.502960,190.896454
11.907046,1.034883,87.055183,168.969131
7.435355,1.019594,81.044830,163.052261
5.201159,0.000000,79.840370,147.377672
3.079520,0.686883,78.693939,134.129333
2.311579,0.000000,75.153191,126.249093
1.494704,0.000000,72.883591,120.640068
2.272364,0.000000,68.058769,110.959118
4.394335,0.000000,70.462715,107.040823
9.490588,0.000000,71.858742,108.321170
16.294752,0.373605,72.237473,110.408798
23.629690,0.000000,72.337402,113.505670
31.023630,0.420609,72.333458,116.444023
35.744574,0.879445,72.274078,128.618576
40.911387,0.000000,71.733269,148.791196
52.479777,0.000000,63.705986,159.802138
65.864285,0.510406,60.567524,175.593765
81.834832,0.046455,57.240200,194.750122
97.032559,0.000000,55.506855,186.237273
110.087656,0.293167,52.274773,197.237549
111.693270,1.518852,51.109718,198.250198
119.792918,7.133300,55.231163,205.354980
132.291674,15.153755,54.948189,224.190536
144.192786,24.567939,61.568878,219.175888
154.010088,24.519699,71.708687,220.391022
163.993716,29.740982,86.797340,206.597931
168.091566,36.839332,106.659195,209.380051
180.061163,60.141555,106.777008,184.169098
186.131834,97.599090,118.536423,162.608765
192.185599,131.908279,137.646362,175.506744
210.382071,176.901779,136.275452,136.806427
223.314207,210.076736,137.759750,104.960236
231.869612,238.343105,146.246048,88.529060
236.100256,253.999591,143.104950,74.811852
238.830687,256.198459,150.114243,75.718498
240.215865,252.851947,151.035049,79.038292
243.869986,246.895973,151.226135,83.074509
245.217039,242.463035,153.771225,82.952713
244.569258,240.682064,163.141068,84.378365
235.386023,237.323734,170.007965,88.363396
228.437796,235.803684,157.811646,86.691521
218.587790,231.322582,136.539551,87.156776
211.828146,228.624099,137.048157,93.327972
210.265997,222.242805,140.661469,97.352646
209.493304,216.148288,122.701180,104.409355
210.452849,212.461677,96.863876,107.663315
209.741663,209.799987,93.608421,101.450562
201.027689,206.083458,93.810081,95.730667
183.002135,201.913177,105.518692,100.672760
167.845732,196.520691,111.562881,106.331940
171.110747,187.457641,102.649796,114.376495
169.531103,187.465553,103.549011,114.267715
165.040976,176.757919,108.154816,123.968872
157.792284,168.653236,125.413002,129.520889
152.115763,163.257530,127.227715,135.877609
136.730536,159.724037,131.671692,136.036453
121.970320,157.683441,146.112350,135.627716
123.756544,157.649444,136.827316,138.828156
130.073031,157.708839,121.047005,139.118362
121.635054,158.825599,124.309372,143.852249
107.252692,160.501258,133.827332,140.691788
89.962500,160.384460,145.750061,138.503265
95.957991,159.370300,140.230453,135.925507
80.205992,160.324237,145.582047,127.044914
83.104414,159.855850,138.232468,130.797974
97.904192,161.703781,121.771400,131.505981
108.413699,163.499542,115.267281,128.990875
100.923971,164.335640,129.667816,131.139603
111.207980,166.692665,124.646614,141.522049
109.281134,168.415924,132.591614,153.424774
110.906943,171.367012,134.325897,151.731400
98.902060,161.884079,154.681793,161.235596
72.054343,157.449150,181.386200,166.101730
58.233343,159.833953,181.262085,165.130280
135.106680,175.171981,91.671661,149.182251
141.539275,192.428947,85.467667,131.371262
143.504626,191.781913,81.880043,133.314011
142.804472,191.001503,83.246536,134.055862
138.559336,186.119545,89.130852,140.226028
124.982397,156.741821,111.317566,174.474274
86.013022,155.838455,157.295502,181.965698
93.981360,149.175880,148.327393,195.019852
88.788512,162.737922,150.042191,177.830887
91.235701,160.450561,147.494431,179.359772
91.288245,166.598693,144.419983,173.720306
90.699965,175.373832,142.584885,165.350510
91.352705,180.274154,137.164536,163.518799
89.704085,183.331482,132.792770,166.309906
80.083685,188.744552,138.084106,163.195374
71.034796,189.787971,148.899536,165.500931
70.421316,190.405265,153.745087,165.475510
72.188002,191.403061,150.113876,167.062500
69.232733,191.184959,156.487305,166.150192
70.239806,189.741653,156.732559,168.255981
65.725325,189.167907,155.240463,168.914581
65.509466,189.266372,152.497925,169.461853
62.453299,189.681228,152.996857,168.599426
58.965330,189.651107,161.069168,167.555420
53.555441,193.703331,164.798737,162.928818
67.844954,187.549057,148.775864,146.335876
67.540243,185.745948,147.429169,142.026871
69.021597,187.272964,147.641266,140.452454
76.762488,187.568519,147.435547,140.567764
82.905409,184.561882,148.495468,142.662643
87.438498,180.376403,147.944672,144.151215
38.900336,220.642082,145.167358,125.213058
0.477644,251.275577,109.762009,107.334862
0.000000,239.388050,110.283743,120.059624
0.000000,229.612724,105.634776,129.257736
0.000000,222.163940,99.020975,135.555267
0.000000,222.456901,91.354390,135.000351
0.000000,224.829132,93.989592,129.798187
0.968169,231.622772,112.671722,121.355255
0.000000,230.198604,95.826640,123.714882
0.267141,225.518028,75.628479,133.416916
0.000000,230.452648,76.715505,127.828865
0.581393,230.748787,73.905685,128.114304
0.305445,227.308136,80.222260,131.538666
1.086528,222.570449,92.418945,135.361389
0.909945,217.085937,115.623856,141.006439
1.364241,211.873413,125.285820,144.298431
0.000000,208.855423,127.904769,138.254822
0.013328,205.573272,134.305908,136.610809
3.619132,206.153022,132.874878,134.287369
2.110942,204.647323,126.539207,131.737061
1.137031,202.341449,119.911835,120.621758
0.000000,201.951034,118.443805,150.833130
0.000000,197.740898,118.798822,151.991501
0.527219,195.822448,122.229004,147.115997
0.000000,195.457550,127.121739,137.670441
0.000000,187.360473,130.715014,130.341888
0.125619,187.016063,133.871368,123.934090
0.000000,183.374233,142.169053,124.676186
1.739609,180.946960,156.776566,130.985565
3.276101,176.526245,174.107758,131.888763
3.315247,173.389068,174.663437,132.470551
1.873215,168.193611,171.023087,137.485550
0.812768,159.414199,168.209167,144.257507
1.423386,149.827240,166.519547,149.231476
1.259186,142.690902,168.764816,153.355835
0.000000,132.648880,171.119858,162.450989
0.000000,127.359092,163.653221,161.977890
0.000000,123.802520,151.113033,161.481110
0.000000,119.191734,146.429457,161.643600
0.000000,116.641944,131.965064,163.329361
0.000000,119.160865,120.268360,160.194473
0.000000,118.643791,118.520220,161.207260
0.000000,118.373512,107.669782,159.953751
0.000000,119.209549,101.233931,159.917664
0.000000,113.801666,93.855563,166.167755
0.000000,112.440742,85.709344,171.534561
0.000000,107.744941,81.638657,169.339737
0.000000,108.644027,80.150532,158.737366
0.000000,110.411262,86.694922,151.694107
0.191253,111.519256,87.623146,149.726532
0.215816,115.438278,84.236496,141.630798
0.795848,118.835235,74.591629,138.793976
1.088710,120.369644,69.592880,136.927032
1.582355,120.737045,67.281097,142.856445
0.634090,121.437080,65.414383,147.370834
0.000000,119.052436,58.824321,155.487320
0.086641,118.998706,59.692177,121.512444
1.034801,115.950225,60.348621,129.151733
0.552433,116.323814,60.768742,133.024124
0.000000,118.703506,58.034456,133.873444
0.048991,122.543335,50.820660,133.544342
0.323792,118.943756,56.513641,150.194855
0.000000,106.119102,78.200314,167.983505
0.000000,83.795616,95.365500,196.834946
0.911021,41.777008,97.653381,243.731659
0.872283,6.303024,108.180870,250.650146
3.533370,1.465835,113.707512,235.210693
5.606803,0.056861,122.704811,212.827652
6.050594,0.138786,130.372284,200.293137
5.617885,0.000000,138.232819,199.901184
8.211078,0.000000,159.174118,206.899544
13.579234,1.425854,149.026123,203.542404
3.703235,0.000000,174.892136,204.486233
6.526584,0.000000,173.398392,201.910917
16.413966,1.318328,166.873749,198.977081
66.646182,42.216117,110.960220,159.302719
67.644164,74.651656,102.110252,151.578308
64.170757,69.135802,108.922119,192.327301
92.226249,104.505126,72.076515,199.732635
102.747203,124.860297,67.893555,172.711441
121.997112,134.591140,73.626221,156.843201
153.281856,144.460288,69.213226,134.245285
184.327180,144.114684,61.531147,127.613159
212.723682,146.091292,58.649460,143.020294
233.706638,139.596702,64.458969,159.869186
257.640281,130.105025,65.023994,172.955414
272.354484,123.626876,70.973030,182.159149
285.573356,148.688506,75.146614,166.348206
300.712207,129.315215,93.651871,174.741089
313.212222,127.357284,112.650009,173.047943
235.263766,183.105548,210.920456,120.918724
348.175658,125.112494,118.922600,177.187973
120.672218,267.715995,121.409920,92.284005
114.169307,263.460216,115.766663,94.449860
110.251197,264.192932,116.444618,94.162590
111.114623,262.147468,117.495476,95.816200
111.851695,260.634830,118.759918,96.695908
110.714816,259.986366,120.331284,98.500832
106.735885,259.482563,119.414696,97.924026
101.086765,259.180152,120.477463,98.994972
98.739021,259.471351,120.597328,99.122719
99.152084,259.143928,120.276390,98.422523
99.652839,258.860839,121.884987,99.392326
100.774112,258.252449,121.042038,99.558754
100.528159,257.341327,121.661263,100.303055
103.959262,257.763450,121.345749,101.001289
107.175201,260.165374,122.208916,98.690422
109.819583,258.660247,123.500534,99.341728
111.234431,258.730690,121.884094,99.844093
114.309013,255.644157,122.655464,102.401619
118.195407,257.074539,122.539230,101.491661
124.808696,254.511375,120.720551,103.635872
306.203983,224.219066,130.937973,134.840668
158.608546,243.158954,268.950531,116.350235
176.359691,245.369438,220.264526,114.630562
291.857848,180.267368,76.695641,179.092880
259.301135,179.040600,77.841171,179.744781
204.378932,182.313961,109.833466,175.761292
189.070514,166.082645,101.641769,191.441330
190.011520,158.616054,79.917595,198.949951
144.954410,160.338985,105.673050,196.471985
138.240287,143.416630,91.293129,213.951706
125.142265,128.765278,85.342690,214.494888
107.891586,116.891292,76.466789,199.961548
66.315559,108.809856,75.251839,186.775177
47.538337,98.428531,75.032784,183.688583
26.695430,91.051082,81.164398,177.555115
12.059997,83.681057,85.134605,168.747192
0.000000,79.768467,89.822772,156.917770
0.354902,73.103412,87.687370,143.434769
0.000000,69.978023,86.752019,134.890015
0.059996,62.903064,83.446053,111.846725
0.000000,96.982265,73.671344,97.647308
136.696287,242.307968,91.389305,94.747917
0.000000,61.565704,86.210122,108.207153
0.000000,71.585796,89.364316,123.221413
0.000000,68.948543,91.546889,122.041451
0.000000,65.884002,109.412036,134.922180
0.097875,67.332908,120.174416,142.471573
0.878542,60.999565,130.142868,193.622025
19.630312,57.487304,122.003647,197.534729
23.573183,55.261345,130.298141,200.309769
48.987272,58.942512,115.091057,200.154282
75.572038,55.389145,101.194046,202.252045
107.045366,65.085243,87.449417,185.818405
134.090837,52.260757,81.390701,202.854340
164.622968,62.935005,76.831505,197.777512
190.032865,82.465851,76.139153,180.771362
208.262441,98.123893,84.213509,152.765945
219.285051,89.666626,96.229874,153.085815
234.523565,84.220672,101.670570,161.357971
250.602281,90.308838,107.495865,167.472412
269.086031,93.465149,107.794540,164.736938
305.142278,89.830734,89.395424,171.832123
336.602468,61.368042,70.269966,212.758423
347.908643,86.080536,70.849998,192.563354
363.248407,91.446182,102.234375,181.661102
375.318609,85.422577,103.746254,186.454834
390.385507,85.716270,89.043610,179.874649
138.150766,225.755638,131.493179,132.997635
136.241602,225.461471,128.947250,133.046844
138.115934,228.108932,125.172218,130.623322
138.410917,226.846229,126.048012,131.740952
139.637933,226.139061,125.303452,132.284622
139.384016,227.066704,125.362251,131.149918
138.480535,226.301094,125.841087,131.840439
136.004575,227.666656,126.553871,130.341675
133.675699,229.348930,126.494095,129.070450
135.364412,228.215858,125.012604,130.793076
432.013689,150.960953,40.083313,152.995575
429.754085,156.038574,48.433208,165.594055
418.215528,157.419266,59.643715,167.303284
393.566152,153.453926,83.601341,178.262253
387.765127,132.991073,86.509483,209.654022
372.379358,119.844688,75.684647,235.520889
355.326894,115.130478,73.532372,239.560638
334.472269,114.236633,71.406235,243.440002
313.566263,110.009468,70.821396,249.203354
293.046934,100.039444,75.157295,259.317963
274.343668,99.478271,79.987534,260.119812
257.890695,100.424804,80.960068,257.701843
240.184503,100.075424,80.554276,257.466217
220.643087,98.237961,77.150047,260.435333
198.974672,76.021774,78.179321,279.995209
176.998655,86.274307,85.070381,267.966888
127.876295,71.548248,121.125587,284.645874
115.315565,75.615707,126.039467,275.948822
110.258752,68.913009,93.703445,270.725006
72.968160,46.730278,95.284874,234.580643
60.233701,37.858055,94.729012,252.231400
47.747808,41.604011,94.639153,242.367477
36.152303,30.250000,96.655846,238.156067
26.478010,25.678100,94.880775,232.372925
22.956201,9.022415,86.909622,239.440704
14.617731,3.287117,87.106522,229.520737
10.801145,0.305694,86.618599,229.779846
14.237077,1.816925,80.943512,220.145630
15.488348,0.483009,80.178337,214.899216
16.394239,0.396919,80.210732,208.024948
16.719141,0.000000,80.827530,209.181137
17.582037,0.000000,80.696404,203.033996
22.133466,0.000000,83.300026,198.396294
27.942449,0.000000,82.918816,196.185528
33.349577,0.279127,86.900948,189.986710
41.719125,0.000000,88.672897,176.790762
51.187341,0.022410,91.259476,171.998138
65.703882,0.023669,90.168167,176.070999
81.650121,2.718448,85.256218,180.300705
103.315275,3.730952,74.630989,192.258789
121.825712,6.501986,71.138313,191.395248
143.032323,7.573955,69.247429,183.053070
162.132764,10.383555,67.859657,183.434296
179.406355,12.927852,65.340675,204.729187
196.071596,12.051906,65.265503,201.455994
213.233083,17.498599,68.176170,207.617661
233.237390,13.815860,66.258682,213.024643
246.450246,25.065944,72.186974,199.675598
260.747579,27.504725,75.234459,197.013916
276.736219,33.949405,79.112587,198.118942
312.451570,40.472392,76.268555,204.956940
329.669500,32.826518,76.725517,220.288422
345.627225,36.506633,75.252937,224.667999
359.122739,36.700496,73.334846,225.862488
369.378599,37.191470,83.942940,224.776474
377.196611,42.583095,92.146637,211.943542
385.754861,39.066195,89.359177,199.494064
395.859914,42.464755,83.020287,191.909653
402.136324,42.031154,75.886475,198.455750
406.927435,43.443568,71.215874,210.942627
411.561452,45.790118,66.805931,221.855118
415.229671,45.330356,63.130932,225.546127
414.341920,44.650828,64.754272,225.433990
416.716936,45.109843,61.738190,232.476288
415.758836,45.981059,62.113861,238.547516
414.189542,47.801959,64.369148,246.387466
409.163469,49.525226,68.825043,250.213760
400.047968,54.307040,73.792313,251.713669
385.275549,58.149257,83.006950,250.382446
364.424612,62.732081,94.166893,239.977356
347.171846,64.974345,100.515259,237.318756
334.681005,68.404635,99.617241,235.647263
317.985479,66.167933,100.687309,238.192017
301.821592,66.961459,99.194771,225.117599
289.068124,68.657664,94.621567,217.166351
273.977586,70.111529,93.154694,202.431351
258.291692,67.178409,95.251213,201.424667
239.075288,64.884288,97.526489,204.900604
220.641206,60.243564,97.893433,208.423996
201.478204,60.773845,90.539749,208.739777
184.952318,52.570666,86.846710,243.514297
137.210840,44.509700,129.486343,278.039429
130.073492,37.025584,125.450737,278.877167
115.563982,36.607745,100.245941,232.390030
89.769472,25.863635,111.590942,221.992142
69.250406,28.928470,120.812057,202.956894
53.728769,22.202113,123.823776,197.504517
41.603670,14.242572,127.433899,192.385757
30.131872,4.612742,124.926689,189.822662
27.340650,1.028552,117.876930,185.390701
18.214323,1.964900,117.494270,186.710144
13.555338,1.031711,118.156357,185.006516
13.819303,0.000000,116.745857,181.960116
19.733812,0.657899,111.810211,173.095612
18.423971,0.810571,113.443443,175.895615
21.734514,1.419321,112.448761,168.016373
27.423097,0.802949,109.449280,159.580048
31.750703,2.361261,107.725220,153.232834
42.330785,7.953226,101.541618,135.532974
31.556135,11.684152,121.422646,128.161270
37.970895,6.452859,127.829758,129.802994
52.272081,7.840822,128.244720,129.685944
65.549181,2.499788,124.889862,135.788788
66.558595,0.733873,141.828308,143.239807
88.328920,3.564325,134.576538,157.004074
112.265966,1.381921,124.718620,184.123215
127.367429,6.783243,121.289558,171.402359
142.186014,10.765634,118.033859,186.196548
168.430822,4.751138,103.817009,216.937332
198.903677,1.382661,87.657921,250.136200
224.651884,0.000000,78.179634,231.156602
244.320966,2.835740,76.208839,231.944473
261.118894,4.708916,77.456856,232.747559
276.879274,8.523049,87.329651,224.292877
304.634954,14.995461,91.578300,214.588104
318.294599,14.383195,94.014687,210.538528
330.594911,16.333672,99.759521,206.653748
342.963979,25.480424,106.988976,194.710403
355.462766,27.961655,107.371651,184.663712
365.859270,29.941346,101.990997,179.166122
374.820936,28.683869,101.511269,180.032455
381.673471,33.656434,94.007919,175.818954
388.398695,33.455239,88.571205,178.936310
392.774202,32.062371,85.080017,187.267639
397.392118,33.369958,81.224556,189.917603
398.758539,37.013566,79.621170,187.356155
400.301977,38.265191,78.078728,188.224121
399.741598,37.426560,79.048058,190.189163
398.225671,37.331132,81.306046,194.620865
393.787614,42.441628,85.923248,194.439667
388.867311,42.893548,89.021667,196.801208
380.525720,42.241753,96.131546,200.975098
371.860281,43.675591,101.353905,204.238281
364.663297,51.333115,105.959785,201.285049
357.957403,48.816857,110.018486,208.087646
348.693418,48.608056,111.281380,210.339661
335.358999,49.630219,115.069420,211.134933
322.432684,50.081849,115.461296,214.711533
311.671171,54.510888,110.094917,211.918335
300.510358,42.088540,101.907326,228.261078
285.388208,43.977769,93.755447,230.759842
271.159589,39.578820,82.590675,244.096191
254.722822,39.150323,79.894081,247.914246
237.282716,43.832741,80.414490,229.826691
214.964429,44.413323,88.837990,262.531982
165.887559,34.106194,123.194000,277.664307
148.260561,26.880288,148.345459,285.140900
143.404520,43.690423,130.027206,268.423462
140.263177,38.966973,100.238358,250.675842
123.909120,104.591248,90.097656,155.562302
116.063310,91.352494,89.907928,161.437943
108.800279,45.037331,89.982513,193.500641
91.482587,64.542931,95.739723,169.313171
74.930257,86.610787,100.909203,143.991180
62.040662,69.142289,103.566383,164.858597
75.313341,69.214638,85.870148,182.293121
41.666345,108.648087,117.628067,149.718277
55.767389,92.946458,101.686417,163.920303
43.025560,117.712739,110.396088,161.179733
57.190874,150.528756,93.365509,160.880646
51.589750,182.484940,88.936348,133.841751
45.289957,207.928067,90.595810,113.713310
40.186700,229.575913,102.729630,92.628189
34.801714,247.971257,105.269440,85.611488
22.162717,260.974358,118.253609,73.272919
15.164865,262.861386,128.973709,68.709618
10.350244,262.710057,136.277756,67.938850
8.477106,258.661549,138.974106,71.939766
6.532159,255.741189,126.047195,74.642181
5.089578,252.230248,141.653610,84.224701
4.754480,249.784665,131.653091,87.739586
4.986429,247.810654,142.788742,90.903732
6.420793,247.137307,145.416595,96.903137
9.949281,244.156087,138.418396,107.695412
10.001978,237.738808,142.011673,111.112488
8.960001,232.423547,143.153732,116.332977
6.305872,226.829358,142.178726,121.868523
2.693437,210.340485,142.481232,141.123978
0.332738,196.729653,113.393303,147.194336
1.370363,181.796075,105.233032,143.475983
0.936761,159.224236,106.079727,182.035919
0.000000,141.963204,102.646089,165.846802
0.000000,132.120095,102.985196,170.445190
0.000000,130.759408,99.567946,155.240723
0.756271,148.752835,91.609909,96.782738
1.121017,149.850030,81.929001,90.159363
0.838481,150.944882,75.608177,89.640526
0.690959,149.236676,69.216820,92.765556
0.715446,148.814069,64.044342,101.158653
1.314468,149.785130,64.073929,103.625618
1.052219,145.951611,58.544350,106.544945
0.600335,143.933186,53.715389,111.324959
0.587655,145.850480,51.046322,105.854996
0.809095,139.993851,61.691242,110.733475
0.871665,138.771500,63.159454,112.648941
2.018356,136.536275,64.418167,113.298286
2.319740,134.888074,69.492004,114.720848
3.933959,130.749852,75.390549,116.968239
3.713779,130.829827,81.963905,119.632935
4.743648,128.727845,88.299095,129.227921
2.453586,123.485406,97.736580,134.453522
2.180946,122.685250,103.162231,135.703918
4.677943,127.299622,105.483665,129.646988
3.041217,128.476807,109.204994,128.340286
1.130805,126.121766,110.911987,130.068375
0.428207,124.690568,110.186874,131.225754
0.000000,124.506707,106.351184,131.817719
0.000000,121.602669,104.564336,132.090271
0.558749,118.627236,103.296326,132.544800
0.000000,116.509530,95.294741,132.036194
0.948656,115.244248,90.315826,134.023544
0.000000,113.496773,86.778558,136.394592
1.123288,114.047478,83.646484,135.183746
0.000000,115.476022,81.043935,128.083923
0.000000,115.742821,79.026461,123.920898
0.759568,111.667481,82.007935,124.850815
1.074533,105.843133,93.221146,133.786499
4.588147,93.480767,100.539925,152.543945
4.702081,73.983369,108.440475,170.556259
8.117322,47.815285,117.925911,192.370209
10.562562,45.887238,118.896881,194.366257
31.852731,4.016503,117.122635,234.399292
50.773194,0.000000,116.017487,201.650201
56.806924,0.068745,101.118362,171.836502
65.302232,0.000000,93.327515,146.902050
69.432340,0.000000,99.061806,129.575621
78.814473,0.602767,104.022148,123.815704
89.232827,0.000000,108.592972,123.608291
101.321031,1.322906,107.071594,136.741226
109.359124,0.000000,128.759689,150.756782
111.002732,0.000000,133.128601,170.843776
103.653878,0.112539,133.938614,204.215744
94.833944,17.398207,123.240410,221.566772
97.762822,74.734274,105.015587,192.832077
121.488496,86.197401,79.439789,192.830994
137.506433,95.888212,72.119308,178.293915
152.760587,123.698625,69.520851,127.259270
173.871352,131.271295,61.044041,102.486275
191.910443,139.142076,61.217751,91.688622
211.035375,147.366388,61.218773,88.047035
260.953969,136.142664,50.719872,102.967690
284.099561,139.814363,47.903664,102.191185
301.900256,139.376249,50.974331,110.055237
319.413926,149.130148,35.045319,103.678543
338.128192,150.793264,40.277950,102.091599
356.349734,153.009424,28.371273,73.542122
374.799115,158.447679,26.563850,93.459160
397.097833,161.191645,65.751480,114.029274
418.999862,162.825994,35.867191,79.854935
435.918706,167.510332,43.798943,78.747856
454.736014,167.620226,23.798544,109.023186
383.716790,134.052008,45.475113,70.035538
384.338020,133.014910,43.540852,68.039024
419.689664,130.017969,47.238869,34.943794
428.875390,133.426819,44.474884,36.330013
441.249631,134.082903,36.244377,38.883339
441.555272,147.481306,37.280159,43.978043
444.874726,133.557508,34.420547,67.297623
454.456821,58.557993,25.328533,67.574097
446.648418,50.084616,33.331005,74.930107
408.331252,17.118284,56.040592,73.262993
406.560090,14.466017,54.918365,76.897758
401.544639,13.068323,48.042164,69.256958
393.771869,15.560270,58.723721,64.076012
382.978574,0.749426,58.451729,74.717415
392.841298,8.291916,45.584099,51.388355
359.844262,9.288475,64.064377,44.525913
384.290700,123.187598,36.088249,28.953741
363.956569,129.586358,30.799809,31.672167
330.874973,126.166029,45.115391,79.469017
345.516935,171.195566,68.592270,129.704620
314.679132,164.772348,68.458153,159.379425
232.338502,148.095835,91.806190,183.270294
189.138360,140.477320,110.339958,217.492615
157.954286,129.773523,115.666725,184.171875
137.925195,127.659670,108.767754,198.047165
127.068536,118.083887,98.283684,239.031555
109.657972,108.650804,93.498734,247.418961
90.936017,94.780657,90.844254,248.587662
78.074453,87.332758,84.997375,212.501587
53.794572,77.398897,88.533943,205.294113
46.595529,68.854135,80.285423,188.439484
40.748227,60.306063,79.749619,190.872116
39.932107,51.043199,79.473045,194.706985
40.760965,50.754442,77.581993,194.945877
34.562310,45.776735,83.933708,194.221909
18.831178,40.111086,99.132362,193.638290
6.682744,34.116686,115.022064,196.507523
8.450875,23.843073,118.781639,206.462097
13.894395,24.954897,123.742744,205.802414
15.307622,30.330332,130.418671,204.005096
21.695386,5.354029,135.975235,226.458984
27.816026,16.310976,127.704903,210.465256
53.032197,1.049784,111.608864,214.377228
77.542516,1.844423,91.622467,190.789352
92.037011,3.381731,81.838493,170.602615
113.052198,4.187189,71.763870,162.018311
130.145520,5.187616,67.199539,161.691956
143.537477,1.447710,66.420631,167.357925
157.992566,1.171648,63.951065,160.344131
176.289617,0.466738,63.979767,151.703720
193.754705,0.282991,63.177826,139.072311
211.557685,3.266382,62.836025,130.919556
232.990251,0.109163,63.078468,138.158340
274.426635,5.556322,63.092846,165.803329
292.191716,14.257051,65.849915,181.405411
313.027391,16.146212,64.445778,204.909683
330.635652,23.647791,62.033455,221.685638
346.476554,26.678575,59.035305,236.463547
365.947513,33.969133,54.105045,243.161301
379.361543,45.154619,56.165657,239.974350
388.713048,63.510057,70.585266,228.418625
399.671533,91.233210,76.442650,219.501129
410.115697,120.214960,67.474854,210.982635
419.517734,157.801851,59.166874,195.454666
418.898645,155.874330,59.623131,193.525833
424.215535,194.316988,53.864716,161.998306
441.708633,240.518976,36.966991,118.675201
442.647901,269.492247,36.684708,88.475456
455.676726,280.531874,23.764875,75.616936
448.240842,281.400255,30.398483,71.870377
449.965811,305.712204,30.034189,43.428852
461.289456,305.634308,18.710544,32.662663
465.945544,305.087675,14.054456,14.036126
470.000000,305.376084,10.000000,12.414652
470.000000,306.869100,10.000000,11.124654
467.755002,307.571455,12.062251,12.858283
462.639863,314.052600,16.793772,18.041090
468.109834,279.075544,11.242456,22.051317
458.446074,270.953034,21.226011,54.513187
441.496695,273.489932,37.497162,78.702805
425.744146,268.565516,53.281281,86.944916
406.530710,254.497882,71.909996,87.570114
382.207079,242.936629,94.793251,93.632713
356.842596,235.223582,102.243713,98.921692
304.848700,230.915877,135.094574,103.569572
277.630560,226.923331,144.055756,108.295509
243.514067,225.779258,158.014206,106.199562
228.576910,225.129100,147.496490,106.111816
212.808699,219.329986,144.510147,107.802086
203.309324,210.632438,138.444748,109.471169
206.268263,203.030730,128.008194,109.612694
214.846544,197.897559,116.235970,104.195930
217.573668,186.790664,112.172836,105.676506
202.334585,168.524482,132.761230,109.634895
199.946653,154.058547,141.995407,115.715691
227.472624,143.382369,119.655319,119.402641
208.624273,143.003024,139.603851,121.528336
201.645922,130.805865,126.657295,124.853745
221.911001,116.127574,126.807312,133.505554
235.466146,107.508922,114.022034,138.390076
215.558912,99.480784,132.392776,141.545471
220.885092,94.382304,127.730896,141.047058
218.526316,90.919894,127.782127,142.257950
215.638723,87.820643,134.341919,143.305023
237.723192,91.913730,110.589424,142.104324
234.074026,87.851039,112.131531,145.146576
236.559557,86.719012,103.615303,146.520370
221.987459,89.331515,105.194374,148.118118
209.940866,89.737323,103.330528,151.856369
199.976755,82.572642,91.094139,162.275391
191.711077,77.183238,88.149910,166.782898
187.127699,76.435428,89.518082,167.568069
194.692331,79.233249,79.797691,162.131729
201.496103,85.239543,69.454063,156.715027
201.465734,94.399249,65.867950,150.035019
190.728523,106.427585,62.077663,144.339615
189.977083,123.475467,74.650124,137.446304
208.466505,140.394874,82.279495,123.884895
232.236052,180.750434,77.512436,89.114632
234.255583,171.019614,92.546005,106.867470
226.213343,215.675971,105.695824,72.651802
248.653147,220.585875,96.690788,81.394432
267.201494,243.918624,97.117531,72.931511
287.887728,246.340196,94.994179,61.653004
304.387564,240.955073,93.698761,56.656250
312.766619,233.145728,91.936836,59.091072
312.480249,230.858371,90.093224,61.340714
309.705526,233.743281,88.202118,64.279724
310.571424,233.760188,88.331253,65.234619
310.265081,239.646735,86.114868,67.540810
307.808134,236.575942,87.618820,65.493980
307.719889,221.446250,84.752495,66.098488
303.787516,206.490281,85.026543,63.396595
295.673834,198.888766,84.646912,67.695877
284.392626,197.570987,82.314400,67.664444
270.641027,196.668139,81.119965,66.659378
263.892210,189.011687,79.380997,67.776024
268.040335,183.372773,70.137695,60.281727
260.882704,178.171229,72.711136,64.107819
268.579008,177.159570,58.611374,63.264225
269.969820,175.795565,47.409004,51.703354
269.468979,172.111462,52.533352,61.916805
267.653702,171.325112,48.560665,58.553684
265.794390,167.678130,52.065239,69.078972
261.340975,161.313720,60.735802,67.298088
255.658907,157.296836,72.929527,65.263741
254.946245,153.339049,82.221916,65.843834
252.751661,154.682620,90.431763,68.526840
253.985006,159.235469,91.965378,56.411743
261.429728,158.542193,83.032326,60.332016
255.718534,156.065257,87.729462,67.891724
259.369833,157.028571,86.681137,66.672096
243.406721,155.771186,96.693665,67.620949
249.938593,154.068709,97.593544,73.463982
250.501810,150.665046,110.012886,77.153938
259.213720,151.626658,111.487656,78.618073
257.196653,149.660655,116.741241,80.660675
253.091238,148.918780,128.658310,79.824112
251.900190,151.465804,126.005341,78.772240
252.526438,150.748004,124.631081,79.548935
251.026251,150.782981,129.744644,79.739357
252.266153,149.901881,121.204323,82.571350
251.385565,145.464187,119.811661,87.305077
254.105532,144.320628,111.215569,87.508606
256.029722,138.202933,104.426178,91.129616
255.478270,141.041869,101.665558,71.082634
253.009668,137.197986,98.622322,75.441208
265.703859,138.969458,92.988152,69.603157
268.809359,143.099845,80.267570,67.849800
270.639364,145.331855,72.845383,64.068642
271.840471,144.629435,66.551598,65.024017
266.782530,146.641040,69.064087,61.632980
255.939863,146.993731,78.839813,63.139633
252.122896,150.706105,86.998314,60.483471
253.783415,153.026765,89.633362,60.731373
258.088881,148.842196,84.047424,64.586899
255.855467,147.633761,80.083435,65.370743
251.291105,142.534633,82.048096,69.946198
242.426489,130.825919,89.924911,78.683174
242.463285,120.715682,81.398773,84.102501
247.501883,136.370665,75.465195,64.343254
237.780428,122.282164,83.351952,79.179710
229.168016,123.863673,85.752251,78.973602
226.344458,128.101523,80.642166,74.945686
213.070536,128.233611,83.879860,78.740593
213.214911,135.383853,76.349411,75.141861
212.483522,142.485473,72.461235,72.234520
211.942263,143.666846,70.262840,71.698036
211.173651,156.596429,70.543381,60.556522
211.653425,160.595889,70.052795,54.650497
213.955496,155.582629,67.801498,58.332779
216.673223,154.653874,65.787735,59.426861
212.646235,151.275103,65.647194,65.533585
206.190371,154.283625,68.726768,60.775238
203.447348,155.370477,71.342728,59.042423
202.575823,157.073787,72.387749,60.283295
200.222166,151.685191,74.220154,61.714417
194.637140,144.208569,80.761940,63.068233
200.421419,139.419204,81.801445,61.162682
213.371416,137.222663,80.513878,63.136421
217.118284,127.184386,78.449799,72.310112
215.683458,139.666949,77.213341,64.330917
203.311430,138.984811,78.947968,51.086430
205.704500,137.539401,71.031181,50.611801
207.000753,132.869199,62.170883,48.898464
213.056705,131.542428,49.528919,61.060581
201.677376,115.543960,55.480816,93.536919
188.255508,126.004695,57.473446,89.694000
186.962370,166.842370,72.393250,54.476780
203.413712,154.928973,49.087795,64.063919
196.479973,159.294825,52.738323,59.891083
190.581898,158.540357,45.852924,56.493404
187.881676,138.290793,43.768902,78.109459
186.357138,125.265319,41.288132,88.985176
183.865824,132.688601,42.207130,70.125549
181.840570,140.096433,59.429359,53.659771
186.857565,133.176921,53.407333,62.081345
187.664873,119.524436,52.695274,68.887840
187.419046,112.838858,51.391945,68.442863
173.337124,89.177794,58.464085,88.367653
155.053587,79.632048,68.204102,97.048409
146.528582,76.435912,73.630638,95.540413
147.286173,77.729667,73.874550,97.760704
135.194822,77.279223,70.901001,91.783264
133.023668,75.794961,70.501152,62.864887
127.425848,70.507476,71.572342,55.206490
121.635065,67.795314,90.723793,73.700912
115.141050,68.900271,98.760864,66.443298
104.009634,70.238810,104.179916,66.586136
91.852789,70.001876,84.013901,67.208199
77.010214,67.616134,94.375320,66.277657
76.304667,66.443496,98.632607,67.270760
72.501032,68.263896,104.186775,67.522293
74.599394,70.860072,109.704498,66.758591
