749.000000,290.000000,215.000000,52.000000
741.232666,288.626785,216.723877,54.767487
729.398575,285.509413,221.391998,60.338657
718.871689,288.852213,224.066803,56.876507
711.239845,292.198948,218.780563,56.807549
704.093506,294.879856,216.370361,56.378777
693.586548,297.442413,214.768677,55.229919
685.196640,300.338324,213.179962,55.593006
673.510551,301.575573,216.826187,56.804848
663.470306,309.374853,204.477600,49.808582
653.752518,315.107130,200.721039,44.999912
640.662315,316.278629,210.843948,43.422203
628.543938,320.134501,213.095322,41.902996
620.946526,322.688305,212.526230,37.773994
611.834045,322.999264,209.949158,37.234962
600.576721,323.523573,211.003998,38.129551
590.673149,323.279219,211.510818,39.518986
582.990288,324.560522,210.591721,39.493427
574.010452,325.938198,212.702118,39.214149
563.941841,326.504026,213.731064,38.519535
553.373619,326.168022,212.083450,38.451523
545.384407,327.322399,213.935715,39.073036
535.971794,328.302019,215.371719,37.193233
527.349449,327.610004,213.259323,39.081841
520.446022,326.704746,210.400589,39.993523
511.579491,326.762484,207.022324,40.583523
500.743584,326.285334,211.521530,40.296246
491.014023,325.646378,207.763245,42.347107
481.532143,325.094801,208.921249,41.641422
471.793037,323.909204,205.371384,42.847332
462.114616,322.925188,202.516342,42.851406
450.250290,321.876509,208.127838,44.015171
438.680801,320.872974,205.695068,43.866081
431.822037,319.921001,203.692535,45.703133
423.553070,318.020058,206.121857,45.401718
412.121414,317.086346,210.306305,44.899361
367.037460,282.512348,247.777863,77.905602
323.510254,232.861908,277.642639,56.868469
337.369644,231.646984,275.454559,54.019142
352.731079,231.462103,273.055420,56.310291
364.264832,232.221149,273.884033,53.791283
372.671509,231.074680,278.993713,55.554741
391.721146,230.464804,269.732025,57.883015
405.003555,230.276485,266.775055,55.873726
410.850708,228.499613,271.881958,57.842876
424.243591,227.943594,271.881348,59.218098
431.008850,225.505999,276.185242,58.272793
438.018143,224.427132,279.454559,60.924545
449.085403,222.542622,277.249603,61.323143
458.149597,220.054232,280.107361,62.971188
465.194748,216.929638,286.471954,63.311867
472.923508,213.965118,289.847015,67.192017
477.758392,211.296337,295.798218,68.954933
492.551270,210.233555,290.281799,66.569450
503.939697,206.010651,291.526062,71.089172
518.221878,203.657894,282.000458,71.011421
533.557510,201.014122,278.605865,71.765518
540.866882,197.301144,279.872620,72.272957
549.778214,196.105072,280.491486,73.676147
557.310349,195.108067,283.384186,72.743034
568.231827,191.653660,281.382477,76.614250
573.305435,188.491497,285.718658,78.151527
578.953262,185.422527,290.415741,77.956764
586.073212,183.644550,291.485657,76.467064
592.545425,182.354702,293.130585,74.510628
599.708450,177.583057,292.116425,77.245872
608.428848,179.115505,296.714569,71.120857
616.401947,178.189255,297.908264,69.389496
624.705368,176.969784,301.287567,70.859932
635.230911,175.661907,296.496063,68.975258
645.273438,175.402393,296.938416,67.048973
652.885193,173.524490,297.340942,68.597748
667.625153,173.720917,290.684937,67.534668
674.145447,175.890888,291.053223,66.076866
679.507889,175.731762,293.002899,65.250160
688.178238,176.020653,291.663544,63.368973
694.541870,174.515488,292.091125,64.437531
705.805298,174.178398,286.863159,64.252457
710.201050,174.712292,291.202026,65.072975
719.176056,176.073359,291.232910,63.651867
722.741837,177.204224,296.412933,63.161987
735.031586,177.687210,291.912598,62.310211
740.995789,178.214750,294.796387,61.980595
749.010818,179.165316,293.455841,59.830868
753.901199,178.666676,292.797089,58.813316
765.748398,178.364687,289.337311,59.566586
772.567230,178.869724,289.530579,58.208488
779.441498,178.749868,290.075745,58.674580
785.505569,178.571770,294.263763,58.674454
791.377747,178.042885,294.685547,58.035202
796.313995,178.143011,293.014771,56.780384
805.383621,178.497839,288.798737,58.968800
818.859467,179.829943,279.677551,58.557705
829.871689,180.627169,273.350861,58.562069
838.300919,183.136086,263.953156,55.890121
845.010376,183.534479,262.390686,57.301098
853.385040,184.341595,253.906189,56.673805
862.544525,183.145998,246.830139,57.618710
869.214081,184.549442,242.308167,58.718925
878.577881,184.517962,235.385742,59.109707
888.233566,185.738680,228.943939,58.922665
900.735207,187.365852,218.882187,58.058945
910.213768,190.441948,213.968765,55.896378
918.500732,188.878117,209.355530,58.383659
928.568649,190.308655,203.318268,58.391052
936.743011,191.387550,199.543640,60.073227
944.328171,191.097431,196.209259,60.970970
948.971077,191.757565,195.547592,61.917305
959.185608,192.396143,188.713867,61.502209
965.463020,194.771198,185.376877,57.544029
974.522011,196.837725,178.513718,54.236477
984.792419,197.709709,171.284760,53.630142
997.235489,197.513355,160.775635,53.082115
1002.247826,200.574368,157.523087,49.823250
1012.601570,200.792444,147.301834,50.299206
1020.854225,201.437862,138.462112,50.471718
1027.113243,202.120449,132.523087,50.364326
1029.323906,204.723743,130.878799,48.550896
1031.654366,207.396351,129.284042,47.553246
1028.156242,206.048195,133.074509,50.044571
1031.494015,207.736542,127.028877,47.891571
1032.996311,207.921597,123.000786,48.474770
1038.465805,209.124296,114.779358,48.211124
1050.222923,210.964655,102.598923,46.977642
1056.891685,212.125065,95.855972,46.193535
1061.106297,213.162855,92.853416,45.240543
1067.599533,216.021399,87.502533,43.094440
1076.159542,214.976866,81.532509,44.935337
1079.029442,215.648027,88.760544,45.969204
1160.082670,217.938612,24.111118,42.869358
1205.860497,237.158224,38.722946,24.898670
1202.969616,233.310610,76.737526,30.454449
1198.521152,227.648586,80.749550,37.136986
1195.242249,228.969486,83.782822,39.756447
1197.281921,231.593966,81.241104,38.162121
1198.365005,233.984159,80.913559,36.015736
1196.215412,233.638330,82.123695,36.539791
1197.064163,233.883850,81.602310,35.990738
1201.442879,236.944479,77.878357,35.692051
1203.930779,237.635799,75.489838,36.974907
1202.967381,238.435198,75.983711,35.966839
1200.710293,240.371832,78.852348,35.599522
1198.172615,239.262798,80.614441,36.490837
1197.528114,241.967890,82.060638,34.478390
1194.209076,243.276354,83.853256,35.956280
1190.125038,242.039667,88.012665,41.570705
1186.484798,238.949938,91.777855,45.168224
1191.304436,235.643719,88.601593,47.248253
1173.283058,231.639528,105.418274,50.729473
1043.026390,237.146114,115.722702,60.005638
892.988831,252.763403,257.307251,61.539371
832.967545,251.769844,323.639252,63.788879
844.221359,253.013283,302.706696,66.210938
857.528152,249.912441,293.210052,66.572289
873.781387,248.858063,273.702728,63.735672
891.970184,248.977661,242.755066,63.135757
905.296181,247.547575,234.809921,62.072285
918.495956,245.121643,225.028046,65.416031
931.378624,243.603260,222.072769,65.144203
948.030945,239.001343,209.126770,69.549088
957.556313,237.128746,203.803268,69.471588
966.246048,237.207005,200.927460,69.144356
977.712250,234.984901,197.059448,70.034546
953.415459,239.999912,223.068253,65.865791
844.528702,269.337791,321.449005,43.844086
848.145401,257.404160,318.098236,59.115036
831.929779,270.683050,258.615112,48.356510
816.666023,281.853706,190.817307,44.349243
812.353851,280.553537,205.686829,46.566952
808.327057,280.850704,217.516846,45.814293
800.933052,283.263952,217.272812,44.022007
792.461510,282.700644,223.929153,45.720463
786.535530,286.088243,221.536484,43.620953
776.339348,287.585585,226.716904,43.678699
767.746414,288.439812,227.505646,42.506012
761.982948,287.722965,229.217361,43.048744
754.630768,290.196335,221.427795,43.392929
748.244019,290.851595,223.472595,43.857586
742.373344,289.857689,218.801010,45.411957
734.971321,292.360991,222.124435,45.024586
726.962578,293.367249,224.468765,44.084793
719.103859,293.354187,229.580673,45.968399
710.743904,291.916683,232.266312,47.945946
707.165184,289.580040,231.987411,50.282013
703.147873,291.662104,228.546814,50.058559
699.362587,291.834015,219.635025,51.138687
694.247101,294.049316,219.589874,50.325089
686.153389,292.723562,221.817398,49.984470
678.796638,291.940952,222.505814,51.026558
670.883057,293.084028,215.990692,51.578053
665.187599,293.278254,224.327835,51.597683
660.740166,292.403379,219.172836,52.623737
654.861252,293.937634,213.807556,51.187859
648.351257,292.051603,216.958405,52.593647
643.804932,291.113827,212.996613,54.829430
639.582916,291.204363,209.905182,55.293377
634.001144,293.044666,204.010010,54.092018
625.853554,293.785685,208.918655,52.753902
621.401192,292.914709,212.669327,52.763065
617.102501,291.461489,207.026962,54.155163
609.456497,290.066467,207.025574,56.186417
603.597794,292.432909,203.571350,54.478741
596.910301,291.671120,204.978073,54.994080
591.219551,291.266819,206.614273,55.054329
584.218727,289.825335,210.134842,56.276531
581.569328,291.047392,210.414780,55.458393
575.904457,291.183613,209.630508,54.585670
570.063835,290.274576,211.389755,55.513546
563.416267,290.585115,213.023392,54.435314
559.747124,290.587730,208.183212,55.687286
553.673912,288.663969,212.526474,55.869831
549.269333,289.530411,205.432312,55.793564
543.337624,288.504641,205.349503,56.359020
539.387817,286.792257,203.434906,58.714573
533.625336,285.887697,205.336273,60.173656
529.156670,284.587502,206.332626,62.075989
524.900597,283.394249,209.622604,62.335968
520.305367,282.578102,210.300735,61.677368
517.980072,283.785793,205.731598,59.873985
516.581779,282.698425,199.988022,60.283279
610.901527,291.575340,104.086441,51.206329
508.528389,282.604441,201.454330,60.288570
521.469147,285.215322,186.435730,57.845921
501.379723,279.174355,198.845291,65.107300
721.095486,316.117193,118.675117,53.314518
742.777466,310.441729,203.082764,58.307873
730.782478,312.221840,211.564255,59.248749
722.445473,317.725979,211.251877,57.052422
714.979431,324.201708,206.577271,51.860363
709.122917,326.038303,204.449478,50.885536
700.533844,328.194235,204.483337,51.508060
690.557365,330.151834,210.285355,52.495327
684.295044,334.811235,205.933075,50.621044
675.565842,336.752666,206.790649,47.604942
670.412010,336.426577,210.378494,49.252056
662.777565,339.682989,204.119797,46.304722
656.646439,344.105181,202.483612,43.097698
648.102539,346.050257,201.196686,40.178066
643.115227,346.313498,198.033218,40.192661
639.524078,345.440363,193.712646,40.696926
630.888344,346.222151,201.643906,39.723835
621.230568,346.419994,205.532547,41.072807
610.242058,346.632048,208.644913,40.859699
608.091759,346.031197,205.168106,41.216217
597.136368,346.654325,210.916931,41.040028
591.501137,347.397686,210.899521,40.844231
586.483696,347.841862,209.064743,39.540718
580.135849,348.521505,208.218994,38.206394
573.621742,348.177904,210.076981,38.847637
567.682777,347.712341,208.981491,40.127274
562.886238,346.988998,210.045761,40.688248
558.091118,347.158567,207.399277,39.641956
551.690681,345.657005,205.051376,41.641510
545.310867,344.690281,203.606506,42.643013
542.236809,343.729418,201.080734,43.648876
537.791733,342.215218,200.760864,45.261719
531.134476,338.995251,200.288574,50.261314
523.682465,336.940929,204.360870,51.267082
516.402550,335.774275,202.965439,53.921009
518.314629,333.466631,195.377365,56.238873
491.086311,324.405209,218.109879,67.422386
468.767662,314.200325,233.888474,76.857483
345.278702,258.555458,336.724609,123.061401
328.258926,247.561893,319.564392,120.638313
325.132095,249.245911,295.522705,116.864639
317.858398,244.527153,337.614288,145.391083
310.704361,244.901051,319.795410,125.953712
305.880783,243.520203,302.291382,118.181046
301.586273,243.903534,345.646149,143.287064
297.036682,240.564926,351.237885,139.899582
292.054962,241.420784,332.833649,127.810547
291.266418,240.251839,307.763214,115.383728
340.060791,268.977375,297.164215,113.222145
432.475586,311.649158,206.646637,69.586647
425.192657,323.804100,206.258881,59.204987
417.666618,324.364994,203.054916,55.628670
411.778328,325.035130,207.703140,55.413094
407.086662,325.212051,207.469772,53.730881
401.589600,323.289343,205.374908,55.771244
396.382004,322.731983,203.937256,55.966347
389.067474,319.980730,205.718292,58.960674
384.438141,319.821041,203.571442,58.697838
372.564400,315.544243,206.796707,61.238678
343.429359,295.095337,231.237686,80.987320
235.801102,220.859119,201.390594,80.101234
233.015991,220.299870,197.771606,72.057320
228.653267,217.702423,197.042831,72.780533
224.910805,215.498310,199.354416,72.564919
219.789848,213.796543,198.294205,72.222725
217.815498,213.308651,203.601547,72.348228
214.284744,211.730221,201.332306,73.614342
210.063393,209.808563,223.676743,88.132095
206.551407,207.574970,204.328217,78.026527
203.004845,207.965237,210.320511,77.240868
200.502930,209.273232,206.270203,74.516602
193.094963,209.700161,209.763992,73.091270
190.751785,210.548000,210.767853,72.933006
185.264641,209.226265,207.476456,69.493042
181.643318,211.931614,203.449814,64.928963
175.737328,210.380054,208.852432,65.786110
172.607658,209.399426,205.004227,64.276237
172.762321,210.353825,202.154312,61.104683
169.509689,211.230309,202.408234,58.745941
166.525162,209.644888,200.708527,58.224400
163.574356,211.727016,199.840607,54.699791
161.443031,209.541403,198.536240,54.865757
158.062569,209.495211,201.690475,54.934765
158.470947,210.279366,201.693420,53.546570
159.317970,208.668921,196.363449,55.204411
160.309113,208.532431,189.584656,55.900974
161.255043,209.035961,195.063889,66.156548
164.430122,210.665934,183.248764,57.581478
164.923767,217.859739,178.031738,49.917194
170.261459,233.380890,230.747345,105.509048
174.173615,247.168892,229.705078,99.900146
164.107475,222.972179,223.779678,114.107353
171.625542,294.476423,217.006241,54.332874
163.407639,292.202641,206.219086,33.176643
157.312157,296.793682,220.958206,57.737785
151.941246,277.389141,217.531876,75.410149
141.503647,296.344454,227.173615,58.120800
131.992905,297.004448,228.380585,56.898102
123.855316,297.492317,224.629883,54.938110
117.675446,281.105690,219.760742,69.220215
114.588326,295.061127,216.169846,56.979202
107.248337,297.802700,221.585907,50.886497
103.934669,299.111296,214.936020,45.815815
100.419479,298.675293,206.875031,47.576035
98.882622,297.796185,195.649033,47.182426
95.516052,297.032499,188.320770,47.189259
90.246399,296.333717,182.684143,46.699646
86.641052,294.003412,176.026459,48.592617
83.152130,286.287981,172.942719,57.484051
75.900505,289.803635,167.540146,51.824356
71.592789,286.564833,165.055847,52.380451
66.551743,284.121271,162.857452,54.554134
63.478241,281.990396,158.651428,55.554928
59.059875,278.135397,156.683258,57.604893
58.188812,277.884041,153.122253,57.056458
54.443710,264.170811,151.035553,71.963814
48.762253,272.684824,153.696808,61.390926
87.423698,165.003601,135.184952,141.725845
37.996353,267.593273,164.414520,66.862053
37.994507,268.187479,156.121521,63.229610
32.859970,266.432079,156.980194,65.105583
29.451607,264.656948,149.574234,66.269188
27.969322,262.201252,143.125198,66.537880
29.423737,245.260448,149.693848,86.992577
21.142166,260.000652,154.206146,69.264061
93.192398,159.047298,165.359039,104.137199
95.513596,156.624191,150.641632,98.739273
92.479095,156.565643,152.970215,100.082748
90.788803,155.183327,154.266510,101.973969
26.121651,225.609188,166.736832,104.835197
7.315819,251.638138,169.633774,77.709610
69.031929,168.129494,138.617142,143.169098
76.802353,146.481483,162.971313,109.965851
77.485085,151.726376,158.780899,102.259087
74.822975,149.813282,158.385757,102.916695
73.974243,149.136246,159.408295,104.871902
71.962662,149.596996,157.806763,101.412193
72.926773,149.008526,157.007690,102.716820
72.413841,148.327782,156.836044,101.275024
73.583015,147.691574,159.909927,100.931717
72.364891,145.657822,170.581223,106.632217
73.658340,150.169003,160.007263,120.262138
44.859444,250.108677,188.401871,63.937355
71.503090,170.037773,175.291824,141.638611
52.691414,250.584572,203.939285,67.007416
47.888031,257.136957,220.795929,58.274899
44.663414,258.323757,237.122543,60.007072
42.647430,256.989983,250.717316,62.803589
44.476913,259.885027,261.739746,61.691418
49.478104,259.388578,272.565796,61.474232
70.653427,261.071381,261.512817,61.575241
88.898758,265.433668,254.441406,58.821735
96.175217,266.688280,268.634399,58.751476
106.497620,271.358213,268.861481,56.404285
122.074554,272.878500,269.108429,55.306095
137.867264,275.448181,275.845215,55.860825
156.510910,277.268564,269.527527,56.880215
171.333969,278.392275,269.697571,55.959759
184.540176,278.996387,270.601624,53.762215
180.129333,280.038078,292.151154,54.306396
195.167358,280.256784,293.139679,55.697353
201.237518,279.648430,302.500702,54.704163
222.437943,280.850477,297.533813,55.277058
238.557556,281.591738,296.384369,55.048504
256.967255,280.057755,293.575958,55.971024
275.947617,279.191759,287.122620,57.419079
291.826279,279.530350,286.768066,57.348892
310.258148,280.273870,282.623505,56.089573
330.120193,280.331728,277.340576,57.243999
344.147339,280.771523,276.424042,58.166962
358.372253,281.702383,277.422638,56.945866
369.361221,281.557327,281.387939,57.715958
385.394165,284.133068,277.630402,57.707603
390.824783,284.908377,285.728271,58.041264
409.178665,285.821308,282.612915,56.550606
424.451843,284.738752,279.926544,57.135822
431.620392,283.325014,281.127716,60.374432
446.435669,284.406666,276.556488,58.838753
453.740189,284.516071,276.974243,58.703987
463.711594,282.594591,274.924011,60.848827
476.258682,282.169991,270.493286,61.261627
482.432938,281.929178,272.502014,60.717861
495.624634,282.205446,266.613068,61.266521
502.695618,282.051495,269.949982,61.167259
517.082352,284.155605,263.211792,60.108147
525.953323,284.729610,265.396240,61.133476
534.596313,285.641138,268.945831,61.095455
541.026810,286.084402,275.525574,59.257999
552.435562,287.574207,276.382080,60.086800
556.968948,288.831011,279.866211,58.367443
564.735321,288.634441,281.353729,58.648643
574.033295,288.937513,280.141815,58.958698
581.777740,289.699146,279.376068,57.050362
592.678268,289.617931,280.638062,57.474022
598.645599,288.420549,282.514801,59.078564
608.456833,288.418465,280.632874,58.581512
613.692200,285.399216,288.576263,61.328995
621.780594,286.173832,288.810120,60.632729
631.574631,285.082987,288.748413,60.470119
641.853867,284.939779,289.156860,58.824223
653.438644,284.268772,286.293579,59.035744
662.376373,283.736176,287.553375,60.008041
668.815552,283.867512,292.034576,57.475349
682.911469,283.408567,288.078033,57.382374
688.418686,281.516367,293.441711,58.548000
699.281479,281.409286,291.044067,56.691422
704.666321,281.961432,297.187958,57.608982
719.569473,280.753468,294.217163,58.018013
729.047211,279.177128,295.399200,58.323891
738.633270,278.799288,299.170319,57.722332
750.736465,278.698494,294.776611,56.539459
764.406418,277.639914,294.607605,56.715946
767.461823,277.821463,302.997528,55.836918
778.045410,276.533640,304.361847,55.986599
796.400970,275.645164,293.161102,56.106506
802.821671,274.078608,296.532349,55.720821
811.443573,273.756788,294.744843,54.619282
819.130692,271.657330,295.942261,54.845665
830.058044,272.632479,291.160126,53.041424
840.115906,271.492676,288.022552,54.236130
849.676605,270.886463,285.336029,54.247505
861.268173,269.704235,281.842590,54.129112
871.586868,270.224154,280.268982,52.550518
887.744965,269.787792,272.399200,52.600121
900.455139,268.455997,269.592926,52.259926
910.343475,269.129019,266.859100,49.970646
925.638489,268.636770,256.342133,50.236759
939.355995,268.907061,249.424026,49.181896
953.435829,269.621996,240.914200,49.915295
963.780701,268.357433,234.355255,50.919334
970.157539,267.307114,229.944778,50.311172
984.440399,265.907179,214.351959,49.784870
992.182503,266.709326,203.917618,47.489353
1003.739304,267.588354,193.382141,45.229252
1021.088562,267.693846,174.932159,44.279560
1036.207939,267.917303,157.969162,44.643650
1049.860069,268.356329,143.889999,44.096043
1065.712513,267.080038,125.904289,44.964146
1088.234325,267.490734,101.320045,44.220757
1102.460484,264.740135,87.614037,46.877411
1115.741516,268.176323,78.521088,43.784058
1194.834892,274.623138,78.643753,37.032700
1192.988518,274.303928,80.629440,37.022377
1190.339706,271.428793,83.177856,40.594212
1192.142681,270.585136,80.558876,43.560120
1129.613937,266.722647,147.738068,48.291935
1094.120056,270.886604,121.188080,43.867035
1083.208817,271.674057,113.185974,45.482101
1080.995621,267.957293,118.976379,50.773022
1056.890297,271.137062,205.018906,53.418304
1048.866150,274.691320,155.064728,42.426853
1035.104881,265.159245,148.442612,50.894569
1026.664856,270.052595,179.488251,45.809254
1015.794151,270.848511,196.774521,45.270340
1004.246094,270.955498,210.007538,45.965912
993.928619,272.632704,222.644196,44.715443
980.292198,274.233210,232.476303,45.017910
966.784904,272.427795,233.805740,46.677658
955.823212,276.226398,232.015411,44.316719
942.010239,276.813490,229.722260,44.066395
927.600624,278.073357,221.914688,43.301697
918.822884,276.650377,221.761703,45.349957
907.130608,276.929848,214.286728,46.641907
895.900795,279.518570,214.195389,46.539261
883.122902,280.914158,220.207352,47.856331
871.131798,282.078468,227.730698,49.230591
861.485489,281.974110,225.175140,51.997108
851.762955,282.527636,230.017120,53.265911
837.973961,281.690710,236.468826,55.040348
827.187836,280.346649,238.715698,61.533707
812.435707,280.035297,242.962143,65.817665
799.404510,289.559740,238.650391,52.714031
792.202065,294.724321,231.623032,47.298443
779.771652,293.054749,232.342438,49.586685
765.487305,295.841639,232.555847,46.965786
748.882301,292.743290,242.126328,48.462227
738.650269,297.748989,240.953308,44.684349
726.623177,293.332964,240.707016,46.388805
715.386803,281.849928,238.154373,60.014179
691.119698,196.545776,242.976486,148.327560
686.598991,140.494347,253.914810,94.887390
684.631653,299.111164,222.302917,45.945869
676.148323,296.817823,222.116959,47.776722
662.951408,293.680262,217.835495,48.165920
649.703926,296.066328,216.841629,47.061939
638.150543,295.854509,220.036255,45.154858
620.397972,296.780745,224.948135,44.469990
617.988480,294.694052,215.373779,46.443211
610.534805,292.798079,213.765869,47.067432
597.075974,290.004274,214.954041,50.589275
587.362129,287.017723,217.182907,55.197449
571.308685,290.074375,223.533020,51.764381
557.968987,290.317190,229.767105,49.798771
544.246773,294.253080,225.488297,47.046803
533.895676,296.797176,224.043854,43.347588
523.414238,297.336311,226.139603,41.705963
511.221649,297.830795,228.452606,40.656357
499.423569,296.719778,228.652893,42.031223
486.512238,295.367601,225.618439,42.850842
475.650551,294.820328,226.736893,44.089737
464.566383,294.280813,222.974350,44.894352
453.008041,293.633837,228.772186,45.812542
441.790848,291.386314,232.217529,48.236389
429.801476,290.353559,235.080093,49.661091
420.486458,289.486553,230.761276,51.109764
406.015114,288.124338,233.973495,52.875149
394.456917,286.915344,235.415146,51.817978
383.338104,286.030523,235.683716,53.630833
371.534264,284.995464,238.612503,52.961021
360.603615,282.567015,237.853928,53.500172
347.348991,280.437675,237.879410,53.403381
340.510109,277.437904,228.882248,55.356842
333.293236,274.805370,223.734024,56.229698
326.672089,273.778872,217.958374,57.115948
322.569992,271.433968,209.825958,58.776459
320.238991,270.427399,201.060043,57.010605
316.133003,269.414557,192.056076,57.078281
311.923782,267.042732,185.069092,58.580231
305.758240,264.662922,180.201599,56.952339
299.471321,262.833214,174.258896,55.637573
292.212090,262.063339,165.837296,53.474411
282.710007,259.848488,161.019135,52.762543
273.293999,257.577829,156.667648,49.392239
264.166779,255.533747,155.714294,52.077694
252.889351,253.165995,160.990982,52.193233
242.592735,251.022736,165.930435,51.141953
232.058044,249.895870,171.437286,49.435631
221.068214,248.442942,178.623276,47.406368
210.388054,247.065731,182.132767,46.160118
200.774216,246.221165,189.280945,46.743050
192.574173,244.594484,198.590912,47.270000
183.278320,243.491293,201.172485,44.535374
175.373596,241.729824,207.475983,47.369835
164.741692,241.070698,212.565750,45.450233
155.453232,237.984331,214.936768,46.528271
148.395287,237.509298,216.602371,46.104771
136.347816,234.172796,222.613174,47.663212
129.347977,233.747297,223.911987,46.588551
121.504089,231.191969,226.775146,48.854359
112.870750,231.448177,225.162766,49.233299
107.821915,228.352003,224.446045,50.112904
110.651772,229.910252,214.466019,49.010872
117.104492,230.560377,201.630524,45.450336
119.587334,228.189219,195.138199,47.528011
119.426010,229.777813,182.744110,44.902946
117.666191,229.019653,175.947617,42.560593
114.409393,227.886036,169.723083,41.182167
109.739998,229.203594,163.702835,38.822136
105.678818,230.267447,158.465912,37.437595
99.284798,230.777916,154.391830,37.658234
93.849098,230.125532,151.533951,37.934010
87.036530,230.548109,147.589691,37.481556
80.743195,230.233692,145.922363,38.323769
72.256805,230.387833,151.647278,38.805832
67.676979,228.642361,151.413620,41.810234
60.232201,227.602150,159.198837,44.482849
56.095566,227.388397,164.998962,46.435074
50.149216,224.393637,171.224854,49.045811
45.570900,225.123234,172.374466,49.189613
40.334541,223.341623,166.563187,50.206173
36.670143,221.442104,163.683182,52.426109
31.246239,220.060467,163.871964,51.412041
28.778313,220.291512,159.942520,51.586823
31.135094,217.482103,149.384628,53.627270
35.118889,218.396200,139.793594,53.966496
42.396805,219.070152,132.388580,53.485474
42.805973,217.033266,123.362114,53.817089
41.666019,214.607430,116.322014,54.534698
47.418488,214.905272,104.546967,55.019672
48.951210,209.862343,100.417923,57.482605
48.629608,213.046268,106.114746,52.508156
48.315804,214.921495,117.444382,51.613567
49.606174,213.875584,127.515495,52.223274
44.970695,217.712461,144.989365,51.949146
62.285324,212.693377,146.292358,56.722088
73.596680,217.686611,156.730255,52.694267
82.432022,217.031748,172.679016,55.811611
77.608360,218.522020,199.554001,59.273785
72.200165,218.493122,224.809967,62.707375
65.247879,220.801466,250.207031,62.421192
75.403915,226.232342,260.529602,60.824394
88.000961,229.137344,267.832031,62.380478
98.413940,233.291937,278.570160,63.007389
110.933411,236.807751,288.664337,63.845940
128.773499,240.457127,290.047211,62.879219
152.556854,243.928072,286.223663,61.713024
171.809906,247.628151,289.271698,61.084778
196.991608,252.187119,285.042755,59.417404
221.112381,255.465429,276.420227,58.439640
246.790939,258.102858,265.354065,55.306263
259.793701,259.228232,380.619354,21.063204
413.003502,214.361547,208.403183,60.306705
409.309944,214.965710,210.730057,60.460258
403.071556,213.929749,210.994675,62.734756
393.910118,215.268053,213.438644,63.532024
467.085358,225.981636,134.834747,51.824219
480.857292,226.782125,118.426163,50.751835
477.913254,226.280195,116.590118,51.325275
457.767090,224.229576,129.010315,53.676727
396.664856,169.602974,155.337738,156.198578
402.266312,161.665474,135.434875,198.303253
408.235443,198.229187,142.877289,122.950241
401.327034,152.842323,147.303360,159.197540
406.351967,197.789268,152.478287,134.263611
401.318008,183.772247,155.159302,126.270737
399.482681,141.162430,138.204346,162.164688
404.848099,141.362640,73.340210,148.282700
399.736393,139.579353,75.052208,142.327789
396.227901,140.210670,82.919472,133.304108
393.327045,136.078720,84.856743,139.830338
392.001713,129.179619,82.498619,143.794800
392.723888,102.518578,116.246346,170.697754
389.938133,102.349648,130.115097,182.100433
294.757126,218.902630,219.649597,61.833824
291.604324,217.899895,215.900208,65.949829
287.439056,219.031929,215.997772,64.259186
283.583176,218.638046,214.250854,63.645767
278.232079,218.662352,209.467880,62.850025
273.163605,217.045731,211.104218,61.330032
269.286369,217.818628,208.123581,63.247433
260.904076,216.751419,211.267502,61.008682
255.742950,217.962868,207.436249,59.140045
249.659828,214.211176,207.867935,60.610226
244.923004,214.171583,256.554352,32.523090
237.271004,213.657595,213.877701,59.977764
232.301041,215.152426,239.861023,43.621769
233.830521,206.901840,270.310913,31.562790
219.212608,214.121552,208.779465,58.548965
218.817307,209.712880,289.320190,12.388464
223.814995,193.420547,212.359253,71.883591
254.245132,141.650833,242.941116,71.153915
258.872673,144.186153,232.445068,66.051292
196.638206,211.739161,208.635132,60.067348
191.527489,209.682093,212.294312,58.813992
189.476425,210.079655,211.202896,61.595528
183.403236,209.543869,214.688690,62.141403
180.535568,207.965763,214.146439,63.103462
176.149719,206.359638,216.384628,64.269814
171.165894,206.054882,217.765793,67.205132
166.430458,204.943031,216.164581,67.918701
162.296280,203.114471,218.598526,70.521439
160.496323,202.718079,216.723099,73.459854
157.169617,202.605171,211.764755,69.667419
152.219803,201.646206,216.004105,74.786461
149.797440,198.048733,210.873428,74.123802
144.904991,198.060032,215.036682,73.723335
142.559944,196.143330,207.037628,72.034523
139.583588,195.403557,209.555893,72.793915
135.564758,193.552139,211.336777,73.462021
135.032196,195.204376,211.191513,72.005142
131.993851,193.157917,209.804764,73.087196
126.583893,192.669083,210.545029,71.624680
124.283531,195.327602,208.080078,68.860069
122.693771,193.662342,202.029129,69.487160
300.164633,150.142216,61.360416,99.365303
406.578568,131.124357,100.214310,60.332874
416.410759,128.208654,137.846252,60.993504
432.549484,135.639910,119.194473,48.929668
450.483170,129.957041,110.406357,51.908718
454.985538,142.867891,112.713051,46.147778
428.493187,129.268654,140.802277,63.414948
262.479706,225.967103,188.056412,10.000000
248.009739,224.397195,86.721870,35.604126
152.371052,191.150426,127.262947,59.493858
96.782806,189.675933,173.097977,59.800755
94.445984,190.294703,176.549606,59.362133
92.903923,189.171626,172.462097,61.073376
92.797577,188.317544,165.179245,61.817368
89.595009,188.841018,165.726685,61.590672
88.819427,188.549598,162.828629,61.438038
84.193665,187.597074,164.655746,63.561562
80.393890,186.558173,163.063217,63.890430
81.622536,185.719636,164.062103,63.686798
82.364746,184.210914,158.476822,63.111561
87.206284,189.249227,152.755844,59.762169
89.534637,191.746079,147.900009,56.174591
94.970871,194.744166,134.886368,52.876629
95.122040,196.673961,129.008926,50.792095
97.562035,196.242955,120.216187,51.514336
96.364777,196.321837,108.778030,50.448917
98.285240,194.296771,95.937683,53.378109
98.078098,195.769931,83.992012,53.830532
99.247524,195.549905,70.582420,51.462784
98.487625,195.925094,74.387161,48.740299
97.855587,195.499776,72.980278,49.224754
99.888309,193.767882,66.606026,50.898197
100.389750,192.746371,62.864590,51.459316
99.029696,191.894130,61.159740,53.656689
97.245308,190.856940,71.521027,60.913685
107.343506,187.437270,149.977859,44.298344
202.925087,183.386670,163.006836,45.521339
198.567047,187.204110,227.304672,45.197678
193.052338,187.916451,217.692825,45.742752
190.032036,186.982131,217.624542,45.960056
183.361305,184.892480,219.368134,48.991959
178.402367,179.979457,206.738953,53.168041
169.804520,177.304896,205.966690,54.769848
164.276917,174.759044,201.759079,56.340191
158.662918,170.926272,198.789139,60.039059
156.217155,168.258056,192.154053,62.359684
145.060326,162.872037,188.420166,65.860664
133.567581,157.132878,188.163712,69.945366
88.359276,151.795758,221.171021,76.553993
101.886368,144.611684,206.108231,80.253929
119.404961,139.618165,181.635010,82.604980
90.590324,138.830949,208.085754,92.118439
88.318100,141.159219,205.310684,87.304367
83.514511,166.278329,198.311783,70.503281
83.726685,180.298951,176.353745,57.608459
86.175713,186.322461,179.524292,53.282509
94.907578,188.422240,182.337479,56.284946
118.968201,192.859046,171.409470,50.336170
136.210747,194.449643,171.770294,47.401497
144.942406,194.533652,177.266541,49.753254
145.222923,194.647634,190.958588,52.576469
135.284599,198.165952,215.506042,52.583931
126.967216,202.394967,236.963928,52.765366
126.288979,202.908271,252.361725,54.401844
124.366570,204.814076,268.012878,56.050682
124.188622,207.474936,280.353394,54.892170
127.051750,213.021972,292.382629,51.557682
140.847771,216.980861,295.168762,49.474010
158.340813,219.328586,292.458130,50.209957
164.253242,222.687480,299.986725,50.345806
194.583702,221.614011,284.117676,51.922371
211.818962,224.081576,279.715149,50.294674
236.689507,223.201194,268.420837,52.495441
253.735970,223.014308,265.550690,52.741222
281.346558,223.154824,251.613266,52.129257
278.416801,219.768310,265.807434,56.801456
289.140846,215.140313,268.376007,62.732437
297.443718,212.055097,274.806335,65.444679
316.546715,210.596868,267.779907,68.133720
330.549965,205.184747,262.907928,73.927750
335.143990,201.892594,269.689056,76.683380
346.425972,207.658208,270.219696,71.957207
347.816566,205.734227,281.540436,73.108635
363.871849,210.919583,275.226990,70.322456
372.982765,210.011086,276.207916,69.624741
382.748894,209.965764,278.215515,68.615166
393.308815,214.247033,280.843658,62.795181
409.043404,204.240064,273.047028,69.919899
420.326500,209.092359,274.329956,66.689064
430.846840,209.883851,273.427216,68.939087
436.307487,204.777463,277.206055,67.685310
441.358894,203.280911,284.970062,80.466988
459.374565,193.582433,269.746582,81.066643
464.560020,197.720761,275.179565,90.772774
470.048515,185.789525,273.906433,87.829826
480.128563,184.010026,278.499573,92.043488
482.273857,174.856713,288.982056,96.944717
488.897575,174.367253,289.641113,97.079094
496.266075,171.261239,289.621765,95.878708
507.202812,169.401303,285.019958,93.516609
511.527794,166.859891,281.883606,89.991280
562.212212,227.384786,302.931824,108.452354
530.351631,164.444566,290.035553,78.668304
531.338814,164.346665,326.929962,153.735138
542.351921,155.874078,291.730774,86.339249
553.704109,161.830834,286.928375,76.899307
560.751564,158.658746,277.937164,79.493973
562.740669,156.853189,284.776642,77.011032
565.323387,157.625615,290.283508,81.495171
589.427132,176.030694,328.460297,161.842850
661.342598,256.509564,272.322601,90.720558
681.066544,253.862382,252.773636,89.408539
707.705902,257.487367,230.600266,81.223511
712.105118,250.397588,229.736404,86.871880
722.380638,244.702401,229.282227,93.306931
622.566582,150.542455,290.706360,73.640251
626.261070,149.885518,293.477966,66.344322
632.788902,151.761193,294.007263,74.215347
635.214287,150.487073,296.239685,64.609779
639.686897,152.162560,303.118866,71.268875
637.569450,153.664460,307.211914,59.890076
646.040855,153.057527,364.928772,153.311890
645.937675,169.463101,349.218628,110.765755
616.566597,152.988915,408.028900,150.453262
647.839561,157.891595,358.808044,86.379349
682.218437,151.814851,361.145874,140.157227
654.510414,152.731584,333.661530,72.383331
739.476219,190.303132,336.411377,118.747314
677.163155,154.360562,341.802948,73.090645
691.419868,153.827661,391.472565,138.972610
699.180260,165.706952,335.395142,77.278236
717.918221,156.117524,393.329193,134.763000
664.404839,158.402795,364.546692,71.615067
717.124565,153.124452,330.531433,77.985107
711.739922,152.467557,375.635437,98.689766
703.990913,159.630885,322.043121,48.344799
742.508263,150.215707,399.952759,134.783920
745.273567,166.708295,441.258453,111.386024
742.339790,159.880849,439.657867,104.083275
742.911354,159.767907,313.367584,52.312454
758.759148,153.070304,305.629028,60.668110
764.408165,151.538878,308.326355,61.539310
769.672005,150.511979,308.754486,61.569061
771.035271,149.706716,312.810425,63.206017
779.985085,149.907695,305.609894,61.816570
784.032616,147.860158,305.758972,63.154259
787.760536,146.084317,305.826935,66.229805
788.213646,145.861291,309.679565,67.125259
810.613869,145.135812,289.370819,67.984238
805.779854,145.268826,294.851959,67.102791
824.665443,146.282777,277.552460,67.501160
822.977974,144.663568,277.934662,68.715836
839.141640,145.151734,262.652374,68.064514
834.832314,145.129666,267.590668,69.158821
848.747620,145.703786,250.989059,68.239525
850.024940,146.603223,250.234161,66.637672
864.352783,146.456513,231.955002,65.204346
871.062027,144.220620,225.283829,65.893051
872.397400,145.450372,224.504501,63.094070
887.536423,146.048642,206.711868,59.349800
884.104568,145.321685,212.031143,59.694706
888.168854,146.562736,209.389267,55.797443
892.038383,148.022452,211.546631,52.215595
891.974533,148.313777,215.794510,50.946117
898.858704,149.766177,214.027145,51.031734
901.477730,149.340991,214.773590,48.481899
906.676247,149.218280,212.332245,51.073818
910.964340,151.442195,209.757645,50.937878
910.449081,153.768401,210.914871,50.851383
850.142685,203.188153,196.162918,96.948769
795.234032,256.056940,276.073181,10.000000
808.574493,252.695375,198.036133,58.645554
930.484192,155.842174,196.967102,54.053402
771.009018,275.481735,186.044754,42.708546
718.243996,275.928348,208.451599,44.790234
699.857872,278.905639,207.813019,43.499073
679.902306,278.411399,205.906616,44.763126
667.880745,280.721328,198.398682,43.318989
646.750137,282.791343,202.730301,42.623173
628.048447,279.830818,203.793747,42.866978
608.631767,282.472728,198.373535,38.552792
593.208313,284.294876,198.122360,37.126148
578.075333,283.495573,197.087631,38.133385
558.018394,284.572341,197.949127,36.855427
543.828873,285.208154,201.103745,37.141144
529.194740,285.258399,202.716919,36.101200
513.618294,283.833375,201.645874,37.583054
499.553818,282.892042,203.647507,37.182793
485.514282,283.310943,203.269485,38.771626
471.442101,283.040992,198.533905,37.488712
456.401237,282.037466,202.776947,38.861488
446.182365,282.588285,196.793182,36.649681
432.034828,280.389295,198.838287,36.473228
418.719284,279.522344,202.337173,35.670357
407.151222,278.967149,204.408051,35.262894
397.044357,277.800167,202.811081,34.901913
387.396927,276.154899,203.914291,36.421879
374.648651,275.444290,201.517349,38.150715
363.476685,274.035264,198.193283,40.800186
351.985191,274.348115,201.780853,39.024826
342.173088,271.889352,201.519684,39.175476
332.784462,271.375907,203.372803,39.022526
323.182610,270.519605,204.740875,38.100212
311.728104,268.537433,205.375351,38.905315
302.556458,270.592176,207.473160,38.303215
293.740067,269.066160,208.220261,35.527245
283.867302,270.723518,211.242706,36.422703
274.384262,270.303310,212.952438,35.322506
262.145363,269.682016,219.565887,38.191895
253.702560,268.784452,217.100388,39.945091
243.198738,268.490995,217.546844,41.829674
232.704643,268.753543,218.992004,40.184978
222.405746,268.437854,214.320786,39.729321
209.933784,269.579071,211.799713,38.838215
200.955582,269.276998,212.754807,37.403023
191.625893,270.488979,213.077606,36.554134
182.518059,270.224071,212.349915,35.433773
175.724884,270.730489,210.631149,35.087685
164.242722,269.801418,212.956894,35.375149
153.108246,268.644865,214.598648,36.416985
143.701530,266.604871,213.882751,39.027489
135.244698,265.369255,212.886200,40.658054
124.948105,264.567173,213.313553,43.791882
113.849754,263.697296,216.834656,47.239765
110.846779,262.129295,218.902679,47.589725
81.050064,260.227905,236.445755,50.430714
97.236450,259.163440,203.357101,47.918163
96.466522,258.443450,197.460617,50.520649
98.828255,255.672941,187.367218,52.083183
93.928284,255.015029,181.864029,52.856007
83.860519,252.416790,179.118851,57.526394
82.991455,252.050241,168.477219,59.887817
83.399063,252.386650,169.553055,61.734806
83.934975,250.135393,176.983429,67.537796
82.592552,249.844705,175.736389,68.028168
78.275780,247.865850,171.203674,65.295570
73.388245,247.194677,162.410324,59.707130
61.903328,246.385696,158.181702,56.979816
55.972878,245.508716,156.426514,54.659588
44.543594,244.479175,167.230118,56.863140
41.080124,242.515296,170.576797,58.265629
34.467491,241.341014,176.940491,57.802120
31.827042,240.559703,175.130844,59.925900
27.613663,238.934206,174.857437,60.046371
25.780136,239.712951,171.798874,60.023304
25.701813,238.203416,166.656662,60.186722
28.777969,239.316612,160.671371,58.551609
29.740929,238.727993,150.905121,56.832180
33.344238,241.108364,140.864182,54.547451
30.464508,240.749269,137.770737,55.009048
45.022926,241.480667,115.005646,54.909626
53.437168,236.673357,103.744270,72.405106
43.980713,235.659402,120.414383,66.257507
45.379730,238.932502,137.948715,53.801792
48.441093,239.333938,157.038574,53.916706
55.080460,238.704736,168.150925,53.854767
59.448769,236.774887,179.076416,60.482807
51.227928,232.210042,202.140717,68.387520
37.297539,240.049318,230.708710,62.286484
35.604378,240.972097,248.520142,61.053352
36.657173,242.185293,269.016113,64.752449
80.819099,246.549638,257.267883,63.603226
126.323967,250.462335,240.864594,63.467102
128.166527,254.621522,265.774445,67.042831
129.672401,259.547765,291.415527,69.908302
138.314522,259.668924,316.299805,70.051727
181.631859,262.975271,304.711823,68.570869
224.518318,266.637224,292.596191,69.860916
260.827187,273.603268,422.815247,28.680902
490.854179,244.952896,226.616180,51.698139
496.496735,243.427566,219.323990,51.245930
489.873314,242.826599,215.998444,52.635059
449.056885,254.535245,249.656784,47.295952
420.381966,286.139841,287.115997,69.436127
448.058098,280.523828,288.569275,78.286072
459.601128,272.079053,305.303528,86.923912
492.559578,290.491971,299.290253,74.655510
516.548470,290.808923,308.903107,75.051697
556.299202,297.210760,286.869171,69.821632
584.144691,298.747575,287.765106,66.204178
604.497505,302.676588,291.353546,60.022362
619.348564,301.738561,308.070068,58.833961
645.172813,303.012458,300.732666,56.270725
662.654686,302.796386,305.905640,55.334888
682.961433,300.907381,305.574799,56.730209
703.162605,299.633543,298.449677,58.321220
723.221489,297.972999,303.431580,60.042332
740.697914,297.459243,299.363251,61.314716
755.102196,297.269208,300.206726,61.233177
770.520515,297.910293,297.565521,60.075459
783.202293,302.235437,296.584106,56.644653
799.192329,304.616113,295.113861,53.533997
816.301765,308.238527,292.134003,51.659103
837.653709,309.021715,282.555969,51.289139
851.553581,310.657390,280.568909,50.390347
865.720345,311.552200,277.135590,51.957844
880.093697,310.554746,272.092926,54.595879
891.241631,311.775672,265.795898,54.012852
905.180580,312.220087,258.854218,54.290588
923.535988,311.470937,249.866241,53.683662
954.852562,309.687358,220.581970,60.489712
971.627213,304.603883,213.496475,69.154221
981.560715,308.375906,203.769974,64.645149
980.438446,310.110933,206.517441,58.113205
978.539680,315.193128,212.520172,52.088158
994.245934,315.281520,226.175171,51.528988
1008.407150,314.891170,211.949417,51.967403
1020.507675,313.142412,201.386917,52.251907
1024.729790,311.732498,200.428040,52.746693
1025.707397,308.936162,209.668930,53.699257
1024.165833,308.945119,217.530441,56.056587
1024.510986,308.583612,223.510666,58.159729
1012.734238,305.237535,236.469131,66.736099
1007.896996,296.563402,248.444641,78.020523
1000.588188,290.256952,260.575684,85.370056
999.624840,283.789449,266.516174,91.666328
1007.918327,279.044084,262.276550,95.127579
1012.431267,274.203130,258.979370,100.230324
1015.727707,273.657781,253.985123,101.337013
1020.335846,269.444742,244.776657,105.572662
1031.547798,263.951379,227.206940,110.306519
1051.342018,263.658842,208.243073,108.702324
1056.544724,265.362081,201.778946,109.940010
1057.529274,267.065092,198.437103,109.983757
1063.138504,264.589059,192.844070,114.836884
1067.391953,265.315286,182.680191,118.367950
1071.672691,265.492197,176.230042,121.460236
1079.161552,257.996469,172.856140,134.311005
1088.285339,250.523996,166.248947,139.435272
1098.369392,250.304521,153.313995,134.809830
1109.880348,249.568010,137.328827,130.722733
1124.340328,251.325899,119.343193,125.144516
1132.687767,253.455934,108.089905,115.819931
1142.282623,255.468488,95.122543,107.107750
1141.110630,255.770540,94.338020,107.205917
1147.859322,252.525487,89.165070,108.488686
1165.028851,252.774103,88.255638,107.508942
1154.341496,249.721155,100.712440,110.207184
1156.107910,251.186885,120.155319,62.024563
1165.101620,251.380971,114.565422,46.725410
1147.647667,250.366712,84.574249,101.759056
1143.701283,252.832029,78.894753,93.170158
1143.480721,249.787878,89.732239,93.701942
1138.244785,251.657640,79.618996,65.636154
1137.973434,253.828714,140.575241,63.847839
1142.970245,254.056203,137.029755,56.676308
1148.024231,254.782457,131.231995,53.625656
1148.569221,255.465370,129.156601,51.866642
1105.618660,257.897764,172.844040,50.252251
1097.696236,253.139120,177.677628,56.860756
1095.367119,261.598360,182.837143,48.439651
1093.981453,259.209594,183.232590,51.206715
1090.885040,260.368804,181.444366,50.337971
1082.515625,259.500638,164.277222,51.764946
1075.115540,260.760820,169.687378,49.964981
1061.017685,261.188419,210.789612,48.728283
1042.077362,264.641012,233.991394,47.211830
1033.238167,267.026159,168.640823,46.692818
1020.054092,268.133834,164.641602,49.306110
1011.167419,270.756225,168.701477,46.222797
1000.055817,271.739019,176.002747,47.396400
993.488632,271.822038,179.555206,49.270706
981.321709,271.485872,199.435501,51.204636
968.626663,268.792011,214.853912,55.458508
962.887260,267.827001,220.369827,58.116371
982.978912,269.607471,187.719971,59.925426
942.325256,275.649351,219.035889,55.132317
920.107948,275.416505,239.442490,58.311325
908.897003,278.207084,225.654602,55.657169
900.979721,285.543960,215.196259,51.488117
888.758766,287.384073,213.109909,51.751617
881.663498,295.278690,209.542572,46.864361
868.291595,298.984844,208.294769,45.784512
858.707596,300.391372,208.221588,45.905628
846.866577,302.950014,205.357269,45.937210
833.323769,304.592498,207.867935,46.965992
822.265320,305.722089,214.857666,48.003746
814.159332,307.042839,205.830139,49.748295
803.778923,308.206525,210.209641,48.530693
789.555550,315.700288,215.270401,43.748062
777.707359,318.101774,223.486893,42.876366
766.459991,322.153547,224.784790,40.902031
755.560196,324.169324,219.647125,42.233147
744.753235,327.446624,215.523224,41.835590
736.133820,329.142335,214.202393,40.328995
723.432884,330.058858,214.739883,41.326027
714.684593,329.453041,215.525284,45.220432
706.036949,330.681329,212.514481,47.395935
695.983109,331.467290,213.674042,48.615364
684.615288,332.562248,210.438400,49.426060
669.832230,336.962514,218.068024,45.265968
665.852425,341.996395,205.103226,41.491055
658.853470,344.962608,197.812225,40.103458
648.136559,344.712089,202.115341,40.703831
639.573288,347.136320,199.372162,38.842522
627.609344,346.792722,201.273590,36.602776
617.186096,345.616874,198.395782,37.657566
606.385483,345.851799,200.387756,38.167454
592.988403,345.806808,204.176727,39.563953
583.179237,347.188585,202.662613,39.159409
574.596275,348.361860,199.081314,39.136894
565.187103,349.716880,201.281494,38.236301
554.585037,351.063402,200.344940,39.564987
543.940117,352.388389,201.543411,38.498753
533.305107,353.545581,202.769089,39.345013
524.349106,354.441905,201.765228,38.289761
513.409912,355.478940,207.348969,38.528984
502.560272,357.063772,207.727295,37.929115
492.698166,358.866004,204.372467,36.593327
483.314171,358.263156,206.662155,37.408855
474.419044,356.698923,206.573959,39.613403
459.736229,347.276214,212.778519,48.947193
412.555214,312.264982,247.824387,84.124504
308.898895,249.409372,347.623474,146.306000
442.551514,346.239357,207.761108,46.333530
345.885941,265.860784,274.178925,122.383430
291.722397,219.196373,239.245331,58.863071
300.085777,219.691627,222.541824,39.928043
304.314674,220.038051,221.433304,40.308681
309.412193,219.791034,221.365402,42.443981
314.081024,221.053777,221.288788,39.399910
323.412010,223.234312,236.688492,93.481468
329.169479,221.649335,216.361420,40.179008
338.080612,223.822050,220.421417,85.716637
343.520355,221.057321,216.704834,40.013611
350.298393,222.289842,213.138718,47.827133
352.196899,223.186014,219.415741,40.678284
358.552330,223.056545,217.436966,41.930813
366.486122,223.688692,216.065872,42.403824
373.995499,223.156803,214.698395,42.455822
384.434555,222.858650,211.098175,41.627018
388.547035,221.954034,214.361679,42.289185
391.195808,221.891347,217.625320,40.726509
400.280693,221.732330,213.642410,40.883045
409.516457,222.001886,211.588974,41.319794
416.971695,221.564048,212.369385,39.625645
420.851227,221.766756,213.422577,40.699265
429.323341,222.162555,213.999496,40.011639
432.301025,222.161430,220.250885,39.266941
440.389633,222.709917,221.205017,40.671524
446.250015,222.597677,218.167450,40.433876
454.849350,223.008609,213.692230,41.185192
460.952126,223.156190,212.066177,40.677841
469.034554,223.448221,210.579575,41.318878
474.193008,224.185245,209.806366,40.734447
481.750908,225.588722,207.320786,40.114567
490.284462,225.592742,207.678329,40.170033
497.243378,227.080537,206.330048,39.104294
504.161278,226.866077,207.693741,38.987103
510.139481,227.842220,209.211975,39.355679
519.218513,226.881292,205.964920,39.424416
527.916908,228.592737,201.058243,39.852692
536.622826,228.995245,202.763779,38.536354
545.596413,229.633533,201.459732,39.949993
549.357002,230.676668,203.173325,37.988602
558.100403,228.625867,201.815155,40.388725
566.635185,230.781160,200.015396,40.586838
572.165848,229.133853,202.669769,40.919292
581.418076,230.148830,200.543243,41.977322
586.399918,228.979940,203.507782,43.721809
590.752228,229.321950,206.323456,43.737129
597.568848,230.797607,207.465607,42.450794
601.800331,230.993640,212.218063,44.680859
607.040810,230.716068,215.678085,47.564007
609.339050,230.977623,221.878845,48.644810
614.093651,231.841501,226.615555,47.937805
617.501900,230.984504,230.146469,49.224491
621.660889,230.607385,231.520020,50.169037
630.229271,230.407348,230.304153,50.786579
640.762215,231.749771,228.948227,50.105152
647.170937,229.859132,235.317368,52.136185
656.542648,231.344263,231.167877,49.926422
668.483803,232.219860,225.018784,49.178524
673.050774,231.865547,225.079544,47.693058
683.420944,231.361602,219.842499,50.138874
687.361824,230.031494,221.702927,52.579731
696.464699,230.070322,221.633102,53.766113
702.041901,228.979246,223.763794,53.832603
717.866302,228.546598,214.160095,54.834618
725.341957,228.731874,210.186142,54.442337
738.057518,231.644680,207.809586,52.911526
742.174721,228.046402,210.390182,53.507862
755.802750,228.821416,206.593292,54.413948
758.425972,228.022930,210.241379,55.507687
768.183983,228.394010,209.849503,56.676231
774.487335,225.913906,212.997192,59.155788
782.727600,225.362051,216.404724,60.010780
788.798782,224.647224,214.670502,59.655827
793.106384,224.615289,220.228760,59.787018
802.464890,221.846460,219.824860,62.641876
805.234741,221.385307,223.641724,61.930393
814.068100,220.778949,224.397247,61.197369
822.540764,219.487903,226.462662,63.201946
829.430367,217.938913,224.744553,64.170898
835.732391,217.475141,226.975708,64.456596
841.057861,217.609369,232.131836,64.187653
845.196045,217.359224,235.615906,64.160965
845.965416,215.355375,241.444595,66.322655
849.389351,213.836500,244.571884,65.614494
856.005669,211.857923,243.304825,65.488091
864.485764,210.099596,241.405731,67.034531
869.094131,208.861795,244.697113,68.494873
876.251183,208.193952,244.810989,69.352837
877.470261,204.027772,252.535309,74.695084
884.623772,202.813974,253.005692,76.818542
888.203026,202.804754,254.594620,76.316536
893.131386,203.021795,255.183456,76.384529
898.346436,201.542066,259.153320,74.961052
905.416046,198.721918,259.909729,77.322235
910.562363,199.098188,256.847260,77.811150
914.874985,199.590513,257.784760,75.924461
925.430252,197.317838,249.147491,77.306969
936.457848,196.795488,242.509048,77.016403
945.014709,197.754568,236.919250,73.673195
953.716232,197.347398,229.961273,72.823227
959.265968,196.676969,225.148300,71.256004
965.100723,198.599836,219.740814,67.741875
973.189026,197.798292,211.942749,67.403496
974.072578,197.864828,208.640121,66.852516
979.518326,199.475976,202.013153,65.334625
981.842163,200.213811,197.044312,63.209297
983.072906,202.258701,189.611877,59.963696
992.506668,202.577426,174.196136,56.816540
998.959915,204.230571,166.332001,49.471706
1008.379059,204.746271,154.537262,48.984406
1017.047897,206.492748,142.680176,48.127285
1027.944733,209.512695,131.776245,44.900715
1048.556965,210.684169,110.578087,44.502865
1052.186321,211.747858,105.511696,42.589630
1059.644539,211.250757,118.885178,41.726074
1134.960358,210.653049,142.838989,37.839764
1158.134937,209.545053,121.865063,41.995911
1153.794329,212.593462,125.436996,41.391617
1148.630472,214.157745,130.782745,44.113972
1154.721422,214.899469,124.859512,44.076660
1143.613794,215.229827,135.126282,44.629292
1154.196836,216.176532,124.633781,43.371258
1147.619829,219.139978,131.358902,39.304443
1150.094080,219.568487,129.215149,39.772591
1113.733507,220.903324,165.485641,40.324932
1105.978212,221.656087,173.607864,41.561256
1087.892885,222.571569,191.289719,41.678963
1133.626703,225.108886,145.312256,38.666920
1150.347864,227.425546,128.504700,37.457184
1163.674036,228.909627,115.456848,36.132790
1157.512831,229.169111,119.315910,39.053337
1164.299650,230.571676,111.125572,38.076973
1170.129995,230.138156,102.471718,38.823254
1112.983034,223.965223,148.641998,46.018028
1009.797739,224.597946,179.963623,43.642719
1000.034052,228.139963,180.135468,41.813812
995.811281,229.122728,220.187851,42.575089
992.259264,227.865074,210.079117,45.632023
981.684465,226.400129,195.138351,47.304222
970.395807,227.914501,191.790771,53.718624
812.751856,285.563718,319.523407,17.096825
955.091608,234.129791,183.279205,47.757557
949.653391,234.515489,205.120636,51.504654
816.914454,263.889078,292.160339,75.732574
811.324259,260.209543,315.819672,85.793182
827.575418,246.496942,322.470306,93.538391
840.633341,241.096750,303.970184,96.163422
847.904840,242.980188,299.076721,92.200378
858.659311,242.806303,285.776215,88.089043
864.723322,242.917699,260.047119,84.816017
869.687029,239.623277,253.512711,85.575272
874.165583,237.356172,250.360474,83.411972
870.085062,233.865358,256.941498,83.318161
875.999559,229.559282,255.248184,83.675858
878.650545,227.670801,252.890549,83.870239
904.041552,226.800344,228.760208,79.976509
920.240847,221.415559,215.496445,83.104538
942.314272,219.347250,196.990829,81.545601
963.051470,215.746751,174.931229,82.150955
978.515528,212.863168,166.603943,80.687347
978.488436,215.288038,171.840744,76.810814
996.342958,214.886125,160.632248,78.829544
938.334330,224.158922,225.685333,61.782547
805.007051,254.934822,232.833969,45.091099
804.264116,256.219146,218.057480,45.388111
815.146105,252.567020,204.518417,50.346233
811.928240,255.405176,217.307053,43.528412
787.751245,263.698125,196.173767,40.269844
782.393724,267.183414,196.752365,38.991558
776.269335,266.908626,195.185349,39.353756
771.876848,267.407728,187.984940,39.883446
767.379595,266.046974,189.016953,41.122807
760.051966,266.100454,184.623047,42.858986
752.761995,264.636453,184.695816,44.568909
744.384928,264.357250,186.418213,44.432949
737.191538,263.544116,186.207092,44.825848
729.737505,263.577726,184.734604,45.961357
723.890688,261.430973,186.652512,46.441326
718.010370,260.596073,186.435547,46.692181
711.161547,260.317377,185.137924,46.857605
705.359087,257.644929,184.714066,46.776840
699.295511,257.679674,192.356750,46.069870
693.218851,257.066448,193.584930,46.919430
687.921648,256.974607,194.437820,46.452782
682.899652,257.832431,194.961456,45.613415
678.500025,257.620582,195.819031,44.523808
672.635759,258.503513,193.787155,44.535686
668.871782,257.563219,192.382980,44.542130
664.412088,257.799457,189.774597,44.746990
661.900400,256.989686,189.891479,45.114944
661.271952,256.975223,180.762909,46.285534
662.073954,256.796695,173.111633,47.746197
663.823679,257.474441,167.112793,47.511250
667.605120,257.330099,157.856033,47.815681
670.104227,257.820486,150.206390,47.452217
672.940454,259.627717,142.580780,45.385941
675.586611,260.010854,132.807785,44.392555
677.720659,260.175363,116.431625,46.830139
680.373556,255.910217,108.900551,50.069263
681.617136,255.142646,96.053650,52.847141
680.916887,253.516746,82.884933,56.299870
680.072435,254.362232,85.199478,54.043011
678.090872,254.777568,89.922340,56.654079
811.456572,266.060400,72.245384,51.584541
809.307306,256.769046,175.306366,60.042278
798.572756,254.658304,206.503128,65.222626
790.452700,252.947729,211.643753,65.321388
766.919733,261.052549,224.252716,59.779716
770.179346,266.271768,206.476837,55.895660
769.555437,269.753038,199.033066,52.978226
768.211130,277.319982,186.895935,45.409218
766.999292,282.349643,176.795898,41.446941
765.217104,287.678318,167.483414,35.361401
779.547640,291.689859,144.196884,33.964172
779.491251,290.347253,139.997742,35.609009
703.392237,249.504262,203.186615,75.092934
694.644083,237.152524,199.222961,82.879295
690.488253,235.334955,208.082718,79.379425
700.887201,232.773942,206.314667,77.481918
683.609392,231.353662,230.811569,78.822418
692.805140,231.538927,230.188873,85.536789
688.460207,231.340421,245.004837,88.636620
693.372248,227.424028,252.405060,87.691147
684.489374,224.320024,269.537994,92.819321
682.465509,222.276365,279.398407,91.573753
694.055277,218.378412,274.379883,89.683990
691.514765,218.492685,284.789825,89.114014
691.441462,216.950143,295.046661,87.878601
694.801233,214.203660,300.394379,89.198166
709.447596,211.522455,301.121552,89.854645
722.790293,208.284692,294.125793,91.712006
742.093927,208.243925,282.326813,90.823875
747.618036,206.609731,286.922699,84.960365
758.882761,206.545831,284.733459,81.175934
765.341593,205.650281,290.964966,79.268059
772.740870,206.851465,297.133087,77.980988
777.679331,206.209531,298.757202,77.811852
781.570536,205.809541,301.604553,78.606705
787.855753,204.740598,305.336243,78.715782
799.797174,205.616399,303.010040,79.037056
813.862360,206.764516,301.033539,77.593300
816.870661,204.978940,308.401886,76.488548
826.487604,205.873941,307.103424,78.564880
842.697367,204.253427,301.593506,77.590576
845.200235,205.062459,307.301208,76.313087
865.071558,204.726575,296.736786,77.512321
871.807215,204.493188,299.243378,77.868683
881.502939,205.398183,299.542419,77.519630
890.800714,204.945837,297.166779,76.995003
897.802561,204.969244,296.368042,76.618538
905.297800,205.560018,295.664124,76.779335
921.177027,207.009996,287.428070,74.209579
925.047464,204.750577,291.208374,74.409569
932.955439,208.727609,290.742645,71.445862
941.491953,206.101221,287.128662,73.563812
955.680765,206.622018,279.308655,71.760498
960.631357,207.680524,278.689758,69.848259
966.009531,208.517213,277.332031,67.083084
974.408335,209.278883,274.685669,67.373039
983.112360,209.394254,272.360626,68.498863
993.214510,206.777803,253.691116,71.106216
999.814348,206.916269,235.683334,71.083984
1007.439913,205.775732,222.273514,73.953072
1008.050241,205.307874,217.036133,73.778191
1008.006662,202.717187,214.657837,78.084259
1020.833834,203.279455,199.808914,79.843391
1021.189737,207.520216,195.804688,77.376701
1041.014849,204.186716,178.156418,81.893860
1039.750452,205.677759,175.157623,81.961700
1048.544092,205.473066,170.562164,81.017082
1057.605532,203.715398,159.679825,82.610115
1064.783617,202.061040,155.097580,84.145821
1071.295885,201.760023,150.359116,85.696037
1073.282145,199.670232,153.922119,86.997200
1074.484270,198.537214,151.230209,89.952080
1071.216707,199.671377,147.420059,89.195778
1074.949678,200.368463,139.433487,88.392242
1073.408030,200.301900,136.721558,86.713539
1074.688234,199.270181,132.025711,85.995789
1077.471495,200.991682,126.388268,83.638908
1081.691889,203.666654,120.763214,80.451378
1087.683569,198.393671,123.275398,86.501648
1091.866571,201.492105,115.204620,83.789215
1100.492716,199.299715,106.877625,87.316208
1106.209974,196.167211,100.678856,92.392891
1113.929907,195.328420,92.258797,92.484444
1113.124365,197.747755,90.775368,91.433556
1108.163492,199.550619,92.581238,91.580360
1111.467623,199.809213,88.595352,88.784973
1114.508509,199.913126,83.749115,88.932007
1117.710749,201.128732,82.411896,88.360992
1122.914564,198.977136,78.966820,89.001068
1126.859137,199.450868,79.359535,89.050308
1127.119375,198.088365,79.857185,91.266312
953.567259,273.041503,100.733467,62.775318
805.094568,268.864988,254.442459,68.496117
805.018511,266.823064,261.649261,71.975777
811.353853,269.919713,262.653625,69.787849
817.573931,271.011762,262.217926,69.535332
821.210878,273.679677,266.767517,69.580360
829.986696,279.198503,263.690735,66.592209
840.611010,280.430265,266.337189,70.032310
847.928072,280.636964,264.292358,69.692703
849.479738,285.717493,271.568604,67.200226
853.782061,290.947282,275.109100,65.000290
858.582705,293.255109,278.950928,65.151054
862.852785,296.985246,281.039917,64.244492
862.835161,298.659502,288.227936,64.684921
866.547670,298.481012,298.025330,64.232208
870.963732,300.880968,303.487640,63.597519
880.478029,303.367761,307.068604,61.531769
887.800982,307.271150,306.151337,60.392532
894.112749,310.078929,305.939423,60.010677
914.939409,314.269891,288.477631,57.037933
922.580202,317.741148,283.850525,55.632347
931.537401,321.069171,278.340729,55.808453
938.975618,324.903043,273.921326,52.565269
947.780443,327.238725,267.154999,52.472214
955.754503,328.757520,262.353424,53.560295
969.253374,329.374340,251.821198,52.218746
978.227419,330.075145,244.598938,51.166683
989.674959,329.511297,233.755859,51.602180
1000.756502,329.792255,224.119141,52.227886
1009.530909,328.947067,217.824417,52.871693
1011.933382,328.639303,213.889099,55.665749
1042.132586,330.378269,180.042816,54.835033
1053.939112,329.623199,168.359482,56.744526
1062.123331,330.402856,155.954636,57.825958
1069.967829,328.869207,145.405380,58.908607
1082.012339,328.032463,131.646896,58.871525
1018.223352,215.690736,164.214554,85.464844
1005.032572,214.293960,157.109238,51.322666
1000.426264,216.149341,155.721268,46.732815
989.658472,210.892866,163.183121,47.656654
986.974672,217.179679,175.267212,42.200672
983.356096,218.987445,171.459808,43.759640
979.444292,226.904647,180.286896,45.519047
973.340845,230.833997,190.442581,44.553474
968.499865,231.119855,202.002319,45.289772
961.581964,234.396736,203.435287,44.433369
953.452921,235.502517,215.016464,45.191441
946.628183,235.770748,217.228500,46.450481
939.270670,237.215927,217.917831,46.932499
930.764376,237.924036,225.298798,45.537918
913.122522,238.847412,236.015549,44.255344
905.080965,239.557771,226.886017,43.570465
898.851374,240.529161,214.092026,42.950623
897.985735,240.327085,208.779968,43.697090
893.576929,239.770816,207.646194,43.258785
884.528109,241.484828,207.253143,43.587658
879.397509,242.664466,211.053314,43.878010
875.727968,251.159536,304.770874,123.100456
929.924700,313.974489,248.608917,58.938202
926.715380,313.867399,234.078033,61.781960
911.199175,309.554632,229.095428,59.152550
864.527292,266.513685,246.988541,69.237617
867.796190,273.710432,266.012939,93.724495
833.789019,245.987518,249.698547,57.630222
840.333467,258.545278,268.002960,97.426262
854.647791,294.362367,250.232346,62.680023
865.244341,309.861103,226.622864,59.222469
841.769289,302.048877,246.250397,57.146358
844.964327,321.000995,246.981537,47.144711
832.376696,315.073164,242.480682,54.971626
797.404718,274.743223,251.898941,70.347206
813.184305,317.967855,241.324997,45.129265
803.822916,318.630485,238.858353,43.172474
790.739100,308.183158,235.095718,48.744404
755.170748,236.238016,256.125122,105.522171
781.711054,318.446872,230.964432,41.983974
761.590471,309.751379,230.044464,47.777306
741.062265,262.440210,247.848557,81.802383
732.697374,227.030435,230.089996,49.126328
723.360514,225.079053,237.033371,72.738869
722.904070,306.409006,223.627838,52.942001
708.409464,261.198009,232.250168,54.674297
701.660357,228.778352,231.304657,92.506165
696.040621,301.055929,231.217102,10.000000
693.590899,253.311453,211.245590,68.189117
671.304132,269.235640,227.988251,89.372787
665.203814,311.326222,223.565903,45.151951
659.560335,231.906344,228.562851,85.474831
656.480829,221.452191,229.230164,48.257648
650.429407,225.123333,232.700623,52.679096
641.184816,237.730013,220.240891,81.392189
634.737696,299.953678,196.502319,53.214695
626.518190,227.984421,226.162766,56.812450
618.060328,292.730423,199.689941,36.954357
610.239206,261.904680,217.569794,29.749275
601.927538,246.473450,211.229141,50.967358
598.372416,222.467724,233.416840,52.690815
594.235826,224.194767,226.674637,46.212559
588.061281,221.694876,226.207809,50.110504
583.017427,220.131291,218.867783,49.251591
578.801340,218.209502,221.495270,49.989029
572.744974,216.818915,220.731964,51.365601
564.960268,214.318735,222.082199,54.194267
559.393763,214.564486,224.560120,53.596626
554.599642,212.401602,220.685287,53.382782
548.857569,210.943722,220.128113,53.005207
543.913324,210.272707,216.770203,52.127083
537.414789,209.529452,216.191956,53.395332
530.940447,208.724657,216.176163,51.069374
529.347979,207.683226,212.716873,52.951736
525.128992,203.446596,212.163635,54.529915
525.261324,200.892033,204.007004,57.985233
522.717104,198.274130,201.511703,61.121307
521.182421,199.341227,192.824844,58.606133
524.109018,197.880928,180.528229,58.747128
529.921854,202.779787,184.715546,90.415108
581.702906,320.736773,187.623047,80.650551
582.190943,328.146773,201.444946,74.846909
580.804094,327.834753,214.084976,73.132812
577.371058,333.476530,226.685242,69.563797
575.012102,333.350359,239.418655,67.421669
583.423166,338.199923,252.346039,61.528023
602.686113,343.090481,255.638992,58.739338
603.438669,342.971585,269.111420,59.530842
618.560007,346.369993,265.234406,56.916519
636.799387,348.994677,256.478851,54.167824
656.391672,349.589710,245.142365,53.303074
670.674494,348.156092,241.180359,55.129051
684.022356,348.004757,236.349869,57.204670
695.385279,348.543745,233.057373,53.971542
706.431475,350.977759,230.075577,49.758911
724.007830,351.496800,218.685623,48.855473
740.487368,351.917362,208.067307,49.415836
759.584681,353.842081,191.119995,47.214958
774.987680,353.846045,176.893219,46.219177
790.319178,354.692278,161.153503,45.606697
799.065256,352.607502,151.418365,47.249546
805.803698,349.826552,142.911911,48.910568
816.568979,348.298559,127.231354,48.793457
829.627302,344.827429,114.374413,50.588745
841.030378,339.876023,104.673119,52.120251
845.924608,335.604386,102.879440,59.583996
821.229166,329.994711,130.857697,66.441681
825.244104,324.735476,128.067657,69.671974
832.689516,328.124987,121.603195,69.041298
826.747278,326.845068,130.051025,69.933716
815.610033,324.192675,149.100266,68.214577
804.917727,323.174326,159.431686,61.230034
795.181231,321.260300,159.477493,54.921398
777.158373,316.685951,163.699844,56.738125
768.057177,312.501131,168.384720,56.795509
739.693346,296.875336,178.329575,60.080212
583.439417,220.452196,240.082916,72.374763
586.705561,218.261420,241.373016,77.244476
592.556810,217.864752,240.889816,78.738739
598.064592,216.358042,242.973190,79.616539
606.046892,214.656679,240.462509,83.374489
613.769815,212.805617,238.735046,85.871231
620.236872,209.922137,234.831635,90.519295
624.318735,209.656534,237.516174,90.373070
632.758837,207.145266,235.183090,96.103859
645.953226,201.738764,231.456482,98.978203
650.720270,198.037871,234.318085,98.423691
652.889360,197.484644,236.297531,92.952080
661.657457,194.077273,233.538620,91.894386
663.201067,191.469858,241.767014,91.919212
672.483477,189.379050,240.723618,94.927917
680.905581,186.937060,238.746536,99.114632
694.866838,186.428492,232.953110,100.634331
692.440683,184.972918,241.064697,102.205574
707.895792,181.214411,227.055176,103.689995
706.625200,179.460268,227.437668,104.757484
720.285295,173.948946,211.544601,108.833046
719.987627,174.051638,197.158310,107.332558
734.627993,188.765646,173.922745,90.483765
738.222612,190.849379,165.439865,90.764114
744.000696,189.757048,145.946503,93.611801
756.870050,172.161635,163.584991,116.021622
747.567362,200.061804,141.433533,110.486481
757.676126,222.491667,130.125488,130.360886
809.750040,161.069136,105.639465,118.424026
803.473867,161.864592,104.485146,105.611008
796.659464,161.913676,112.120056,109.780663
790.061964,163.191775,120.169182,100.403358
781.878275,162.744044,130.762146,97.940361
776.392351,160.774981,138.800034,94.540840
768.598024,160.518759,144.867752,97.037781
761.664064,160.697211,151.973587,99.153351
755.253077,161.527529,158.749664,103.194801
746.079615,160.907789,166.997833,105.297073
737.692011,158.295614,175.864532,107.747314
726.545771,160.169195,188.194977,103.754486
716.877169,160.917742,194.842117,101.063240
702.233362,161.714400,203.669159,96.445694
689.452272,162.696081,219.165909,94.330353
680.937265,165.949034,258.208679,190.390121
684.665911,236.373453,219.185104,116.445580
674.376551,242.677775,228.534515,96.576988
661.492189,211.835394,249.173660,132.761688
649.799631,230.896555,218.595581,101.548790
640.101114,222.692919,226.876465,111.240669
628.843225,221.963965,228.767242,105.722504
626.960688,177.786162,237.552765,117.304489
597.481997,224.255198,245.199234,98.052513
613.637079,157.970696,285.281586,62.226376
620.739649,157.050980,274.589569,57.185680
596.445459,189.288191,292.244598,36.452164
602.049921,156.219355,279.478790,55.807610
604.310740,160.260418,271.123596,50.630268
611.985209,157.568140,258.671753,52.196098
574.152643,165.291840,290.878998,47.738873
529.281931,204.287127,275.186371,51.735725
507.416819,211.423950,263.660248,57.513287
497.439920,205.080389,294.714874,42.356293
587.429377,135.132643,210.369019,92.493851
594.282885,151.404776,228.462845,102.568420
520.470453,174.801708,321.994690,59.628864
598.184198,143.911001,233.380432,75.542664
604.883814,131.722380,203.202515,77.294846
609.090662,142.850939,204.336304,64.473701
600.458055,139.092657,187.069229,66.721222
594.435762,133.348219,180.500168,70.001175
591.508646,136.442915,175.722321,67.520889
587.569048,135.137400,171.739212,68.187279
585.863314,137.525557,162.761703,65.162430
581.778017,140.627396,166.263931,59.758312
579.646662,131.283987,155.134735,68.299561
578.685946,133.669253,146.574112,67.313393
573.386377,125.787543,142.514923,79.706635
579.288813,140.458266,145.081451,71.018692
579.590540,134.903116,141.654572,76.700066
569.380526,134.953291,145.897507,76.653366
573.356188,125.562590,139.656082,88.357498
571.663202,110.677153,168.645691,104.357071
596.648821,136.935316,196.694778,87.856796
612.667933,149.494658,287.693970,75.207535
589.910044,143.551626,148.432587,78.533356
594.507215,141.743548,92.121941,73.556679
503.930536,144.347178,191.009460,104.382530
484.944506,135.864310,136.042068,153.097107
478.132513,142.328161,125.839394,141.606842
479.112925,133.614386,183.995758,144.455780
489.199274,137.755316,221.392761,133.404755
486.431360,139.119078,192.327698,126.636459
484.423136,137.209067,241.144867,117.960327
491.160166,155.749983,241.868866,85.299088
517.442400,157.993613,225.574356,81.324036
549.502207,165.294565,209.208649,76.341881
557.181299,160.454470,212.904663,87.139748
616.450617,187.953730,166.519958,64.986137
626.114496,196.109377,164.992920,59.691322
630.680010,198.688669,169.984940,61.825218
637.764032,204.085968,171.770752,60.326946
645.267740,212.046318,173.616180,54.065609
652.107515,216.549963,174.906235,51.889862
654.845911,220.691874,183.842224,50.232353
663.426508,224.800909,184.160065,49.029938
672.701540,228.617758,181.383530,46.803131
681.175440,230.190319,180.231934,45.990223
690.565439,232.978737,180.254974,44.524075
696.557261,234.139731,182.657043,44.733307
705.816965,235.294489,182.030762,43.357079
714.783205,235.428723,177.910416,45.397785
721.398668,234.833794,177.166306,46.552608
714.464182,225.592448,190.482666,55.326378
741.797586,235.637802,169.020020,44.982128
734.195894,226.902386,182.701706,53.979664
755.475100,237.304245,173.256760,44.166485
766.022821,239.877714,177.667053,42.567886
778.454172,240.112715,182.501648,43.788010
787.810472,240.435024,189.561813,45.217487
793.903376,241.323820,200.624634,46.937820
795.949739,239.679796,207.700546,49.702034
801.843416,244.133562,211.275497,47.236031
807.528894,245.482815,212.848328,48.126759
811.867403,245.991526,215.171738,48.553123
823.146074,248.009779,208.352615,48.630325
833.726145,250.496508,200.895782,46.507210
845.131533,248.265341,193.072983,49.011444
860.457819,252.376917,181.385071,48.122032
873.530146,254.964636,170.931030,47.260712
883.218241,257.683243,162.715393,45.221142
894.303698,260.831543,152.767807,44.110729
906.136095,263.256073,142.412857,44.027264
916.327463,261.925053,131.504578,45.483067
935.207071,264.108607,110.086029,43.573662
947.880945,263.335648,95.817657,45.467846
959.259478,263.747395,84.078476,44.633976
963.079855,264.036099,77.129829,47.390980
968.066389,262.320151,71.059898,52.240479
967.689581,262.939961,72.549446,49.527103
955.619547,262.521607,86.097931,48.913433
946.389090,261.464865,97.322151,50.007019
936.130880,260.597870,109.056282,48.822582
925.193262,258.124327,122.349457,49.433456
915.068155,256.896513,133.979431,52.600143
908.606050,254.772032,142.170425,53.925858
899.685701,251.454174,153.376938,58.848469
893.744181,249.801281,162.935242,62.195148
886.178690,245.085142,174.541199,67.383774
877.876528,242.554976,187.090591,70.204971
870.917803,237.494719,196.275803,71.515671
862.423319,233.593767,204.832214,74.227364
846.401377,231.152544,215.861511,74.985359
839.202929,227.175192,212.015305,75.976257
830.118036,222.992762,213.493134,75.796684
815.107965,222.336809,225.389374,74.840462
798.120378,217.467337,234.524887,77.989014
784.436533,216.748335,242.079895,74.965225
775.279902,214.583914,248.732880,74.291687
762.849405,209.706682,261.513367,73.277596
751.733728,206.875342,272.876678,73.142242
740.806543,203.918089,278.815460,71.705246
731.021143,203.661398,279.371246,67.326416
722.821009,201.134787,287.713165,66.033813
709.775217,198.183411,292.193359,63.357098
698.419458,196.965653,300.394073,61.569225
686.674204,195.015602,302.469543,60.853909
677.092112,192.376011,308.308228,60.866001
668.541651,189.380841,307.084015,62.581440
662.102396,188.043211,305.018127,59.809067
652.897287,187.147156,302.947021,59.667522
644.564478,185.596472,304.452240,59.132965
633.438227,184.151455,304.051849,59.198719
626.256723,182.195288,307.677429,59.379974
618.591700,179.407097,300.323822,62.805721
616.860117,177.861433,302.115601,63.237991
604.764536,174.709582,301.802185,66.528572
602.714884,172.947096,294.379211,68.931961
599.894907,167.725664,289.015686,74.683357
600.302942,162.170138,271.671539,80.432961
597.225916,157.832243,262.579681,85.741135
586.509806,152.942953,267.046753,91.069519
578.858118,148.094691,260.848969,98.143608
572.420977,144.633829,251.093979,103.367821
564.631289,144.202673,253.340042,106.128082
556.724199,145.361517,253.518600,107.054169
545.894068,145.893160,250.967377,106.217201
534.176188,147.072500,251.133240,102.216919
523.831484,147.110506,252.518326,103.246071
513.854502,146.834608,253.109070,103.315994
503.449289,145.800497,265.093201,106.023499
496.872782,145.010985,263.563965,106.274582
487.716227,143.735033,266.060608,103.615791
480.137568,142.651793,268.506073,101.805954
473.638681,141.266402,266.674866,98.251358
463.433069,141.070013,270.869476,96.493500
456.209787,139.561991,274.183472,96.937584
447.651102,138.361941,273.013000,98.005775
437.440592,137.712076,280.198792,100.792747
427.989344,136.998301,279.507172,100.874046
417.309900,138.728720,283.335968,99.735962
409.063547,139.411196,281.048096,97.108498
398.157557,137.925299,284.032928,97.303986
390.076227,134.621355,281.111725,99.180916
383.322916,135.417963,276.607361,94.629875
374.217493,137.261339,280.552948,91.509590
364.929346,138.379977,279.299164,91.629616
355.751200,139.706099,282.101807,92.517044
347.333643,140.178644,265.019562,90.581413
339.149668,139.922251,279.327698,90.905602
329.576715,139.914503,281.843964,91.135513
320.897165,138.984205,280.000183,91.647171
311.159632,138.098578,280.231903,88.847565
301.578745,136.866373,282.486084,88.729027
293.964334,136.066069,284.544922,88.126450
278.364908,133.390677,296.108643,89.127930
268.620661,131.252749,298.980194,89.404884
257.733210,128.471487,301.404633,89.516846
243.517939,124.686632,308.204010,95.098640
212.400675,120.536570,315.032349,99.781883
284.406916,167.443442,405.256561,181.977905
474.077860,306.253474,234.250366,65.869804
523.241648,330.987349,200.798767,45.912125
530.717257,334.466795,203.208237,43.443558
541.011599,336.057726,201.122086,44.760475
552.861795,337.679758,199.947754,43.145561
564.309351,338.822293,199.945312,44.373585
572.414560,338.881573,206.885864,44.702625
581.459368,340.706557,197.506821,47.597946
597.734316,342.502917,190.076797,48.309029
608.862803,343.578154,195.893738,51.481674
621.443041,343.433476,193.658066,53.256260
631.016054,348.652254,191.555801,49.051918
640.957956,350.557085,190.492645,49.322670
646.939936,353.379978,196.096008,50.698948
658.280313,357.700306,192.243439,47.061069
662.553949,357.694014,193.440796,47.756821
679.561541,358.495026,180.307419,49.502819
684.742182,356.087181,193.372528,52.226131
699.931566,359.087193,193.941391,49.015171
708.005587,363.412129,194.319626,45.259373
715.299982,364.447676,188.902985,45.488571
719.500612,365.619105,188.507065,44.179283
722.927378,366.619812,196.298370,44.276745
736.840006,368.133408,191.530518,44.452374
747.196520,367.878454,191.486496,45.630646
755.230555,368.528544,193.496674,46.205986
767.243082,370.751301,192.845032,46.613132
778.558352,372.874422,190.761429,42.324776
790.187723,374.045580,189.923279,43.244545
800.422556,374.174069,189.693939,43.153461
806.888140,375.219004,192.366257,44.235527
814.731119,376.115910,195.571716,44.618137
820.254549,377.546049,199.016129,44.587296
824.843157,377.935776,203.878708,45.200878
826.188959,376.254647,210.319550,46.308102
831.879869,373.988060,212.275009,47.910671
835.272829,373.431116,214.774368,49.671440
834.615946,371.823244,222.249023,49.229836
846.225130,369.579176,215.606033,51.821487
860.949320,367.867382,207.651794,54.355854
865.778681,366.782284,210.821808,54.829395
879.498796,364.246075,199.842209,53.784321
884.642771,363.387757,196.774414,53.119366
894.845873,362.768948,186.581833,54.405262
903.610064,361.157767,172.974960,55.577423
914.313242,362.631298,158.498779,57.693134
925.992281,363.144268,135.578720,54.638020
939.485624,358.359633,120.979576,56.090378
957.929850,357.931145,103.163574,58.572018
949.179602,355.251890,112.996498,56.329727
933.825586,352.173554,138.311554,60.519390
923.170221,350.844292,149.226837,59.693813
913.124041,347.349652,160.865768,59.521961
900.972361,348.782070,178.235321,55.728931
890.238832,348.199887,193.354782,56.419331
886.068369,343.658823,201.696075,60.788139
867.183329,347.010782,223.726776,58.296135
857.770807,348.672661,238.151001,57.922939
845.917788,348.364889,250.881699,57.191315
835.391672,350.251452,260.660614,57.302589
819.872004,348.644259,276.322510,59.509529
809.474833,352.145010,267.541779,58.682892
800.846476,355.118378,271.943085,58.507092
789.225901,356.815312,277.087372,55.434879
776.830347,358.856238,277.779846,53.639526
769.399302,359.857371,280.899994,56.810539
753.864557,362.414213,285.973877,56.618118
741.519037,361.763815,297.905273,61.525177
730.255381,362.035227,295.043427,67.908134
720.375971,364.569487,292.301819,65.686844
708.027781,367.269537,284.830475,66.732788
697.444605,369.857630,294.429626,62.666100
686.368189,373.140692,296.780884,61.015442
672.539911,374.953629,296.493225,59.639080
663.156275,375.270220,283.930115,62.200661
651.217722,373.753893,295.136566,60.275429
641.112131,376.006073,295.742645,58.609692
629.219736,379.105297,300.720856,54.258961
614.407907,381.158364,303.155487,56.451229
601.781336,378.677298,310.514160,60.894012
547.662058,337.785635,351.360382,101.164215
582.719355,388.913328,301.650635,57.646194
576.739237,386.973389,290.618561,56.867748
567.462381,383.416136,279.884064,61.583633
544.454828,352.417868,297.598938,94.278168
553.320307,391.080242,277.747070,59.436024
537.908625,386.777865,269.160400,65.075874
529.871027,390.104473,270.101318,63.996998
515.003672,390.695107,270.553497,57.688778
512.156717,375.075762,258.787384,68.264748
497.487787,386.560408,268.635803,43.324387
496.798227,375.476168,267.741241,10.000000
583.795839,263.038727,163.417068,53.028454
591.527529,266.314089,203.171463,44.516243
598.972391,265.763000,206.362061,45.368084
605.479998,266.802038,209.680374,48.251068
607.721277,266.623222,214.675293,48.483303
612.515635,267.051216,217.109894,48.337246
622.298021,269.413523,213.726089,48.043175
628.635782,272.941332,215.448334,46.596138
638.659082,275.789534,212.123474,43.998611
652.811953,276.532505,204.187759,46.760227
662.906687,277.158785,201.837097,48.311409
671.476297,278.997616,199.168610,47.234547
681.706217,278.631887,194.583160,48.895660
692.434870,280.319351,192.933899,48.642345
697.620356,280.181801,198.114471,51.318264
720.430910,280.735600,187.052017,51.861088
730.157000,281.980661,185.078171,51.533043
743.396219,279.855608,180.832275,54.387428
753.716135,278.994995,181.714233,55.688641
767.561853,277.704397,176.571503,57.455597
778.339151,276.407265,174.479065,60.574520
787.096392,273.716858,175.701157,63.002514
798.617502,270.713915,169.634338,66.127663
811.964754,268.466722,168.083511,65.706581
821.398958,267.278196,165.939774,66.312820
827.133150,264.057783,170.254959,69.678146
833.762941,261.191477,174.891617,72.538628
839.255465,257.518827,174.915848,75.326248
843.155237,253.807562,179.159882,77.785217
847.943094,249.766130,185.398926,81.092262
848.405512,247.735300,193.514496,83.410332
850.813547,244.437235,198.263367,86.895195
852.911379,241.120314,203.803055,90.059189
856.467020,237.002714,210.978821,95.106216
859.315798,234.149546,212.732498,97.920341
859.967554,231.464983,213.994232,100.752174
865.405619,228.710272,216.984680,104.823181
869.484797,225.166239,218.465302,109.478386
873.701662,222.226259,221.787125,111.083076
876.490061,219.068277,228.707642,112.834526
879.398325,216.716421,231.343994,114.015656
885.564417,212.205866,230.302277,118.015160
894.112459,207.077772,228.427078,119.896835
901.035883,203.077089,227.868988,119.606026
909.635973,199.068155,224.020187,115.531059
906.646067,196.159479,233.605774,118.067589
907.195559,189.239935,239.945816,123.102661
903.587420,186.752523,248.615036,125.865509
901.346445,182.803831,258.539185,130.278946
916.012430,180.619638,247.695374,125.174675
915.162088,178.912024,258.245056,124.630493
918.073923,177.795557,257.856567,122.600792
916.496058,175.869429,265.586151,128.039841
920.355433,174.725069,264.483185,125.659126
932.071787,169.887716,258.512451,124.626312
935.000971,170.059828,261.914703,117.087570
933.077784,169.695383,267.635651,115.993340
932.456385,169.263090,273.186493,113.220901
927.863153,165.751554,281.417389,118.486099
925.536051,166.885878,289.087646,114.313217
925.615320,165.133402,298.793610,115.049248
925.883387,165.055716,304.527740,114.921478
925.477243,164.953714,312.630981,111.753960
928.882013,164.574907,317.972626,112.666298
935.177088,163.846674,319.041168,112.247398
941.749018,163.809919,315.026093,107.075607
937.840723,163.629847,325.895294,105.761559
945.311045,161.708746,318.445862,110.742310
942.442728,162.723932,318.071716,112.144554
965.893320,162.621725,286.809814,110.762970
957.821482,173.061701,289.855469,96.765526
683.810274,342.095694,194.856934,49.251862
678.463007,345.200375,196.571304,44.548084
684.512918,348.443876,195.203842,44.846817
690.563959,351.553843,197.290237,42.429466
708.126184,354.057335,187.043839,42.682461
719.949732,353.749479,184.011917,43.755600
734.561174,356.216942,182.530579,42.624813
747.074053,356.666042,173.910339,42.228992
760.644022,359.598274,171.700882,41.609615
769.862619,359.350428,171.512680,41.706779
779.005030,359.975719,172.592789,41.561604
786.902285,360.115692,177.273285,42.688000
798.625254,361.084568,177.418350,44.021122
803.558382,362.070318,185.963470,44.913452
810.839312,362.763466,191.594513,44.466152
819.214411,364.104467,193.849899,43.810608
826.242380,363.011045,196.982956,44.354843
831.530443,363.372192,202.575684,44.091534
833.912577,361.555237,212.965714,45.666302
836.675501,362.476625,223.455063,46.575325
842.863039,362.919804,229.164764,48.255192
853.390215,363.525984,233.886780,50.300217
860.347193,364.471170,237.353012,49.741264
872.301859,364.869707,236.332413,49.693581
884.330637,363.475349,233.058975,51.316097
890.223124,361.727777,242.858109,52.055504
905.175196,362.050093,240.362595,51.558640
920.222086,362.389580,238.507889,53.293911
932.110994,361.653631,239.603973,54.808716
940.505854,360.833599,236.423264,55.182362
952.275629,360.868162,245.425644,57.494461
965.694696,358.592014,246.096176,59.682743
976.836519,358.423288,250.088470,59.875725
988.155733,356.905655,251.803192,63.015362
995.852167,355.915092,253.313461,61.867702
1001.123095,355.192236,259.820374,60.425720
1004.801836,354.206688,262.780151,62.300381
1010.090120,352.538595,260.721161,65.102997
1015.316393,352.454226,257.315979,64.830818
1023.513079,351.841852,252.287903,65.672691
1033.504160,349.373770,244.269424,67.300507
1043.611895,348.812731,233.847290,66.206398
1057.971972,348.042879,221.038818,68.605293
1082.833345,346.921068,197.166655,71.022926
1092.467629,346.645971,186.246780,74.195312
1100.977990,347.065973,178.105331,73.282860
1107.993157,346.205843,171.006210,75.918159
1123.405786,345.628172,156.133408,74.174637
1138.807702,345.444395,140.670395,74.159805
1150.102609,343.621572,129.425735,74.851074
1162.668126,341.747244,117.040764,74.502777
1175.543931,341.569422,104.456069,70.342369
1182.667164,340.092066,97.332836,70.689903
1138.217615,219.636623,141.514587,53.681950
1133.971689,227.341558,145.823456,57.739487
1126.377146,221.375345,153.326355,54.811989
1118.031245,219.882399,159.273438,57.937592
1111.621180,226.268660,166.591461,52.931396
1103.100374,223.321583,175.409103,55.949085
1096.529124,226.573759,183.379730,54.686218
1088.104410,223.929897,190.971741,60.610966
1078.070795,228.847685,201.885895,58.939453
1071.545107,229.319588,208.454893,59.665752
1055.289483,232.497982,222.692154,59.023808
1046.814775,233.876638,230.076263,58.576736
1045.762979,233.628662,230.663986,59.012997
1036.967027,236.137733,235.329681,57.590618
1027.667352,238.071178,246.387344,56.889256
1020.768449,239.487059,246.751740,57.156006
1011.955674,240.760452,249.813812,59.934048
998.340303,244.423414,246.896606,55.799164
986.568299,245.169029,260.698669,55.710400
980.902940,243.901747,256.933258,54.825714
971.103265,248.255318,245.347183,56.430279
957.846185,252.009087,242.312820,52.530895
953.677102,251.818569,245.547775,50.683842
942.984979,253.343348,249.731400,52.661934
932.793771,254.294703,243.624069,50.353096
925.061700,254.245243,238.304825,50.842884
912.944047,255.180182,241.797577,49.558701
905.426828,254.965334,248.066147,48.295158
895.343629,255.744900,246.977295,48.991215
882.068734,258.847219,251.273117,46.539444
870.040811,262.702007,249.411423,42.048557
861.754228,264.654402,242.720184,41.298920
852.564233,265.935192,242.644272,38.792271
842.699594,269.425566,236.172867,42.122131
844.761033,269.840284,319.683533,95.013580
822.724809,272.606089,251.211975,43.725868
816.752381,269.368475,244.576294,46.068161
807.236116,271.993883,232.374237,40.640221
806.568711,268.793001,228.712006,46.498405
788.979348,270.298723,235.492661,43.949486
777.571931,271.220375,251.837921,51.976665
768.384034,272.475134,296.383575,67.652939
850.470765,313.504791,296.772736,61.603268
818.533174,306.228701,310.487518,69.776848
750.262483,276.753836,361.471832,91.779068
735.949067,278.724451,337.478546,74.711922
726.916337,273.389490,328.946167,75.715401
720.660234,275.897902,381.704773,90.891144
706.448472,275.719118,388.927673,94.944756
696.314180,274.331419,378.429413,98.071716
685.159333,275.909136,378.196808,95.170311
678.982530,274.247328,379.590515,100.002533
671.247758,269.756834,258.386597,56.002441
666.789003,275.018179,309.739594,77.373917
657.469346,275.587587,362.517090,100.778435
645.247422,273.277014,331.149048,83.946884
639.356172,273.371090,259.768402,55.638248
680.036500,295.527861,302.503326,79.380615
781.866548,333.829309,225.411652,51.402229
706.763551,311.967772,274.214447,68.497437
610.782121,270.515718,301.310120,84.191154
602.435655,270.495220,246.782898,61.333103
598.785684,269.465145,224.119156,57.524357
591.442521,268.408443,217.481018,54.771244
582.888581,266.777418,205.644623,54.489899
576.274583,265.937271,198.668060,54.814114
567.544305,265.108891,198.458176,56.286366
564.422250,263.136969,196.868057,57.420273
673.323560,337.123697,104.649178,10.000000
695.001332,340.571829,103.546822,52.272728
679.499017,352.900618,216.761536,38.542488
672.714051,351.803244,220.554886,41.542870
663.448823,351.359215,221.828354,41.519520
654.631784,351.779892,221.733185,42.066349
649.465936,353.064302,217.216553,42.049347
637.707666,354.065676,216.426636,42.182678
631.809426,354.112766,213.705261,41.871914
627.357011,354.866804,203.889420,40.343971
622.461640,355.690918,203.738754,39.967899
610.796052,354.966553,210.950363,39.763432
605.149522,354.601170,211.753586,40.423641
597.217912,353.969824,210.951065,43.295433
591.116311,353.054380,207.190521,42.087532
499.379129,275.353720,290.897369,120.093071
447.244180,235.375032,218.486237,65.009308
443.099054,237.424942,205.932983,54.211857
437.350389,238.476934,201.652176,52.341820
431.738084,238.916174,204.191849,47.945763
425.737382,238.280588,204.907455,48.540176
419.342408,236.642687,205.624649,48.898651
413.027642,236.173800,207.074799,48.596680
406.356294,235.920021,206.954025,48.811695
400.252717,235.110308,205.927444,47.290924
394.883744,234.730757,203.504044,47.155342
389.992089,234.695183,199.932892,48.545124
384.649591,235.370775,200.228638,46.936554
380.139550,235.476553,200.165527,47.451408
375.795251,234.910828,198.262939,46.355564
371.872888,235.452053,193.522552,45.779644
369.019456,234.873346,191.511398,44.626755
365.978982,234.987206,188.104980,43.916187
362.035737,235.237883,186.598526,45.233406
358.812554,234.329601,185.731049,44.056255
355.869401,234.274370,183.536789,44.563507
350.906983,234.324284,183.033859,47.690304
345.265809,233.233952,186.225845,47.736935
339.605233,232.302784,185.237488,46.856350
333.863801,231.601309,184.701889,46.809563
326.952043,229.900833,184.748398,47.855320
320.824510,229.349424,185.386429,49.023659
314.772332,227.160891,187.833496,49.923737
307.866876,223.316088,188.950867,51.717224
301.808107,220.622669,186.581650,55.009762
294.555978,218.003489,188.393127,56.689438
290.909036,215.994865,186.300781,56.783527
286.193376,213.050812,185.462906,59.168217
281.195344,210.542173,186.163010,60.093147
275.852777,209.612686,186.813110,60.688145
270.894570,207.516123,186.453827,62.700668
266.899278,205.289499,184.481705,64.346603
265.278108,203.217508,182.651596,65.687363
261.001176,200.274321,182.405594,68.612312
256.474725,198.755106,180.395691,70.401657
249.993440,196.828211,183.433762,72.728775
244.577630,196.727720,180.293213,72.685066
242.733361,195.796511,182.305176,73.801453
238.388444,193.500154,182.472061,77.691772
232.853715,194.378412,180.322037,78.255508
230.275827,193.047812,180.956757,76.875938
226.646752,191.833876,184.251221,78.916664
222.151765,188.508081,183.923874,78.242203
218.179727,191.253325,186.871246,76.800850
214.434518,190.605505,185.247650,77.410698
210.029702,190.927584,184.234039,75.838684
206.949632,189.958715,188.971939,81.794243
202.651063,188.603548,182.975449,73.118347
209.542436,205.941240,236.301041,149.911285
189.399949,187.390253,182.060379,73.215347
189.868043,184.088083,255.207809,174.196701
183.036836,168.319666,176.295151,91.988052
180.899949,178.818720,176.890396,81.733963
175.905404,175.256636,169.598480,75.880592
170.969720,176.824545,177.773499,74.597984
167.504640,172.423925,183.270920,86.852287
169.351350,170.989573,172.550888,86.453964
170.880990,170.007967,167.118073,80.541504
174.656091,172.842592,184.443481,100.822021
182.823510,169.737406,156.092224,79.227646
211.096666,318.413635,186.481461,45.713749
208.433686,321.546322,183.874344,45.757275
204.932290,320.838377,177.154510,45.862434
202.574411,320.305977,176.593964,46.802753
201.638795,319.988256,173.363052,45.739037
200.006890,319.996031,173.344360,45.320900
199.891725,320.241764,165.586594,45.262447
201.217019,320.695272,157.667267,44.512627
201.054231,320.154917,152.945999,45.130295
207.448808,314.828253,141.353134,49.196129
197.508165,188.992495,142.174301,125.605652
200.662362,168.764753,139.813965,53.001747
198.162095,170.059776,153.156906,51.260731
226.440324,170.623241,141.382767,53.025097
226.473832,170.622488,155.663834,56.639854
227.732766,172.220528,168.980194,59.057270
228.971231,173.342564,183.073090,61.098904
226.632730,176.165716,197.355377,61.483055
226.416246,176.264179,209.968338,62.527035
223.660104,181.004066,227.727570,60.409016
223.736703,183.420925,239.483429,61.143047
227.460626,185.692493,251.330872,61.118832
226.545678,189.482803,264.979126,59.459904
230.668679,192.631599,273.914093,58.380451
234.196725,194.331985,282.497345,56.395756
250.321130,195.397713,279.133728,54.786579
268.570275,197.285076,277.671692,54.386974
294.002450,198.676786,262.609711,54.245094
298.325204,198.974733,271.863861,55.433563
189.920991,296.907333,234.607559,56.129093
205.519387,293.324692,228.928711,60.149235
225.566323,294.506336,218.997803,58.292599
242.150392,287.728987,215.297562,62.594002
371.437905,194.469807,239.719116,61.802120
379.714120,198.204268,288.154785,57.834236
284.908227,262.345240,397.499847,10.000000
398.969079,202.062636,226.886047,56.289223
229.729364,294.975733,291.815460,56.670792
249.819619,290.301837,385.719116,10.000000
287.188455,302.004708,250.003937,56.656696
282.181543,298.269055,272.559387,54.474133
401.839822,231.903898,291.047699,26.939280
483.911340,203.100377,262.800964,58.135372
508.013101,200.541718,285.809235,59.477787
503.623620,200.716906,304.974548,60.372955
519.602533,202.449675,303.720642,58.957039
526.459542,200.314749,305.537567,59.741112
535.538995,202.673327,311.997192,57.455170
549.689996,201.035092,309.630981,59.574841
564.354715,199.127803,304.652985,59.870804
577.445275,199.863223,303.421387,59.580994
588.356073,200.734952,303.762878,59.294140
600.751016,199.954539,302.346588,59.792526
610.604165,199.848616,304.783600,60.137978
619.540063,200.164635,304.185181,59.827290
629.386544,199.602607,300.752716,59.059807
643.823602,199.832402,291.566101,59.490475
651.150338,199.695739,295.565765,59.197212
654.590631,200.392110,300.119202,60.415981
662.482965,200.022158,301.924927,61.663818
667.553933,203.932761,310.694489,58.169029
681.548745,201.630614,307.465118,59.887947
691.398217,206.371196,308.319153,57.619675
705.281030,205.130221,303.468872,60.097534
712.938287,204.471064,313.685486,61.685806
724.787088,205.076178,308.064606,60.089409
746.784448,208.363288,307.659668,58.550652
753.588861,207.522137,304.921753,61.642498
744.631692,216.064437,303.134796,78.686745
770.595010,214.899379,283.460236,96.860977
788.071664,208.504227,286.453094,58.209751
796.956002,207.807410,281.327789,58.469292
799.768579,208.903645,277.682922,58.476101
821.796502,211.176064,256.691650,59.568775
833.706681,216.762847,242.516251,88.278755
775.757165,344.023730,308.107056,62.079498
788.510812,336.925402,304.286591,66.397369
804.035089,344.101214,300.942139,60.412628
811.157434,342.393368,305.191833,60.686596
826.907846,342.677092,303.305023,61.329720
836.396234,345.333495,307.410217,59.494942
848.216577,343.516295,309.260071,62.133186
865.086084,344.587380,312.635986,59.207447
891.102822,345.442689,294.498383,59.485172
912.590982,347.028155,288.576080,58.383209
928.465921,344.955918,287.788361,60.811741
938.646920,348.725373,291.264130,59.486759
944.573449,348.949740,297.070496,61.487854
958.800210,352.284173,294.408844,59.531513
973.986138,356.014806,288.358398,59.159847
983.753671,355.593987,288.222504,61.103230
998.754693,357.860892,281.209473,57.856407
1020.044015,355.287783,259.955985,60.275940
1030.956349,358.611487,249.043651,57.558647
1049.163752,359.354089,230.245544,58.427631
1072.933428,357.901530,207.066572,61.498947
1076.119714,358.401639,203.699493,62.689831
1092.958039,352.402171,186.203262,68.543259
1105.159219,348.253077,173.012024,71.865616
1130.495790,349.432730,148.414200,69.913841
949.706704,237.509501,148.663300,58.336105
925.302087,240.039819,175.477448,52.412586
923.423242,245.560599,178.355682,47.715996
914.291841,245.300503,186.313797,50.345287
907.065835,245.951934,201.415894,50.121040
896.081918,245.230744,216.004730,51.268162
890.057481,249.710740,216.717606,50.142887
882.900483,249.631804,214.879959,51.094887
875.732545,252.608868,211.283798,50.771252
867.557710,252.245110,208.532974,53.406422
853.700067,256.328238,207.536438,51.433891
843.701265,257.151688,212.215530,50.329105
832.521684,260.977299,214.427750,48.367275
827.621316,262.206441,212.946167,49.435787
821.031037,263.317416,214.672195,48.441803
809.585870,263.326586,217.296265,48.493439
800.068322,263.872037,226.074524,50.045177
794.540429,266.375989,229.918762,50.581158
788.906610,268.710484,230.987122,48.621212
783.914300,269.344184,233.352905,47.577446
775.172952,269.559760,236.556854,47.748405
767.174569,267.875464,239.645966,48.481743
757.655053,266.783593,242.611511,49.295795
750.575280,266.717610,246.248535,50.122036
742.402032,268.248221,243.092590,51.255882
737.431214,271.556618,232.972519,48.667408
727.813363,272.155484,241.013214,47.894360
718.674638,273.379569,237.358109,46.389183
712.769288,272.205195,227.667648,47.936478
704.359529,270.558852,226.011795,50.165565
695.986253,273.126729,232.142258,49.450832
691.854051,270.685752,223.600937,49.680321
680.427796,273.575017,229.116440,48.021420
673.046106,272.209494,226.384308,49.397850
665.316209,273.151652,231.079147,48.808456
658.007348,272.171275,233.343353,48.805466
651.392121,272.718081,231.714310,48.684326
645.082139,273.795361,231.398239,48.439251
639.395311,274.405400,230.573654,46.668636
634.128648,274.518828,230.648849,45.603401
628.908448,273.129534,227.666641,45.941132
622.321244,273.148852,229.726364,47.840118
615.427919,272.468621,227.711899,46.786152
608.957360,272.227948,221.093048,49.332989
604.945336,271.748519,217.462830,48.898842
598.945169,270.466908,212.531555,49.774258
592.969651,269.425416,209.370926,49.979191
587.088708,269.006716,207.511383,51.551697
580.339997,265.038865,208.737198,54.178135
576.114808,265.822243,209.043228,53.919727
568.788415,263.371642,208.176361,56.761421
564.256341,261.542369,210.565826,56.283432
557.762986,259.903834,209.207687,57.693130
554.047082,257.131491,203.966217,58.459557
549.308633,257.399956,200.765076,59.649311
543.105523,253.994262,205.611359,61.286140
537.075662,252.037247,208.668030,61.626560
532.295350,252.228144,207.868851,62.400894
526.878427,250.869105,211.644714,63.740311
521.661904,247.922568,212.349792,66.619957
515.836129,245.563826,209.490967,67.458290
511.612596,244.769259,205.253647,68.700928
505.292382,244.449336,207.658905,68.365860
500.515420,242.645636,206.653625,69.437981
494.355088,241.592776,207.645493,68.395569
488.470445,241.319285,205.173264,65.979355
482.210649,240.862635,207.124680,64.795853
477.208337,240.518367,206.152740,62.561050
471.559159,239.899932,208.241867,60.420784
466.772775,239.585871,207.391907,57.218338
461.686120,240.058078,208.760101,54.434998
455.779931,239.916276,208.443390,52.838535
449.540071,238.726754,209.766983,49.842030
445.131135,238.651950,209.171188,48.116791
439.721528,238.322404,207.987564,47.753117
433.912683,236.897321,211.718933,49.347393
427.327821,235.403079,210.914505,48.968994
422.731835,235.574591,212.554413,49.581688
416.374665,234.107756,211.722000,49.702431
410.351953,233.626944,211.880035,50.822136
405.405793,230.582478,211.945908,51.761593
401.691278,231.043879,208.792236,52.888901
395.120904,229.189582,209.298279,54.473351
389.072007,228.182561,209.084244,54.575710
384.050408,227.426219,208.403503,54.290604
380.567308,225.833071,206.687759,55.700226
373.395883,223.585736,211.033905,57.535046
370.188317,223.386468,207.608765,56.215015
363.849092,221.511727,208.043198,57.009113
360.613374,221.012503,206.184006,56.082390
354.376359,221.259530,207.550491,55.841389
347.297929,217.912719,211.077896,57.850197
343.758882,220.286492,211.976242,55.557362
337.987695,215.840052,212.590027,57.932236
333.157991,216.535407,213.996201,57.534569
326.881799,211.854571,214.837036,60.767883
322.191888,210.959491,215.425293,59.492432
317.878823,209.916453,212.690704,58.663040
314.427232,206.806372,209.159012,59.391563
309.782540,204.764598,209.793060,60.324783
306.827737,204.824454,209.878082,60.097832
308.439195,203.822297,204.209915,58.445774
309.993867,200.496285,199.690781,59.193928
313.265130,197.352206,190.821472,61.733673
319.302316,198.390443,180.259186,58.220493
324.853250,197.835681,167.809235,56.635498
331.686082,197.466717,157.400345,56.221935
337.053468,195.686652,148.908432,57.059685
346.873094,206.670932,129.208084,46.162262
349.616471,190.276000,112.630081,63.324593
348.402921,209.317994,110.592552,48.676517
350.918637,197.618352,98.511528,56.696377
348.703214,193.724385,110.707939,62.595943
350.429776,194.852628,121.492058,62.700573
352.532773,194.066226,124.946617,65.990143
351.773957,194.971835,135.373184,61.395111
350.997514,192.930701,147.193436,65.011101
349.145761,192.878968,150.982941,56.865116
353.301545,194.517291,157.709610,50.877411
362.695527,193.909520,155.393051,47.650906
359.234849,197.219781,166.189529,41.088154
348.766923,196.927918,184.587906,42.173161
341.986215,198.618224,198.604156,40.022957
340.132714,198.069852,206.706451,39.488171
345.781808,199.033719,207.414948,39.497723
357.212724,199.926839,203.386765,38.548122
359.636270,199.271645,206.376007,38.050098
366.874467,200.033894,203.228592,38.179195
370.250650,200.018107,203.261322,37.177567
379.175180,201.566338,197.750031,38.084309
384.863351,202.063750,196.647522,38.422188
391.026429,204.443120,194.676407,38.488461
446.234925,263.526109,213.180008,61.906101
474.665170,297.848002,210.031006,58.368454
443.449433,258.673028,205.171829,57.910145
457.352059,282.890540,208.465332,62.591759
441.843316,260.335204,219.482635,88.857521
460.636720,310.993787,199.062271,48.090099
452.676606,308.484584,196.049088,45.268661
443.326516,299.329495,198.051819,34.021221
439.036355,282.205693,201.495605,41.765285
449.077699,224.083987,197.383957,73.490631
421.615724,305.908747,213.432236,51.953476
421.221307,309.284819,208.293762,45.508034
430.660661,282.713012,201.195480,61.453529
432.552682,273.178277,213.269470,50.889515
405.384736,307.618483,210.325790,45.031807
407.081506,300.864781,215.804016,37.467037
403.376825,298.722443,208.720276,45.691807
447.852243,259.561305,183.320648,69.068283
500.399598,218.009730,216.643539,46.125137
392.342530,296.203389,213.661057,42.924404
512.203675,221.867196,180.006699,60.978657
524.265992,220.081137,205.960495,44.975487
494.477204,244.153944,236.841324,28.192484
548.983819,222.702191,192.444489,45.037731
551.752595,221.673266,197.494431,46.119446
565.102166,222.145949,187.372498,44.512672
574.237779,223.282212,183.221756,43.060154
587.686631,224.035300,178.608597,43.757988
594.913728,224.193661,179.796890,43.904491
608.274690,223.202651,175.624924,44.829109
616.674295,222.543774,180.895569,46.542828
624.244233,224.462609,181.253342,47.031330
636.142617,223.766444,177.795502,48.388016
645.308587,224.849480,180.367859,46.758503
653.975648,225.636409,184.566849,47.150375
659.415872,223.637763,189.887970,48.683739
668.223382,226.849515,190.930664,46.169170
677.489503,225.892012,191.437698,48.670723
684.271150,226.217759,197.100906,50.280247
688.359666,226.402579,205.664597,49.577660
695.407823,225.664664,209.478317,51.947105
700.144670,225.223241,216.042831,52.936459
704.703515,223.794604,224.062531,56.825165
707.053857,222.508998,228.113861,58.281876
712.068048,223.538920,233.862946,58.551132
717.060441,221.666390,240.736557,59.937000
721.498078,223.633328,247.803604,57.060863
729.086404,221.610913,253.891235,58.928265
735.082254,221.077815,257.343445,59.127274
744.837823,220.127503,257.199005,59.682926
754.753686,218.356810,258.265717,59.922615
764.985650,216.430354,263.163849,61.720352
775.358377,214.985068,262.718872,63.911644
789.035821,214.617251,260.200165,62.395996
805.870690,212.931376,256.580109,64.045883
819.705926,213.817021,252.606110,61.406429
827.125863,211.190257,255.185486,63.576950
840.651193,211.606145,256.684998,61.979733
853.764848,208.534842,255.092026,64.117516
861.945687,205.574206,257.700745,68.187103
872.560174,206.773223,261.003571,66.859688
881.080194,205.913337,261.173981,68.163445
895.158837,205.187182,255.802521,70.221100
904.161973,204.197173,253.025864,71.505928
913.054216,204.877879,252.907883,70.856857
918.525430,205.051509,254.232544,69.309402
926.257020,203.976039,253.827591,68.953384
930.746987,204.899646,251.766663,69.325897
939.319207,204.752429,247.612946,68.013153
939.633096,206.177867,253.732910,67.459763
941.254586,206.514857,259.707397,66.884720
945.858071,203.591887,258.891724,69.524178
949.262979,198.932326,260.909302,70.642494
962.307946,195.517829,255.950348,72.255547
971.140214,194.750327,251.569504,70.773338
980.746049,194.797305,247.388412,71.290283
988.784181,192.634394,241.788956,72.127335
997.271730,190.261061,240.264114,72.123756
1007.542344,186.054450,236.199570,76.133415
1011.997613,184.334601,239.946869,77.714775
1022.918908,184.101222,236.645905,75.530167
1032.838311,183.510916,230.094757,78.146568
1046.289964,183.754195,220.655869,76.885780
1057.288911,184.724612,212.889114,76.972839
1067.349763,184.036078,205.349869,78.704155
1073.330987,185.762572,200.812958,78.240730
1080.587678,186.432376,192.827164,76.284424
1084.785737,188.191066,188.143631,72.991287
1092.273301,190.498622,181.742661,71.809097
1095.468927,192.955886,180.523102,72.773170
1102.685205,194.309088,174.951874,70.046928
1112.148828,196.289061,166.716095,69.212166
1128.519677,196.866748,150.139862,69.181366
1135.484857,198.070758,141.734650,70.188080
1142.327516,200.486365,135.916611,65.614433
1150.819974,199.489445,126.855003,63.660458
1158.355153,195.986670,120.453072,64.959892
1167.933534,191.921248,111.806076,68.329475
1171.976983,190.361949,107.179108,68.293533
1173.794328,184.921828,105.546982,69.559914
1178.337396,185.843436,101.447205,70.685417
1186.618516,183.355357,93.381484,70.877914
1194.197800,174.618186,85.106308,79.117729
1203.292527,177.250109,76.605515,70.196411
1206.322045,174.971774,73.504395,73.124054
1140.098153,199.330426,137.618317,47.044872
1149.783814,194.482739,128.281662,51.534466
1156.918450,190.488215,122.920288,53.682175
1161.766755,186.238639,117.527298,57.762779
1142.627373,188.070668,135.967773,52.687740
1133.232705,186.248107,144.990784,56.728340
1125.403512,185.067515,147.819122,55.412643
1115.864441,188.772637,160.424728,48.112629
1110.762520,181.565240,169.148529,53.255207
1103.430741,187.388539,175.435898,46.886013
1095.578934,191.518927,184.201218,44.413170
1088.322297,192.749835,191.677703,43.313568
1084.504540,190.238490,195.495460,45.194748
1078.511830,190.128802,201.488170,42.314148
1071.818148,190.716632,207.101212,40.967102
1062.532702,189.990109,215.718338,42.519878
1057.761286,188.002635,219.819702,43.245132
1051.752749,189.593022,222.677567,42.443020
1043.651880,192.038680,226.454590,42.161171
1036.073694,186.616235,236.926910,42.285511
1029.707483,186.136224,239.530151,42.907948
1023.178789,185.663102,230.222092,43.119694
1020.503252,185.515553,222.809982,44.702175
1017.368433,186.357262,222.804352,44.740528
1006.060610,186.708478,227.209641,44.426189
994.963442,187.979464,226.265549,44.738464
988.516153,187.257222,228.253357,46.519466
976.983477,187.270152,231.922623,46.020889
965.445910,188.034013,237.055527,45.766300
957.871660,189.683709,240.711777,46.154346
953.806154,190.061345,231.823685,46.824551
928.461351,209.111415,165.516190,103.345139
729.197168,325.687011,282.743561,65.133461
740.103159,321.000335,280.093994,66.965004
743.546640,316.197310,288.599182,71.351448
753.765284,310.415118,286.142731,78.749695
764.774668,307.514319,283.685059,81.421349
773.132822,304.725299,279.886780,81.459717
776.042170,303.787383,284.553802,79.405922
788.686960,303.023822,279.078552,75.441772
804.135874,298.427859,272.927246,74.608124
822.202524,295.246608,261.762390,74.725693
832.534144,292.947901,258.195831,73.310410
843.912165,291.329032,257.888763,70.953545
851.779169,289.711348,258.447052,70.428841
856.462442,288.336924,261.654785,69.347427
864.794993,287.858840,263.246582,67.277168
871.713083,287.758330,262.534424,66.321877
880.762934,288.781337,256.431610,65.362350
881.152918,288.291747,261.709137,65.532265
885.310556,287.948239,261.889954,63.309246
891.091257,288.485057,261.147095,61.438065
898.986155,288.748362,258.034058,61.543900
907.216456,286.066790,255.745270,63.258057
921.852396,283.393241,245.340820,64.924248
931.503351,280.975608,240.068451,65.767448
933.859835,280.207160,246.599625,66.735374
949.221346,278.908347,238.477188,64.879448
763.661387,191.936896,306.883575,81.940636
970.981104,275.059382,228.777344,69.385971
776.388636,192.001033,399.433838,141.636520
734.365618,189.300441,231.137466,51.533066
733.476450,190.567178,240.970673,44.729816
727.591333,189.866524,232.847321,44.026386
722.116068,188.964955,233.481628,44.291927
717.150263,187.865491,231.845886,44.372021
711.960741,187.856492,230.896103,45.603306
708.094484,186.674876,229.100235,46.116562
700.962618,187.729251,228.851669,43.822998
695.514559,188.213214,219.852493,44.622009
691.827997,188.366868,224.286041,44.045383
684.538195,188.536462,219.164139,46.332661
680.255640,188.163630,221.850189,47.048019
673.121676,188.841361,217.791580,46.848503
668.955874,188.088835,216.260086,49.712990
663.408449,188.293700,217.305496,50.074440
658.120150,189.123534,216.374832,48.887611
653.007876,189.329901,214.153580,49.650108
647.762407,188.594355,214.612778,50.788620
642.358835,189.071141,213.250397,49.943020
639.578997,186.554837,213.078476,50.932842
632.555544,185.466717,212.997238,52.246288
628.316217,184.886765,214.335510,52.467960
623.676539,183.187127,212.000183,53.253529
617.942904,181.819190,213.758163,54.142601
612.734316,180.421059,210.070847,55.467548
610.709459,178.892054,205.409073,57.499008
608.519259,175.673299,207.404099,59.376278
606.035807,172.062125,200.961761,62.411552
602.650110,169.480246,196.606812,62.355095
600.236063,165.833125,189.662811,64.320969
600.493975,163.178897,180.596512,67.573639
598.495256,161.056742,178.286575,69.657730
594.749415,158.763835,171.644104,71.223648
590.073679,155.798732,170.121063,73.388718
586.519304,154.090461,167.362320,74.784874
583.017374,151.060305,163.291962,78.148102
578.462198,148.437079,159.802521,79.330101
574.415094,145.763057,156.758057,81.647141
570.360560,144.831614,157.082520,81.719681
566.809023,143.333998,155.296494,83.475044
564.502527,141.372000,152.004456,82.982414
560.370760,140.381167,151.661728,82.243073
555.583475,139.859030,150.990082,80.315605
548.425486,137.136271,153.717743,80.576859
544.953096,136.866648,153.265366,80.139603
543.335299,137.065440,150.209518,78.750687
537.886889,135.315486,153.507278,80.305893
531.349505,132.880595,157.469131,80.273331
520.417582,129.499022,166.500336,79.865700
517.715616,129.965029,166.852570,78.493744
517.948481,128.042926,164.405396,77.815552
514.691645,131.509890,165.880249,70.708221
509.991335,127.806803,171.508163,72.398697
506.362886,130.482749,172.690536,68.152824
502.975367,130.339682,176.347046,67.467216
500.610849,131.291915,176.576874,66.268501
495.489313,131.470465,180.245728,64.644371
493.729883,131.452990,179.500183,65.057739
481.810923,129.145079,189.539886,67.698097
474.490351,125.650603,192.738464,70.333534
462.431055,116.440261,202.194214,79.229866
467.900225,114.798056,195.478104,78.769646
501.064859,123.624583,160.598236,70.663895
496.615191,123.350138,163.645462,72.071793
497.162127,112.053828,154.894302,85.464096
496.875765,110.595122,151.732224,89.894447
494.336229,110.137259,146.458206,91.841545
493.859873,107.809565,138.416351,94.647934
498.503153,105.727599,129.385040,96.672585
497.752440,100.904380,121.033684,100.825676
490.525492,94.121554,127.725067,105.629486
486.770525,120.312674,128.015884,79.518303
487.507673,91.089110,122.791100,109.157143
489.279547,116.382880,118.531288,86.925133
497.086107,113.974532,105.354263,91.034065
505.564398,112.369052,92.775734,93.637024
510.204943,100.848986,89.182449,106.666748
514.227171,107.982138,78.438744,100.300102
516.472086,89.566443,70.776611,117.243279
515.068331,80.524607,70.700485,126.865036
514.644014,85.705451,75.575974,116.859306
514.152220,90.239772,87.662376,115.727921
513.626494,93.599250,92.662895,98.376884
518.112555,71.256160,90.917854,128.099838
729.199225,282.077040,77.371956,43.038094
724.720461,284.708112,173.199081,42.071850
719.021837,284.499579,229.731186,42.676964
714.628176,283.909343,229.411240,42.566910
708.974581,283.633809,228.459702,42.603603
705.772455,282.944371,223.065918,44.463741
700.518305,283.815213,221.395142,44.691387
695.919329,284.554837,219.358170,45.139233
690.330683,285.147315,220.637726,44.520042
685.631174,286.176499,219.848511,44.652744
681.300127,286.128312,222.513351,44.209141
677.207857,286.668088,224.854294,46.118877
672.293917,286.605340,226.046310,45.773121
667.753237,287.153273,224.943130,46.172127
663.041018,287.309117,221.648514,45.794491
658.291025,288.162493,214.715179,46.176208
654.688440,288.301173,213.150574,46.469925
650.774904,287.781907,211.832535,46.981113
645.226267,286.905963,215.624573,48.439392
640.398134,286.894660,216.084274,48.455833
635.770022,287.556002,215.259842,49.073517
632.589396,288.146615,215.188171,47.685871
625.740961,288.740420,210.728363,48.331207
623.497339,289.620524,211.359009,48.659256
620.121203,289.644536,210.116989,47.638943
615.890703,289.133425,204.955429,49.421356
612.019846,289.842437,204.505798,48.717262
607.509737,289.760312,201.528305,48.767895
602.590227,289.429158,201.988541,46.909298
597.587900,289.007125,198.238556,48.425819
591.982607,288.499804,199.995743,47.791412
587.353960,287.615449,199.648361,47.650364
580.199007,287.020320,195.513992,49.553513
574.358889,286.076983,193.028641,49.792023
567.210520,286.065743,191.425262,49.839283
560.403986,286.089850,198.814484,49.816734
553.139628,285.767443,198.513458,48.119995
547.149836,285.368075,199.295197,49.230255
541.557940,284.768386,200.491104,49.693153
534.474588,283.445801,200.805115,50.025761
529.022677,284.143008,200.838760,49.803040
524.031694,283.232449,200.382645,50.588268
518.139414,282.094075,201.704315,52.124599
514.024767,281.891516,201.860306,52.699516
507.268732,280.960307,202.649017,54.473801
500.799898,280.465134,204.212662,53.580784
495.446695,279.232680,200.640686,54.944252
489.790400,279.302588,200.499969,53.773186
484.535959,278.517560,197.734863,54.522198
480.163324,277.451915,193.368927,53.098312
474.364069,278.432172,192.221375,49.178082
469.241251,277.243802,191.900513,50.215466
462.369715,277.867974,192.725098,49.740223
455.974871,278.179366,196.657120,49.722603
453.083971,277.681782,193.145859,48.011593
447.509638,277.814687,193.849670,47.475826
441.917490,277.675666,195.062347,46.614220
437.401911,278.007336,193.933533,47.477123
429.534693,276.398362,199.310791,48.195408
423.011255,275.205052,200.657837,50.160915
422.217829,272.828446,195.451752,52.113163
413.180544,270.726405,202.720840,53.339828
403.963480,271.459431,201.780457,54.581966
398.361269,272.237225,201.474319,50.700695
392.815538,271.409032,199.997452,51.420650
387.012743,271.216098,201.628067,52.657684
381.468950,267.808284,202.709396,54.193588
378.012667,269.633439,204.053848,53.141239
366.925432,261.532147,231.874130,61.242687
514.073908,179.011149,223.711945,152.619583
509.249216,178.339671,222.930359,151.511002
509.131189,177.591059,221.709015,150.309555
509.948679,179.350734,224.284546,150.974350
513.866602,176.466395,221.416107,157.155807
506.538523,166.827792,226.623413,161.511383
507.093508,168.989955,228.518387,157.022812
502.797327,167.748736,230.104584,160.099548
503.327906,175.731890,229.951447,153.690430
481.191538,173.228816,238.056824,153.014755
489.117838,174.437358,228.842651,143.784073
473.316500,174.690707,242.807144,145.628265
488.860132,177.129222,211.017426,138.947952
508.233492,178.175395,183.883255,138.873978
502.072191,178.699542,188.423996,123.274902
447.498941,162.227740,231.234558,136.751038
477.131907,171.480723,190.322083,132.414078
499.534807,173.588046,167.374008,132.963104
491.154772,174.195262,176.339645,130.798599
470.035151,167.169902,169.800018,120.711380
478.179743,163.133788,158.022919,114.019020
405.759432,181.899821,221.662918,85.185745
395.087763,179.788825,212.674774,80.593651
326.260630,221.843169,270.427124,34.882118
280.064806,251.765641,203.376114,55.150394
274.179895,251.389460,191.112457,58.447739
270.780222,251.258374,189.456482,59.045361
268.123118,251.317727,187.936829,58.829609
266.226053,250.357718,184.532227,57.780815
261.869478,249.884814,182.778580,57.454468
257.710436,250.278783,182.464005,55.723354
255.554941,248.912329,182.673553,55.083153
251.272493,248.573952,181.150070,53.410480
247.653864,246.837783,180.711273,54.347878
243.246523,243.936372,178.920731,55.248966
237.097056,240.285489,175.166260,57.143963
229.519045,241.503756,180.108536,56.971497
229.694666,240.131131,172.104218,56.157574
405.081698,221.407702,132.064163,53.492981
270.454149,237.303719,177.518265,48.782887
422.849688,229.311509,146.062576,48.743382
424.606302,233.277760,171.475647,42.374813
416.914362,235.287238,185.783997,40.980797
412.784975,234.815568,197.677933,43.532993
411.270952,234.442818,201.349136,44.203236
417.379458,235.490765,200.479202,43.935314
420.501490,238.749598,205.875946,41.941422
424.034128,239.541098,210.258759,41.148033
432.423052,241.988572,209.913315,42.044437
439.186190,244.129361,211.464859,44.025127
446.674662,245.429747,212.815430,44.599800
452.744310,248.455231,215.314316,42.944218
459.543940,250.813191,213.816925,45.450405
470.550501,252.818921,208.426575,45.187817
480.151888,255.030490,205.714371,44.697113
483.148356,257.621958,208.037537,41.205399
488.159418,257.194226,209.893524,44.427929
499.460413,261.623235,197.344299,39.671993
502.652910,263.398635,212.211014,41.408150
512.456850,264.830142,208.812881,41.005676
519.671877,266.099398,204.765060,40.692627
523.145884,267.805032,208.550385,41.083942
523.869143,269.516021,216.837357,41.396431
537.725176,271.001029,212.174515,42.417931
545.309938,271.214318,209.113235,40.409229
547.953615,273.242051,215.309647,39.368168
558.731112,274.328288,206.842850,38.784103
563.506876,273.361186,207.421112,40.073532
565.196390,273.836863,212.521454,41.384720
576.228083,275.329150,209.879486,40.523712
584.606958,275.006407,194.933868,40.135292
589.002565,274.045043,211.241409,43.579567
604.617693,276.921153,201.546432,43.039383
601.245203,278.462106,205.752502,42.654072
610.664637,277.150355,203.392731,41.675064
624.369661,277.343365,198.045578,45.006603
623.318956,279.075833,207.344864,42.959209
627.854929,280.282494,207.462860,43.951801
633.716456,281.396456,210.476685,44.567719
643.827173,280.858794,211.305634,46.838234
652.607370,281.409859,214.530884,48.356525
657.377718,282.711745,217.864822,50.522835
662.805498,285.106419,222.943710,51.589382
673.412767,286.650994,222.305954,53.397572
676.253206,288.831977,230.513443,52.883507
681.495730,290.801806,231.985306,53.138062
691.762278,291.378476,226.814209,52.455669
717.900560,293.934262,205.057846,50.719952
731.504885,298.480880,195.957840,47.078865
731.777186,301.084532,201.296783,46.716652
731.973383,303.303645,207.287384,47.176376
730.960749,307.241673,214.430725,45.416012
750.209017,308.983548,198.216476,44.441204
757.969416,311.590558,203.620972,44.935253
776.879366,312.148251,187.388931,43.770580
785.204416,313.468751,172.049133,43.884312
794.972147,317.230263,183.701141,38.737537
800.610308,318.073107,184.210159,40.117035
815.852137,318.048280,166.796478,44.970982
820.819521,316.254140,162.563095,42.110195
824.250483,313.990733,175.683258,48.009506
830.760042,310.593304,171.323868,53.741863
680.181871,220.403910,153.974365,64.980759
538.347811,216.351063,293.935394,61.080318
544.615755,212.970502,294.373077,62.227551
557.704699,210.212914,291.964233,61.228931
568.388979,209.876488,290.727631,60.469532
576.662844,206.713799,289.540314,62.775379
583.227449,206.340960,291.084869,63.487366
589.896746,206.406504,290.700562,63.112747
593.559328,207.117800,295.175079,61.976959
598.402666,205.780637,297.904602,62.834087
605.595919,206.944289,296.415131,64.023689
612.655382,207.890809,297.144165,63.736423
616.697863,208.212178,298.201843,63.920223
623.198336,208.804488,300.414337,62.470650
631.286928,209.740622,292.393036,61.217949
653.258104,206.993567,257.688293,68.321434
676.901087,191.582244,212.781479,89.053261
688.967875,184.336940,216.495193,108.491074
700.124857,173.800517,224.941360,121.666153
705.191530,168.005213,235.462311,123.314499
721.478609,164.324214,229.814911,116.542038
757.695452,173.115054,255.074158,126.680573
751.990648,149.191615,254.821533,123.623947
874.613772,265.686232,237.676483,76.614937
889.527063,273.260989,214.331894,64.512482
897.880571,272.443496,198.186279,60.865730
906.524843,277.848759,188.004730,53.571316
923.204775,279.926675,164.328217,52.558186
943.429751,278.600037,137.826263,52.884373
888.075411,152.857424,188.367584,46.427689
896.548792,151.801711,197.326187,47.505821
911.313074,152.140010,200.657242,46.692871
925.763125,153.691884,202.194458,46.620281
939.285639,152.586665,213.090408,47.531372
946.797556,154.111552,225.705063,46.866364
966.609713,154.370797,233.088196,49.164341
973.779757,158.611367,240.149353,45.882298
918.809504,273.455418,220.425217,10.000000
911.969736,293.847464,148.607285,43.273678
898.304804,295.965719,167.200607,41.711819
889.641275,295.216191,172.707230,42.504639
872.966593,295.644701,185.349106,43.122074
859.692774,295.712458,195.023972,45.097523
854.513758,293.139344,182.781082,48.200264
846.121775,294.835652,178.759964,45.473938
834.574854,293.395584,180.378403,46.674690
811.310946,292.483580,186.939087,46.259350
798.480555,289.886360,189.888535,46.595299
788.771853,289.484040,194.626099,44.655067
774.503077,288.697300,206.538559,44.577759
762.389345,287.877373,215.618347,43.928520
748.418696,287.173502,226.516403,44.151539
740.872896,285.525889,228.554535,45.703083
733.830103,283.579350,230.454056,47.783264
719.481073,284.403986,228.597702,46.849018
707.368670,285.147557,225.302856,43.657898
696.804613,284.726698,230.752045,44.293102
686.236048,286.001528,228.755234,42.748020
674.914606,286.734999,231.409958,41.304028
664.695833,287.019514,225.298645,39.726665
654.526949,285.903853,224.190369,39.282146
643.836947,286.679734,215.573425,38.178078
633.060824,285.770983,214.612610,38.759525
620.599352,284.325773,216.679016,40.405437
611.638887,284.660740,213.630981,40.680786
603.543345,284.854157,212.630630,40.420448
594.245134,285.410738,210.049805,39.184635
584.315294,284.910479,213.670776,39.109837
572.254992,285.890486,214.129303,38.900402
561.937517,286.430855,212.342926,37.755608
553.367731,285.060581,209.189316,40.531219
544.970789,283.747957,204.279678,39.693424
535.420282,282.587750,206.008652,40.448257
525.138750,280.754860,208.809326,40.722038
514.039393,279.339192,208.410202,41.263153
507.186213,277.207600,203.600662,43.099518
497.909052,276.579764,205.902969,42.801479
489.519098,275.435864,208.806320,45.356461
479.968363,274.238266,205.845627,45.277168
471.998903,274.136860,206.867310,45.947601
464.344256,273.228941,209.823395,46.065868
456.064844,271.832106,212.178787,47.594646
446.957216,271.150645,214.840881,47.130451
440.888155,270.160166,213.869781,47.232319
431.467836,270.618214,213.711731,46.682892
425.431673,269.623356,218.451935,46.510712
418.123285,269.519259,213.613785,47.475620
411.616427,268.775881,216.095825,48.439823
404.658449,267.780949,213.200317,47.417145
400.013743,265.933743,209.264053,48.043961
393.833315,265.200476,204.344879,47.290005
386.475130,263.599253,206.328033,48.173695
380.656878,262.404045,204.618347,49.044212
373.942354,260.848435,203.207275,49.843605
363.671053,257.953705,207.200134,52.296211
360.989008,256.370241,204.149429,53.004459
356.339327,255.732979,201.128235,53.521355
352.386347,253.645716,200.172958,53.456928
343.362894,251.963255,204.966568,56.062572
360.477533,243.670464,203.333359,59.471703
551.409212,186.819592,158.232758,72.030350
539.211748,189.336724,289.990234,70.878899
524.310045,190.763664,308.052185,73.478813
514.016008,192.716263,291.255371,74.290230
503.411699,195.485363,291.921692,71.432388
492.084032,197.961987,286.184021,69.367508
481.257372,199.423237,289.108276,70.878296
469.461336,198.358891,289.849701,72.878204
459.610277,199.904499,286.080261,75.564819
446.166277,200.827198,284.026855,77.845337
435.203951,201.906838,282.253693,76.377953
420.561129,205.303662,287.340363,75.712173
412.280642,207.485440,282.931793,78.293930
400.048266,209.235642,275.775879,73.483955
385.674852,214.265179,280.239136,71.070938
378.601351,215.534573,281.152924,70.412338
365.648455,217.923336,287.737854,67.344162
347.380785,221.810032,297.028992,67.826691
299.677294,220.569294,318.901489,68.156311
302.912249,223.282768,305.383240,65.987602
258.130892,225.612158,335.282623,63.347439
290.532412,224.335545,291.912750,62.407196
244.268801,227.448538,318.375763,60.949276
298.647028,227.994608,250.372055,60.382282
236.818728,224.142882,296.123016,62.976543
235.308092,224.716084,276.186584,64.827148
229.387209,221.279625,266.789215,66.112297
224.136263,219.487835,252.755707,70.692825
217.295542,219.374630,247.060928,71.532272
210.784075,214.414028,236.832092,75.723251
317.916708,240.739197,119.154716,49.313393
205.366091,215.302937,236.842194,74.722137
199.781748,208.472088,239.423355,80.648422
194.131868,206.882038,245.722687,82.518707
190.294008,204.869068,236.837738,84.209625
187.031237,202.991699,208.656677,86.185127
184.827066,199.840912,195.415909,88.156013
187.078249,199.440651,185.277374,85.763481
187.107187,196.013375,180.786026,87.191216
187.702219,191.695614,158.874344,92.541702
189.859537,192.146717,159.098221,90.693451
194.001970,189.567208,149.647278,92.918571
195.537844,187.597882,235.923370,98.705246
199.067453,185.258232,165.304947,99.130272
197.477289,183.470650,237.999741,103.597221
335.344057,245.347914,152.510162,47.194439
349.401125,247.159125,148.459290,42.550014
354.670168,247.993361,153.929443,42.187054
359.173121,248.198506,159.781754,40.976501
363.136767,250.267374,166.388245,40.148243
367.029352,249.506596,173.767807,41.125061
370.164591,250.232760,181.260635,40.504948
368.614451,250.275124,194.647171,40.793755
369.972139,251.340956,198.386322,39.818340
374.967135,251.965391,201.375549,40.525127
381.307695,253.593739,205.653229,39.292877
382.465365,254.167664,217.613861,39.521370
392.910654,254.756951,209.275101,39.069847
399.085878,254.702757,213.807281,39.906780
410.013788,255.207276,212.803543,41.001289
420.090761,256.019804,212.604523,40.611858
422.646685,256.801731,216.871277,41.060852
433.296412,257.978827,214.621750,41.063656
446.203310,258.952399,210.876221,40.593197
458.199228,258.991444,205.786972,41.220032
466.325640,259.535073,206.124329,43.959892
477.708735,261.260357,206.244675,41.797562
487.459650,261.643099,204.695877,42.800236
497.922571,262.829552,204.759689,42.752098
506.775217,263.505455,200.951859,42.569206
513.969111,264.133555,202.531693,42.359882
522.248903,265.008833,203.274475,42.447277
530.427713,265.799666,203.499008,43.302868
539.037325,267.419747,204.661072,42.987175
547.783434,268.256256,206.514099,43.353249
555.331202,268.644280,203.357315,42.383659
565.773386,268.095558,200.843430,44.402702
572.344927,270.390536,203.685669,43.419895
583.234621,271.181748,201.129272,43.541786
592.155748,272.276369,199.632629,42.617313
598.229075,273.809931,200.866501,41.733753
601.857813,275.082888,204.410477,41.382175
609.974741,275.272906,203.156631,42.406467
622.091936,275.984782,197.149811,41.652607
629.974764,276.805226,196.494415,42.154144
640.252939,277.379214,195.680618,43.455448
649.291559,278.632542,193.810776,44.002899
656.555208,279.356694,195.466156,43.974701
665.459948,282.347346,195.026031,43.279438
681.604921,281.972605,190.347412,44.657398
692.143282,284.582182,190.396698,42.488842
707.591784,286.036854,187.277008,42.190369
715.988443,286.285483,188.647842,42.808743
727.890001,287.528784,189.432220,43.355038
735.168894,289.805701,195.938309,43.829922
744.304606,288.827915,200.858017,47.043121
755.067370,287.415848,208.108612,48.585396
760.645662,288.236765,215.713745,48.470905
766.444628,290.214108,219.880768,47.149643
777.516024,289.762148,219.998901,47.581974
787.668955,291.220654,222.807907,46.842209
792.232012,292.275137,229.764374,47.984646
799.616861,291.761570,235.743149,49.548035
803.412012,292.551468,243.953323,49.911354
811.540018,292.505760,247.816696,52.230431
818.539774,293.660559,250.767014,53.640865
831.267992,294.055121,251.507172,54.399837
842.998728,293.422396,253.629013,55.494083
852.467623,296.663727,253.413513,54.258492
868.420931,297.445404,245.475464,54.703255
876.893450,297.033230,254.675201,55.712418
886.879107,299.646004,249.979279,54.556267
896.525362,298.276526,251.202087,57.265133
903.204592,300.632826,255.408875,56.574810
911.526964,300.409189,258.881317,60.176929
918.642290,299.498749,263.745880,61.303841
924.788027,299.620777,270.772034,60.833405
934.268221,298.553431,271.820557,62.237568
944.424868,298.625323,269.565430,63.724461
950.594530,296.814530,266.362396,68.491676
960.119005,294.442940,262.806976,69.087822
971.427797,293.408825,254.449768,68.671494
985.086962,292.777416,246.043732,67.788864
990.741243,291.116425,244.339844,66.714607
999.074282,288.672837,239.615784,67.318947
1008.163759,286.930298,232.044189,65.179268
1022.322001,284.087429,221.888351,65.772049
1032.523966,281.950569,214.363388,65.443291
1045.616091,278.683003,204.891907,66.168915
1049.867289,277.136994,203.176193,66.594307
1065.948656,275.345974,191.370880,64.576004
1076.952692,274.377680,180.517532,62.984638
1087.142191,273.289376,169.567856,66.207329
1094.545603,273.188278,162.456406,65.929115
1110.214899,272.629151,145.637039,66.849983
1121.463228,271.739105,131.468384,65.754646
1126.365370,270.403763,126.253548,64.643959
1131.227961,269.389364,120.867203,63.776241
1132.070803,269.741371,117.451508,62.671288
1136.746954,269.626576,109.410301,60.851105
1144.286081,268.139265,101.156906,61.746227
1147.609934,267.504376,99.109299,65.005295
1152.110411,266.105114,98.766090,66.048538
1149.407385,266.191265,107.875328,65.638992
1139.743528,264.576958,122.207893,65.932762
1135.585238,264.757801,129.556335,62.430298
1129.328287,266.579575,139.466171,62.680489
1123.664614,265.638890,149.148346,62.343414
1145.224001,263.526957,130.230408,61.148029
1103.609804,262.981196,174.412201,57.735554
1097.056475,257.469515,180.948792,62.528934
1088.482966,262.866114,187.880051,53.619343
1080.525301,260.878308,195.350830,50.800583
1070.767801,265.056914,205.883102,46.447552
1064.840532,265.305046,214.018738,46.665031
1057.402529,267.918780,221.762512,44.454990
1050.818651,267.604470,227.441162,45.975090
1044.934031,267.808163,232.202835,45.159561
1045.863001,266.205775,226.973526,46.036488
1055.551188,268.009480,207.739182,51.380676
1048.987360,269.330944,207.346817,45.671158
1045.976816,269.787085,202.883133,43.289669
1042.814325,271.040982,200.275467,44.280807
1049.687220,273.369414,191.913223,40.727825
1048.403826,274.494745,188.170685,40.962330
1048.474703,274.532276,182.290344,42.860077
1045.563036,275.042429,185.112854,41.141895
1041.602884,274.226547,170.421005,50.008827
1048.582384,277.198544,163.123840,39.387833
1048.116312,281.600312,159.108200,39.812355
1054.777506,279.497515,144.011795,41.202122
1064.443174,278.177580,123.651985,43.341564
1056.615824,280.600498,111.678665,42.647614
1077.689875,263.319119,135.917221,67.326614
940.648554,277.462925,215.961929,48.290710
931.494845,230.854679,159.411835,146.931885
937.309862,228.591526,168.341431,140.078064
940.037592,225.456051,147.541489,143.216019
927.383036,227.956440,127.529678,145.314484
909.537996,230.750042,150.668671,134.603012
894.814356,233.055348,168.657150,131.527802
874.944773,234.424984,193.707535,133.032852
873.903261,236.352608,199.666290,125.982780
858.136446,237.035271,220.704193,121.765953
847.868441,238.298702,241.882538,117.050308
840.166864,236.955712,252.407455,107.585411
832.210100,236.783924,263.173096,101.717926
823.214525,236.617806,266.825195,97.694817
811.758761,238.045983,279.236237,95.772606
804.011812,238.742020,283.011505,91.927040
790.102388,238.460495,294.267914,91.600380
776.632235,239.689583,297.871552,86.741692
767.425905,239.866532,299.204315,84.573830
756.800264,240.687088,307.622223,83.953712
747.129686,239.756546,314.080078,82.368202
735.665484,240.296997,318.800171,80.975594
723.311861,240.227398,326.110138,76.665207
714.615358,240.296513,315.748932,78.401978
703.829729,240.339627,316.244934,79.667679
692.286257,240.481335,319.257599,80.468246
683.917788,240.743954,315.363068,79.752823
673.352022,242.591126,310.432587,79.473824
662.847887,241.485462,306.497925,81.498138
650.812243,241.512257,305.451538,81.286407
639.764834,242.087818,307.521576,80.225067
631.161211,242.212723,304.486938,82.083900
621.623369,243.941281,305.590515,81.593277
614.394579,245.593106,303.476074,81.465042
604.754213,245.487244,301.055511,85.199226
596.475542,248.148484,298.924805,81.602211
587.333971,248.947102,302.341248,84.065765
579.502001,249.200051,300.515015,82.328911
572.146029,247.955963,301.902008,82.998848
563.264864,249.174805,303.522736,82.659554
554.004625,247.289910,313.721558,85.995079
543.957232,248.889473,310.921753,86.560295
536.531633,248.314476,303.040588,87.732994
529.224840,248.250958,300.371765,87.536972
521.887102,246.572815,299.277710,91.455391
511.523470,246.857563,301.775421,92.373627
502.801729,247.703774,304.106476,91.667473
493.559481,248.713661,302.432526,89.643730
486.279375,245.578598,301.327576,89.616554
479.163485,246.927559,300.808380,92.558525
473.075884,246.002934,302.705811,89.905151
466.741503,246.440434,299.637390,97.018738
456.459597,247.205067,305.575409,93.530731
450.466524,247.630505,301.660858,93.581528
446.542910,248.191487,293.344208,87.933380
441.170260,249.624581,295.754059,89.744438
437.254183,249.913361,294.897064,90.019905
436.174349,250.010693,292.865936,90.468857
432.226702,250.786026,283.421143,88.025551
430.426210,250.831562,273.618561,84.388336
427.335100,252.818299,274.516418,86.851021
423.398745,253.442562,276.343170,82.389725
418.950319,256.380402,285.217316,88.150948
413.899401,258.066811,263.625977,78.908867
409.567186,256.851776,285.496765,92.318489
406.390795,261.140881,273.973328,87.784103
396.036745,260.307957,283.326385,89.829407
392.673708,262.172840,280.199310,88.043427
383.548906,258.564694,285.458679,91.317398
377.571673,260.021160,285.632324,89.196701
367.724611,259.034508,289.891510,88.920738
359.720141,257.699490,290.462097,90.532913
353.666308,256.105797,287.810486,91.524498
344.909060,255.456276,291.811249,93.433464
340.784350,255.126347,288.167603,92.720886
336.225817,253.093594,288.954407,95.183121
329.562990,251.527283,292.497772,92.972481
324.400530,251.524979,292.041138,92.261147
318.064974,251.127983,285.927277,92.698692
311.394228,250.452507,285.264008,93.825157
309.253740,247.566529,272.707397,96.021736
304.886477,243.613171,264.110504,95.541306
301.316080,243.817631,237.905350,91.929932
295.077570,239.989208,217.100082,92.354050
292.284823,239.086037,187.412933,78.118462
291.788538,238.079891,191.280136,88.359085
293.361742,236.547085,187.113953,88.658340
293.359110,237.994389,176.635880,84.576416
293.514116,238.432595,173.322510,85.478569
299.513514,237.329361,156.604904,87.382973
307.701120,235.747559,155.601151,88.008064
305.765383,238.497502,142.309174,84.249451
307.775179,239.212437,131.805084,83.956299
306.710917,244.658856,208.908096,90.029953
308.012529,240.742707,204.971191,90.676643
307.091333,260.051941,205.853439,73.747749
289.208712,261.211060,221.828400,72.396797
294.025995,260.925591,210.095139,69.962120
291.391085,266.223164,213.688934,66.349884
288.801867,267.320618,207.202271,65.860420
285.000475,265.462147,206.733398,67.801971
282.203264,261.624100,204.871887,72.921242
276.660769,259.286087,204.067963,74.745583
279.555574,249.656365,192.110687,79.022362
290.488276,252.426781,185.606308,75.318504
285.548922,255.242420,192.352692,65.309296
276.761141,257.049099,204.975800,55.143265
260.145144,257.899376,225.690216,53.198570
259.429773,260.470549,238.217392,50.503429
260.537844,261.681248,243.090973,49.331909
268.281496,262.995459,240.977142,48.996639
274.709650,263.936764,241.057785,46.110855
285.286806,263.869610,237.420013,43.788864
284.568697,264.419098,247.193268,46.211067
289.233530,265.347668,248.402847,45.933273
300.549944,265.752089,246.551208,46.489361
301.603090,267.059502,252.559296,45.807030
312.711344,267.706789,251.277908,47.134281
325.707926,267.248745,244.532547,53.130386
341.061892,267.032168,238.671417,49.515568
361.595781,267.513985,228.082031,46.051872
372.927263,267.511477,225.501465,46.773563
381.881418,267.658076,224.732803,46.297626
378.854509,267.589262,235.239685,46.075451
389.640474,267.159653,232.671783,44.350929
404.260233,267.948941,228.144424,43.803665
415.858446,268.140923,224.034546,42.627586
423.111582,267.708426,225.288193,44.198421
430.312357,268.176747,225.715439,44.570862
436.907465,268.926228,229.077774,45.433136
441.881380,269.257794,230.588562,43.163986
451.693796,269.559756,227.076096,44.631016
461.611170,270.286318,224.838577,43.818668
466.346987,270.054343,229.862152,43.697842
477.650904,271.399447,225.619614,44.835361
484.658381,272.962761,228.919907,45.835564
489.039759,274.030398,229.844955,44.001926
495.539423,274.323115,234.804489,44.236866
502.183558,275.220560,232.785629,44.874226
510.678553,275.106213,233.532883,45.403030
521.498888,275.599070,232.572021,45.387226
530.556788,275.875878,236.020126,45.345940
539.159258,276.639084,233.880615,44.218452
549.308954,277.637293,229.009567,46.809742
557.817789,278.722704,228.262405,46.298222
568.243692,279.341192,227.078629,48.654995
576.474489,279.899758,227.048492,45.724998
589.065996,280.832653,223.647217,47.975906
600.129839,282.821823,219.907532,47.414192
612.299242,285.416947,215.622437,47.271004
621.330904,287.329256,214.483307,45.898197
629.416330,289.535288,215.444107,43.970631
636.862185,292.167755,214.968384,43.203560
644.234179,294.218041,216.331787,43.034813
648.476587,296.562248,220.523727,43.477745
655.444002,298.043185,225.028839,43.185947
667.121454,298.940413,225.420395,44.525829
668.483584,299.293583,230.153137,45.900726
679.264856,300.572331,229.047440,47.038300
682.673754,300.596165,237.278351,47.051117
695.224772,300.344300,230.640549,48.253151
713.712534,300.435169,222.093857,50.654114
727.004656,297.623804,220.774445,53.430897
730.846880,298.678152,227.827484,54.255184
736.677286,295.765097,231.938644,55.949276
748.868692,295.154980,230.089767,56.760696
760.299944,295.103445,229.521515,56.461117
764.894205,295.779619,236.279648,58.939457
768.626947,294.016737,239.232742,57.799389
774.851351,293.459646,245.990601,61.021481
781.764055,294.353226,248.839813,60.771553
788.440477,295.461895,251.790131,60.327530
795.989237,294.096874,255.341599,61.780472
801.748919,294.542666,256.801056,63.992649
811.276079,293.215039,257.268097,65.375137
822.499842,293.633255,254.700027,70.338753
828.763590,292.275048,255.000290,70.849541
835.709810,291.662716,260.186157,75.226913
842.773668,289.045323,264.049103,77.335785
850.354937,287.928753,264.017548,79.621109
859.185259,284.827732,261.078156,80.216583
862.617693,281.917565,259.515472,83.473686
878.664408,279.967011,246.591965,83.248268
902.584147,279.587216,226.955307,82.311935
907.779352,278.031090,222.736954,83.947319
917.036570,276.666943,215.519272,84.440140
924.336809,273.752671,210.959991,86.056648
936.119371,271.140797,200.538910,87.996521
945.214327,270.525704,193.754883,86.374779
957.449808,270.446221,181.160446,87.224785
964.854921,268.038151,172.979187,90.476715
974.843172,268.642494,161.220459,91.983849
972.509272,270.768532,158.944962,87.107567
972.194452,274.012280,156.656082,80.828201
1004.112616,273.204235,121.272453,81.068130
975.183737,309.496889,103.841606,43.287632
1031.431551,273.144573,92.697327,78.574539
1022.806330,271.215443,103.912827,79.595276
1013.902601,272.961731,117.735878,76.440071
1010.792364,273.881867,125.092430,78.138069
993.846987,274.029118,142.809448,77.660461
990.538706,273.458035,147.262558,69.338150
983.722330,272.213158,156.381332,68.831871
974.288775,271.628571,167.362213,71.102547
965.490534,270.423321,176.714066,68.341965
955.456354,270.135685,187.058304,64.310913
949.067904,270.709965,195.194946,65.144165
936.432032,268.861889,207.021988,67.135300
921.602572,266.713120,220.783630,68.378761
912.457079,266.159916,230.516937,67.585205
900.055170,265.070393,237.940262,68.198883
891.604540,261.730034,236.868011,68.200035
692.040178,338.427647,167.124176,74.383362
599.824678,337.720131,265.800659,75.884819
616.091158,344.683640,257.787109,76.812843
621.504274,344.526360,253.337708,78.499107
635.367632,346.696617,267.682098,82.888390
836.361605,257.549822,267.979309,63.266148
835.509157,256.836521,305.144226,65.173218
827.931063,257.585705,317.104126,64.827927
817.661226,256.712483,325.802612,64.956940
809.720568,255.166493,325.144928,64.533112
801.963518,252.699566,316.552826,65.577621
792.699953,251.440636,319.110474,65.121849
779.075289,248.378922,320.567200,65.582802
769.558001,246.273865,325.646576,68.542000
761.675493,244.177155,325.287140,66.072334
751.818712,244.776680,325.242157,65.108208
739.461596,244.924130,320.839081,64.805008
732.636782,243.655899,313.610962,64.258095
729.015459,242.425469,306.059479,65.133080
718.044725,240.830864,301.235077,66.608665
710.207842,238.873585,305.005951,67.796722
698.389193,239.942482,305.444519,67.044060
688.044832,238.648884,303.743347,65.651703
679.438540,238.816124,299.994202,64.143272
669.271898,235.299359,302.404449,66.819199
659.246492,239.048718,299.569702,66.197922
649.526461,240.092720,301.748352,64.012016
641.899752,242.834667,307.594055,62.417709
633.702349,243.671282,302.943451,59.667393
626.702471,246.377108,304.625458,59.535709
618.274309,248.269919,299.559174,57.380215
610.026400,249.292567,299.112549,57.228291
601.634630,250.676371,289.623566,56.665028
591.847292,250.866524,292.205994,56.559868
583.966967,252.737459,293.381073,55.535343
574.967592,254.478209,286.216797,55.076733
571.458193,253.560822,279.660034,57.482185
569.076677,254.578200,271.236969,57.115704
566.732760,256.517357,269.365784,57.582603
560.675005,257.577381,267.596039,58.021576
556.206530,258.932902,250.732269,57.483875
549.849352,261.178992,231.844086,57.500546
544.184053,260.967545,221.074402,57.809486
538.614336,262.917403,222.651886,58.041546
534.676355,263.852089,211.912369,58.931389
529.139292,263.201779,206.433090,60.345352
523.101679,263.048380,193.929031,61.801991
518.833010,263.184719,182.574402,62.871292
514.495936,262.719925,178.434158,62.951271
510.783480,263.637104,160.351776,61.654694
509.896364,263.547901,150.028381,58.066040
507.094332,262.182678,139.111664,56.403633
503.652773,261.720892,133.699310,57.007900
501.397795,261.421934,126.067116,55.445873
499.150236,261.372166,121.441811,55.281128
499.451460,260.868988,113.810097,56.072517
498.347284,260.842877,109.442337,55.267990
497.635698,260.543051,106.820648,55.673000
498.915663,261.225294,100.857155,55.118420
501.214136,263.172776,94.083359,52.298927
503.483168,263.297701,83.682961,50.648197
504.427687,265.248890,76.123512,49.968719
504.313910,265.924494,65.786919,45.530415
505.305967,264.889496,84.733437,58.088234
506.025198,260.831002,92.562370,64.072929
504.494280,243.157902,88.026184,79.612427
503.060949,245.383118,82.985069,75.114632
502.487230,250.321211,78.740936,62.843731
503.604548,254.682003,87.780746,72.684158
503.649382,266.327980,94.858589,43.705284
503.430460,268.880509,102.298721,38.957863
501.476236,269.080511,111.320419,40.447109
502.150793,268.498568,118.803886,40.616581
505.363409,269.242377,123.076103,40.750362
529.493219,270.894646,107.092300,39.199272
524.073240,272.217303,118.893562,39.856266
519.817087,270.811245,128.470078,41.197830
515.814531,275.095562,140.052887,39.173996
513.866724,275.642521,149.599930,39.183472
503.080713,276.980267,166.798050,39.620255
490.644175,278.216910,183.173203,41.516903
493.041117,279.414103,188.594223,45.046467
515.155169,280.235310,175.744324,48.649506
527.496317,281.198668,167.944229,51.110241
537.081682,284.445242,165.060944,51.785458
543.836062,287.515475,165.898895,51.849491
545.601061,290.774981,174.878540,52.580906
550.870546,292.896092,178.753906,53.017700
551.908236,295.209450,184.561432,51.647820
552.629038,297.300896,189.687363,52.075951
556.219446,299.935118,195.892075,52.864422
561.266024,301.452154,198.230072,54.435574
568.800066,304.088320,198.848022,54.680332
576.132441,306.535500,201.955002,55.196007
579.678270,307.021511,205.732727,57.447006
586.282335,308.723023,206.407227,55.995705
592.854479,311.173922,210.362000,55.495029
598.768946,315.651726,208.826523,54.397270
606.340731,316.207243,210.620819,55.056438
616.605967,319.374308,210.950027,54.555134
626.133623,322.197174,206.965576,54.231483
634.199221,325.142243,204.066986,52.945900
641.185976,325.705132,204.343658,54.382561
652.815821,329.199425,198.379318,51.562309
657.037844,329.145870,198.239532,52.389328
665.329805,331.216023,195.347504,51.477844
680.564386,335.265896,188.982101,48.932175
693.346438,339.050192,181.613403,47.808498
694.146601,341.714236,186.690903,47.401829
705.101603,345.153132,186.271622,47.131916
724.262880,347.783486,174.452362,47.279747
735.946833,348.819185,172.183121,47.254276
743.517168,352.568903,168.872009,44.565571
747.261141,352.253384,169.436707,44.465744
754.432642,354.992665,166.514481,42.650909
761.034243,355.585781,166.806702,42.285629
767.317591,358.241253,161.511703,40.011612
776.037745,357.734244,155.121841,40.086208
776.867411,359.325321,157.969955,38.806854
782.502680,360.604893,153.699020,37.456146
788.110910,363.687657,153.742142,36.840851
798.982470,364.356388,147.056641,35.578674
806.056337,366.596756,142.723053,37.487892
966.291925,270.602673,65.080368,49.498062
981.273851,266.530659,145.356018,49.755615
972.450060,263.068714,236.506805,54.900055
964.505831,260.794844,246.208923,55.319134
955.044130,262.329678,251.477417,55.023514
948.282801,260.896620,243.412552,53.656658
935.094683,261.125740,241.998444,55.707268
915.718828,260.821892,257.629913,55.525841
907.087526,259.598690,262.678833,53.702225
898.605974,259.457590,252.737762,50.433338
897.886965,257.506960,252.367798,51.140446
894.483896,257.596506,247.347031,48.715687
889.531267,258.429547,243.219330,48.154587
881.306948,254.587521,247.337463,50.236893
871.137644,256.550253,229.064011,48.599087
863.608500,261.176583,227.061539,43.252312
857.004068,261.913218,222.733414,43.718555
844.936815,262.311684,231.527527,42.123375
837.680651,262.953575,230.901764,42.231834
830.669100,263.528267,233.674896,42.499870
822.484606,264.536028,239.382202,42.748051
816.788485,264.791477,236.784027,43.838013
810.798899,265.974604,227.374619,43.049366
805.574770,266.154076,212.261017,43.155510
797.619356,265.443772,218.411896,42.850777
790.904200,266.531918,216.483749,42.884903
784.924578,266.389632,215.042816,42.602581
778.506083,268.473074,218.366531,42.962612
775.809252,268.142628,211.863770,42.721527
772.109316,266.913101,211.717407,42.457405
765.789721,265.830523,208.345093,43.332706
758.254953,268.793772,187.708633,42.743366
749.154551,271.033081,189.800919,41.035866
742.982645,269.928629,198.448441,41.130238
737.792231,270.450743,217.526993,42.264812
727.922136,271.134503,218.944916,41.669327
724.166826,272.278221,219.463684,41.520988
714.010958,273.899941,212.963348,41.269554
705.251513,275.837307,216.478210,39.773788
700.970423,276.781023,218.324173,39.331547
692.701723,278.557719,213.887360,39.280811
684.892901,278.166525,210.899384,39.373592
677.797609,278.649405,208.420044,39.919094
667.508776,280.659367,210.103699,38.312897
659.538248,280.793377,220.814896,39.809280
650.482935,280.790032,220.810043,42.041618
640.488451,280.402886,215.453674,41.332970
631.265116,280.953610,193.115524,42.974869
621.920229,282.560360,207.208252,40.880020
613.298540,282.402279,215.131348,40.368179
603.438738,281.592921,210.092682,42.661060
594.513109,279.707741,206.162659,43.941551
584.058420,278.236422,205.171158,44.954807
574.480005,277.153395,204.451828,45.689037
565.650782,275.931431,204.853500,46.831757
556.758341,273.794464,209.401901,47.547188
548.618868,271.969359,210.742920,48.102184
540.036318,269.694502,207.892151,49.957043
530.961763,265.961287,207.372223,51.832409
523.947535,265.013458,203.068344,54.714027
516.901789,263.349697,203.783676,55.833054
507.167315,260.256619,198.449646,59.187363
499.594393,257.492037,196.843964,61.395725
490.424517,256.513861,200.624878,61.475979
484.838060,254.590342,198.658752,61.099689
474.891428,251.307667,198.463577,60.853943
468.050211,250.259289,198.428482,60.697830
459.072413,249.194411,200.001877,58.883129
451.308008,249.814429,200.964890,54.809963
445.003916,248.886639,203.320084,51.410843
