261.000000,332.000000,39.000000,38.000000
254.095278,320.008780,42.847622,39.988026
265.649712,316.209171,37.602005,36.408348
277.243082,315.428961,35.652279,37.571308
286.815538,316.865780,36.612423,37.368065
296.080828,323.147696,37.945751,36.612965
306.466089,330.280773,37.903683,36.988686
320.103266,341.591206,37.562420,36.763054
329.577091,355.717100,37.741158,37.955219
339.378380,370.912531,42.202148,41.959026
255.988367,431.532091,43.424595,46.466610
238.815369,422.134447,42.538124,45.797329
227.687916,416.571087,44.112518,46.126320
242.612583,416.428047,44.357300,44.704071
258.080252,419.880999,43.458797,44.735409
271.781845,425.363577,41.728920,45.881260
285.058207,434.225988,43.034321,45.527714
279.290194,396.079185,40.152393,39.268448
260.818279,394.793297,39.472900,37.441452
255.351570,394.359781,39.638100,38.858837
271.004026,397.140781,36.935040,35.821159
286.278790,400.942238,38.042023,35.647934
273.303263,448.327702,43.130970,44.233055
253.436602,440.087059,44.648945,45.142776
232.925938,436.363914,42.617706,44.960602
229.038475,434.698122,44.798286,44.775509
246.644501,435.624334,45.007225,44.545597
262.174702,439.814465,43.698334,45.138115
277.342939,446.250843,44.058697,46.551674
293.756819,459.383348,43.384838,45.227993
284.685537,394.798962,38.312695,38.605675
269.555407,388.647055,36.918232,37.714634
252.445999,385.178823,39.504738,38.788792
261.306288,384.201141,39.455532,38.560196
274.108015,388.263556,35.134457,37.553181
285.604927,393.444376,35.923958,37.938244
224.821182,427.014645,42.209015,44.255196
235.199129,421.791380,47.344082,44.803318
252.662910,420.897217,47.152420,45.438568
270.535122,423.931364,44.340645,43.815662
286.631701,430.976988,45.621120,44.547749
308.536169,431.598291,46.236988,50.508602
321.693094,437.326834,43.422588,51.835606
294.300503,391.013617,37.646294,37.188618
282.144791,376.830151,36.571686,37.807243
268.698530,368.672716,37.587833,37.284710
256.404671,364.443888,37.329865,38.137844
259.910257,362.839851,37.465908,37.624771
270.771858,364.520712,39.329330,39.416904
221.454086,449.220353,47.091042,23.658613
233.693607,449.956820,50.013626,44.572826
252.410570,454.646544,47.172138,43.993061
270.030079,461.356945,45.613022,44.223640
287.407461,472.989428,46.166607,45.625957
307.325926,487.292356,45.153316,44.850483
324.639658,505.882652,43.138920,43.299835
325.335924,431.678913,38.413151,38.761230
285.515556,464.675417,47.751625,46.851414
271.108738,441.459986,42.817154,52.425159
245.855122,435.740532,45.025146,44.339043
225.822334,426.180300,43.393974,42.627094
256.273149,346.229895,39.032078,37.660393
256.013954,336.605673,39.233452,39.180107
267.093853,334.026798,37.912521,35.963741
275.936661,334.840515,37.988518,35.963947
287.813320,339.010740,37.432266,35.028450
297.652653,344.154722,35.645111,37.066292
309.476732,354.938091,34.703007,36.489712
319.516726,367.103367,35.840122,38.874401
330.356266,380.937212,38.448456,43.881546
284.862314,433.505320,42.457417,44.863586
265.095299,425.775461,45.325600,42.264771
243.490343,417.283979,46.745228,42.784737
227.047535,411.035357,45.038620,44.448898
247.136059,408.962894,44.024109,44.228008
266.137154,409.237492,41.545418,44.568844
283.179941,412.722107,41.388554,44.850819
265.694447,352.645153,38.632385,37.026806
251.755650,343.567123,38.287933,38.018986
266.453724,340.594713,37.702026,35.883453
280.592985,339.059795,37.136089,33.646923
293.781517,341.797592,37.678398,38.280018
309.113966,346.789829,37.179165,37.247082
284.516579,419.255592,42.201180,30.307621
267.807476,411.874966,41.814209,41.778927
247.107624,405.112921,43.631165,41.315041
233.474030,402.088034,41.659660,41.910042
251.214745,399.334803,42.419807,41.827545
269.295874,402.243887,40.645901,40.136574
286.212315,407.740671,40.272751,42.798492
305.118254,417.124424,39.212093,41.992031
327.404734,380.232037,37.075077,38.341206
314.716694,375.920282,33.763733,37.046425
296.472570,373.650818,38.169048,36.702541
280.263512,372.761290,40.006386,38.134567
269.838953,377.009899,38.672184,35.550159
253.096931,382.695940,39.537102,37.183907
257.861635,390.822397,41.281101,38.380424
268.349125,396.762999,44.077393,42.019684
255.519058,390.867901,45.482292,42.398548
237.136869,389.396757,44.255184,43.287979
232.267860,388.926985,42.359154,43.906754
245.638277,391.529222,44.408207,41.899406
258.284733,397.324347,42.991592,41.583786
270.850960,405.083794,42.084175,42.260708
284.127682,415.193218,42.622803,41.363728
296.563589,429.591778,45.591351,44.724781
291.638691,411.780102,40.072006,36.500370
280.129829,397.775404,38.455315,37.628632
266.956509,385.828400,38.932846,38.274258
257.170912,376.262428,39.243114,37.790676
256.555664,374.178839,42.810707,47.286697
249.212891,375.501310,54.909721,60.877502
230.043554,385.308699,45.898052,44.550873
229.458666,380.608624,44.183506,43.717258
241.188156,380.203466,46.795570,44.044342
255.827175,382.730625,46.183167,43.224003
267.664707,387.672745,44.860138,45.082424
280.386896,395.841280,46.358448,45.375069
293.602968,410.199009,45.251118,43.558659
306.949919,426.426987,45.347500,45.212872
314.869694,436.166988,53.319366,54.830463
294.173937,407.629541,39.969990,38.826958
281.343981,387.154959,37.578297,39.185165
262.490128,370.353712,39.916039,35.926559
250.885508,359.903112,63.749058,101.840790
246.638376,403.790998,48.248631,47.299576
225.641506,401.578957,47.964569,45.353558
229.179296,399.919754,45.910519,45.686550
247.058928,401.599005,46.769543,45.260315
263.553465,407.190981,45.190380,43.955025
280.619768,416.220840,43.874378,44.254528
296.163696,429.542643,43.896370,43.226845
314.070120,444.045963,43.662945,44.189381
328.676548,466.662691,45.824936,42.940819
325.410759,459.812887,43.328163,43.792023
304.137590,438.442951,44.973927,44.734928
286.936907,424.056864,45.890034,45.538353
271.566416,414.514378,43.807972,44.436466
254.157349,407.921385,44.755043,43.278397
235.984308,401.519270,46.654392,46.084061
223.005524,400.613787,47.018303,45.724525
237.485060,404.587814,47.990017,45.076733
252.879519,411.497370,46.725880,43.553596
267.331596,419.871996,44.642952,45.195320
253.610134,360.734915,68.052902,100.568985
258.959377,366.024687,39.696518,38.613068
270.679281,377.551886,36.800488,34.405212
280.281742,387.912954,36.586975,37.837051
288.834696,403.770653,37.706089,37.892422
277.187038,437.994978,43.555023,45.201859
259.318125,422.707439,44.222706,42.269886
239.141594,408.005058,45.602699,43.107250
225.359915,393.810829,44.686169,45.553097
245.660954,389.968584,44.095047,44.701408
262.479111,389.259453,42.532097,42.896923
276.932337,391.627705,43.545734,45.087711
255.269903,400.795601,40.369534,39.087505
258.766577,397.370665,39.391689,36.679367
269.261162,397.526766,38.748314,36.267921
279.323931,398.114338,38.584812,37.312840
289.504084,402.654327,39.410404,37.148602
302.074070,410.593819,39.348846,38.396358
307.649275,421.393661,45.703014,48.491589
283.873226,415.151207,45.983154,45.340542
257.462833,411.679493,45.788254,43.373280
232.928450,408.210314,47.976818,44.253334
225.501686,406.663240,47.096260,45.227486
243.772127,407.754051,46.899799,44.528210
261.081984,411.637321,46.448849,44.122463
277.767996,337.957556,38.713879,35.788475
266.467396,328.604252,39.383560,33.090359
257.224493,318.518368,40.322079,36.972256
254.464298,315.400278,40.163513,38.317841
262.372168,318.004889,39.699718,37.259789
269.767897,322.801071,40.015194,36.566608
277.809141,331.867163,49.213543,80.964241
261.589890,391.212862,46.752632,45.381760
241.879362,380.847115,48.659832,46.679829
221.394541,375.587902,47.957920,44.875088
229.177614,374.468771,45.593235,45.560493
244.676792,377.519991,47.186951,44.683624
261.286585,383.413498,44.939320,45.396030
275.896526,392.723965,45.811142,45.946743
289.350679,408.408157,53.515812,44.535877
303.152727,421.621553,46.214603,46.534531
292.095142,369.159082,40.193710,37.660278
280.157404,350.367031,40.111012,38.957150
270.532284,336.009466,37.469147,38.716560
258.785841,324.345629,38.114040,39.171753
249.523596,315.799309,51.516003,62.252705
255.523418,397.798033,46.816559,44.466103
235.732031,391.017143,46.357677,42.917377
278.253984,318.596453,40.630116,43.990326
236.519806,383.293329,50.184120,46.995071
253.842489,387.687824,47.202480,44.902096
269.854031,392.845512,42.374496,44.012897
283.772224,402.566711,43.748665,45.232594
326.715729,385.164673,37.417290,36.436466
316.770550,422.801880,52.429474,50.424381
334.417408,431.820112,49.428329,66.953438
327.720226,437.121317,52.544861,53.274826
309.523548,421.026785,55.300842,52.051918
289.816816,402.348223,57.546978,55.855530
274.225756,390.198515,57.141758,56.684120
257.799379,383.507639,53.765553,55.402145
240.138369,372.071373,59.397923,62.108295
220.429522,385.389677,49.641407,48.281624
265.031668,363.919828,41.497417,38.500938
264.730625,372.459322,32.605484,64.790970
256.882391,400.421997,46.493404,46.863331
270.257181,410.076458,46.337666,48.177990
282.129530,426.936543,45.709209,46.945827
295.022791,446.679457,47.789722,50.139595
311.526648,466.520168,46.603115,50.251781
302.037424,463.903307,49.360096,49.624115
285.892427,449.713535,48.913654,48.423061
272.382940,436.191158,46.133953,48.958645
255.367722,429.236158,48.216393,46.498650
239.469986,424.783749,48.314156,46.775661
221.113287,422.857746,48.173229,47.654110
280.425880,361.960009,37.482918,39.669525
264.912561,359.680368,41.399113,48.483337
253.719995,435.576811,47.635334,46.374107
266.719709,445.526108,45.146374,47.436024
280.655937,460.137568,45.365501,50.706085
290.425673,477.008215,50.014996,49.940498
289.246222,477.024813,51.847256,51.403091
271.763912,448.146332,46.811996,51.049641
249.070890,425.921438,48.677120,48.165443
228.746996,403.816650,46.718601,46.474796
226.451363,388.159199,47.684654,47.419384
245.446152,381.928724,49.336159,47.113518
263.686989,380.930630,46.858269,43.613842
282.157501,380.706060,62.223305,50.067863
297.539934,382.960642,45.099888,45.177628
294.846632,375.646015,56.019283,48.099102
283.651718,367.678755,37.671577,38.834358
272.958153,364.578091,37.731224,38.930843
261.568756,364.189875,39.595222,37.685333
252.121944,366.512007,39.999359,38.257133
260.391146,370.569960,39.234592,37.920815
268.594801,376.414803,45.324490,42.485752
276.874207,382.384983,48.505455,43.107647
251.671457,377.449320,46.909962,42.024872
224.762539,372.438169,46.456650,44.443748
227.392763,368.843920,46.854908,45.656631
247.916922,367.358065,50.057140,47.502930
269.344090,370.936249,47.648605,47.297489
286.745014,377.985254,50.811234,47.618484
307.791706,389.407530,48.782272,44.991035
282.258577,403.362123,41.209858,43.922882
269.463308,385.695652,39.886410,40.695919
255.999210,371.781622,41.111725,41.065773
256.651596,364.721132,39.716805,38.343307
317.894978,394.578892,46.806030,47.106518
275.873837,359.435617,69.126999,68.696869
276.466022,361.751965,49.831696,58.049465
256.021967,368.430380,45.909519,46.020699
235.635191,366.607077,49.724194,45.533989
219.201620,367.738335,47.507519,44.787647
236.174566,369.292427,48.795635,45.128864
253.145473,376.521971,48.861053,44.861656
270.106762,386.125910,46.320465,45.922333
285.215406,398.418283,46.708004,44.775940
311.230560,383.290983,49.474968,77.025215
319.635912,433.573797,47.677418,48.059532
335.318169,459.250589,48.060616,45.377426
324.531031,439.485407,45.779728,48.891357
306.436701,417.901619,45.813847,48.213352
288.871822,400.422928,47.400681,45.637821
275.024900,386.821362,45.941036,44.934765
259.272522,376.492186,46.385918,44.687447
242.793209,368.555597,47.691879,44.455658
225.921764,366.099846,45.853317,44.226017
225.541029,365.601639,49.927013,46.476780
239.845762,370.643757,50.297039,45.186123
253.951553,378.148241,47.606239,43.769608
267.675997,389.550985,45.258671,44.212608
280.802912,404.578060,45.553104,44.939358
290.638664,422.540876,46.926842,46.121391
312.963964,434.012402,56.712643,59.287899
318.738504,466.034403,43.460133,45.870331
298.177410,434.652023,48.831390,56.582890
282.447901,424.401934,46.291843,47.107269
265.283184,408.344288,45.915558,44.490551
249.600559,395.731585,48.877090,44.893631
231.505735,386.225491,48.241802,45.985912
250.794502,344.046707,38.938164,49.526890
237.684736,379.048471,47.630428,47.412857
252.273878,382.697380,47.364132,45.857258
266.405621,387.778839,42.488037,47.099766
278.360231,396.461023,44.874744,48.311310
313.626253,369.652172,39.195087,38.961040
307.278019,422.586948,45.530869,48.838192
320.593750,450.251749,45.235374,41.853683
329.657478,457.547361,44.521385,46.309319
309.213051,438.639999,46.520500,46.465260
287.694727,422.906517,46.260166,44.655186
269.803503,408.878126,44.333599,43.459023
248.997978,396.662937,47.601372,43.632641
228.752733,389.190540,48.866550,44.591961
262.345293,371.890938,55.737125,37.030994
251.498280,370.923727,46.110672,56.044380
257.555338,353.176256,49.854038,75.694092
250.297256,351.362152,41.009819,40.599979
260.910007,353.369005,77.889359,96.432159
306.932774,412.884844,46.111923,46.450256
321.870977,430.940647,46.146618,47.754330
337.361654,451.487097,47.795635,48.969902
335.972488,451.973877,48.037880,47.240925
311.645838,403.906397,51.306034,68.911743
292.028820,405.567900,68.918274,56.883965
273.293655,389.744326,47.543877,43.959641
247.497396,375.325735,50.203518,45.439034
226.117353,363.699894,48.170788,47.118130
226.656929,358.644302,46.548393,46.334370
245.097887,357.873323,46.539249,45.552582
263.020767,360.153446,57.635353,45.830761
272.315506,352.677856,49.539619,58.430668
261.352964,347.556597,42.680950,38.982391
249.824535,343.509811,40.709976,39.888126
257.953205,344.018444,40.569382,39.658947
267.055906,348.003946,39.796947,38.050171
275.889582,352.344448,39.203846,40.297817
284.216398,362.672600,39.612881,38.538990
292.481358,373.866394,40.370819,40.083927
296.307817,391.126551,47.100666,76.065750
271.644478,416.895876,44.361320,44.664337
245.484009,417.438013,49.891579,43.378693
220.754793,416.911339,46.553181,46.570683
239.376028,417.856018,46.807446,46.001392
261.644407,422.382572,47.286709,45.002361
285.263079,402.892923,45.996357,71.771545
301.362432,438.463097,47.081158,45.386265
274.054777,357.425982,37.763393,41.804840
261.182816,345.356192,38.871666,40.594124
250.114393,337.261499,40.077328,40.189728
259.231449,334.869270,38.856613,39.370228
267.461720,334.875349,55.586227,90.691978
259.192745,405.303398,44.839752,48.414463
238.228512,401.973780,50.158112,43.679901
218.880337,396.761190,46.108063,46.578102
233.405313,396.312618,48.095066,45.382824
250.716913,399.368282,48.518223,45.209545
267.396034,405.167736,43.658669,45.552105
282.155708,414.549843,45.061241,46.820301
298.892036,427.851446,45.697746,46.405327
316.128397,443.705023,49.946705,46.851738
330.120052,463.681540,45.810196,45.925285
314.406834,434.937433,47.646439,54.868484
292.447439,370.529951,43.257595,61.682533
277.636475,393.494390,45.428139,46.939232
259.566946,362.191111,49.221355,62.260086
242.676100,341.049921,53.557446,68.268677
224.448416,348.298597,52.250851,53.318504
236.496025,337.007786,64.730156,59.642452
253.038652,341.979265,56.345158,55.090088
267.891775,346.208139,52.059750,52.733810
281.462658,355.277723,50.126083,48.964302
294.523523,366.237040,47.901020,47.859818
312.445641,382.325674,45.633995,45.989464
325.906828,400.398199,46.572918,43.432762
337.490561,417.344229,47.532467,47.205559
345.909264,442.498800,50.825554,45.693169
334.126442,423.540045,47.890800,48.235771
312.073294,405.699633,46.790768,42.669937
289.465366,384.341272,57.647888,47.244492
268.614632,370.908255,64.298943,47.134575
244.848568,360.980215,51.789352,48.929924
224.687321,354.674076,50.080948,49.619167
235.092884,344.512863,65.612289,55.130268
246.261433,339.272291,48.943161,60.161552
259.527172,339.750475,49.196564,64.421585
270.803879,343.241251,53.288414,69.369751
280.588902,346.978642,45.357132,45.390301
312.556124,388.927162,49.522205,50.734440
300.213146,368.204088,40.745239,38.040253
311.704653,382.228781,38.754353,39.136665
338.486828,427.180870,49.188324,50.015385
316.280834,412.125505,52.765030,49.789841
290.694868,401.239101,50.707531,46.756756
270.672224,395.186365,49.681164,46.742340
248.699686,391.505989,50.555759,46.318775
223.787270,391.392666,48.926857,44.942822
226.070387,392.446348,48.293056,44.812538
245.602230,395.509680,46.982513,44.253685
264.199314,399.748592,45.921036,46.014141
280.846645,407.555037,48.671844,48.212868
299.459465,422.117332,46.808998,47.872852
313.458284,433.237476,54.756336,56.143002
265.506182,351.373413,40.711201,38.621044
276.174311,358.372541,38.544453,36.558533
285.121689,367.391087,38.680153,37.218052
293.266401,380.119253,39.716625,37.992645
302.123146,395.399822,38.923653,37.937717
311.945005,413.465866,39.088253,39.652050
320.802639,434.869308,38.830414,40.921124
327.757990,459.867006,40.404316,39.104927
316.414354,437.211977,41.055882,42.917976
301.416061,414.679399,40.714622,39.526833
287.854481,394.217764,41.620239,39.647690
275.767458,377.020424,38.993458,39.514492
261.707235,362.897322,40.376644,40.362274
247.141399,350.278652,40.852814,40.765797
255.893713,344.660364,40.613552,40.224281
265.190969,342.151325,42.053509,40.900517
276.485155,342.444193,40.426243,39.712105
287.469927,346.719893,40.418339,39.044876
297.347721,353.774176,40.571701,39.655563
307.765072,362.980417,39.342529,40.614403
317.689606,375.643076,40.637276,40.722984
328.428127,392.513319,42.006470,40.165649
343.140409,412.591600,38.571117,40.495323
353.148745,437.619305,36.905949,36.790943
358.833189,455.646166,35.896694,38.796104
366.736803,475.863110,43.130070,45.803989
397.807924,510.999233,43.881657,47.269627
396.397886,510.112795,45.945995,49.487770
399.561871,514.706644,44.834564,47.959160
401.210417,517.468327,44.213757,47.523136
402.688524,522.884443,44.740757,47.891708
405.350088,527.023046,43.341106,48.518524
405.200909,535.868500,43.705032,46.126232
405.411028,540.394344,41.996708,44.894062
403.664001,538.939404,41.535896,45.856236
400.863426,537.533659,39.554451,46.461151
398.637056,537.031254,40.252537,45.725193
398.498030,538.207928,40.619656,46.533314
399.854284,540.513376,41.441067,47.448204
402.106897,543.626318,41.016666,48.296432
402.422916,548.204176,43.343109,47.448547
402.936998,551.806168,42.094440,45.582806
403.865427,549.214546,42.640766,46.979183
400.494934,547.519775,41.662346,45.520626
393.719217,541.676733,39.587055,45.084656
380.847792,530.124393,42.389904,46.989124
366.622431,515.043444,44.815113,47.228951
342.556194,494.172869,50.135895,51.538551
328.779453,468.758036,46.526642,52.078667
309.646496,445.891926,48.181503,51.871967
286.714188,424.487356,45.838142,49.625336
266.298641,408.790522,46.323578,48.105034
245.074329,398.280457,49.654907,47.895702
223.530773,388.846882,49.288177,47.623676
218.484737,384.056662,48.643311,48.033829
234.593811,384.154644,48.058739,47.364735
257.470491,300.254492,43.536884,39.722355
243.138002,292.602650,44.303028,39.384453
249.901438,289.137102,43.011158,39.324642
260.760418,289.869955,43.021957,39.536564
272.860508,292.562996,38.529663,40.948959
283.401402,298.590555,38.904175,40.701641
294.278532,310.750303,38.200634,39.826572
305.158361,321.870415,38.343044,40.832703
316.718500,337.846598,39.426975,42.606945
327.751842,355.535660,41.184784,43.292313
338.325445,377.321388,42.429394,44.520752
349.553749,399.052448,40.154366,46.862984
261.130974,439.597792,34.319481,43.872791
264.722166,441.730658,48.308788,47.271656
292.787107,449.003677,45.692699,49.384705
334.364433,377.687990,42.204826,43.893459
322.847797,353.841513,41.616287,42.197178
309.955784,329.949429,42.525894,43.952797
297.690727,313.302670,41.874626,42.623375
285.725130,297.802860,41.075962,42.093575
273.806110,286.774975,40.436157,41.941978
260.365616,277.557352,42.176933,41.135357
247.849594,271.758146,41.954979,41.473377
243.689980,271.125917,42.715706,41.448437
254.057739,273.267778,41.500832,41.301617
264.346258,278.806957,40.780636,39.849983
274.576471,286.500521,40.723728,41.782452
285.287636,298.144939,41.165733,41.557106
294.057854,312.551268,42.334404,42.293644
303.306158,329.225431,42.429348,42.836063
312.901680,351.175917,41.013008,42.212101
322.665478,375.805525,41.534637,47.676212
300.978291,416.615576,47.084305,45.317890
267.843258,411.363453,90.614212,60.515785
232.823441,407.573744,57.087044,47.832966
215.998369,407.799345,50.408405,46.202290
279.211391,392.736473,50.944031,46.787735
266.158186,369.566580,43.434185,42.555866
289.781578,414.613089,48.577263,45.175526
260.442455,340.210302,43.645340,39.739803
285.766104,334.240414,38.308346,39.778946
300.853550,332.074404,42.660355,38.356068
323.738413,329.614601,39.409046,38.760277
342.579870,333.189461,41.118954,38.758705
302.453751,407.372440,47.183388,35.196365
285.574507,397.356892,43.660122,42.825470
260.782192,389.234571,47.122131,45.227581
238.688486,385.366825,47.627003,44.429306
229.921106,383.815187,44.821262,45.416370
249.681675,385.975260,47.207413,44.142109
267.972754,392.591291,43.204510,41.308132
284.097029,401.231873,46.978451,42.518532
301.474497,412.832186,43.749119,42.314854
320.573685,427.842319,45.518852,42.953201
341.551331,447.270227,43.315849,44.136326
356.485628,469.481323,44.182194,41.552940
337.031536,453.636183,46.266922,45.530224
311.362907,439.002544,42.778877,43.100449
278.007627,424.154213,46.953457,46.408257
248.513479,414.845922,49.506466,44.183376
225.615734,405.453287,45.713486,43.791386
245.052345,400.898237,50.545006,44.842205
270.385599,398.802202,42.779865,45.577534
294.132584,399.994410,43.925179,46.222401
314.968288,406.627565,44.740433,43.160419
336.149975,416.505882,41.829391,42.712883
358.004164,427.772778,44.197186,43.801468
378.766045,442.244606,47.628624,47.888313
364.997478,427.235611,49.022568,51.825569
336.845837,408.501196,49.561447,47.610149
312.512445,392.159136,45.438801,44.527027
286.040367,376.483614,47.907204,46.104862
256.564585,365.866709,48.497318,45.917866
231.585459,361.243467,46.551945,42.084209
228.257313,354.848272,44.904633,45.164013
249.917496,353.236221,47.025398,44.959206
271.512251,354.351898,45.528393,45.042870
290.302769,362.139103,45.970795,44.226532
311.737293,370.260298,44.482544,47.108807
330.490150,383.867735,47.904259,46.781734
339.502565,374.802572,41.234516,42.562359
326.433830,350.011774,42.465996,42.124424
313.306946,328.506855,41.646767,41.147751
299.520781,309.464281,42.983929,40.841267
287.818565,294.098761,42.252983,40.259396
276.007515,280.122141,40.537956,40.854282
261.159332,271.207462,94.875999,120.964798
276.583019,345.559486,49.360168,51.138191
247.402481,339.827154,56.968422,47.357861
223.159834,332.226173,50.140224,49.427696
268.146088,268.292843,40.652184,42.828308
277.652557,274.764431,45.409996,53.093353
260.240101,333.256248,48.555786,46.324104
279.546803,339.193451,47.759674,47.635567
299.843903,347.158556,47.961525,50.026981
322.402758,363.422506,45.340794,48.533260
334.848444,367.812891,53.186115,61.262989
342.920116,383.423340,66.970230,69.060890
352.955839,408.455582,62.663555,56.714882
363.334963,435.700974,56.990940,45.140633
343.992846,420.642027,50.555393,54.870373
313.926270,421.998894,47.985374,45.800011
282.488741,420.659918,50.074726,46.383358
283.543318,383.870144,32.495144,82.475983
223.034182,427.738398,50.598728,45.988621
228.026476,432.794752,50.365635,45.121380
253.226030,437.904911,50.120945,45.946350
277.145287,446.395344,45.445183,46.504547
300.029076,460.961735,49.999962,44.635040
323.781345,477.318758,48.284546,46.058231
341.590845,490.409349,46.382618,44.407261
316.601839,461.504032,50.799427,47.885330
290.850306,439.189701,50.733204,43.211136
273.075397,416.041695,46.020920,47.758492
246.777182,402.330135,51.629406,47.548370
281.355968,337.229038,41.411285,41.955025
282.929251,354.671934,49.131496,48.994038
256.474161,382.602154,59.523731,48.712212
276.406830,389.646112,65.846169,52.613674
290.272760,396.940228,45.839222,44.961479
312.339142,408.558798,43.366249,42.987797
316.208055,420.985796,60.079029,48.253780
293.570662,411.668966,39.653149,43.942783
276.901516,393.602217,41.591324,43.210621
261.477940,378.018229,42.590408,41.347988
246.155373,364.359774,41.324165,41.054974
287.293486,405.603325,47.165646,44.254730
264.311634,356.968735,46.622772,90.205536
229.112614,389.587887,45.867859,43.673592
233.109524,383.763763,48.392807,45.438828
254.452641,382.624887,50.488068,43.563534
280.684441,384.427731,44.103905,43.141716
302.646177,391.385603,41.867474,42.028950
322.504753,395.601875,48.365044,47.778992
344.285263,406.356144,49.970131,50.510994
361.957207,423.342224,45.964104,52.203903
351.960129,388.245026,38.792915,44.985870
341.238791,368.113695,39.819286,42.365154
328.756981,349.120312,40.349800,40.327919
317.819908,334.817228,38.407524,40.025455
289.407373,390.883753,42.641315,42.981945
258.187912,383.542618,48.365517,44.101440
230.942455,382.845648,47.996521,42.905888
233.674120,379.762873,46.721317,45.273907
260.564287,302.545679,44.485050,46.218540
248.692789,305.534754,48.942448,53.625004
293.677868,395.289738,47.880981,45.688950
249.555302,318.152288,43.664322,40.561939
258.175077,325.969339,43.498684,42.789227
267.853434,340.759563,40.337528,42.093727
276.813915,357.781931,39.527527,41.303844
285.387461,372.878836,40.649998,44.666126
294.323412,400.817009,40.467960,38.648666
288.243292,404.156778,54.339520,54.158443
262.573587,396.967060,48.450321,40.153374
238.039774,386.723642,51.956730,45.817104
221.976795,382.827517,47.859543,47.502438
244.599524,382.182266,49.124615,46.750122
265.857626,384.771635,44.895824,46.711155
284.077919,391.413492,48.000557,46.984737
305.575190,402.535454,45.172062,45.122833
325.218315,417.024128,45.453346,45.135017
347.441994,435.431473,44.165443,45.495255
364.084053,454.529560,44.995125,58.890694
380.223997,474.331932,45.925442,47.724670
344.736923,446.919483,52.169792,49.555794
319.874975,431.127956,47.655437,48.421349
287.439207,417.132309,50.530941,45.742996
258.223742,403.750673,49.758183,47.108791
226.707235,397.105957,47.525616,46.185547
226.320375,391.779833,47.642231,47.751385
248.974480,391.718351,48.832558,46.277256
275.796438,392.464703,46.793316,46.896355
294.426180,394.198118,49.276814,51.648579
279.792364,333.702726,37.666485,43.146404
269.842817,312.046293,40.199200,44.112957
258.451675,295.484602,43.151329,41.692272
245.436590,280.319523,43.776196,41.248764
246.490751,272.461082,42.963757,41.575661
257.061075,269.709082,43.050770,41.134212
266.798954,269.490835,42.096573,40.511822
277.499819,273.419573,39.008732,40.673145
285.034332,280.509418,40.929008,40.459976
294.138351,291.535566,41.834084,39.588573
304.750160,303.586994,39.750481,40.820496
313.371967,319.062014,40.947144,40.647083
323.143715,338.654045,41.160851,42.364830
332.998631,360.765982,37.487762,40.052715
342.126612,388.322374,38.910404,40.579609
349.207670,412.092941,38.229168,44.430336
353.801468,432.402351,41.654518,44.815208
342.561172,402.211733,41.125740,45.769596
325.964260,374.552973,39.119278,42.133381
314.601549,349.006311,40.879154,42.380299
299.488283,326.588202,42.323170,40.949017
288.041117,309.049490,41.940998,39.177471
275.466667,293.680908,38.914055,36.706520
263.572437,280.167000,41.245422,38.558907
250.398991,271.743633,41.702301,38.710297
251.649414,266.558691,42.030022,39.151714
263.394897,266.418871,41.269051,38.447666
274.596460,268.533918,38.662891,39.269085
284.214710,275.039072,39.677490,39.956532
293.822662,283.789244,40.241936,40.729198
305.843599,295.535570,39.233448,41.473423
316.069958,312.019518,38.532928,41.550510
325.201885,331.339182,37.704315,40.558811
335.235809,350.741728,41.118263,44.054317
345.978107,377.268581,39.280563,43.358429
357.743916,403.304895,39.737869,46.578892
364.343637,430.271978,40.117207,38.560070
351.247608,399.657299,41.573151,47.594345
334.145823,376.799633,42.714405,44.357010
319.496969,357.481607,40.859402,39.944843
304.059971,339.157961,41.238251,39.622776
287.568954,320.541773,41.071877,40.401951
275.238897,306.265053,39.469311,41.633507
259.824234,295.752697,43.974815,40.471283
243.376348,289.200535,45.722073,40.450073
247.969524,285.890324,43.517700,40.867416
258.132969,284.333797,45.015289,42.069275
272.844130,287.236282,40.539318,40.768105
285.971430,291.862490,39.672153,42.013508
297.354864,301.797827,40.803051,42.301479
308.153725,314.266872,40.903587,41.361084
319.026487,329.508116,39.667782,41.233654
237.360579,377.151754,42.490032,47.114986
243.112509,380.275377,51.628475,48.023975
259.701260,387.345728,49.435501,47.314671
275.129616,397.824877,49.245110,47.585102
289.119835,412.359833,49.575768,48.183769
306.154993,430.225918,49.351795,48.772430
323.919718,455.467129,46.049824,45.165558
325.828508,387.671101,60.204014,135.994400
306.161989,366.560253,49.875431,89.120178
288.614180,327.188702,42.949078,42.074097
273.656246,318.412500,41.562775,39.326252
258.770002,311.216696,44.246288,40.949352
244.904411,306.406078,43.289604,40.737030
251.718853,303.740910,42.423737,40.746765
265.446930,304.111494,40.330132,41.579250
277.702623,309.256475,41.037586,39.161816
288.266300,316.278921,42.675064,38.949596
301.162645,323.496778,41.380161,39.830013
316.279600,336.741871,39.695034,39.551056
326.812033,351.167744,44.565456,42.440475
340.738861,368.067333,43.217628,45.155396
353.295944,389.490953,40.151878,42.564381
269.871902,466.021938,37.139423,37.901093
223.601059,449.432880,45.330708,44.975159
245.934469,443.578520,48.253334,44.372570
327.489726,376.982750,28.350706,60.965233
311.413961,358.934971,42.549980,42.828110
293.926357,344.591150,43.180599,42.465611
277.581274,333.079498,41.920753,41.331703
259.341820,326.636534,42.706318,39.528103
242.576784,321.384762,44.346878,40.113205
257.386965,317.994585,42.085907,40.525120
270.347778,318.416504,40.531666,40.289909
281.809025,322.106422,41.642452,39.343193
294.703053,326.943110,42.891918,40.659184
310.625626,334.697309,41.006489,41.228329
235.435408,415.092730,47.455631,32.911396
255.234142,414.874260,48.039085,44.696114
281.028309,415.861826,45.844460,45.608845
301.686310,422.285151,44.428818,43.142551
325.948900,431.463428,43.949993,43.943787
348.071606,446.917055,48.064934,43.629566
352.339127,378.291235,39.999451,42.359280
338.648457,356.278698,42.862831,44.478256
323.956650,336.686846,43.242249,42.110035
312.131973,320.632902,40.396835,41.320141
298.480955,309.903500,40.003284,39.969009
287.145685,301.554895,39.573711,38.575520
276.183941,294.915251,38.327766,37.958248
260.121492,292.221308,42.711681,39.905750
247.713394,291.736809,42.662674,40.196190
252.345573,293.044493,41.731964,40.647625
262.260639,297.017828,42.488182,40.257046
272.283596,302.969414,40.317589,40.996849
283.372501,313.898787,40.794411,39.798443
293.028170,325.024832,40.837002,41.683941
304.575703,341.963476,39.865150,41.730190
313.899914,360.031336,39.984291,41.879520
324.985291,382.992729,40.757019,41.819069
312.159685,417.320141,47.631023,47.579529
290.242393,395.223717,49.680725,47.054985
273.296518,378.350994,47.726910,46.340927
254.827057,367.415804,46.826340,45.534184
233.069916,356.773119,48.097839,46.334599
218.063427,350.421274,113.441750,42.232410
286.653215,331.079460,39.573147,37.066765
273.165314,314.971914,41.738831,49.181393
259.477333,303.394552,47.822983,62.192440
281.611467,368.598133,45.186214,48.373260
294.998251,382.346979,46.416096,47.585743
309.665642,398.027864,46.591934,47.961155
324.797863,421.877674,45.411781,47.615723
339.899572,449.393314,45.887165,44.550629
349.450081,469.615498,46.432648,46.144653
322.204380,444.262207,47.298882,47.635826
291.305672,418.592077,51.185135,45.806683
318.489012,351.628063,41.201389,44.084061
241.721657,381.507486,53.901947,48.687183
216.954229,372.884499,50.259861,46.162102
234.427315,367.094994,49.905670,44.338844
256.895920,362.739847,46.043472,46.017139
278.464500,363.625700,45.962402,44.360149
298.978907,367.562634,55.948330,46.310593
302.458113,349.602249,42.627323,41.017982
287.209692,329.046831,42.637379,41.541782
273.308113,313.936243,42.660461,39.381748
260.034901,301.671247,42.729378,40.607174
245.934870,291.625086,43.147823,40.030079
251.565931,285.811636,43.424534,39.358166
264.076260,284.753366,40.046898,39.760868
275.308977,286.072054,40.969906,39.879536
286.615435,290.718052,40.880901,39.469193
296.257015,298.804495,40.311333,39.413891
309.928116,309.455193,39.307053,40.480385
320.204765,324.308083,42.313141,39.720680
330.801277,341.471399,42.429169,40.228794
341.545574,362.926016,40.596062,39.372372
353.843639,383.062683,40.228981,41.255867
367.158205,411.418882,37.782467,40.022625
365.442085,421.923010,43.888306,41.841549
353.795305,400.478420,39.995342,37.679672
335.688316,377.315216,42.582092,41.034798
321.119917,361.114170,41.720982,40.451096
308.782969,346.576988,39.035992,41.350197
290.349493,332.873419,40.796360,42.025738
274.610085,326.617323,39.953140,40.626019
257.326885,321.737265,43.176613,41.012753
241.380575,317.961885,44.544529,40.142460
249.138710,317.051655,44.228302,40.973068
261.573698,319.553183,43.084019,39.637966
273.315458,324.427662,41.012348,37.769409
285.900244,332.353142,43.130558,39.377724
297.352859,343.933060,44.526581,42.367195
310.841394,359.178425,43.272518,43.409592
323.504185,376.936378,43.423607,43.470360
335.949415,398.901855,44.265583,41.532448
349.831070,423.579166,40.806320,43.481506
361.461519,449.471941,40.303478,42.838657
349.576521,425.090450,41.624104,43.147003
336.606033,396.209328,43.637253,41.186745
324.082024,373.115290,41.975723,41.738682
312.599529,352.061377,39.333397,39.829617
298.434748,332.709120,40.581249,40.060604
286.010353,314.592012,41.760986,44.571659
275.346439,303.630558,40.418846,42.226028
262.077337,296.161085,42.817371,40.296764
251.424749,291.002668,42.481647,40.219387
243.688324,287.056057,42.233154,41.358536
255.452753,288.132378,41.345394,41.150642
264.500381,292.278587,41.575256,40.478752
275.849339,297.705746,36.617409,41.612274
284.959030,307.578678,38.073746,41.437347
295.003462,324.140181,39.256992,38.643856
305.777893,337.506142,39.082932,40.806206
315.537251,355.500999,40.030998,41.534004
323.953285,377.907894,40.849396,42.240952
322.669708,461.497945,46.548080,31.129698
288.763754,453.686085,46.489429,48.832870
258.648651,450.098551,51.111038,46.291538
229.441961,447.323223,47.729710,47.373138
218.778219,446.778748,47.911335,46.739662
241.983597,446.074150,49.252197,47.232414
267.652674,448.944910,45.810833,51.164082
292.354883,456.314528,46.275860,47.079220
314.834961,466.725302,48.097412,47.891262
333.973598,480.290901,49.609535,50.393578
340.176279,481.645819,52.281261,51.108959
317.036266,456.215054,49.754539,55.017090
292.288023,437.831934,45.357883,47.473591
263.112247,418.504074,47.133369,45.188362
232.924284,403.653645,53.748463,46.315109
220.188210,394.583136,47.571762,46.930737
241.431295,389.371941,47.717274,46.292427
262.133919,389.297575,46.479019,44.796047
285.493158,392.111866,44.587627,44.097183
307.306887,397.282078,48.244747,43.223892
326.594090,408.221027,55.866356,57.290146
345.423321,418.208862,52.662178,51.958183
325.241224,398.371965,40.966267,41.710575
314.254555,376.241858,41.509277,42.665417
303.457041,357.338873,39.581936,41.408764
290.987843,340.449306,40.244545,40.500534
279.032200,326.398348,40.835182,41.093494
264.831322,316.640152,43.764786,42.607903
253.081631,309.660429,43.465950,40.910107
244.439062,306.411356,43.310322,39.808842
254.577549,306.527182,42.118523,40.518597
264.644606,309.451223,41.637074,40.576092
275.728289,314.901533,38.776318,40.172955
284.972477,323.141178,39.856514,41.174667
294.576933,336.052233,40.468372,40.475437
305.257374,351.114109,39.705101,39.629028
312.841167,371.592047,39.625343,39.468792
323.332336,392.493221,39.815720,39.948990
323.172535,417.526333,47.555397,46.204971
295.048063,404.536903,46.750095,46.316124
269.351664,394.810066,46.333477,43.898460
242.812422,386.105541,48.430943,43.757004
221.781713,382.141834,44.572605,45.128067
241.671646,379.060595,49.260239,44.860798
264.493704,378.343901,46.073093,47.046185
271.853771,324.988758,55.602501,84.203781
258.382544,314.228878,42.722935,40.571960
247.887070,308.928225,41.700424,39.713917
247.491879,305.224344,41.891899,40.559162
257.207506,306.063417,42.681576,39.615589
266.572226,308.797436,40.811268,40.230133
277.585022,316.230930,40.986603,40.336334
286.825531,326.414330,41.439728,41.196938
296.630157,340.974957,41.518143,38.644791
283.843794,383.062195,44.595066,44.742500
260.067686,373.747774,43.061665,42.544117
233.492670,362.722599,44.213436,45.887375
225.477623,359.208658,44.137802,45.774784
245.437481,357.270262,49.811684,45.863247
265.287096,360.274040,46.513180,45.448357
285.565596,367.166340,45.360264,45.084381
306.666401,373.523296,48.917992,49.980118
297.762140,352.855537,41.641048,39.970650
286.950668,339.140276,42.123810,40.645954
276.112682,329.768816,42.043648,38.464619
266.910038,321.524185,41.313530,38.647514
255.584579,316.554054,41.396301,38.614540
245.220169,314.306137,41.942627,39.832237
248.101973,315.475750,41.970707,39.406952
257.786160,319.939989,42.117104,39.021107
266.854895,327.325260,41.347477,38.692596
274.999334,337.338940,39.785954,38.488525
284.050850,350.199545,40.025528,38.599087
291.425222,365.837656,41.009007,40.058552
301.742258,385.452236,40.234692,40.170135
310.974100,408.403101,39.038036,39.874760
319.965223,436.178055,39.113682,36.471565
331.249544,462.232655,36.272793,36.631958
336.736048,482.079182,37.568066,38.325928
348.703630,495.575998,38.179333,37.864506
367.507856,507.769932,31.407551,32.340622
372.829599,509.216682,40.310436,39.064201
386.565241,515.525253,40.182293,33.683983
398.740635,515.003860,38.199715,29.460566
423.886335,493.153288,37.072346,37.888775
416.955343,494.194595,42.393131,39.082481
415.996786,499.791817,37.124866,32.668694
419.282087,493.097473,35.779514,36.966881
417.352829,486.220228,33.706680,31.298061
416.254881,485.558655,28.598942,23.719292
413.664304,481.281948,25.589277,24.138542
410.422244,480.172152,24.934175,25.622028
407.822802,475.084694,26.242924,30.423531
404.233211,470.625273,25.941286,32.805202
398.638062,464.888386,30.322914,37.874390
391.418064,458.290770,36.371674,38.801937
385.515730,453.349915,39.493252,38.837852
382.621090,449.252131,40.062195,39.871357
378.886047,446.229988,40.730446,40.792381
377.038401,442.273098,40.969563,40.923676
378.171518,439.836260,39.360416,41.202091
379.832233,436.696987,38.031036,40.604553
382.617989,433.290922,37.004585,40.208736
384.732765,428.498701,36.423302,40.429012
389.281500,426.063768,36.870403,40.657124
393.217798,427.118576,37.500767,40.084312
397.510128,426.464552,38.022034,40.980282
401.938654,424.977982,39.927891,42.091942
407.817436,423.460524,38.561668,42.023129
412.320621,422.356831,37.812180,42.642502
416.191578,419.887596,37.731674,42.239326
420.187765,416.712749,35.792156,42.405945
423.440937,414.199806,35.619537,41.458626
425.520288,412.033392,36.646687,40.127743
427.746582,408.847446,35.235680,39.412659
430.073074,406.502476,33.216820,38.837189
432.078447,403.901474,34.472462,39.035515
435.120836,401.940317,34.390598,39.787510
436.852716,400.274258,34.726078,39.880066
439.395573,399.018118,35.618195,39.976940
442.759987,398.170269,36.558983,39.958160
445.892555,398.942425,36.923378,39.750854
450.027679,398.911160,35.842598,39.267822
453.027487,399.945351,35.043407,38.570457
456.576773,401.373142,34.972469,38.379990
459.522800,403.901220,34.310165,36.325161
463.313498,408.605204,32.045010,35.764805
466.740492,413.780905,33.438778,37.627651
472.463993,418.739580,32.450226,37.853642
477.410248,425.643375,33.055534,36.407623
483.946030,432.258553,33.222069,36.240700
487.968346,434.649466,33.269981,36.809429
489.860718,434.019293,34.837852,35.706326
487.313478,432.335060,34.082859,33.448814
484.949167,420.545439,34.435200,35.790524
483.016008,409.431971,32.227985,37.405811
483.310547,397.155687,35.755714,37.673679
485.687777,391.749043,35.530994,35.285736
487.751337,383.347504,35.112492,36.390938
488.240435,378.745619,35.803715,34.980251
489.663008,376.193357,34.739422,35.804409
492.346495,378.079123,33.013073,34.554256
496.145098,378.466074,33.276478,36.156956
496.976994,380.734735,34.199005,34.170368
498.675182,382.390081,34.316193,34.079357
500.301552,383.252636,35.162254,36.431290
569.018445,397.039398,29.414228,43.605354
563.496920,389.952982,41.903675,44.804569
561.213030,383.306320,43.821323,46.388786
558.408560,380.638809,45.430004,44.609047
556.088188,379.859129,45.366570,46.297405
552.767258,380.166992,45.815529,48.528664
551.560999,388.845215,46.196262,46.896172
496.216745,392.369396,35.665333,36.838242
494.074854,392.387001,37.701344,37.942482
492.730881,393.546373,37.523079,38.169865
492.022861,394.437735,36.720688,37.874920
490.047922,397.623560,36.182789,37.482243
488.666605,400.241674,35.600910,38.452969
488.234478,404.287756,36.368439,38.194042
486.945120,406.832920,36.633923,37.731308
487.252174,409.559183,36.398094,37.860676
487.529110,412.798180,35.600800,37.550499
485.722559,414.703381,36.214329,36.789963
485.446138,416.298449,36.619465,36.532078
484.941174,417.986126,41.376785,40.893463
483.093775,420.838863,35.939487,36.880432
483.805887,421.877115,34.107304,36.839359
485.248501,423.886745,64.429901,46.893036
485.317335,424.820608,37.175533,37.497662
535.675390,437.130283,42.776775,46.740616
535.050570,435.372564,47.127689,48.167477
536.355274,434.036167,45.161606,47.744339
538.234871,431.511692,44.525749,48.291763
539.605537,428.809364,44.182671,47.656258
540.797312,426.802536,43.517643,47.384529
542.736153,426.625164,43.242897,47.139587
544.656982,426.059578,43.433693,46.772957
546.100775,426.543947,41.929043,45.783787
545.936901,427.137608,42.080505,44.284821
547.149780,425.840776,40.616005,44.773335
548.187391,424.849152,40.811687,44.729805
545.782990,426.044210,43.347511,42.838757
547.468096,426.438564,40.822376,42.200302
545.936440,420.326473,42.486916,46.904587
546.230579,421.879391,42.469757,44.222153
545.942959,421.363264,42.592468,44.700207
545.559238,421.005842,42.761414,44.967846
545.972271,420.077841,42.575790,46.202999
546.123060,421.165194,42.164639,44.863834
545.445559,418.584736,42.720387,47.023483
544.773521,422.110823,42.457924,43.634762
543.953373,420.325331,42.464401,45.144802
542.120800,420.605276,42.677383,45.038708
540.765440,420.785742,42.774303,44.414639
538.191530,420.136261,43.476749,45.764107
536.086943,419.938690,43.237865,46.246056
533.094511,419.001577,44.055187,47.007046
531.367853,417.716791,45.111134,48.292118
527.060127,417.798391,47.547585,48.193966
522.909431,417.954014,44.029976,46.931976
518.226212,419.065506,44.586830,47.329063
514.148975,418.536739,43.506638,45.938141
510.402163,418.841249,44.518299,47.059467
504.622995,420.953829,46.691074,47.035084
501.353077,424.498621,44.109451,46.420368
497.744974,429.414951,42.461613,45.409836
495.305065,432.944368,41.349686,44.834492
493.219591,440.166027,38.930454,43.926437
493.311193,449.383482,41.836376,44.305874
496.092674,460.545010,40.722343,45.121185
499.150684,472.885185,37.546432,44.603142
499.877033,482.217453,38.912811,45.201836
496.263586,486.981892,42.022884,46.616196
488.505592,490.096540,43.126625,45.252728
474.286991,489.153656,42.760086,43.806084
457.558842,479.186863,44.917160,44.737259
435.110451,461.523325,47.894966,47.555363
412.116642,435.525244,42.584335,46.473644
389.902920,403.097265,49.082016,47.219418
367.476847,367.086349,44.584538,48.679420
347.457380,342.678078,49.041622,49.354866
325.705585,318.796356,49.199661,48.576195
304.109398,300.068830,47.109474,45.351711
281.412827,280.177383,48.162926,49.597710
259.401592,267.992146,50.080322,48.001953
238.396816,261.540236,49.996353,44.520016
218.682655,256.456675,43.081673,44.513920
223.994436,256.427898,44.745556,44.862778
242.406813,257.657087,50.547421,45.351803
258.899670,262.057182,49.014984,47.739403
278.270849,271.670792,45.979229,48.113899
293.548746,286.385540,47.103886,46.406967
310.489847,305.337919,48.131443,46.188641
325.502863,324.710533,49.037296,48.616631
343.097673,348.314327,48.980671,48.807907
360.631792,371.777140,47.986958,56.632984
374.423956,409.585455,49.293713,46.213955
358.608120,382.642141,48.600677,51.584530
334.268847,360.871309,50.222187,52.788914
313.642433,343.138239,48.518852,46.935032
289.143847,325.575733,50.591557,47.372177
269.305557,311.280252,47.033882,47.490589
245.462494,302.685736,52.592018,46.508419
223.946968,298.254566,48.195763,45.801926
222.631168,297.280537,46.775070,45.376190
241.674370,300.623663,47.588448,45.202389
260.203062,306.075634,46.573055,46.205887
277.854933,316.354628,46.715023,46.866680
293.405468,330.247469,47.508514,44.991306
312.925806,346.820850,45.622715,46.154846
328.938227,368.477207,48.697819,46.429169
347.103895,391.493618,46.246151,43.441605
361.523861,416.712807,47.131638,48.442314
367.680317,429.926245,48.044983,48.057735
347.597990,394.540260,49.414913,49.717140
325.697821,362.280735,55.329617,49.742737
306.441410,330.143187,48.118225,46.695248
284.453440,303.926558,48.524357,44.995113
258.069849,283.190317,51.638645,43.920414
238.537088,263.462223,51.578068,45.722183
212.012419,246.919163,52.831860,47.813614
274.275499,215.508013,57.413151,33.809620
242.677851,235.254381,50.182270,48.320698
260.794123,234.720867,49.279469,47.128922
282.478666,237.499783,50.379833,47.890213
293.257872,247.016575,50.560528,48.329895
312.349087,258.763243,47.382462,46.653759
329.538668,276.555279,46.321598,44.904068
347.008247,294.005173,46.439781,46.631203
366.467615,313.705927,43.789387,49.769032
384.353937,337.065025,52.806293,56.358330
400.525663,359.109423,46.082348,62.599674
388.111486,312.821632,52.501156,106.437462
375.522146,269.929792,38.038235,43.037426
364.093880,251.904415,34.054039,42.315277
301.138355,317.437651,47.312347,41.124355
271.776703,308.320940,48.585152,43.935642
241.503960,299.806437,51.018898,47.115147
214.476936,296.439680,45.678185,46.528133
236.341465,294.531693,51.303406,45.817818
260.119596,295.501369,47.996075,43.425720
284.934605,299.700617,46.093506,45.990223
310.210819,308.829699,45.711029,47.217564
329.328119,320.300682,45.367481,46.290611
353.702976,337.100220,46.221375,47.079567
371.141680,356.756559,44.247410,43.581707
397.511417,381.018417,43.409912,45.849525
403.198103,393.966759,46.695827,46.041527
383.001646,363.568647,46.186550,47.129269
322.783760,270.133411,38.468819,31.448935
332.364622,280.423209,39.438671,41.428085
313.996994,305.182418,65.177299,47.723267
291.353773,294.721622,47.818096,44.712685
272.777306,286.869273,46.185448,44.870628
250.178041,282.928569,47.442020,45.110054
226.453100,286.536859,45.027843,41.204372
230.369865,285.078593,43.901863,42.706062
249.350557,285.662160,46.719654,44.732365
268.235262,291.269233,45.145802,45.474426
285.385365,298.999928,46.911362,47.336536
302.387075,317.183682,47.401592,43.005009
321.337461,333.219144,46.851681,43.946232
339.605721,354.553353,44.026253,43.202892
357.079599,373.902776,43.971714,47.146076
373.358526,404.510913,44.783855,46.482018
369.021189,402.249391,50.465702,47.876888
349.971006,372.397655,41.722073,45.642128
328.185278,342.696027,47.133465,46.798817
308.511518,322.051604,46.555859,43.445419
285.371155,299.276853,48.931374,45.996601
263.491076,279.786204,46.818012,48.293007
241.040966,266.651340,48.562973,45.683434
220.490040,256.789548,45.885239,47.253345
224.581539,251.096393,47.172852,48.480492
242.170692,252.032222,51.909370,46.919868
260.094372,254.814797,48.201813,46.140316
278.730818,261.210690,45.879910,46.331394
294.553518,272.286246,48.229290,46.861038
311.315016,287.228490,46.494595,46.516560
327.640057,306.939343,48.322113,46.988438
333.808834,297.282477,37.648636,38.041382
320.753548,275.741822,37.887581,39.093060
307.955765,255.414804,38.184044,39.421734
295.456720,239.065204,37.811527,38.498161
281.956774,224.082389,38.080235,39.929794
269.078007,213.368032,38.430878,40.930180
254.872192,206.454886,38.175713,39.849121
253.159231,202.732987,38.550640,39.998501
264.760492,202.813764,38.291996,39.698612
239.146297,287.811985,47.200500,22.600241
215.226362,283.695325,47.348858,45.181522
229.014517,281.092505,46.848537,45.892609
249.599949,281.185145,48.830109,47.222282
269.325542,285.995984,45.690384,46.891209
287.504501,294.789872,47.264076,44.835781
307.279589,307.231139,46.615910,44.771011
325.789499,322.719455,48.036915,46.252907
344.462929,340.263217,48.590904,47.937508
362.730652,361.419602,45.347389,51.961407
378.380156,385.230554,47.545666,48.623348
388.821535,407.849504,47.097385,44.411022
360.475492,354.305995,55.959011,69.173988
344.489527,355.226329,51.272373,45.705635
320.494633,337.961381,50.768799,48.002041
298.471493,323.530177,51.036148,47.410133
275.880985,311.219050,49.983292,46.013527
253.377079,302.988490,49.703201,48.164955
228.205153,297.336265,48.033016,46.208710
213.535791,296.429036,47.367191,46.398182
247.737827,202.128135,41.568497,37.124207
252.821146,197.949962,39.894703,40.286888
262.907166,199.023576,40.188850,39.296124
271.745127,204.688960,40.499989,40.613808
278.678194,212.104030,44.347355,39.839668
293.650610,222.210393,39.919842,38.850056
302.410612,236.167607,40.902584,39.324833
313.105389,253.097796,39.428177,40.791985
321.546743,273.043897,41.438107,40.583942
332.131107,298.426265,39.077789,41.305016
336.650906,345.368150,45.603333,56.536236
315.978321,327.560468,44.987427,44.960819
295.224651,300.378478,44.925415,49.803253
279.830561,283.555148,42.797977,47.793648
261.071077,268.252746,48.396824,47.596588
241.793573,254.514504,50.421421,49.397015
325.387650,304.171838,40.348381,43.756664
313.594845,280.043756,39.072418,40.635662
233.457134,245.401956,45.895710,47.458858
249.320454,249.081380,47.465183,47.863468
263.684923,256.687957,46.754677,47.859818
280.591209,270.257684,40.362179,46.255764
256.190128,215.188949,41.332966,41.577911
306.701427,302.590731,44.708683,26.987146
320.128071,326.160712,49.426182,47.121979
334.254538,350.223649,48.761597,51.247143
348.979069,377.963923,49.617863,55.664452
361.952095,416.744094,49.044918,45.478775
347.029638,389.875468,48.575180,48.567802
325.922319,357.693820,51.250511,51.373451
312.899471,282.979829,39.362110,39.240032
287.563833,306.960488,44.828522,46.260235
266.255791,287.578691,47.537212,45.463879
246.658867,269.768523,50.361355,46.578110
227.566141,256.871154,47.476723,46.069000
221.354689,248.392816,46.665497,46.430172
235.926916,245.692964,48.203751,47.668438
252.331800,246.048053,48.278137,47.803566
269.055555,251.356166,41.542725,46.012657
286.133533,258.977021,52.857868,48.036861
299.816217,272.150651,46.438332,46.820919
317.036156,287.801862,47.339367,45.257664
330.661888,306.412131,47.783062,46.316574
347.191265,329.872308,47.532352,46.506115
363.252634,356.074744,44.898109,43.142136
382.775999,390.671590,41.827148,41.024830
387.189699,403.475331,42.544594,43.001377
360.213459,374.884534,43.157169,43.358723
325.006281,345.441255,51.935616,48.258282
300.418560,326.271651,48.720814,46.341003
272.476589,307.600556,51.638554,49.777325
245.926542,296.947064,52.542191,47.769810
283.273046,267.858462,55.655914,40.662895
225.971798,281.193206,48.022640,46.955048
247.526417,279.179273,51.070904,47.364338
269.933094,281.789407,46.044262,45.271008
291.228418,288.780202,47.654419,45.797291
314.105282,297.135455,48.441189,47.305321
333.523378,310.445899,47.675278,46.961411
339.219797,326.805974,64.097168,47.974445
322.298912,298.993705,42.657612,41.868011
308.071770,275.807425,40.313465,41.182892
293.249750,257.889554,41.090775,39.466709
277.658768,242.457746,40.604786,37.462910
264.793804,229.279765,41.182522,37.365379
250.166927,218.980311,39.619595,39.573814
260.162312,213.982995,38.407772,39.506954
278.720104,257.832295,52.167263,63.605320
255.223478,304.250497,52.350700,45.168911
229.704782,298.756883,47.157227,44.245068
215.047653,298.167533,48.972706,44.884094
273.048626,270.020362,36.763699,51.392776
258.053118,303.041995,49.054489,46.301476
279.459169,310.852302,46.295914,44.960449
299.533342,322.886916,47.469864,46.234116
318.943199,336.363759,47.501377,47.672459
340.639065,354.993646,45.171841,46.917385
360.360800,371.923360,49.574989,56.355289
380.842571,399.814672,48.694668,54.192905
372.052776,327.319423,40.702297,53.955772
360.729668,368.300992,41.727299,42.414021
330.767742,345.297097,47.922024,51.824718
309.483452,323.995473,46.291477,49.907230
282.098553,306.477851,51.733639,49.681122
257.965242,293.760457,49.177200,46.491322
258.308699,251.794402,29.276756,68.683838
241.536301,242.295337,23.293751,74.811317
231.340958,269.388993,45.809742,44.281170
250.430861,269.651153,48.659782,45.620804
269.263363,273.286010,47.722286,44.801163
288.874269,279.775277,47.482498,46.337490
307.870768,291.704280,45.894287,47.542320
326.011324,306.655774,46.226212,48.420643
298.372875,237.854562,42.125744,38.965153
309.599258,253.552661,38.258686,39.948349
319.079098,273.038705,39.361523,39.894886
329.423910,296.930198,40.244041,40.122551
340.323397,323.063981,37.560333,39.560658
353.741707,349.532861,55.805820,50.171116
338.663879,328.630746,47.296665,47.179066
314.134443,308.259494,48.121727,47.989258
289.829050,288.453441,48.386581,49.013367
266.609549,277.733241,48.055046,46.482117
252.032686,266.828017,115.032562,46.585960
216.280628,260.889215,51.254299,45.950260
227.077049,257.592404,47.002033,47.670879
246.522614,258.028323,49.687290,45.745880
265.378120,260.862176,46.437519,45.616596
285.658400,267.765700,46.147499,44.286858
303.114929,279.599698,48.124821,46.284359
320.977131,294.299026,47.707180,46.037498
339.938692,314.394563,46.744080,45.404255
358.918148,334.936149,44.301830,45.827827
375.467978,360.604358,43.601585,47.295883
392.610271,390.065595,46.785076,47.530910
388.505226,391.328010,50.999149,46.998421
366.522406,356.132407,49.411171,44.198952
342.846519,329.858966,48.672398,47.458755
317.708193,305.267455,47.985519,48.911613
293.399149,287.553157,47.087662,48.545776
270.068056,268.778491,45.085602,49.000275
244.194546,259.030656,50.097103,46.413914
217.807919,250.294530,46.068874,46.080090
223.066761,243.015910,43.496166,46.862579
240.626207,241.613376,52.159225,47.660767
259.773190,243.340095,49.827999,47.326744
294.208673,340.070914,40.045166,36.280663
286.034700,309.309953,44.202133,53.623951
282.205990,301.188045,53.162930,40.739700
271.486496,291.080312,40.085728,41.097515
262.531813,281.629876,41.879433,38.227421
254.409634,274.178060,41.342983,39.244335
246.809471,270.846141,41.116444,39.713074
251.029964,272.819890,41.077099,39.988262
257.891657,278.084958,40.214005,39.957424
264.385807,286.204843,39.927227,39.715427
271.044523,298.166743,97.967949,79.543976
300.577875,310.832026,64.241333,50.606018
284.325912,299.670959,51.988377,64.871483
262.112772,287.348905,45.714096,47.502819
236.570799,279.358436,49.440758,45.331978
213.384306,275.105956,47.879463,47.306480
235.170330,271.852609,59.450207,54.950260
254.762897,273.169715,50.037868,46.889717
276.725607,277.988805,48.155266,59.699078
271.360769,271.304440,72.336967,60.749264
318.106033,297.568795,45.136814,45.751896
273.606165,251.509608,111.435211,108.198669
244.485134,208.218190,44.764675,42.077984
250.211632,203.275952,39.282795,40.183163
257.278763,199.161286,38.700382,40.072544
262.929008,198.868812,40.109226,40.600441
270.468626,203.567153,39.227715,40.623573
275.666277,210.240916,39.493820,39.442947
332.199167,299.013494,45.612762,20.048822
312.232531,280.012343,44.510056,47.453438
288.726742,247.089709,49.036678,63.092209
266.114759,250.821841,71.941338,50.699997
242.951525,240.008143,51.143250,48.854675
311.356464,307.057849,40.278255,40.857346
229.995602,229.185090,43.169338,47.069557
241.228231,229.468461,48.706200,47.449684
259.793060,234.361114,49.489506,45.963360
277.983221,241.003909,47.385918,47.245426
295.867317,254.055623,47.654011,44.889801
316.022402,269.082808,45.935577,45.364880
333.668360,288.305528,45.889969,46.490791
276.209469,275.636769,39.056126,41.329498
263.760929,261.519340,40.563328,38.293072
252.908430,244.346185,41.854401,40.765068
250.642918,238.322467,41.020527,40.176609
258.747082,238.083858,41.742558,40.667316
268.947870,241.138122,39.662621,38.559124
277.623135,247.803496,39.030582,38.622219
292.676323,280.178185,58.547176,74.472237
281.631102,270.068952,52.368301,76.264130
252.074871,288.950274,47.267475,45.692036
312.627964,296.524213,39.860111,40.035202
322.266865,318.939795,38.965183,37.926327
331.541702,343.198071,38.533428,39.395187
261.853399,277.649936,44.805542,46.118099
282.967415,282.553958,47.406673,44.533001
304.436472,292.411916,46.562187,46.887108
317.764099,306.234588,51.734722,54.646610
339.979019,320.115624,50.455669,50.402420
290.140940,267.829865,38.775200,39.642944
277.196419,246.158336,37.130001,41.714336
263.866653,225.130452,42.092083,44.115852
250.837837,214.334371,38.934353,40.289284
257.112831,207.565572,39.649044,39.380959
267.400229,203.892343,39.585571,40.033722
276.383142,201.391040,41.162163,40.540508
289.596643,203.480821,38.856743,39.343460
274.550890,280.017179,45.201866,31.335258
246.376038,273.411511,53.924053,47.754326
226.468925,272.906598,50.516476,44.894188
216.285969,271.647208,51.730396,44.805943
235.732206,272.966811,50.525421,44.435566
256.406582,276.513259,48.784489,46.817020
275.693600,284.691888,44.518620,49.555405
290.550850,297.177098,46.865124,46.624748
310.910089,317.767016,42.893379,42.806850
326.917278,334.563714,44.484730,45.568237
344.644775,357.339498,43.958202,45.234291
339.641605,312.152047,39.986897,40.085251
320.721096,288.207864,40.491367,40.038742
301.570763,269.820157,39.706982,39.296364
282.986090,255.160977,39.743668,38.249245
265.674139,239.988315,39.961365,40.240917
250.428875,229.798856,41.389225,38.786934
265.482014,224.552730,40.654270,37.974056
282.891792,223.923831,36.949566,37.285519
296.498297,223.836724,38.850510,39.049347
313.238266,228.968646,36.668636,37.813595
324.861113,236.907077,38.922302,38.565182
340.212894,246.649304,38.066135,40.789589
355.967037,260.189719,37.496586,38.429600
367.392607,273.064771,40.158752,40.167610
384.272030,291.966151,37.689304,42.255199
393.676788,314.314797,38.289761,39.202667
412.140512,342.960950,34.073311,37.165581
421.903778,366.579226,37.740505,33.806469
425.581249,378.498630,36.483814,35.903027
428.530855,389.123330,38.301231,37.823196
431.480825,394.704293,39.177750,40.319916
432.724203,399.640443,39.603638,39.290726
434.539762,400.184150,37.234055,39.253223
436.423532,399.680921,36.616951,37.909492
438.206947,399.531762,36.414730,37.733658
439.949543,400.315652,36.723911,36.509567
443.184416,400.302705,37.637070,37.099182
444.998541,404.207255,37.046997,35.130123
449.796553,404.914964,36.305588,35.800430
454.897141,407.331317,36.293224,36.162228
459.000292,408.074750,38.551704,36.577766
463.770119,408.286248,39.030529,37.920670
468.000322,407.911687,37.577049,38.085304
473.391796,408.474046,35.056126,37.214050
479.863724,408.562520,32.930859,37.464592
485.602795,407.829341,39.977421,37.408657
490.611031,404.288848,37.454891,38.057056
499.339684,400.769219,32.534466,36.139465
499.944084,398.386710,31.340984,33.898045
501.615768,397.412030,32.577480,39.234291
504.507925,395.504016,32.711563,49.544308
511.367874,397.982667,27.736477,40.690781
514.990661,399.674159,26.083754,37.302624
516.156105,399.915462,27.489712,38.961636
519.282238,401.130639,27.459019,37.017593
522.487251,402.578399,29.113964,37.725605
525.636139,405.253224,29.909176,39.445473
516.247116,407.393565,39.910839,38.106838
510.776356,406.160317,44.972645,38.688705
507.917049,406.225781,32.446812,37.623146
504.765831,404.089099,38.252499,40.066067
502.903646,404.765861,42.724716,41.138844
501.676054,404.914376,43.359344,41.860916
500.170031,404.422603,43.187645,41.016232
502.202950,403.653077,43.236263,41.445129
504.891376,401.788976,42.267506,41.876656
509.352385,401.144280,39.437958,40.575821
512.341799,400.219399,38.879478,39.460678
516.326120,400.154675,39.701530,39.323357
522.386461,399.801812,40.910194,39.801971
529.251011,400.797389,40.190998,39.247326
539.160126,402.646310,38.940685,38.876907
548.618513,404.991553,36.324020,36.936863
557.756689,407.948646,36.503891,38.814274
566.570234,410.122485,33.538055,38.230251
575.957790,412.275247,30.231388,37.307526
584.523948,412.003057,27.927458,36.777840
592.614082,413.644660,33.005886,36.008854
600.526506,413.872376,37.204140,36.484100
608.068512,413.558913,37.963085,38.308903
618.623856,432.777411,30.495358,49.858006
627.306740,419.205462,29.951565,59.823162
634.518397,413.783708,27.568716,61.444275
636.849846,414.440597,33.172894,54.051594
637.274362,430.179786,29.859934,39.258808
640.643254,404.611073,27.557375,63.350533
638.433138,429.081405,30.995338,41.308094
645.294823,436.400006,31.169216,34.715401
645.324070,443.817896,31.584278,30.998243
647.977257,447.544328,32.146053,74.478775
742.617137,386.802709,29.163168,36.637466
752.248734,389.917109,26.496944,32.629185
755.354628,388.608237,29.407791,32.090664
757.133080,386.178590,32.551189,33.747993
761.232042,383.353915,34.654243,33.750767
767.460268,378.773519,35.540504,37.821136
848.550981,363.169280,19.479502,38.738979
852.126671,363.967753,38.879131,36.202106
852.425444,365.411529,40.390533,38.133083
855.171650,367.410302,40.547215,39.969963
857.314316,369.479346,40.568310,39.910381
858.865019,370.506539,41.361542,40.726173
862.012043,370.510938,42.122379,41.804016
866.333332,372.142674,42.467884,42.296738
870.758844,374.565263,43.869728,42.857368
876.781065,376.670835,41.966019,42.977814
884.821232,377.824534,40.902088,42.109608
887.782007,380.997647,45.034660,39.876892
889.850985,379.013169,52.295738,37.303078
913.048973,375.925416,38.179653,36.184242
922.654774,373.402091,37.046177,34.025478
930.337126,369.730491,37.167068,38.153500
937.811932,366.673949,37.369709,37.473965
942.575315,363.155374,38.493683,37.976921
946.213167,360.402238,38.852669,36.043007
950.238962,360.747092,38.484261,39.154903
953.797529,358.073785,39.550537,40.535027
957.987513,357.180293,39.093254,40.850956
960.658792,355.027492,39.952232,43.611698
964.400797,357.480710,38.712654,39.716888
967.502689,356.429702,38.985615,41.054729
970.421028,357.499015,39.826870,41.676846
972.719471,359.136809,40.136097,41.481167
975.790462,358.390773,41.623249,45.433887
980.013000,359.413922,41.490978,45.960037
985.253807,359.304564,41.756222,45.538280
989.149137,358.071280,42.440918,47.106167
994.552166,358.840075,43.088428,48.141193
999.514868,359.210040,43.458221,48.246983
1003.497684,359.178552,43.803669,49.985786
1007.940130,361.659860,45.496429,50.056084
1010.546816,362.598161,47.489967,51.345970
1015.188850,365.536853,45.336681,44.507572
1020.418268,367.118958,45.170433,43.670143
1023.972162,364.725682,44.217186,45.473511
1027.540567,367.337176,43.713539,42.434376
1030.774822,366.117829,42.479542,43.344078
1031.807739,369.039948,43.163525,41.582558
1034.244295,368.431865,43.503075,43.287266
1036.072699,370.015229,43.596100,41.595848
1037.906023,371.373734,43.535149,43.042198
1039.593325,370.739038,43.538460,43.330193
1042.123930,372.961329,43.817993,42.008167
1043.499935,372.782977,43.319202,42.485004
1045.355537,373.155328,42.896587,41.672417
1047.299473,372.805423,43.615345,42.997913
1048.556248,371.975158,42.997028,43.883480
1050.096222,371.947911,43.133968,44.085037
1050.947010,373.001830,43.438541,42.407833
1050.486923,372.176711,44.132107,42.383968
1051.260576,371.506873,44.066124,43.042873
1052.511068,372.111444,44.857529,43.169899
1052.188000,374.120183,45.582493,42.490677
1052.187735,372.651639,45.893021,43.775833
1051.944056,372.873921,45.901039,43.154892
1053.446436,371.105973,47.521935,45.490700
1053.242615,374.925265,46.655010,42.388050
1053.630840,375.199973,47.371616,43.158474
1054.561102,377.723372,47.170258,41.986950
1054.872204,378.224042,45.883686,42.103302
1055.502220,377.898942,44.562511,41.440605
1056.095829,377.339673,44.823887,40.998199
1056.210030,378.052106,42.566601,38.390640
1057.457724,377.686557,40.021439,35.504581
1061.341692,377.290022,34.928123,31.641737
1062.429842,376.628786,33.235481,30.094961
1060.806997,376.830445,33.824432,30.454536
1061.319126,375.521963,33.335255,31.748030
1061.290995,375.209594,33.508171,31.844112
1060.951370,374.784964,33.216961,30.301359
1060.906321,374.535321,32.687767,29.664597
1060.433506,373.697712,32.283787,28.315279
1058.838914,372.503448,31.451685,26.714458
1057.858665,372.234417,32.007290,27.373781
1056.727404,371.876246,32.313591,26.471272
1054.048832,370.297791,34.316242,32.425117
1050.245708,370.478110,38.644917,44.560802
1048.341593,369.926406,40.110405,48.765133
1046.601627,369.565604,40.543797,48.517559
1045.283970,368.884244,37.698093,43.141129
1045.017870,368.863088,36.622139,44.306900
1044.633194,368.049664,34.584148,39.959824
1044.052616,367.956307,34.284336,35.294319
1043.764143,367.543180,34.855621,36.106995
1042.790808,367.581681,34.459518,36.168419
1040.923416,369.164042,34.512600,34.313297
1040.621037,368.737464,34.625751,32.752560
1041.850492,369.000430,33.599350,32.118473
1042.177807,368.993888,33.673435,34.496609
1040.270510,369.392709,34.571770,34.894295
1041.697824,369.234229,34.115486,34.687069
1042.287045,369.732850,35.670872,44.027245
1042.638083,371.048167,33.836899,39.018757
1044.601294,370.984473,38.448288,47.293774
1044.687052,372.317391,40.501762,47.795967
1047.024990,373.234603,40.561054,48.402370
1050.148779,374.004111,39.620682,48.566143
1052.865660,374.008861,40.579254,48.106968
1056.061876,373.878602,39.961372,48.315193
1060.098747,375.015098,38.824306,44.759197
1063.884962,375.276320,36.412018,41.209087
1066.036987,375.889132,35.030910,34.173664
1070.231880,376.267945,32.894421,28.781898
1073.538141,375.575298,32.543602,30.943377
1073.095692,375.354106,35.777225,34.036594
1073.005163,375.105227,38.562378,35.819492
1072.578524,374.931035,41.064445,37.149170
1072.829454,373.351338,42.225563,39.296326
1072.783857,372.939799,43.469269,40.009647
1072.585266,372.747432,44.585354,40.035526
1071.813894,369.709704,46.381927,42.498661
1070.264294,369.061444,47.105030,42.199280
1069.512573,367.558282,46.680950,42.186348
1069.633204,363.748328,46.347923,41.134197
1070.269987,358.636682,44.557526,42.426033
1068.642235,352.653487,43.697643,42.462154
1064.970156,351.700644,43.001045,39.269329
1059.815229,352.992217,39.881317,37.359570
1054.426380,355.630933,39.043903,35.424500
1048.944859,357.742291,36.203754,33.775650
1048.061255,359.228578,30.780302,31.658836
1041.647085,360.020106,33.523880,35.700642
1036.126719,361.484059,37.382484,42.361053
1029.669300,361.201591,44.117512,44.246822
1025.500870,360.416057,48.127346,45.878422
1019.883104,360.322791,43.905235,45.461330
929.835833,414.874654,28.787310,36.108490
915.984368,410.184758,38.205021,39.528381
914.739062,410.705264,35.604630,38.838169
915.078183,410.114272,36.251125,39.299358
915.606027,410.238650,36.270802,38.978031
916.314197,410.106475,36.438919,38.838955
916.286855,409.909081,35.128338,37.975563
916.579783,409.987031,35.889420,38.886620
916.043235,409.458598,35.665565,38.538197
915.560546,409.487172,35.916954,38.737305
915.021163,410.075088,36.024010,38.429989
914.153247,409.568990,36.648788,38.653656
913.962476,410.705836,36.594219,38.711140
913.398051,409.628379,36.599319,38.938396
913.343730,410.159524,36.665619,38.444695
911.985679,411.109384,36.844032,38.722710
911.489923,410.929223,36.584446,38.565559
910.449203,411.181687,37.821785,39.231682
909.741195,411.582280,37.019768,38.889252
909.187179,411.176970,37.229210,38.965481
908.370364,411.842935,37.935349,39.117638
907.094554,411.299129,36.698303,38.973743
905.611928,411.438041,36.874447,38.826534
904.208560,411.464339,37.020676,38.967968
902.911563,412.114760,36.935623,38.701046
902.527787,412.850802,37.074085,38.783909
901.129041,413.067170,37.752453,38.815437
900.199691,413.854272,37.651711,38.939690
899.433637,414.380231,38.020397,39.014999
899.086783,415.085073,37.835121,38.856216
898.877898,413.713908,37.792061,39.345219
899.139255,413.835729,37.394394,39.098053
898.488955,413.635222,37.671478,38.880062
898.690192,412.270801,37.239693,39.327045
898.357141,412.087941,37.781773,38.750549
897.651460,412.979438,37.924000,38.439877
896.966832,411.907233,38.077053,38.850933
896.401351,412.296145,37.985008,38.281681
896.946885,411.387687,37.458073,38.466930
896.735719,410.160466,37.628330,38.797714
896.972163,409.813598,37.191040,38.306545
897.787612,410.702323,36.657570,37.837276
897.261518,410.051204,37.395397,38.201832
897.979333,408.730208,36.486607,38.239101
896.480338,408.995503,36.145744,38.043228
895.495866,408.038688,36.411091,38.051556
894.898185,407.516112,36.053230,38.365688
893.060977,408.342196,35.681091,38.080235
892.309422,408.423240,35.525127,38.180859
890.320577,408.182240,35.625439,38.502655
889.704280,408.251342,36.162201,38.635326
888.778079,407.512523,36.340714,38.938877
887.476645,408.189359,36.152458,38.695724
885.737220,406.805129,36.480537,39.065289
885.466477,407.559400,36.581532,38.750839
884.620158,407.999749,36.237869,39.015190
883.519113,407.872542,36.317051,39.074291
882.471166,407.799706,36.317516,39.219994
881.533086,407.808408,35.850399,39.068649
880.909560,408.049830,36.225044,39.198231
879.299870,407.575519,36.200237,39.289982
878.526469,407.244178,36.684494,39.244549
877.729909,407.576293,36.642025,39.102200
877.262544,407.881690,36.850681,39.166042
876.609803,408.418599,36.566669,39.114288
876.275857,407.833846,36.950352,39.409527
876.398742,408.511024,36.597282,38.820492
876.049247,409.119153,36.479637,38.685196
875.865497,409.279424,36.640305,38.782837
875.169744,408.754287,36.609798,39.091442
875.581002,408.956304,36.860813,38.868103
875.136275,408.676339,36.939262,39.247612
875.168973,407.820157,37.215115,39.459595
874.892732,408.360116,36.499088,38.749657
874.590718,409.290345,36.658718,38.874855
875.389695,409.000934,36.571720,39.248112
874.605426,409.006349,36.810913,39.393990
874.278573,409.988736,36.760777,39.348358
875.093234,410.804000,36.789658,39.347576
874.666812,410.725867,37.541595,39.930294
875.042928,411.276349,37.260067,39.510910
874.140866,411.905448,37.240490,39.837063
874.340327,412.964185,36.962784,39.195953
873.719174,412.488397,37.109646,39.663048
873.110019,412.688495,37.257141,39.660389
872.048827,411.456771,37.477455,39.690166
870.810588,410.971164,37.465134,39.389164
869.523860,410.667384,37.054138,39.207722
867.823960,409.583367,37.390537,39.227623
866.960532,409.329068,37.510857,39.109299
866.612479,408.336347,37.248756,38.822433
866.033900,407.596875,37.239410,39.178207
865.669364,406.662896,37.283928,38.992699
864.832746,406.923339,37.356808,38.705303
864.401278,407.624923,37.879852,38.711040
864.467774,408.471868,37.472645,38.371567
864.034036,408.477138,37.912388,38.525639
863.876523,408.983521,37.780605,38.529518
864.143481,409.132737,38.077942,38.922356
863.804381,410.257197,38.257332,38.770512
864.974719,410.797423,38.010971,38.984554
865.380216,410.562327,38.199566,39.123432
865.794059,410.973430,38.341042,39.056339
865.562108,410.111953,37.904263,38.964275
865.307195,410.724500,37.840298,38.882629
865.093970,410.307788,38.629463,39.099079
864.363568,410.609130,37.884609,39.067348
863.862205,409.083131,37.868095,39.120689
863.746530,408.803441,38.016605,38.698959
862.769660,407.657998,37.923134,39.041634
862.465659,406.681432,37.798256,39.018494
861.149405,406.806415,38.014641,39.040363
860.350423,406.847211,37.244091,38.894897
860.243920,406.448110,37.458179,39.138229
859.858024,406.581899,37.345512,39.257156
859.405469,406.956067,37.449886,39.147110
860.131249,406.080073,37.131855,39.404682
859.859986,407.195123,37.307484,39.003731
859.804112,407.878112,38.544613,39.115170
859.305902,406.992522,38.135532,39.882717
859.366014,407.251132,38.457874,39.894459
858.499459,405.923560,38.284321,40.287014
858.435380,404.972201,38.769825,40.064960
857.954312,405.326495,37.706493,40.043262
857.964946,405.448401,38.178452,39.486431
857.397355,405.093545,37.712498,39.792183
858.270232,406.281472,36.978951,39.257240
858.524978,407.115878,37.258507,39.331348
858.856029,407.341811,37.001297,39.215740
858.916354,408.157117,36.354156,39.279709
859.006043,407.886018,36.598713,39.944145
859.679626,407.721938,36.750938,39.931179
858.974221,407.267959,37.014576,40.060146
858.658780,407.062112,36.984478,40.041542
858.026994,406.568181,37.641682,39.602112
858.151250,407.621614,37.238613,38.876778
858.436894,407.008838,37.109081,38.139683
858.823688,407.032144,37.179245,37.709221
859.053443,406.977214,36.944420,38.007832
858.633235,407.183934,36.658859,37.790344
859.824185,406.498107,36.824444,38.266659
860.050914,407.203868,36.727493,37.934345
859.955092,407.292483,36.734123,38.436497
860.440356,407.651418,36.970917,38.841949
860.111255,407.600484,36.633820,40.002365
860.346309,407.605124,37.022308,40.250942
860.032395,407.802875,36.391422,40.263432
860.352273,408.066514,36.595387,40.312035
860.154082,407.727841,37.014381,40.319321
860.038049,407.850421,36.609669,39.993763
860.789496,407.885678,36.508598,39.640717
860.524392,408.570575,36.282063,39.072468
861.290868,407.844737,36.222576,38.672398
862.091659,408.720492,35.841743,37.607288
862.184981,406.578609,35.260292,38.253941
862.747247,404.634099,35.226673,39.120468
864.092586,403.040912,34.566864,38.942280
864.543323,399.360595,34.132004,39.549160
865.375896,396.811698,33.273026,40.231289
866.616014,393.327186,33.307636,41.221523
867.013854,390.122352,33.962563,41.234020
868.857694,387.831389,32.297298,40.821285
867.734231,386.101388,32.918934,38.187859
869.418992,383.934455,31.447590,35.266445
870.046842,381.830640,28.403149,31.441071
877.942190,379.565488,22.182276,25.128967
878.701888,377.582209,21.455696,28.309149
882.658855,376.362585,20.813643,29.638784
884.021062,375.150842,21.149151,33.878281
888.090936,372.621459,43.573536,29.860462
889.328890,373.729163,21.850084,30.550999
891.274388,373.737424,19.855160,28.166023
895.477824,371.280819,39.251617,25.902742
924.321790,358.285272,31.042004,39.087761
867.441124,400.763783,19.687746,18.389481
866.960670,401.652262,19.592869,17.038969
866.394526,402.204714,19.174961,16.676764
866.240510,402.054560,19.802361,16.642462
865.902126,402.386316,19.780077,16.850698
866.014052,402.687951,19.841839,16.683212
866.654855,402.780440,19.582092,16.372845
866.779898,403.243646,19.654013,16.655426
866.416822,403.438229,19.470243,16.710733
866.105085,403.643567,19.330580,16.635750
866.060040,403.518727,19.367815,16.498283
866.162651,403.080973,19.340227,16.488363
866.325057,403.253993,19.091579,16.825054
866.463740,402.170703,18.848103,16.634586
867.036562,401.999526,18.774710,16.833317
866.943405,401.646652,18.152231,16.728251
867.164271,401.352307,18.678188,16.813690
867.659929,401.639644,19.346815,16.820202
867.903212,400.956783,18.329184,16.712381
868.471190,401.684368,18.400631,16.593523
868.474825,401.496765,17.845083,16.654840
868.699656,401.836411,18.730106,16.662806
868.507334,401.341957,17.961958,16.658594
868.799409,401.679230,18.279236,16.630182
868.784903,401.569934,18.562963,16.829723
851.662829,365.513549,35.594402,46.780956
832.388474,358.858888,33.412613,20.769707
824.821517,360.553984,36.764889,19.563856
816.403762,362.375764,40.207745,23.600609
813.384252,365.847535,76.516785,51.930443
802.633212,363.696082,34.215000,19.406872
796.744340,369.425409,35.253708,17.719275
790.362945,373.005531,36.864216,16.317453
785.900363,376.982639,34.726810,16.699190
781.316590,381.568867,34.256599,16.355211
777.328647,386.300257,33.309162,16.497381
771.466929,382.267826,37.594791,23.475687
715.964057,346.231093,35.309212,35.569729
766.919507,388.783331,35.242123,20.576002
718.031682,340.788182,54.754482,56.308083
670.282302,452.110137,40.920067,35.921436
670.579658,450.939811,37.366035,35.666645
670.601159,450.806245,35.264393,32.824585
670.403813,448.837054,37.198467,33.383984
670.110311,447.389732,34.982952,31.655443
670.707660,445.902476,41.273254,33.361446
672.073167,444.603457,37.218586,32.980373
670.994811,444.963305,37.327751,32.550365
671.445014,444.389619,38.136177,32.056824
671.595395,445.232082,38.157421,31.047144
672.002223,445.729659,37.732941,30.853809
672.518035,445.050822,36.852257,30.774044
672.442431,445.542361,40.720871,32.023739
672.649014,446.519503,39.562893,31.519056
672.205752,447.235320,37.796936,31.328022
671.553142,448.713119,41.235840,32.771183
672.814471,449.449568,37.162369,31.820501
673.155875,448.596505,41.917213,33.021545
673.146655,446.314492,40.152939,34.040268
673.603341,446.020492,39.204700,32.806721
674.100356,446.014371,39.173134,32.327003
674.534190,445.410470,39.156601,32.614410
674.340121,445.976619,39.236969,32.463573
673.478990,444.832486,41.330997,33.041603
671.465541,444.574836,40.535019,33.413136
672.255464,443.490197,41.325962,34.311523
672.000873,443.801749,42.018906,33.974720
669.225728,442.560100,40.816891,34.538265
671.142037,442.175061,41.698673,34.965279
671.073615,441.385354,41.365135,35.717346
671.442399,441.134023,42.068012,35.570183
672.220113,442.519713,40.688625,34.404224
669.915593,441.234622,40.329388,35.112942
672.537316,443.821515,39.544285,33.425072
672.320840,442.394135,39.976978,34.005127
672.586799,443.126561,38.819756,33.861916
673.064294,443.779469,38.881718,33.324318
673.918267,445.268949,38.823307,32.851128
674.525601,445.033982,37.524395,32.986313
675.049396,444.066754,36.771301,32.629936
675.641543,445.438155,37.398926,32.470768
675.673749,444.931933,36.910931,32.563534
675.739448,445.137567,35.888359,32.203766
675.402114,445.141588,34.797386,31.765318
675.594554,443.889235,37.146362,32.228031
675.215495,444.336879,35.046082,32.086773
674.807456,444.418990,37.990791,33.120090
674.975503,444.726579,36.720936,32.650009
675.069980,444.221160,36.812744,33.021061
674.413955,444.795760,37.552711,32.736790
674.780282,444.903220,36.349094,32.482105
674.058528,444.766839,37.240585,32.817978
674.677236,444.487910,37.181087,32.753628
672.951016,445.437232,38.209805,34.074604
673.294394,445.542727,37.167870,33.134853
672.904990,446.058398,36.963432,33.007198
673.250600,446.171496,38.000927,33.408764
672.915669,446.536422,36.260555,33.877827
672.795562,446.134332,37.166283,34.393280
672.181266,445.174190,37.029060,33.610287
673.915408,447.216901,38.363022,33.482597
671.688689,445.251321,39.186714,34.767914
672.190843,445.152862,37.177494,34.867481
672.731360,445.287416,36.539421,34.266479
671.986016,445.249404,36.715748,34.545322
672.738202,445.321822,35.739117,33.757938
672.279319,445.313712,35.555550,33.934299
674.075316,445.755137,37.211845,33.999203
673.668475,445.063352,36.409271,33.879158
674.314487,445.480340,35.983353,33.855392
673.712392,444.910605,40.019817,35.381184
675.643291,446.568877,36.001282,32.309788
675.449960,446.461987,36.422886,32.691841
676.127608,446.636739,35.648430,32.275505
676.113536,446.847510,35.716934,31.490559
676.303548,446.588818,36.358913,31.710260
677.232341,447.805033,35.587112,31.690046
676.757518,446.905481,36.107330,31.696348
676.376515,446.755248,35.427471,32.482197
676.464213,446.873521,36.190063,32.675415
675.715190,447.362018,35.886215,32.888866
675.720960,446.476811,35.108212,32.844261
675.446595,446.358274,36.285160,34.012978
674.194551,447.117917,36.349903,33.785942
675.047996,446.972817,34.347939,33.460510
674.702197,446.758142,34.780716,33.614029
674.042699,446.933518,35.323269,34.076859
673.466912,446.914186,36.084568,34.025177
673.443870,446.815492,34.986946,33.769806
673.298917,446.541789,34.386196,33.880886
673.018189,446.353114,36.740086,33.753857
673.219539,447.185824,34.962860,33.540264
672.773725,447.254514,34.505886,34.079155
672.486817,447.577668,35.119862,34.145493
672.361194,447.005681,35.161896,34.537529
672.462214,448.139775,35.815659,33.891670
671.734498,448.956595,35.522068,33.857349
671.581511,449.854850,36.604286,35.670750
671.137912,452.731095,36.275330,35.415298
670.981935,453.279372,37.273945,36.731892
669.562707,454.616139,36.146992,36.079674
669.309140,456.544969,35.554363,35.993179
669.287612,458.630870,34.857872,35.991802
669.902436,458.253898,34.531834,35.872562
670.587712,459.769059,34.923260,35.544373
671.000602,460.345807,34.154716,35.146339
672.336139,461.722089,33.422104,36.316658
673.340545,467.199611,32.882683,34.704250
677.991041,473.347318,30.721155,33.385994
736.613322,520.430717,26.582153,31.350252
689.050071,488.032557,34.855991,36.990765
697.929776,495.470885,36.422218,42.936741
695.016690,502.791551,32.444847,33.025085
693.915587,503.059290,32.574680,31.972380
692.263658,501.932178,34.476578,32.744823
684.542745,496.369609,36.932396,40.155087
677.902909,486.200099,47.096771,47.449566
674.610888,480.868224,56.340664,47.737934
665.507880,488.600705,46.039707,45.438530
640.604298,450.205878,31.513910,40.591938
616.961265,388.142280,40.854038,39.519119
582.572171,350.442008,40.951866,43.317047
546.880530,310.856566,41.703709,43.506622
506.021958,270.008983,43.836014,42.062126
471.454274,234.122693,46.720711,48.266636
433.333343,205.856156,44.188663,40.602352
394.940309,174.430928,43.770309,42.902424
354.290627,149.279096,50.041290,43.362278
313.758401,130.173078,47.601013,44.678288
279.915792,112.566295,46.925072,46.228539
241.624551,97.452521,44.616699,43.615372
204.821347,86.654206,45.123024,41.237133
176.242705,80.197257,43.018406,42.430984
205.239413,76.215690,41.847744,41.575241
235.214406,72.953015,40.498375,42.027821
265.159274,76.941072,39.221401,37.702999
294.058728,81.822507,40.173943,34.852055
320.619580,89.338202,42.032066,35.088257
351.509915,105.552859,42.530083,39.709190
379.160424,116.967551,39.538269,43.006042
410.139754,134.771039,36.940296,40.471149
436.206931,156.762296,38.281879,34.760426
460.921313,178.443994,38.625790,42.896160
486.647803,204.238101,41.536671,44.820366
511.769898,233.711989,39.455444,41.851166
536.795928,267.895322,37.945286,40.535252
561.053458,304.892152,40.045216,42.449825
583.283307,338.908607,36.059242,39.213638
597.090547,358.839980,36.427811,39.368729
603.746560,373.085013,35.355682,38.376312
611.235143,389.027726,37.439064,38.181179
622.892106,407.153876,37.147430,37.629181
641.900952,416.908195,41.580254,41.600510
664.791238,422.442967,42.376678,42.062351
690.490294,424.896241,40.421864,41.582516
707.252616,420.781892,41.597889,42.433971
726.734977,414.173444,41.067677,41.287098
750.884650,407.168307,36.266758,37.409599
768.125794,397.521020,39.222473,39.619411
782.831277,388.290172,39.690536,39.640617
800.009166,376.566300,38.334377,40.712307
815.047349,368.676311,39.375137,40.611824
828.710626,363.096135,39.765244,40.806431
843.056624,361.119306,41.389469,40.576557
857.654040,361.557467,41.558559,40.596062
865.623368,363.961175,39.515732,39.425838
865.736917,365.345763,38.885117,39.551865
865.127795,367.403972,37.745205,39.334923
863.353961,369.048726,38.739010,39.641773
861.913140,369.703429,37.791901,39.978409
861.016620,370.060260,36.851955,39.465019
858.951421,369.441052,36.543571,39.634129
856.169507,368.468110,36.642570,39.055172
856.192565,368.174783,35.691883,38.871807
855.463477,367.231854,36.131474,39.793446
856.793204,366.191619,35.961399,39.673096
859.014140,364.438813,34.511471,38.714504
862.049317,362.933305,36.477783,38.366772
867.200206,360.700068,35.141079,36.373070
874.131658,355.919946,37.832130,36.403805
883.304141,350.458776,35.410198,32.734791
897.541068,347.248694,26.600422,29.110840
899.014175,342.253209,31.145220,29.502445
903.446283,338.343183,30.856459,30.879398
911.365334,335.644053,25.010881,28.623331
918.764112,332.442854,20.203299,29.423937
868.009941,331.800117,21.526981,21.644226
863.115333,329.070173,22.887159,22.735216
858.596943,327.953425,23.306332,21.821320
852.704181,326.935345,23.732801,21.011580
848.430346,326.740413,23.747168,22.489113
847.899533,328.128279,22.499498,21.226519
845.526982,327.631457,24.114679,22.803429
842.674446,329.366767,23.627270,22.829567
840.833549,331.846546,25.060009,22.471617
839.342646,333.976485,23.800804,19.884422
838.006730,336.236490,25.980585,20.659761
837.136150,337.836731,26.528294,20.543188
837.131895,340.219457,26.102264,20.336063
837.695737,345.072342,24.760965,18.812071
837.988056,347.339564,24.535748,20.038872
838.916133,349.469952,25.072264,19.972715
841.140459,351.703282,27.236954,22.924473
895.276564,343.854417,15.724190,27.110851
906.089248,309.518949,28.212881,43.286427
874.365852,254.939977,42.846813,41.724644
819.588747,221.283965,38.842804,36.762939
767.316793,190.093127,35.730080,38.500038
711.178280,164.417205,37.797955,38.171387
653.262894,138.178596,43.893017,40.455460
593.090605,120.675679,44.222916,37.888569
538.689936,99.723193,41.550087,38.539864
478.536264,85.873210,46.833878,39.538475
426.956223,78.861392,35.170513,31.828239
369.831604,66.456716,40.266216,37.492741
305.652521,60.748303,40.030273,39.435764
244.146313,61.476975,48.269062,38.610912
183.294455,60.407514,52.560722,43.133701
194.099319,73.099710,49.796329,44.544598
240.972572,94.075917,45.882130,44.393452
284.697435,111.892114,52.391937,46.422466
328.370638,136.546008,52.371246,43.841209
373.395990,163.884561,44.734726,39.944988
413.558619,198.386947,39.420242,39.384827
454.965563,231.305480,38.552551,37.413635
490.159979,260.621575,39.620079,39.316921
526.509781,296.506434,45.079136,41.721733
561.939526,333.884974,43.095226,38.684196
598.543558,380.474143,41.094498,38.506195
612.368147,396.905129,37.188240,35.298702
576.985025,354.652013,42.998573,42.462025
541.328901,318.688968,45.223068,41.392174
503.526075,278.982732,42.990921,39.294071
463.936214,243.900804,48.738071,44.553036
423.033045,214.623092,44.038902,39.116852
376.443932,178.911689,53.488781,46.491943
340.273918,155.177758,50.616955,43.854214
304.108221,134.683761,45.330276,42.277512
257.223852,114.448400,46.078964,44.395084
210.829569,97.471599,46.936470,44.403130
165.260990,81.250108,51.932316,44.836758
181.179590,71.169726,51.068169,44.662376
215.846901,65.956269,48.453396,45.084103
250.973196,66.743480,45.666748,44.037224
286.630472,68.340013,47.430748,42.826611
317.115271,74.127709,45.775757,39.278011
351.608028,85.035548,43.747242,39.305458
382.141552,94.133658,44.721210,41.693726
418.713543,109.222848,39.465321,39.310940
452.058130,132.422465,40.722069,42.624077
476.865585,152.819175,48.232708,46.674225
508.317024,179.450030,44.983150,44.109993
540.211775,208.996158,43.267441,44.503395
569.270180,242.031135,42.167965,42.906464
598.496677,279.998414,41.301395,41.074078
628.738930,316.357221,39.945278,39.676807
648.723053,349.811028,37.328732,37.027920
661.806492,360.296315,41.025593,40.581776
672.451281,377.174302,46.066994,47.040646
690.143072,393.761146,47.111633,43.928421
709.791204,405.587104,46.990387,41.656708
731.238724,413.330466,42.816174,40.821518
751.403616,413.734193,39.196777,40.417538
766.607233,413.291915,39.824226,37.910538
780.517138,407.390864,41.028648,40.847099
793.369720,403.109824,41.914577,43.457565
807.177515,397.674758,42.277824,44.424591
819.963392,392.643134,41.127335,43.248535
830.656261,385.393870,41.549671,44.249138
840.545849,380.392741,42.221546,43.198631
848.988380,375.173676,41.854855,42.495754
857.723156,369.254634,41.227314,42.921455
864.691895,365.640355,40.280087,40.863071
872.219963,360.284661,41.206448,42.380779
878.526234,359.019963,40.389133,41.074131
883.971298,359.301677,39.264507,38.819206
889.594173,360.165902,37.634327,36.776745
889.486336,360.325315,39.436337,38.443531
887.743895,361.079621,38.976944,39.032513
884.367889,361.441689,40.036831,40.050442
880.397564,362.876132,39.757420,41.265221
875.753809,364.841443,40.303337,41.157078
872.079254,367.086427,39.939877,40.676571
868.092178,369.560292,40.534206,41.028507
865.251183,371.966393,40.136227,40.131420
862.173595,373.612641,40.156773,40.655148
860.647909,376.470740,39.889404,39.168182
859.854250,376.633241,39.591896,39.065517
860.610495,377.313390,37.396942,38.965717
861.658960,379.274535,36.733253,40.793350
864.162214,381.105075,36.160172,40.151848
866.986572,382.957314,35.928219,38.873562
870.585772,382.206222,35.899529,40.018463
872.506618,382.549972,33.996098,39.713684
876.044762,381.100394,32.030575,39.681610
879.612146,379.638242,35.184441,39.410465
883.647366,376.445430,34.612537,38.408333
888.502867,372.252961,38.946152,39.822140
896.037724,365.826699,36.530949,36.375088
901.685148,360.648143,37.051666,31.630409
908.519518,355.503873,36.574013,32.749226
916.968973,348.333245,34.975716,33.826748
926.345577,343.983940,30.534199,30.868681
933.950401,339.290692,25.484997,30.065479
942.992965,338.334121,19.929396,23.808258
975.702798,325.593410,26.122629,33.619354
1031.451264,368.948466,24.362818,34.728073
1030.439011,369.740806,38.437237,33.193733
1030.864410,368.988870,38.327557,33.628880
1029.701326,368.429032,39.575508,34.949055
1031.333248,369.407317,38.134357,33.743492
978.168180,306.547267,45.028282,40.999771
978.087898,305.938552,37.990665,34.372902
976.543921,306.170951,37.971519,33.870934
973.517227,306.587024,39.303715,37.032013
970.858477,305.489884,32.348160,30.549152
959.804573,300.337744,33.283527,31.326593
940.340433,289.682982,38.145538,32.049156
912.552990,269.553060,37.372379,41.091488
869.982471,237.101190,38.793621,38.662754
810.847563,206.533633,39.662926,35.809631
753.945961,176.024264,37.192753,38.107071
694.985464,153.079185,43.449409,36.071632
632.423405,126.679463,47.194134,40.396053
573.870888,107.402345,49.303616,40.528843
515.146015,88.419635,47.065685,41.027725
459.374456,79.877418,41.946075,35.140282
397.059694,68.841655,36.712505,36.465073
326.846331,57.033694,45.056583,41.419235
265.752449,54.813592,44.963982,39.161579
192.574148,52.743773,54.175648,42.384056
171.852808,58.954349,48.772625,45.685074
222.279465,76.975804,46.000092,45.515209
278.353195,99.601418,44.424805,46.471561
315.730509,121.252824,57.522747,44.930805
365.006863,145.065070,57.219246,44.919533
417.364004,176.372897,41.070484,42.390610
462.267935,211.450444,42.028828,42.618298
502.924429,245.793361,44.019917,42.713562
547.340794,286.050925,44.886833,39.749275
585.847160,321.574241,45.649338,40.513527
627.692577,362.200227,41.672066,40.536732
616.692974,346.322026,45.275246,41.723736
578.579525,306.598496,49.390663,42.720402
543.777012,269.661235,47.963799,41.241318
504.807737,232.918023,49.286320,43.919376
468.478827,201.673470,48.529102,45.520206
433.928471,174.190301,45.910393,44.715580
397.263979,147.195811,44.579311,48.140701
353.586111,127.068339,51.765751,47.196213
312.190247,109.484603,51.982239,48.001717
277.968655,97.345862,43.953270,44.129448
235.812418,86.224366,47.305370,43.218571
192.595743,76.045079,51.277279,46.251980
154.932581,71.440701,48.579876,47.275417
181.728966,73.462708,51.353958,45.873951
214.029396,77.241572,49.775223,46.104980
249.388792,86.969098,46.331577,44.091152
281.165426,99.527703,46.641346,46.155857
313.978333,114.657464,45.718842,44.165745
341.649046,131.266786,46.760654,46.217487
371.426746,153.568192,45.166252,45.295826
401.815960,177.108003,48.539314,48.307178
428.200523,211.513991,44.877365,43.005608
456.510571,241.222220,43.851204,45.635048
484.436754,278.001201,45.413174,45.137695
511.446775,316.952586,46.950535,44.915710
538.651125,357.998918,43.893337,44.150562
567.028646,404.134528,42.479115,40.336769
580.510599,429.173337,44.683636,42.707058
596.136776,443.309865,43.714165,43.538570
613.881584,452.997420,46.259766,42.831413
637.300074,462.268100,42.403072,42.164902
663.070518,464.844207,41.997986,37.861748
688.256159,461.034413,41.725658,41.403728
707.674686,454.966203,43.144020,42.684223
727.541235,447.410403,42.799519,45.058105
749.166237,437.205035,40.544479,45.568756
762.435499,429.986564,43.200077,44.128914
780.411924,419.135200,42.689106,43.449547
794.759079,409.742629,42.936523,43.612679
808.379272,402.819980,42.252808,42.171387
820.142197,395.758967,44.310516,38.728989
834.411795,388.941443,42.230122,34.589027
845.489809,382.143312,42.339397,36.058338
857.685852,375.569236,41.936630,37.242485
867.783228,368.934268,44.163860,39.395187
878.162888,364.990449,43.245117,41.145451
888.022158,364.326097,41.504314,40.020481
896.713110,364.990388,40.934422,38.122150
905.616184,367.369384,40.463326,38.626411
913.342564,372.434800,38.406746,38.513172
915.551838,375.093328,40.530830,39.618160
916.460266,377.961919,42.148849,40.868328
915.832319,379.728179,39.928654,40.821846
915.195242,380.572759,41.315159,40.795269
913.892937,381.184836,40.031570,40.388680
912.216766,381.148835,39.844925,40.635654
909.956102,380.446950,39.171368,40.520031
906.573685,378.672751,41.451096,40.698860
903.923063,377.901456,42.099873,40.320263
900.671314,376.576913,42.711647,39.883793
895.768581,376.667277,41.615242,40.104523
892.645563,377.365479,40.568066,40.198612
889.286247,377.599643,39.566177,40.744049
887.704428,378.808631,41.481754,40.324638
887.686317,380.442407,40.281906,38.444874
888.689091,380.822600,40.740913,38.762794
889.323212,379.903535,40.347595,39.212269
892.485039,379.851220,38.438278,39.654301
895.905970,378.114997,37.185680,41.695320
899.760326,378.294660,36.694115,44.444195
901.493788,376.005458,38.613972,47.641068
904.752239,375.007186,44.608971,47.184883
907.069290,369.343497,46.081543,48.533546
904.818708,365.027040,49.626087,51.549580
928.311489,356.772334,114.454247,55.219116
910.490294,354.871783,39.746265,57.346786
1003.347990,364.728156,34.565418,46.934334
1002.738644,365.126241,48.868477,46.128246
1002.609108,365.291903,46.814133,46.663177
1001.724617,365.666780,48.122482,45.819782
999.876015,366.370492,48.205887,50.412342
1004.122780,366.357324,45.625992,37.886250
1002.789389,367.302024,47.383671,44.574699
1003.374641,367.193816,46.439133,39.590248
1002.922958,368.562350,46.171829,41.880249
1002.790367,368.231505,48.044144,41.637337
950.356642,294.373036,30.365223,28.493603
914.856070,272.976201,37.582966,41.617786
872.974340,240.503322,42.024044,42.532982
817.985731,205.371146,42.971310,39.248123
759.759987,174.360951,38.690491,37.289646
695.342299,151.958829,46.117870,35.977207
636.700806,119.182883,46.247795,42.867493
576.975088,101.150086,40.155346,37.833904
513.797850,77.113534,43.838558,41.049755
457.350479,60.640105,46.071739,40.910934
391.318031,46.748830,34.918922,38.625919
320.761864,35.672872,43.324612,41.689701
259.097633,28.356841,36.226391,42.324142
183.826735,23.479520,48.571552,43.157673
191.098713,29.674062,48.804893,47.192097
240.903667,44.179778,49.322365,48.388000
297.692194,60.290715,42.055462,44.446156
345.679401,84.419774,43.442680,41.814350
397.493296,102.938270,35.402020,37.689407
440.140141,129.127965,37.500938,39.342899
483.674686,159.407504,45.077049,42.534157
530.588863,192.568629,44.458412,38.897850
576.489058,223.396457,44.951176,40.155769
620.210552,260.267863,44.261482,38.402184
665.178343,302.260535,38.873997,37.918762
688.029734,309.120198,37.621456,39.214344
667.357784,253.366479,39.988182,38.393055
649.563065,201.527648,39.442368,40.302658
630.164192,145.094462,39.699432,45.722443
610.880737,98.595637,42.580444,47.542801
590.257116,57.121238,42.892460,46.055290
570.260683,14.371505,42.621181,47.687004
550.319719,1.052327,40.358593,25.512203
493.445984,0.000000,89.862923,35.375417
435.024932,69.768370,24.733461,46.932518
374.540971,21.274054,22.170542,26.981670
373.354557,0.532126,33.633106,40.424526
372.014512,17.820509,26.822229,32.774639
374.624610,20.658020,21.248579,26.628550
374.298664,5.835276,29.320690,39.764271
372.468649,20.691843,25.218529,28.183523
374.451894,19.153531,24.684305,28.594742
376.053190,18.911680,23.629524,28.175032
374.666107,13.692410,28.996494,32.020279
373.446469,19.989530,24.189249,27.572630
375.357990,18.940307,23.384853,28.149683
374.869046,17.954918,25.548075,28.419060
375.264415,15.545330,28.340406,31.354677
374.983788,20.095252,24.227709,28.250011
379.316926,17.209933,24.075487,25.498486
377.620359,14.963123,25.329689,31.569887
374.554029,19.762681,24.546211,27.970175
374.515130,10.187285,28.100054,34.721844
373.902536,18.735687,24.837906,28.525293
376.429133,19.248169,22.446135,27.974068
376.111639,19.765334,24.426819,27.090534
375.334751,18.656839,27.698017,27.127607
374.050968,19.855026,25.722645,28.401369
373.420371,16.926425,29.502317,35.315701
372.871112,17.779971,26.486502,33.376186
374.840446,19.973828,22.557491,28.549263
378.319946,16.628855,22.875042,27.739521
373.996939,0.735089,33.776291,42.293953
372.496489,20.705772,25.933823,31.404940
374.734296,18.998927,22.867327,28.277782
375.048801,18.851071,23.964954,28.413483
375.273031,3.822594,29.193222,40.883781
373.231035,20.606244,24.396950,27.997253
372.470777,3.727616,28.655794,42.813187
374.212133,21.366505,21.905457,27.101265
374.357935,2.879817,32.823967,39.936863
369.161503,19.381341,38.740604,64.207375
275.529048,89.292294,19.291540,30.701355
277.176623,85.717267,16.567945,33.851585
277.067300,86.437108,15.680132,34.526031
277.304107,86.754811,15.694510,33.596283
276.685529,86.814955,15.964144,33.213886
276.574429,86.715525,15.525501,34.638126
277.188889,86.550984,16.181293,32.914261
277.186519,86.303591,15.525045,34.638706
276.888233,85.934630,15.581357,33.539829
277.165599,86.692154,15.246565,34.495209
277.142139,87.167962,15.905011,34.030975
276.636865,86.146456,16.149370,33.127224
276.625179,85.922373,15.460362,34.697521
277.249559,86.760361,15.869241,33.493889
277.127525,85.887373,15.443790,33.595066
276.817710,86.257555,15.244328,34.250973
276.795337,86.655398,15.859716,34.009144
277.121533,86.863190,15.699877,33.616409
277.326879,86.863917,15.730783,34.267406
276.728663,87.138924,15.764273,33.693176
276.541951,86.270169,15.432627,33.949074
276.589589,86.378626,15.888278,34.252819
276.911951,86.610188,15.703026,33.938210
276.700476,85.859217,15.432731,33.948238
276.896300,86.777888,15.219520,34.598476
276.974968,85.571841,15.689387,33.882465
276.726205,85.789076,15.481721,34.868702
276.844766,86.333785,15.708155,33.942211
276.605169,86.581158,15.482529,34.868896
276.804173,85.622052,15.717043,33.966438
276.574737,85.851836,15.461798,34.952991
276.720001,86.414406,15.651928,34.017624
276.471729,86.681845,15.451520,34.920773
276.661338,85.713690,15.701010,34.033642
276.413253,86.020844,15.478543,34.890213
276.564513,86.558091,15.637015,34.041420
277.267973,86.092749,15.907355,33.016285
276.845480,86.837517,15.462990,34.103195
276.964762,87.053965,15.767647,34.279102
277.333228,85.749455,15.633665,34.072235
277.068786,86.070315,15.453176,34.932316
277.222608,86.629668,15.675974,34.064304
277.020056,85.886200,15.420264,34.237679
277.119328,86.137261,15.827770,34.349770
276.594475,86.451872,15.747714,33.792622
277.391543,86.805338,15.842604,33.539890
277.270637,85.845835,15.417287,34.166012
277.459076,86.863804,15.261906,34.598976
276.695662,86.004654,15.817978,33.364883
277.083588,86.621172,15.264538,34.599316
277.109320,87.090960,15.818572,34.265614
276.568359,86.061581,15.944264,33.421104
276.471754,86.030762,15.398904,34.880455
277.091840,86.907876,15.838076,33.436577
276.972636,85.870575,15.381248,34.257179
277.138895,86.891663,15.253685,34.604713
277.261284,85.681729,15.646632,33.858765
277.012472,85.881279,15.407159,34.873795
276.643922,86.588345,15.407159,34.873795
277.233988,86.477440,15.910919,32.942207
276.808661,87.166815,15.443793,34.171474
277.026104,85.740262,15.646632,33.858765
276.777292,85.939812,15.407159,34.873795
277.400164,86.807179,15.844147,33.452705
277.282318,85.762791,15.387913,34.282219
277.450537,86.788245,15.257003,34.612766
276.677551,85.936129,15.803043,33.440662
277.056117,86.554333,15.253608,34.600334
277.073738,86.989396,15.794636,34.228210
277.456487,85.656760,15.684388,33.936504
277.229332,85.909087,15.408427,34.872509
276.866915,86.616789,15.342476,34.877491
314.123520,72.200068,22.614315,36.891270
252.937485,71.501027,40.091156,40.335464
186.124424,71.419793,51.403831,42.532631
186.374695,80.644387,51.397827,46.059364
234.321383,97.448275,47.833431,43.993183
282.661308,114.068255,53.209488,48.030933
326.282639,133.955502,55.109467,47.611816
376.583345,159.638722,46.853085,47.794601
423.364382,191.661026,35.873684,44.016747
463.642574,219.741929,40.232796,43.968117
502.706142,250.410223,41.633797,45.518063
546.894972,289.239672,40.329441,42.756931
587.051374,319.475153,39.744114,44.233631
625.519072,362.984276,41.234898,41.522362
664.973442,402.727267,38.179886,41.127659
627.797073,375.116442,43.281479,43.212833
588.137762,348.431458,43.749668,40.733208
549.082600,317.734414,45.370720,43.768562
507.948257,297.866429,42.805252,39.660965
467.190775,277.565348,41.581303,40.375629
431.818920,258.967249,40.421448,35.363865
383.832098,241.316990,49.775677,42.330597
339.394571,230.027644,47.958134,42.295734
298.083969,221.979266,47.943672,39.036274
252.167126,220.604371,40.348145,40.371193
210.531187,218.590943,42.292805,39.464256
162.198956,221.182105,43.461311,43.196468
186.426060,218.240328,52.962242,44.568867
221.239426,222.322758,51.974274,43.171173
255.859798,228.864388,46.097084,42.938042
291.898605,236.096758,44.612030,43.944248
322.916607,248.992301,46.591774,46.070614
359.588392,267.588875,46.338749,43.600395
388.544365,284.955477,47.756973,43.723087
418.201460,308.202694,45.600651,41.020859
454.829525,335.610827,45.202766,47.583317
488.077671,367.778719,42.855339,37.352360
512.262993,398.455071,45.551498,37.016808
543.038368,429.100255,44.824631,40.113983
570.276434,469.948914,39.365223,34.591988
598.453819,509.697457,40.336426,41.662437
625.509411,545.538023,46.588005,49.052227
652.601727,587.694052,38.159264,45.116085
669.854115,558.208697,37.978020,40.411488
683.198374,523.255415,43.144650,38.451801
701.840191,496.434264,39.593758,39.451435
712.004623,466.770390,47.638733,43.379829
727.145494,447.480805,42.571804,44.472946
740.035181,434.578728,41.533062,40.395157
747.499231,428.830258,44.781521,40.819481
763.677465,422.242777,42.734715,40.840450
777.393970,417.258643,45.743889,40.426441
792.867458,412.503056,44.328331,41.992668
808.889393,406.156867,41.396904,40.941593
824.976843,398.032095,36.229130,38.910816
839.746996,387.508770,37.713314,41.077492
848.065870,378.265244,38.836109,39.465073
860.710541,372.951952,38.931427,38.799938
871.567377,368.515078,38.592724,37.984417
883.107477,365.332552,41.001949,40.096478
894.909584,363.176674,42.719406,40.141541
904.741489,366.968298,40.863060,37.581547
909.407843,368.896529,41.655521,40.586720
911.497484,372.842600,41.744152,40.722836
912.369370,375.910517,41.353073,40.972210
913.442076,378.556855,41.459492,41.207626
913.585932,377.635497,40.854733,40.939991
913.486969,376.140547,41.177216,41.260319
912.968771,374.944806,41.034855,41.030785
913.359901,373.729554,42.127502,41.264557
912.594398,372.172436,40.718597,41.179497
912.318384,372.546032,41.849468,41.521065
911.277122,371.916716,40.131241,40.877247
910.452744,372.349923,40.574677,40.919678
909.728931,372.095957,40.076881,40.703762
908.823347,372.802582,39.912434,40.620529
907.787458,372.235537,39.813725,40.595135
906.676104,371.961239,39.577404,40.300941
906.076284,373.032906,38.988895,40.326187
904.587961,374.861342,38.536037,38.834827
903.871096,377.609292,36.283367,37.795654
904.423994,377.216601,38.949390,38.421062
906.965794,378.172659,38.353462,39.027241
910.927631,377.293860,38.988945,39.478428
915.210308,374.973032,37.216347,38.586941
920.336657,372.485856,36.784786,39.002258
921.602034,367.704354,37.704258,36.961823
935.177213,361.752291,30.840643,27.224010
937.868807,354.946545,43.502270,32.957954
944.164383,349.498975,35.786209,30.221197
951.752202,341.335042,26.359610,28.390173
959.272080,335.503868,22.197142,29.164270
906.372467,357.078160,19.844065,21.901047
894.176332,359.677076,24.189941,20.071943
892.578020,363.365755,23.224493,19.249838
892.256497,365.736798,25.715187,19.239014
891.671070,367.993717,25.237810,20.263994
939.408253,353.338747,16.181627,26.987638
936.849936,335.494491,30.826200,27.605959
931.809718,276.298367,36.339527,39.650036
887.766408,248.690222,40.081268,38.140312
832.198312,217.740183,42.323540,38.400223
774.237062,196.499678,41.816711,35.872749
713.492328,176.794741,37.342876,36.776459
652.467092,154.100138,43.776970,41.469635
593.097779,139.851101,48.095772,40.768887
531.213403,132.740944,44.155800,36.271915
473.179109,120.421340,44.578712,40.279762
412.876517,115.680401,39.609219,33.684399
344.221902,118.579567,52.267422,35.570652
280.932765,116.869645,50.520645,39.653141
208.922814,121.021822,55.396130,44.576340
164.851836,130.032383,50.272919,46.911663
210.367560,149.100733,55.641891,43.798370
264.335128,169.791825,48.307159,43.671253
317.795253,192.318709,43.066628,47.037376
364.677114,218.956519,43.090870,47.825020
408.977727,247.407862,41.163136,46.048553
451.337905,280.220282,39.119873,45.659218
490.786366,312.755162,43.718342,46.207684
533.391862,350.891512,43.865932,43.786179
576.239181,387.688910,47.459198,44.233162
615.460362,429.580101,45.460682,45.450291
617.503451,431.454642,44.234718,45.106148
580.973304,394.965451,43.187256,42.313229
539.933852,361.191575,44.929977,43.684055
498.860696,329.449681,47.616085,41.867474
460.383399,300.899346,46.830460,43.948414
415.508737,280.393832,51.459026,39.980637
380.662385,254.005740,43.584301,45.643188
340.948604,234.337140,48.682320,42.721218
299.604499,221.448248,50.432281,44.975075
256.587340,208.487010,49.145294,43.084641
212.305564,199.027812,53.787918,45.891205
175.661782,195.449290,49.212475,42.629639
182.860929,195.378554,49.744236,42.405663
212.871070,199.760706,52.049667,45.282547
245.967933,206.387028,47.359085,43.327633
277.396379,218.359528,42.867702,40.949024
311.399217,229.167717,45.655727,44.613651
337.745753,247.595417,47.856056,46.490398
369.159722,269.603228,46.476238,44.015457
395.120034,290.919665,47.890759,45.555008
427.186870,318.043875,42.508705,42.804237
459.805249,348.284903,40.684208,41.063210
486.253015,379.564745,42.472393,45.755112
509.769155,411.389149,46.530048,47.109539
536.284980,452.501265,46.683395,44.645714
564.129380,490.922629,45.838833,50.316414
590.631984,534.043465,44.308449,46.933140
618.289514,583.725399,40.532482,42.457302
629.559081,553.185614,40.115295,43.400169
646.168857,519.692824,37.787148,43.683784
661.825400,492.355107,38.848160,41.374310
673.551463,463.840399,47.070946,46.289864
687.382833,447.260167,39.556522,42.317944
696.054297,434.770279,38.864288,40.874790
707.337333,429.519455,35.056976,38.278202
720.063432,424.339150,32.278515,39.592335
725.077460,418.936305,42.588150,42.215637
738.404977,415.455193,44.260952,39.570576
753.499446,410.707547,44.820930,42.120144
767.404756,406.254492,47.282345,41.083397
783.889928,402.137568,41.667759,43.440445
798.872895,399.466031,40.799435,42.489452
812.400651,396.684571,38.859020,42.284351
824.321641,393.724930,40.003490,42.345173
833.026809,387.968131,41.018890,44.296150
843.409299,383.760457,40.949650,43.390972
854.709960,378.043208,41.743805,43.569565
864.535851,373.474526,41.423168,42.755405
875.099364,369.215806,40.819397,41.566746
884.006331,364.098546,41.266998,39.422848
893.613650,360.580340,41.313469,37.896240
902.429374,358.532252,42.342316,38.368073
910.353215,360.318850,40.582752,37.921738
919.072696,366.920821,43.217552,38.342644
924.502160,373.829945,37.895153,39.051311
925.851012,374.629075,35.244217,38.904392
881.514472,387.836010,48.539001,37.700542
926.217580,376.511334,32.659061,38.648556
924.462873,376.795977,33.334751,38.795349
923.197888,375.711354,33.804935,39.719570
921.674340,374.024342,34.498470,39.275753
920.000670,373.580576,35.877045,38.971252
918.051410,371.894755,37.114677,39.641190
914.826837,371.589066,37.893627,39.260715
913.997664,372.247700,38.295776,39.472881
912.080733,373.942750,37.933502,38.566883
911.746095,375.664607,38.561840,40.714417
911.814523,377.210715,37.729259,39.897575
912.590323,379.297488,37.891434,39.278580
914.668469,380.955063,36.109776,38.763035
916.277535,381.072609,36.136990,39.503559
919.346868,381.359389,35.312428,39.414146
921.124763,380.265967,34.881149,39.858665
923.686309,380.752400,32.705246,39.147778
924.737832,380.454785,33.139568,39.319027
926.610120,380.431836,32.778461,39.043514
929.318169,381.296864,31.962004,38.985165
930.856606,381.467766,32.903332,39.931110
933.486499,383.699227,30.213829,39.365299
935.047139,385.549130,28.727177,39.121136
936.559542,387.847910,27.990259,39.542175
937.275881,390.015687,28.056635,38.992954
939.088162,391.687424,27.537663,39.105762
940.190885,392.749419,28.823887,40.659447
940.586548,393.221751,29.720686,43.082443
942.342854,393.897934,30.396351,44.262882
942.176085,395.296952,29.990784,45.034718
941.963984,397.331162,31.270136,45.612064
940.283721,400.492957,33.213379,43.483574
939.046794,402.036355,34.454964,43.012333
935.774379,403.441618,37.278099,43.555626
934.804236,405.564570,37.697464,42.424484
932.166770,405.474986,38.994598,43.274734
931.274642,406.451210,39.476425,43.169285
928.837966,406.150990,41.134537,43.548733
929.151931,406.480248,42.150894,43.603992
927.507869,406.684178,41.089119,43.336544
926.552804,406.789286,42.050014,43.530731
926.529492,406.545506,44.017735,43.580639
927.184192,406.758366,41.956062,44.038616
927.042834,406.601996,40.623283,44.249840
927.985040,405.259608,41.062405,44.137726
927.480084,404.007891,40.732533,45.062424
928.433797,403.199585,41.325474,45.800007
928.394017,402.706753,41.219349,46.106548
928.482633,401.737525,40.964191,46.313728
928.159451,401.501233,40.941837,46.303066
927.532041,401.273432,41.283466,45.933289
927.488523,401.086987,40.771641,46.364422
926.606261,401.822209,41.116898,45.597942
926.122872,401.987635,41.050747,45.604797
926.769952,403.182982,40.498318,44.722298
926.033679,403.577710,40.525200,44.473324
926.554740,404.835791,40.089645,43.421944
927.332017,404.641129,39.665096,43.766636
927.459640,405.076315,39.574570,43.461052
928.283912,405.202239,39.260910,43.268105
928.485358,405.570578,39.640533,43.397713
