tracker,fps,success_rate
HDT,3.061755,0.564379
SRDCF,3.551200,0.597966
SRDCFdecon,5.216193,0.626609
MDNet,6.412861,0.677586
CNN-SVM,8.855607,0.550917
MEEM,12.846753,0.529565
CF2,20.073226,0.561753
ToMP-50,25.799384,0.602084
SAMF,29.078651,0.553154
LCT,35.012456,0.561634
DSST,54.692230,0.512838
CCOT,60.258000,0.671176
MyTracker,62.178868,0.663000
CSRT,79.039306,0.523444
DeepSRDCF,82.584698,0.635311
Staple,161.863506,0.581332
KCF,402.035509,0.477142
