tracker,dataset,valid_sequences,missing_sequences,AUC_mean,Precision_mean,Norm_Precision_mean,Success50_mean,Success75_mean,FPS_avg_seq,FPS_median_seq,FPS_weighted_by_frames,total_frames,total_time_sec
eco_verified_otb936_main_953,OTB100,100/100,,49.56142329801787,67.4160490045324,59.647290281020105,57.04190697520971,27.021552673075348,27.43114040409697,27.925991735267196,27.24384760279442,59035,2166.911255
